Left,Right
"[0.5022516250610352, 0.7717706561088562, 3.2933704119386675e-07, 0.5459973216056824, 0.7355815172195435, -0.016380498185753822, 0.5709604620933533, 0.6765907406806946, -0.02609545923769474, 0.5826418399810791, 0.6232593655586243, -0.03376387059688568, 0.589181661605835, 0.5812399387359619, -0.04307929426431656, 0.5447784662246704, 0.6063131093978882, -0.034476056694984436, 0.549523115158081, 0.5218570232391357, -0.05031314864754677, 0.5504515767097473, 0.4700815677642822, -0.06008444353938103, 0.5523080229759216, 0.42654454708099365, -0.06767909973859787, 0.5143157243728638, 0.592936635017395, -0.03542601317167282, 0.5090628862380981, 0.5025365352630615, -0.05394367873668671, 0.5058650970458984, 0.4433187246322632, -0.06802024692296982, 0.5029711723327637, 0.396811842918396, -0.07829928398132324, 0.48728859424591064, 0.6029781103134155, -0.03635207936167717, 0.468778133392334, 0.5216094255447388, -0.05377407744526863, 0.4568614065647125, 0.472711443901062, -0.06626866012811661, 0.44827476143836975, 0.4334492087364197, -0.07500314712524414, 0.46618717908859253, 0.6314350366592407, -0.037515755742788315, 0.4434334933757782, 0.5789601802825928, -0.0529073067009449, 0.42938870191574097, 0.5521770119667053, -0.061191461980342865, 0.42043277621269226, 0.5279097557067871, -0.06677704304456711]",[]
[],"[0.5116002559661865, 0.7253175973892212, 2.475935616530478e-07, 0.5550821423530579, 0.6695458292961121, 0.00963270477950573, 0.5683837532997131, 0.6106927394866943, 0.014700554311275482, 0.5745396614074707, 0.5550341010093689, 0.019099190831184387, 0.5761051774024963, 0.5177443623542786, 0.02353670448064804, 0.5454598665237427, 0.5504326224327087, -0.002842895919457078, 0.5467886328697205, 0.4675735533237457, -0.005257199052721262, 0.5462265014648438, 0.42174822092056274, -0.0024788854643702507, 0.5467677116394043, 0.390586256980896, 6.544792995555326e-05, 0.5171080231666565, 0.544918417930603, -0.007894712500274181, 0.5122643709182739, 0.45239439606666565, -0.01804245635867119, 0.5089622139930725, 0.3991992473602295, -0.021063009276986122, 0.5064471960067749, 0.36338844895362854, -0.020462602376937866, 0.48992589116096497, 0.5567356944084167, -0.010892598889768124, 0.47380074858665466, 0.47767722606658936, -0.019478926435112953, 0.46227777004241943, 0.4343319535255432, -0.02124791033565998, 0.4544845223426819, 0.40276646614074707, -0.019986344501376152, 0.470110148191452, 0.587461531162262, -0.011832129210233688, 0.4475809931755066, 0.5389936566352844, -0.01701880805194378, 0.43377864360809326, 0.5176554322242737, -0.016735706478357315, 0.4235991835594177, 0.4969728887081146, -0.014246146194636822]"
[],"[0.5176843404769897, 0.7478997111320496, 3.4032376561299316e-07, 0.5571119785308838, 0.7014940977096558, 0.0007893617148511112, 0.573387861251831, 0.6430889368057251, -0.0018655237508937716, 0.5832991600036621, 0.5885941982269287, -0.004813262261450291, 0.5884655714035034, 0.5484479069709778, -0.009034312330186367, 0.5558412075042725, 0.5775348544120789, -0.01882799342274666, 0.5610571503639221, 0.49172669649124146, -0.028390588238835335, 0.5612738728523254, 0.44076722860336304, -0.03118458390235901, 0.5624141097068787, 0.4030703008174896, -0.03289191424846649, 0.5254480838775635, 0.5686011910438538, -0.02471902035176754, 0.5186899304389954, 0.4738270044326782, -0.03931708261370659, 0.512841522693634, 0.41427353024482727, -0.04661206528544426, 0.5084332823753357, 0.3700716495513916, -0.05049041286110878, 0.4975495934486389, 0.5818782448768616, -0.02910156548023224, 0.47662633657455444, 0.49852505326271057, -0.04336550459265709, 0.46119898557662964, 0.45143580436706543, -0.050460055470466614, 0.4499494433403015, 0.4161250591278076, -0.0539560429751873, 0.47694817185401917, 0.6142646074295044, -0.031926922500133514, 0.455064058303833, 0.5619714856147766, -0.04281071946024895, 0.44254839420318604, 0.5383432507514954, -0.046213891357183456, 0.4334586262702942, 0.5167577266693115, -0.047432828694581985]"
[],"[0.5471130609512329, 0.7944887280464172, 4.875307695328956e-07, 0.5890859365463257, 0.7660474181175232, -0.008581344969570637, 0.6077786684036255, 0.7178686261177063, -0.01768757961690426, 0.6185961365699768, 0.6709498763084412, -0.02465403452515602, 0.6274097561836243, 0.6307107210159302, -0.03255777806043625, 0.5817731022834778, 0.6232756972312927, -0.03670315071940422, 0.5990078449249268, 0.5347529649734497, -0.05358794331550598, 0.6131898760795593, 0.48189812898635864, -0.06100625917315483, 0.626711905002594, 0.4453572630882263, -0.06545393168926239, 0.5527452230453491, 0.6106765866279602, -0.0402681827545166, 0.557212769985199, 0.5070573091506958, -0.06523223221302032, 0.5626924633979797, 0.4408928155899048, -0.0787246823310852, 0.5696286559104919, 0.3946596086025238, -0.08550737798213959, 0.5253610014915466, 0.621918261051178, -0.0419623963534832, 0.5170042514801025, 0.5295029282569885, -0.06231112405657768, 0.5146006941795349, 0.4626705050468445, -0.07254857569932938, 0.5168452858924866, 0.4078025221824646, -0.07741144299507141, 0.5027964115142822, 0.6543112397193909, -0.042536411434412, 0.4809989929199219, 0.6016289591789246, -0.05857900157570839, 0.47027963399887085, 0.5680367350578308, -0.06446555256843567, 0.4632887542247772, 0.5407348275184631, -0.0662613958120346]"
[],"[0.5175491571426392, 0.7188970446586609, 2.7671424618347373e-07, 0.5617328882217407, 0.6777714490890503, -0.0031551059801131487, 0.5822790861129761, 0.620647668838501, -0.004150691442191601, 0.59332275390625, 0.564204752445221, -0.004871914628893137, 0.6001416444778442, 0.5240536332130432, -0.005835322197526693, 0.5627813339233398, 0.5367782711982727, -0.010056700557470322, 0.5635398626327515, 0.4484729766845703, -0.01367039605975151, 0.5609524250030518, 0.3980535864830017, -0.013117445632815361, 0.5589633584022522, 0.363053560256958, -0.012598205357789993, 0.5329117774963379, 0.5285384058952332, -0.01174891646951437, 0.5312983393669128, 0.43864676356315613, -0.017370499670505524, 0.5294013619422913, 0.3855758309364319, -0.019504819065332413, 0.5276333093643188, 0.3480908274650574, -0.01977037452161312, 0.504863977432251, 0.5400416254997253, -0.013384045101702213, 0.4904480576515198, 0.46383437514305115, -0.02042667753994465, 0.4790499210357666, 0.41995054483413696, -0.024898463860154152, 0.4694331884384155, 0.3877328336238861, -0.02678164653480053, 0.4813806414604187, 0.5700682401657104, -0.014495990239083767, 0.4578979015350342, 0.5214459896087646, -0.02164410799741745, 0.44085612893104553, 0.494285523891449, -0.025126246735453606, 0.4281710982322693, 0.4716763496398926, -0.025871573016047478]"
"[0.5206129550933838, 0.741965115070343, 3.033858604339912e-07, 0.5644394159317017, 0.7165591716766357, -0.016648070886731148, 0.5893354415893555, 0.6681196689605713, -0.02540031634271145, 0.5976306200027466, 0.6145366430282593, -0.031171921640634537, 0.5972009301185608, 0.5714272856712341, -0.037407975643873215, 0.5721389055252075, 0.5805977582931519, -0.031350668519735336, 0.5880422592163086, 0.5022903084754944, -0.04205217957496643, 0.5973135828971863, 0.45642587542533875, -0.047452475875616074, 0.6034719347953796, 0.42164677381515503, -0.05135966092348099, 0.542267918586731, 0.5592026114463806, -0.029633086174726486, 0.5487630367279053, 0.469479501247406, -0.045483045279979706, 0.5509438514709473, 0.40788671374320984, -0.05583375692367554, 0.5517288446426392, 0.36267054080963135, -0.0625956729054451, 0.512831449508667, 0.5575798749923706, -0.02818506769835949, 0.5138574838638306, 0.47164463996887207, -0.04381705820560455, 0.514858067035675, 0.41079095005989075, -0.056048858910799026, 0.5146740078926086, 0.36533915996551514, -0.06360220164060593, 0.4879882335662842, 0.5732772350311279, -0.026814809069037437, 0.47805020213127136, 0.5021814107894897, -0.04181442782282829, 0.4701182246208191, 0.4560737609863281, -0.05121616646647453, 0.4646242558956146, 0.41712671518325806, -0.05672243982553482]",[]
"[0.5607482194900513, 0.7726109027862549, 2.813288801917224e-07, 0.5200102925300598, 0.7194297909736633, -0.0013432325795292854, 0.49403101205825806, 0.6384706497192383, -0.003403499722480774, 0.4735637605190277, 0.5713152289390564, -0.004907400347292423, 0.45603328943252563, 0.5314182639122009, -0.006147840991616249, 0.5214261412620544, 0.5675302743911743, -0.009313422255218029, 0.49932873249053955, 0.46978622674942017, -0.01890229806303978, 0.48570653796195984, 0.4121053218841553, -0.02379111386835575, 0.4758591949939728, 0.3685319423675537, -0.025889532640576363, 0.5483648777008057, 0.5610411763191223, -0.014086333103477955, 0.5447826385498047, 0.4424666166305542, -0.02301793359220028, 0.5430598258972168, 0.3682844340801239, -0.02845228835940361, 0.5436438918113708, 0.3122553825378418, -0.03075285255908966, 0.5749942064285278, 0.5752787590026855, -0.01885151118040085, 0.5895295739173889, 0.4719262421131134, -0.030110569670796394, 0.6006331443786621, 0.4115452170372009, -0.03811505809426308, 0.6110305190086365, 0.36563581228256226, -0.04119595140218735, 0.5992349982261658, 0.6059871315956116, -0.022524330765008926, 0.6186038851737976, 0.5390517115592957, -0.03148700296878815, 0.6328369975090027, 0.499883234500885, -0.03389948606491089, 0.6467704772949219, 0.46674811840057373, -0.033386215567588806]",[]
[],"[0.5268290638923645, 0.7219969630241394, 2.260176046320339e-07, 0.5027064085006714, 0.6744824051856995, -0.016187746077775955, 0.4842328727245331, 0.6163290739059448, -0.02871793694794178, 0.4623106122016907, 0.571727991104126, -0.03909263759851456, 0.4398934841156006, 0.5424345135688782, -0.05020369216799736, 0.5221589207649231, 0.5463233590126038, -0.03129749745130539, 0.5221148133277893, 0.46172282099723816, -0.04653036594390869, 0.523074209690094, 0.41155126690864563, -0.05746868625283241, 0.5250343680381775, 0.37085336446762085, -0.06516083329916, 0.5443655252456665, 0.5508514642715454, -0.031321749091148376, 0.5437042117118835, 0.4648534655570984, -0.044086698442697525, 0.5417811274528503, 0.4090362787246704, -0.05349180847406387, 0.5394845008850098, 0.36819988489151, -0.060662489384412766, 0.5648409128189087, 0.57750403881073, -0.03178834915161133, 0.5687987804412842, 0.510306179523468, -0.042672157287597656, 0.5707738399505615, 0.469314843416214, -0.04877818375825882, 0.5721855759620667, 0.4420813322067261, -0.05315706878900528, 0.5829558968544006, 0.6180810928344727, -0.033194854855537415, 0.5922826528549194, 0.5756402015686035, -0.04265674576163292, 0.5940073728561401, 0.5520924925804138, -0.045054174959659576, 0.5939023494720459, 0.5362433791160583, -0.04595949873328209]"
"[0.524713397026062, 0.7714415788650513, 4.0966173742162937e-07, 0.5707483887672424, 0.7413781881332397, -0.007033641915768385, 0.5916422605514526, 0.6823534369468689, -0.010575376451015472, 0.6001386642456055, 0.6275452375411987, -0.013004191219806671, 0.6078505516052246, 0.591208815574646, -0.015775322914123535, 0.574421763420105, 0.5924355387687683, -0.021883340552449226, 0.5914796590805054, 0.5070350766181946, -0.03121223859488964, 0.6038760542869568, 0.46401673555374146, -0.03313810005784035, 0.6150108575820923, 0.4370497167110443, -0.0339297316968441, 0.5421187281608582, 0.5761648416519165, -0.025144832208752632, 0.5341485738754272, 0.463964581489563, -0.03904549777507782, 0.528802216053009, 0.3932330906391144, -0.04555216804146767, 0.5258468389511108, 0.3415096402168274, -0.048204291611909866, 0.5119026303291321, 0.5883429050445557, -0.02817332185804844, 0.49435192346572876, 0.5038478374481201, -0.045503128319978714, 0.48248788714408875, 0.46197181940078735, -0.05508674681186676, 0.4746326208114624, 0.431232213973999, -0.05852885544300079, 0.4888715147972107, 0.6231850385665894, -0.030208416283130646, 0.46140003204345703, 0.5705465078353882, -0.04766339436173439, 0.4484356641769409, 0.5474795699119568, -0.055311962962150574, 0.4407191872596741, 0.5324224829673767, -0.05761014670133591]",[]
[],"[0.542343020439148, 0.7740985751152039, 4.966644269188691e-07, 0.5846757292747498, 0.7488980293273926, -0.007719552144408226, 0.605141282081604, 0.6994812488555908, -0.014035549014806747, 0.6163548827171326, 0.6473019123077393, -0.017827847972512245, 0.6224666833877563, 0.6093982458114624, -0.02157437987625599, 0.5842543840408325, 0.605779230594635, -0.03433265537023544, 0.6016871333122253, 0.5302417874336243, -0.04739684984087944, 0.6162638664245605, 0.4874931573867798, -0.05118679627776146, 0.6299948692321777, 0.45844078063964844, -0.05305008217692375, 0.551084578037262, 0.5831055641174316, -0.03757273033261299, 0.5437922477722168, 0.46692758798599243, -0.05957602337002754, 0.5404766798019409, 0.3904687762260437, -0.06849604845046997, 0.5401107668876648, 0.3353281617164612, -0.07158256322145462, 0.5191457867622375, 0.5906967520713806, -0.03910619765520096, 0.5012240409851074, 0.49613073468208313, -0.06082538515329361, 0.48937416076660156, 0.43182551860809326, -0.07189050316810608, 0.48273172974586487, 0.380852609872818, -0.07591244578361511, 0.49411648511886597, 0.6258944869041443, -0.039137084037065506, 0.4684916138648987, 0.5741096138954163, -0.057071711868047714, 0.4524954855442047, 0.5457262396812439, -0.06383432447910309, 0.4405117630958557, 0.5252417325973511, -0.06559474766254425]"
[],"[0.545048713684082, 0.7957887649536133, 4.1692214836075436e-07, 0.5872370004653931, 0.7670249938964844, -0.007540357299149036, 0.6082071661949158, 0.7135539650917053, -0.014758697710931301, 0.6207767128944397, 0.6622195839881897, -0.020126840099692345, 0.6292896270751953, 0.6233264207839966, -0.02635720558464527, 0.5868890881538391, 0.6233145594596863, -0.03191492334008217, 0.6033457517623901, 0.5379802584648132, -0.04749365523457527, 0.6179485321044922, 0.48289740085601807, -0.0551164411008358, 0.63023841381073, 0.444000244140625, -0.06011283025145531, 0.5560762882232666, 0.6075186729431152, -0.03669746220111847, 0.5509299635887146, 0.49686047434806824, -0.057834163308143616, 0.5452060699462891, 0.42302754521369934, -0.0701066330075264, 0.5415583848953247, 0.37122613191604614, -0.0770687386393547, 0.5254918932914734, 0.6176823973655701, -0.04020227491855621, 0.518186092376709, 0.5194031596183777, -0.059858087450265884, 0.5137612223625183, 0.4538924992084503, -0.07141345739364624, 0.5115829110145569, 0.40145769715309143, -0.07757319509983063, 0.5001853704452515, 0.650354266166687, -0.04250958561897278, 0.4790492355823517, 0.5921618342399597, -0.06095986068248749, 0.466955304145813, 0.553589940071106, -0.06921523809432983, 0.45760416984558105, 0.5207920670509338, -0.07264605164527893]"
[],"[0.5526090860366821, 0.8064795136451721, 2.8952308639418334e-07, 0.5923389196395874, 0.767585039138794, 0.003559703938663006, 0.6088860630989075, 0.7163352370262146, 0.0021620800253003836, 0.6197529435157776, 0.6729090213775635, 0.0005093796062283218, 0.6278421878814697, 0.6397363543510437, -0.0018464532913640141, 0.5890031456947327, 0.6359832286834717, -0.017528336495161057, 0.5932572484016418, 0.5486311316490173, -0.02728385664522648, 0.5979279279708862, 0.4992814064025879, -0.029843326658010483, 0.6037354469299316, 0.4645564556121826, -0.031649019569158554, 0.5607735514640808, 0.6283310651779175, -0.025460662320256233, 0.5613785982131958, 0.5375901460647583, -0.04519278556108475, 0.5605295896530151, 0.4819713234901428, -0.05544653907418251, 0.5615108609199524, 0.4429773688316345, -0.060358546674251556, 0.5324425101280212, 0.6410230398178101, -0.031330376863479614, 0.5250717401504517, 0.5575569272041321, -0.04832163453102112, 0.518272340297699, 0.504500687122345, -0.055347949266433716, 0.5145545601844788, 0.4629167318344116, -0.05793020874261856, 0.5089811682701111, 0.6724804043769836, -0.035368818789720535, 0.488248735666275, 0.6152945160865784, -0.049939822405576706, 0.47536206245422363, 0.5797386765480042, -0.05529569461941719, 0.46569228172302246, 0.548037588596344, -0.05666804686188698]"
[],"[0.5215751528739929, 0.6993481516838074, 2.986879508171114e-07, 0.5599175691604614, 0.6616919040679932, -0.005093112587928772, 0.5783113837242126, 0.6093849539756775, -0.007067169528454542, 0.5835930109024048, 0.5575472116470337, -0.008496381342411041, 0.5811148881912231, 0.5193671584129333, -0.01089681126177311, 0.5547016263008118, 0.5414209365844727, -0.016097186133265495, 0.5552991628646851, 0.46789807081222534, -0.023726826533675194, 0.5539724230766296, 0.42486947774887085, -0.02664734609425068, 0.5541344285011292, 0.390713095664978, -0.029133060947060585, 0.524706244468689, 0.5330113172531128, -0.01910039596259594, 0.5149534940719604, 0.4507034718990326, -0.028964010998606682, 0.5108152627944946, 0.3993226885795593, -0.0357772633433342, 0.5088580250740051, 0.36348751187324524, -0.040252435952425, 0.4986790418624878, 0.5489727258682251, -0.021830203011631966, 0.4792402386665344, 0.47463804483413696, -0.03354532644152641, 0.4676353931427002, 0.4312686026096344, -0.04348661005496979, 0.45943135023117065, 0.3991498649120331, -0.04975763335824013, 0.47988054156303406, 0.584017813205719, -0.023849718272686005, 0.45656120777130127, 0.5442036390304565, -0.03583959862589836, 0.440581738948822, 0.5220905542373657, -0.04315410926938057, 0.4289897084236145, 0.5026774406433105, -0.04730993136763573]"
[],"[0.5213212370872498, 0.7175569534301758, 2.3765332457514887e-07, 0.5631282925605774, 0.6731611490249634, -0.001363963820040226, 0.5832838416099548, 0.6144782900810242, -0.0008545367745682597, 0.5880106687545776, 0.5607065558433533, -2.2170819647726603e-05, 0.5859786868095398, 0.5220832228660583, -0.00014584245218429714, 0.5629331469535828, 0.5513090491294861, -0.013018906116485596, 0.5646336674690247, 0.47546112537384033, -0.018452266231179237, 0.5637900233268738, 0.43125447630882263, -0.01946837268769741, 0.5638030171394348, 0.3955514430999756, -0.02068132348358631, 0.531909704208374, 0.5414339303970337, -0.016556452959775925, 0.5234171152114868, 0.45584243535995483, -0.02498958259820938, 0.5193207263946533, 0.4012170433998108, -0.03041193075478077, 0.5167106986045837, 0.36264848709106445, -0.033971887081861496, 0.5036118626594543, 0.5538837909698486, -0.019482016563415527, 0.4865989089012146, 0.4769461452960968, -0.03023206628859043, 0.4752937853336334, 0.43031761050224304, -0.040411029011011124, 0.46701890230178833, 0.39632946252822876, -0.04698280245065689, 0.482876718044281, 0.5855046510696411, -0.021271420642733574, 0.4605925679206848, 0.5432223081588745, -0.03253648430109024, 0.444990336894989, 0.5198186039924622, -0.04026663675904274, 0.43381983041763306, 0.5007445812225342, -0.044891469180583954]"
"[0.5360395312309265, 0.7609364986419678, 1.55467944296106e-07, 0.507869303226471, 0.7164921164512634, -0.006351231597363949, 0.4896177351474762, 0.639697253704071, -0.010520316660404205, 0.4741328954696655, 0.57243812084198, -0.013362498953938484, 0.4608427584171295, 0.5296086668968201, -0.016661828383803368, 0.5103573799133301, 0.5679282546043396, -0.016409890726208687, 0.48615899682044983, 0.4806439280509949, -0.025235246866941452, 0.47211506962776184, 0.42980045080184937, -0.03054591454565525, 0.46303385496139526, 0.39011266827583313, -0.03431292623281479, 0.5344702005386353, 0.5580246448516846, -0.019129034131765366, 0.5226548910140991, 0.4546658992767334, -0.03055502660572529, 0.5177652835845947, 0.3895503878593445, -0.03819868713617325, 0.5159345865249634, 0.3381519913673401, -0.04254887253046036, 0.5599789023399353, 0.5746697783470154, -0.02170686051249504, 0.5742157101631165, 0.4832051396369934, -0.0363328754901886, 0.5857792496681213, 0.42825591564178467, -0.04629947245121002, 0.5969780683517456, 0.3855554461479187, -0.05106949061155319, 0.5843236446380615, 0.6061597466468811, -0.023271529003977776, 0.6037617921829224, 0.5486157536506653, -0.03690682351589203, 0.6175697445869446, 0.5144424438476562, -0.04179644584655762, 0.6304620504379272, 0.48590898513793945, -0.043018728494644165]",[]
[],"[0.5425491333007812, 0.7872408628463745, 4.299631086723821e-07, 0.582609236240387, 0.7602296471595764, 0.0018336422508582473, 0.6023608446121216, 0.7092556953430176, -0.0015955392736941576, 0.6124606728553772, 0.657132625579834, -0.003991588484495878, 0.6193746328353882, 0.6205590963363647, -0.007124561816453934, 0.5827962160110474, 0.6207882165908813, -0.027349870651960373, 0.6024391651153564, 0.5391657948493958, -0.03814663738012314, 0.6179700493812561, 0.49253109097480774, -0.039933040738105774, 0.6319799423217773, 0.4641816318035126, -0.04005404934287071, 0.554573118686676, 0.6071404814720154, -0.034117087721824646, 0.5590171813964844, 0.4953521490097046, -0.05096421018242836, 0.5624217987060547, 0.42755722999572754, -0.05565096065402031, 0.5679003596305847, 0.3816772699356079, -0.056440528482198715, 0.5248963236808777, 0.6176804900169373, -0.03876236081123352, 0.5196474194526672, 0.5189348459243774, -0.05404244735836983, 0.5153611302375793, 0.45262792706489563, -0.06100720912218094, 0.5144632458686829, 0.40217679738998413, -0.06373979896306992, 0.49897193908691406, 0.6498034000396729, -0.04135657474398613, 0.47482290863990784, 0.588365912437439, -0.054427072405815125, 0.4612278342247009, 0.5508437752723694, -0.05950227007269859, 0.4510331153869629, 0.5209742188453674, -0.06103190407156944]"
[],"[0.5107135772705078, 0.7304690480232239, 2.791699387216795e-07, 0.5552653670310974, 0.6829123497009277, -0.006032199133187532, 0.5739501714706421, 0.6219019293785095, -0.008237045258283615, 0.582646369934082, 0.5643346905708313, -0.00967133417725563, 0.5867959856987, 0.5200066566467285, -0.011685299687087536, 0.5565367937088013, 0.5532263517379761, -0.012776259332895279, 0.5563671588897705, 0.47196975350379944, -0.018136395141482353, 0.5552961826324463, 0.4262019395828247, -0.020599668845534325, 0.5554361939430237, 0.390927255153656, -0.022836677730083466, 0.5261960029602051, 0.5446186065673828, -0.014011641032993793, 0.5168867707252502, 0.45700758695602417, -0.021449370309710503, 0.5113003849983215, 0.4026138186454773, -0.028228847309947014, 0.5075560212135315, 0.36288487911224365, -0.03314313665032387, 0.4977821707725525, 0.5568428039550781, -0.015198810026049614, 0.47976163029670715, 0.48070305585861206, -0.023222219198942184, 0.46703392267227173, 0.4357295036315918, -0.031718794256448746, 0.4578772783279419, 0.40047743916511536, -0.0378192737698555, 0.47573280334472656, 0.5861092209815979, -0.015980176627635956, 0.45218896865844727, 0.5394335985183716, -0.024110617116093636, 0.4372932016849518, 0.516100287437439, -0.029320085421204567, 0.42697829008102417, 0.495190292596817, -0.032471612095832825]"
[],"[0.5120170712471008, 0.700580358505249, 1.869974965984511e-07, 0.553903341293335, 0.6583020091056824, 0.0031062017660588026, 0.5739820003509521, 0.6076587438583374, 0.00602787546813488, 0.580689013004303, 0.5611129999160767, 0.008700050413608551, 0.581267237663269, 0.5226800441741943, 0.010049816220998764, 0.5535598397254944, 0.5455594658851624, -0.009408694691956043, 0.5557278990745544, 0.47315293550491333, -0.01385513786226511, 0.554314374923706, 0.43295520544052124, -0.014394030906260014, 0.5550786256790161, 0.4026520252227783, -0.015349925495684147, 0.5241661071777344, 0.536400318145752, -0.01442939043045044, 0.5173677206039429, 0.45908382534980774, -0.02334119752049446, 0.5140553712844849, 0.4104073941707611, -0.030485844239592552, 0.5127226114273071, 0.37642207741737366, -0.03532111644744873, 0.4974275529384613, 0.5489233136177063, -0.018247373402118683, 0.48155567049980164, 0.4780256152153015, -0.029287809506058693, 0.4712900221347809, 0.4337671995162964, -0.03953176736831665, 0.46445244550704956, 0.39936572313308716, -0.04612081125378609, 0.4777586758136749, 0.5806384086608887, -0.020329203456640244, 0.45485180616378784, 0.5391258597373962, -0.03229863569140434, 0.4390332102775574, 0.518211841583252, -0.039726417511701584, 0.42796599864959717, 0.49971309304237366, -0.04393194988369942]"
"[0.507906436920166, 0.7232561707496643, 2.1285750051447394e-07, 0.5451334714889526, 0.6801983118057251, 0.003751918440684676, 0.5630380511283875, 0.6220191717147827, 0.005208380986005068, 0.5644745230674744, 0.573239266872406, 0.005472985096275806, 0.558639645576477, 0.5365469455718994, 0.004104419145733118, 0.5502302646636963, 0.5627903938293457, -0.0074019720777869225, 0.5544838309288025, 0.48594313859939575, -0.01278979703783989, 0.5565756559371948, 0.4431173801422119, -0.01453362312167883, 0.5590631365776062, 0.409883588552475, -0.015933431684970856, 0.52452152967453, 0.5550973415374756, -0.013514704070985317, 0.5161207914352417, 0.4684133231639862, -0.019638873636722565, 0.5120606422424316, 0.41656044125556946, -0.023921417072415352, 0.508477509021759, 0.3829343020915985, -0.02706763707101345, 0.4995155930519104, 0.5664969086647034, -0.018854621797800064, 0.4844491183757782, 0.48853737115859985, -0.026912199333310127, 0.4745706021785736, 0.44577789306640625, -0.03304590657353401, 0.4661535620689392, 0.4181342124938965, -0.036824267357587814, 0.4788815975189209, 0.5950291156768799, -0.02293810062110424, 0.4598883092403412, 0.5465226173400879, -0.03186587244272232, 0.44762900471687317, 0.5217090845108032, -0.036065518856048584, 0.43857863545417786, 0.5040462613105774, -0.03794312849640846]",[]
[],"[0.5129551887512207, 0.746839165687561, 3.519674010021845e-07, 0.556940495967865, 0.709665834903717, -0.0053626419976353645, 0.5796194672584534, 0.6519384980201721, -0.008212849497795105, 0.5944981575012207, 0.5970529913902283, -0.010541895404458046, 0.6091184020042419, 0.5573386549949646, -0.013618957251310349, 0.5577406287193298, 0.573828935623169, -0.015404798090457916, 0.5671355128288269, 0.49326759576797485, -0.022701583802700043, 0.5714534521102905, 0.4459744393825531, -0.025570493191480637, 0.575295627117157, 0.4086899757385254, -0.02786875329911709, 0.5267371535301208, 0.5657317638397217, -0.018150879070162773, 0.5201982259750366, 0.47302258014678955, -0.02949637547135353, 0.5163926482200623, 0.4124199450016022, -0.0373816154897213, 0.5123774409294128, 0.36706602573394775, -0.04196733608841896, 0.498848021030426, 0.5813684463500977, -0.02048947662115097, 0.4817769527435303, 0.5014034509658813, -0.03326130285859108, 0.4689260721206665, 0.4539605975151062, -0.04312310367822647, 0.45750704407691956, 0.4176563024520874, -0.048611484467983246, 0.47926610708236694, 0.6142241358757019, -0.022011544555425644, 0.45888447761535645, 0.5668277740478516, -0.03365318104624748, 0.445328950881958, 0.544511616230011, -0.03938530012965202, 0.43450069427490234, 0.525566577911377, -0.0418914295732975]"
[],"[0.5180854797363281, 0.7753146886825562, 3.767145813071693e-07, 0.5644686818122864, 0.7491484880447388, -0.009241977706551552, 0.5878391265869141, 0.6871839165687561, -0.01513193640857935, 0.6036774516105652, 0.6308259963989258, -0.019630806520581245, 0.6205342411994934, 0.5970160365104675, -0.025264112278819084, 0.5704028010368347, 0.6119434833526611, -0.028207210823893547, 0.5926511287689209, 0.5451168417930603, -0.04129724204540253, 0.6075884699821472, 0.5080104470252991, -0.04788603261113167, 0.6203153729438782, 0.48053520917892456, -0.052517056465148926, 0.5389255881309509, 0.5943945050239563, -0.031873591244220734, 0.5320905447006226, 0.4934712052345276, -0.04710792377591133, 0.5272741913795471, 0.4287002682685852, -0.05627190321683884, 0.5230989456176758, 0.37965691089630127, -0.061922356486320496, 0.5098472237586975, 0.6024638414382935, -0.03515259549021721, 0.48842674493789673, 0.5151404142379761, -0.051879845559597015, 0.47524750232696533, 0.46227145195007324, -0.06281060725450516, 0.4654848575592041, 0.41858088970184326, -0.0691961795091629, 0.48816439509391785, 0.6328422427177429, -0.037854745984077454, 0.46523356437683105, 0.5836734771728516, -0.05358614772558212, 0.4504169225692749, 0.5560482740402222, -0.060953207314014435, 0.438488245010376, 0.5316411256790161, -0.06471600383520126]"
[],"[0.5249646306037903, 0.7828789949417114, 3.831120807262778e-07, 0.5731794834136963, 0.7637082934379578, -0.007987147197127342, 0.5963982939720154, 0.7089694738388062, -0.013798883184790611, 0.6136268377304077, 0.6555567383766174, -0.01803823746740818, 0.6299274563789368, 0.6220529675483704, -0.02285711281001568, 0.5762634873390198, 0.5956925749778748, -0.027570631355047226, 0.600302517414093, 0.5270847678184509, -0.038654472678899765, 0.6158824563026428, 0.48940783739089966, -0.04261114448308945, 0.6281986832618713, 0.467477023601532, -0.04500897228717804, 0.5438991189002991, 0.5733364820480347, -0.030469808727502823, 0.5354779362678528, 0.466191828250885, -0.04554416611790657, 0.529746413230896, 0.3967339098453522, -0.05296482518315315, 0.5254927277565002, 0.34796008467674255, -0.05674208700656891, 0.5142209529876709, 0.5826115012168884, -0.03264549747109413, 0.49280792474746704, 0.49197918176651, -0.04890592396259308, 0.48196661472320557, 0.43444904685020447, -0.06060435250401497, 0.47475534677505493, 0.39052703976631165, -0.06700798124074936, 0.49180251359939575, 0.619717001914978, -0.03387753665447235, 0.46461623907089233, 0.5725860595703125, -0.04938479885458946, 0.4491298496723175, 0.5396816730499268, -0.05804186686873436, 0.43764638900756836, 0.5140719413757324, -0.06210263818502426]"
"[0.5084875226020813, 0.7286191582679749, 2.0274312362289493e-07, 0.48907122015953064, 0.6606664657592773, -0.010791097767651081, 0.48333194851875305, 0.5835212469100952, -0.01871548220515251, 0.47582343220710754, 0.5280887484550476, -0.025829501450061798, 0.46718981862068176, 0.4862664043903351, -0.03336669132113457, 0.523813009262085, 0.5355478525161743, -0.01877390220761299, 0.5352274179458618, 0.45231348276138306, -0.031918201595544815, 0.5424869656562805, 0.40067917108535767, -0.04148809239268303, 0.5492323040962219, 0.35956287384033203, -0.04807044938206673, 0.5463895201683044, 0.5484918355941772, -0.021548761054873466, 0.5533981323242188, 0.46218687295913696, -0.03273194655776024, 0.5573711395263672, 0.4053194224834442, -0.040457502007484436, 0.5598510503768921, 0.36214619874954224, -0.04584384709596634, 0.5663164258003235, 0.5794180035591125, -0.025303779169917107, 0.5804297924041748, 0.5043957233428955, -0.03568234667181969, 0.5896576046943665, 0.46056830883026123, -0.0386076346039772, 0.5968254804611206, 0.42816442251205444, -0.03987271338701248, 0.5836623311042786, 0.6233541965484619, -0.029916934669017792, 0.6011833548545837, 0.5669358372688293, -0.03881164267659187, 0.6100023984909058, 0.5331733822822571, -0.03913821280002594, 0.6161354780197144, 0.5072150230407715, -0.0378958135843277]",[]
[],"[0.5112570524215698, 0.7191691398620605, 2.460903090195643e-07, 0.5562087893486023, 0.6790571212768555, 0.0011794364545494318, 0.5803566575050354, 0.6198770999908447, 0.0025409837253391743, 0.5907669067382812, 0.5662375092506409, 0.003878910094499588, 0.5941036343574524, 0.5253806710243225, 0.004278239794075489, 0.5634049773216248, 0.5469564199447632, -0.007840597070753574, 0.5707511901855469, 0.4655001163482666, -0.012412548065185547, 0.5725929141044617, 0.41803744435310364, -0.013778063468635082, 0.5751045346260071, 0.3798515796661377, -0.014875384047627449, 0.5335358381271362, 0.5314688682556152, -0.011235710233449936, 0.5295619368553162, 0.4431758224964142, -0.017561577260494232, 0.5280806422233582, 0.38844794034957886, -0.021227605640888214, 0.526445746421814, 0.35021525621414185, -0.02321850135922432, 0.503799557685852, 0.5377370715141296, -0.013877379707992077, 0.4902943968772888, 0.45907413959503174, -0.021081039682030678, 0.482306569814682, 0.41126883029937744, -0.02520095556974411, 0.4763150215148926, 0.37547117471694946, -0.027103383094072342, 0.47915738821029663, 0.5656884908676147, -0.015487066470086575, 0.4579566717147827, 0.5097209215164185, -0.021577538922429085, 0.4437306523323059, 0.48087382316589355, -0.02297467552125454, 0.43438488245010376, 0.4578520655632019, -0.022473057731986046]"
[],"[0.5120120048522949, 0.7143881916999817, 2.784562127544632e-07, 0.5593059062957764, 0.6760054230690002, -0.0029110645409673452, 0.5837127566337585, 0.6151428818702698, -0.00287566683255136, 0.6000874042510986, 0.5542635321617126, -0.001942740986123681, 0.6111702919006348, 0.5101368427276611, -0.0014170963549986482, 0.5630606412887573, 0.536040723323822, -0.01009324286133051, 0.5684337615966797, 0.4574736952781677, -0.013455329462885857, 0.5698363184928894, 0.4135919511318207, -0.014288668520748615, 0.5709985494613647, 0.3797836899757385, -0.015453211031854153, 0.5313917994499207, 0.5258287787437439, -0.011714879423379898, 0.525928258895874, 0.43809786438941956, -0.01804463379085064, 0.5227686762809753, 0.3854605555534363, -0.023211408406496048, 0.5197821855545044, 0.347395658493042, -0.026654914021492004, 0.5008388161659241, 0.536323606967926, -0.01277958508580923, 0.4855830669403076, 0.4573096036911011, -0.02002009004354477, 0.47535908222198486, 0.413693904876709, -0.026448627933859825, 0.4675114154815674, 0.38089224696159363, -0.030532561242580414, 0.4776107668876648, 0.5672420859336853, -0.013135069981217384, 0.4567963182926178, 0.5157656669616699, -0.019762907177209854, 0.4436758756637573, 0.48918917775154114, -0.02319607511162758, 0.4346948564052582, 0.465328574180603, -0.02463030442595482]"
[],"[0.5128831267356873, 0.7295684814453125, 2.165000125842198e-07, 0.5589997172355652, 0.6897445321083069, 0.004037213511765003, 0.5802631974220276, 0.6275013089179993, 0.006507647689431906, 0.5871886014938354, 0.5723114013671875, 0.008450022898614407, 0.5896472334861755, 0.5305280685424805, 0.00925268791615963, 0.5651424527168274, 0.5612779855728149, -0.009388108737766743, 0.5708755254745483, 0.4736410975456238, -0.014673725701868534, 0.5725129246711731, 0.42179885506629944, -0.015295689925551414, 0.5750373005867004, 0.38297519087791443, -0.015257800929248333, 0.535470724105835, 0.5477045178413391, -0.013792768120765686, 0.528777003288269, 0.45280981063842773, -0.021854417398571968, 0.524876058101654, 0.39409351348876953, -0.02485843002796173, 0.5222223997116089, 0.35381069779396057, -0.02543560229241848, 0.5061914324760437, 0.5530813932418823, -0.016810422763228416, 0.49216318130493164, 0.47104036808013916, -0.024159831926226616, 0.4835858941078186, 0.4230267405509949, -0.02621902897953987, 0.47766804695129395, 0.3873608112335205, -0.02603018283843994, 0.4817696511745453, 0.5800981521606445, -0.01857600547373295, 0.46287018060684204, 0.5244038105010986, -0.023746583610773087, 0.45164090394973755, 0.4982704818248749, -0.023088505491614342, 0.4448149800300598, 0.478088915348053, -0.020602146163582802]"
[],"[0.5142129063606262, 0.7479270696640015, 3.512645321279706e-07, 0.5643457770347595, 0.7156978249549866, -0.0013107761042192578, 0.5862154960632324, 0.6559545993804932, -0.0029068333096802235, 0.5989763140678406, 0.5908517241477966, -0.0036412624176591635, 0.6103063821792603, 0.5444080829620361, -0.004863280337303877, 0.5704246163368225, 0.5807532072067261, -0.02012379840016365, 0.5832245945930481, 0.49277305603027344, -0.026726815849542618, 0.588934063911438, 0.4446086287498474, -0.02634092979133129, 0.5951221585273743, 0.40717363357543945, -0.026192164048552513, 0.5374440550804138, 0.5630660653114319, -0.023368656635284424, 0.5350053310394287, 0.4602991044521332, -0.04055245593190193, 0.5320888161659241, 0.3935127854347229, -0.04913001507520676, 0.5303972959518433, 0.3449651598930359, -0.05282111093401909, 0.5055863857269287, 0.5681360960006714, -0.024652725085616112, 0.4883275628089905, 0.4790933132171631, -0.04106186702847481, 0.47498124837875366, 0.4263600707054138, -0.05054950341582298, 0.46614959836006165, 0.3866826891899109, -0.0544002465903759, 0.4805290699005127, 0.5953501462936401, -0.02413272298872471, 0.4601329267024994, 0.5359351634979248, -0.03561874479055405, 0.4497331976890564, 0.5170325636863708, -0.04007799178361893, 0.44341936707496643, 0.5032989978790283, -0.041225627064704895]"
[],"[0.5323623418807983, 0.7815185785293579, 4.0725169014876883e-07, 0.5791670083999634, 0.7634530663490295, -0.006254822481423616, 0.6029233336448669, 0.7072792649269104, -0.011423172429203987, 0.615372896194458, 0.6485251784324646, -0.014405271038413048, 0.6242020130157471, 0.6034684181213379, -0.017713503912091255, 0.5832487940788269, 0.6059663891792297, -0.027517162263393402, 0.6015333533287048, 0.5240451097488403, -0.03888217732310295, 0.616466760635376, 0.4826846718788147, -0.042833585292100906, 0.6297478675842285, 0.45828351378440857, -0.04468127712607384, 0.5514869689941406, 0.583486795425415, -0.02980848029255867, 0.5526188611984253, 0.4680636525154114, -0.048390522599220276, 0.5537631511688232, 0.39435338973999023, -0.058618538081645966, 0.5552610754966736, 0.3432905972003937, -0.06329473853111267, 0.5212664008140564, 0.5869954228401184, -0.030348079279065132, 0.5151066780090332, 0.4865526556968689, -0.04656926169991493, 0.5139116644859314, 0.4205790162086487, -0.056617267429828644, 0.5152536630630493, 0.3720717430114746, -0.06114257127046585, 0.4962942600250244, 0.616162121295929, -0.02955988422036171, 0.47659140825271606, 0.5486983060836792, -0.042561475187540054, 0.4675667881965637, 0.5092991590499878, -0.04814106225967407, 0.4617231786251068, 0.47873029112815857, -0.04959370568394661]"
"[0.5350980758666992, 0.7852182984352112, 4.4686399292004353e-07, 0.5814027190208435, 0.7647417783737183, -0.010528775863349438, 0.6060104966163635, 0.7142196893692017, -0.01822350174188614, 0.6172589659690857, 0.6628414392471313, -0.023662392050027847, 0.6272916793823242, 0.6188110709190369, -0.0288543738424778, 0.5825042128562927, 0.6113601326942444, -0.028205474838614464, 0.6029408574104309, 0.5257624387741089, -0.04150807484984398, 0.6180220246315002, 0.4803462028503418, -0.046757735311985016, 0.6317446231842041, 0.44993293285369873, -0.04937320202589035, 0.5527852177619934, 0.5870652794837952, -0.02977040782570839, 0.5509664416313171, 0.46561485528945923, -0.053230639547109604, 0.5525457859039307, 0.385481595993042, -0.0661504864692688, 0.5555096864700317, 0.32863983511924744, -0.07152509689331055, 0.5258771777153015, 0.5887003540992737, -0.03003327175974846, 0.5237491726875305, 0.4853801429271698, -0.0500878170132637, 0.5273407101631165, 0.41655227541923523, -0.059097111225128174, 0.5327246785163879, 0.36379173398017883, -0.061446741223335266, 0.5053337812423706, 0.6150925755500793, -0.029420189559459686, 0.49114954471588135, 0.5409327149391174, -0.04464401677250862, 0.48757103085517883, 0.4960901737213135, -0.048490218818187714, 0.48695290088653564, 0.458766371011734, -0.04773445427417755]",[]
[],"[0.5081998109817505, 0.744644045829773, 3.012656293321925e-07, 0.5490372776985168, 0.6929013133049011, -0.004436443094164133, 0.5645517706871033, 0.6276490688323975, -0.009862889535725117, 0.5721564292907715, 0.5716130137443542, -0.015364274382591248, 0.5723382830619812, 0.5335052013397217, -0.021935395896434784, 0.5460240244865417, 0.563441812992096, -0.020424585789442062, 0.5432912707328796, 0.47740238904953003, -0.03265584260225296, 0.5411274433135986, 0.4227985739707947, -0.04003684222698212, 0.5407435297966003, 0.3820277750492096, -0.04518121853470802, 0.5183041095733643, 0.5585201978683472, -0.024419203400611877, 0.5075111985206604, 0.46659791469573975, -0.03748659789562225, 0.5027660131454468, 0.4105430245399475, -0.04547113552689552, 0.49989625811576843, 0.366225928068161, -0.05080663412809372, 0.4912950098514557, 0.5702409744262695, -0.027900733053684235, 0.46741074323654175, 0.48872148990631104, -0.03951691463589668, 0.45277294516563416, 0.44327113032341003, -0.04517779499292374, 0.44188565015792847, 0.40881410241127014, -0.048750139772892, 0.46940240263938904, 0.5982338786125183, -0.03096594475209713, 0.4427432119846344, 0.5442577004432678, -0.040212344378232956, 0.42797577381134033, 0.5168625712394714, -0.04267571121454239, 0.41670703887939453, 0.4929569661617279, -0.043544940650463104]"
[],"[0.5462775826454163, 0.8093119859695435, 3.419646645852481e-07, 0.588306188583374, 0.7832484245300293, -0.007985700853168964, 0.6069158315658569, 0.7335654497146606, -0.014465452171862125, 0.6186092495918274, 0.6897664070129395, -0.01983584277331829, 0.6268209218978882, 0.6531881093978882, -0.026003802195191383, 0.5875881910324097, 0.6351778507232666, -0.023479873314499855, 0.5924732685089111, 0.5493293404579163, -0.03502551093697548, 0.5970726609230042, 0.4991298019886017, -0.04137079045176506, 0.6021865606307983, 0.46397292613983154, -0.04630100354552269, 0.5573422908782959, 0.6267510056495667, -0.02709854021668434, 0.5579384565353394, 0.5352551937103271, -0.045822884887456894, 0.5595787763595581, 0.4781586825847626, -0.058340832591056824, 0.5620093941688538, 0.435321569442749, -0.06622491031885147, 0.5283584594726562, 0.6380606889724731, -0.030115142464637756, 0.5238769054412842, 0.5495546460151672, -0.04650066792964935, 0.5208238363265991, 0.4961203634738922, -0.055937252938747406, 0.5190574526786804, 0.45323777198791504, -0.06136583164334297, 0.5039446353912354, 0.6675734519958496, -0.032615188509225845, 0.48620152473449707, 0.6049893498420715, -0.047298382967710495, 0.4750485122203827, 0.5673269033432007, -0.05424654483795166, 0.46627122163772583, 0.5333372354507446, -0.05779065564274788]"
[],"[0.5117442607879639, 0.725361168384552, 3.1668872679802007e-07, 0.5550442337989807, 0.6922016143798828, -0.01105177029967308, 0.5776950716972351, 0.636767566204071, -0.015697475522756577, 0.5918838381767273, 0.5787309408187866, -0.01879083923995495, 0.6022120714187622, 0.5346537232398987, -0.022326242178678513, 0.5604991316795349, 0.552621066570282, -0.018109487369656563, 0.5702447295188904, 0.48276928067207336, -0.02440943382680416, 0.5751113891601562, 0.444214403629303, -0.027332672849297523, 0.5791987776756287, 0.414335161447525, -0.030127108097076416, 0.5294824838638306, 0.5383501052856445, -0.01866265945136547, 0.5257450342178345, 0.4520009160041809, -0.02815764956176281, 0.5245169997215271, 0.39626556634902954, -0.03600039333105087, 0.523034930229187, 0.3557731509208679, -0.04147648438811302, 0.5000415444374084, 0.5485821962356567, -0.01956009306013584, 0.48384588956832886, 0.4686773121356964, -0.030679937452077866, 0.47359445691108704, 0.4211519956588745, -0.04140724241733551, 0.46563026309013367, 0.38422250747680664, -0.048699263483285904, 0.47729766368865967, 0.5797584056854248, -0.02036268077790737, 0.45426511764526367, 0.5299121737480164, -0.032055340707302094, 0.4389137029647827, 0.5025575160980225, -0.0397905670106411, 0.42748039960861206, 0.4782399535179138, -0.04446900635957718]"
[],"[0.5039214491844177, 0.7236238121986389, 2.764377882158442e-07, 0.5522400736808777, 0.6956213712692261, -0.004856049548834562, 0.5759092569351196, 0.642368495464325, -0.004310200456529856, 0.5884974598884583, 0.5864514708518982, -0.0023495941422879696, 0.5983771681785583, 0.5455309152603149, -0.000573486729990691, 0.5550565719604492, 0.5555680394172668, -0.011554957367479801, 0.5626438856124878, 0.4743731617927551, -0.013258085586130619, 0.5642549991607666, 0.4287194013595581, -0.011186713352799416, 0.5650662779808044, 0.39446860551834106, -0.010008012875914574, 0.523689329624176, 0.5402767658233643, -0.010995447635650635, 0.5220223665237427, 0.4519161283969879, -0.0165921151638031, 0.521747350692749, 0.3971145749092102, -0.01968117617070675, 0.5217298269271851, 0.3601777255535126, -0.02090132050216198, 0.49530044198036194, 0.5486196279525757, -0.010098819620907307, 0.4817909598350525, 0.4694945812225342, -0.017669839784502983, 0.4735037684440613, 0.421261191368103, -0.026606695726513863, 0.4669998288154602, 0.3861430883407593, -0.03197276592254639, 0.4742436408996582, 0.5773809552192688, -0.008394387550652027, 0.45215022563934326, 0.5323929190635681, -0.01624225452542305, 0.43752866983413696, 0.5071366429328918, -0.022967366501688957, 0.42659270763397217, 0.487242728471756, -0.026642434298992157]"
[],"[0.5093055367469788, 0.7296509742736816, 2.83894905805937e-07, 0.5552269816398621, 0.6967231035232544, -0.004779355600476265, 0.5768422484397888, 0.642213761806488, -0.0075329565443098545, 0.5925631523132324, 0.5854673981666565, -0.009767914190888405, 0.6054584980010986, 0.5462597608566284, -0.012628059834241867, 0.5568532943725586, 0.5547577142715454, -0.01468358002603054, 0.5629979968070984, 0.474687784910202, -0.020127350464463234, 0.5644479990005493, 0.4270411729812622, -0.021800003945827484, 0.5650910139083862, 0.38989174365997314, -0.023722432553768158, 0.526580810546875, 0.5435042381286621, -0.017362726852297783, 0.5224783420562744, 0.4545496702194214, -0.027278510853648186, 0.5196199417114258, 0.39860081672668457, -0.0340372696518898, 0.5176318287849426, 0.3577086925506592, -0.03835278004407883, 0.49838128685951233, 0.5540239214897156, -0.01953837089240551, 0.483896404504776, 0.47383272647857666, -0.02971624955534935, 0.4741905927658081, 0.4243246614933014, -0.03826097771525383, 0.46623754501342773, 0.3870963454246521, -0.04384024068713188, 0.4765646457672119, 0.5838499069213867, -0.021131213754415512, 0.45528802275657654, 0.5330848693847656, -0.031117036938667297, 0.441663533449173, 0.5041970014572144, -0.03728139400482178, 0.43128761649131775, 0.4788649082183838, -0.04069562628865242]"
[],"[0.5122830867767334, 0.7437545657157898, 2.8070164148630283e-07, 0.5566467046737671, 0.7100220918655396, -0.00820730347186327, 0.5804283022880554, 0.6522661447525024, -0.012591094709932804, 0.5965988039970398, 0.5955814123153687, -0.016164852306246758, 0.608325183391571, 0.5514043569564819, -0.02090616151690483, 0.5608240365982056, 0.5657907128334045, -0.018245412036776543, 0.5665861964225769, 0.4807862639427185, -0.025190290063619614, 0.5672947764396667, 0.4305204451084137, -0.02803805284202099, 0.5675961971282959, 0.39206546545028687, -0.030866825953125954, 0.5287792682647705, 0.553412139415741, -0.020656585693359375, 0.523743212223053, 0.4608463644981384, -0.030737830325961113, 0.5203074216842651, 0.4029780626296997, -0.03872714191675186, 0.5182470083236694, 0.36020851135253906, -0.044309549033641815, 0.49897661805152893, 0.564488410949707, -0.022980744019150734, 0.4842996299266815, 0.47786077857017517, -0.035070788115262985, 0.47440576553344727, 0.42832016944885254, -0.04599284008145332, 0.4672812223434448, 0.39047136902809143, -0.05330883711576462, 0.4758547842502594, 0.5958071947097778, -0.024808844551444054, 0.4535299837589264, 0.5410154461860657, -0.03793890401721001, 0.44044798612594604, 0.51297926902771, -0.04598920792341232, 0.43203315138816833, 0.4899449944496155, -0.05060284584760666]"
[],"[0.5157681107521057, 0.764254629611969, 2.946168820017192e-07, 0.5641664862632751, 0.7401803731918335, -0.0021042563021183014, 0.585424542427063, 0.6808002591133118, -0.0053630066104233265, 0.5997881889343262, 0.6206555366516113, -0.00784911960363388, 0.6132855415344238, 0.5802751779556274, -0.01177387684583664, 0.56840980052948, 0.6011916995048523, -0.024880539625883102, 0.5812093019485474, 0.5137454867362976, -0.03402506932616234, 0.5877764225006104, 0.4633439779281616, -0.0358557365834713, 0.593705415725708, 0.4277053773403168, -0.03742009401321411, 0.5357053279876709, 0.5845669507980347, -0.029816539958119392, 0.5310878157615662, 0.47830796241760254, -0.045576877892017365, 0.525563657283783, 0.4086860716342926, -0.05388454347848892, 0.5221045613288879, 0.3564804792404175, -0.05831650644540787, 0.5048625469207764, 0.5915078520774841, -0.032971762120723724, 0.4915162920951843, 0.49573421478271484, -0.048327311873435974, 0.48255112767219543, 0.4379727244377136, -0.05823357403278351, 0.47732308506965637, 0.3911114037036896, -0.06377479434013367, 0.4808264672756195, 0.6195293068885803, -0.034544941037893295, 0.4587878882884979, 0.5639817714691162, -0.04863975942134857, 0.44504547119140625, 0.5327274799346924, -0.05601417273283005, 0.4352821707725525, 0.5052363872528076, -0.05952131003141403]"
[],"[0.5263857841491699, 0.7866201996803284, 3.1541196676698746e-07, 0.5732143521308899, 0.7633069753646851, 0.0007995868218131363, 0.594772219657898, 0.7047109007835388, 0.00031498807948082685, 0.6102170348167419, 0.6490863561630249, 5.1329647249076515e-05, 0.6241762638092041, 0.6131702661514282, -0.0004891867283731699, 0.5754770636558533, 0.6104326248168945, -0.01776590570807457, 0.5965405106544495, 0.5272353887557983, -0.02462325431406498, 0.610098659992218, 0.48923349380493164, -0.02450939081609249, 0.6215262413024902, 0.466606080532074, -0.024191487580537796, 0.5431755781173706, 0.5910991430282593, -0.02344890683889389, 0.5344432592391968, 0.4744052588939667, -0.03688310459256172, 0.5287649631500244, 0.40307193994522095, -0.04238515347242355, 0.5251923203468323, 0.35376667976379395, -0.04413771256804466, 0.513981282711029, 0.5998835563659668, -0.02769453451037407, 0.49409517645835876, 0.5028557777404785, -0.04148821160197258, 0.48245781660079956, 0.44526010751724243, -0.04996988922357559, 0.47548896074295044, 0.4001620411872864, -0.053703054785728455, 0.49225372076034546, 0.6326155066490173, -0.030325276777148247, 0.46678996086120605, 0.577727735042572, -0.042408283799886703, 0.45256760716438293, 0.5449811816215515, -0.04834625497460365, 0.44285979866981506, 0.5186867713928223, -0.05040675029158592]"
[],"[0.5347974896430969, 0.8045417666435242, 4.3003132077501505e-07, 0.5816011428833008, 0.782773494720459, -0.011276353150606155, 0.6035037636756897, 0.7282880544662476, -0.020675059407949448, 0.6184826493263245, 0.6711147427558899, -0.027897905558347702, 0.6320317387580872, 0.6331457495689392, -0.035411056131124496, 0.5812616348266602, 0.6288024187088013, -0.0381258986890316, 0.5957058668136597, 0.5352271795272827, -0.05554921552538872, 0.609651505947113, 0.48689818382263184, -0.0625777542591095, 0.6234601140022278, 0.45478689670562744, -0.06656274199485779, 0.5488312244415283, 0.6094669699668884, -0.04137450456619263, 0.5370469689369202, 0.4862152338027954, -0.06674957275390625, 0.5311325788497925, 0.40277042984962463, -0.08101791888475418, 0.5283112525939941, 0.34167900681495667, -0.08850952982902527, 0.5192065238952637, 0.6202959418296814, -0.042967479676008224, 0.5042535662651062, 0.5267972946166992, -0.06655470281839371, 0.49434763193130493, 0.46727555990219116, -0.07861006259918213, 0.4878380298614502, 0.4208439886569977, -0.08344553411006927, 0.4972536861896515, 0.6545481085777283, -0.04352724179625511, 0.47143182158470154, 0.5974718928337097, -0.06375987082719803, 0.45783236622810364, 0.5598558187484741, -0.07193265110254288, 0.4465317726135254, 0.5261028409004211, -0.07437979429960251]"
[],"[0.5356685519218445, 0.7923365831375122, 4.0074968410408474e-07, 0.5830941200256348, 0.7693206667900085, -0.013538317754864693, 0.6058689951896667, 0.7145012021064758, -0.02284456603229046, 0.6197220683097839, 0.6662648916244507, -0.030157048255205154, 0.633587658405304, 0.6291159987449646, -0.03820451349020004, 0.5820146799087524, 0.6026917099952698, -0.031509313732385635, 0.5964098572731018, 0.513788104057312, -0.04637220501899719, 0.6076751351356506, 0.463673859834671, -0.054316069930791855, 0.6176875829696655, 0.4301685690879822, -0.05992140620946884, 0.5503159165382385, 0.5834656953811646, -0.034294068813323975, 0.544436514377594, 0.4641285538673401, -0.05895005166530609, 0.5407851934432983, 0.3792998194694519, -0.07516840845346451, 0.538192093372345, 0.31697362661361694, -0.08430244028568268, 0.5206300616264343, 0.59279865026474, -0.03621436282992363, 0.5177356004714966, 0.48498114943504333, -0.05802895128726959, 0.5198475122451782, 0.41133439540863037, -0.07072409987449646, 0.5242342352867126, 0.35180696845054626, -0.07697101682424545, 0.4971172511577606, 0.6273053884506226, -0.03754492849111557, 0.4784567058086395, 0.5578384399414062, -0.05616043880581856, 0.46983689069747925, 0.5152305960655212, -0.06326662003993988, 0.46371015906333923, 0.4786950349807739, -0.06568781286478043]"
[],"[0.5267425179481506, 0.7661712169647217, 3.576889469059097e-07, 0.5719054937362671, 0.7394732236862183, -0.006208511069417, 0.5939894914627075, 0.6811835765838623, -0.011519190855324268, 0.610538125038147, 0.6291514039039612, -0.016078589484095573, 0.6256555914878845, 0.596680223941803, -0.02152245305478573, 0.5757734775543213, 0.5867937803268433, -0.026833392679691315, 0.5940755605697632, 0.5030142068862915, -0.04036577045917511, 0.6082602143287659, 0.4626626968383789, -0.04629329591989517, 0.6209647059440613, 0.43524742126464844, -0.05014939606189728, 0.5446661114692688, 0.567491888999939, -0.032241445034742355, 0.5401337742805481, 0.455729603767395, -0.05196278169751167, 0.5345940589904785, 0.3820677101612091, -0.06439805030822754, 0.5297852754592896, 0.32766014337539673, -0.07143126428127289, 0.5154698491096497, 0.5768022537231445, -0.03644833341240883, 0.5000672340393066, 0.48161885142326355, -0.05585866793990135, 0.488882839679718, 0.4180121421813965, -0.0685582309961319, 0.4809293746948242, 0.3668958246707916, -0.07529827207326889, 0.4911932051181793, 0.6114182472229004, -0.03950631991028786, 0.46818089485168457, 0.5525250434875488, -0.05614103749394417, 0.4546723961830139, 0.5173740983009338, -0.06374430656433105, 0.44376835227012634, 0.4876827299594879, -0.06707999110221863]"
"[0.5024917125701904, 0.7266154289245605, 2.5304620976385195e-07, 0.5466386079788208, 0.6922603845596313, -0.005676345434039831, 0.5684528946876526, 0.6335654258728027, -0.008415347896516323, 0.5738752484321594, 0.5814796686172485, -0.01076633669435978, 0.5750392079353333, 0.5400146245956421, -0.014328140765428543, 0.5534077882766724, 0.5610848069190979, -0.016172204166650772, 0.5607012510299683, 0.47315382957458496, -0.023877104744315147, 0.562359094619751, 0.42178505659103394, -0.02715057134628296, 0.5635285377502441, 0.38253822922706604, -0.02962670288980007, 0.5251221060752869, 0.5470418334007263, -0.018881358206272125, 0.5211034417152405, 0.45429107546806335, -0.0275406576693058, 0.5182929635047913, 0.3967171311378479, -0.0339151993393898, 0.5160313844680786, 0.3539198637008667, -0.03812181204557419, 0.49835291504859924, 0.5542768239974976, -0.021352311596274376, 0.4847114384174347, 0.47373560070991516, -0.030096596106886864, 0.4747319221496582, 0.42466065287590027, -0.03714784234762192, 0.46690818667411804, 0.3865184187889099, -0.04188214987516403, 0.47643449902534485, 0.5802471041679382, -0.023486509919166565, 0.4561502933502197, 0.5285130739212036, -0.03274533525109291, 0.4432455599308014, 0.5040572881698608, -0.03683222830295563, 0.43392491340637207, 0.48604270815849304, -0.038507990539073944]",[]
[],"[0.5013490319252014, 0.7147384881973267, 2.0392030819493812e-07, 0.5483871698379517, 0.673395037651062, 0.002160082571208477, 0.5716431140899658, 0.6132964491844177, 0.0050223032012581825, 0.5853709578514099, 0.5578552484512329, 0.00736785214394331, 0.5965059995651245, 0.519572377204895, 0.009239968843758106, 0.5440112948417664, 0.5350695252418518, -0.0012395151425153017, 0.5493882298469543, 0.4535823166370392, -0.001650837017223239, 0.5509674549102783, 0.41071823239326477, 0.0003328396414872259, 0.5528634190559387, 0.3787309527397156, 0.00173899345099926, 0.5139461755752563, 0.5243655443191528, -0.003684442723169923, 0.5083790421485901, 0.43690669536590576, -0.005855582654476166, 0.5047259330749512, 0.3880743980407715, -0.007014388218522072, 0.5013933777809143, 0.3541094958782196, -0.0069017852656543255, 0.4862779676914215, 0.5331370234489441, -0.005551816895604134, 0.4729689657688141, 0.4589294195175171, -0.009017204865813255, 0.4633992910385132, 0.4141712188720703, -0.012073302641510963, 0.45547378063201904, 0.38215160369873047, -0.013431421481072903, 0.46640604734420776, 0.5619431734085083, -0.00658740708604455, 0.4458214342594147, 0.5147328972816467, -0.009853975847363472, 0.43204671144485474, 0.4909793436527252, -0.010465594008564949, 0.42206618189811707, 0.47238975763320923, -0.009440110996365547]"
"[0.49633893370628357, 0.7217289209365845, 2.5196260367010836e-07, 0.5437638759613037, 0.6810604333877563, -0.006449128035455942, 0.5698531270027161, 0.6252613067626953, -0.007614194415509701, 0.5853452682495117, 0.5738217234611511, -0.007388859521597624, 0.5968433022499084, 0.5346903204917908, -0.006835775915533304, 0.5449637174606323, 0.5391148924827576, -0.009778437204658985, 0.5503615736961365, 0.4529114365577698, -0.013745808973908424, 0.5523858070373535, 0.40787744522094727, -0.01421880628913641, 0.5544576048851013, 0.37388914823532104, -0.013863733038306236, 0.5154568552970886, 0.5293613076210022, -0.007666671182960272, 0.5140047073364258, 0.4444122910499573, -0.013216476887464523, 0.5131943821907043, 0.39291995763778687, -0.016749437898397446, 0.5112919211387634, 0.3585682511329651, -0.017852874472737312, 0.4885546565055847, 0.5392041206359863, -0.00549923675134778, 0.4793873131275177, 0.4685792922973633, -0.012143938802182674, 0.47202491760253906, 0.4244512617588043, -0.016043556854128838, 0.46528172492980957, 0.393308162689209, -0.016838962212204933, 0.46875831484794617, 0.5656055212020874, -0.0030328859575092793, 0.45134663581848145, 0.5182930827140808, -0.008486171253025532, 0.43855902552604675, 0.4924981892108917, -0.009906621649861336, 0.42862942814826965, 0.47126299142837524, -0.00866667926311493]",[]
[],"[0.5051603317260742, 0.7210317254066467, 2.6898652549789404e-07, 0.5494216680526733, 0.6887175440788269, -0.012518709525465965, 0.573827862739563, 0.633033275604248, -0.01822555810213089, 0.5910660624504089, 0.5792905688285828, -0.021943867206573486, 0.6049794554710388, 0.5399739742279053, -0.026379039511084557, 0.5508810877799988, 0.5499926805496216, -0.021068070083856583, 0.5572695732116699, 0.46765175461769104, -0.02844965271651745, 0.5579569935798645, 0.4200786054134369, -0.03226787969470024, 0.5589120984077454, 0.38363802433013916, -0.035477958619594574, 0.5211772322654724, 0.5365569591522217, -0.0196611937135458, 0.5222894549369812, 0.4482194185256958, -0.02768971212208271, 0.5223489999771118, 0.3941075801849365, -0.0340796634554863, 0.5214430689811707, 0.3559640049934387, -0.03879166767001152, 0.4936251938343048, 0.5449306964874268, -0.018559390679001808, 0.4854361414909363, 0.46745291352272034, -0.02689654938876629, 0.4800509810447693, 0.4211145341396332, -0.03472571820020676, 0.4754083752632141, 0.38619905710220337, -0.04055716469883919, 0.4707966446876526, 0.5708264708518982, -0.017745092511177063, 0.45337918400764465, 0.5267429351806641, -0.027320418506860733, 0.4415532052516937, 0.5007059574127197, -0.03318255394697189, 0.4328516721725464, 0.4783484637737274, -0.036618348211050034]"
[],"[0.5126883387565613, 0.7537031173706055, 2.9676726853722357e-07, 0.5576595067977905, 0.7254596948623657, -0.011871527880430222, 0.5824956297874451, 0.6660163402557373, -0.01744447462260723, 0.6005098223686218, 0.6080034375190735, -0.02170630544424057, 0.6183307766914368, 0.5661320090293884, -0.027077702805399895, 0.5588586926460266, 0.5794862508773804, -0.021002648398280144, 0.5676647424697876, 0.49946680665016174, -0.030589530244469643, 0.5706332325935364, 0.45226332545280457, -0.03567967563867569, 0.5732871890068054, 0.41423943638801575, -0.04003444314002991, 0.5273261070251465, 0.5667818784713745, -0.022188810631632805, 0.524323582649231, 0.4790729880332947, -0.034690048545598984, 0.5221265554428101, 0.4207882881164551, -0.044778965413570404, 0.5206888318061829, 0.3748522400856018, -0.05181768164038658, 0.4988616108894348, 0.578548014163971, -0.02357342280447483, 0.484031081199646, 0.49995025992393494, -0.037088632583618164, 0.4752320647239685, 0.4495372474193573, -0.048641473054885864, 0.469248503446579, 0.40823638439178467, -0.05641239136457443, 0.47723907232284546, 0.608457088470459, -0.024950072169303894, 0.4571729898452759, 0.561028003692627, -0.03930874913930893, 0.4455101788043976, 0.5318349599838257, -0.048250626772642136, 0.43753522634506226, 0.5039935111999512, -0.05352282524108887]"
"[0.5186437368392944, 0.7872182130813599, 3.7329812130337814e-07, 0.5665332674980164, 0.7570708394050598, -0.006648191250860691, 0.5896658897399902, 0.6963177919387817, -0.011855849996209145, 0.6092249751091003, 0.639733076095581, -0.01683579385280609, 0.6267618536949158, 0.6008740663528442, -0.022968193516135216, 0.5689019560813904, 0.612414538860321, -0.022587314248085022, 0.5879110097885132, 0.5364358425140381, -0.035977333784103394, 0.6018727421760559, 0.4978567063808441, -0.042638231068849564, 0.614138126373291, 0.47082918882369995, -0.04732314869761467, 0.5386331081390381, 0.5929979085922241, -0.028237806633114815, 0.5368392467498779, 0.4906754195690155, -0.04549781233072281, 0.5358560085296631, 0.42394116520881653, -0.05767163634300232, 0.5356212854385376, 0.37517601251602173, -0.06529698520898819, 0.5103104710578918, 0.6020698547363281, -0.03335275873541832, 0.4947991669178009, 0.5106081366539001, -0.05153566226363182, 0.485140323638916, 0.4537234902381897, -0.06414640694856644, 0.48007580637931824, 0.40740519762039185, -0.07179954648017883, 0.489066481590271, 0.6360217332839966, -0.037608470767736435, 0.4671052098274231, 0.5828824639320374, -0.05592481791973114, 0.45374366641044617, 0.5518187284469604, -0.06535651534795761, 0.4441508650779724, 0.5234572291374207, -0.07029452174901962]",[]
[],"[0.5265166759490967, 0.8201134204864502, 3.54341324282359e-07, 0.5733311176300049, 0.7935022711753845, -0.010700704529881477, 0.5988954305648804, 0.7322978973388672, -0.017586778849363327, 0.6190556287765503, 0.6740754246711731, -0.023195629939436913, 0.6390776038169861, 0.6408713459968567, -0.029850712046027184, 0.5769650936126709, 0.6393700838088989, -0.023252708837389946, 0.5963279008865356, 0.5583231449127197, -0.03582339733839035, 0.6092262268066406, 0.510292112827301, -0.042436908930540085, 0.6190065145492554, 0.4765626788139343, -0.04715560004115105, 0.5465172529220581, 0.6215482354164124, -0.026037227362394333, 0.5485397577285767, 0.5254772901535034, -0.04151993617415428, 0.5486856698989868, 0.46709102392196655, -0.051419489085674286, 0.5491269826889038, 0.42270487546920776, -0.05723749101161957, 0.5172416567802429, 0.6302489638328552, -0.028771763667464256, 0.5085360407829285, 0.5455501079559326, -0.04420071095228195, 0.5018165111541748, 0.4899439215660095, -0.05304086208343506, 0.4974867105484009, 0.4431937336921692, -0.05795802175998688, 0.49209797382354736, 0.6612856984138489, -0.03127747029066086, 0.4734995663166046, 0.6030073165893555, -0.0465756356716156, 0.4626832604408264, 0.5641322135925293, -0.052915289998054504, 0.4548132121562958, 0.5281242728233337, -0.055389683693647385]"
[],"[0.536901593208313, 0.8362501859664917, 2.792877182855591e-07, 0.5835986137390137, 0.8198206424713135, -0.014409727416932583, 0.6084755659103394, 0.7648394107818604, -0.02382260002195835, 0.6270238161087036, 0.7067340016365051, -0.03055829182267189, 0.6441738605499268, 0.6654436588287354, -0.03783665969967842, 0.5851660370826721, 0.6670203804969788, -0.029457736760377884, 0.5867218375205994, 0.5785767436027527, -0.04161563515663147, 0.5866600275039673, 0.5254802107810974, -0.04788915440440178, 0.5869607925415039, 0.486372709274292, -0.05279490724205971, 0.5534647107124329, 0.651927649974823, -0.029543321579694748, 0.5525928735733032, 0.5550349354743958, -0.044746480882167816, 0.5518715381622314, 0.4945969581604004, -0.05524738132953644, 0.5519481301307678, 0.44698500633239746, -0.062465131282806396, 0.5236360430717468, 0.6589992642402649, -0.029349226504564285, 0.5159254670143127, 0.5682502388954163, -0.04381870478391647, 0.5098869204521179, 0.5119908452033997, -0.0538102462887764, 0.5066159963607788, 0.4668099582195282, -0.06030026823282242, 0.500231146812439, 0.6844499707221985, -0.02916966937482357, 0.4814132750034332, 0.6225923299789429, -0.043867260217666626, 0.4699031412601471, 0.583685576915741, -0.05220923572778702, 0.4622034430503845, 0.5493611097335815, -0.05667738616466522]"
[],"[0.5381473302841187, 0.8011844158172607, 3.3507370744700893e-07, 0.5846874117851257, 0.7801162600517273, -0.01599346287548542, 0.6066544055938721, 0.7252903580665588, -0.02582363598048687, 0.6197267770767212, 0.6722445487976074, -0.03283282741904259, 0.6297338008880615, 0.6336744427680969, -0.04044915363192558, 0.5834248661994934, 0.6175475716590881, -0.03319274261593819, 0.5921409130096436, 0.5280500650405884, -0.04846827685832977, 0.599808394908905, 0.4752275347709656, -0.05677025020122528, 0.60689377784729, 0.4389442801475525, -0.06251370161771774, 0.5525680184364319, 0.6038435697555542, -0.03314290568232536, 0.5504724383354187, 0.5059103965759277, -0.05328843742609024, 0.5502345561981201, 0.444221556186676, -0.06514181941747665, 0.5519059896469116, 0.39834439754486084, -0.0719808042049408, 0.5243456959724426, 0.6127904057502747, -0.033177319914102554, 0.5151516199111938, 0.5201728940010071, -0.05043655261397362, 0.5125479102134705, 0.4603697657585144, -0.05958577245473862, 0.5136222839355469, 0.4104343354701996, -0.06458915024995804, 0.5002230405807495, 0.6421644687652588, -0.03337427228689194, 0.48008453845977783, 0.5811516046524048, -0.04877636581659317, 0.47063693404197693, 0.5386683344841003, -0.05544516444206238, 0.466066837310791, 0.5022678971290588, -0.05836581438779831]"
"[0.5383425951004028, 0.7667651176452637, 3.9055663592080236e-07, 0.5801449418067932, 0.7401715517044067, -0.014051228761672974, 0.6016234755516052, 0.6866902709007263, -0.02445772849023342, 0.6125299334526062, 0.6390675902366638, -0.03331846371293068, 0.6221211552619934, 0.5981331467628479, -0.04271171987056732, 0.5807554125785828, 0.5954030156135559, -0.031146693974733353, 0.5959180593490601, 0.5146492719650269, -0.049022722989320755, 0.6090219616889954, 0.46827250719070435, -0.05964481458067894, 0.6220064163208008, 0.43535315990448, -0.06684425473213196, 0.5516636967658997, 0.5794291496276855, -0.035118624567985535, 0.5431469082832336, 0.47131264209747314, -0.05927495285868645, 0.5389816761016846, 0.39570432901382446, -0.07644808292388916, 0.5372990369796753, 0.33782923221588135, -0.08696132898330688, 0.5246264338493347, 0.5893515348434448, -0.038635145872831345, 0.5129671692848206, 0.4951072335243225, -0.05976630747318268, 0.5092278122901917, 0.43305444717407227, -0.07137973606586456, 0.5091553330421448, 0.3841051459312439, -0.07729849964380264, 0.5033856630325317, 0.6219882965087891, -0.042095210403203964, 0.48051321506500244, 0.5607692003250122, -0.060462385416030884, 0.4698229432106018, 0.5218359231948853, -0.06726647168397903, 0.4624781608581543, 0.4874289333820343, -0.06959641724824905]",[]
[],"[0.5170914530754089, 0.9244316220283508, 4.38157314874843e-07, 0.5867584943771362, 0.9121858477592468, -0.032189369201660156, 0.6306547522544861, 0.851168155670166, -0.0511205717921257, 0.658755362033844, 0.784206211566925, -0.06554695963859558, 0.6812571883201599, 0.7314342260360718, -0.08005336672067642, 0.5820215940475464, 0.7012157440185547, -0.04443151876330376, 0.576485812664032, 0.594977855682373, -0.0638364776968956, 0.5804114937782288, 0.5334702134132385, -0.07777468860149384, 0.5862254500389099, 0.49076569080352783, -0.08717704564332962, 0.5410443544387817, 0.6839291453361511, -0.04065853729844093, 0.5183514356613159, 0.5508067607879639, -0.05949528515338898, 0.5104789137840271, 0.4590088129043579, -0.07492829114198685, 0.5067799091339111, 0.39310958981513977, -0.08486232906579971, 0.5106822848320007, 0.6965728402137756, -0.03869377449154854, 0.5054548978805542, 0.5696693658828735, -0.05885512754321098, 0.5099003314971924, 0.48819953203201294, -0.0774008259177208, 0.5160994529724121, 0.4222652018070221, -0.0890427976846695, 0.49149060249328613, 0.7279621958732605, -0.03800066560506821, 0.4881020784378052, 0.6624075174331665, -0.05921187624335289, 0.48863983154296875, 0.6137723922729492, -0.07235699146986008, 0.49246740341186523, 0.570003092288971, -0.07956212013959885]"
[],"[0.5228297710418701, 0.9221513271331787, 3.928057026314491e-07, 0.5867488384246826, 0.9088290333747864, -0.023656895384192467, 0.6303080320358276, 0.8465067148208618, -0.03702161833643913, 0.660417377948761, 0.782065212726593, -0.047085490077733994, 0.6830294132232666, 0.7397539615631104, -0.05714661255478859, 0.5902467966079712, 0.6790266633033752, -0.03156958892941475, 0.5928502678871155, 0.5657432079315186, -0.04610629379749298, 0.6033526659011841, 0.502676784992218, -0.05718953162431717, 0.6145687103271484, 0.46057599782943726, -0.0652226135134697, 0.5517967939376831, 0.6627653241157532, -0.03018629364669323, 0.534141480922699, 0.5324097275733948, -0.043941598385572433, 0.5248278379440308, 0.44148120284080505, -0.057729803025722504, 0.5200971364974976, 0.3780055642127991, -0.06744103133678436, 0.5192474722862244, 0.6786553263664246, -0.030049705877900124, 0.5123218297958374, 0.5532292723655701, -0.046817000955343246, 0.5090512633323669, 0.46537405252456665, -0.0650840476155281, 0.508745014667511, 0.39751720428466797, -0.07702560722827911, 0.4938153624534607, 0.7177536487579346, -0.030581887811422348, 0.470848023891449, 0.6464729309082031, -0.050614167004823685, 0.4555410146713257, 0.5918505787849426, -0.06409469991922379, 0.4454018175601959, 0.546792209148407, -0.07130657136440277]"
[],"[0.509789764881134, 0.8674358129501343, 3.4485438504816557e-07, 0.5659171342849731, 0.8534191250801086, -0.02348439022898674, 0.6045545935630798, 0.7936466336250305, -0.036009445786476135, 0.6268331408500671, 0.7295325994491577, -0.04640708863735199, 0.63575279712677, 0.6767979264259338, -0.05646027997136116, 0.5797355771064758, 0.6549495458602905, -0.023986438289284706, 0.5895519256591797, 0.5678488612174988, -0.03684382885694504, 0.5974929332733154, 0.5089380145072937, -0.0449984036386013, 0.604211688041687, 0.46916091442108154, -0.050896670669317245, 0.5463245511054993, 0.6328421235084534, -0.023383446037769318, 0.5461906790733337, 0.5238329172134399, -0.034567199647426605, 0.5461949110031128, 0.45081108808517456, -0.04118027538061142, 0.5465832948684692, 0.3901430368423462, -0.045082151889801025, 0.5167262554168701, 0.6358722448348999, -0.025715719908475876, 0.5070040822029114, 0.5250421762466431, -0.04146683216094971, 0.5000934600830078, 0.4501330554485321, -0.05355740711092949, 0.4946030378341675, 0.3907560408115387, -0.060860488563776016, 0.49180102348327637, 0.6613737344741821, -0.029784124344587326, 0.4649186134338379, 0.5876208543777466, -0.050351399928331375, 0.4467742443084717, 0.5347595810890198, -0.06300901621580124, 0.4327166676521301, 0.4919624924659729, -0.06958332657814026]"
"[0.4901183843612671, 0.8245593905448914, 2.616064023186482e-07, 0.5409834384918213, 0.7918916940689087, -0.01456306129693985, 0.5832855105400085, 0.7291121482849121, -0.017836453393101692, 0.6088256239891052, 0.6705020666122437, -0.02102508954703808, 0.6247084140777588, 0.6230142116546631, -0.024302134290337563, 0.5585576295852661, 0.6277301907539368, -0.0030665849335491657, 0.5780429244041443, 0.5526530146598816, -0.007875917479395866, 0.5871165990829468, 0.5100277066230774, -0.01339813880622387, 0.5935631394386292, 0.47335684299468994, -0.018341930583119392, 0.5294862985610962, 0.6070201992988586, -0.0035706537310034037, 0.5354554057121277, 0.5197502374649048, -0.005947209894657135, 0.5385225415229797, 0.46841463446617126, -0.012808280065655708, 0.5394788384437561, 0.4257514476776123, -0.01895485818386078, 0.5011910796165466, 0.6078996658325195, -0.006639861036092043, 0.49240821599960327, 0.5258032083511353, -0.012948626652359962, 0.4853762090206146, 0.4818326234817505, -0.022690199315547943, 0.47875645756721497, 0.4484022259712219, -0.030792707577347755, 0.4749642014503479, 0.6307434439659119, -0.011193606071174145, 0.4534723162651062, 0.5783873796463013, -0.020403867587447166, 0.4379161596298218, 0.5561732649803162, -0.026672132313251495, 0.42619895935058594, 0.5392109751701355, -0.03102860227227211]",[]
[],"[0.47332853078842163, 0.7791805863380432, 1.499434461038618e-07, 0.5291460156440735, 0.7538086175918579, -0.013432595878839493, 0.5609977841377258, 0.6831594705581665, -0.01677061803638935, 0.5820854902267456, 0.6132068634033203, -0.019729187712073326, 0.5907458662986755, 0.5542043447494507, -0.02234714850783348, 0.5096786022186279, 0.5548239350318909, -0.004333200864493847, 0.5108695030212402, 0.4734593331813812, -0.013969133608043194, 0.5063495635986328, 0.45111602544784546, -0.020763900130987167, 0.5025085210800171, 0.4682362377643585, -0.022953761741518974, 0.474987268447876, 0.5603214502334595, -0.0025588632561266422, 0.4520089626312256, 0.48501068353652954, -0.006396247074007988, 0.44431036710739136, 0.4649796783924103, -0.01097680814564228, 0.4402226507663727, 0.4802810251712799, -0.013137336820363998, 0.44733187556266785, 0.5946179032325745, -0.003649314632639289, 0.42008569836616516, 0.5423354506492615, -0.013156375847756863, 0.40786710381507874, 0.5170077681541443, -0.02261396311223507, 0.3996904492378235, 0.5164934992790222, -0.027997538447380066, 0.43205344676971436, 0.6444095969200134, -0.0055021075531840324, 0.4075285494327545, 0.6410304307937622, -0.01759393699467182, 0.3937993347644806, 0.6384750604629517, -0.02611006796360016, 0.3832373321056366, 0.6439653635025024, -0.02995973639190197]"
[],"[0.4712434709072113, 0.7881265878677368, 1.7880044822504715e-07, 0.5270519256591797, 0.7634479403495789, -0.0116229597479105, 0.5588670372962952, 0.693836510181427, -0.012407613918185234, 0.5782351493835449, 0.6244402527809143, -0.012248238548636436, 0.5868089199066162, 0.5695390701293945, -0.010696747340261936, 0.5056397914886475, 0.5550447106361389, 0.006048423238098621, 0.5050413608551025, 0.4783472716808319, 0.002945463638752699, 0.4990941882133484, 0.4573941230773926, 0.0007469526026397943, 0.49466848373413086, 0.4759957194328308, 0.0021774882916361094, 0.469822496175766, 0.5591881275177002, 0.010872111655771732, 0.4481434226036072, 0.4753393530845642, 0.014001520350575447, 0.4411925673484802, 0.4603491425514221, 0.016438907012343407, 0.43828412890434265, 0.4788270592689514, 0.020277835428714752, 0.44018885493278503, 0.5919895768165588, 0.012726998887956142, 0.41147035360336304, 0.536060631275177, 0.009814782999455929, 0.3987894058227539, 0.5182265639305115, 0.007313312962651253, 0.3926819860935211, 0.5261275768280029, 0.00784983392804861, 0.422767698764801, 0.6420974731445312, 0.013648323714733124, 0.3993529677391052, 0.6344254612922668, 0.010549478232860565, 0.38930949568748474, 0.6347799897193909, 0.008463399484753609, 0.38332194089889526, 0.6467158794403076, 0.009427323006093502]"
[],"[0.49510133266448975, 0.8300293684005737, 3.321808321743447e-07, 0.5525305867195129, 0.7957901358604431, 0.0015082752797752619, 0.5829452276229858, 0.7287609577178955, 0.010078242979943752, 0.6018285155296326, 0.6628383994102478, 0.01649858057498932, 0.6105590462684631, 0.6065115928649902, 0.02231908217072487, 0.5304263234138489, 0.6170454025268555, 0.03722685948014259, 0.5313424468040466, 0.5468974113464355, 0.05486808344721794, 0.531137228012085, 0.5117292404174805, 0.06367840617895126, 0.5297294855117798, 0.49455320835113525, 0.06849514693021774, 0.49408984184265137, 0.6160479784011841, 0.03790394589304924, 0.47948744893074036, 0.5446253418922424, 0.06142878532409668, 0.472358375787735, 0.5083617568016052, 0.06662832945585251, 0.4677360951900482, 0.48389768600463867, 0.06826610863208771, 0.4630501866340637, 0.6379029750823975, 0.03633362054824829, 0.44551733136177063, 0.5816311240196228, 0.050320014357566833, 0.4345385432243347, 0.5443607568740845, 0.04644293710589409, 0.42603224515914917, 0.518842339515686, 0.04112527519464493, 0.4438192844390869, 0.6802220344543457, 0.0343039408326149, 0.4150923490524292, 0.6676467061042786, 0.039137594401836395, 0.39631447196006775, 0.6541040539741516, 0.036350786685943604, 0.3803544044494629, 0.6453896760940552, 0.03431427478790283]"
[],"[0.511671781539917, 0.8915641903877258, 2.5452936824876815e-07, 0.5753487944602966, 0.877966046333313, -0.018726792186498642, 0.610822856426239, 0.8178401589393616, -0.025080334395170212, 0.6343940496444702, 0.7552016973495483, -0.029066242277622223, 0.6502626538276672, 0.710101306438446, -0.03268520161509514, 0.562855064868927, 0.6802810430526733, -0.013731537386775017, 0.5706577301025391, 0.6065220236778259, -0.017163943499326706, 0.5805483460426331, 0.5656386613845825, -0.020433923229575157, 0.5899367928504944, 0.5350393056869507, -0.02517383173108101, 0.520905613899231, 0.6618440747261047, -0.010958787985146046, 0.5038197636604309, 0.5671292543411255, -0.01586310751736164, 0.4942482113838196, 0.5078780651092529, -0.021823134273290634, 0.4871654212474823, 0.45889776945114136, -0.02739180251955986, 0.48723840713500977, 0.6715840101242065, -0.010305961593985558, 0.4737468659877777, 0.568928599357605, -0.022541074082255363, 0.4686611294746399, 0.5032360553741455, -0.03707634657621384, 0.46440041065216064, 0.4481502175331116, -0.04751734435558319, 0.46497514843940735, 0.6997599601745605, -0.0101977763697505, 0.4343700706958771, 0.6421777606010437, -0.0288653913885355, 0.4137820601463318, 0.601665735244751, -0.043042343109846115, 0.39878344535827637, 0.5644234418869019, -0.05185924842953682]"
[],"[0.5108415484428406, 0.9107696413993835, 3.9367765225506446e-07, 0.5734754800796509, 0.9099907875061035, -0.035295747220516205, 0.6202431321144104, 0.8643492460250854, -0.05568546801805496, 0.6507101655006409, 0.809221625328064, -0.07083858549594879, 0.6745104789733887, 0.7624083161354065, -0.08554275333881378, 0.5800914764404297, 0.703800618648529, -0.0461556538939476, 0.5767977833747864, 0.606234073638916, -0.06745538115501404, 0.582347571849823, 0.5440181493759155, -0.08343414962291718, 0.5906866788864136, 0.4988452196121216, -0.09461276978254318, 0.5405277013778687, 0.6785616278648376, -0.040723785758018494, 0.5164870619773865, 0.5605286359786987, -0.060080498456954956, 0.5073407292366028, 0.4734441637992859, -0.07604361325502396, 0.5023963451385498, 0.41011306643486023, -0.0866067111492157, 0.510226845741272, 0.685166597366333, -0.037407390773296356, 0.5029804706573486, 0.5688746571540833, -0.058992646634578705, 0.5054571628570557, 0.4903748631477356, -0.07809877395629883, 0.5096560716629028, 0.425126850605011, -0.08993787318468094, 0.49079665541648865, 0.7116862535476685, -0.03569334000349045, 0.4779309630393982, 0.6556628942489624, -0.059666622430086136, 0.4713563621044159, 0.6114628911018372, -0.07425153255462646, 0.4690259099006653, 0.5719084143638611, -0.08189226686954498]"
[],"[0.5253840684890747, 0.8806217312812805, 3.6599163877326646e-07, 0.5880740880966187, 0.8772188425064087, -0.01735089346766472, 0.6252089738845825, 0.8237583041191101, -0.025088990107178688, 0.6435648202896118, 0.7612754106521606, -0.030455777421593666, 0.6521066427230835, 0.7153238654136658, -0.03598633036017418, 0.5799928307533264, 0.6684570908546448, -0.02303125150501728, 0.5844677090644836, 0.5719974040985107, -0.03247031196951866, 0.5930063724517822, 0.5176424980163574, -0.03981724753975868, 0.6026158928871155, 0.48050084710121155, -0.04528062418103218, 0.5435007810592651, 0.6448063850402832, -0.02221602201461792, 0.525082528591156, 0.5230006575584412, -0.029710421338677406, 0.5166217088699341, 0.4389055073261261, -0.039375219494104385, 0.5127553939819336, 0.37768498063087463, -0.04616205766797066, 0.5135566592216492, 0.6574356555938721, -0.022127343341708183, 0.5040762424468994, 0.5405399799346924, -0.03404511511325836, 0.5036152601242065, 0.4656892716884613, -0.05100186914205551, 0.5064064264297485, 0.40717029571533203, -0.062485471367836, 0.4916788935661316, 0.694810688495636, -0.022125892341136932, 0.47010642290115356, 0.6481872200965881, -0.039210036396980286, 0.45677193999290466, 0.6136855483055115, -0.0519099235534668, 0.44903460144996643, 0.5881969928741455, -0.058704812079668045]"
[],"[0.5119405388832092, 0.8253098130226135, 3.371017385234154e-07, 0.5629968643188477, 0.8050240278244019, -0.00862246286123991, 0.5986140370368958, 0.7480006814002991, -0.013646656647324562, 0.6235767006874084, 0.691714882850647, -0.01852351613342762, 0.63409423828125, 0.6436551809310913, -0.023738320916891098, 0.5766958594322205, 0.6407666206359863, -0.01031691674143076, 0.5909249782562256, 0.5598033666610718, -0.016803622245788574, 0.6002791523933411, 0.5132249593734741, -0.020757390186190605, 0.6075729727745056, 0.48106443881988525, -0.023744046688079834, 0.5473577976226807, 0.6199029088020325, -0.01364824641495943, 0.5488097667694092, 0.5163955688476562, -0.019534509629011154, 0.5498309135437012, 0.4543483853340149, -0.025086157023906708, 0.5514591932296753, 0.41003838181495667, -0.028615590184926987, 0.5178148150444031, 0.6213731169700623, -0.01790712960064411, 0.5092244744300842, 0.5213879346847534, -0.026749633252620697, 0.5020843148231506, 0.4564635157585144, -0.03726717829704285, 0.4990525245666504, 0.4068681001663208, -0.04477432742714882, 0.49060314893722534, 0.643085241317749, -0.022200213745236397, 0.47240960597991943, 0.5850657820701599, -0.0330960676074028, 0.462948739528656, 0.5482491254806519, -0.040421873331069946, 0.45885035395622253, 0.5189146995544434, -0.04459945112466812]"
"[0.4816640019416809, 0.7957289218902588, 2.257408908690195e-07, 0.5306185483932495, 0.7561290860176086, -0.01759447529911995, 0.5654628276824951, 0.6730742454528809, -0.02089397795498371, 0.5882043242454529, 0.595190167427063, -0.02254081889986992, 0.5961260199546814, 0.5287994742393494, -0.024697523564100266, 0.5274044871330261, 0.5842211842536926, -0.009411065839231014, 0.5342916250228882, 0.5116949677467346, -0.01858309656381607, 0.5397682785987854, 0.4825332760810852, -0.026462839916348457, 0.5447888970375061, 0.47374698519706726, -0.03175962343811989, 0.49720829725265503, 0.5816110372543335, -0.007610510103404522, 0.4949435293674469, 0.5054103136062622, -0.01348942331969738, 0.4998810887336731, 0.46540606021881104, -0.02356462925672531, 0.5054563879966736, 0.4485553503036499, -0.03159448876976967, 0.4711681008338928, 0.6025036573410034, -0.008619994856417179, 0.4559067487716675, 0.5361464023590088, -0.018242165446281433, 0.44966980814933777, 0.49895769357681274, -0.03240501135587692, 0.44755369424819946, 0.47506940364837646, -0.043187130242586136, 0.4524228870868683, 0.6416681408882141, -0.01073490921407938, 0.43093493580818176, 0.6155112981796265, -0.024161871522665024, 0.41395244002342224, 0.5992997884750366, -0.035427987575531006, 0.401792049407959, 0.5858464241027832, -0.042727138847112656]",[]
[],"[0.46557390689849854, 0.7757742404937744, 1.8973443616232544e-07, 0.5182123184204102, 0.7472794651985168, -0.008675547316670418, 0.5485880970954895, 0.6797376275062561, -0.006914656609296799, 0.5722694396972656, 0.6131201982498169, -0.004468565806746483, 0.5849984288215637, 0.5588361620903015, -0.001756770652718842, 0.5041306614875793, 0.5419477224349976, 0.01102534867823124, 0.5022251605987549, 0.4731864333152771, 0.01876003108918667, 0.5007569193840027, 0.4420551061630249, 0.02214980311691761, 0.499446839094162, 0.43472087383270264, 0.024291254580020905, 0.47035571932792664, 0.544129490852356, 0.016104117035865784, 0.4535263776779175, 0.47845837473869324, 0.03208271041512489, 0.44543951749801636, 0.44704389572143555, 0.03629949316382408, 0.4384390115737915, 0.42766711115837097, 0.03660082444548607, 0.442944198846817, 0.571751058101654, 0.01869850791990757, 0.4194742441177368, 0.5261881947517395, 0.02318057231605053, 0.4051721692085266, 0.5009944438934326, 0.013422820717096329, 0.39211827516555786, 0.4905017912387848, 0.00472163874655962, 0.4265959858894348, 0.6118574738502502, 0.02064756490290165, 0.40294092893600464, 0.6156960129737854, 0.015842067077755928, 0.3917529881000519, 0.6253864765167236, 0.0058136130683124065, 0.3817228376865387, 0.639159083366394, -0.0009973474079743028]"
[],"[0.480787456035614, 0.7965563535690308, 1.3811019528020552e-07, 0.535439670085907, 0.7603378295898438, -0.006065526511520147, 0.5656500458717346, 0.6888939738273621, -0.003893788903951645, 0.5799393057823181, 0.6214174628257751, -0.0016935125458985567, 0.5842857360839844, 0.5696343779563904, 0.001409473828971386, 0.512474536895752, 0.5694261193275452, 0.007457740604877472, 0.5071433782577515, 0.48977988958358765, 0.008242825977504253, 0.5010833144187927, 0.47633522748947144, 0.008457153104245663, 0.49632665514945984, 0.48746004700660706, 0.010440098121762276, 0.47628799080848694, 0.5701018571853638, 0.009190737269818783, 0.4591280519962311, 0.49001622200012207, 0.016880029812455177, 0.4497087299823761, 0.4542957842350006, 0.018564850091934204, 0.43977469205856323, 0.43619853258132935, 0.019375914707779884, 0.447453111410141, 0.5973658561706543, 0.008625999093055725, 0.42101794481277466, 0.5472025871276855, 0.008337392471730709, 0.40253424644470215, 0.5194154977798462, -0.0006316521903499961, 0.386650949716568, 0.5086851716041565, -0.006940415129065514, 0.4290523827075958, 0.6396158933639526, 0.007798252627253532, 0.40425246953964233, 0.6384350657463074, 0.00413465453311801, 0.3888382911682129, 0.6435004472732544, -0.0016992762684822083, 0.37659135460853577, 0.6552428603172302, -0.004986459854990244]"
"[0.5141764879226685, 0.8445258736610413, 3.4966643625011784e-07, 0.5634979009628296, 0.8003091216087341, -0.009797584265470505, 0.5893282294273376, 0.7335329055786133, -0.010479905642569065, 0.611481785774231, 0.6740996241569519, -0.011994535103440285, 0.6228187084197998, 0.6239869594573975, -0.01414281502366066, 0.5423715114593506, 0.6283615231513977, 0.009777164086699486, 0.5410997867584229, 0.5610977411270142, 0.012285170145332813, 0.540753185749054, 0.5240104794502258, 0.011269213631749153, 0.539332389831543, 0.4984448254108429, 0.009157080203294754, 0.5062524676322937, 0.6255055665969849, 0.008145726285874844, 0.4930448830127716, 0.5496612191200256, 0.012426451779901981, 0.48760896921157837, 0.5099318027496338, 0.008088327012956142, 0.4828181266784668, 0.4826871156692505, 0.0042095002718269825, 0.4749409556388855, 0.6486481428146362, 0.0040451050736010075, 0.4505183696746826, 0.5881108641624451, 0.0007196342921815813, 0.43621379137039185, 0.5521337985992432, -0.008860199712216854, 0.4257379174232483, 0.5255069136619568, -0.01621151715517044, 0.45481181144714355, 0.6959208846092224, -0.0009146415395662189, 0.4216632843017578, 0.6694377660751343, -0.009237460792064667, 0.39923974871635437, 0.6515030860900879, -0.015552449971437454, 0.3821157217025757, 0.6343607902526855, -0.019337529316544533]",[]
[],"[0.5185674428939819, 0.9018646478652954, 2.852758598237415e-07, 0.5836236476898193, 0.8915384411811829, -0.018821699544787407, 0.6231896877288818, 0.8337414264678955, -0.025218883529305458, 0.6500005722045898, 0.7681142687797546, -0.030214672908186913, 0.6624583601951599, 0.716778039932251, -0.03422410786151886, 0.573573648929596, 0.6851968765258789, -0.006042000837624073, 0.5793996453285217, 0.6069990396499634, -0.009724471718072891, 0.5869219303131104, 0.5651007294654846, -0.014389710500836372, 0.5941854119300842, 0.5333577394485474, -0.019379010424017906, 0.5333046317100525, 0.667309045791626, -0.0038836998865008354, 0.5182781219482422, 0.5696221590042114, -0.007941437885165215, 0.5126765966415405, 0.5117878317832947, -0.01415963750332594, 0.5098202228546143, 0.4641798436641693, -0.01913648657500744, 0.5011923909187317, 0.6758662462234497, -0.004616862628608942, 0.4819223880767822, 0.5791677236557007, -0.014765900559723377, 0.4735569953918457, 0.5158589482307434, -0.02693014405667782, 0.46808549761772156, 0.45924121141433716, -0.035267531871795654, 0.48031073808670044, 0.702826201915741, -0.006608953699469566, 0.451254665851593, 0.6423541307449341, -0.021463150158524513, 0.4316980838775635, 0.6000916361808777, -0.03268631547689438, 0.41768649220466614, 0.5600098371505737, -0.039375003427267075]"
[],"[0.5234366655349731, 0.9086549878120422, 3.6046537843503756e-07, 0.5849909782409668, 0.9012280702590942, -0.03490200266242027, 0.6261128187179565, 0.8480696082115173, -0.05339117348194122, 0.6535204648971558, 0.787256121635437, -0.06634242832660675, 0.6756042838096619, 0.7407457232475281, -0.07960882037878036, 0.5888427495956421, 0.700126051902771, -0.04821198061108589, 0.5869923233985901, 0.6022922396659851, -0.06919656693935394, 0.5932340025901794, 0.540300726890564, -0.08378587663173676, 0.6011768579483032, 0.49349433183670044, -0.09458860009908676, 0.5491921901702881, 0.6783342957496643, -0.04361281916499138, 0.523277997970581, 0.5507969260215759, -0.06564999371767044, 0.5115212798118591, 0.4633691906929016, -0.08362899720668793, 0.5041335225105286, 0.3956208825111389, -0.09531726688146591, 0.5183115601539612, 0.6913933157920837, -0.04071314260363579, 0.5000523328781128, 0.5759008526802063, -0.0659775361418724, 0.49208977818489075, 0.49382665753364563, -0.08869821578264236, 0.48861461877822876, 0.42182669043540955, -0.10267537087202072, 0.5002278685569763, 0.7261726260185242, -0.03896123543381691, 0.47341686487197876, 0.6664589047431946, -0.0664246678352356, 0.4559447467327118, 0.6244366765022278, -0.08366682380437851, 0.4442265033721924, 0.5854505896568298, -0.0930958092212677]"
[],"[0.5478327870368958, 0.8707916140556335, 3.602403069180582e-07, 0.5971678495407104, 0.8487775325775146, -0.013577093370258808, 0.623521625995636, 0.7943356037139893, -0.021514171734452248, 0.632707953453064, 0.7404860854148865, -0.028416620567440987, 0.634633481502533, 0.7024047374725342, -0.036259494721889496, 0.5859308838844299, 0.6506168842315674, -0.02104123868048191, 0.5903888940811157, 0.557230532169342, -0.03243204578757286, 0.5985841751098633, 0.5023441314697266, -0.0416962206363678, 0.6074535250663757, 0.46230679750442505, -0.049001049250364304, 0.5530017018318176, 0.6312300562858582, -0.025042304769158363, 0.5341509580612183, 0.5094462633132935, -0.035704709589481354, 0.5226506590843201, 0.4225149154663086, -0.04774947836995125, 0.5163695216178894, 0.35747992992401123, -0.05646895989775658, 0.523516058921814, 0.6487427949905396, -0.029773399233818054, 0.5098305344581604, 0.5305846333503723, -0.04444606602191925, 0.5053503513336182, 0.4471336007118225, -0.06401293724775314, 0.5059966444969177, 0.38128507137298584, -0.07758279144763947, 0.4999384582042694, 0.6911000609397888, -0.034251946955919266, 0.4732084274291992, 0.6430501937866211, -0.05354372411966324, 0.4567904472351074, 0.604153573513031, -0.06747859716415405, 0.4464418590068817, 0.5738752484321594, -0.07549389451742172]"
[],"[0.5163212418556213, 0.8079718351364136, 3.333231859414809e-07, 0.5666661262512207, 0.7788565158843994, -0.008517056703567505, 0.6045119166374207, 0.7201943397521973, -0.012464780360460281, 0.6279777884483337, 0.664450466632843, -0.017012182623147964, 0.633384108543396, 0.6129193902015686, -0.022038090974092484, 0.5814838409423828, 0.6219017505645752, -0.005116739775985479, 0.5992706418037415, 0.5462810397148132, -0.010580779053270817, 0.6090976595878601, 0.4987935423851013, -0.01436558086425066, 0.6159645318984985, 0.4650527834892273, -0.017580395564436913, 0.5536009669303894, 0.6036219596862793, -0.010283341631293297, 0.5585175156593323, 0.5034022331237793, -0.015499141067266464, 0.5605316758155823, 0.4393373429775238, -0.02176051028072834, 0.5623425841331482, 0.3902493119239807, -0.02584594488143921, 0.5253652334213257, 0.6074396967887878, -0.017030885443091393, 0.5195982456207275, 0.5111564993858337, -0.027151189744472504, 0.5150824189186096, 0.4509046673774719, -0.03900235518813133, 0.51339191198349, 0.4027550220489502, -0.047288473695516586, 0.4989526867866516, 0.6313879489898682, -0.024028830230236053, 0.4756174087524414, 0.5789262056350708, -0.038447584956884384, 0.46256935596466064, 0.5457877516746521, -0.048064738512039185, 0.4551250636577606, 0.5188124179840088, -0.05346895754337311]"
"[0.4909340739250183, 0.7814853191375732, 1.923384758129032e-07, 0.5333055257797241, 0.7476969957351685, -0.017733054235577583, 0.5687970519065857, 0.6720965504646301, -0.02168431505560875, 0.5875663161277771, 0.5991309881210327, -0.024389008060097694, 0.5962525606155396, 0.5366936922073364, -0.026947978883981705, 0.5386015772819519, 0.5844132304191589, -0.00647395197302103, 0.5502859354019165, 0.517349123954773, -0.015577285550534725, 0.5577667951583862, 0.4833279252052307, -0.02427239902317524, 0.5644572973251343, 0.45857876539230347, -0.030896656215190887, 0.5115668177604675, 0.5733519196510315, -0.005693426355719566, 0.5150406956672668, 0.5039008855819702, -0.012765716761350632, 0.51848304271698, 0.46281784772872925, -0.023127350956201553, 0.5219918489456177, 0.43105068802833557, -0.03152332082390785, 0.4863094091415405, 0.5800692439079285, -0.008069673553109169, 0.482083261013031, 0.5122045278549194, -0.018759075552225113, 0.4792100191116333, 0.4731925129890442, -0.030037935823202133, 0.47859156131744385, 0.44246429204940796, -0.03851001337170601, 0.4638933837413788, 0.6048876047134399, -0.01200480479747057, 0.4441215395927429, 0.5577306151390076, -0.025539416819810867, 0.42982766032218933, 0.5294360518455505, -0.034494902938604355, 0.41953331232070923, 0.5035723447799683, -0.04017040878534317]",[]
[],"[0.4657561480998993, 0.7728605270385742, 2.0178920578928228e-07, 0.5173370242118835, 0.755907416343689, -0.008351679891347885, 0.5440622568130493, 0.7038867473602295, -0.00862233154475689, 0.5644908547401428, 0.6496894359588623, -0.00883379764854908, 0.5769085884094238, 0.610237717628479, -0.008109021000564098, 0.5124666690826416, 0.554705798625946, 0.006201577838510275, 0.5146502256393433, 0.4814249873161316, 0.007803450338542461, 0.5130752921104431, 0.447087824344635, 0.008155466988682747, 0.5113198757171631, 0.4340320825576782, 0.009088817983865738, 0.48028483986854553, 0.5469260215759277, 0.010023243725299835, 0.4632757008075714, 0.47742465138435364, 0.018564777448773384, 0.45586544275283813, 0.4405408799648285, 0.02226109802722931, 0.45063087344169617, 0.42120686173439026, 0.02460424043238163, 0.4547688066959381, 0.5648110508918762, 0.01150468923151493, 0.43062669038772583, 0.5150952935218811, 0.013587125577032566, 0.4181525707244873, 0.48847696185112, 0.00943475030362606, 0.4086926281452179, 0.47713005542755127, 0.0069451844319701195, 0.4378189742565155, 0.5986486673355103, 0.011999241076409817, 0.4141610264778137, 0.5847694873809814, 0.008801785297691822, 0.39940816164016724, 0.5797968506813049, 0.0041284821927547455, 0.38817909359931946, 0.583217203617096, 0.0027827045414596796]"
[],"[0.4844334125518799, 0.7949573397636414, 2.0272105416552222e-07, 0.5416374206542969, 0.7629696726799011, -0.008831720799207687, 0.5695598721504211, 0.6888642311096191, -0.00723339943215251, 0.582090437412262, 0.6222847104072571, -0.005088193342089653, 0.5861191153526306, 0.5720441937446594, -0.0016897348687052727, 0.517196536064148, 0.5645162463188171, 0.006435959134250879, 0.5167195796966553, 0.4873948395252228, 0.006907328497618437, 0.5130040645599365, 0.465959370136261, 0.007106737699359655, 0.5103427171707153, 0.4737793505191803, 0.00909960363060236, 0.47944533824920654, 0.569010317325592, 0.00968084391206503, 0.4650450646877289, 0.4915733337402344, 0.017695069313049316, 0.4582533538341522, 0.457613468170166, 0.021281415596604347, 0.45169347524642944, 0.4438079595565796, 0.023782363161444664, 0.45097535848617554, 0.600655198097229, 0.010127419605851173, 0.42618468403816223, 0.5448941588401794, 0.011010321788489819, 0.4110327959060669, 0.5141933560371399, 0.004705476574599743, 0.3990345001220703, 0.4994656443595886, 0.00020388491975609213, 0.43361005187034607, 0.6460814476013184, 0.00979637447744608, 0.40833231806755066, 0.641396164894104, 0.006379375234246254, 0.39239105582237244, 0.6408704519271851, 0.0007671740604564548, 0.3806532621383667, 0.6460089087486267, -0.0021045622415840626]"
[],"[0.5077430009841919, 0.8415976166725159, 2.704899202399247e-07, 0.5618492364883423, 0.8030988574028015, -0.00812581181526184, 0.5864630341529846, 0.7370480298995972, -0.00803521741181612, 0.6030762195587158, 0.6701110601425171, -0.008469442836940289, 0.6113776564598083, 0.6184471845626831, -0.009062123484909534, 0.5423142313957214, 0.627537727355957, 0.0055188629776239395, 0.5450728535652161, 0.5505610108375549, 0.005476581864058971, 0.5438215732574463, 0.5194079279899597, 0.003031437983736396, 0.5404233336448669, 0.5043830871582031, 0.0007716441759839654, 0.5062592625617981, 0.6243453621864319, 0.0048786248080432415, 0.49455174803733826, 0.5441382527351379, 0.008605962619185448, 0.48842301964759827, 0.503753662109375, 0.004425734747201204, 0.4816797077655792, 0.47915971279144287, 0.0001155799618572928, 0.4753981828689575, 0.6492382884025574, 0.0021993820555508137, 0.45208901166915894, 0.5878517031669617, 0.0008751965360715985, 0.4384939968585968, 0.5532520413398743, -0.009140968322753906, 0.42709773778915405, 0.5291334390640259, -0.017726555466651917, 0.45539864897727966, 0.6935941576957703, -0.00112158281262964, 0.42415764927864075, 0.6725753545761108, -0.007302065845578909, 0.4022473692893982, 0.6576982736587524, -0.014590710401535034, 0.38448238372802734, 0.6455257534980774, -0.01966693066060543]"
[],"[0.5191602110862732, 0.8984976410865784, 3.006096278568293e-07, 0.5828936100006104, 0.8817274570465088, -0.023889027535915375, 0.621307909488678, 0.8224589228630066, -0.034563034772872925, 0.646611750125885, 0.7539651393890381, -0.04269418120384216, 0.6592510938644409, 0.6986741423606873, -0.0501994788646698, 0.570990264415741, 0.6769618988037109, -0.0196890477091074, 0.5720958709716797, 0.5859832763671875, -0.02813923917710781, 0.5752362012863159, 0.5276756286621094, -0.03490029647946358, 0.5786716341972351, 0.48259562253952026, -0.04107633978128433, 0.532184362411499, 0.662984311580658, -0.015843356028199196, 0.5160290598869324, 0.5644077658653259, -0.02434776909649372, 0.5076712965965271, 0.5029938817024231, -0.03203257918357849, 0.501490592956543, 0.45224034786224365, -0.03831375762820244, 0.5010403990745544, 0.6743942499160767, -0.014685295522212982, 0.4823547899723053, 0.5809365510940552, -0.026833197101950645, 0.4728248715400696, 0.5185683965682983, -0.039026230573654175, 0.4655405282974243, 0.4663204550743103, -0.047816477715969086, 0.4794985055923462, 0.7015003561973572, -0.015274911187589169, 0.4501396417617798, 0.639564037322998, -0.03179923817515373, 0.4301197826862335, 0.5953980088233948, -0.04450620710849762, 0.41510307788848877, 0.5545130968093872, -0.052470140159130096]"
[],"[0.5210505127906799, 0.895167350769043, 3.862314201796835e-07, 0.5842097401618958, 0.892509400844574, -0.033375561237335205, 0.6256064176559448, 0.8403372764587402, -0.0496206171810627, 0.6498360633850098, 0.7801341414451599, -0.06041352078318596, 0.6697420477867126, 0.7347762584686279, -0.07086766511201859, 0.5865375995635986, 0.7028270363807678, -0.04184737801551819, 0.5874673128128052, 0.6073607802391052, -0.0595371387898922, 0.593245804309845, 0.5466215014457703, -0.0727287009358406, 0.6002537608146667, 0.5021904706954956, -0.0822509378194809, 0.5479217767715454, 0.6804970502853394, -0.0348413847386837, 0.5248720049858093, 0.5561427474021912, -0.052723467350006104, 0.514339029788971, 0.47031068801879883, -0.06761006265878677, 0.5069277286529541, 0.40676149725914, -0.07702422142028809, 0.5201423168182373, 0.6890940070152283, -0.029437443241477013, 0.5136876106262207, 0.5743017196655273, -0.04947594925761223, 0.513037383556366, 0.4961501955986023, -0.06749595701694489, 0.5135869383811951, 0.4302854835987091, -0.07821372896432877, 0.5050223469734192, 0.7175199389457703, -0.025416648015379906, 0.5008753538131714, 0.6573531031608582, -0.04722728580236435, 0.49679282307624817, 0.61159747838974, -0.06054135039448738, 0.49467185139656067, 0.569261372089386, -0.0673137977719307]"
[],"[0.5269158482551575, 0.8792507648468018, 3.542317870142142e-07, 0.5830020904541016, 0.8709567785263062, -0.021421128883957863, 0.6180121302604675, 0.8183636665344238, -0.03296816349029541, 0.6334291100502014, 0.7637163400650024, -0.041757818311452866, 0.6376221179962158, 0.7206379771232605, -0.050654806196689606, 0.5867279767990112, 0.6727644801139832, -0.026965009048581123, 0.5912247896194458, 0.5773290395736694, -0.040142372250556946, 0.5994458794593811, 0.5193458795547485, -0.05102483928203583, 0.608007550239563, 0.4759990870952606, -0.05880510061979294, 0.554772138595581, 0.6484770774841309, -0.025846116244792938, 0.5383286476135254, 0.5265527963638306, -0.03928467631340027, 0.5289215445518494, 0.4412934184074402, -0.05326179042458534, 0.5232614874839783, 0.37828242778778076, -0.06252516061067581, 0.5266122221946716, 0.6539498567581177, -0.025600703433156013, 0.5221256613731384, 0.5350393652915955, -0.04109009727835655, 0.5222823619842529, 0.45818594098091125, -0.05720355734229088, 0.5236998796463013, 0.3987385928630829, -0.06718890368938446, 0.503433883190155, 0.6805944442749023, -0.025931235402822495, 0.4932704567909241, 0.6135722994804382, -0.04308408871293068, 0.48771628737449646, 0.5673406720161438, -0.0532083585858345, 0.4854295253753662, 0.5314876437187195, -0.0580269917845726]"
[],"[0.519572913646698, 0.8171371817588806, 3.100433332292596e-07, 0.56975257396698, 0.7958133220672607, -0.007874811999499798, 0.6053407788276672, 0.7398950457572937, -0.011125043965876102, 0.628425657749176, 0.6856536865234375, -0.014307950623333454, 0.6355279088020325, 0.6387380361557007, -0.017776861786842346, 0.5848166942596436, 0.6361107230186462, -0.006591386627405882, 0.5989161133766174, 0.5555467009544373, -0.011918286792933941, 0.6056527495384216, 0.5075377821922302, -0.015841016545891762, 0.6097841858863831, 0.47138476371765137, -0.018928302451968193, 0.5580089688301086, 0.6172701120376587, -0.010108964517712593, 0.5620586276054382, 0.5151630640029907, -0.015817318111658096, 0.563043475151062, 0.4503871202468872, -0.022315267473459244, 0.5631632208824158, 0.4022365212440491, -0.026510318741202354, 0.5293938517570496, 0.6195884943008423, -0.014540903270244598, 0.5247030258178711, 0.5268803238868713, -0.022663790732622147, 0.5198289752006531, 0.472707599401474, -0.0322222039103508, 0.5167960524559021, 0.4316014349460602, -0.038786180317401886, 0.5016495585441589, 0.6404451131820679, -0.019186653196811676, 0.4840575158596039, 0.5851935744285583, -0.029510553926229477, 0.47503483295440674, 0.5508869290351868, -0.03618186339735985, 0.4702415466308594, 0.5231176614761353, -0.03973810747265816]"
"[0.49100691080093384, 0.7868903875350952, 2.501890605799417e-07, 0.534584105014801, 0.7471010684967041, -0.01976929046213627, 0.5687483549118042, 0.6666411757469177, -0.024780692532658577, 0.5905443429946899, 0.592107355594635, -0.027925819158554077, 0.5984109044075012, 0.5270302295684814, -0.03185305371880531, 0.5354220867156982, 0.5872470736503601, -0.012348540127277374, 0.5435581207275391, 0.5098560452461243, -0.021610256284475327, 0.5488221049308777, 0.46390634775161743, -0.030060799792408943, 0.5529752969741821, 0.4302023649215698, -0.03686951845884323, 0.507576584815979, 0.5852844715118408, -0.010543282143771648, 0.5049281120300293, 0.511834442615509, -0.018843920901417732, 0.504071831703186, 0.4665569067001343, -0.030713774263858795, 0.5036206245422363, 0.43395423889160156, -0.040137115865945816, 0.4825630784034729, 0.6012954711914062, -0.01142664160579443, 0.4724265933036804, 0.5321858525276184, -0.022400762885808945, 0.46523523330688477, 0.4873216152191162, -0.03483245149254799, 0.4610389471054077, 0.4508710503578186, -0.04434940963983536, 0.46223828196525574, 0.6341719031333923, -0.013796661049127579, 0.4419846534729004, 0.591648280620575, -0.027783270925283432, 0.4256648123264313, 0.5622967481613159, -0.037571344524621964, 0.413834810256958, 0.5345219373703003, -0.043937597423791885]",[]
"[0.46299490332603455, 0.7632285356521606, 2.6643826345207344e-07, 0.5058812499046326, 0.7439011931419373, -0.018314693123102188, 0.5342937111854553, 0.6942440271377563, -0.024454938247799873, 0.5521252751350403, 0.6470988392829895, -0.029167432337999344, 0.5674504041671753, 0.6134129762649536, -0.03456989675760269, 0.5045611262321472, 0.5519757866859436, -0.015606225468218327, 0.5096206068992615, 0.46699875593185425, -0.023640140891075134, 0.5129857659339905, 0.41800737380981445, -0.03048051707446575, 0.5175349712371826, 0.3779865503311157, -0.035720910876989365, 0.47332489490509033, 0.5447046160697937, -0.011651470325887203, 0.4574374556541443, 0.4719608426094055, -0.01446501538157463, 0.45125794410705566, 0.4274066984653473, -0.020364705473184586, 0.4475010633468628, 0.39684754610061646, -0.025717271491885185, 0.4485326111316681, 0.5650364756584167, -0.00982275977730751, 0.42262518405914307, 0.5216009020805359, -0.018505392596125603, 0.4117898941040039, 0.49522653222084045, -0.03178552910685539, 0.4025820791721344, 0.48082196712493896, -0.040914762765169144, 0.43137532472610474, 0.602875828742981, -0.009425993077456951, 0.408451646566391, 0.5991343259811401, -0.02272454835474491, 0.397294282913208, 0.6066813468933105, -0.0332016684114933, 0.38858503103256226, 0.6194519400596619, -0.039075352251529694]",[]
[],"[0.4607023298740387, 0.7656843066215515, 2.8913487426507345e-07, 0.5064499378204346, 0.7402567863464355, -0.021672885864973068, 0.533823549747467, 0.6848095059394836, -0.027297042310237885, 0.5496101975440979, 0.6359268426895142, -0.030426308512687683, 0.5608623027801514, 0.5960842370986938, -0.03381752967834473, 0.4995959401130676, 0.5509297251701355, -0.014229947701096535, 0.5031203627586365, 0.47101134061813354, -0.01689951866865158, 0.504306972026825, 0.426521360874176, -0.02031271904706955, 0.505810022354126, 0.3886919319629669, -0.02440497651696205, 0.46836403012275696, 0.5488830804824829, -0.008831523358821869, 0.45397454500198364, 0.4778726100921631, -0.006591049488633871, 0.4476540982723236, 0.43544697761535645, -0.010737250559031963, 0.44057437777519226, 0.4078315198421478, -0.016481153666973114, 0.44319018721580505, 0.5722827911376953, -0.006219323258846998, 0.42135089635849, 0.5290336012840271, -0.013727100566029549, 0.4070798456668854, 0.5017849802970886, -0.029964754357933998, 0.3908790946006775, 0.4876595735549927, -0.04244579002261162, 0.4250791668891907, 0.6095147728919983, -0.005245928652584553, 0.4076008200645447, 0.6103202104568481, -0.02063891664147377, 0.3951721787452698, 0.621203601360321, -0.035268280655145645, 0.38251274824142456, 0.6359881162643433, -0.04522649571299553]"
[],"[0.4891575574874878, 0.8004049062728882, 3.4072076005031704e-07, 0.5414266586303711, 0.7705355882644653, -0.015485306270420551, 0.5709498524665833, 0.7070961594581604, -0.018673358485102654, 0.588549792766571, 0.6431744694709778, -0.021264752373099327, 0.5938851833343506, 0.5864448547363281, -0.02418721839785576, 0.5270479917526245, 0.5944277048110962, -0.003791797673329711, 0.5342313647270203, 0.5241180062294006, -0.007515314966440201, 0.5377641916275024, 0.48084545135498047, -0.010242101736366749, 0.5401194095611572, 0.4547545313835144, -0.012171722948551178, 0.4913794696331024, 0.5877661108970642, -0.0021792915649712086, 0.48136577010154724, 0.5103550553321838, -0.001602138509042561, 0.47807833552360535, 0.4789206385612488, -0.0030052808579057455, 0.47624489665031433, 0.4640160799026489, -0.0036207283847033978, 0.46131816506385803, 0.6111757159233093, -0.0033813784830272198, 0.44111379981040955, 0.5526175498962402, -0.01016167551279068, 0.431618869304657, 0.5272213816642761, -0.01771056279540062, 0.4252977967262268, 0.5147832632064819, -0.02258121408522129, 0.4397587478160858, 0.6554095149040222, -0.00580042926594615, 0.4147980213165283, 0.6461942791938782, -0.017382685095071793, 0.4020525813102722, 0.6399255394935608, -0.0251124519854784, 0.3932951092720032, 0.6395500898361206, -0.028777943924069405]"
"[0.5321397185325623, 0.6888218522071838, 3.1183037663140567e-07, 0.49170905351638794, 0.6434582471847534, -0.007980101741850376, 0.4607895016670227, 0.5792760848999023, -0.01731903664767742, 0.43062064051628113, 0.528504490852356, -0.02581695467233658, 0.4035285711288452, 0.501882016658783, -0.035022489726543427, 0.4918699562549591, 0.4927278161048889, -0.0231335386633873, 0.46583205461502075, 0.4011763632297516, -0.0358620285987854, 0.45382967591285706, 0.34234970808029175, -0.04352009296417236, 0.44748300313949585, 0.2956312298774719, -0.04788784682750702, 0.5251564383506775, 0.47423505783081055, -0.02530168555676937, 0.5169163346290588, 0.3657814860343933, -0.03519375994801521, 0.5163192749023438, 0.2934912443161011, -0.04162387177348137, 0.5198120474815369, 0.23758652806282043, -0.04565457999706268, 0.557594358921051, 0.47924724221229553, -0.026859929785132408, 0.5632845163345337, 0.3871878385543823, -0.03594965487718582, 0.5734380483627319, 0.33277323842048645, -0.0406372956931591, 0.5823336243629456, 0.29359468817710876, -0.04296239838004112, 0.5853962898254395, 0.4996553063392639, -0.028396109119057655, 0.595764696598053, 0.44049888849258423, -0.034377727657556534, 0.6038509607315063, 0.411368727684021, -0.032924652099609375, 0.6110999584197998, 0.3905467092990875, -0.030367953702807426]",[]
"[0.5308303833007812, 0.6786603927612305, 2.607126532438997e-07, 0.4892526865005493, 0.6421669721603394, -0.013520373962819576, 0.4584982693195343, 0.5906252264976501, -0.02558549866080284, 0.42985159158706665, 0.5456972718238831, -0.0362088605761528, 0.40070414543151855, 0.5229591131210327, -0.04761771485209465, 0.4852243661880493, 0.47960397601127625, -0.024168947711586952, 0.460811048746109, 0.4009631872177124, -0.03432035446166992, 0.4511837363243103, 0.3493947982788086, -0.04198237881064415, 0.4450867474079132, 0.3077082633972168, -0.047126077115535736, 0.5225957632064819, 0.4557233154773712, -0.0230568740516901, 0.5135495066642761, 0.3610894978046417, -0.0294102281332016, 0.5114111304283142, 0.30071866512298584, -0.03514987975358963, 0.5131108164787292, 0.25411880016326904, -0.04000884294509888, 0.5551116466522217, 0.4611988365650177, -0.02198135294020176, 0.5579821467399597, 0.3804734945297241, -0.02857056073844433, 0.5656085014343262, 0.3331855833530426, -0.03413957729935646, 0.5726274847984314, 0.2998518943786621, -0.038454316556453705, 0.580397367477417, 0.48418837785720825, -0.02144370600581169, 0.5915759205818176, 0.4372778534889221, -0.026360729709267616, 0.6015353798866272, 0.4098227918148041, -0.02672962099313736, 0.610175609588623, 0.38901305198669434, -0.026451842859387398]",[]
"[0.5287073850631714, 0.6624073386192322, 2.876597022805072e-07, 0.49006330966949463, 0.6359634399414062, -0.016994185745716095, 0.4613843262195587, 0.5922090411186218, -0.030078450217843056, 0.4317072629928589, 0.5523319840431213, -0.04072317108511925, 0.40316399931907654, 0.528971791267395, -0.05215214192867279, 0.48286205530166626, 0.4710484445095062, -0.027196163311600685, 0.4599551260471344, 0.408841997385025, -0.035192325711250305, 0.4524718225002289, 0.36716383695602417, -0.040603116154670715, 0.44862720370292664, 0.33391624689102173, -0.04442747309803963, 0.5200023651123047, 0.4449881613254547, -0.02383337914943695, 0.5115386843681335, 0.3579171895980835, -0.028593316674232483, 0.5112152695655823, 0.3061729073524475, -0.031714364886283875, 0.5132430791854858, 0.26891666650772095, -0.03409915789961815, 0.5528720617294312, 0.45286449790000916, -0.020683608949184418, 0.5567384362220764, 0.3820786774158478, -0.027347303926944733, 0.5636890530586243, 0.34192538261413574, -0.03216203302145004, 0.569752037525177, 0.3138177990913391, -0.03537576645612717, 0.5792359709739685, 0.4814034700393677, -0.017975620925426483, 0.5915303230285645, 0.44543516635894775, -0.023823155090212822, 0.5992411375045776, 0.425506591796875, -0.023952264338731766, 0.6050358414649963, 0.41162264347076416, -0.022904951125383377]",[]
"[0.5253444314002991, 0.6540071964263916, 2.3049858555168612e-07, 0.49534809589385986, 0.6380879878997803, -0.01733993925154209, 0.4664601981639862, 0.5939081907272339, -0.02691354788839817, 0.4328894019126892, 0.5580966472625732, -0.03375082463026047, 0.40557241439819336, 0.5354178547859192, -0.0408993624150753, 0.4875282645225525, 0.4739227592945099, -0.020308842882514, 0.46380263566970825, 0.408407986164093, -0.025437146425247192, 0.45398014783859253, 0.3674509525299072, -0.029514489695429802, 0.4492049515247345, 0.3343064785003662, -0.03238801658153534, 0.5149680376052856, 0.44359755516052246, -0.014505977742373943, 0.5070577263832092, 0.36212021112442017, -0.016826776787638664, 0.5072877407073975, 0.3101602792739868, -0.01847868226468563, 0.5104881525039673, 0.2765355110168457, -0.019373860210180283, 0.5398953557014465, 0.44549280405044556, -0.009757430292665958, 0.5444562435150146, 0.3754367530345917, -0.01631977967917919, 0.5485038161277771, 0.33867040276527405, -0.02380630187690258, 0.5531339049339294, 0.3138256072998047, -0.02807500958442688, 0.5601827502250671, 0.46372026205062866, -0.005431432742625475, 0.5669645667076111, 0.43264320492744446, -0.01365369837731123, 0.5675855875015259, 0.42428430914878845, -0.01804378069937229, 0.5697829127311707, 0.4196603000164032, -0.0193921010941267]",[]
[],"[0.5366262793540955, 0.6582255959510803, 2.461225392380584e-07, 0.5790063142776489, 0.6150989532470703, -0.006153520662337542, 0.5971550345420837, 0.5600443482398987, -0.008146805688738823, 0.6048721075057983, 0.5065892338752747, -0.009255335666239262, 0.6027026176452637, 0.467716246843338, -0.008961676619946957, 0.5804617404937744, 0.452121376991272, -0.005759213585406542, 0.5671041011810303, 0.40796563029289246, -0.004038562066853046, 0.5602535605430603, 0.3986649513244629, 0.0010484090307727456, 0.5580970644950867, 0.4015171229839325, 0.004910971969366074, 0.5473455786705017, 0.4442976117134094, -0.006645012181252241, 0.5315831303596497, 0.3709881901741028, -0.007175617851316929, 0.5240550637245178, 0.32064706087112427, -0.002822267822921276, 0.5194734334945679, 0.2889970541000366, 0.0018143098568543792, 0.5158974528312683, 0.46056556701660156, -0.008637611754238605, 0.48934686183929443, 0.3934897184371948, -0.014937760308384895, 0.4755721986293793, 0.3555448055267334, -0.016642358154058456, 0.4670540690422058, 0.32843804359436035, -0.01575193554162979, 0.491710901260376, 0.49632519483566284, -0.010771840810775757, 0.4675843119621277, 0.45792773365974426, -0.020299028605222702, 0.45399999618530273, 0.4379633069038391, -0.02346622198820114, 0.44649457931518555, 0.42153608798980713, -0.022836722433567047]"
"[0.5353634357452393, 0.695310115814209, 2.2213203010323923e-07, 0.5340458154678345, 0.6633327007293701, -0.009973329491913319, 0.5216087102890015, 0.6077866554260254, -0.015129734762012959, 0.4980469346046448, 0.5632103681564331, -0.01798567920923233, 0.4715464115142822, 0.5368248820304871, -0.02103666588664055, 0.5455397963523865, 0.4786173403263092, -0.011323471553623676, 0.5158725380897522, 0.40083932876586914, -0.010036725550889969, 0.5009989738464355, 0.35883277654647827, -0.00895338598638773, 0.49294233322143555, 0.32722708582878113, -0.00871605146676302, 0.5443592071533203, 0.4601229727268219, -0.00892779603600502, 0.5309588313102722, 0.37014126777648926, -0.008621366694569588, 0.5266188979148865, 0.31349068880081177, -0.0077455537393689156, 0.5272315144538879, 0.27996423840522766, -0.006251613609492779, 0.5383791327476501, 0.4700438976287842, -0.007054633926600218, 0.5286127924919128, 0.3847634792327881, -0.009613475762307644, 0.5255030989646912, 0.3323439359664917, -0.013161322101950645, 0.5257775783538818, 0.29878687858581543, -0.014907902106642723, 0.5289635062217712, 0.4955143928527832, -0.005407555494457483, 0.5198369026184082, 0.44616973400115967, -0.01098159421235323, 0.5144051909446716, 0.41546374559402466, -0.013703537173569202, 0.5128437876701355, 0.3936012089252472, -0.013736527413129807]",[]
"[0.5442907214164734, 0.6943391561508179, 4.1301802866655635e-07, 0.504214882850647, 0.6445940732955933, -0.0063769700936973095, 0.47239452600479126, 0.5772104263305664, -0.015915174037218094, 0.44688862562179565, 0.515609085559845, -0.02363956719636917, 0.41980016231536865, 0.4869464635848999, -0.031623370945453644, 0.5026062726974487, 0.5106411576271057, -0.036041099578142166, 0.48063647747039795, 0.42202427983283997, -0.04303357005119324, 0.47380900382995605, 0.3879358470439911, -0.042541272938251495, 0.47375255823135376, 0.3574760854244232, -0.042150624096393585, 0.537351667881012, 0.49727368354797363, -0.03835400566458702, 0.5337390303611755, 0.3792828917503357, -0.05158868804574013, 0.5369431972503662, 0.29334765672683716, -0.057664014399051666, 0.5452241897583008, 0.22710874676704407, -0.06154976412653923, 0.5703112483024597, 0.5075560808181763, -0.037482816725969315, 0.5750429630279541, 0.4046442210674286, -0.05106690153479576, 0.5855175256729126, 0.3770085573196411, -0.05493824928998947, 0.5973786115646362, 0.3698245882987976, -0.055385101586580276, 0.5977526307106018, 0.5308353304862976, -0.03526218980550766, 0.6055607795715332, 0.4710111916065216, -0.04640579968690872, 0.6120500564575195, 0.4567112922668457, -0.04593639075756073, 0.6208623647689819, 0.4519146680831909, -0.04312967509031296]",[]
"[0.5563074350357056, 0.676457941532135, 3.9036862631292024e-07, 0.5186066627502441, 0.6235822439193726, -0.005700676701962948, 0.49060672521591187, 0.551294207572937, -0.014385703951120377, 0.46226608753204346, 0.4978012144565582, -0.022275250405073166, 0.43400391936302185, 0.4735756814479828, -0.03138069063425064, 0.5116010308265686, 0.5115649104118347, -0.03173337131738663, 0.4914538860321045, 0.3980671167373657, -0.0428805910050869, 0.4809580445289612, 0.33137503266334534, -0.046478305011987686, 0.4738733172416687, 0.281146764755249, -0.04886919632554054, 0.5439261794090271, 0.5063907504081726, -0.03659792244434357, 0.5354002714157104, 0.3910224437713623, -0.04630561172962189, 0.5395215153694153, 0.32322704792022705, -0.049125198274850845, 0.5465328097343445, 0.27475669980049133, -0.05139372497797012, 0.5743529200553894, 0.5199381709098816, -0.04029635712504387, 0.5769345164299011, 0.40896907448768616, -0.05390844866633415, 0.5880648493766785, 0.37469953298568726, -0.05639295279979706, 0.5995478630065918, 0.35615792870521545, -0.056733500212430954, 0.6007843017578125, 0.542752206325531, -0.04287726804614067, 0.6079666018486023, 0.4743511378765106, -0.05777251720428467, 0.6184855103492737, 0.4493775963783264, -0.05908137559890747, 0.6291131377220154, 0.4359680414199829, -0.05776428058743477]",[]
"[0.5660052299499512, 0.6963985562324524, 3.40450213798249e-07, 0.5224842429161072, 0.637897789478302, -0.005997453350573778, 0.49209749698638916, 0.5633184313774109, -0.016424674540758133, 0.46278563141822815, 0.5030791163444519, -0.024513963609933853, 0.4332388639450073, 0.4709203839302063, -0.03245096653699875, 0.5137571096420288, 0.5243061780929565, -0.04353976622223854, 0.49209654331207275, 0.400557279586792, -0.05966995656490326, 0.4784632623195648, 0.32858940958976746, -0.06395898014307022, 0.46783021092414856, 0.2776637673377991, -0.06479207426309586, 0.5487301349639893, 0.5177450776100159, -0.044565584510564804, 0.5378869771957397, 0.4005569815635681, -0.05699850246310234, 0.5354906916618347, 0.3466525673866272, -0.052588846534490585, 0.5348780155181885, 0.31573349237442017, -0.04739362746477127, 0.5802299380302429, 0.5289526581764221, -0.0438491515815258, 0.5794549584388733, 0.4234514832496643, -0.05685849487781525, 0.5753265023231506, 0.39994895458221436, -0.047382086515426636, 0.5731112360954285, 0.3981298506259918, -0.03687220439314842, 0.6074103713035583, 0.5478233098983765, -0.041926413774490356, 0.6086289286613464, 0.47481927275657654, -0.05174994096159935, 0.6082359552383423, 0.4497421979904175, -0.04418065771460533, 0.6096042394638062, 0.4432153105735779, -0.03472648561000824]",[]
"[0.5534460544586182, 0.6879539489746094, 2.0012488732845668e-07, 0.512169361114502, 0.6536898612976074, -0.007482780609279871, 0.48050618171691895, 0.5876492261886597, -0.01573655568063259, 0.45567014813423157, 0.5261498093605042, -0.02222960814833641, 0.4303629398345947, 0.4890457093715668, -0.029555972665548325, 0.509243369102478, 0.5268506407737732, -0.027892721816897392, 0.48111093044281006, 0.4653490483760834, -0.036425985395908356, 0.4630606174468994, 0.4432602524757385, -0.039749715477228165, 0.4514557421207428, 0.4282442033290863, -0.041577670723199844, 0.5393190383911133, 0.5019795894622803, -0.03179387003183365, 0.5116759538650513, 0.39479610323905945, -0.041738834232091904, 0.49458223581314087, 0.32297781109809875, -0.0467388741672039, 0.4850810766220093, 0.271065354347229, -0.04971357062458992, 0.5674054026603699, 0.5050685405731201, -0.0344557911157608, 0.5514281392097473, 0.4062125086784363, -0.04815977066755295, 0.5382446050643921, 0.3592783212661743, -0.05593627318739891, 0.5305888652801514, 0.3286329507827759, -0.059991657733917236, 0.5931068658828735, 0.5268255472183228, -0.035800348967313766, 0.5870143175125122, 0.48018911480903625, -0.04860055446624756, 0.5795583724975586, 0.46788859367370605, -0.05009711906313896, 0.5771670341491699, 0.46362489461898804, -0.04910450801253319]",[]
"[0.5399174690246582, 0.6897702217102051, 1.0094730384935247e-07, 0.49877306818962097, 0.6523658037185669, -0.0057679954916238785, 0.467093288898468, 0.5854843258857727, -0.012315834872424603, 0.4379376471042633, 0.5325163006782532, -0.017178893089294434, 0.40949559211730957, 0.5085622072219849, -0.02266748435795307, 0.5018070340156555, 0.5079700350761414, -0.021820826455950737, 0.4685916006565094, 0.45242977142333984, -0.026331482455134392, 0.4513114094734192, 0.4297434687614441, -0.02836114726960659, 0.43913882970809937, 0.4103264808654785, -0.030121121555566788, 0.5346326231956482, 0.4845682680606842, -0.02329416759312153, 0.5069323182106018, 0.39941227436065674, -0.028524378314614296, 0.4925549626350403, 0.34295210242271423, -0.03202330693602562, 0.484300434589386, 0.2989383339881897, -0.03559339791536331, 0.5646291971206665, 0.4870111048221588, -0.023319723084568977, 0.5620242953300476, 0.4009318947792053, -0.031580377370119095, 0.5663895010948181, 0.3477879464626312, -0.036356065422296524, 0.5721442699432373, 0.30828094482421875, -0.0398053377866745, 0.5898078680038452, 0.5077962875366211, -0.022276131436228752, 0.6001273989677429, 0.45163172483444214, -0.02999969571828842, 0.6096079349517822, 0.42032894492149353, -0.029544370248913765, 0.6183640956878662, 0.3973047733306885, -0.028390955179929733]",[]
"[0.5316389799118042, 0.6848360896110535, 3.051953569865873e-07, 0.4918263256549835, 0.6501281261444092, -0.013313385657966137, 0.46263980865478516, 0.5942243933677673, -0.024663031101226807, 0.43454715609550476, 0.5452036261558533, -0.03441423922777176, 0.40674328804016113, 0.521782398223877, -0.04467757046222687, 0.4918546676635742, 0.4885534644126892, -0.02288021333515644, 0.4654759168624878, 0.40987661480903625, -0.03383146971464157, 0.45392584800720215, 0.3573366105556488, -0.04202199727296829, 0.44888919591903687, 0.31410396099090576, -0.047320447862148285, 0.5269932746887207, 0.4667673408985138, -0.022329198196530342, 0.5163625478744507, 0.3755887746810913, -0.02815927006304264, 0.5140699744224548, 0.31355229020118713, -0.033393826335668564, 0.5171792507171631, 0.2652994990348816, -0.037682872265577316, 0.5587778091430664, 0.47320207953453064, -0.022106662392616272, 0.5630811452865601, 0.39248767495155334, -0.02864816039800644, 0.5712966322898865, 0.3437618315219879, -0.033957578241825104, 0.5791305303573608, 0.3070440888404846, -0.037900589406490326, 0.5844086408615112, 0.49653109908103943, -0.022441735491156578, 0.5982885956764221, 0.44868385791778564, -0.027915075421333313, 0.6082307696342468, 0.4226575791835785, -0.027916528284549713, 0.6163025498390198, 0.40177470445632935, -0.027093058452010155]",[]
"[0.5255979299545288, 0.6934722065925598, 2.7744866315515537e-07, 0.48937109112739563, 0.6514315605163574, -0.013567258603870869, 0.4625072479248047, 0.5964465141296387, -0.023006998002529144, 0.4348551630973816, 0.5534607172012329, -0.03005669265985489, 0.4078454077243805, 0.5286158323287964, -0.037379126995801926, 0.4928697347640991, 0.4802771508693695, -0.020169323310256004, 0.4645416736602783, 0.40681272745132446, -0.02692500874400139, 0.4527139663696289, 0.3603273332118988, -0.03163151070475578, 0.4458763599395752, 0.3241810202598572, -0.03439706936478615, 0.527618408203125, 0.46095654368400574, -0.016584133729338646, 0.5188788175582886, 0.3692777752876282, -0.02200184017419815, 0.5187216997146606, 0.3118324279785156, -0.026266297325491905, 0.5215240120887756, 0.2724648118019104, -0.028699634596705437, 0.5580846667289734, 0.47215479612350464, -0.013171419501304626, 0.5617958903312683, 0.39419686794281006, -0.019838839769363403, 0.5675909519195557, 0.3486115336418152, -0.025305241346359253, 0.5727763175964355, 0.3189767003059387, -0.028075791895389557, 0.5819940567016602, 0.500297486782074, -0.009917756542563438, 0.5949563980102539, 0.4541405141353607, -0.014839991927146912, 0.6022451519966125, 0.42721283435821533, -0.015676327049732208, 0.6088898181915283, 0.40750569105148315, -0.014637419022619724]",[]
"[0.5305237174034119, 0.6707392334938049, 2.3607192645158648e-07, 0.49603956937789917, 0.641516923904419, -0.013309757225215435, 0.467212051153183, 0.5945773124694824, -0.02211117371916771, 0.43887537717819214, 0.5551152229309082, -0.028856130316853523, 0.412686288356781, 0.530959963798523, -0.035672541707754135, 0.49199753999710083, 0.4802357852458954, -0.01917262189090252, 0.4675840437412262, 0.4082387387752533, -0.0242697112262249, 0.4591608941555023, 0.36274540424346924, -0.027414893731474876, 0.45470815896987915, 0.32694026827812195, -0.029175816103816032, 0.5249215960502625, 0.4546239376068115, -0.01485036313533783, 0.516531765460968, 0.37035441398620605, -0.01837356761097908, 0.5161116719245911, 0.3173615336418152, -0.02044500783085823, 0.5189920663833618, 0.28107526898384094, -0.02151436172425747, 0.5542522072792053, 0.45814669132232666, -0.010788208805024624, 0.5597975254058838, 0.38721370697021484, -0.016133489087224007, 0.5650929808616638, 0.3472752273082733, -0.020452095195651054, 0.5695186257362366, 0.3211700916290283, -0.022450504824519157, 0.578228235244751, 0.47830963134765625, -0.006923712324351072, 0.5928380489349365, 0.4363720715045929, -0.010392504744231701, 0.6000485420227051, 0.4136708676815033, -0.01037606317549944, 0.6058096289634705, 0.39709949493408203, -0.008925418369472027]",[]
"[0.5459306240081787, 0.6675344705581665, 1.914551859272251e-07, 0.5732004046440125, 0.6419926881790161, -0.008753152564167976, 0.5817661881446838, 0.590362548828125, -0.014622445218265057, 0.5800828337669373, 0.5376757383346558, -0.01821475848555565, 0.572655439376831, 0.5060911178588867, -0.02103598788380623, 0.5836079120635986, 0.46468010544776917, -0.010465569794178009, 0.5723461508750916, 0.40299034118652344, -0.006746482104063034, 0.5635138154029846, 0.37627941370010376, -0.003532196395099163, 0.5578489303588867, 0.36444002389907837, -0.0021756396163254976, 0.5606931447982788, 0.4491797983646393, -0.007675864268094301, 0.5436614751815796, 0.37003380060195923, -0.006547241471707821, 0.5370131134986877, 0.32701873779296875, -0.00378866633400321, 0.5336934328079224, 0.3021610975265503, -0.0015066958731040359, 0.5365185141563416, 0.45706436038017273, -0.005104143638163805, 0.5191394090652466, 0.376600980758667, -0.007127588614821434, 0.5125463604927063, 0.32658207416534424, -0.00875947717577219, 0.5084773898124695, 0.2926485538482666, -0.009593007154762745, 0.514910101890564, 0.48100465536117554, -0.0024715783074498177, 0.4975374937057495, 0.42365214228630066, -0.006071154493838549, 0.48890382051467896, 0.3890605568885803, -0.007214169949293137, 0.4849037230014801, 0.3610404133796692, -0.006854090839624405]",[]
"[0.5427851676940918, 0.6856931447982788, 3.72852639429766e-07, 0.5326597690582275, 0.6540312767028809, -0.01907963678240776, 0.511211633682251, 0.6009986996650696, -0.03073781728744507, 0.48231783509254456, 0.5600219964981079, -0.03794451430439949, 0.454115629196167, 0.5363267064094543, -0.04456465691328049, 0.5429456233978271, 0.4823077619075775, -0.029616957530379295, 0.5356728434562683, 0.3982100486755371, -0.035278819501399994, 0.532224714756012, 0.3486476540565491, -0.03624946251511574, 0.5330973267555237, 0.3147990107536316, -0.036018822342157364, 0.54831463098526, 0.4644016921520233, -0.0222199484705925, 0.5360320210456848, 0.3697205185890198, -0.030291037634015083, 0.5308201313018799, 0.30728501081466675, -0.03119760937988758, 0.531482458114624, 0.2693408131599426, -0.028926528990268707, 0.5535391569137573, 0.4743264615535736, -0.015019710175693035, 0.5357718467712402, 0.3994523584842682, -0.02401517890393734, 0.5245620608329773, 0.3606211543083191, -0.028766388073563576, 0.519123375415802, 0.3381265103816986, -0.029057761654257774, 0.5590380430221558, 0.5001706480979919, -0.008320841938257217, 0.548842191696167, 0.4607084393501282, -0.01695387437939644, 0.5427403450012207, 0.44324636459350586, -0.020195933058857918, 0.540888786315918, 0.43358659744262695, -0.019483808428049088]",[]
"[0.5477397441864014, 0.6789479851722717, 3.439496367718675e-07, 0.5100930333137512, 0.6395864486694336, -0.010426913388073444, 0.47896477580070496, 0.5774244070053101, -0.016984183341264725, 0.45172250270843506, 0.5251927971839905, -0.02204797975718975, 0.4259399473667145, 0.5013900995254517, -0.027639012783765793, 0.5060363411903381, 0.4907458424568176, -0.019545475021004677, 0.48557084798812866, 0.400204598903656, -0.027973882853984833, 0.4751947522163391, 0.3429222106933594, -0.032464221119880676, 0.4686715006828308, 0.29919010400772095, -0.03517814725637436, 0.5392701625823975, 0.4748602509498596, -0.020239925011992455, 0.5359770655632019, 0.3747880458831787, -0.028078751638531685, 0.5372039675712585, 0.3059631884098053, -0.03466498851776123, 0.5421981811523438, 0.254099577665329, -0.038942206650972366, 0.5704566836357117, 0.4847278892993927, -0.020854918286204338, 0.582424521446228, 0.3982849717140198, -0.03219928592443466, 0.5970956683158875, 0.35274839401245117, -0.040526293218135834, 0.6109459400177002, 0.32076001167297363, -0.04496312513947487, 0.5961210131645203, 0.5095371603965759, -0.021184422075748444, 0.6151059865951538, 0.4616588354110718, -0.03354882821440697, 0.628598153591156, 0.4377119541168213, -0.03759294003248215, 0.6407501697540283, 0.41777002811431885, -0.03831405192613602]",[]
"[0.5590060949325562, 0.680668830871582, 3.9224170222951216e-07, 0.5175333023071289, 0.628764271736145, -0.0042532263323664665, 0.48401036858558655, 0.5624932646751404, -0.011652268469333649, 0.45364776253700256, 0.5121987462043762, -0.0177992582321167, 0.42679572105407715, 0.4878799021244049, -0.02512386068701744, 0.5114549994468689, 0.5083131194114685, -0.030533209443092346, 0.48924070596694946, 0.4032214879989624, -0.0419410765171051, 0.47722363471984863, 0.34191349148750305, -0.04779575392603874, 0.46747955679893494, 0.2940044701099396, -0.051277682185173035, 0.5426605939865112, 0.4988517761230469, -0.03269617632031441, 0.5388766527175903, 0.3783767819404602, -0.04277120903134346, 0.5409085154533386, 0.2996482849121094, -0.050157926976680756, 0.5455087423324585, 0.23943069577217102, -0.05562271922826767, 0.5731489658355713, 0.5082002282142639, -0.03261422738432884, 0.5822213292121887, 0.40176257491111755, -0.042515870183706284, 0.5976490378379822, 0.349433571100235, -0.05010829493403435, 0.6130545139312744, 0.3147916793823242, -0.05494850501418114, 0.59881192445755, 0.526462197303772, -0.031214982271194458, 0.6133983135223389, 0.46935325860977173, -0.03996649011969566, 0.6255763173103333, 0.4439384341239929, -0.0416996069252491, 0.6379685997962952, 0.4249725341796875, -0.04177676513791084]",[]
"[0.5564090013504028, 0.6726402044296265, 4.785139822161e-07, 0.5168482661247253, 0.6357715129852295, -0.009177536703646183, 0.4880123734474182, 0.5719678401947021, -0.01939029060304165, 0.4645606279373169, 0.5133461952209473, -0.02683497592806816, 0.44007110595703125, 0.47761279344558716, -0.035267725586891174, 0.5100958347320557, 0.5095798969268799, -0.0408751554787159, 0.4887482821941376, 0.40582382678985596, -0.05480049550533295, 0.4734143018722534, 0.34016475081443787, -0.06068643927574158, 0.46218061447143555, 0.29168134927749634, -0.06402850896120071, 0.5412317514419556, 0.495089590549469, -0.04279628023505211, 0.5357410907745361, 0.37363559007644653, -0.059329260140657425, 0.5344995856285095, 0.29196077585220337, -0.06859082728624344, 0.53727126121521, 0.23204681277275085, -0.07402507215738297, 0.5719230771064758, 0.5045656561851501, -0.042311329394578934, 0.5779040455818176, 0.39050501585006714, -0.05943771079182625, 0.5888919830322266, 0.3362567126750946, -0.06636542081832886, 0.602325439453125, 0.3022913932800293, -0.06894990801811218, 0.5994998216629028, 0.5283167362213135, -0.04045671597123146, 0.6096867322921753, 0.4658283293247223, -0.05476796254515648, 0.6166701316833496, 0.43983498215675354, -0.0564517006278038, 0.6249617338180542, 0.42241623997688293, -0.05520828440785408]",[]
"[0.5470141172409058, 0.6837201714515686, 2.561003498158243e-07, 0.5074609518051147, 0.640166163444519, -0.004340886138379574, 0.47777724266052246, 0.5833470821380615, -0.013071540743112564, 0.4475805163383484, 0.534917950630188, -0.02022739127278328, 0.419692724943161, 0.511877179145813, -0.027800025418400764, 0.5091612339019775, 0.5028599500656128, -0.026434721425175667, 0.4769933819770813, 0.4341505169868469, -0.03458587825298309, 0.46225032210350037, 0.39959055185317993, -0.036961548030376434, 0.45385584235191345, 0.36940622329711914, -0.037795040756464005, 0.5423473715782166, 0.48067450523376465, -0.0273019690066576, 0.5240928530693054, 0.38072359561920166, -0.03854002803564072, 0.5188746452331543, 0.3160293698310852, -0.04225796461105347, 0.5199577212333679, 0.26661625504493713, -0.043700385838747025, 0.5737394094467163, 0.48524799942970276, -0.02589959278702736, 0.5791424512863159, 0.3942709267139435, -0.03588372468948364, 0.5880135297775269, 0.3415065109729767, -0.03877231478691101, 0.5973804593086243, 0.3029370605945587, -0.03920822963118553, 0.6005107760429382, 0.5097727179527283, -0.02322033978998661, 0.6154958605766296, 0.4571268558502197, -0.02770375646650791, 0.6250211000442505, 0.43037939071655273, -0.024270597845315933, 0.633583664894104, 0.41067594289779663, -0.020407551899552345]",[]
"[0.5385733842849731, 0.6666228771209717, 2.8102041937927424e-07, 0.5012077689170837, 0.6399601697921753, -0.011194976046681404, 0.4727916717529297, 0.5898425579071045, -0.02072995714843273, 0.4422617554664612, 0.5480151176452637, -0.02885391004383564, 0.4162117838859558, 0.5258692502975464, -0.03711419180035591, 0.4996175169944763, 0.48356789350509644, -0.01860416680574417, 0.4752541780471802, 0.41446125507354736, -0.02679663524031639, 0.4639723300933838, 0.3702162504196167, -0.03156115487217903, 0.45884770154953003, 0.3352847695350647, -0.034069888293743134, 0.5324094295501709, 0.45882663130760193, -0.017152709886431694, 0.5255988240242004, 0.3676592707633972, -0.022104136645793915, 0.5249674916267395, 0.31151819229125977, -0.024097135290503502, 0.5280290246009827, 0.27060961723327637, -0.024526936933398247, 0.5646506547927856, 0.46367987990379333, -0.01595899648964405, 0.5706565976142883, 0.38600999116897583, -0.02094954624772072, 0.5776292681694031, 0.3421454429626465, -0.023065131157636642, 0.5844982862472534, 0.30913352966308594, -0.023697327822446823, 0.5924957990646362, 0.4893820881843567, -0.015156392008066177, 0.6075728535652161, 0.44731342792510986, -0.017763398587703705, 0.6159350275993347, 0.42822420597076416, -0.015134062618017197, 0.6228760480880737, 0.41340795159339905, -0.011739863082766533]",[]
"[0.5377252101898193, 0.6807211637496948, 2.488110339982086e-07, 0.5109550952911377, 0.6552237868309021, -0.01329067163169384, 0.48286113142967224, 0.6068721413612366, -0.02092583477497101, 0.45064982771873474, 0.5695242285728455, -0.026871301233768463, 0.4222995638847351, 0.5445113182067871, -0.032601840794086456, 0.5047881603240967, 0.4839619994163513, -0.010778060182929039, 0.47752857208251953, 0.43263643980026245, -0.013022837229073048, 0.46498775482177734, 0.4041127860546112, -0.015754828229546547, 0.45736101269721985, 0.376906156539917, -0.01834396831691265, 0.5323140025138855, 0.4555603265762329, -0.007815122604370117, 0.5214536786079407, 0.3761744499206543, -0.011707314290106297, 0.5192620754241943, 0.3255554437637329, -0.015279659070074558, 0.5197234153747559, 0.28887224197387695, -0.016977526247501373, 0.5576499104499817, 0.4601006805896759, -0.0056530083529651165, 0.5567747354507446, 0.39410266280174255, -0.013271060772240162, 0.558530330657959, 0.3598437011241913, -0.019442586228251457, 0.5603374242782593, 0.33558931946754456, -0.021905675530433655, 0.5789328217506409, 0.4841828942298889, -0.003738338127732277, 0.5854748487472534, 0.445779949426651, -0.009847067296504974, 0.5879694223403931, 0.42777493596076965, -0.011420628987252712, 0.5914432406425476, 0.41406184434890747, -0.010591422207653522]",[]
"[0.5419695377349854, 0.674319863319397, 2.866997590444953e-07, 0.5089369416236877, 0.6516259908676147, -0.017929187044501305, 0.4798193573951721, 0.6073656678199768, -0.028418419882655144, 0.45057010650634766, 0.5674387216567993, -0.035677071660757065, 0.4228588938713074, 0.5414530634880066, -0.042345985770225525, 0.5011955499649048, 0.4744306206703186, -0.0168698038905859, 0.47901657223701477, 0.40886878967285156, -0.016622746363282204, 0.470989853143692, 0.3696092963218689, -0.015989063307642937, 0.4668722152709961, 0.3402957320213318, -0.015412832610309124, 0.5310491919517517, 0.45066240429878235, -0.008973958902060986, 0.5234607458114624, 0.3724246323108673, -0.006755142938345671, 0.5218501687049866, 0.3259998559951782, -0.004686055239289999, 0.5220862030982971, 0.2969505190849304, -0.002745492849498987, 0.5570768117904663, 0.45664405822753906, -0.0018779413076117635, 0.5586375594139099, 0.392587810754776, -0.0021751776803284883, 0.5587910413742065, 0.35698288679122925, -0.003099374705925584, 0.55852210521698, 0.3365135192871094, -0.0031094341538846493, 0.5786344408988953, 0.4786826968193054, 0.004348600283265114, 0.5814194679260254, 0.43828609585762024, 0.0036566010676324368, 0.5799046754837036, 0.420170396566391, 0.00527604715898633, 0.5789299011230469, 0.4092598259449005, 0.008052247576415539]",[]
"[0.54124516248703, 0.6495828628540039, 2.3795459469511115e-07, 0.5821344256401062, 0.6187915205955505, -0.017729533836245537, 0.6004037261009216, 0.5618651509284973, -0.023640308529138565, 0.6028718948364258, 0.5017713308334351, -0.026195965707302094, 0.5980842709541321, 0.46276235580444336, -0.027112096548080444, 0.5885093212127686, 0.4459837079048157, -0.013348131440579891, 0.585615873336792, 0.3841584324836731, -0.013933331705629826, 0.5819835662841797, 0.34780552983283997, -0.010651485063135624, 0.5803797245025635, 0.33121421933174133, -0.00749245285987854, 0.5563111305236816, 0.4365156292915344, -0.006347366143018007, 0.5426790714263916, 0.361982524394989, -0.007476399186998606, 0.5360663533210754, 0.3173568546772003, -0.0021389867179095745, 0.5322282314300537, 0.2929953336715698, 0.00424471078440547, 0.5265395641326904, 0.44986864924430847, -0.0014873166801407933, 0.5072129368782043, 0.378499835729599, -0.007410761434584856, 0.49584904313087463, 0.34587857127189636, -0.007924718782305717, 0.4867432713508606, 0.32679474353790283, -0.005205989815294743, 0.503410279750824, 0.4793146848678589, 0.0024116449058055878, 0.47916823625564575, 0.44044846296310425, -0.0065196845680475235, 0.464819073677063, 0.42291542887687683, -0.009476941078901291, 0.4552871286869049, 0.4109385013580322, -0.007878805510699749]",[]
[],"[0.5481275916099548, 0.6694989800453186, 2.422632405796321e-07, 0.5930474400520325, 0.6284915208816528, -0.0017630448564887047, 0.6084833145141602, 0.5647534728050232, 0.00199193530716002, 0.6088583469390869, 0.5064891576766968, 0.006256929598748684, 0.6039012670516968, 0.46862781047821045, 0.011725700460374355, 0.5951504707336426, 0.4486730396747589, 0.008192426525056362, 0.5945178270339966, 0.38278308510780334, 0.0150930006057024, 0.5918878316879272, 0.34225547313690186, 0.02249358780682087, 0.58916175365448, 0.32188430428504944, 0.02828145958483219, 0.5627771615982056, 0.4402007460594177, 0.009286864660680294, 0.5524230003356934, 0.3587431311607361, 0.014948258176445961, 0.5454128980636597, 0.3098579943180084, 0.023355433717370033, 0.540497362613678, 0.2864360809326172, 0.03236488625407219, 0.532211422920227, 0.45642954111099243, 0.00906161405146122, 0.5146052241325378, 0.37906116247177124, 0.008030888624489307, 0.5029706358909607, 0.34406623244285583, 0.008552232757210732, 0.49433258175849915, 0.3258317708969116, 0.012159396894276142, 0.5058329105377197, 0.4921543300151825, 0.009032903239130974, 0.4809056520462036, 0.4539930522441864, 0.0021772636100649834, 0.46506187319755554, 0.43329644203186035, -0.0010521162766963243, 0.45459580421447754, 0.4212073087692261, 0.0009118152665905654]"
"[0.5600530505180359, 0.6950721740722656, 1.939165201747528e-07, 0.5194110870361328, 0.6583786010742188, -0.006469441577792168, 0.48806366324424744, 0.5974371433258057, -0.01261908933520317, 0.4585920572280884, 0.5495985746383667, -0.01768842153251171, 0.4308120906352997, 0.5280193090438843, -0.023323452100157738, 0.5204922556877136, 0.4964233636856079, -0.015484795905649662, 0.4936179220676422, 0.42010802030563354, -0.022576631978154182, 0.48165178298950195, 0.3707297742366791, -0.0270204059779644, 0.474419504404068, 0.33285313844680786, -0.029559321701526642, 0.5529204607009888, 0.4759753346443176, -0.015395987778902054, 0.5443275570869446, 0.37803852558135986, -0.020590849220752716, 0.5437461137771606, 0.3193168640136719, -0.023181311786174774, 0.5463840365409851, 0.2786262035369873, -0.024245353415608406, 0.5840255618095398, 0.48305603861808777, -0.014898675493896008, 0.5864014029502869, 0.4019849896430969, -0.01942114345729351, 0.5901127457618713, 0.3553289771080017, -0.021733367815613747, 0.5942721366882324, 0.32295939326286316, -0.02272462658584118, 0.6101862192153931, 0.5089827179908752, -0.014333878643810749, 0.6227140426635742, 0.46117669343948364, -0.015875879675149918, 0.6268336176872253, 0.43805229663848877, -0.013255431316792965, 0.6312257051467896, 0.4217436611652374, -0.010320156812667847]",[]
"[0.5637959837913513, 0.6913490295410156, 2.9146701763238525e-07, 0.5193076729774475, 0.6601587533950806, -0.01124672032892704, 0.48834428191185, 0.5968340039253235, -0.018578380346298218, 0.46278494596481323, 0.5404582023620605, -0.023954275995492935, 0.43646809458732605, 0.515550971031189, -0.029724106192588806, 0.5163188576698303, 0.49749088287353516, -0.020493464544415474, 0.4953773617744446, 0.41225123405456543, -0.03028058633208275, 0.4852077066898346, 0.35608166456222534, -0.03638847917318344, 0.4795740246772766, 0.3128473162651062, -0.040033008903265, 0.550553560256958, 0.4772821366786957, -0.01986842416226864, 0.5458440184593201, 0.3818979859352112, -0.02561173588037491, 0.5463865399360657, 0.31855475902557373, -0.029790565371513367, 0.550510048866272, 0.27243703603744507, -0.032534413039684296, 0.5826950073242188, 0.4821508526802063, -0.01946522668004036, 0.5880113840103149, 0.4028908312320709, -0.02622668258845806, 0.598129391670227, 0.3588477373123169, -0.030777061358094215, 0.6080262660980225, 0.33015939593315125, -0.033502645790576935, 0.6090335845947266, 0.503736674785614, -0.01953098177909851, 0.6228320002555847, 0.46007516980171204, -0.026243753731250763, 0.6320980191230774, 0.43946123123168945, -0.027165599167346954, 0.6399917602539062, 0.42474859952926636, -0.02630472742021084]",[]
"[0.5724092721939087, 0.6861792802810669, 3.1035756364872213e-07, 0.5313533544540405, 0.6416381001472473, -0.006682886276394129, 0.495425283908844, 0.5810359716415405, -0.016991330310702324, 0.46510931849479675, 0.5286091566085815, -0.025852162390947342, 0.43663251399993896, 0.4990495443344116, -0.03472692146897316, 0.523371696472168, 0.5244959592819214, -0.03501018509268761, 0.4925367534160614, 0.46701231598854065, -0.04740404337644577, 0.4802972078323364, 0.457674503326416, -0.050514720380306244, 0.4757526218891144, 0.4536222517490387, -0.05109788477420807, 0.5548862814903259, 0.5053995251655579, -0.03866371512413025, 0.5436537265777588, 0.3941991329193115, -0.0538901723921299, 0.5429616570472717, 0.31391334533691406, -0.060619939118623734, 0.5487836003303528, 0.2526639699935913, -0.06481244415044785, 0.5853888392448425, 0.5071384906768799, -0.040249377489089966, 0.5894548296928406, 0.40836793184280396, -0.05490006506443024, 0.6037382483482361, 0.35958874225616455, -0.06110164150595665, 0.6182142496109009, 0.32847368717193604, -0.06391630321741104, 0.6126035451889038, 0.524722158908844, -0.04058728367090225, 0.6260290145874023, 0.4704885482788086, -0.0503232441842556, 0.6385536193847656, 0.44638997316360474, -0.049844373017549515, 0.6503546237945557, 0.4306849241256714, -0.04801788181066513]",[]
"[0.5800087451934814, 0.6729037761688232, 4.88837031298317e-07, 0.5377391576766968, 0.6223878860473633, -0.006195141468197107, 0.5047274827957153, 0.5587116479873657, -0.016809625551104546, 0.473653644323349, 0.5080532431602478, -0.025465987622737885, 0.4450325667858124, 0.4813058376312256, -0.03484037145972252, 0.526321291923523, 0.5294876098632812, -0.04421648383140564, 0.5065260529518127, 0.4119705557823181, -0.058515820652246475, 0.4941500127315521, 0.3431122303009033, -0.06417939811944962, 0.4852890372276306, 0.29140186309814453, -0.06747058033943176, 0.5591530203819275, 0.5200861096382141, -0.046569015830755234, 0.5501143336296082, 0.3927190601825714, -0.06151948869228363, 0.5532770752906799, 0.31032419204711914, -0.06837474554777145, 0.5583853721618652, 0.25144410133361816, -0.07307853549718857, 0.5913494825363159, 0.5229892134666443, -0.04568040743470192, 0.5868086218833923, 0.40584829449653625, -0.059834301471710205, 0.5924843549728394, 0.38510096073150635, -0.06098552048206329, 0.5990911722183228, 0.3843610882759094, -0.05974045768380165, 0.6191504001617432, 0.5305890440940857, -0.043415725231170654, 0.6168245077133179, 0.46401774883270264, -0.055401697754859924, 0.6192619800567627, 0.45757555961608887, -0.05349711328744888, 0.624713122844696, 0.4645226001739502, -0.049565788358449936]",[]
"[0.5852422714233398, 0.6752104759216309, 5.766730168943468e-07, 0.5410194396972656, 0.6220106482505798, -0.009914838708937168, 0.506820797920227, 0.5572304129600525, -0.02358476258814335, 0.4747909605503082, 0.4996227025985718, -0.033733759075403214, 0.443545401096344, 0.4719640910625458, -0.04330374300479889, 0.5280939340591431, 0.539273738861084, -0.0583590492606163, 0.5096121430397034, 0.4176616966724396, -0.07790977507829666, 0.49839991331100464, 0.34795665740966797, -0.08764151483774185, 0.49038049578666687, 0.2911076545715332, -0.09443359822034836, 0.5594406723976135, 0.5342382788658142, -0.05889921635389328, 0.5499309301376343, 0.4006713032722473, -0.07894623279571533, 0.5510423183441162, 0.3168451189994812, -0.08787901699542999, 0.5550023913383484, 0.2564300298690796, -0.09522288292646408, 0.5914932489395142, 0.5351961255073547, -0.05542699620127678, 0.5885696411132812, 0.4052729904651642, -0.07058575004339218, 0.5839766263961792, 0.4077625274658203, -0.06521544605493546, 0.581362783908844, 0.43491047620773315, -0.059489279985427856, 0.6187378168106079, 0.5361745953559875, -0.051385726779699326, 0.6174184083938599, 0.45475414395332336, -0.06554382294416428, 0.6183521747589111, 0.4437481462955475, -0.06296379864215851, 0.6216758489608765, 0.45150575041770935, -0.05807482451200485]",[]
[],"[0.5695239901542664, 0.7407071590423584, 1.7797223961224518e-07, 0.6134791970252991, 0.6830897331237793, 0.0021687690168619156, 0.62186199426651, 0.610072135925293, 0.00045509455958381295, 0.610171914100647, 0.5452430248260498, -0.0009261088562197983, 0.59236741065979, 0.5125680565834045, -0.00405771192163229, 0.6029675602912903, 0.5438738465309143, -0.022487126290798187, 0.5970996022224426, 0.45669108629226685, -0.033399514853954315, 0.5930618047714233, 0.4071800708770752, -0.03749294579029083, 0.590837836265564, 0.37226054072380066, -0.040125858038663864, 0.5729771256446838, 0.5385857820510864, -0.02830539457499981, 0.555728554725647, 0.43261808156967163, -0.04215659946203232, 0.5446750521659851, 0.3775649666786194, -0.04740205407142639, 0.5366246104240417, 0.34131917357444763, -0.049698617309331894, 0.5435521006584167, 0.5562074780464172, -0.032407138496637344, 0.5132896900177002, 0.47419530153274536, -0.04688706621527672, 0.4911127984523773, 0.4283705949783325, -0.054181598126888275, 0.47299978137016296, 0.3958328664302826, -0.057529374957084656, 0.5193849802017212, 0.5908778309822083, -0.03450716659426689, 0.4858008623123169, 0.536925196647644, -0.04701141640543938, 0.46503832936286926, 0.5092555284500122, -0.05157081410288811, 0.4465879797935486, 0.48571088910102844, -0.05313168838620186]"
[],"[0.5594581961631775, 0.7161998748779297, 3.472308662821888e-07, 0.6028221845626831, 0.6536951065063477, 0.0031563921365886927, 0.6098291277885437, 0.5846348404884338, 0.0030059167183935642, 0.6012380123138428, 0.5250086784362793, 0.0026137407403439283, 0.58505779504776, 0.495208740234375, 0.001144176465459168, 0.5862870812416077, 0.5015944838523865, -0.01791457273066044, 0.586479663848877, 0.415712833404541, -0.03015834651887417, 0.5910199880599976, 0.369600772857666, -0.03502419963479042, 0.5966910123825073, 0.33582907915115356, -0.03726203367114067, 0.5564629435539246, 0.49925121665000916, -0.024733949452638626, 0.5374981164932251, 0.3904944956302643, -0.04381606727838516, 0.5243027210235596, 0.3205207586288452, -0.053511325269937515, 0.5144858956336975, 0.2699565887451172, -0.05758243054151535, 0.5293270945549011, 0.524077832698822, -0.029824664816260338, 0.496249794960022, 0.44683533906936646, -0.05086416006088257, 0.4732646048069, 0.4077557921409607, -0.061789967119693756, 0.45485615730285645, 0.37939518690109253, -0.06521722674369812, 0.509503185749054, 0.5679895877838135, -0.03259054943919182, 0.4743266701698303, 0.5238990187644958, -0.05010325461626053, 0.4505568742752075, 0.5058192610740662, -0.05638020858168602, 0.4287112355232239, 0.48983582854270935, -0.057685736566782]"
"[0.5482569932937622, 0.6644446849822998, 3.618158075369138e-07, 0.5112318396568298, 0.6477622389793396, -0.014230347238481045, 0.4786244332790375, 0.5999749302864075, -0.02475728839635849, 0.45080888271331787, 0.5602012276649475, -0.03299473226070404, 0.42534151673316956, 0.5417056083679199, -0.042224664241075516, 0.4967934191226959, 0.5113673210144043, -0.027323635295033455, 0.4738384485244751, 0.4371214210987091, -0.041285619139671326, 0.4604910612106323, 0.38779890537261963, -0.050828054547309875, 0.4510428309440613, 0.3482162356376648, -0.05742824077606201, 0.5251622200012207, 0.4902886152267456, -0.029255343601107597, 0.5182547569274902, 0.40010541677474976, -0.03989651799201965, 0.5163841843605042, 0.33961135149002075, -0.04787253588438034, 0.5170062780380249, 0.2915853261947632, -0.0539921410381794, 0.552500307559967, 0.4946679174900055, -0.03181448578834534, 0.5570680499076843, 0.4129459857940674, -0.04402397572994232, 0.5617364645004272, 0.36123016476631165, -0.05160248279571533, 0.5668088793754578, 0.31851500272750854, -0.05681541562080383, 0.578365683555603, 0.5168964266777039, -0.03470678627490997, 0.5906412601470947, 0.46738091111183167, -0.04683849960565567, 0.5988483428955078, 0.4364108741283417, -0.05014096945524216, 0.6055730581283569, 0.40976929664611816, -0.051461126655340195]",[]
"[0.5428041219711304, 0.6942269802093506, 3.714839920121449e-07, 0.5018107295036316, 0.6850111484527588, -0.017210638150572777, 0.46820735931396484, 0.6392538547515869, -0.030004024505615234, 0.4409743547439575, 0.6000671982765198, -0.03963163122534752, 0.41220220923423767, 0.5791944861412048, -0.050431426614522934, 0.4993882477283478, 0.5318307876586914, -0.030025701969861984, 0.484948992729187, 0.44502076506614685, -0.04042532667517662, 0.47620102763175964, 0.3906433582305908, -0.04706891253590584, 0.4702574610710144, 0.34904932975769043, -0.05199494957923889, 0.5266456604003906, 0.5115547180175781, -0.02875109575688839, 0.52237868309021, 0.4079609513282776, -0.03908819705247879, 0.5197980403900146, 0.34121447801589966, -0.047601427882909775, 0.5198760032653809, 0.29335251450538635, -0.0536871962249279, 0.5497416853904724, 0.5130724310874939, -0.027821574360132217, 0.5488609075546265, 0.4144561290740967, -0.03928455710411072, 0.5455836057662964, 0.3484252691268921, -0.05035204812884331, 0.5453894138336182, 0.2994734048843384, -0.057856831699609756, 0.5674899220466614, 0.5274279117584229, -0.026954667642712593, 0.5663635730743408, 0.46115443110466003, -0.038190048187971115, 0.5606346726417542, 0.41904228925704956, -0.04466184973716736, 0.5553681254386902, 0.3855437934398651, -0.04855850711464882]",[]
"[0.5460124015808105, 0.693642795085907, 3.3092760531872045e-07, 0.5046513080596924, 0.6814420223236084, -0.016825255006551743, 0.4697505533695221, 0.6343536972999573, -0.03037772886455059, 0.4421268701553345, 0.5907191634178162, -0.04082654044032097, 0.41535747051239014, 0.5648018717765808, -0.0523579865694046, 0.4987221360206604, 0.5416187644004822, -0.034255772829055786, 0.4727853536605835, 0.4701975882053375, -0.04845709726214409, 0.45496225357055664, 0.4219679832458496, -0.057499002665281296, 0.4406769871711731, 0.38187098503112793, -0.06398466229438782, 0.5282523036003113, 0.5194833874702454, -0.03508845716714859, 0.5161877870559692, 0.42236053943634033, -0.04885219782590866, 0.5059171319007874, 0.35666269063949585, -0.05850852280855179, 0.4985884130001068, 0.30468082427978516, -0.06559136509895325, 0.5541062355041504, 0.5199866890907288, -0.036058686673641205, 0.5494398474693298, 0.42544257640838623, -0.0513528473675251, 0.5416619777679443, 0.367175430059433, -0.06150880455970764, 0.5364066958427429, 0.3229607939720154, -0.06794920563697815, 0.5776965618133545, 0.5330395698547363, -0.037090323865413666, 0.5793799161911011, 0.4628954529762268, -0.05169065669178963, 0.580220639705658, 0.41957753896713257, -0.057492755353450775, 0.5815320611000061, 0.38365617394447327, -0.06045272573828697]",[]
"[0.5355567336082458, 0.7165762186050415, 3.44628574566741e-07, 0.49577596783638, 0.6824833750724792, -0.009481150656938553, 0.46570298075675964, 0.6199232935905457, -0.017468836158514023, 0.441887766122818, 0.5636752247810364, -0.0232195146381855, 0.41647085547447205, 0.5392133593559265, -0.029868533834815025, 0.49840930104255676, 0.5527787208557129, -0.026200955733656883, 0.471868097782135, 0.47967246174812317, -0.03941446542739868, 0.455338716506958, 0.43648701906204224, -0.04662589728832245, 0.4433220624923706, 0.40343284606933594, -0.05071971192955971, 0.528489887714386, 0.5356720685958862, -0.029111512005329132, 0.5174537301063538, 0.43547409772872925, -0.041388534009456635, 0.5113747119903564, 0.3667682707309723, -0.0498071163892746, 0.5090528130531311, 0.31441423296928406, -0.05520131066441536, 0.5559961199760437, 0.5402806997299194, -0.03157457336783409, 0.5574113130569458, 0.45116740465164185, -0.047629229724407196, 0.5628137588500977, 0.3917318284511566, -0.058384668081998825, 0.5702638030052185, 0.34627455472946167, -0.0641893669962883, 0.5806311964988708, 0.5606502294540405, -0.03314882516860962, 0.5943363904953003, 0.5046780109405518, -0.04855241999030113, 0.6068831086158752, 0.4722154438495636, -0.05378435179591179, 0.6187306642532349, 0.4460546374320984, -0.05554477497935295]",[]
"[0.5611138939857483, 0.7162107229232788, 4.861283287027618e-07, 0.5194421410560608, 0.6663976907730103, -0.010461157187819481, 0.4907568097114563, 0.5878461599349976, -0.021334992721676826, 0.46848613023757935, 0.5122995972633362, -0.029970606788992882, 0.4389020502567291, 0.4698883295059204, -0.04000452905893326, 0.5135700702667236, 0.5517470240592957, -0.04348241165280342, 0.49360156059265137, 0.4343588352203369, -0.06420869380235672, 0.479348748922348, 0.3568902611732483, -0.07405291497707367, 0.46698176860809326, 0.2971612811088562, -0.08005296438932419, 0.5443750023841858, 0.542315661907196, -0.048260364681482315, 0.5397524833679199, 0.4104384481906891, -0.07031204551458359, 0.5387089848518372, 0.3189164102077484, -0.08213291317224503, 0.5395549535751343, 0.2499736249446869, -0.089783675968647, 0.5729061365127563, 0.5480615496635437, -0.05173403024673462, 0.5793241262435913, 0.4318549633026123, -0.0752042606472969, 0.5870806574821472, 0.35775506496429443, -0.08702628314495087, 0.5943900942802429, 0.3048775792121887, -0.0931190699338913, 0.5980918407440186, 0.5624337792396545, -0.05399312078952789, 0.6135716438293457, 0.48612600564956665, -0.07501649856567383, 0.626926064491272, 0.4396720826625824, -0.08263478428125381, 0.6387186050415039, 0.40329164266586304, -0.08601528406143188]",[]
"[0.5587226152420044, 0.7156395316123962, 4.75080099704428e-07, 0.514901876449585, 0.6677957773208618, -0.006702453829348087, 0.4844069480895996, 0.5940902233123779, -0.015946300700306892, 0.46315082907676697, 0.5223056674003601, -0.022254813462495804, 0.4393986463546753, 0.4740074574947357, -0.02907041274011135, 0.5056697130203247, 0.5419011116027832, -0.042707111686468124, 0.4914162755012512, 0.4196963906288147, -0.058092884719371796, 0.482052206993103, 0.34722334146499634, -0.062393512576818466, 0.47461676597595215, 0.2936786413192749, -0.06351307034492493, 0.5373581647872925, 0.5357798337936401, -0.04507724940776825, 0.5379500389099121, 0.3933514654636383, -0.06345301866531372, 0.5407271981239319, 0.3066648840904236, -0.07088293880224228, 0.5457499623298645, 0.24476513266563416, -0.07429738342761993, 0.5683801174163818, 0.5437520146369934, -0.0448068343102932, 0.579877495765686, 0.41917550563812256, -0.06250768154859543, 0.5938097238540649, 0.3483986556529999, -0.07008194923400879, 0.6078292727470398, 0.2980271577835083, -0.07273472100496292, 0.5966323018074036, 0.5617979764938354, -0.042754702270030975, 0.6117258071899414, 0.4818415343761444, -0.055154867470264435, 0.6260122656822205, 0.4421287775039673, -0.05665459483861923, 0.6393548250198364, 0.41205471754074097, -0.05560753867030144]",[]
"[0.5516934394836426, 0.6913409233093262, 4.4424993461689155e-07, 0.509092390537262, 0.6427223086357117, -0.002709489082917571, 0.4809233546257019, 0.5794491171836853, -0.01167531032115221, 0.4602518379688263, 0.5150876045227051, -0.01758619211614132, 0.44025498628616333, 0.47275760769844055, -0.024132397025823593, 0.5030969977378845, 0.5428984761238098, -0.04699746519327164, 0.4810178279876709, 0.43415990471839905, -0.06134181097149849, 0.47075355052948, 0.37199825048446655, -0.06423311680555344, 0.4641876220703125, 0.3256991505622864, -0.06414381414651871, 0.5370005965232849, 0.5371708273887634, -0.05002040043473244, 0.533118724822998, 0.39621245861053467, -0.06736218929290771, 0.5369289517402649, 0.311104953289032, -0.07260636985301971, 0.5426536798477173, 0.24652785062789917, -0.07453296333551407, 0.5692592263221741, 0.5408798456192017, -0.04934370145201683, 0.5750560760498047, 0.41341426968574524, -0.06628746539354324, 0.587349534034729, 0.34892773628234863, -0.07256703078746796, 0.6002418994903564, 0.30477994680404663, -0.0739857628941536, 0.5977274179458618, 0.5516600608825684, -0.046207912266254425, 0.6110253930091858, 0.4713682234287262, -0.057499028742313385, 0.6254023313522339, 0.4403480291366577, -0.05726713314652443, 0.6389082670211792, 0.4181146025657654, -0.054620590060949326]",[]
"[0.5420183539390564, 0.6989046931266785, 4.093491554613138e-07, 0.5043851137161255, 0.6571027040481567, -0.00920416135340929, 0.47753459215164185, 0.5961899161338806, -0.017625682055950165, 0.4584011435508728, 0.5338953137397766, -0.02221088483929634, 0.4394244849681854, 0.48968005180358887, -0.027064325287938118, 0.5025494694709778, 0.5181955099105835, -0.038034263998270035, 0.47994476556777954, 0.4236317276954651, -0.04469771310687065, 0.47030532360076904, 0.36973142623901367, -0.0431281216442585, 0.46539998054504395, 0.32897841930389404, -0.0414617657661438, 0.5376988053321838, 0.5019829869270325, -0.036952145397663116, 0.5340288281440735, 0.38653379678726196, -0.0557381696999073, 0.5364784002304077, 0.31161385774612427, -0.06343794614076614, 0.5431790351867676, 0.258088618516922, -0.06582583487033844, 0.5707014799118042, 0.513984739780426, -0.032582368701696396, 0.5804047584533691, 0.41479721665382385, -0.04942948743700981, 0.5901374220848083, 0.3545345366001129, -0.05478523299098015, 0.6033974289894104, 0.312224417924881, -0.055148594081401825, 0.5990434885025024, 0.5411381125450134, -0.026620859280228615, 0.6162422299385071, 0.4856630861759186, -0.035981837660074234, 0.6242873668670654, 0.460053414106369, -0.03420327976346016, 0.633892297744751, 0.44165685772895813, -0.030348019674420357]",[]
"[0.5330508947372437, 0.6966810822486877, 4.134758455620613e-07, 0.5389465093612671, 0.6747512221336365, -0.014653109014034271, 0.5290016531944275, 0.6196190118789673, -0.023078227415680885, 0.5124255418777466, 0.5633977651596069, -0.026808010414242744, 0.49043187499046326, 0.5308859348297119, -0.030307579785585403, 0.546394407749176, 0.5128781795501709, -0.02998967468738556, 0.5596199035644531, 0.43326953053474426, -0.03369943052530289, 0.566987156867981, 0.3935331106185913, -0.03327443078160286, 0.573472797870636, 0.36376214027404785, -0.032763753086328506, 0.5458344221115112, 0.49058401584625244, -0.025177467614412308, 0.5442023277282715, 0.38846608996391296, -0.03700226917862892, 0.5421878099441528, 0.3198945224285126, -0.041650284081697464, 0.542722761631012, 0.2770460844039917, -0.0419134683907032, 0.5453238487243652, 0.49701982736587524, -0.019202934578061104, 0.5306935906410217, 0.41213810443878174, -0.03240452706813812, 0.5209076404571533, 0.35513341426849365, -0.04180910810828209, 0.5162543654441833, 0.3164711594581604, -0.04491344466805458, 0.5466920733451843, 0.5215399861335754, -0.0126801123842597, 0.5425630211830139, 0.4717555344104767, -0.02268151566386223, 0.5404859781265259, 0.445779412984848, -0.02703697234392166, 0.5414431095123291, 0.4272300899028778, -0.027522733435034752]",[]
[],"[0.5250493884086609, 0.6989202499389648, 3.2821660056470137e-07, 0.5706289410591125, 0.680961549282074, -0.00023907102877274156, 0.5834835171699524, 0.6301026344299316, 0.0009197640465572476, 0.5734578371047974, 0.5771742463111877, 0.003978920169174671, 0.5536565780639648, 0.5523529052734375, 0.007125117350369692, 0.5862630009651184, 0.5128803253173828, -0.0061088623479008675, 0.6034365892410278, 0.4484596252441406, 0.0019954671151936054, 0.6112234592437744, 0.42251846194267273, 0.010077537968754768, 0.6145390272140503, 0.4045805335044861, 0.014877901412546635, 0.5584930181503296, 0.4869726300239563, -0.004988543223589659, 0.5591460466384888, 0.38886886835098267, -0.0047976733185350895, 0.5590699315071106, 0.3318764567375183, -0.00025557418121024966, 0.5596552491188049, 0.29826658964157104, 0.005539560690522194, 0.5281880497932434, 0.49133437871932983, -0.002487635938450694, 0.5200792551040649, 0.4023900628089905, -0.006392391864210367, 0.5184546113014221, 0.3503456711769104, -0.010063297115266323, 0.5187662839889526, 0.3136441707611084, -0.01028722058981657, 0.5005929470062256, 0.513931155204773, 0.0015729606384411454, 0.4942223131656647, 0.47010332345962524, -0.0013062504585832357, 0.49398699402809143, 0.45771074295043945, -0.0015106332721188664, 0.4966505467891693, 0.45424559712409973, 0.00034036909346468747]"
[],"[0.5303338766098022, 0.7001632452011108, 1.915256717666125e-07, 0.5797612071037292, 0.6570950746536255, -0.0002029438182944432, 0.6025722622871399, 0.5914288759231567, 0.002612901385873556, 0.6119003295898438, 0.5235769152641296, 0.006639473140239716, 0.6093450784683228, 0.480751633644104, 0.010763660073280334, 0.582539439201355, 0.4873650074005127, -0.004226392600685358, 0.5808947086334229, 0.4266589879989624, 0.0022135120816528797, 0.5815633535385132, 0.41086915135383606, 0.009504036046564579, 0.5831316709518433, 0.4064317047595978, 0.013707872480154037, 0.5477924942970276, 0.47885534167289734, -0.005122821312397718, 0.5409143567085266, 0.387066125869751, -0.0034867282956838608, 0.5395592451095581, 0.3355037569999695, -0.0011520221596583724, 0.5398254990577698, 0.30224838852882385, 0.0009905444458127022, 0.5139316320419312, 0.4952407777309418, -0.0053911758586764336, 0.4961485266685486, 0.41577455401420593, -0.007617539260536432, 0.4893234372138977, 0.3721253573894501, -0.013053937815129757, 0.4866621792316437, 0.33922988176345825, -0.016665790230035782, 0.4867941737174988, 0.5299289226531982, -0.00466871727257967, 0.47121796011924744, 0.4918808937072754, -0.006810551509261131, 0.46430039405822754, 0.4797942042350769, -0.008814756758511066, 0.46238353848457336, 0.4706305265426636, -0.00975029356777668]"
[],"[0.5320361852645874, 0.6993831396102905, 2.053353966857685e-07, 0.5767554044723511, 0.6670998334884644, -0.006215156987309456, 0.5955682396888733, 0.6046486496925354, -0.006112264934927225, 0.5994663238525391, 0.5369659066200256, -0.003421769943088293, 0.5996852517127991, 0.4930512607097626, 0.00024248882255051285, 0.5859438180923462, 0.49129176139831543, -0.0031824151519685984, 0.5819684863090515, 0.4370889365673065, 0.0047526671551167965, 0.5787504315376282, 0.415642112493515, 0.012388638220727444, 0.5780062675476074, 0.40636271238327026, 0.01709098555147648, 0.5544342398643494, 0.47757580876350403, 0.00010325564653612673, 0.5483369827270508, 0.3921401798725128, 0.0032445047982037067, 0.5451995730400085, 0.3403888940811157, 0.008957230485975742, 0.5452665090560913, 0.3083723187446594, 0.014718444086611271, 0.5223797559738159, 0.4874853789806366, 0.0031585469841957092, 0.5106827616691589, 0.40460148453712463, 0.00196581007912755, 0.5070952773094177, 0.3600236475467682, 0.0017103265272453427, 0.5074141621589661, 0.3286759853363037, 0.003309250343590975, 0.49379873275756836, 0.5153424143791199, 0.0064520747400820255, 0.4802737236022949, 0.4672231376171112, 0.004541634116321802, 0.47667330503463745, 0.44600602984428406, 0.00506442179903388, 0.47892680764198303, 0.43062764406204224, 0.0075401063077151775]"
[],"[0.5328853726387024, 0.6988896131515503, 2.3775736224251887e-07, 0.5777844190597534, 0.6743109822273254, -0.012488563545048237, 0.5968807935714722, 0.6121322512626648, -0.016373857855796814, 0.6002504825592041, 0.5467995405197144, -0.01711081713438034, 0.6052146553993225, 0.506447434425354, -0.01738782413303852, 0.5873178243637085, 0.5028970241546631, -0.01431167684495449, 0.5915762186050415, 0.4651004374027252, -0.013534764759242535, 0.5943630933761597, 0.45377466082572937, -0.011685938574373722, 0.5984436273574829, 0.4482673704624176, -0.010859931819140911, 0.554811954498291, 0.4868965446949005, -0.010327782481908798, 0.55047208070755, 0.4088262617588043, -0.012383587658405304, 0.5485396981239319, 0.3561222553253174, -0.011439747177064419, 0.5488936305046082, 0.322765052318573, -0.009611310437321663, 0.5227900147438049, 0.49617424607276917, -0.00702744210138917, 0.5089586973190308, 0.4175320863723755, -0.014374238438904285, 0.5034936666488647, 0.36719802021980286, -0.021635625511407852, 0.5019789338111877, 0.33150148391723633, -0.02496078424155712, 0.49536657333374023, 0.525299072265625, -0.0036146282218396664, 0.4804326891899109, 0.48161861300468445, -0.012686816975474358, 0.4753543436527252, 0.46084028482437134, -0.018070004880428314, 0.47568726539611816, 0.4457836449146271, -0.019782667979598045]"
[],"[0.5312362313270569, 0.7142599821090698, 2.444789970468264e-07, 0.566413402557373, 0.6894119381904602, -0.01080862246453762, 0.5783994793891907, 0.629508912563324, -0.013138343580067158, 0.5739789009094238, 0.5712404251098633, -0.012699894607067108, 0.5701583623886108, 0.538787841796875, -0.01273347157984972, 0.5734703540802002, 0.5073574185371399, -0.01029307208955288, 0.5589854121208191, 0.44640225172042847, -0.007401464972645044, 0.5484457612037659, 0.4140077829360962, -0.005884457845240831, 0.5417003035545349, 0.390230655670166, -0.005663814023137093, 0.5533753633499146, 0.4930238127708435, -0.005619805306196213, 0.5477982759475708, 0.41142651438713074, -0.003254631534218788, 0.5456753969192505, 0.35827726125717163, -0.0008992121438495815, 0.5460641980171204, 0.3251945376396179, 0.0016525986138731241, 0.5329269170761108, 0.5069178342819214, -0.0014209330547600985, 0.526662290096283, 0.43696677684783936, -0.004325746092945337, 0.5276034474372864, 0.4000564217567444, -0.008692209608852863, 0.530655562877655, 0.37903183698654175, -0.010416262783110142, 0.5136827826499939, 0.535356342792511, 0.0025310926139354706, 0.5075934529304504, 0.5028247237205505, -0.004725989419966936, 0.5062803030014038, 0.49441829323768616, -0.008636655285954475, 0.5083683133125305, 0.49399107694625854, -0.008934060111641884]"
[],"[0.5340061783790588, 0.7163959741592407, 2.1949213646621502e-07, 0.576641321182251, 0.6980865001678467, -0.016080353409051895, 0.590817928314209, 0.6396430134773254, -0.02404746785759926, 0.5917758345603943, 0.5711192488670349, -0.02765059284865856, 0.5951553583145142, 0.533635675907135, -0.030025498941540718, 0.5913808345794678, 0.5237489342689514, -0.021242285147309303, 0.594333291053772, 0.48690265417099, -0.021896842867136, 0.5960010290145874, 0.4892269968986511, -0.01926717907190323, 0.5978548526763916, 0.4966811537742615, -0.017447734251618385, 0.5604996085166931, 0.5063942670822144, -0.01571439392864704, 0.5617896914482117, 0.43226176500320435, -0.01925843581557274, 0.5636653900146484, 0.38561904430389404, -0.01675824448466301, 0.5671077966690063, 0.3559666574001312, -0.013580412603914738, 0.5287649631500244, 0.5152825117111206, -0.01110232062637806, 0.5159229040145874, 0.4301377236843109, -0.021009428426623344, 0.5107020139694214, 0.3752293884754181, -0.025771087035536766, 0.5092313289642334, 0.3346620202064514, -0.026739021763205528, 0.5013253688812256, 0.5412682294845581, -0.006306312512606382, 0.4852675497531891, 0.4790523052215576, -0.01792863756418228, 0.47814473509788513, 0.4426887035369873, -0.02245166152715683, 0.4761905372142792, 0.4115847051143646, -0.023122066631913185]"
"[0.5369218587875366, 0.7323037385940552, 3.253769875755097e-07, 0.5026351809501648, 0.6930620670318604, -0.002513051498681307, 0.4796792268753052, 0.6342628598213196, -0.006840392015874386, 0.46005064249038696, 0.576698899269104, -0.009403415024280548, 0.4387085437774658, 0.5439517498016357, -0.012539606541395187, 0.5037151575088501, 0.5483109354972839, -0.02259799838066101, 0.48949405550956726, 0.46005481481552124, -0.028937706723809242, 0.48203879594802856, 0.40678730607032776, -0.02842547744512558, 0.47752466797828674, 0.36564522981643677, -0.026989677920937538, 0.538421094417572, 0.5333130359649658, -0.02380232885479927, 0.5401251316070557, 0.42884930968284607, -0.03560813143849373, 0.5424787998199463, 0.36552631855010986, -0.04009123891592026, 0.5477102398872375, 0.3197951316833496, -0.04076889902353287, 0.5704660415649414, 0.5454456806182861, -0.02247674949467182, 0.5847750306129456, 0.45895999670028687, -0.03401768207550049, 0.597650408744812, 0.40945208072662354, -0.03744538128376007, 0.6106115579605103, 0.3741801083087921, -0.03699522465467453, 0.595758855342865, 0.5748225450515747, -0.019646810367703438, 0.6154393553733826, 0.5235571265220642, -0.02733018808066845, 0.6282169222831726, 0.49965816736221313, -0.025968408212065697, 0.640333354473114, 0.48085373640060425, -0.022237267345190048]",[]
"[0.546244740486145, 0.7353354692459106, 4.249970970704453e-07, 0.5356541872024536, 0.6951485276222229, -0.006849965546280146, 0.5175507068634033, 0.6259872317314148, -0.011255054734647274, 0.4916994869709015, 0.5646637678146362, -0.012634476646780968, 0.4670652747154236, 0.5298068523406982, -0.014690306968986988, 0.5279676914215088, 0.5585743188858032, -0.02910633012652397, 0.5064644813537598, 0.46028754115104675, -0.037244655191898346, 0.4932178556919098, 0.4028695821762085, -0.03914961591362953, 0.4828510582447052, 0.3596327304840088, -0.039832111448049545, 0.5440546870231628, 0.5511908531188965, -0.029199134558439255, 0.543542742729187, 0.4331003427505493, -0.041590090841054916, 0.5465884208679199, 0.3571479320526123, -0.048557933419942856, 0.5521121025085449, 0.301865816116333, -0.05171537026762962, 0.5596320033073425, 0.5666446685791016, -0.027228547260165215, 0.5779870748519897, 0.4601510167121887, -0.043414995074272156, 0.5970438122749329, 0.40692198276519775, -0.05215813219547272, 0.6152835488319397, 0.3705277144908905, -0.054824765771627426, 0.5714074969291687, 0.5922279953956604, -0.02342156693339348, 0.5947476029396057, 0.5270810723304749, -0.0395057238638401, 0.6120525598526001, 0.4972781538963318, -0.04419092833995819, 0.6281790733337402, 0.47255057096481323, -0.0440279021859169]",[]
"[0.5549848079681396, 0.7396975159645081, 3.95429594846064e-07, 0.5175407528877258, 0.684360146522522, -0.003190614515915513, 0.4895930886268616, 0.6119337677955627, -0.011395742185413837, 0.4651983976364136, 0.5546150803565979, -0.01807762123644352, 0.4408862590789795, 0.5194856524467468, -0.025588367134332657, 0.5167319178581238, 0.5639644861221313, -0.03444942831993103, 0.49929913878440857, 0.45363008975982666, -0.05086959898471832, 0.4876065254211426, 0.3902774453163147, -0.058432452380657196, 0.47673943638801575, 0.34146466851234436, -0.061916910111904144, 0.5449162125587463, 0.5643886923789978, -0.039919137954711914, 0.5445012450218201, 0.43079519271850586, -0.05485949665307999, 0.5476759076118469, 0.350055068731308, -0.06281408667564392, 0.5525670647621155, 0.2893625795841217, -0.06755995005369186, 0.5727652311325073, 0.5783957839012146, -0.043509144335985184, 0.5878363251686096, 0.4616026282310486, -0.059857744723558426, 0.6042280197143555, 0.39890432357788086, -0.06842392683029175, 0.6203165650367737, 0.35369253158569336, -0.07211660593748093, 0.5991469025611877, 0.600362241268158, -0.04527125880122185, 0.615843653678894, 0.5209589004516602, -0.05801474675536156, 0.6316763758659363, 0.4856548011302948, -0.059418123215436935, 0.6467528939247131, 0.4580132067203522, -0.05833015590906143]",[]
"[0.5606338977813721, 0.7315715551376343, 4.3615764866444806e-07, 0.5192490816116333, 0.6742724776268005, -0.0020840612705796957, 0.4873632788658142, 0.6010364294052124, -0.008583356626331806, 0.4623217284679413, 0.542681097984314, -0.013743802905082703, 0.4371948838233948, 0.5063093304634094, -0.019289420917630196, 0.5116515755653381, 0.5436912178993225, -0.02954956516623497, 0.495277464389801, 0.4362332224845886, -0.04336703196167946, 0.48339325189590454, 0.37345027923583984, -0.04867330193519592, 0.4738253653049469, 0.3259151577949524, -0.051313478499650955, 0.5412921905517578, 0.540360689163208, -0.03577648848295212, 0.5418662428855896, 0.41689538955688477, -0.05120247229933739, 0.5460323095321655, 0.3396141827106476, -0.05864943191409111, 0.5519782900810242, 0.28267595171928406, -0.06276065856218338, 0.5698967576026917, 0.555341899394989, -0.0404011532664299, 0.5832995176315308, 0.4483146071434021, -0.05787326395511627, 0.60023033618927, 0.3876151144504547, -0.06635857373476028, 0.6152614951133728, 0.3433622121810913, -0.06971850991249084, 0.5977855920791626, 0.5821033716201782, -0.04307863116264343, 0.6103059649467468, 0.504470705986023, -0.057112906128168106, 0.6262116432189941, 0.4681699275970459, -0.05952063202857971, 0.6409405469894409, 0.44134172797203064, -0.058966390788555145]",[]
"[0.5601360201835632, 0.7022238969802856, 5.202002171245113e-07, 0.5210174322128296, 0.6559408903121948, -0.011383119970560074, 0.4913785457611084, 0.5852823853492737, -0.024149345234036446, 0.4703432619571686, 0.5140764117240906, -0.03408672288060188, 0.44552215933799744, 0.46563833951950073, -0.044994138181209564, 0.519974946975708, 0.5306221842765808, -0.04464229196310043, 0.49243980646133423, 0.4235701262950897, -0.060576967895030975, 0.47463011741638184, 0.35724008083343506, -0.06503565609455109, 0.4622800350189209, 0.3068316578865051, -0.06723303347826004, 0.5516078472137451, 0.5168485641479492, -0.048388585448265076, 0.5476364493370056, 0.38512417674064636, -0.07265864312648773, 0.5475038290023804, 0.2895185649394989, -0.08607622981071472, 0.5505104064941406, 0.22076770663261414, -0.09320858120918274, 0.5814862251281738, 0.529065728187561, -0.04961869865655899, 0.5816037058830261, 0.4193558692932129, -0.07461671531200409, 0.583610475063324, 0.3437473177909851, -0.08836773037910461, 0.588995099067688, 0.2913205623626709, -0.09469444304704666, 0.6085613965988159, 0.5540153384208679, -0.04898272827267647, 0.6136117577552795, 0.4921483099460602, -0.06957798451185226, 0.6172278523445129, 0.4578864872455597, -0.0755680650472641, 0.6221487522125244, 0.4325823485851288, -0.07700536400079727]",[]
"[0.550205647945404, 0.6867724061012268, 2.6005346853708033e-07, 0.5219893455505371, 0.6560413241386414, -0.015537216328084469, 0.49428892135620117, 0.5898005962371826, -0.024478090927004814, 0.46756595373153687, 0.5254933834075928, -0.028508810326457024, 0.4454173147678375, 0.48143142461776733, -0.032852161675691605, 0.5191359519958496, 0.5117594003677368, -0.0361454114317894, 0.4944663941860199, 0.41192859411239624, -0.04157520830631256, 0.4844578802585602, 0.3601526916027069, -0.04164734110236168, 0.4785255789756775, 0.319610059261322, -0.04177479445934296, 0.5469455718994141, 0.49389714002609253, -0.03112410195171833, 0.5283744931221008, 0.39172130823135376, -0.03970814123749733, 0.5184240937232971, 0.3330274224281311, -0.04373414069414139, 0.5142239332199097, 0.2876186966896057, -0.04645734280347824, 0.5734732151031494, 0.5017852783203125, -0.024825656786561012, 0.577691376209259, 0.4024668335914612, -0.03602834418416023, 0.5797893404960632, 0.3527325689792633, -0.04309817776083946, 0.5847498178482056, 0.3183871805667877, -0.0473945178091526, 0.595304548740387, 0.5232813358306885, -0.01774989441037178, 0.6089310646057129, 0.47125160694122314, -0.029165118932724, 0.6142628192901611, 0.445902943611145, -0.03326920047402382, 0.6213839650154114, 0.4264276921749115, -0.03472619131207466]",[]
"[0.5363768935203552, 0.6807838082313538, 2.5478007614765374e-07, 0.49918243288993835, 0.6512932181358337, -0.006111050955951214, 0.471752405166626, 0.5983864068984985, -0.01123724039644003, 0.4464472532272339, 0.5505123734474182, -0.0152067756280303, 0.42281675338745117, 0.5238587856292725, -0.019123755395412445, 0.4976937174797058, 0.4807489514350891, -0.013078889809548855, 0.4786086082458496, 0.4028656482696533, -0.017313284799456596, 0.4719122052192688, 0.354661762714386, -0.018552185967564583, 0.46978759765625, 0.31654390692710876, -0.018894020467996597, 0.5324772000312805, 0.4598553776741028, -0.012197217904031277, 0.5277732014656067, 0.3666134774684906, -0.01650959625840187, 0.5290074944496155, 0.31159508228302, -0.018111806362867355, 0.5338723659515381, 0.2721765339374542, -0.018109772354364395, 0.5659198760986328, 0.4691873788833618, -0.010824741795659065, 0.5752692818641663, 0.39177173376083374, -0.01534363441169262, 0.5847310423851013, 0.3474877178668976, -0.01819419302046299, 0.5936112403869629, 0.31458747386932373, -0.01908326894044876, 0.5934228301048279, 0.49917975068092346, -0.009202549234032631, 0.6111267805099487, 0.4545479416847229, -0.010730398818850517, 0.6211353540420532, 0.43228521943092346, -0.00892610102891922, 0.6302684545516968, 0.4146897494792938, -0.006321818567812443]",[]
"[0.5381739139556885, 0.6761993169784546, 2.5023376792887575e-07, 0.5004577040672302, 0.6491470336914062, -0.012556865811347961, 0.47290945053100586, 0.5991728901863098, -0.0201360285282135, 0.4465748965740204, 0.5565713047981262, -0.02501215972006321, 0.4221267104148865, 0.5297857522964478, -0.02976253069937229, 0.503242552280426, 0.46998175978660583, -0.016345981508493423, 0.48209601640701294, 0.4009409546852112, -0.017705531790852547, 0.47414031624794006, 0.35928875207901, -0.018477018922567368, 0.46993303298950195, 0.32400819659233093, -0.01931930147111416, 0.5382012724876404, 0.4479964077472687, -0.011500690132379532, 0.5319017171859741, 0.36498600244522095, -0.012795784510672092, 0.532055675983429, 0.3160112500190735, -0.014084943570196629, 0.5355920791625977, 0.28108730912208557, -0.014860526658594608, 0.5706788897514343, 0.45972776412963867, -0.006618906743824482, 0.5785974860191345, 0.39141494035720825, -0.010387400165200233, 0.584365963935852, 0.35200101137161255, -0.01445622369647026, 0.589642345905304, 0.3230666518211365, -0.01655326969921589, 0.5972909927368164, 0.4904884397983551, -0.0018606603844091296, 0.6156297326087952, 0.4520936906337738, -0.0030675821471959352, 0.6218546032905579, 0.4350162744522095, -0.0019258352695032954, 0.626832127571106, 0.42175987362861633, -0.00011877918586833403]",[]
"[0.5390669703483582, 0.6630547046661377, 2.2664514176540251e-07, 0.5245956182479858, 0.6419090032577515, -0.011259703896939754, 0.5050007700920105, 0.5947526097297668, -0.01599411852657795, 0.47660040855407715, 0.5583755970001221, -0.018267806619405746, 0.45201486349105835, 0.5315859317779541, -0.020040888339281082, 0.5266073346138, 0.4717874825000763, -0.012149195186793804, 0.5059996843338013, 0.4114653468132019, -0.013035445474088192, 0.4950825572013855, 0.37950801849365234, -0.012916149571537971, 0.4903661906719208, 0.351414293050766, -0.013129951432347298, 0.5393238663673401, 0.45114263892173767, -0.00816046167165041, 0.5307375192642212, 0.3681011497974396, -0.011861936189234257, 0.5298983454704285, 0.3151606321334839, -0.01203994732350111, 0.5325586199760437, 0.2814403176307678, -0.010041716508567333, 0.5519276261329651, 0.46079760789871216, -0.004733743146061897, 0.5476212501525879, 0.39489030838012695, -0.01129793468862772, 0.5454963445663452, 0.3589714467525482, -0.015515753999352455, 0.5445845723152161, 0.33289840817451477, -0.01577749103307724, 0.5627362132072449, 0.48830997943878174, -0.0014324532821774483, 0.5663537979125977, 0.4563838541507721, -0.00685876002535224, 0.5672318935394287, 0.44244253635406494, -0.00834463071078062, 0.5687265992164612, 0.43421876430511475, -0.006949368864297867]",[]
"[0.5499321222305298, 0.6837583780288696, 2.542731749599625e-07, 0.5125726461410522, 0.6562349200248718, -0.01456354558467865, 0.4848466217517853, 0.5957762002944946, -0.02065398171544075, 0.4560195803642273, 0.5474807620048523, -0.023253265768289566, 0.43186402320861816, 0.5189220905303955, -0.025766493752598763, 0.5144117474555969, 0.4785774052143097, -0.019531570374965668, 0.4914744198322296, 0.4015212655067444, -0.024033574387431145, 0.4830981194972992, 0.3544536828994751, -0.02632196433842182, 0.4794394373893738, 0.3184354901313782, -0.027039719745516777, 0.5482046008110046, 0.45685189962387085, -0.014006075449287891, 0.5448547005653381, 0.36578285694122314, -0.014386581256985664, 0.5453802347183228, 0.3112140893936157, -0.013933791778981686, 0.5490664839744568, 0.2757432758808136, -0.012451312504708767, 0.5783479809761047, 0.46864548325538635, -0.00902217160910368, 0.5862153172492981, 0.3898445963859558, -0.011918050236999989, 0.5921604037284851, 0.3450648784637451, -0.01528522465378046, 0.599587619304657, 0.3133484125137329, -0.016518965363502502, 0.6011254787445068, 0.5002321004867554, -0.0045320517383515835, 0.6145066022872925, 0.46215301752090454, -0.008804143406450748, 0.6193236708641052, 0.44644683599472046, -0.009118461050093174, 0.6253920793533325, 0.4355792701244354, -0.0071162274107337]",[]
"[0.5532325506210327, 0.6813360452651978, 3.2210775202656805e-07, 0.5143454074859619, 0.6495249271392822, -0.0116410031914711, 0.4856853485107422, 0.5905078649520874, -0.020098606124520302, 0.4613862633705139, 0.5341976881027222, -0.02618463523685932, 0.43797188997268677, 0.5039059519767761, -0.0332498773932457, 0.5150065422058105, 0.49606165289878845, -0.026225827634334564, 0.4942958950996399, 0.40747570991516113, -0.036581434309482574, 0.4861794114112854, 0.35061830282211304, -0.04252482205629349, 0.4814640283584595, 0.3062383532524109, -0.04644080996513367, 0.5493752360343933, 0.47504863142967224, -0.025829125195741653, 0.5455824732780457, 0.3751022517681122, -0.03615623712539673, 0.5480306148529053, 0.3081679344177246, -0.04384268447756767, 0.5536369681358337, 0.25804829597473145, -0.04874807223677635, 0.5801357626914978, 0.483977735042572, -0.024715829640626907, 0.5876482129096985, 0.3996116518974304, -0.03666882589459419, 0.600520670413971, 0.35247668623924255, -0.044394928961992264, 0.6136415600776672, 0.31959739327430725, -0.04848717153072357, 0.605253279209137, 0.5110620856285095, -0.023324649780988693, 0.6235634684562683, 0.46455419063568115, -0.034639663994312286, 0.6356043219566345, 0.4422540068626404, -0.037423521280288696, 0.6464439034461975, 0.4254329204559326, -0.037414103746414185]",[]
[],"[0.627068281173706, 0.9597042798995972, 3.4894392797468754e-07, 0.6823419332504272, 0.9057718515396118, -0.016662022098898888, 0.7107638120651245, 0.8312011361122131, -0.025944523513317108, 0.7300705909729004, 0.7538549304008484, -0.0323021225631237, 0.7452142834663391, 0.6985214948654175, -0.03922683745622635, 0.6523396372795105, 0.7214822173118591, -0.026003029197454453, 0.6419985890388489, 0.6138675808906555, -0.03707177937030792, 0.6385242938995361, 0.548531711101532, -0.04360385239124298, 0.6362688541412354, 0.5030434131622314, -0.04847579449415207, 0.6178228855133057, 0.7259307503700256, -0.02442060597240925, 0.6030272841453552, 0.6209789514541626, -0.03635268285870552, 0.5941864252090454, 0.5599241852760315, -0.04496877267956734, 0.5865700244903564, 0.5170435905456543, -0.05086851865053177, 0.5882372856140137, 0.7555991411209106, -0.023548414930701256, 0.5669669508934021, 0.6640803217887878, -0.03922726958990097, 0.551876962184906, 0.6045261025428772, -0.0526631735265255, 0.540969967842102, 0.561427116394043, -0.061175547540187836, 0.5692634582519531, 0.8010236620903015, -0.022513851523399353, 0.5344120264053345, 0.7585594058036804, -0.03935570269823074, 0.5105088949203491, 0.729171872138977, -0.05008694902062416, 0.49276161193847656, 0.7052800059318542, -0.05593326687812805]"
[],"[0.619851291179657, 0.9473503232002258, 4.6177297008398455e-07, 0.6755049228668213, 0.9131273031234741, -0.026980280876159668, 0.7084184885025024, 0.8364071846008301, -0.03906029462814331, 0.7312917709350586, 0.7629740834236145, -0.04685552045702934, 0.7460522651672363, 0.7036004662513733, -0.0543692521750927, 0.6548112630844116, 0.7186272740364075, -0.02732394076883793, 0.6530641913414001, 0.6156345009803772, -0.038720302283763885, 0.6533578038215637, 0.5507331490516663, -0.046049073338508606, 0.6548481583595276, 0.505291223526001, -0.050977982580661774, 0.6203097105026245, 0.7175770998001099, -0.020695112645626068, 0.6181013584136963, 0.6091544032096863, -0.03236616775393486, 0.6225396394729614, 0.5413349866867065, -0.0407017283141613, 0.6261852383613586, 0.4891439378261566, -0.045876435935497284, 0.592429518699646, 0.7366316914558411, -0.01630181074142456, 0.5827234983444214, 0.6378406286239624, -0.028905414044857025, 0.5801090002059937, 0.5731214284896851, -0.037862081080675125, 0.5785821080207825, 0.522174596786499, -0.04306457191705704, 0.5733051896095276, 0.7688737511634827, -0.013699260540306568, 0.5572729706764221, 0.6937843561172485, -0.026681633666157722, 0.5480965375900269, 0.6426327228546143, -0.03399849683046341, 0.5418095588684082, 0.5997500419616699, -0.03757689520716667]"
[],"[0.6060341000556946, 0.9554710984230042, 4.2885741891041107e-07, 0.6595458984375, 0.9160781502723694, -0.02781800739467144, 0.6937137246131897, 0.8313218355178833, -0.040090858936309814, 0.7176992893218994, 0.7490469217300415, -0.04832421615719795, 0.7346014976501465, 0.6865559220314026, -0.05713685601949692, 0.6492407321929932, 0.7101426124572754, -0.0331774465739727, 0.6521158218383789, 0.5982471704483032, -0.047163769602775574, 0.6557682752609253, 0.5303250551223755, -0.055869437754154205, 0.6591175198554993, 0.48278915882110596, -0.06201924383640289, 0.6132940053939819, 0.708896279335022, -0.0275491364300251, 0.604995846748352, 0.6048113703727722, -0.039531100541353226, 0.6027814149856567, 0.5425511598587036, -0.04909127578139305, 0.6010563969612122, 0.5000750422477722, -0.05545754358172417, 0.5847280025482178, 0.7364457845687866, -0.023876048624515533, 0.5649299025535583, 0.6492506861686707, -0.03897685557603836, 0.5522933006286621, 0.590874969959259, -0.05220897123217583, 0.5433617830276489, 0.5470236539840698, -0.06098616123199463, 0.565510630607605, 0.7828517556190491, -0.021579675376415253, 0.5327211022377014, 0.743768572807312, -0.039269931614398956, 0.5104219317436218, 0.7142412662506104, -0.05018234625458717, 0.49352264404296875, 0.6922671794891357, -0.05604972690343857]"
[],"[0.5934642553329468, 0.9237265586853027, 3.163361554925359e-07, 0.6446505784988403, 0.8771105408668518, -0.024595526978373528, 0.6776012778282166, 0.7885816097259521, -0.03370629623532295, 0.6966802477836609, 0.7088183164596558, -0.03990284353494644, 0.7052387595176697, 0.6467095017433167, -0.046545423567295074, 0.6363160014152527, 0.6861199736595154, -0.019678669050335884, 0.6359931826591492, 0.5964024066925049, -0.03182350844144821, 0.6317351460456848, 0.5379481911659241, -0.041452132165431976, 0.627885639667511, 0.500274658203125, -0.048337213695049286, 0.6025792360305786, 0.6848418712615967, -0.015478421933948994, 0.5929780006408691, 0.5965356230735779, -0.026182914152741432, 0.5843328833580017, 0.5376245379447937, -0.03786889836192131, 0.5756200551986694, 0.49535003304481506, -0.04574432224035263, 0.5741235613822937, 0.7058578133583069, -0.013731714338064194, 0.557500958442688, 0.6250523924827576, -0.026659071445465088, 0.5426027774810791, 0.573554515838623, -0.038149163126945496, 0.530068576335907, 0.533260703086853, -0.045640479773283005, 0.5532174110412598, 0.7443536520004272, -0.01362931914627552, 0.5298285484313965, 0.7028276324272156, -0.028886007145047188, 0.5119684934616089, 0.6746946573257446, -0.03755287453532219, 0.4981880784034729, 0.6529221534729004, -0.04167472943663597]"
[],"[0.5777629613876343, 0.855083167552948, 3.3590916359571565e-07, 0.6276347637176514, 0.8068695068359375, -0.014393890276551247, 0.6565564274787903, 0.7228739857673645, -0.020426062867045403, 0.6745285987854004, 0.6548267602920532, -0.02511805295944214, 0.6835216283798218, 0.6027048230171204, -0.03112599067389965, 0.6139631271362305, 0.6439363956451416, -0.019703665748238564, 0.622363269329071, 0.5670925378799438, -0.031789012253284454, 0.6288440823554993, 0.5249297618865967, -0.039861395955085754, 0.6355705261230469, 0.49790671467781067, -0.04528607800602913, 0.5774282217025757, 0.642479419708252, -0.020883401855826378, 0.5651929378509521, 0.5475272536277771, -0.0307148490101099, 0.5594415664672852, 0.49184271693229675, -0.04059458151459694, 0.5554205179214478, 0.45654362440109253, -0.04724785313010216, 0.5480466485023499, 0.666393518447876, -0.023068998008966446, 0.5264071226119995, 0.5869295001029968, -0.03582439944148064, 0.5140464305877686, 0.5362311601638794, -0.048207689076662064, 0.5058392286300659, 0.4980466961860657, -0.05667144060134888, 0.5292637348175049, 0.7104743719100952, -0.025402547791600227, 0.5006619095802307, 0.6788563132286072, -0.0410275012254715, 0.48171037435531616, 0.6537088751792908, -0.05001579597592354, 0.4679658114910126, 0.6332213282585144, -0.05466875806450844]"
[],"[0.5603002905845642, 0.8482648134231567, 4.803162596545008e-07, 0.6156339645385742, 0.7869709730148315, -0.016289900988340378, 0.6473119854927063, 0.6940805912017822, -0.019331704825162888, 0.664183497428894, 0.6092830300331116, -0.01881958357989788, 0.6693084239959717, 0.5444671511650085, -0.017854511737823486, 0.5874102115631104, 0.6133012771606445, -0.00977671705186367, 0.5944368243217468, 0.5172932147979736, -0.00953375082463026, 0.6013039946556091, 0.46996843814849854, -0.008250379003584385, 0.607463002204895, 0.44233939051628113, -0.006877614185214043, 0.551593542098999, 0.6228549480438232, -0.002809799974784255, 0.5448625683784485, 0.5240154266357422, -0.0004197833186481148, 0.5455362200737, 0.46949025988578796, -0.0012023634044453502, 0.5468467473983765, 0.43563032150268555, -0.0012617172906175256, 0.5250323414802551, 0.6515761017799377, 0.002848139964044094, 0.5086846947669983, 0.575084388256073, 0.0025451388210058212, 0.5026714205741882, 0.5277944803237915, -0.0018315021879971027, 0.498799592256546, 0.4941369891166687, -0.005065449047833681, 0.5106498003005981, 0.6914774179458618, 0.007557685486972332, 0.4855949580669403, 0.6527361869812012, 0.003061868716031313, 0.46921801567077637, 0.628608226776123, -0.0008311073761433363, 0.4565092921257019, 0.6079477071762085, -0.001776397693902254]"
[],"[0.5627725124359131, 0.8566411733627319, 2.9493617148546036e-07, 0.6153422594070435, 0.7972338795661926, -0.015748973935842514, 0.6479820013046265, 0.7019031643867493, -0.017713118344545364, 0.6669199466705322, 0.6180955767631531, -0.017680874094367027, 0.6685539484024048, 0.5533103346824646, -0.017900941893458366, 0.5952630043029785, 0.6213826537132263, -0.005505011882632971, 0.5971069931983948, 0.5449198484420776, -0.007434308063238859, 0.5985086560249329, 0.5083370804786682, -0.011014096438884735, 0.5995599031448364, 0.48414716124534607, -0.014584701508283615, 0.5599958896636963, 0.6292706727981567, -0.0025336036924272776, 0.5519538521766663, 0.5451167225837708, -0.002669831970706582, 0.5482811331748962, 0.4980374574661255, -0.010386992245912552, 0.5445404052734375, 0.464961975812912, -0.017476489767432213, 0.5320819020271301, 0.6595687866210938, -0.001303131808526814, 0.5146887302398682, 0.5923568606376648, -0.005133960861712694, 0.5037835836410522, 0.5498577356338501, -0.01639758236706257, 0.4947836697101593, 0.514930248260498, -0.026353327557444572, 0.5145128965377808, 0.7045623660087585, -0.0010995848570019007, 0.4919077157974243, 0.6768075227737427, -0.009165806695818901, 0.4755643606185913, 0.6564626097679138, -0.017052244395017624, 0.46224480867385864, 0.6373695731163025, -0.02273336611688137]"
"[0.5942063927650452, 0.9329272508621216, 3.8909030308786896e-07, 0.6469752788543701, 0.8952548503875732, -0.028286274522542953, 0.6917177438735962, 0.8146674633026123, -0.03746707737445831, 0.7236384749412537, 0.7395748496055603, -0.04355442896485329, 0.7417076826095581, 0.6753934621810913, -0.04868100583553314, 0.650559663772583, 0.6850223541259766, -0.007995015010237694, 0.6584280133247375, 0.5923579931259155, -0.01811232790350914, 0.6657567620277405, 0.5390930771827698, -0.030413445085287094, 0.6721765995025635, 0.49892327189445496, -0.039084192365407944, 0.6182336807250977, 0.6755127906799316, -0.0019440158503130078, 0.6211153864860535, 0.5776330828666687, -0.009976258501410484, 0.6244831681251526, 0.5131266117095947, -0.024087537080049515, 0.6260087490081787, 0.46394866704940796, -0.03425823152065277, 0.5896026492118835, 0.6849101781845093, 0.00032551298500038683, 0.5901269316673279, 0.5940312147140503, -0.008556108921766281, 0.5912950038909912, 0.5363994240760803, -0.01866002380847931, 0.5915662050247192, 0.4922863841056824, -0.02528422512114048, 0.5658314228057861, 0.7122617363929749, -0.0002588740608189255, 0.5628108978271484, 0.6401410102844238, -0.008729756809771061, 0.5613111853599548, 0.5980217456817627, -0.012496307492256165, 0.5607677102088928, 0.56575608253479, -0.013908634893596172]",[]
"[0.6109605431556702, 0.952979564666748, 3.06329951627049e-07, 0.6662302017211914, 0.9111523628234863, -0.02438323199748993, 0.709907591342926, 0.8309768438339233, -0.03214963898062706, 0.739228367805481, 0.7600159049034119, -0.03704628348350525, 0.7600904703140259, 0.7056165337562561, -0.04150841757655144, 0.6642126441001892, 0.7122783064842224, -0.014191964641213417, 0.6663495302200317, 0.6092119216918945, -0.022646993398666382, 0.66843181848526, 0.5488762855529785, -0.031128287315368652, 0.6702744960784912, 0.50076824426651, -0.0380784347653389, 0.6309565305709839, 0.70892733335495, -0.009684942662715912, 0.6277350783348083, 0.6127762794494629, -0.018039271235466003, 0.6292227506637573, 0.5529441833496094, -0.02940327487885952, 0.6287754774093628, 0.5080804228782654, -0.03814138099551201, 0.6016123294830322, 0.7264130115509033, -0.007998724468052387, 0.5933159589767456, 0.6405472159385681, -0.018862156197428703, 0.5887808799743652, 0.5885562300682068, -0.030680852010846138, 0.58437180519104, 0.5467081665992737, -0.03877584636211395, 0.5781568288803101, 0.7589294910430908, -0.008296194486320019, 0.5636149048805237, 0.6947081685066223, -0.020409144461154938, 0.5539538860321045, 0.6569653749465942, -0.02842768281698227, 0.5471409559249878, 0.6263763308525085, -0.03312135487794876]",[]
"[0.5509469509124756, 0.938483476638794, 2.2739999394616461e-07, 0.501714289188385, 0.9019412994384766, -0.006745741702616215, 0.4643191993236542, 0.8303220272064209, -0.012185510247945786, 0.4404944181442261, 0.7669315934181213, -0.018353866413235664, 0.4219738245010376, 0.715022623538971, -0.02450462616980076, 0.46113279461860657, 0.7394609451293945, -0.01346029806882143, 0.42784202098846436, 0.6496217846870422, -0.0279851071536541, 0.4077241122722626, 0.5948160886764526, -0.03927673399448395, 0.39202478528022766, 0.5493086576461792, -0.04741401597857475, 0.4860975742340088, 0.7208213210105896, -0.021073877811431885, 0.4704572260379791, 0.6081545352935791, -0.032774992287158966, 0.4633093774318695, 0.5357413291931152, -0.04171307012438774, 0.45972901582717896, 0.4764362573623657, -0.04812057316303253, 0.5149931907653809, 0.7261502742767334, -0.02991664595901966, 0.513175904750824, 0.6219909191131592, -0.04327801242470741, 0.5192599892616272, 0.5626487731933594, -0.05172592028975487, 0.5270857214927673, 0.5117509365081787, -0.05762934684753418, 0.5436244606971741, 0.751555323600769, -0.03902698680758476, 0.5564736127853394, 0.6873167157173157, -0.05220840126276016, 0.5686667561531067, 0.6497131586074829, -0.05541842430830002, 0.5817525386810303, 0.6172911524772644, -0.0564272366464138]",[]
"[0.5293745398521423, 0.9988116025924683, 3.464042208634055e-07, 0.44957220554351807, 0.9677377343177795, -0.017020663246512413, 0.39470383524894714, 0.892874538898468, -0.02918076328933239, 0.3572387993335724, 0.819743812084198, -0.03891551122069359, 0.32464250922203064, 0.7684285044670105, -0.04909534007310867, 0.4365101456642151, 0.7947527766227722, -0.03653644770383835, 0.39986124634742737, 0.6834892630577087, -0.0565803237259388, 0.3749847710132599, 0.621419370174408, -0.06795752793550491, 0.3536830544471741, 0.5771521329879761, -0.0750221237540245, 0.4835321307182312, 0.7804115414619446, -0.04137689992785454, 0.4672580063343048, 0.6476994752883911, -0.05838468670845032, 0.455764502286911, 0.5654557943344116, -0.06916876137256622, 0.44613704085350037, 0.4999712109565735, -0.0769549012184143, 0.5248317718505859, 0.7911809086799622, -0.04716303199529648, 0.5243746638298035, 0.678462028503418, -0.06857065856456757, 0.5261680483818054, 0.6079773306846619, -0.08113733679056168, 0.5284258723258972, 0.5499054193496704, -0.0892035961151123, 0.5612472891807556, 0.8200762271881104, -0.053025662899017334, 0.5853217244148254, 0.7499724626541138, -0.07637826353311539, 0.6057922840118408, 0.7057360410690308, -0.08478489518165588, 0.6238861680030823, 0.6680270433425903, -0.08857698738574982]",[]
[],"[0.5324012637138367, 0.9047424793243408, 2.24720750452434e-07, 0.5525528788566589, 0.8495116233825684, -0.004227463621646166, 0.5548382997512817, 0.7787589430809021, -0.004138963297009468, 0.5431371331214905, 0.7259302139282227, -0.0063050612807273865, 0.5337123870849609, 0.6856250166893005, -0.009032581932842731, 0.5289465188980103, 0.6996526122093201, 0.006877118721604347, 0.510777473449707, 0.6194548010826111, 0.002505565993487835, 0.49628162384033203, 0.5720879435539246, -0.003569304244592786, 0.4846809208393097, 0.5329381823539734, -0.008798443712294102, 0.5009527206420898, 0.7031087875366211, 0.0007023110520094633, 0.49557262659072876, 0.6081637740135193, -0.000811712583526969, 0.4916587471961975, 0.5567415356636047, -0.004629195202142, 0.49031731486320496, 0.5116790533065796, -0.007668592501431704, 0.47526782751083374, 0.7227153778076172, -0.0073829712346196175, 0.4714982509613037, 0.6447556614875793, -0.010688254609704018, 0.47944387793540955, 0.5979903936386108, -0.01238944474607706, 0.49025559425354004, 0.5560830235481262, -0.014560007490217686, 0.44807642698287964, 0.758460521697998, -0.016640326008200645, 0.4316496253013611, 0.7109358310699463, -0.021621188148856163, 0.4269580841064453, 0.6848793029785156, -0.0189918614923954, 0.42721375823020935, 0.6604838967323303, -0.016670100390911102]"
[],"[0.5371723771095276, 0.9055628776550293, 1.9330006750806206e-07, 0.5394542217254639, 0.8495896458625793, -0.003672923194244504, 0.5319425463676453, 0.7777091264724731, -0.0029297014698386192, 0.5168584585189819, 0.7249371409416199, -0.004290055017918348, 0.5060747861862183, 0.6849768757820129, -0.005744555499404669, 0.5195415616035461, 0.6998286843299866, 0.0065145306289196014, 0.5013377666473389, 0.6168063282966614, 0.0012260980438441038, 0.48781436681747437, 0.5689308047294617, -0.005307082086801529, 0.47705793380737305, 0.5281583070755005, -0.010666165500879288, 0.5047823786735535, 0.7042681574821472, -0.00023621440050192177, 0.500277578830719, 0.6078639030456543, -0.0019450843101367354, 0.4951561689376831, 0.5555332899093628, -0.0059772636741399765, 0.4929179549217224, 0.509323239326477, -0.008915907703340054, 0.4922299385070801, 0.7261053323745728, -0.00893251970410347, 0.49414122104644775, 0.6476891040802002, -0.01215506810694933, 0.5039178729057312, 0.5986326932907104, -0.014447804540395737, 0.5162328481674194, 0.5525405406951904, -0.017026983201503754, 0.47646671533584595, 0.7648452520370483, -0.018757523968815804, 0.46937769651412964, 0.7216569781303406, -0.02281283400952816, 0.4694727063179016, 0.6970322132110596, -0.01969817467033863, 0.4736310839653015, 0.6728430986404419, -0.01723058521747589]"
"[0.558057427406311, 0.8245335221290588, -4.569054397052241e-07, 0.46845513582229614, 0.7782927751541138, -0.010668209753930569, 0.4214295744895935, 0.6958475112915039, -0.014161531813442707, 0.3967178761959076, 0.6148239374160767, -0.016023583710193634, 0.37693190574645996, 0.5542330741882324, -0.014433917589485645, 0.49199217557907104, 0.5358676910400391, 0.006225289776921272, 0.4558059573173523, 0.5081965327262878, 0.015592682175338268, 0.43972527980804443, 0.5588359236717224, 0.018216656520962715, 0.4444955885410309, 0.5957831740379333, 0.017774617299437523, 0.5379247069358826, 0.5491411685943604, 0.009046917781233788, 0.5041519403457642, 0.5274106860160828, 0.023833220824599266, 0.4859181344509125, 0.5685517191886902, 0.022541986778378487, 0.49259182810783386, 0.6002920269966125, 0.01675194688141346, 0.5753936767578125, 0.5901403427124023, 0.011881873942911625, 0.5552381277084351, 0.5613341927528381, 0.019331099465489388, 0.5416213274002075, 0.5939870476722717, 0.01999523676931858, 0.5479434132575989, 0.62543123960495, 0.016474012285470963, 0.606141984462738, 0.6426518559455872, 0.014397986233234406, 0.5935848355293274, 0.6207846403121948, 0.020264990627765656, 0.5838660001754761, 0.6375712156295776, 0.02689965069293976, 0.5874223709106445, 0.65694659948349, 0.03099971078336239]",[]
"[0.5241284966468811, 0.8039776086807251, 3.891155841984073e-08, 0.44534340500831604, 0.7554252743721008, 0.00662369467318058, 0.4109846353530884, 0.6641701459884644, 0.01752471923828125, 0.39586061239242554, 0.586249053478241, 0.02491096965968609, 0.37974971532821655, 0.5308602452278137, 0.0318194180727005, 0.47991374135017395, 0.588081419467926, 0.05200737342238426, 0.475450724363327, 0.517335832118988, 0.07229159772396088, 0.4719318151473999, 0.4982990026473999, 0.07761500775814056, 0.4693358242511749, 0.48926854133605957, 0.07931364327669144, 0.5260533094406128, 0.5998470187187195, 0.04841742292046547, 0.5354699492454529, 0.5339425206184387, 0.07584317028522491, 0.5366431474685669, 0.5051903128623962, 0.07669997215270996, 0.5418015122413635, 0.4891853630542755, 0.07283659279346466, 0.562087893486023, 0.6276024580001831, 0.04269280284643173, 0.5821592807769775, 0.5611287355422974, 0.060317277908325195, 0.5914937853813171, 0.5179276466369629, 0.05951552838087082, 0.6017651557922363, 0.4860283136367798, 0.05471254885196686, 0.5924469232559204, 0.6671788096427917, 0.03710270673036575, 0.6193685531616211, 0.6233140230178833, 0.050988465547561646, 0.6361542344093323, 0.5912065505981445, 0.058477774262428284, 0.6498709321022034, 0.5650694966316223, 0.061594001948833466]",[]
"[0.5230795741081238, 0.8542622327804565, 1.2503505786298774e-07, 0.4527071416378021, 0.7995720505714417, -0.006097595207393169, 0.4118189811706543, 0.7030088305473328, -0.00599035294726491, 0.3871206045150757, 0.6224732398986816, -0.008097546175122261, 0.3625923991203308, 0.5656068921089172, -0.00983800645917654, 0.4602397680282593, 0.6232916712760925, 0.023353558033704758, 0.4578905403614044, 0.5532877445220947, 0.021793169900774956, 0.4552353024482727, 0.5206283926963806, 0.014168263413012028, 0.4516999125480652, 0.49559229612350464, 0.007527623791247606, 0.5030076503753662, 0.6302533149719238, 0.018636982887983322, 0.5128138661384583, 0.5555028915405273, 0.022857259958982468, 0.518288254737854, 0.5165242552757263, 0.015652816742658615, 0.5255770683288574, 0.48309561610221863, 0.007682151161134243, 0.540961503982544, 0.6526960134506226, 0.010526786558330059, 0.557572066783905, 0.5800805687904358, 0.008667257614433765, 0.567097008228302, 0.5399413704872131, 0.004932919517159462, 0.576867401599884, 0.5050172209739685, 0.000679500459227711, 0.5768936276435852, 0.6867371797561646, 0.0013086901744827628, 0.601936936378479, 0.6322371363639832, -0.00027763002435676754, 0.6185103058815002, 0.5975033044815063, 0.00155687949154526, 0.6347755193710327, 0.5644206404685974, 0.002161566633731127]",[]
[],"[0.5077468752861023, 0.8951820731163025, 9.110707566151177e-08, 0.44466495513916016, 0.8444869518280029, -0.012677839957177639, 0.4055044651031494, 0.7472761869430542, -0.01138562336564064, 0.37860172986984253, 0.6650180816650391, -0.009977703914046288, 0.3592320680618286, 0.6057459712028503, -0.0076270620338618755, 0.4549297094345093, 0.6733872294425964, 0.013138102367520332, 0.43800872564315796, 0.5937516689300537, 0.01027326937764883, 0.42977237701416016, 0.5534282326698303, 0.004460420925170183, 0.4239557087421417, 0.5216372609138489, -0.000249247852480039, 0.4937945306301117, 0.6698387265205383, 0.012689615599811077, 0.4898260831832886, 0.580767810344696, 0.013864006847143173, 0.4863787293434143, 0.5309182405471802, 0.0065247053280472755, 0.48471561074256897, 0.4890698194503784, -0.000425893347710371, 0.5302828550338745, 0.6858097314834595, 0.00846604723483324, 0.5474328398704529, 0.6082004308700562, 0.0015602967469021678, 0.5620644688606262, 0.5630651712417603, -0.007431074511259794, 0.575751543045044, 0.5250648856163025, -0.01373886689543724, 0.5638306736946106, 0.7151954174041748, 0.0032273016404360533, 0.5901898145675659, 0.6560238599777222, -0.004272600635886192, 0.6078341007232666, 0.6206973791122437, -0.00784189160913229, 0.6230875253677368, 0.5887227058410645, -0.010126309469342232]"
[],"[0.5080083608627319, 0.89610755443573, 9.448891091778933e-08, 0.4449586868286133, 0.8452563285827637, -0.012195485644042492, 0.4060482978820801, 0.7483890652656555, -0.01095542497932911, 0.3797590434551239, 0.6660099029541016, -0.009579046629369259, 0.36181068420410156, 0.6063456535339355, -0.0072097391821444035, 0.4543547034263611, 0.6735687851905823, 0.01234196312725544, 0.4383089542388916, 0.5935168862342834, 0.00948532484471798, 0.4306035041809082, 0.5530408620834351, 0.003957087639719248, 0.4253394305706024, 0.5207082033157349, -0.0005527036264538765, 0.49370408058166504, 0.6700037121772766, 0.011726907454431057, 0.49097099900245667, 0.5805983543395996, 0.012773989699780941, 0.488273024559021, 0.5311094522476196, 0.005591704044491053, 0.48732638359069824, 0.48988085985183716, -0.0011928653111681342, 0.5306053757667542, 0.6858338117599487, 0.007550256792455912, 0.5479059219360352, 0.6077802777290344, 0.0008158560958690941, 0.5625324845314026, 0.562919020652771, -0.007711334154009819, 0.5762059688568115, 0.5257757902145386, -0.013703228905797005, 0.5644899010658264, 0.7148351669311523, 0.0024044830352067947, 0.590417742729187, 0.6553846597671509, -0.004709434229880571, 0.607749342918396, 0.6198546290397644, -0.007836790755391121, 0.6228891015052795, 0.5881242156028748, -0.009768147952854633]"
"[0.5325560569763184, 0.9759266972541809, 2.644893299930118e-07, 0.4528037905693054, 0.9461681842803955, -0.014109666459262371, 0.39519375562667847, 0.8609356880187988, -0.020634997636079788, 0.3581264317035675, 0.7835556268692017, -0.026217078790068626, 0.32609695196151733, 0.7308806777000427, -0.03128882497549057, 0.4303736686706543, 0.7616284489631653, -0.011026873253285885, 0.392238050699234, 0.6723490357398987, -0.023510441184043884, 0.370400607585907, 0.6211696863174438, -0.03335750475525856, 0.35502365231513977, 0.5837531685829163, -0.03973918780684471, 0.4730241596698761, 0.7438555955886841, -0.014782227575778961, 0.4527517855167389, 0.6288845539093018, -0.022362325340509415, 0.4393378496170044, 0.5580294728279114, -0.02936398796737194, 0.43079325556755066, 0.5031847357749939, -0.03455148637294769, 0.5131238102912903, 0.7503360509872437, -0.021154848858714104, 0.5023659467697144, 0.6495470404624939, -0.033604517579078674, 0.49839773774147034, 0.5888692140579224, -0.042595770210027695, 0.4977187216281891, 0.5373924374580383, -0.048637472093105316, 0.5500653386116028, 0.7742886543273926, -0.028281746432185173, 0.5631096959114075, 0.7088757753372192, -0.04300985857844353, 0.5773381590843201, 0.6676442623138428, -0.047852370887994766, 0.5913034081459045, 0.6309201717376709, -0.04979857802391052]",[]
"[0.531677782535553, 0.9354430437088013, 3.395648207060731e-07, 0.5556226968765259, 0.8816589117050171, -0.014591260813176632, 0.5558662414550781, 0.8103334903717041, -0.021476982161402702, 0.5349507331848145, 0.7583542466163635, -0.028237896040081978, 0.5144551992416382, 0.7165632247924805, -0.035057924687862396, 0.5131729245185852, 0.710673451423645, -0.013857375830411911, 0.49529749155044556, 0.6108556985855103, -0.02418346516788006, 0.48451346158981323, 0.5579307675361633, -0.033317066729068756, 0.4745963215827942, 0.5146881341934204, -0.040306419134140015, 0.4754384160041809, 0.7164790630340576, -0.016063369810581207, 0.45047327876091003, 0.608181357383728, -0.023731691762804985, 0.44074028730392456, 0.5495713949203491, -0.0314963199198246, 0.4315437376499176, 0.506766140460968, -0.03750051185488701, 0.4437507390975952, 0.7411914467811584, -0.019848957657814026, 0.41312819719314575, 0.6589815020561218, -0.028334252536296844, 0.4013078510761261, 0.618256688117981, -0.033225126564502716, 0.3938971757888794, 0.5870919227600098, -0.03708707541227341, 0.41767752170562744, 0.7826558351516724, -0.02508280985057354, 0.3874848484992981, 0.726290225982666, -0.034632351249456406, 0.3741251230239868, 0.7047640681266785, -0.03449852019548416, 0.3676958978176117, 0.6864111423492432, -0.03338046744465828]",[]
[],"[0.5157504677772522, 0.9055092334747314, 1.775978688556279e-07, 0.4608217179775238, 0.8370387554168701, -0.014093010686337948, 0.4255423843860626, 0.7396422028541565, -0.01623569242656231, 0.3997991979122162, 0.6699142456054688, -0.018313873559236526, 0.3798680901527405, 0.6132985949516296, -0.020079195499420166, 0.4779480993747711, 0.6712744235992432, 0.0013305762549862266, 0.4700179398059845, 0.5920053720474243, -0.00798141211271286, 0.46468695998191833, 0.5457803606987, -0.017682768404483795, 0.45876073837280273, 0.5044577717781067, -0.025350244715809822, 0.5165566802024841, 0.6811122298240662, -0.0025447264779359102, 0.5242345929145813, 0.5903108716011047, -0.008644011802971363, 0.5287595987319946, 0.5379804968833923, -0.01790906861424446, 0.5335471630096436, 0.4910547733306885, -0.02538137510418892, 0.550747275352478, 0.7112681865692139, -0.009822401218116283, 0.570622444152832, 0.6348201036453247, -0.02207784727215767, 0.5873603224754333, 0.5885334014892578, -0.030341539531946182, 0.602410078048706, 0.5450465083122253, -0.035599611699581146, 0.5798367857933044, 0.7552013397216797, -0.018348969519138336, 0.6017653942108154, 0.7006210684776306, -0.030592529103159904, 0.616497814655304, 0.6667577624320984, -0.033044829964637756, 0.6289262771606445, 0.6337947845458984, -0.03399653732776642]"
[],"[0.5165324211120605, 0.907271683216095, 1.751779450387403e-07, 0.4615248441696167, 0.8376995921134949, -0.013819410465657711, 0.4254549443721771, 0.7390837669372559, -0.016223400831222534, 0.3990016281604767, 0.6680442094802856, -0.018698416650295258, 0.37776055932044983, 0.6111570000648499, -0.02084999345242977, 0.47705620527267456, 0.6692643165588379, 0.001911829924210906, 0.46964097023010254, 0.5905713438987732, -0.007826683111488819, 0.46467602252960205, 0.5453208684921265, -0.018019594252109528, 0.45887014269828796, 0.5047174096107483, -0.026066899299621582, 0.5150588154792786, 0.679047703742981, -0.0022022887133061886, 0.523046612739563, 0.5891636610031128, -0.008983048610389233, 0.5275701284408569, 0.5378597974777222, -0.018808480352163315, 0.5321038365364075, 0.4916341304779053, -0.026645613834261894, 0.5490447878837585, 0.7091605067253113, -0.009725148789584637, 0.5681711435317993, 0.6324964761734009, -0.022433117032051086, 0.5843694806098938, 0.5869221687316895, -0.03087838552892208, 0.5986113548278809, 0.5437570810317993, -0.03624402731657028, 0.5785415172576904, 0.7529366612434387, -0.0184855367988348, 0.6001780033111572, 0.6979987621307373, -0.0310873631387949, 0.6149247288703918, 0.6642715930938721, -0.033831071108579636, 0.6274386644363403, 0.6315047740936279, -0.034953050315380096]"
"[0.5395183563232422, 0.8430228233337402, 1.5030098055035523e-08, 0.464521199464798, 0.7851253747940063, -0.007027740124613047, 0.4241454303264618, 0.6930938959121704, -0.009962999261915684, 0.4020533561706543, 0.6080281734466553, -0.01453273557126522, 0.38133350014686584, 0.5426559448242188, -0.017586885020136833, 0.4785238206386566, 0.6053819060325623, 0.013644590973854065, 0.473349928855896, 0.5115066170692444, 0.009147491306066513, 0.4655399024486542, 0.49941664934158325, 0.001245200401172042, 0.46435028314590454, 0.5076422691345215, -0.003468832466751337, 0.5241402983665466, 0.6141108274459839, 0.010408029891550541, 0.5283828377723694, 0.5212246775627136, 0.013225573115050793, 0.5258843302726746, 0.4912736713886261, 0.007283378858119249, 0.527392566204071, 0.4863980710506439, 0.0013349894434213638, 0.5616914629936218, 0.6403675079345703, 0.004543698392808437, 0.5721398591995239, 0.5555230379104614, 0.005494715180248022, 0.5747231841087341, 0.5211969017982483, 0.005344326142221689, 0.5770878195762634, 0.5088475346565247, 0.0035341635812073946, 0.5955080986022949, 0.6785665154457092, -0.0024174677673727274, 0.6172447800636292, 0.6197090744972229, -0.0008619234431535006, 0.6262054443359375, 0.5854979753494263, 0.0036437460221350193, 0.6319977641105652, 0.5636231303215027, 0.006643882021307945]",[]
"[0.5609972476959229, 0.7912853956222534, 1.1137275635064725e-07, 0.47466564178466797, 0.7341165542602539, -0.0037692838814109564, 0.431637167930603, 0.639187216758728, -0.0007773622055537999, 0.4135703444480896, 0.5546542406082153, 0.001386122778058052, 0.39912933111190796, 0.4917403757572174, 0.004519911017268896, 0.49393707513809204, 0.5539060235023499, 0.025522548705339432, 0.48392418026924133, 0.47733089327812195, 0.0380987785756588, 0.4762726426124573, 0.4519079923629761, 0.041937265545129776, 0.46842584013938904, 0.438071072101593, 0.04183238744735718, 0.5402459502220154, 0.562305748462677, 0.02322123758494854, 0.539609968662262, 0.48860740661621094, 0.03851637244224548, 0.5334010124206543, 0.45514747500419617, 0.0360255166888237, 0.5297949910163879, 0.43779242038726807, 0.030362172052264214, 0.5758944749832153, 0.5861272215843201, 0.0189528688788414, 0.5874096751213074, 0.514340877532959, 0.026176102459430695, 0.5901792049407959, 0.4665129780769348, 0.021523162722587585, 0.5930008888244629, 0.4307326376438141, 0.014467073604464531, 0.6053977608680725, 0.6230412125587463, 0.014390739612281322, 0.6315152645111084, 0.5773640275001526, 0.018118128180503845, 0.6447775363922119, 0.5433631539344788, 0.019048837944865227, 0.6549644470214844, 0.5134683847427368, 0.017755206674337387]",[]
"[0.5130935311317444, 0.8425766229629517, 1.877155995089197e-07, 0.45216524600982666, 0.774499237537384, -0.008399895392358303, 0.41972747445106506, 0.6716578006744385, -0.009457266889512539, 0.3982824981212616, 0.592936635017395, -0.012449824251234531, 0.3802018165588379, 0.5323736071586609, -0.014951401390135288, 0.47360581159591675, 0.5875916481018066, 0.025180066004395485, 0.47947344183921814, 0.5126093626022339, 0.025313008576631546, 0.48436734080314636, 0.48186492919921875, 0.018129203468561172, 0.48810890316963196, 0.46097829937934875, 0.012140432372689247, 0.5144301652908325, 0.604325532913208, 0.02202298864722252, 0.5312206745147705, 0.5280299186706543, 0.028526118025183678, 0.5434393882751465, 0.48951423168182373, 0.021232590079307556, 0.5566766858100891, 0.4574025273323059, 0.013219484128057957, 0.549802303314209, 0.6330508589744568, 0.015099464915692806, 0.5701402425765991, 0.5606899261474609, 0.017664851620793343, 0.5841595530509949, 0.5220108032226562, 0.014997480437159538, 0.596441924571991, 0.48863983154296875, 0.011096986941993237, 0.5812795758247375, 0.6720157265663147, 0.0064882743172347546, 0.6040235757827759, 0.6117984056472778, 0.01017021294683218, 0.6191390752792358, 0.5771595239639282, 0.014833680354058743, 0.6321254968643188, 0.5471106767654419, 0.01703830435872078]",[]
[],"[0.5314339399337769, 0.8700553178787231, 1.5223983496071014e-07, 0.4640420079231262, 0.8403642773628235, -0.010459691286087036, 0.42673859000205994, 0.7644028663635254, -0.013421925716102123, 0.41259288787841797, 0.700054407119751, -0.015836719423532486, 0.4027392268180847, 0.6545167565345764, -0.017830321565270424, 0.46190130710601807, 0.6562759876251221, -0.006266632582992315, 0.45504581928253174, 0.5673843622207642, -0.013101437129080296, 0.45419642329216003, 0.5173033475875854, -0.020009715110063553, 0.4541357755661011, 0.47301483154296875, -0.02603919245302677, 0.5009950995445251, 0.6475604176521301, -0.009819116443395615, 0.495158851146698, 0.5560835003852844, -0.01393845584243536, 0.4917842745780945, 0.5030862092971802, -0.019586071372032166, 0.49078434705734253, 0.4598597586154938, -0.02448771893978119, 0.5374088287353516, 0.662626326084137, -0.01548335887491703, 0.5511459112167358, 0.5793266296386719, -0.02536558173596859, 0.5639515519142151, 0.5292953252792358, -0.032198235392570496, 0.5777842402458191, 0.48886582255363464, -0.03680401295423508, 0.5694037675857544, 0.6946873068809509, -0.021838076412677765, 0.5932387113571167, 0.6360777020454407, -0.03282604366540909, 0.605792224407196, 0.6004242897033691, -0.03585179150104523, 0.6165585517883301, 0.5678946375846863, -0.03703450411558151]"
[],"[0.5313941836357117, 0.8723431825637817, 1.4987357133122714e-07, 0.4639545977115631, 0.8401715755462646, -0.011496487073600292, 0.42547518014907837, 0.7622816562652588, -0.015239452011883259, 0.40997934341430664, 0.6951704621315002, -0.01835128851234913, 0.3978741765022278, 0.6480270624160767, -0.020996594801545143, 0.46090564131736755, 0.6569084525108337, -0.008129777386784554, 0.4543091356754303, 0.5670941472053528, -0.01649363897740841, 0.4537535011768341, 0.5159702301025391, -0.024237224832177162, 0.4537615478038788, 0.4707300662994385, -0.030803777277469635, 0.500770628452301, 0.6486164927482605, -0.011982664465904236, 0.49591952562332153, 0.5567728281021118, -0.01769290491938591, 0.49361464381217957, 0.5034761428833008, -0.02395595796406269, 0.4932168126106262, 0.4594619870185852, -0.02922937273979187, 0.5376622676849365, 0.6636339426040649, -0.01802915148437023, 0.5520431995391846, 0.5808032751083374, -0.029241234064102173, 0.565678060054779, 0.5297868847846985, -0.03607606887817383, 0.5797092914581299, 0.4881066679954529, -0.0405568964779377, 0.5704172253608704, 0.6953577399253845, -0.024884166195988655, 0.593617856502533, 0.6349098086357117, -0.036738328635692596, 0.6063947677612305, 0.598639726638794, -0.03965100273489952, 0.6174614429473877, 0.5657252669334412, -0.04069380834698677]"
[],"[0.533215343952179, 0.7036547064781189, 2.1553400131324452e-07, 0.5008556246757507, 0.6705418825149536, -0.006942005828022957, 0.47763901948928833, 0.6223690509796143, -0.012529824860394001, 0.4649571180343628, 0.5821739435195923, -0.017126157879829407, 0.459468811750412, 0.5506826043128967, -0.02185228280723095, 0.48817843198776245, 0.5144456624984741, -0.015128884464502335, 0.4693036377429962, 0.4409099221229553, -0.026691164821386337, 0.4563564658164978, 0.3966764807701111, -0.03351001814007759, 0.44783854484558105, 0.36199864745140076, -0.0379599966108799, 0.5180131196975708, 0.4995238482952118, -0.019701790064573288, 0.5107316374778748, 0.4080687165260315, -0.03251058980822563, 0.5066245198249817, 0.3513481020927429, -0.04000253975391388, 0.5050462484359741, 0.30372604727745056, -0.04415932297706604, 0.5463177561759949, 0.5116028785705566, -0.025196794420480728, 0.5625970959663391, 0.4311337471008301, -0.042772550135850906, 0.5736537575721741, 0.3817094564437866, -0.05339899659156799, 0.5830610394477844, 0.34118199348449707, -0.058399803936481476, 0.5731748938560486, 0.5464931726455688, -0.029925644397735596, 0.5950524806976318, 0.49595513939857483, -0.046241771429777145, 0.6098873019218445, 0.46449676156044006, -0.052404165267944336, 0.6231381297111511, 0.43612730503082275, -0.054609086364507675]"
"[0.5348779559135437, 0.9205613732337952, 3.02695980280987e-07, 0.45837679505348206, 0.8994317650794983, -0.010216349735856056, 0.403580904006958, 0.8191758394241333, -0.013201218098402023, 0.3697091341018677, 0.7427290081977844, -0.015290389768779278, 0.34377777576446533, 0.6884649991989136, -0.017227789387106895, 0.43324148654937744, 0.711815595626831, -0.007718910463154316, 0.3958544135093689, 0.6207686066627502, -0.015499896369874477, 0.37405964732170105, 0.5666869878768921, -0.021821370348334312, 0.35926175117492676, 0.5262793302536011, -0.02648642286658287, 0.4723562002182007, 0.697059154510498, -0.011884410865604877, 0.451873779296875, 0.5812236666679382, -0.016876937821507454, 0.43879374861717224, 0.504383385181427, -0.023687798529863358, 0.4332292675971985, 0.44396740198135376, -0.028662769123911858, 0.5112143158912659, 0.7077968120574951, -0.01791698858141899, 0.5037844181060791, 0.5995231866836548, -0.030550513416528702, 0.503537118434906, 0.5355998277664185, -0.0433674119412899, 0.5088292360305786, 0.4845316410064697, -0.05172446742653847, 0.5480751395225525, 0.7376961708068848, -0.023817874491214752, 0.56523597240448, 0.6756978631019592, -0.04121427237987518, 0.5824206471443176, 0.6359521150588989, -0.049676842987537384, 0.6000136733055115, 0.6008167266845703, -0.05363566800951958]",[]
"[0.5322037935256958, 0.9647331237792969, 3.9386620187542576e-07, 0.4491376578807831, 0.9419984817504883, -0.014457271434366703, 0.39666062593460083, 0.8625101447105408, -0.022182127460837364, 0.3638664484024048, 0.7854278087615967, -0.02765432558953762, 0.330848753452301, 0.7360309362411499, -0.03374364227056503, 0.4363032877445221, 0.7545737028121948, -0.0255398191511631, 0.4037502706050873, 0.6480807065963745, -0.040153618901968, 0.3816770315170288, 0.5877517461776733, -0.050074052065610886, 0.3624880611896515, 0.5393533706665039, -0.05686195194721222, 0.4844109117984772, 0.7390702366828918, -0.030435582622885704, 0.4669247269630432, 0.6091223359107971, -0.03994428738951683, 0.4507462978363037, 0.523701548576355, -0.049775976687669754, 0.43905115127563477, 0.45252594351768494, -0.05784161761403084, 0.527472972869873, 0.7538080215454102, -0.036436326801776886, 0.5292177796363831, 0.6392475366592407, -0.05363684892654419, 0.5277883410453796, 0.567035436630249, -0.06921517848968506, 0.5280354022979736, 0.5089436769485474, -0.0800718441605568, 0.5646549463272095, 0.7885450720787048, -0.042322155088186264, 0.5948183536529541, 0.7244501709938049, -0.06448952108621597, 0.6177968978881836, 0.6782971620559692, -0.07577163726091385, 0.6382244825363159, 0.6362037062644958, -0.08208000659942627]",[]
"[0.5644900798797607, 0.9186040163040161, 2.178636862026906e-07, 0.5365664958953857, 0.8905651569366455, -0.010195850394666195, 0.5056827664375305, 0.8210939764976501, -0.010471782647073269, 0.4778909385204315, 0.7574078440666199, -0.009403767064213753, 0.456574946641922, 0.7111272811889648, -0.006957002449780703, 0.49307548999786377, 0.7187519073486328, -0.004619176499545574, 0.45427316427230835, 0.6252286434173584, -0.008387541398406029, 0.4305678904056549, 0.5797393918037415, -0.01257711835205555, 0.4114719331264496, 0.5421724319458008, -0.015361356548964977, 0.4929141402244568, 0.7052169442176819, -0.004461426287889481, 0.46656888723373413, 0.5878399014472961, -0.005777717102319002, 0.45132777094841003, 0.5204540491104126, -0.009095888584852219, 0.4411334693431854, 0.47001683712005615, -0.011016076430678368, 0.4958224594593048, 0.7119337916374207, -0.005609547719359398, 0.479092538356781, 0.6177906394004822, -0.008280327543616295, 0.47271060943603516, 0.567000150680542, -0.01182852778583765, 0.4705989360809326, 0.5263382196426392, -0.014015310443937778, 0.4990825355052948, 0.7330449819564819, -0.007720541208982468, 0.49325424432754517, 0.6704447269439697, -0.011241189204156399, 0.49287012219429016, 0.6361426711082458, -0.009355975314974785, 0.49575096368789673, 0.6079722046852112, -0.006677587982267141]",[]
[],"[0.5273707509040833, 0.9093252420425415, 3.632845846368582e-08, 0.47665154933929443, 0.8320380449295044, -0.008703731931746006, 0.44782912731170654, 0.7322269082069397, -0.005334712099283934, 0.42627885937690735, 0.6635245084762573, -0.0025529840495437384, 0.41092419624328613, 0.6096029877662659, 0.0011652980465441942, 0.49741989374160767, 0.6470193862915039, 0.017825879156589508, 0.4871079623699188, 0.568367600440979, 0.01796855218708515, 0.48062238097190857, 0.5265865921974182, 0.013044104911386967, 0.4728609621524811, 0.49276530742645264, 0.008909415453672409, 0.5322020649909973, 0.6562215685844421, 0.015548504889011383, 0.5343359112739563, 0.5671771764755249, 0.02109246701002121, 0.5292096734046936, 0.5233876705169678, 0.017036516219377518, 0.5227808356285095, 0.4854341745376587, 0.013402176089584827, 0.5648337006568909, 0.687574028968811, 0.00982376467436552, 0.5823098421096802, 0.611198902130127, 0.009113018400967121, 0.5940724611282349, 0.5736090540885925, 0.004743830766528845, 0.6046867370605469, 0.5384676456451416, 0.0012520973104983568, 0.5926723480224609, 0.7341976761817932, 0.0029317729640752077, 0.6108070611953735, 0.6827219128608704, 0.00034808521741069853, 0.6190475821495056, 0.6534531116485596, 0.002372870920225978, 0.6260436177253723, 0.6244328618049622, 0.004500210750848055]"
[],"[0.5254791378974915, 0.9104355573654175, 8.87080453537692e-09, 0.47583621740341187, 0.8323637247085571, -0.008025143295526505, 0.4497925341129303, 0.7355652451515198, -0.004247480072081089, 0.43119361996650696, 0.6710701584815979, -0.0010645875008776784, 0.41850996017456055, 0.6193225383758545, 0.0029080621898174286, 0.4985308349132538, 0.6487120985984802, 0.017710456624627113, 0.48831725120544434, 0.5704804062843323, 0.018192660063505173, 0.4799758791923523, 0.5308286547660828, 0.013419517315924168, 0.47028419375419617, 0.4999102056026459, 0.009440585039556026, 0.5340184569358826, 0.6571127772331238, 0.014644945040345192, 0.5361139178276062, 0.5659487247467041, 0.019588325172662735, 0.5292021632194519, 0.5216281414031982, 0.014685465022921562, 0.5206448435783386, 0.4856749176979065, 0.01069325115531683, 0.5666105151176453, 0.6887897253036499, 0.008298693224787712, 0.5852698683738708, 0.6108407974243164, 0.006633443757891655, 0.5966625213623047, 0.5694384574890137, 0.0005598912248387933, 0.606611967086792, 0.5322349667549133, -0.003960628528147936, 0.5939197540283203, 0.736426591873169, 0.0010120539227500558, 0.6129209995269775, 0.6840366721153259, -0.0025087648537009954, 0.6206827163696289, 0.6520988941192627, -0.001230988884344697, 0.6268095970153809, 0.6209248900413513, 0.00038970381137914956]"
"[0.5742466449737549, 0.834155261516571, -6.205186764418613e-08, 0.4951249957084656, 0.776843786239624, 0.0022809410002082586, 0.45110204815864563, 0.6745179295539856, 0.006910792086273432, 0.4307021200656891, 0.5893730521202087, 0.01051632221788168, 0.40879565477371216, 0.5277817249298096, 0.01662013679742813, 0.5053138136863708, 0.5761135220527649, 0.022599950432777405, 0.4911138415336609, 0.48680853843688965, 0.030503667891025543, 0.4788256287574768, 0.47624436020851135, 0.03312608599662781, 0.47168025374412537, 0.4894700050354004, 0.03567146882414818, 0.5479931831359863, 0.5853061676025391, 0.020402265712618828, 0.5542142987251282, 0.5087372660636902, 0.036686863750219345, 0.5529389381408691, 0.48871541023254395, 0.0391106978058815, 0.5546349883079529, 0.49309253692626953, 0.038327500224113464, 0.5843855738639832, 0.6177541017532349, 0.017182763665914536, 0.5994226932525635, 0.5457055568695068, 0.028993893414735794, 0.6031813621520996, 0.5179101824760437, 0.03373771533370018, 0.6056010127067566, 0.5113193392753601, 0.03412134200334549, 0.6187934279441833, 0.6617766618728638, 0.01399988867342472, 0.6381183862686157, 0.6111462116241455, 0.024428460747003555, 0.6465287804603577, 0.5826070308685303, 0.0337677039206028, 0.6516375541687012, 0.5647909045219421, 0.03996965289115906]",[]
"[0.5700212717056274, 0.8010174036026001, 1.116220147423519e-07, 0.4879956841468811, 0.7256180047988892, 0.004042650572955608, 0.45529282093048096, 0.6273542046546936, 0.01638151705265045, 0.4427785575389862, 0.5464166402816772, 0.026143284514546394, 0.4297001361846924, 0.4908042848110199, 0.036337386816740036, 0.5237595438957214, 0.5616163611412048, 0.05148826166987419, 0.5188302993774414, 0.48103371262550354, 0.07133730500936508, 0.5132628083229065, 0.4569653570652008, 0.07625917345285416, 0.5080235600471497, 0.4386834502220154, 0.07720313966274261, 0.5680013298988342, 0.5764599442481995, 0.04960090294480324, 0.5706869959831238, 0.49709612131118774, 0.0739927813410759, 0.5698233246803284, 0.4569714069366455, 0.07299676537513733, 0.5712031722068787, 0.4272661805152893, 0.06792023032903671, 0.6012076139450073, 0.6078700423240662, 0.044850777834653854, 0.6153949499130249, 0.5367629528045654, 0.06017790734767914, 0.6215062737464905, 0.4936935603618622, 0.05614578723907471, 0.6271367073059082, 0.45988231897354126, 0.049343667924404144, 0.6292874813079834, 0.6514381170272827, 0.04002690315246582, 0.6527566909790039, 0.6059888601303101, 0.053236402571201324, 0.6663773655891418, 0.5746660828590393, 0.05837320163846016, 0.676387369632721, 0.5481163859367371, 0.05930224061012268]",[]
"[0.5544983744621277, 0.8558636903762817, 1.349140035245e-07, 0.47958511114120483, 0.7952221035957336, 0.003394594881683588, 0.4455854892730713, 0.6879774332046509, 0.012118148617446423, 0.42718225717544556, 0.6028708219528198, 0.01822325587272644, 0.409243643283844, 0.5396217703819275, 0.02530646324157715, 0.5007430911064148, 0.5993016362190247, 0.04453921690583229, 0.4947839677333832, 0.5117390155792236, 0.05716192349791527, 0.48665085434913635, 0.48374122381210327, 0.05838831886649132, 0.47869738936424255, 0.4714558720588684, 0.05860244855284691, 0.5444589853286743, 0.6109496355056763, 0.04187779128551483, 0.5550075769424438, 0.5296704769134521, 0.06075604632496834, 0.5609934329986572, 0.49269771575927734, 0.05896759778261185, 0.567828893661499, 0.47306138277053833, 0.05531252920627594, 0.5799160003662109, 0.639177680015564, 0.036760102957487106, 0.5963148474693298, 0.5650980472564697, 0.050534386187791824, 0.6059123277664185, 0.5259300470352173, 0.05146360024809837, 0.6131301522254944, 0.498166024684906, 0.04976186901330948, 0.6124839782714844, 0.6775826215744019, 0.031224781647324562, 0.6334248781204224, 0.6184974908828735, 0.044846147298812866, 0.6448229551315308, 0.582533061504364, 0.05370498076081276, 0.652967631816864, 0.5533658266067505, 0.05898953601717949]",[]
[],"[0.5612916350364685, 0.8856076002120972, 6.16357098692788e-08, 0.5193968415260315, 0.8473870754241943, -0.010619809851050377, 0.4970669150352478, 0.7713466882705688, -0.010231764987111092, 0.48956209421157837, 0.7051754593849182, -0.009115396998822689, 0.48604172468185425, 0.6536516547203064, -0.006100136786699295, 0.5031728148460388, 0.6706678867340088, 0.008333123289048672, 0.4927711486816406, 0.575193464756012, 0.008693935349583626, 0.4890098571777344, 0.5298373103141785, 0.005196345970034599, 0.48622360825538635, 0.4940333664417267, 0.0016591347521170974, 0.5273200273513794, 0.6659309267997742, 0.008246333338320255, 0.5232266187667847, 0.5696976184844971, 0.012290246784687042, 0.5205765962600708, 0.5202587246894836, 0.007878687232732773, 0.5213411450386047, 0.4837825894355774, 0.003326053498312831, 0.5539077520370483, 0.6818637251853943, 0.005510951392352581, 0.5635466575622559, 0.595275342464447, 0.005367742385715246, 0.5713419914245605, 0.5566988587379456, 0.00019034705474041402, 0.5820565819740295, 0.5236078500747681, -0.005001642741262913, 0.5795043706893921, 0.7114468216896057, 0.0014887265861034393, 0.5973493456840515, 0.656644344329834, -0.0006647319532930851, 0.6048486232757568, 0.625643789768219, -0.0011582568986341357, 0.6143134832382202, 0.5984349250793457, -0.001639324938878417]"
[],"[0.5611945390701294, 0.8877600431442261, 8.726992462015914e-08, 0.5094168186187744, 0.8482826948165894, -0.012149813584983349, 0.4784754812717438, 0.7686581015586853, -0.012066185474395752, 0.46446627378463745, 0.7004663944244385, -0.011131947860121727, 0.45696279406547546, 0.6470964550971985, -0.008624104782938957, 0.49627283215522766, 0.6716407537460327, 0.005163286812603474, 0.48389172554016113, 0.5770992040634155, 0.0032454286701977253, 0.48010775446891785, 0.5292418003082275, -0.0014611163642257452, 0.47723349928855896, 0.4919736385345459, -0.005730540957301855, 0.5261133909225464, 0.6668491959571838, 0.00493058655411005, 0.5200082659721375, 0.5686039924621582, 0.006853149272501469, 0.5172896385192871, 0.5176604390144348, 0.00177085364703089, 0.5175806879997253, 0.4805419445037842, -0.0030021676793694496, 0.5580103993415833, 0.6847249865531921, 0.001799941761419177, 0.5666984915733337, 0.5967437028884888, -0.0007131191086955369, 0.5737613439559937, 0.5579367876052856, -0.006885380018502474, 0.582989513874054, 0.524375855922699, -0.01238788478076458, 0.5891273617744446, 0.7175846695899963, -0.0025969569105654955, 0.6084101796150208, 0.6635136008262634, -0.007393143605440855, 0.6170785427093506, 0.6333035230636597, -0.009359786286950111, 0.6271250247955322, 0.6064656972885132, -0.010539288632571697]"
"[0.5560839176177979, 0.9371693134307861, 2.7205567221244564e-07, 0.4813011884689331, 0.9158315062522888, -0.014319684356451035, 0.4256385862827301, 0.8314898014068604, -0.01810828410089016, 0.3903064727783203, 0.7533350586891174, -0.020248696208000183, 0.3637699782848358, 0.695497989654541, -0.021257929503917694, 0.455357164144516, 0.7310992479324341, -0.005497800651937723, 0.42431962490081787, 0.6402236819267273, -0.01273325551301241, 0.4055095911026001, 0.5913798213005066, -0.019499564543366432, 0.39051350951194763, 0.5527340173721313, -0.024159397929906845, 0.4919663071632385, 0.7171822786331177, -0.006041753571480513, 0.4765992760658264, 0.6034753918647766, -0.009537347592413425, 0.46607765555381775, 0.5379491448402405, -0.014010041020810604, 0.45912763476371765, 0.4862651824951172, -0.01731264591217041, 0.5264760255813599, 0.7256673574447632, -0.009102527983486652, 0.5192922949790955, 0.6254811882972717, -0.016260620206594467, 0.518757700920105, 0.5754412412643433, -0.019649164751172066, 0.5222142934799194, 0.5331886410713196, -0.02157030813395977, 0.556928277015686, 0.7493082880973816, -0.013251266442239285, 0.5610158443450928, 0.6821534037590027, -0.02133180759847164, 0.5678863525390625, 0.6442424058914185, -0.021243060007691383, 0.5773046016693115, 0.6109189987182617, -0.019859740510582924]",[]
"[0.5575363636016846, 0.9649665951728821, 2.6046416223834967e-07, 0.4755832850933075, 0.9376692175865173, -0.009935685433447361, 0.4174997806549072, 0.8537678718566895, -0.013330193236470222, 0.3828388452529907, 0.777186393737793, -0.015363046899437904, 0.35391438007354736, 0.7252741456031799, -0.01666748709976673, 0.44851022958755493, 0.7538412809371948, -0.009457116946578026, 0.4101976156234741, 0.6552583575248718, -0.017175905406475067, 0.3874342441558838, 0.6025715470314026, -0.022994544357061386, 0.3699943423271179, 0.5627663135528564, -0.026326008141040802, 0.4903336465358734, 0.7363842725753784, -0.011914336122572422, 0.46772336959838867, 0.614986002445221, -0.015416900627315044, 0.45292454957962036, 0.5433437824249268, -0.01978929713368416, 0.4432545602321625, 0.48897919058799744, -0.022855620831251144, 0.5282465815544128, 0.7420259118080139, -0.01570594683289528, 0.512835681438446, 0.6377139091491699, -0.022048896178603172, 0.5047920346260071, 0.5741836428642273, -0.027040883898735046, 0.5014084577560425, 0.5219982862472534, -0.030437685549259186, 0.5618922710418701, 0.764212965965271, -0.019808925688266754, 0.5621769428253174, 0.691692590713501, -0.026784636080265045, 0.5652101039886475, 0.6470286250114441, -0.02605467662215233, 0.5697979927062988, 0.6091042757034302, -0.02420143596827984]",[]
[],"[0.5786000490188599, 0.9186106324195862, 1.67261688943654e-07, 0.5151158571243286, 0.8952875137329102, -0.014408592134714127, 0.47004833817481995, 0.8219676613807678, -0.017405575141310692, 0.44713443517684937, 0.7538790702819824, -0.018662577494978905, 0.4280242621898651, 0.7019814252853394, -0.01879705861210823, 0.4809156358242035, 0.7180001735687256, -0.005263835657387972, 0.4451186954975128, 0.6333597302436829, -0.012257381342351437, 0.42348164319992065, 0.5907113552093506, -0.0198918916285038, 0.4063187539577484, 0.5561102628707886, -0.02540133148431778, 0.5057060718536377, 0.7025803923606873, -0.005768613889813423, 0.48366743326187134, 0.59746253490448, -0.00880085676908493, 0.4699137508869171, 0.5402844548225403, -0.013908572494983673, 0.461408406496048, 0.4966650605201721, -0.017429249361157417, 0.5335886478424072, 0.7097459435462952, -0.00903023686259985, 0.5228349566459656, 0.612859845161438, -0.015295636840164661, 0.5170763731002808, 0.5500441193580627, -0.02186358906328678, 0.5163037776947021, 0.4945043921470642, -0.02683425135910511, 0.5618206262588501, 0.734124481678009, -0.013550353236496449, 0.5675027370452881, 0.6695271730422974, -0.020512655377388, 0.568596601486206, 0.629754900932312, -0.021029768511652946, 0.5721684694290161, 0.5934663414955139, -0.020569296553730965]"
"[0.5666083097457886, 0.8718562126159668, 1.9573342058265553e-07, 0.4951593279838562, 0.8253536224365234, -0.012826344929635525, 0.4483642876148224, 0.7288751006126404, -0.014380177482962608, 0.4211532175540924, 0.6466139554977417, -0.01525766309350729, 0.3950192630290985, 0.5829041004180908, -0.015312246978282928, 0.49583837389945984, 0.6408635973930359, 0.007217731326818466, 0.48205217719078064, 0.5655642747879028, 0.003427038434892893, 0.4721359312534332, 0.5273952484130859, -0.004098325036466122, 0.4624476730823517, 0.49524080753326416, -0.010727000422775745, 0.5350644588470459, 0.6472341418266296, 0.00537884421646595, 0.5365586280822754, 0.5658444762229919, 0.006650426425039768, 0.5342170000076294, 0.5184710025787354, -0.0011982721043750644, 0.5348836183547974, 0.4803938865661621, -0.009084527380764484, 0.5690401792526245, 0.6752094626426697, 0.0006541958427987993, 0.5818520784378052, 0.6022607088088989, -0.004565576557070017, 0.5910691022872925, 0.5584103465080261, -0.009809941053390503, 0.6010631322860718, 0.5190107822418213, -0.014480757527053356, 0.6003403663635254, 0.7162566184997559, -0.0051976474933326244, 0.6203099489212036, 0.664086103439331, -0.011872314848005772, 0.6324604749679565, 0.6276594996452332, -0.012086618691682816, 0.6429193615913391, 0.5921847224235535, -0.012109787203371525]",[]
"[0.5614317655563354, 0.8779026865959167, 2.2984049508067983e-07, 0.4927252233028412, 0.8271486163139343, -0.014461918734014034, 0.44709551334381104, 0.7271119356155396, -0.016374481841921806, 0.4206703305244446, 0.643969714641571, -0.017232565209269524, 0.39526742696762085, 0.5800244212150574, -0.017154980450868607, 0.49604713916778564, 0.6424325108528137, 0.005582822021096945, 0.48437365889549255, 0.564832329750061, 0.0026280228048563004, 0.47621089220046997, 0.5247395038604736, -0.0036484193988144398, 0.46846267580986023, 0.4905749559402466, -0.009421803057193756, 0.5355295538902283, 0.6498053669929504, 0.005063685588538647, 0.5394542813301086, 0.5676078796386719, 0.006992675829678774, 0.5388283133506775, 0.5182952284812927, -0.00012525860802270472, 0.540900468826294, 0.4780988395214081, -0.007516795303672552, 0.5691198706626892, 0.6780052185058594, 0.0016176773933693767, 0.5843242406845093, 0.6048290729522705, -0.0033844513818621635, 0.5946600437164307, 0.5600030422210693, -0.008828745223581791, 0.6049339771270752, 0.5203403234481812, -0.0134756900370121, 0.5999490022659302, 0.7185308337211609, -0.002996846567839384, 0.6206424236297607, 0.6652778387069702, -0.009395114146173, 0.6332979202270508, 0.6292049884796143, -0.009686501696705818, 0.6437766551971436, 0.5952638983726501, -0.009736264124512672]",[]
"[0.5640480518341064, 0.8143813014030457, 1.7544371289091032e-08, 0.48348328471183777, 0.759330689907074, 0.005226997192949057, 0.4462909400463104, 0.6637968420982361, 0.015073161572217941, 0.42691025137901306, 0.58029705286026, 0.022020526230335236, 0.40373295545578003, 0.5247411727905273, 0.029427871108055115, 0.5030992031097412, 0.5816147327423096, 0.047718726098537445, 0.49192214012145996, 0.4995950162410736, 0.06209677457809448, 0.4805188477039337, 0.4707516133785248, 0.06356726586818695, 0.46746626496315, 0.4545784592628479, 0.06259337812662125, 0.5479932427406311, 0.5860925912857056, 0.04349329695105553, 0.5473162531852722, 0.5114994049072266, 0.06289522349834442, 0.5394954085350037, 0.4806537926197052, 0.05980478972196579, 0.5346828103065491, 0.46276912093162537, 0.054428599774837494, 0.5851250290870667, 0.6102372407913208, 0.0368802435696125, 0.5956716537475586, 0.5345382690429688, 0.049426548182964325, 0.5984711050987244, 0.4896247088909149, 0.04656944423913956, 0.6018866896629333, 0.45634013414382935, 0.04098084196448326, 0.6190823912620544, 0.6492055058479309, 0.030325841158628464, 0.6404770016670227, 0.5989108085632324, 0.04176005348563194, 0.6519759297370911, 0.5649631023406982, 0.04755233973264694, 0.6605342626571655, 0.5356390476226807, 0.04945862665772438]",[]
"[0.5669131278991699, 0.7939324378967285, 6.920087969319866e-08, 0.48458728194236755, 0.7390478253364563, -0.0011080089025199413, 0.44426649808883667, 0.6438455581665039, 0.0056401751935482025, 0.4228464365005493, 0.5614726543426514, 0.01076219417154789, 0.4063447117805481, 0.5004607439041138, 0.016155529767274857, 0.5013958811759949, 0.5631381273269653, 0.036434631794691086, 0.48889464139938354, 0.49058204889297485, 0.05067944899201393, 0.4799138605594635, 0.4641132354736328, 0.05282701179385185, 0.47018587589263916, 0.44494304060935974, 0.05144449695944786, 0.5457710027694702, 0.5716086030006409, 0.034107938408851624, 0.5453341007232666, 0.4990476965904236, 0.05384504422545433, 0.5400376319885254, 0.4632405638694763, 0.0529257208108902, 0.5360514521598816, 0.44012993574142456, 0.04801011458039284, 0.5815454721450806, 0.5973330140113831, 0.029080955311655998, 0.5920234322547913, 0.521915078163147, 0.03770345821976662, 0.5967783331871033, 0.47454893589019775, 0.03306351974606514, 0.6007093191146851, 0.43677473068237305, 0.026431787759065628, 0.6119974255561829, 0.634950578212738, 0.02382711134850979, 0.6346103549003601, 0.5890185832977295, 0.027960212901234627, 0.649712085723877, 0.5567742586135864, 0.029062559828162193, 0.662367582321167, 0.5274707674980164, 0.02800854481756687]",[]
[],"[0.49863702058792114, 0.8555115461349487, 1.3532209663935646e-07, 0.4492673873901367, 0.7813357710838318, -0.012302589602768421, 0.4226923882961273, 0.6787501573562622, -0.01511374395340681, 0.39996910095214844, 0.6041989326477051, -0.019211439415812492, 0.38422250747680664, 0.5463573932647705, -0.022850053384900093, 0.4804714322090149, 0.6038535237312317, 0.01450386457145214, 0.48135241866111755, 0.5333354473114014, 0.008157013915479183, 0.483120858669281, 0.4921383857727051, -0.0018444039160385728, 0.4842817783355713, 0.45622968673706055, -0.010180768556892872, 0.5198965072631836, 0.6168228387832642, 0.010249258950352669, 0.5343495011329651, 0.5387994647026062, 0.007344432640820742, 0.5438065528869629, 0.49498382210731506, -0.002174779772758484, 0.5526635050773621, 0.45475849509239197, -0.010448210872709751, 0.554430365562439, 0.644024133682251, 0.0019081424688920379, 0.5746065378189087, 0.5712029337882996, -0.004889791365712881, 0.5867027640342712, 0.5291787385940552, -0.009869891218841076, 0.5962920784950256, 0.4899579882621765, -0.013655743561685085, 0.5847052335739136, 0.6836578845977783, -0.008341058157384396, 0.6085593700408936, 0.6235045194625854, -0.013457728549838066, 0.6230567097663879, 0.5854695439338684, -0.01291961781680584, 0.6347099542617798, 0.5503466725349426, -0.01252350490540266]"
"[0.515137791633606, 0.8842118978500366, 3.2254635584649805e-07, 0.5509379506111145, 0.8267921209335327, -0.011161074042320251, 0.5617408752441406, 0.7489010095596313, -0.017405442893505096, 0.5587578415870667, 0.6876718401908875, -0.024749452248215675, 0.5546301603317261, 0.636536717414856, -0.032767705619335175, 0.5088148713111877, 0.661044716835022, -0.0077853272669017315, 0.4951992630958557, 0.5641114115715027, -0.020276479423046112, 0.4856589734554291, 0.5054284930229187, -0.03182901069521904, 0.47700679302215576, 0.4539652466773987, -0.04156660661101341, 0.4768954813480377, 0.6693240404129028, -0.012283609248697758, 0.4659135639667511, 0.5788435935974121, -0.021680783480405807, 0.4649784564971924, 0.5275220274925232, -0.031012600287795067, 0.4637450873851776, 0.4846045970916748, -0.039051640778779984, 0.44834762811660767, 0.6959988474845886, -0.018637431785464287, 0.4297438859939575, 0.6186947822570801, -0.028846755623817444, 0.4258050322532654, 0.5770428776741028, -0.03251049295067787, 0.42461398243904114, 0.5445743203163147, -0.03612044081091881, 0.4248923361301422, 0.7377827167510986, -0.026398414745926857, 0.39926233887672424, 0.6830579042434692, -0.03924988582730293, 0.3866870403289795, 0.6526756882667542, -0.04147116094827652, 0.3788975775241852, 0.6271976828575134, -0.04219423234462738]",[]
"[0.5109348297119141, 0.8846986293792725, 3.207277643468842e-07, 0.5485145449638367, 0.8256945013999939, -0.011658328585326672, 0.5591270923614502, 0.7470306158065796, -0.018345072865486145, 0.5519381761550903, 0.6866125464439392, -0.02602188102900982, 0.5427796840667725, 0.636411190032959, -0.03476645052433014, 0.5100637674331665, 0.6610921025276184, -0.011161087080836296, 0.4965726137161255, 0.5644662976264954, -0.025106580927968025, 0.4861160218715668, 0.5053117871284485, -0.03677976131439209, 0.4771806001663208, 0.4538021385669708, -0.04622833803296089, 0.4768883287906647, 0.668245255947113, -0.015369676053524017, 0.46523717045783997, 0.5782738327980042, -0.026689941063523293, 0.4636508822441101, 0.5278635621070862, -0.03631922975182533, 0.4620106816291809, 0.4864174425601959, -0.04399631544947624, 0.44680091738700867, 0.6944400668144226, -0.021362196654081345, 0.4242158830165863, 0.6154945492744446, -0.03365536779165268, 0.41473594307899475, 0.5723638534545898, -0.039188284426927567, 0.4090496897697449, 0.5379685759544373, -0.04366142302751541, 0.4217129647731781, 0.7357910871505737, -0.028521781787276268, 0.3940165936946869, 0.680716335773468, -0.04281335324048996, 0.3788453936576843, 0.6509462594985962, -0.04659368097782135, 0.3691173493862152, 0.6258872747421265, -0.048188090324401855]",[]
"[0.518785297870636, 0.9299534559249878, 3.696802082231443e-07, 0.4400538504123688, 0.9059714078903198, -0.013656331226229668, 0.3852801024913788, 0.8273444771766663, -0.01934446580708027, 0.35165518522262573, 0.7532153725624084, -0.023950643837451935, 0.3225216269493103, 0.6997379660606384, -0.028711944818496704, 0.4224868416786194, 0.721036970615387, -0.012962603941559792, 0.3934706747531891, 0.6297089457511902, -0.02510642819106579, 0.3732302784919739, 0.5780447125434875, -0.03413531556725502, 0.3564559519290924, 0.5413285493850708, -0.04037061706185341, 0.46648913621902466, 0.7107322812080383, -0.018395429477095604, 0.4503796398639679, 0.5899885892868042, -0.026038112118840218, 0.4375001788139343, 0.512863039970398, -0.0349406860768795, 0.42850351333618164, 0.4499809741973877, -0.041547417640686035, 0.5075114965438843, 0.7275251746177673, -0.02598380297422409, 0.5058901906013489, 0.6189402341842651, -0.041141677647829056, 0.5075210928916931, 0.5590164065361023, -0.0545378215610981, 0.5103906393051147, 0.5073795318603516, -0.06358911097049713, 0.5453840494155884, 0.7643600702285767, -0.033758100122213364, 0.5695310831069946, 0.7126531004905701, -0.054666899144649506, 0.5869054198265076, 0.6755902767181396, -0.06447026878595352, 0.6020239591598511, 0.6384509801864624, -0.06938056647777557]",[]
"[0.5366056561470032, 0.9364171624183655, 2.8702538656943943e-07, 0.4556736648082733, 0.9156176447868347, -0.010792365297675133, 0.3968145251274109, 0.8343403339385986, -0.01554916799068451, 0.3588118553161621, 0.7601267099380493, -0.01971849799156189, 0.3271685242652893, 0.7095023393630981, -0.024259133264422417, 0.42866063117980957, 0.731417179107666, -0.009996078908443451, 0.39464589953422546, 0.6395747661590576, -0.02229468524456024, 0.3738044202327728, 0.5868744850158691, -0.032405976206064224, 0.35757023096084595, 0.5478836894035339, -0.03925589472055435, 0.4680676758289337, 0.7141058444976807, -0.01585511863231659, 0.447072833776474, 0.5908277630805969, -0.02340715005993843, 0.43032559752464294, 0.5111015439033508, -0.03146534413099289, 0.41854360699653625, 0.44694769382476807, -0.037459712475538254, 0.5075085759162903, 0.7225704789161682, -0.023856809362769127, 0.4992769658565521, 0.6071812510490417, -0.03703973442316055, 0.49677443504333496, 0.5415445566177368, -0.04854560270905495, 0.4969010651111603, 0.4856298863887787, -0.05643239989876747, 0.5446262955665588, 0.7505976557731628, -0.03202436864376068, 0.5591826438903809, 0.6848607063293457, -0.04870021715760231, 0.5730900168418884, 0.6428428888320923, -0.05551609396934509, 0.5864986777305603, 0.6029648184776306, -0.05890201777219772]",[]
"[0.505157470703125, 0.9098524451255798, 3.669623538371525e-07, 0.550044596195221, 0.852179229259491, -0.018837345764040947, 0.5751014351844788, 0.773308515548706, -0.027546172961592674, 0.5831098556518555, 0.7100234627723694, -0.03582313656806946, 0.5844563841819763, 0.6612370610237122, -0.043997544795274734, 0.5101463198661804, 0.6785464286804199, -0.013201544061303139, 0.4954894185066223, 0.5836672186851501, -0.023963114246726036, 0.4882218837738037, 0.5373069047927856, -0.032284870743751526, 0.48089373111724854, 0.4963426887989044, -0.038460854440927505, 0.46866872906684875, 0.6882228255271912, -0.013639770448207855, 0.44733211398124695, 0.5882667899131775, -0.022762322798371315, 0.4395138919353485, 0.5313143730163574, -0.03189486265182495, 0.4308498501777649, 0.48892688751220703, -0.03818344697356224, 0.43470126390457153, 0.7161203026771545, -0.01653832383453846, 0.4021177887916565, 0.6367594599723816, -0.028358040377497673, 0.38414567708969116, 0.5909578800201416, -0.03787821903824806, 0.36999940872192383, 0.5554060935974121, -0.043848779052495956, 0.41076937317848206, 0.7550855875015259, -0.02098424918949604, 0.3800801634788513, 0.6979287266731262, -0.034164909273386, 0.36127969622612, 0.6680973768234253, -0.039094679057598114, 0.34773486852645874, 0.642585039138794, -0.04104913771152496]",[]
[],"[0.49933215975761414, 0.8744361400604248, 2.4354051220143447e-07, 0.44844141602516174, 0.7896149158477783, -0.006744899787008762, 0.422575980424881, 0.6815382242202759, -0.004685011692345142, 0.3997315764427185, 0.6150844097137451, -0.004979217890650034, 0.3775954246520996, 0.5590659379959106, -0.0058884588070213795, 0.49068471789360046, 0.6161407232284546, 0.02746400237083435, 0.4870740473270416, 0.5427471995353699, 0.03079017624258995, 0.48695820569992065, 0.49753132462501526, 0.026547128334641457, 0.48588261008262634, 0.46126753091812134, 0.02108859084546566, 0.5299184322357178, 0.6344486474990845, 0.022221384570002556, 0.54266756772995, 0.559366762638092, 0.028188077732920647, 0.5491347312927246, 0.5184145569801331, 0.019733645021915436, 0.5567007660865784, 0.4803372323513031, 0.011740020476281643, 0.5626329183578491, 0.6693658232688904, 0.013449038378894329, 0.5843696594238281, 0.6012486815452576, 0.012675180099904537, 0.5969311594963074, 0.556288480758667, 0.005465436261147261, 0.6086281538009644, 0.5119227766990662, -0.001209040405228734, 0.5894880294799805, 0.7185222506523132, 0.0036242136266082525, 0.6133632659912109, 0.6684167385101318, 0.0017367636319249868, 0.6263853311538696, 0.6342072486877441, 0.0025316153187304735, 0.6362437009811401, 0.6005431413650513, 0.002326383488252759]"
"[0.49699094891548157, 0.877407431602478, 2.287496556618862e-07, 0.44765526056289673, 0.7904290556907654, -0.006642533931881189, 0.42287060618400574, 0.682025671005249, -0.004527241922914982, 0.3996271789073944, 0.6156563758850098, -0.004836990963667631, 0.37798669934272766, 0.5596028566360474, -0.005709482356905937, 0.4922410249710083, 0.62090003490448, 0.0276364553719759, 0.4903518557548523, 0.5473744869232178, 0.03048104979097843, 0.4911733567714691, 0.5020742416381836, 0.0257743988186121, 0.4909834861755371, 0.4653494358062744, 0.019975360482931137, 0.5309116244316101, 0.6392667889595032, 0.02240079641342163, 0.544468343257904, 0.563765823841095, 0.027699444442987442, 0.5518333315849304, 0.5225734710693359, 0.018896494060754776, 0.5598679780960083, 0.48418793082237244, 0.01063474640250206, 0.5633481740951538, 0.6735464334487915, 0.01358447503298521, 0.584931492805481, 0.6046972870826721, 0.012491601519286633, 0.5976107120513916, 0.5593199133872986, 0.0052152592688798904, 0.6090555787086487, 0.5147842168807983, -0.001384009257890284, 0.590312659740448, 0.7216240763664246, 0.0036869037430733442, 0.6141505241394043, 0.6697566509246826, 0.002128261374309659, 0.6269609928131104, 0.6347346901893616, 0.0029758799355477095, 0.6362258195877075, 0.601004421710968, 0.0027440155390650034]",[]
"[0.5669887065887451, 0.7892862558364868, 7.601047258276594e-08, 0.48036786913871765, 0.7394877672195435, -0.0008267741068266332, 0.4361838698387146, 0.6428630948066711, 0.003014302346855402, 0.4131244421005249, 0.5644571185112, 0.004965024534612894, 0.3869420289993286, 0.5108289122581482, 0.007048172876238823, 0.4898875653743744, 0.5666051506996155, 0.024586578831076622, 0.477662593126297, 0.49124619364738464, 0.02902277372777462, 0.46851885318756104, 0.46067261695861816, 0.02583281323313713, 0.45861077308654785, 0.4414697289466858, 0.021611254662275314, 0.5348148941993713, 0.5739683508872986, 0.018724316731095314, 0.5375632643699646, 0.5019844770431519, 0.025631213560700417, 0.536115288734436, 0.4703443646430969, 0.01894623413681984, 0.5366742610931396, 0.4523431062698364, 0.01123149786144495, 0.5719167590141296, 0.5976967811584473, 0.01083036046475172, 0.5841576457023621, 0.5278425812721252, 0.011517367325723171, 0.5881069302558899, 0.4818461835384369, 0.004950167145580053, 0.5915124416351318, 0.4468931555747986, -0.0022336842957884073, 0.6047016382217407, 0.6331974267959595, 0.0028856166172772646, 0.6276608109474182, 0.5838456749916077, 0.003777866018936038, 0.6400375962257385, 0.548923134803772, 0.004471733700484037, 0.6492350101470947, 0.518276572227478, 0.003083830000832677]",[]
"[0.5406188368797302, 0.805810272693634, 1.7773177773960924e-07, 0.46241050958633423, 0.7386820316314697, 0.008939824067056179, 0.4318981170654297, 0.6361198425292969, 0.02427040971815586, 0.41518378257751465, 0.5578904747962952, 0.0351203978061676, 0.39450883865356445, 0.5017911195755005, 0.045813485980033875, 0.48700836300849915, 0.5642032027244568, 0.06971627473831177, 0.48133957386016846, 0.4928969442844391, 0.09383074194192886, 0.4782978296279907, 0.46333879232406616, 0.09773234277963638, 0.47341132164001465, 0.44175270199775696, 0.09701739996671677, 0.5326528549194336, 0.5728838443756104, 0.06481243669986725, 0.5400581955909729, 0.4985235631465912, 0.0947345718741417, 0.5454491376876831, 0.46212005615234375, 0.09189539402723312, 0.5533807277679443, 0.4366404712200165, 0.08493728190660477, 0.5695469379425049, 0.5977127552032471, 0.05667548254132271, 0.5851024985313416, 0.5207160711288452, 0.0766826644539833, 0.5931383371353149, 0.4764847159385681, 0.0720524862408638, 0.6017205715179443, 0.4409734308719635, 0.06386328488588333, 0.6053937673568726, 0.6367353200912476, 0.048262931406497955, 0.6277886629104614, 0.5875822305679321, 0.06637351214885712, 0.6409280896186829, 0.5582078695297241, 0.07306037098169327, 0.6515618562698364, 0.533544659614563, 0.0740659236907959]",[]
"[0.5008947253227234, 0.8685111999511719, 1.7826202736159757e-07, 0.4498957097530365, 0.7984249591827393, -0.009373015724122524, 0.4255644679069519, 0.6943341493606567, -0.008253629319369793, 0.4083835482597351, 0.6195908188819885, -0.00830200407654047, 0.3939625322818756, 0.5594362020492554, -0.007513661403208971, 0.48277902603149414, 0.6139333844184875, 0.018901020288467407, 0.4809570014476776, 0.534388542175293, 0.017589101567864418, 0.48242631554603577, 0.4896754026412964, 0.011943691410124302, 0.4834499657154083, 0.4538707137107849, 0.006941545754671097, 0.52182537317276, 0.6243427395820618, 0.015281826257705688, 0.5364732146263123, 0.5369885563850403, 0.01679188944399357, 0.5459700226783752, 0.48979976773262024, 0.009479936212301254, 0.5547438859939575, 0.45083099603652954, 0.003512222319841385, 0.5563192367553711, 0.6508471369743347, 0.008093899115920067, 0.5779450535774231, 0.5703246593475342, 0.0049356985837221146, 0.5915861129760742, 0.523854672908783, -0.0002457283262629062, 0.6024882793426514, 0.483303427696228, -0.003932528663426638, 0.5866313576698303, 0.69114089012146, -0.0005764771485701203, 0.6101440191268921, 0.6278543472290039, -0.003204613458365202, 0.6230420470237732, 0.5888330340385437, -0.0022019280586391687, 0.6333077549934387, 0.5540491938591003, -0.0011609495850279927]",[]
"[0.549071729183197, 0.9003559350967407, 2.4944640131252527e-07, 0.4935898780822754, 0.8661321997642517, -0.008393311873078346, 0.45450669527053833, 0.7871641516685486, -0.009767935611307621, 0.43254542350769043, 0.7183047533035278, -0.010952290147542953, 0.4179014265537262, 0.6642127633094788, -0.010988679714500904, 0.469318687915802, 0.6814663410186768, -0.004205482080578804, 0.4595628082752228, 0.5679416656494141, -0.012528491206467152, 0.45345839858055115, 0.5007725358009338, -0.020172663033008575, 0.447943776845932, 0.4463181495666504, -0.025763051584362984, 0.4983956515789032, 0.6732800602912903, -0.006931649520993233, 0.49156272411346436, 0.5627620816230774, -0.010122304782271385, 0.4905828535556793, 0.5025461912155151, -0.014146051369607449, 0.4905305504798889, 0.4572584927082062, -0.017372827976942062, 0.5283665657043457, 0.6865726113319397, -0.011542433872818947, 0.5310083627700806, 0.593237042427063, -0.015977468341588974, 0.5378409028053284, 0.5423439145088196, -0.016913678497076035, 0.5457116961479187, 0.5030887722969055, -0.017844412475824356, 0.5564562082290649, 0.7151322960853577, -0.0174019206315279, 0.5675613880157471, 0.6485925912857056, -0.023294933140277863, 0.5738953948020935, 0.6126807928085327, -0.021718744188547134, 0.5814826488494873, 0.5841708183288574, -0.01924632303416729]",[]
"[0.5480188131332397, 0.9012928009033203, 2.3844918928261905e-07, 0.4922439455986023, 0.8657087683677673, -0.008008592762053013, 0.4540433883666992, 0.7866600155830383, -0.008746128529310226, 0.43326738476753235, 0.7177529335021973, -0.009302745573222637, 0.4194662868976593, 0.6647590398788452, -0.00870125088840723, 0.4686400294303894, 0.682257354259491, -0.002994169946759939, 0.45889949798583984, 0.5710015892982483, -0.010396174155175686, 0.453734427690506, 0.5057905912399292, -0.01758871227502823, 0.4490118622779846, 0.45250412821769714, -0.023004980757832527, 0.4978398382663727, 0.6736095547676086, -0.0058130226098001, 0.4910297393798828, 0.5636692047119141, -0.007955975830554962, 0.4904126226902008, 0.5039012432098389, -0.011713600717484951, 0.49066948890686035, 0.45840805768966675, -0.014910290017724037, 0.5280599594116211, 0.6867237091064453, -0.010529871098697186, 0.5324826240539551, 0.594136118888855, -0.014301352202892303, 0.5408049821853638, 0.5447771549224854, -0.015577794052660465, 0.550033450126648, 0.5065898895263672, -0.01691289246082306, 0.556431233882904, 0.7152055501937866, -0.016449421644210815, 0.5687658190727234, 0.6509056091308594, -0.021827414631843567, 0.5759518146514893, 0.6178067922592163, -0.020220492035150528, 0.5840856432914734, 0.5916553139686584, -0.017891433089971542]",[]
"[0.5413396954536438, 0.9426498413085938, 4.300943032831128e-07, 0.45379263162612915, 0.9290719628334045, -0.01700412668287754, 0.39549583196640015, 0.8471706509590149, -0.02434808947145939, 0.3590719997882843, 0.7644906640052795, -0.028496552258729935, 0.3243655264377594, 0.7130097150802612, -0.03330253064632416, 0.4361741840839386, 0.7368032932281494, -0.02672075852751732, 0.40240031480789185, 0.6321189403533936, -0.038841672241687775, 0.3810328245162964, 0.5736193656921387, -0.04613688960671425, 0.36367350816726685, 0.5297500491142273, -0.051683347672224045, 0.4851059913635254, 0.7201815843582153, -0.029489673674106598, 0.471432626247406, 0.5935961008071899, -0.037310171872377396, 0.46071723103523254, 0.5177627205848694, -0.04504496976733208, 0.4540449380874634, 0.4592505693435669, -0.05135555565357208, 0.5268634557723999, 0.733849048614502, -0.03352104499936104, 0.525609016418457, 0.6180747747421265, -0.04918888211250305, 0.52269446849823, 0.5528959035873413, -0.06400272995233536, 0.5229715704917908, 0.49786102771759033, -0.07477285712957382, 0.5619978904724121, 0.768541157245636, -0.037458598613739014, 0.5875786542892456, 0.7175716757774353, -0.06048215553164482, 0.6060110330581665, 0.6785796880722046, -0.07297589629888535, 0.6233309507369995, 0.6396616101264954, -0.07997796684503555]",[]
"[0.5668154358863831, 0.9127109050750732, 2.260738796167061e-07, 0.49351561069488525, 0.8948603868484497, -0.011002063751220703, 0.4378170669078827, 0.8223251700401306, -0.01126006804406643, 0.40102437138557434, 0.7571702003479004, -0.009853778406977654, 0.37721630930900574, 0.708515465259552, -0.006937047466635704, 0.45861586928367615, 0.7166780829429626, -0.0002880193351302296, 0.42686593532562256, 0.624427080154419, -0.0021882993169128895, 0.41050460934638977, 0.5766412019729614, -0.005284685641527176, 0.3980439603328705, 0.5386423468589783, -0.006869617383927107, 0.4896635115146637, 0.6999183297157288, 0.0015396502567455173, 0.4682408273220062, 0.589249312877655, 0.004760010167956352, 0.454576313495636, 0.5229647159576416, 0.004359316546469927, 0.44551917910575867, 0.47183650732040405, 0.003936926834285259, 0.5215634107589722, 0.7035627365112305, 0.001154921599663794, 0.5105650424957275, 0.6088050007820129, 0.0012133644195273519, 0.5041938424110413, 0.5639360547065735, -0.00023825044627301395, 0.5028186440467834, 0.528999388217926, -0.0006502281175926328, 0.5520640015602112, 0.7206141948699951, -0.00031143773230724037, 0.5512676239013672, 0.6539512276649475, -0.0017853014869615436, 0.5498630404472351, 0.6174430251121521, 0.0003668584977276623, 0.5519770383834839, 0.5874319076538086, 0.003542369231581688]",[]
[],"[0.5122675895690918, 0.9008740782737732, 8.014974639536376e-08, 0.4670451581478119, 0.8366028070449829, -0.0015630254056304693, 0.45619553327560425, 0.7530921697616577, 0.004681934602558613, 0.4540528357028961, 0.6979840993881226, 0.0089888209477067, 0.44928303360939026, 0.6566113233566284, 0.013567891903221607, 0.49140092730522156, 0.6706177592277527, 0.017505096271634102, 0.4848807454109192, 0.58343905210495, 0.01765483431518078, 0.4802912771701813, 0.5307559370994568, 0.015317870303988457, 0.4771115183830261, 0.4921514689922333, 0.01250823400914669, 0.5266722440719604, 0.6776694655418396, 0.010296992026269436, 0.524476170539856, 0.5827654600143433, 0.01376684196293354, 0.5202335715293884, 0.5297352075576782, 0.009107361547648907, 0.5175358057022095, 0.4909666180610657, 0.005683984607458115, 0.5628533363342285, 0.7098913788795471, 0.0006561437621712685, 0.5767050981521606, 0.6221176981925964, -0.0035136051010340452, 0.5836095809936523, 0.5686782002449036, -0.013485770672559738, 0.59328293800354, 0.5228384733200073, -0.020841233432292938, 0.5953561663627625, 0.7616307139396667, -0.009091136045753956, 0.6198713779449463, 0.7244435548782349, -0.018099932000041008, 0.6309336423873901, 0.695022463798523, -0.022549692541360855, 0.642164945602417, 0.6685289740562439, -0.024524176493287086]"
"[0.5517501831054688, 0.8336538672447205, 6.665432294994389e-08, 0.4782904088497162, 0.7736079692840576, 0.000866962131112814, 0.43994373083114624, 0.671559751033783, 0.005969736259430647, 0.42037129402160645, 0.5866183042526245, 0.009672609157860279, 0.3935048580169678, 0.5306798219680786, 0.014751449227333069, 0.5002394914627075, 0.5676013231277466, 0.037111736834049225, 0.502007782459259, 0.486382395029068, 0.05244395509362221, 0.4992653429508209, 0.48455381393432617, 0.05473776161670685, 0.49679791927337646, 0.4925164580345154, 0.05399933084845543, 0.5443059206008911, 0.5856176018714905, 0.036141760647296906, 0.5539484024047852, 0.513249397277832, 0.0576866939663887, 0.5562858581542969, 0.4899108409881592, 0.05484290421009064, 0.5597329139709473, 0.4851273000240326, 0.04771910235285759, 0.5779085159301758, 0.6227245330810547, 0.03373683989048004, 0.5940554738044739, 0.5584418177604675, 0.050438378006219864, 0.6000505685806274, 0.52724289894104, 0.050711456686258316, 0.6038239002227783, 0.5127701163291931, 0.04597897082567215, 0.6099744439125061, 0.671593189239502, 0.030980592593550682, 0.631547212600708, 0.6161637306213379, 0.04558868706226349, 0.6403852701187134, 0.5836876034736633, 0.053818125277757645, 0.6455832123756409, 0.5618261098861694, 0.05713880807161331]",[]
"[0.5519944429397583, 0.8332023024559021, 2.3434678197986614e-08, 0.47923946380615234, 0.773205041885376, 0.0005552483489736915, 0.4405443072319031, 0.6716649532318115, 0.0046775611117482185, 0.42022705078125, 0.587237536907196, 0.007412976585328579, 0.39405331015586853, 0.5308241844177246, 0.01183143351227045, 0.5004255175590515, 0.5679672360420227, 0.0324239507317543, 0.5009657740592957, 0.48545706272125244, 0.04505617916584015, 0.4969106912612915, 0.4863205552101135, 0.04680556058883667, 0.49352309107780457, 0.49798494577407837, 0.04627144709229469, 0.5446434617042542, 0.584831953048706, 0.030927246436476707, 0.5540807843208313, 0.508755087852478, 0.04948962852358818, 0.5552359819412231, 0.48910051584243774, 0.0467284731566906, 0.5571531057357788, 0.4884394705295563, 0.04039611667394638, 0.5787076354026794, 0.6212888956069946, 0.028145911172032356, 0.5947082042694092, 0.5550246834754944, 0.042465101927518845, 0.5998998284339905, 0.5260686874389648, 0.043117593973875046, 0.6026289463043213, 0.5152373909950256, 0.03925719112157822, 0.6109699010848999, 0.6696341037750244, 0.025064144283533096, 0.632024347782135, 0.6132047772407532, 0.037756964564323425, 0.6402350664138794, 0.5816516876220703, 0.04575067758560181, 0.644537091255188, 0.5620412826538086, 0.049416109919548035]",[]
"[0.5855700373649597, 0.7918930649757385, 1.2317200059897004e-07, 0.4970402121543884, 0.7312594652175903, 0.0014848480932414532, 0.44815218448638916, 0.6324350833892822, 0.010362723842263222, 0.4239862561225891, 0.547231137752533, 0.01785748451948166, 0.4029666483402252, 0.4875521659851074, 0.02670305222272873, 0.505463719367981, 0.5463026165962219, 0.03903517872095108, 0.49413272738456726, 0.45951294898986816, 0.0539938285946846, 0.4880797564983368, 0.4298214614391327, 0.05749877914786339, 0.4827507734298706, 0.40982556343078613, 0.058119919151067734, 0.552042543888092, 0.5502257943153381, 0.038652922958135605, 0.55093914270401, 0.47162264585494995, 0.06094210594892502, 0.5491247177124023, 0.43015623092651367, 0.061583712697029114, 0.5512877106666565, 0.4001825451850891, 0.057884518057107925, 0.5905311703681946, 0.5724912285804749, 0.03581581637263298, 0.6015608310699463, 0.49740350246429443, 0.05118577554821968, 0.607833981513977, 0.4530095160007477, 0.050489507615566254, 0.6133342981338501, 0.4166480302810669, 0.04593583568930626, 0.6235637068748474, 0.607949435710907, 0.03263812139630318, 0.644762396812439, 0.558948814868927, 0.04599645733833313, 0.6561235785484314, 0.5280613303184509, 0.05241766944527626, 0.6657223701477051, 0.5002835392951965, 0.054754920303821564]",[]
"[0.5199365019798279, 0.7631422877311707, 1.3090189554532117e-07, 0.4560195505619049, 0.720950722694397, -0.013005505315959454, 0.42316094040870667, 0.6373224258422852, -0.016402894631028175, 0.40692010521888733, 0.5643532276153564, -0.020086117088794708, 0.38662517070770264, 0.5103226900100708, -0.023402303457260132, 0.47891855239868164, 0.5633330345153809, 0.005692871753126383, 0.47321343421936035, 0.4917272627353668, -0.0017371217254549265, 0.46619176864624023, 0.45545539259910583, -0.010846289806067944, 0.45919740200042725, 0.43071508407592773, -0.01789061538875103, 0.5223674774169922, 0.5675012469291687, 0.0025398710276931524, 0.5345078110694885, 0.49242955446243286, -0.0007456309976987541, 0.544550895690918, 0.4551260471343994, -0.010240238159894943, 0.5559691190719604, 0.4282973110675812, -0.0188108179718256, 0.5578036904335022, 0.5899892449378967, -0.003856000490486622, 0.5744936466217041, 0.5189884901046753, -0.013473017141222954, 0.5837069153785706, 0.4823243319988251, -0.021267307922244072, 0.5927967429161072, 0.45111945271492004, -0.027396034449338913, 0.5893979668617249, 0.6259186863899231, -0.011340219527482986, 0.6159853339195251, 0.5808495283126831, -0.02047545835375786, 0.6298600435256958, 0.5521747469902039, -0.02305164560675621, 0.6413064002990723, 0.5251144766807556, -0.025085560977458954]",[]
[],"[0.49999576807022095, 0.8389267325401306, 4.834078470850045e-09, 0.4934346377849579, 0.7994579672813416, -0.0029883848037570715, 0.4925190806388855, 0.7284096479415894, 0.0009591348352842033, 0.4932522773742676, 0.6751320362091064, 0.0030394652858376503, 0.4940323233604431, 0.6358763575553894, 0.005553342401981354, 0.5088592171669006, 0.6268547773361206, 0.018567634746432304, 0.5109093189239502, 0.5443243980407715, 0.021187404170632362, 0.5129907727241516, 0.5022240281105042, 0.018799295648932457, 0.5146061182022095, 0.4671391546726227, 0.015423526987433434, 0.5242683291435242, 0.6206002235412598, 0.014431554824113846, 0.5395479202270508, 0.5322972536087036, 0.017806686460971832, 0.5485779643058777, 0.4910542368888855, 0.013573158532381058, 0.5578467845916748, 0.45764580368995667, 0.009990858845412731, 0.5387037396430969, 0.6315670013427734, 0.008163710124790668, 0.5583779811859131, 0.5483689904212952, 0.00893116183578968, 0.569499135017395, 0.5070624351501465, 0.005128861404955387, 0.5816532969474792, 0.47228485345840454, 0.0012173622380942106, 0.5499254465103149, 0.6574565172195435, 0.0009075836278498173, 0.567101776599884, 0.6020224690437317, 0.001510480185970664, 0.57614666223526, 0.570171058177948, 0.0038646170869469643, 0.5850696563720703, 0.5450741052627563, 0.0052749696187675]"
"[0.5176132917404175, 0.8914521336555481, 2.2516452702348033e-07, 0.44408878684043884, 0.8594748973846436, -0.011201560497283936, 0.3928481638431549, 0.7742571234703064, -0.01640438474714756, 0.3587832450866699, 0.696742594242096, -0.02149876579642296, 0.33115869760513306, 0.6392737030982971, -0.02642301842570305, 0.43081653118133545, 0.6735519170761108, -0.0010141097009181976, 0.40237101912498474, 0.5915857553482056, -0.010306503623723984, 0.3840094804763794, 0.5455578565597534, -0.019563807174563408, 0.37110888957977295, 0.51075679063797, -0.026237377896904945, 0.4713378846645355, 0.6652235984802246, -0.005271099042147398, 0.4638078808784485, 0.5595442056655884, -0.009027430787682533, 0.4584716856479645, 0.49480700492858887, -0.01484767161309719, 0.45729005336761475, 0.4442485272884369, -0.019941575825214386, 0.5102170705795288, 0.6801233291625977, -0.012435519136488438, 0.5120432376861572, 0.5791957974433899, -0.021822046488523483, 0.5147079825401306, 0.5246372818946838, -0.0284055657684803, 0.5200822949409485, 0.48012080788612366, -0.032916776835918427, 0.5472993850708008, 0.7107356786727905, -0.020390331745147705, 0.5634909272193909, 0.6431387066841125, -0.03153066337108612, 0.5741261839866638, 0.600040078163147, -0.03440457955002785, 0.5846244692802429, 0.5599684119224548, -0.03546404838562012]",[]
"[0.519641101360321, 0.8918889164924622, 2.2835070012661163e-07, 0.44528841972351074, 0.8598713874816895, -0.011792216449975967, 0.3934694826602936, 0.7750798463821411, -0.01751418597996235, 0.3594326674938202, 0.6977916955947876, -0.02306310459971428, 0.3313061594963074, 0.6399946808815002, -0.028506658971309662, 0.4314005374908447, 0.6740683317184448, -0.002276694169268012, 0.40253278613090515, 0.5923289060592651, -0.012162786908447742, 0.3841572403907776, 0.546280562877655, -0.021820852532982826, 0.37120071053504944, 0.5111100077629089, -0.028929175809025764, 0.47181496024131775, 0.665473461151123, -0.006842276081442833, 0.46330806612968445, 0.5601530075073242, -0.011697584763169289, 0.4576069414615631, 0.49515828490257263, -0.01827137917280197, 0.45614907145500183, 0.4440518021583557, -0.023892849683761597, 0.5107398629188538, 0.6804175972938538, -0.014351535588502884, 0.512475848197937, 0.5796515941619873, -0.024904439225792885, 0.5155544877052307, 0.5246751308441162, -0.03224484249949455, 0.5212461948394775, 0.4791317582130432, -0.0373062826693058, 0.5479317903518677, 0.7112715244293213, -0.022646848112344742, 0.5646607279777527, 0.6447546482086182, -0.03509531915187836, 0.57647705078125, 0.6017681956291199, -0.038816582411527634, 0.588191568851471, 0.5611854195594788, -0.0404842309653759]",[]
"[0.5214837789535522, 0.9496319890022278, 4.3539495209188317e-07, 0.43487274646759033, 0.9348523020744324, -0.025163549929857254, 0.375881165266037, 0.8513023853302002, -0.03705661743879318, 0.337485671043396, 0.7637462019920349, -0.044106677174568176, 0.3023133873939514, 0.7068451046943665, -0.05102003738284111, 0.41951677203178406, 0.7270336747169495, -0.03476821258664131, 0.3899063766002655, 0.6224149465560913, -0.050518009811639786, 0.3667830526828766, 0.56477952003479, -0.06139197200536728, 0.34815555810928345, 0.5209985971450806, -0.06917489320039749, 0.4682115614414215, 0.7128380537033081, -0.033440083265304565, 0.45927634835243225, 0.5891268253326416, -0.042067114263772964, 0.4505714178085327, 0.5113598108291626, -0.05055617541074753, 0.44622471928596497, 0.45179784297943115, -0.05817463621497154, 0.5099453330039978, 0.7298507690429688, -0.034220337867736816, 0.5153316259384155, 0.6212602257728577, -0.05149616301059723, 0.5181733965873718, 0.552916407585144, -0.06743846833705902, 0.5222959518432617, 0.49681955575942993, -0.07912198454141617, 0.5455341935157776, 0.7677779793739319, -0.03568395599722862, 0.5754438042640686, 0.7122141122817993, -0.05987143516540527, 0.5991646647453308, 0.6761335730552673, -0.07330677658319473, 0.6205374598503113, 0.641808032989502, -0.08114419132471085]",[]
"[0.5382422208786011, 0.9085010290145874, 2.6865890845328977e-07, 0.4595392644405365, 0.8799551725387573, -0.013331138528883457, 0.400242418050766, 0.7970623970031738, -0.01940193399786949, 0.36200475692749023, 0.7216035723686218, -0.024624831974506378, 0.32955116033554077, 0.6707307696342468, -0.02965223602950573, 0.4367266297340393, 0.7025274634361267, -0.011300916783511639, 0.40682780742645264, 0.6195762753486633, -0.023914815858006477, 0.3900339901447296, 0.5745314359664917, -0.033566370606422424, 0.37659552693367004, 0.5401774644851685, -0.03971660137176514, 0.48079434037208557, 0.689826250076294, -0.01601189561188221, 0.46420255303382874, 0.577028751373291, -0.022745613008737564, 0.4536740481853485, 0.5096818804740906, -0.029980570077896118, 0.44691166281700134, 0.45536625385284424, -0.035603757947683334, 0.5229965448379517, 0.7033867835998535, -0.02300700731575489, 0.5241397023200989, 0.6068663001060486, -0.035240042954683304, 0.525853157043457, 0.5531128644943237, -0.04363670200109482, 0.527715802192688, 0.5074428915977478, -0.04906396567821503, 0.5618836283683777, 0.7333407998085022, -0.03052140586078167, 0.5774229764938354, 0.67417973279953, -0.044240668416023254, 0.5882806777954102, 0.6372003555297852, -0.0474819540977478, 0.5968018174171448, 0.603074312210083, -0.0483107715845108]",[]
[],"[0.49509382247924805, 0.8933278322219849, 1.663465951651233e-07, 0.5566264390945435, 0.8732258081436157, -0.00625556381419301, 0.5977274179458618, 0.8163188099861145, -0.00598703371360898, 0.6215601563453674, 0.7799032926559448, -0.009207688271999359, 0.6406388282775879, 0.7489346861839294, -0.012478974647819996, 0.5694417357444763, 0.6831262111663818, 0.0244374368339777, 0.5711355805397034, 0.6252492070198059, 0.03129752352833748, 0.5693991780281067, 0.5935814380645752, 0.03137511759996414, 0.565868079662323, 0.5687326788902283, 0.02935764007270336, 0.5284308791160583, 0.6662014126777649, 0.020399488508701324, 0.5344005227088928, 0.5897484421730042, 0.028912637382745743, 0.5349060893058777, 0.5534323453903198, 0.02962924726307392, 0.5348471999168396, 0.5183507800102234, 0.02949133887887001, 0.4869430363178253, 0.6697450280189514, 0.012922272086143494, 0.4896382987499237, 0.596909761428833, 0.014696957543492317, 0.49528181552886963, 0.5549759864807129, 0.013513240031898022, 0.5008240342140198, 0.5184698104858398, 0.0121677927672863, 0.44231417775154114, 0.6910710334777832, 0.004034813493490219, 0.4185878038406372, 0.6412592530250549, 0.0018965767230838537, 0.4062741696834564, 0.6117743849754333, 0.0036648514214903116, 0.3987324833869934, 0.5910519361495972, 0.005817335098981857]"
"[0.5496640205383301, 0.8100354671478271, -3.1137652456436626e-08, 0.4758453965187073, 0.7561782002449036, 0.00023209485516417772, 0.43126386404037476, 0.6570310592651367, 0.004416407085955143, 0.40203213691711426, 0.5826783776283264, 0.006711914204061031, 0.371770977973938, 0.5330163836479187, 0.01042457390576601, 0.48918646574020386, 0.5649389028549194, 0.030108153820037842, 0.48106276988983154, 0.4893994927406311, 0.03636728227138519, 0.46751388907432556, 0.47184303402900696, 0.03478807210922241, 0.4566974639892578, 0.47567230463027954, 0.03357391804456711, 0.5359952449798584, 0.5730905532836914, 0.02709582820534706, 0.5413285493850708, 0.5019086003303528, 0.03978017345070839, 0.5335193872451782, 0.4842050075531006, 0.03863813355565071, 0.528416633605957, 0.48756882548332214, 0.036201220005750656, 0.5734164714813232, 0.6041301488876343, 0.022116689011454582, 0.5857062935829163, 0.5360708832740784, 0.03002634085714817, 0.5847339630126953, 0.5099382400512695, 0.03323696553707123, 0.5827726125717163, 0.5019476413726807, 0.033860255032777786, 0.6072052121162415, 0.6483391523361206, 0.016836944967508316, 0.6268360614776611, 0.5995145440101624, 0.023938119411468506, 0.6341732740402222, 0.5714190602302551, 0.03231019899249077, 0.6375145316123962, 0.554763913154602, 0.038344983011484146]",[]
"[0.5509461760520935, 0.8060804009437561, -7.293511572470379e-08, 0.47637662291526794, 0.7555917501449585, 0.0009405402815900743, 0.43183451890945435, 0.6581796407699585, 0.0050901430658996105, 0.4029628038406372, 0.5832645297050476, 0.007433858700096607, 0.3725247383117676, 0.5347077250480652, 0.011469627730548382, 0.48870977759361267, 0.5618443489074707, 0.0270366333425045, 0.4811238646507263, 0.48634573817253113, 0.03238045796751976, 0.46764707565307617, 0.4711003601551056, 0.03144339099526405, 0.457376629114151, 0.4793051481246948, 0.03127196803689003, 0.5358511805534363, 0.5687516927719116, 0.02392675168812275, 0.5421299934387207, 0.4970771074295044, 0.03572272136807442, 0.5340194702148438, 0.48279058933258057, 0.03547797352075577, 0.5285730361938477, 0.4906376302242279, 0.03411886468529701, 0.5744072198867798, 0.5990880727767944, 0.019172413274645805, 0.5868704915046692, 0.5314933657646179, 0.02639387547969818, 0.5851703882217407, 0.5095188617706299, 0.030035780742764473, 0.5821244716644287, 0.5073822736740112, 0.03134913370013237, 0.6086867451667786, 0.6424610018730164, 0.014277869835495949, 0.6281993389129639, 0.5944795608520508, 0.020911002531647682, 0.6339067816734314, 0.5688332319259644, 0.02932610921561718, 0.6355688571929932, 0.556496798992157, 0.035759493708610535]",[]
"[0.5742197036743164, 0.7904254198074341, 1.0523977067578016e-07, 0.492260217666626, 0.7324769496917725, -0.004000210668891668, 0.4420597553253174, 0.6389853954315186, -0.0010298672132194042, 0.4146440029144287, 0.5554816722869873, 0.0011867524590343237, 0.38804322481155396, 0.5003078579902649, 0.004998905584216118, 0.5073190927505493, 0.5589308738708496, 0.019259633496403694, 0.4941304326057434, 0.4688031077384949, 0.023393768817186356, 0.4859704077243805, 0.43468034267425537, 0.022491658106446266, 0.47948384284973145, 0.4117893874645233, 0.02107737585902214, 0.553287923336029, 0.5600290298461914, 0.01824069954454899, 0.5537189841270447, 0.47950470447540283, 0.027697846293449402, 0.5510700941085815, 0.43655112385749817, 0.024774573743343353, 0.5517681241035461, 0.40764302015304565, 0.019720593467354774, 0.5918905138969421, 0.5787683725357056, 0.01504712738096714, 0.6047110557556152, 0.5088751316070557, 0.019952572882175446, 0.6087828874588013, 0.4681501090526581, 0.016126524657011032, 0.6117916107177734, 0.4380452036857605, 0.01091280672699213, 0.624287486076355, 0.6106100678443909, 0.011429468169808388, 0.6511175632476807, 0.5672818422317505, 0.016493795439600945, 0.661123514175415, 0.5377088189125061, 0.01893460936844349, 0.6683675646781921, 0.5131887197494507, 0.01930268108844757]",[]
"[0.530769407749176, 0.8488610982894897, 2.500578943909204e-07, 0.4714052677154541, 0.7808182239532471, -0.009262358769774437, 0.4318891763687134, 0.6823482513427734, -0.009809796698391438, 0.40408721566200256, 0.6121594905853271, -0.011916492134332657, 0.3778657913208008, 0.5614171028137207, -0.013302948325872421, 0.48514389991760254, 0.6076049208641052, 0.022827468812465668, 0.4811137318611145, 0.532163143157959, 0.022287605330348015, 0.4834356904029846, 0.49453234672546387, 0.015672624111175537, 0.48583418130874634, 0.46496298909187317, 0.00989485066384077, 0.5263563394546509, 0.6189740896224976, 0.019991369917988777, 0.5397593975067139, 0.5381280183792114, 0.02348044142127037, 0.5505401492118835, 0.49286872148513794, 0.014992229640483856, 0.5611493587493896, 0.45502474904060364, 0.006959659978747368, 0.5624001622200012, 0.6451137065887451, 0.01337497215718031, 0.5825412273406982, 0.573377251625061, 0.013114836998283863, 0.5965630412101746, 0.5333967208862305, 0.008218511007726192, 0.6081469058990479, 0.49856704473495483, 0.0036612048279494047, 0.5951497554779053, 0.6832154989242554, 0.005254718475043774, 0.618423342704773, 0.6257534623146057, 0.006463494151830673, 0.6315909624099731, 0.5899709463119507, 0.008721872232854366, 0.6428878307342529, 0.5583563446998596, 0.009629795327782631]",[]
[],"[0.5253309011459351, 0.8934057354927063, 2.2533174615091411e-07, 0.5062108039855957, 0.8427143096923828, -0.006440456490963697, 0.49252963066101074, 0.7643968462944031, -0.005724325776100159, 0.47863316535949707, 0.7043708562850952, -0.005534669850021601, 0.4684576690196991, 0.656589925289154, -0.004445990081876516, 0.4990282654762268, 0.6752089262008667, 0.000497399247251451, 0.48984718322753906, 0.5708492398262024, -0.006983994040638208, 0.48354190587997437, 0.5065432786941528, -0.013680174946784973, 0.4769485890865326, 0.4545528292655945, -0.01863091066479683, 0.5117390155792236, 0.6768238544464111, -0.00430540693923831, 0.5199046730995178, 0.5684462785720825, -0.008566985838115215, 0.5266829133033752, 0.5076195001602173, -0.014714442193508148, 0.5319596529006958, 0.45911169052124023, -0.018551623448729515, 0.5250318050384521, 0.6979413628578186, -0.010927248746156693, 0.5454980134963989, 0.6079491376876831, -0.017125416547060013, 0.5649120807647705, 0.5547980070114136, -0.022928843274712563, 0.5830536484718323, 0.5089655518531799, -0.026713768020272255, 0.5344629883766174, 0.7342246174812317, -0.01834988035261631, 0.5505213737487793, 0.6793130040168762, -0.025168130174279213, 0.5605126023292542, 0.6486145257949829, -0.025265226140618324, 0.570435643196106, 0.623295247554779, -0.024125080555677414]"
"[0.5406837463378906, 0.9362690448760986, 3.528824663590058e-07, 0.45626479387283325, 0.9220750331878662, -0.017297545447945595, 0.3962705135345459, 0.8408584594726562, -0.02520451508462429, 0.3584906756877899, 0.7645450234413147, -0.029892973601818085, 0.324580579996109, 0.7132147550582886, -0.03411083295941353, 0.4425276517868042, 0.7302622199058533, -0.02352810464799404, 0.4157329201698303, 0.6333918571472168, -0.03423997014760971, 0.3968905508518219, 0.5907047986984253, -0.0403686948120594, 0.38047274947166443, 0.5623409152030945, -0.043306753039360046, 0.4887394607067108, 0.7180820107460022, -0.02424546703696251, 0.4727354645729065, 0.5880510210990906, -0.027309780940413475, 0.45968666672706604, 0.5117038488388062, -0.029368510469794273, 0.44814401865005493, 0.45232588052749634, -0.031113026663661003, 0.5297034382820129, 0.7369983792304993, -0.026611344888806343, 0.5327551960945129, 0.6343163251876831, -0.03536616265773773, 0.537566065788269, 0.5819382667541504, -0.04092498496174812, 0.5411414504051208, 0.5422026515007019, -0.044370632618665695, 0.5635510683059692, 0.7750904560089111, -0.029540861025452614, 0.5815826058387756, 0.7200174927711487, -0.042288463562726974, 0.5971348285675049, 0.6851788759231567, -0.04457146301865578, 0.609053373336792, 0.6550593376159668, -0.04427037388086319]",[]
"[0.5388728380203247, 0.9394780397415161, 3.4916840263576887e-07, 0.4557477831840515, 0.9221073389053345, -0.018171390518546104, 0.3965948820114136, 0.8404593467712402, -0.02661672979593277, 0.3585784435272217, 0.7649471759796143, -0.03192749246954918, 0.3258405029773712, 0.7124783396720886, -0.036606959998607635, 0.4423573613166809, 0.7294965982437134, -0.02274327725172043, 0.4154570698738098, 0.6353820562362671, -0.03412672504782677, 0.3973364233970642, 0.5905745029449463, -0.04119580239057541, 0.3814666271209717, 0.5597878694534302, -0.0449986606836319, 0.4880390167236328, 0.7181238532066345, -0.02353236824274063, 0.4741652011871338, 0.5898416042327881, -0.027342088520526886, 0.4621327817440033, 0.5140617489814758, -0.029588138684630394, 0.4511617422103882, 0.4545880854129791, -0.031326550990343094, 0.5289509296417236, 0.7369227409362793, -0.02630573697388172, 0.5327380895614624, 0.6358963847160339, -0.035437751561403275, 0.5369508266448975, 0.5863663554191589, -0.0398128367960453, 0.540157675743103, 0.5483145713806152, -0.04227864742279053, 0.5631462335586548, 0.7754424214363098, -0.02994774654507637, 0.5812770128250122, 0.7207738161087036, -0.04214625805616379, 0.5959148406982422, 0.6860763430595398, -0.043495967984199524, 0.60735684633255, 0.6555492877960205, -0.042577438056468964]",[]
"[0.5436518788337708, 0.97765052318573, 3.896420821547508e-07, 0.45706823468208313, 0.95679771900177, -0.025019830092787743, 0.3929527997970581, 0.877741813659668, -0.03912246599793434, 0.3508073389530182, 0.7985448241233826, -0.04844573512673378, 0.31448426842689514, 0.745173454284668, -0.05742046609520912, 0.44290614128112793, 0.770639181137085, -0.03708156570792198, 0.4155968725681305, 0.6596672534942627, -0.05320731922984123, 0.39800411462783813, 0.6032437086105347, -0.06298861652612686, 0.38319623470306396, 0.561460018157959, -0.06849217414855957, 0.4917334020137787, 0.7524683475494385, -0.03725293651223183, 0.4749147295951843, 0.6077870726585388, -0.04984315484762192, 0.46069633960723877, 0.519015371799469, -0.057999126613140106, 0.44909390807151794, 0.45182546973228455, -0.06413497775793076, 0.5320349335670471, 0.7609879374504089, -0.03938848897814751, 0.5304263234138489, 0.6335403323173523, -0.05758845806121826, 0.5279658436775208, 0.5525110960006714, -0.06974770128726959, 0.5259072184562683, 0.48577266931533813, -0.07718567550182343, 0.5644876956939697, 0.7842892408370972, -0.042120225727558136, 0.5771088600158691, 0.6906267404556274, -0.061304472386837006, 0.590091347694397, 0.6301723718643188, -0.06799972802400589, 0.6009088754653931, 0.5761815309524536, -0.07124315947294235]",[]
[],"[0.5115365982055664, 0.9239122867584229, 3.43693386639643e-07, 0.5638142824172974, 0.8792435526847839, -0.00873083807528019, 0.590552568435669, 0.8128288984298706, -0.010865717194974422, 0.6028897166252136, 0.7570197582244873, -0.015744857490062714, 0.6064097285270691, 0.7118932604789734, -0.020972391590476036, 0.5438855290412903, 0.6996641159057617, 0.010902304202318192, 0.5443098545074463, 0.6191740036010742, 0.007488610688596964, 0.5456627011299133, 0.5778648257255554, 0.0030444315634667873, 0.5458945631980896, 0.5440320372581482, -0.00032799996552057564, 0.5008514523506165, 0.6941937804222107, 0.006890450604259968, 0.4890695810317993, 0.5928574800491333, 0.005944079253822565, 0.48131898045539856, 0.5374678373336792, 0.0008491234038956463, 0.471461683511734, 0.4922606945037842, -0.003193505574017763, 0.4620208740234375, 0.7108846306800842, -0.00029001582879573107, 0.43909895420074463, 0.6302512884140015, -0.0064316014759242535, 0.42035210132598877, 0.5934426188468933, -0.016287045553326607, 0.40428951382637024, 0.5662760138511658, -0.022817322984337807, 0.4295695722103119, 0.7443543076515198, -0.008462105877697468, 0.40131258964538574, 0.6894189715385437, -0.018345294520258904, 0.38105565309524536, 0.6625180840492249, -0.024302806705236435, 0.3657175302505493, 0.6409904956817627, -0.027339516207575798]"
"[0.5339258909225464, 0.8472416400909424, 2.912864829340833e-07, 0.47118425369262695, 0.7813271284103394, -0.01509167067706585, 0.43352171778678894, 0.6841635704040527, -0.020527228713035583, 0.40919023752212524, 0.6114040613174438, -0.026476841419935226, 0.38157376646995544, 0.5573925375938416, -0.03225536271929741, 0.49141398072242737, 0.5977283120155334, 0.013999403454363346, 0.5078006386756897, 0.5158249139785767, 0.01453131902962923, 0.5179344415664673, 0.47971177101135254, 0.008289901539683342, 0.5223568081855774, 0.4515395760536194, 0.001608180464245379, 0.5354602336883545, 0.6210596561431885, 0.012661167420446873, 0.554377019405365, 0.5479381680488586, 0.01739693433046341, 0.5636588931083679, 0.5047649145126343, 0.009809302166104317, 0.5713574886322021, 0.46996423602104187, 0.0008056844235397875, 0.5704175233840942, 0.6602665781974792, 0.007609287276864052, 0.5943413972854614, 0.595100462436676, 0.006930348929017782, 0.6091005206108093, 0.5565405488014221, 0.003539461176842451, 0.6193471550941467, 0.5228099822998047, -0.0011216133134439588, 0.6021296977996826, 0.7103015184402466, 0.0008066570153459907, 0.6266679763793945, 0.658090353012085, -0.00011817720223916695, 0.6403908729553223, 0.6272720098495483, 0.0036706612445414066, 0.6497207880020142, 0.6013940572738647, 0.005292633082717657]",[]
"[0.5737033486366272, 0.7843828797340393, 1.1506244135262023e-07, 0.49223795533180237, 0.7317296862602234, 0.004006039351224899, 0.44594767689704895, 0.6388868093490601, 0.011670188046991825, 0.4181310534477234, 0.561143696308136, 0.016513844951987267, 0.3894384801387787, 0.5100646018981934, 0.021356934681534767, 0.5000878572463989, 0.557400107383728, 0.04353999346494675, 0.48634791374206543, 0.48039576411247253, 0.05945217236876488, 0.48041629791259766, 0.45055559277534485, 0.06223127990961075, 0.4735519587993622, 0.42730915546417236, 0.06084725633263588, 0.5456197261810303, 0.5628244280815125, 0.039486125111579895, 0.5474485158920288, 0.49401819705963135, 0.05813443660736084, 0.5481955409049988, 0.4590887427330017, 0.05387651547789574, 0.5523563027381897, 0.4338364005088806, 0.04647665470838547, 0.5839179754257202, 0.5863556265830994, 0.033586397767066956, 0.5960680246353149, 0.5151197910308838, 0.04511810839176178, 0.6030370593070984, 0.46997660398483276, 0.040764596313238144, 0.6101019382476807, 0.4346061944961548, 0.03352373465895653, 0.6194738149642944, 0.6242651343345642, 0.027927298098802567, 0.6423925161361694, 0.5752525925636292, 0.03893953561782837, 0.6545353531837463, 0.5433220863342285, 0.04396314173936844, 0.6634637117385864, 0.516761302947998, 0.04456372559070587]",[]
"[0.574524462223053, 0.7849794626235962, 1.330716941083665e-07, 0.49305620789527893, 0.7326730489730835, 0.001476733130402863, 0.44667375087738037, 0.6397930979728699, 0.0076576597057282925, 0.4188447594642639, 0.5625438690185547, 0.011176134459674358, 0.3903374969959259, 0.5103528499603271, 0.014759293757379055, 0.5007219910621643, 0.5576868057250977, 0.03961022570729256, 0.4888165593147278, 0.48010537028312683, 0.052372027188539505, 0.4841691255569458, 0.4487534463405609, 0.05296504870057106, 0.47822925448417664, 0.42442023754119873, 0.05023893713951111, 0.5455728769302368, 0.563761293888092, 0.03519110754132271, 0.5484790205955505, 0.49394726753234863, 0.0508585087954998, 0.5496331453323364, 0.4577619135379791, 0.045225270092487335, 0.5539761185646057, 0.4314344525337219, 0.03702535107731819, 0.5836028456687927, 0.5874639749526978, 0.028576763346791267, 0.595982551574707, 0.5169268846511841, 0.03749489784240723, 0.6031727194786072, 0.47145381569862366, 0.032372329384088516, 0.6104153394699097, 0.4353140890598297, 0.02483314275741577, 0.6186293363571167, 0.6253281831741333, 0.02186192013323307, 0.6416632533073425, 0.5777389407157898, 0.030329527333378792, 0.6536924839019775, 0.5460914969444275, 0.03440859913825989, 0.6629049777984619, 0.519176185131073, 0.034547269344329834]",[]
"[0.575082540512085, 0.788168728351593, 1.6136398528487916e-07, 0.495640367269516, 0.7274616956710815, -0.002770706545561552, 0.4499962031841278, 0.6310295462608337, 0.00047944372636266053, 0.4218065142631531, 0.5515994429588318, 0.0021956339478492737, 0.3990887999534607, 0.4940325915813446, 0.00437810318544507, 0.5052556991577148, 0.5490089654922485, 0.021336346864700317, 0.49951210618019104, 0.4600221812725067, 0.02586641162633896, 0.5025822520256042, 0.4242613613605499, 0.02415313944220543, 0.5053184032440186, 0.39667004346847534, 0.02121240645647049, 0.5508448481559753, 0.5532720685005188, 0.018257789313793182, 0.5569226145744324, 0.4701528251171112, 0.026049980893731117, 0.5625904202461243, 0.42648082971572876, 0.020718291401863098, 0.5715464353561401, 0.3939707279205322, 0.013890251517295837, 0.5890324115753174, 0.5744230151176453, 0.013221572153270245, 0.6020022630691528, 0.4944758713245392, 0.01601857878267765, 0.6095021963119507, 0.44503533840179443, 0.011097989976406097, 0.6166664361953735, 0.4059261083602905, 0.004934749100357294, 0.6227370500564575, 0.6090787053108215, 0.007877076044678688, 0.647283136844635, 0.556279182434082, 0.01136927679181099, 0.6596084237098694, 0.5216183662414551, 0.013952579349279404, 0.6693311929702759, 0.4917653799057007, 0.014160705730319023]",[]
[],"[0.5279678106307983, 0.8492308855056763, 2.8326263645794825e-07, 0.5440678000450134, 0.7919325828552246, -0.002153228735551238, 0.542610764503479, 0.7126708030700684, 0.00017678046424407512, 0.5372127890586853, 0.6571940779685974, -0.000320231425575912, 0.534099817276001, 0.6178753972053528, -0.0008270927355624735, 0.5273512005805969, 0.6142841577529907, 0.02106439508497715, 0.5301849246025085, 0.5375332832336426, 0.023089738562703133, 0.5342860221862793, 0.49830636382102966, 0.01830708049237728, 0.5400722622871399, 0.4624181091785431, 0.013465456664562225, 0.5159460306167603, 0.6236820220947266, 0.016736596822738647, 0.5189430713653564, 0.5428231954574585, 0.022102417424321175, 0.5230697393417358, 0.49448952078819275, 0.018182024359703064, 0.529722273349762, 0.4560776352882385, 0.013966861180961132, 0.5055041909217834, 0.6508943438529968, 0.010175103321671486, 0.5110411047935486, 0.5786275267601013, 0.014537259936332703, 0.5183817744255066, 0.528521716594696, 0.014250888489186764, 0.5281181931495667, 0.4891155958175659, 0.012377630919218063, 0.494218647480011, 0.6947349905967712, 0.0021999343298375607, 0.49060529470443726, 0.6396335959434509, 0.005073075648397207, 0.48884302377700806, 0.6012431979179382, 0.009757943451404572, 0.4897605776786804, 0.5677507519721985, 0.012836487032473087]"
"[0.5489341020584106, 0.9006716012954712, 2.490729684723192e-07, 0.4661529064178467, 0.8719014525413513, -0.009450449608266354, 0.40818721055984497, 0.7864601612091064, -0.010049257427453995, 0.3728720545768738, 0.7058678269386292, -0.01085428986698389, 0.34213727712631226, 0.6515055894851685, -0.01106958743184805, 0.4457765817642212, 0.6722707152366638, 0.02009233832359314, 0.4162362813949585, 0.5893008708953857, 0.02155955508351326, 0.4013975262641907, 0.5529696345329285, 0.016913341358304024, 0.3916112184524536, 0.5293223261833191, 0.013697376474738121, 0.4906488060951233, 0.6610447764396667, 0.01991705596446991, 0.4862707555294037, 0.5535341501235962, 0.029715904965996742, 0.4844360649585724, 0.49538058042526245, 0.026768045499920845, 0.4863118529319763, 0.4495324194431305, 0.02277728170156479, 0.531419575214386, 0.6739334464073181, 0.01607617922127247, 0.5366459488868713, 0.5796872973442078, 0.01921408250927925, 0.5437666177749634, 0.5300353169441223, 0.013214043341577053, 0.5522283315658569, 0.48965924978256226, 0.007762349676340818, 0.5690036416053772, 0.7024475336074829, 0.011202279478311539, 0.5848562717437744, 0.6368532180786133, 0.012728962115943432, 0.5969405770301819, 0.5991861820220947, 0.013592720963060856, 0.6083613634109497, 0.5667362809181213, 0.01395241916179657]",[]
"[0.545179545879364, 0.9475226998329163, 3.8517956113537366e-07, 0.45585864782333374, 0.9288102388381958, -0.026784483343362808, 0.3941633701324463, 0.8482406735420227, -0.039540551602840424, 0.3540315628051758, 0.7689533829689026, -0.047775998711586, 0.31777483224868774, 0.713835597038269, -0.055459462106227875, 0.4435451328754425, 0.7180209159851074, -0.025608627125620842, 0.42042142152786255, 0.6217979788780212, -0.037083934992551804, 0.4017874300479889, 0.5732237100601196, -0.04691792652010918, 0.3858790695667267, 0.5385400056838989, -0.05411432310938835, 0.49281805753707886, 0.7095811367034912, -0.023307308554649353, 0.4895035922527313, 0.5914325714111328, -0.029111409559845924, 0.4842866361141205, 0.5217449069023132, -0.036968160420656204, 0.48092707991600037, 0.47066107392311096, -0.04446664825081825, 0.5336300134658813, 0.7288045287132263, -0.02409946173429489, 0.5398635268211365, 0.6237848997116089, -0.03756878525018692, 0.5435190200805664, 0.561042845249176, -0.050280600786209106, 0.5464309453964233, 0.5108609199523926, -0.05994761362671852, 0.5677909851074219, 0.7642079591751099, -0.02612701617181301, 0.5895397067070007, 0.7017395496368408, -0.04320096597075462, 0.6068108677864075, 0.6627784371376038, -0.05133789777755737, 0.6211848258972168, 0.6272618770599365, -0.05655302852392197]",[]
"[0.5445940494537354, 0.9482793807983398, 3.7345517966969055e-07, 0.45552465319633484, 0.927973210811615, -0.025900691747665405, 0.3942907452583313, 0.8472747802734375, -0.038321662694215775, 0.35455843806266785, 0.7694355249404907, -0.04670307785272598, 0.31807053089141846, 0.715943455696106, -0.054582901298999786, 0.4437270164489746, 0.7174966931343079, -0.02376590110361576, 0.4213080406188965, 0.622739315032959, -0.035693392157554626, 0.40357476472854614, 0.57399982213974, -0.04606255888938904, 0.3882145285606384, 0.5388551354408264, -0.053701549768447876, 0.4926261007785797, 0.7094202041625977, -0.02232770249247551, 0.49032074213027954, 0.5939799547195435, -0.028547082096338272, 0.48664501309394836, 0.526370644569397, -0.036708422005176544, 0.484657883644104, 0.47572606801986694, -0.04438159987330437, 0.5335929989814758, 0.7286486029624939, -0.024085335433483124, 0.5405004024505615, 0.6266412138938904, -0.03777221962809563, 0.5454031229019165, 0.5648782253265381, -0.05013970658183098, 0.5492845177650452, 0.5144028067588806, -0.059585366398096085, 0.5681988000869751, 0.7643907070159912, -0.027141327038407326, 0.5902581214904785, 0.7034576535224915, -0.04415225610136986, 0.6075646877288818, 0.6653981804847717, -0.0518319196999073, 0.6219456195831299, 0.6305022239685059, -0.05674132704734802]",[]
"[0.551116943359375, 0.9444781541824341, 3.0320819632834173e-07, 0.46337753534317017, 0.9257705211639404, -0.023369111120700836, 0.398720920085907, 0.8481408357620239, -0.035429392009973526, 0.35651895403862, 0.773030698299408, -0.04391125217080116, 0.32031571865081787, 0.7206825017929077, -0.051678985357284546, 0.4441705346107483, 0.7250152826309204, -0.02356894500553608, 0.4219231903553009, 0.6286645531654358, -0.036542437970638275, 0.4052234888076782, 0.5820530652999878, -0.04710618779063225, 0.39053773880004883, 0.548345685005188, -0.05429323762655258, 0.4924655258655548, 0.7147901654243469, -0.023530922830104828, 0.4875064194202423, 0.5981044173240662, -0.030644387006759644, 0.4814583361148834, 0.531029462814331, -0.038612473756074905, 0.47623807191848755, 0.47927969694137573, -0.0460180826485157, 0.5336499214172363, 0.7294653654098511, -0.026341203600168228, 0.5383634567260742, 0.6264234185218811, -0.03834708780050278, 0.5416959524154663, 0.5651923418045044, -0.04685625433921814, 0.5436277985572815, 0.5136627554893494, -0.05342203006148338, 0.5685853958129883, 0.7581288814544678, -0.03044729307293892, 0.5801693201065063, 0.6886855959892273, -0.042947083711624146, 0.5890833139419556, 0.6442649960517883, -0.04610689729452133, 0.596214771270752, 0.6033602952957153, -0.04795890673995018]",[]
[],"[0.5296002626419067, 0.8806809782981873, 1.6438991679024184e-07, 0.5073674321174622, 0.8322447538375854, -0.00911886990070343, 0.49286139011383057, 0.7545260190963745, -0.00967386458069086, 0.4896012544631958, 0.7033019065856934, -0.01055843010544777, 0.48798489570617676, 0.6625978350639343, -0.011728273704648018, 0.5109266638755798, 0.655295729637146, -0.00014062960690353066, 0.5089163780212402, 0.5761941075325012, -0.006540009286254644, 0.5083547830581665, 0.531129777431488, -0.015570133924484253, 0.5056554079055786, 0.4903165102005005, -0.023608315736055374, 0.5315645337104797, 0.6575515270233154, -0.004066821187734604, 0.5385437607765198, 0.568938672542572, -0.0077467430382966995, 0.5431033968925476, 0.5167770981788635, -0.01611839234828949, 0.5479200482368469, 0.473394513130188, -0.022986194118857384, 0.5508124232292175, 0.6834864616394043, -0.009987746365368366, 0.5654827952384949, 0.6041198372840881, -0.01568627916276455, 0.5770913362503052, 0.5596355199813843, -0.022616779431700706, 0.5898908376693726, 0.5205289125442505, -0.028552768751978874, 0.5668146014213562, 0.7282688021659851, -0.01708386465907097, 0.5821521878242493, 0.6848747134208679, -0.02487519010901451, 0.5901141166687012, 0.6544786691665649, -0.027025960385799408, 0.5982845425605774, 0.6286006569862366, -0.02820700593292713]"
"[0.5670948624610901, 0.8047709465026855, 4.802829067784842e-08, 0.4903739094734192, 0.7461639046669006, 0.008753910660743713, 0.44670113921165466, 0.6553047299385071, 0.016839168965816498, 0.4199517071247101, 0.5881794691085815, 0.021771829575300217, 0.3947829008102417, 0.5434231162071228, 0.027163174003362656, 0.5005839467048645, 0.5634581446647644, 0.043551474809646606, 0.4930785298347473, 0.4889221787452698, 0.06279296427965164, 0.48805028200149536, 0.47733190655708313, 0.06869345158338547, 0.4821322560310364, 0.475485235452652, 0.070151187479496, 0.5470532774925232, 0.574055552482605, 0.03878498822450638, 0.5519973635673523, 0.5053179860115051, 0.06306910514831543, 0.5534006357192993, 0.47811079025268555, 0.06343905627727509, 0.5579671263694763, 0.46702200174331665, 0.05890505015850067, 0.5843915343284607, 0.6046344041824341, 0.0331893153488636, 0.5975772738456726, 0.5330215692520142, 0.05254313722252846, 0.6022888422012329, 0.4941372871398926, 0.055142153054475784, 0.6073946356773376, 0.4695364832878113, 0.05143079161643982, 0.6202281713485718, 0.6493521332740784, 0.02787933684885502, 0.6408833265304565, 0.5996517539024353, 0.045930441468954086, 0.6520832180976868, 0.5693419575691223, 0.057060301303863525, 0.6598129272460938, 0.5467988848686218, 0.06177632883191109]",[]
"[0.5770701766014099, 0.7806963920593262, 1.4638062850735878e-07, 0.4985749125480652, 0.7266702055931091, -0.003323119133710861, 0.45506352186203003, 0.6412660479545593, 0.00012442580191418529, 0.4295297861099243, 0.5696080923080444, 0.0035675219260156155, 0.40745365619659424, 0.5200343728065491, 0.008533267304301262, 0.5131028890609741, 0.553706705570221, 0.014047832228243351, 0.5014516711235046, 0.4641841948032379, 0.018431169912219048, 0.4985612630844116, 0.43651124835014343, 0.020614808425307274, 0.49948763847351074, 0.4189894497394562, 0.022310737520456314, 0.5602503418922424, 0.5567108392715454, 0.013089681975543499, 0.5629814267158508, 0.46405690908432007, 0.022371187806129456, 0.5634399652481079, 0.41571104526519775, 0.022868603467941284, 0.5669049620628357, 0.38147681951522827, 0.02139844372868538, 0.5978672504425049, 0.5800508856773376, 0.010235548950731754, 0.6110602021217346, 0.49828845262527466, 0.011507607996463776, 0.6153770089149475, 0.4492799639701843, 0.007910879328846931, 0.6192639470100403, 0.4113488793373108, 0.004451432731002569, 0.628490686416626, 0.6167691946029663, 0.007641300559043884, 0.6540623903274536, 0.5690279006958008, 0.00771136162802577, 0.666786789894104, 0.5346322059631348, 0.009452929720282555, 0.6764658093452454, 0.504942774772644, 0.010817011818289757]",[]
"[0.5764564871788025, 0.7815003395080566, 1.6168688432571798e-07, 0.4987639784812927, 0.7268528342247009, -0.003741062246263027, 0.45562517642974854, 0.64155113697052, -0.000845594156999141, 0.4299328029155731, 0.56954425573349, 0.0020636129193007946, 0.4075448215007782, 0.5202654600143433, 0.006496192421764135, 0.5132693648338318, 0.5530490279197693, 0.01365685649216175, 0.502110481262207, 0.4618462324142456, 0.01783697120845318, 0.5000702738761902, 0.43151605129241943, 0.019793584942817688, 0.5012704133987427, 0.41093936562538147, 0.021192356944084167, 0.5603532791137695, 0.5565568804740906, 0.012716378085315228, 0.5634200572967529, 0.464091420173645, 0.02152428776025772, 0.5640600323677063, 0.4156765937805176, 0.021524693816900253, 0.5674628019332886, 0.3810725808143616, 0.019741898402571678, 0.5979498028755188, 0.5801034569740295, 0.009916495531797409, 0.6110987067222595, 0.49886006116867065, 0.011094960384070873, 0.6154986619949341, 0.45021718740463257, 0.007585912477225065, 0.6194868087768555, 0.412882536649704, 0.004183993674814701, 0.6287456750869751, 0.6168842911720276, 0.007289796136319637, 0.6542472243309021, 0.5693081021308899, 0.007529814261943102, 0.6668211221694946, 0.5350528955459595, 0.009442159906029701, 0.6763578653335571, 0.5055120587348938, 0.010923966765403748]",[]
"[0.5653473138809204, 0.7997274994850159, 9.978808179766929e-08, 0.4915013611316681, 0.738839864730835, 0.006269459147006273, 0.45296889543533325, 0.6510946154594421, 0.016126401722431183, 0.430206298828125, 0.5866512656211853, 0.023513544350862503, 0.41020867228507996, 0.5371948480606079, 0.03170796111226082, 0.5051422119140625, 0.5635908842086792, 0.036527082324028015, 0.4956277012825012, 0.478904128074646, 0.04833649471402168, 0.4938541650772095, 0.4530985653400421, 0.0523592010140419, 0.4942592978477478, 0.43635451793670654, 0.054249025881290436, 0.5504201054573059, 0.5715458989143372, 0.031868938356637955, 0.5563704967498779, 0.4847954213619232, 0.04721909388899803, 0.5588425397872925, 0.4436652958393097, 0.047528818249702454, 0.5633485913276672, 0.41169196367263794, 0.045837413519620895, 0.5870781540870667, 0.5995683670043945, 0.02528739534318447, 0.6005876660346985, 0.5210757851600647, 0.03213883563876152, 0.6066433787345886, 0.4759523272514343, 0.030104780569672585, 0.6126471161842346, 0.43852555751800537, 0.02715926431119442, 0.6204612255096436, 0.640160858631134, 0.019289972260594368, 0.6442673206329346, 0.5927519798278809, 0.025791224092245102, 0.6579271554946899, 0.5603681206703186, 0.031141091138124466, 0.6692641973495483, 0.5318565964698792, 0.03428865596652031]",[]
"[0.5064799189567566, 0.9039247632026672, 2.553873628130532e-07, 0.5404914021492004, 0.8540995717048645, -0.010122478008270264, 0.553821325302124, 0.7802845239639282, -0.012388087809085846, 0.5455703139305115, 0.7220658659934998, -0.016025807708501816, 0.5334988832473755, 0.6733969449996948, -0.019516585394740105, 0.524555504322052, 0.6817437410354614, 0.002281055087223649, 0.5246300101280212, 0.586479663848877, -0.006562516558915377, 0.525539755821228, 0.528639018535614, -0.016214881092309952, 0.5265790224075317, 0.4829939007759094, -0.0233077984303236, 0.4988318383693695, 0.6742544174194336, -0.0013209163444116712, 0.5047404170036316, 0.5726280808448792, -0.005921521689742804, 0.5136656165122986, 0.5155919790267944, -0.012649621814489365, 0.5231368541717529, 0.4674754738807678, -0.017764421179890633, 0.47493988275527954, 0.6836293935775757, -0.007474212441593409, 0.4800202250480652, 0.5957044959068298, -0.011262379586696625, 0.4960588216781616, 0.5525871515274048, -0.012637115083634853, 0.5124668478965759, 0.5170045495033264, -0.014683547429740429, 0.4507262706756592, 0.7099563479423523, -0.015611077658832073, 0.4436737596988678, 0.6530669331550598, -0.0193947684019804, 0.444559782743454, 0.6265051960945129, -0.016345517709851265, 0.44849056005477905, 0.6075547933578491, -0.013817626982927322]",[]
"[0.5308641791343689, 0.9233726859092712, 4.5415444560603646e-07, 0.4510449469089508, 0.9093376994132996, -0.018343355506658554, 0.3957410454750061, 0.840965986251831, -0.028568532317876816, 0.35779309272766113, 0.7751139998435974, -0.036744698882102966, 0.3234015703201294, 0.7329121828079224, -0.04567510634660721, 0.42841702699661255, 0.7215815782546997, -0.025227269157767296, 0.40460073947906494, 0.6259602308273315, -0.03919011726975441, 0.3879453241825104, 0.5694739818572998, -0.048840004950761795, 0.3749697506427765, 0.524039626121521, -0.05684087052941322, 0.47375619411468506, 0.7102786898612976, -0.029512740671634674, 0.4710712134838104, 0.595291256904602, -0.03958415240049362, 0.4652658700942993, 0.5250454545021057, -0.049500368535518646, 0.463790625333786, 0.46780288219451904, -0.05750419571995735, 0.5151262879371643, 0.7297492623329163, -0.03564729914069176, 0.5277256369590759, 0.6198974251747131, -0.054437458515167236, 0.5352277755737305, 0.562977135181427, -0.06948979943990707, 0.5439718961715698, 0.5102473497390747, -0.08025606721639633, 0.5518897771835327, 0.7697024345397949, -0.04200346767902374, 0.5833109617233276, 0.7297543883323669, -0.06803524494171143, 0.6047645807266235, 0.7026712894439697, -0.08100733906030655, 0.6238462924957275, 0.6716870665550232, -0.0882282480597496]",[]
"[0.5295377969741821, 0.9629228711128235, 4.449374273463036e-07, 0.44116145372390747, 0.9464350938796997, -0.01865670643746853, 0.3776555061340332, 0.8765268325805664, -0.029269877821207047, 0.3365288972854614, 0.8014273047447205, -0.035754550248384476, 0.2995527982711792, 0.7558202147483826, -0.04349299892783165, 0.41973045468330383, 0.7605788707733154, -0.0424843356013298, 0.392069011926651, 0.6376986503601074, -0.0589432492852211, 0.3710194230079651, 0.5718212723731995, -0.06643465161323547, 0.35156914591789246, 0.5244306325912476, -0.07157351821660995, 0.4689297676086426, 0.74104905128479, -0.04669395834207535, 0.4486861228942871, 0.5938748717308044, -0.06350213289260864, 0.4298545718193054, 0.5045353174209595, -0.07594234496355057, 0.4150395393371582, 0.4373372495174408, -0.08478584885597229, 0.511011004447937, 0.7531075477600098, -0.05077283829450607, 0.5095623731613159, 0.6187591552734375, -0.07393057644367218, 0.5066013336181641, 0.5291560888290405, -0.0957811251282692, 0.5041474103927612, 0.4552419185638428, -0.11122308671474457, 0.5461043119430542, 0.7899420261383057, -0.053959641605615616, 0.5753405094146729, 0.7373288869857788, -0.08321408927440643, 0.5959481596946716, 0.6967977285385132, -0.09962279349565506, 0.6115422248840332, 0.6608914136886597, -0.10935018956661224]",[]
"[0.528267502784729, 0.9604998826980591, 4.82220855246851e-07, 0.4399256408214569, 0.9475080966949463, -0.01881002075970173, 0.3767239451408386, 0.8773791790008545, -0.029490772634744644, 0.3358537554740906, 0.8018218278884888, -0.036179594695568085, 0.29913878440856934, 0.7551453113555908, -0.044174421578645706, 0.41878244280815125, 0.761532187461853, -0.04210558161139488, 0.3913710117340088, 0.639151930809021, -0.05872514098882675, 0.37211018800735474, 0.5736939907073975, -0.06644640117883682, 0.35452091693878174, 0.5249612927436829, -0.07159937918186188, 0.46902191638946533, 0.7430374622344971, -0.045981790870428085, 0.4552902579307556, 0.5955268740653992, -0.06185336410999298, 0.440854549407959, 0.5049753189086914, -0.07375705987215042, 0.42930951714515686, 0.4354507029056549, -0.08219752460718155, 0.5114071369171143, 0.7552457451820374, -0.049842264503240585, 0.5134726166725159, 0.6261243224143982, -0.07214373350143433, 0.5124940872192383, 0.5393012762069702, -0.09277906268835068, 0.5111790299415588, 0.4669225811958313, -0.10717770457267761, 0.5471453666687012, 0.7912197709083557, -0.05298337712883949, 0.5786442756652832, 0.7386344075202942, -0.08044767379760742, 0.5997630953788757, 0.7004206776618958, -0.0951235219836235, 0.615567684173584, 0.6667238473892212, -0.10360517352819443]",[]
"[0.5234777927398682, 0.9139584302902222, 4.22604301775209e-07, 0.4419710338115692, 0.909752607345581, -0.020192645490169525, 0.38244807720184326, 0.8399598598480225, -0.030321426689624786, 0.3448522984981537, 0.7668398022651672, -0.036218464374542236, 0.31014442443847656, 0.7199667692184448, -0.04212624207139015, 0.42075031995773315, 0.725646436214447, -0.03141048550605774, 0.38902536034584045, 0.6307403445243835, -0.04194552078843117, 0.3694198429584503, 0.5816379189491272, -0.047949906438589096, 0.35379743576049805, 0.5454111099243164, -0.05212754011154175, 0.4650554060935974, 0.7113243937492371, -0.031315747648477554, 0.4467680752277374, 0.5907231569290161, -0.03745489567518234, 0.4302026331424713, 0.5193290114402771, -0.042268671095371246, 0.41703590750694275, 0.4651588201522827, -0.04647955670952797, 0.5039072632789612, 0.7244245409965515, -0.03246871381998062, 0.4950842559337616, 0.6113749146461487, -0.044477980583906174, 0.4885641634464264, 0.5517556667327881, -0.052828725427389145, 0.4849735200405121, 0.5033227205276489, -0.05884728208184242, 0.5369311571121216, 0.7549455165863037, -0.03403564915060997, 0.5505807399749756, 0.6880844235420227, -0.05099334195256233, 0.5627783536911011, 0.6404030323028564, -0.05738866329193115, 0.5729207992553711, 0.5963597297668457, -0.0604243166744709]",[]
"[0.5155048966407776, 0.8297461271286011, 2.354320827180345e-07, 0.4475812315940857, 0.7831763029098511, -0.013202286325395107, 0.39588695764541626, 0.698030948638916, -0.01739552430808544, 0.36208686232566833, 0.6285174489021301, -0.02172570489346981, 0.3382151126861572, 0.5746633410453796, -0.025165800005197525, 0.43871015310287476, 0.6114299893379211, 0.010704734362661839, 0.4354516863822937, 0.5347098112106323, 0.008303557522594929, 0.43862012028694153, 0.49405354261398315, 0.0014404236571863294, 0.44068771600723267, 0.46166253089904785, -0.004838482476770878, 0.48007720708847046, 0.6185343265533447, 0.010126850567758083, 0.48541784286499023, 0.542910099029541, 0.01249701902270317, 0.4885920584201813, 0.5015025734901428, 0.005930162500590086, 0.4928538203239441, 0.4675946533679962, -0.0015210643177852035, 0.5169304609298706, 0.6408552527427673, 0.006155245006084442, 0.5310531854629517, 0.5722762942314148, 0.0039131357334554195, 0.5415480732917786, 0.5371745824813843, 0.0011171725345775485, 0.5505669116973877, 0.5070855617523193, -0.0023567380849272013, 0.5526736974716187, 0.6737352609634399, 0.0006596845923922956, 0.5732649564743042, 0.6196826696395874, -0.0019897068850696087, 0.5861464738845825, 0.5884206891059875, -0.000597905891481787, 0.5969727039337158, 0.5602754354476929, 3.076619759667665e-05]",[]
"[0.5264645218849182, 0.7780998945236206, 1.6604312236268015e-07, 0.44008004665374756, 0.7441791296005249, -0.003594571491703391, 0.39300215244293213, 0.6607126593589783, -4.07535253543756e-06, 0.3655686378479004, 0.590280294418335, 0.0021046167239546776, 0.3395732343196869, 0.5407145619392395, 0.004391820635646582, 0.44799575209617615, 0.5759472250938416, 0.02838415838778019, 0.4335370659828186, 0.500843346118927, 0.04153105616569519, 0.4280077815055847, 0.464352548122406, 0.043830059468746185, 0.42200133204460144, 0.4358421266078949, 0.04190582036972046, 0.4929701089859009, 0.576407790184021, 0.02569144032895565, 0.4926931858062744, 0.5052511096000671, 0.04198148101568222, 0.4870893359184265, 0.4743812680244446, 0.040293507277965546, 0.4862898588180542, 0.4557173252105713, 0.03545955941081047, 0.5306171774864197, 0.5929214954376221, 0.02089477702975273, 0.5411734580993652, 0.5164276361465454, 0.030895985662937164, 0.5441752672195435, 0.46842148900032043, 0.028627553954720497, 0.5491546392440796, 0.4310644268989563, 0.02291732095181942, 0.564145565032959, 0.6239500045776367, 0.015286990441381931, 0.5877570509910583, 0.5777918100357056, 0.02258373610675335, 0.600541889667511, 0.5440096259117126, 0.02648807317018509, 0.6113505959510803, 0.5155869126319885, 0.02689097635447979]",[]
"[0.5197040438652039, 0.7876566052436829, 2.0746043105646095e-07, 0.4329938292503357, 0.7467868328094482, -0.002722381381317973, 0.386817991733551, 0.6572287678718567, 0.0025146384723484516, 0.36108118295669556, 0.5861582159996033, 0.0062859621830284595, 0.3385246992111206, 0.5343838334083557, 0.010136608965694904, 0.44319242238998413, 0.5720821619033813, 0.034174419939517975, 0.43031084537506104, 0.5038837194442749, 0.04949910566210747, 0.42635300755500793, 0.47115015983581543, 0.05205497518181801, 0.42315617203712463, 0.4462258219718933, 0.05044353008270264, 0.48827064037323, 0.5783489346504211, 0.031486280262470245, 0.4898611009120941, 0.5044010281562805, 0.05135135352611542, 0.4874197244644165, 0.46761518716812134, 0.04920686036348343, 0.489530086517334, 0.44162634015083313, 0.04311612248420715, 0.5249924659729004, 0.5998899936676025, 0.026453161612153053, 0.5364292860031128, 0.5257964134216309, 0.03814525902271271, 0.5403842329978943, 0.4791940748691559, 0.03421693667769432, 0.5467483997344971, 0.4410477876663208, 0.026969507336616516, 0.5584917664527893, 0.6336708664894104, 0.020684203132987022, 0.5822595357894897, 0.5849323272705078, 0.029200226068496704, 0.5966119766235352, 0.551558256149292, 0.032715681940317154, 0.6085729598999023, 0.5222887992858887, 0.03240441158413887]",[]
"[0.5226585865020752, 0.7880138158798218, 2.003266388328484e-07, 0.4344075918197632, 0.7463728785514832, -0.0019070823909714818, 0.387350469827652, 0.6576918363571167, 0.00358813488855958, 0.3608667254447937, 0.5872765183448792, 0.007693497929722071, 0.3390737771987915, 0.5353231430053711, 0.012093212455511093, 0.4435718059539795, 0.5705642104148865, 0.035947106778621674, 0.43157777190208435, 0.5009950995445251, 0.05346880480647087, 0.42767396569252014, 0.4699877202510834, 0.057734400033950806, 0.42427733540534973, 0.44789403676986694, 0.05740155279636383, 0.48881995677948, 0.576641857624054, 0.033998358994722366, 0.4887361526489258, 0.504580557346344, 0.05560685321688652, 0.48359590768814087, 0.47143059968948364, 0.05447683110833168, 0.48358428478240967, 0.4519469439983368, 0.04949425160884857, 0.5260431170463562, 0.5974314212799072, 0.029934631660580635, 0.5365322232246399, 0.5237213969230652, 0.044241584837436676, 0.538490891456604, 0.47904396057128906, 0.041460469365119934, 0.5429757237434387, 0.4443373680114746, 0.034981075674295425, 0.5597053170204163, 0.6305299997329712, 0.025205910205841064, 0.5820679664611816, 0.5809960961341858, 0.03590077906847, 0.5949350595474243, 0.5478821396827698, 0.040123362094163895, 0.6053242683410645, 0.5197927355766296, 0.040482137352228165]",[]
"[0.45805391669273376, 0.8658208847045898, 1.3446882007883687e-07, 0.40837880969047546, 0.8055843710899353, -0.006604253780096769, 0.3800472617149353, 0.7094672322273254, -0.0021649578120559454, 0.35935550928115845, 0.6386663913726807, 0.00014975374506320804, 0.34547752141952515, 0.5808340311050415, 0.003426509676501155, 0.4258261024951935, 0.6169044375419617, 0.03955777734518051, 0.41703739762306213, 0.5417786240577698, 0.04869511350989342, 0.41505688428878784, 0.5017236471176147, 0.04725421220064163, 0.41109180450439453, 0.47158145904541016, 0.04455148056149483, 0.4653080701828003, 0.6186805963516235, 0.03756004944443703, 0.4720296859741211, 0.532633900642395, 0.052222490310668945, 0.475057452917099, 0.4894031286239624, 0.04914238676428795, 0.47807392477989197, 0.45675671100616455, 0.04480260983109474, 0.5000007748603821, 0.6352764368057251, 0.03145698830485344, 0.5140253305435181, 0.5531241297721863, 0.039971232414245605, 0.5196086764335632, 0.5131780505180359, 0.04010690003633499, 0.5243744254112244, 0.47923731803894043, 0.03846125677227974, 0.5331475138664246, 0.666986882686615, 0.023470818996429443, 0.5543776750564575, 0.6059657335281372, 0.030821222811937332, 0.5645245313644409, 0.5729157328605652, 0.037374794483184814, 0.572019100189209, 0.5458736419677734, 0.04177813231945038]",[]
"[0.48582524061203003, 0.920272946357727, 5.34322964540479e-07, 0.41062912344932556, 0.9075892567634583, -0.016636572778224945, 0.3487772047519684, 0.8351178169250488, -0.024660198017954826, 0.3059922456741333, 0.7704958915710449, -0.03134627640247345, 0.2730051279067993, 0.723505437374115, -0.038403548300266266, 0.3753352165222168, 0.7242929339408875, -0.012968270108103752, 0.3473264276981354, 0.6395056843757629, -0.022082967683672905, 0.33145248889923096, 0.5940141677856445, -0.030128687620162964, 0.31977033615112305, 0.5555238127708435, -0.03657136484980583, 0.41307997703552246, 0.7036666870117188, -0.01564819924533367, 0.41682711243629456, 0.5755341053009033, -0.02333744987845421, 0.42002734541893005, 0.4929274916648865, -0.03155002370476723, 0.42383694648742676, 0.42156052589416504, -0.036900244653224945, 0.4489962160587311, 0.7101864218711853, -0.02104739286005497, 0.4351712465286255, 0.591731071472168, -0.03484490513801575, 0.4232192039489746, 0.5225492715835571, -0.04903760552406311, 0.41608065366744995, 0.45883435010910034, -0.05783078074455261, 0.48399943113327026, 0.7329525351524353, -0.026810169219970703, 0.4791448414325714, 0.6618828773498535, -0.042167823761701584, 0.47865554690361023, 0.6255489587783813, -0.049379993230104446, 0.4804140329360962, 0.5891635417938232, -0.052961815148591995]",[]
"[0.4797123968601227, 0.9665035009384155, 5.040915311838035e-07, 0.39171847701072693, 0.9584066867828369, -0.02285991981625557, 0.32404467463493347, 0.89033043384552, -0.03528200089931488, 0.27827391028404236, 0.820914626121521, -0.04335782304406166, 0.23921960592269897, 0.7798596620559692, -0.051109980791807175, 0.36695003509521484, 0.7599921822547913, -0.03783595189452171, 0.33141350746154785, 0.6517471075057983, -0.05279812589287758, 0.30763858556747437, 0.5950613617897034, -0.05978139862418175, 0.28903496265411377, 0.5522308349609375, -0.0639745220541954, 0.4164315164089203, 0.7434825897216797, -0.037681858986616135, 0.40150296688079834, 0.6021429300308228, -0.05215666815638542, 0.3911551535129547, 0.5131704211235046, -0.06078888475894928, 0.38604313135147095, 0.44090908765792847, -0.06662246584892273, 0.45879077911376953, 0.7571348547935486, -0.03873452916741371, 0.45686349272727966, 0.649075448513031, -0.05771864578127861, 0.45611587166786194, 0.5817400217056274, -0.07051916420459747, 0.455978661775589, 0.5257972478866577, -0.07816195487976074, 0.4962432384490967, 0.7896938323974609, -0.04024314507842064, 0.5120969414710999, 0.7241421937942505, -0.0590754970908165, 0.527309238910675, 0.6852602958679199, -0.06562524288892746, 0.5385884046554565, 0.6502045392990112, -0.06850503385066986]",[]
"[0.4827602505683899, 0.9521756768226624, 4.4366558427100244e-07, 0.39386165142059326, 0.9445786476135254, -0.023471582680940628, 0.32838302850723267, 0.8749145269393921, -0.035349078476428986, 0.2849353551864624, 0.8044280409812927, -0.04314805194735527, 0.24645300209522247, 0.7645685076713562, -0.05048814043402672, 0.3678051233291626, 0.7550163269042969, -0.03262149170041084, 0.3358217775821686, 0.6531152129173279, -0.04819800332188606, 0.3137452006340027, 0.6015046238899231, -0.05785073712468147, 0.2955133318901062, 0.5623985528945923, -0.06335429847240448, 0.41453316807746887, 0.7374049425125122, -0.03141031786799431, 0.39901870489120483, 0.6024267077445984, -0.0407584123313427, 0.3865504264831543, 0.5197819471359253, -0.04760776087641716, 0.37917473912239075, 0.4549502730369568, -0.05262367054820061, 0.45780229568481445, 0.7497671842575073, -0.03210050240159035, 0.4553242623806, 0.6459088921546936, -0.04423227906227112, 0.4513115882873535, 0.5860289931297302, -0.05351656302809715, 0.44856786727905273, 0.5371657609939575, -0.05979626998305321, 0.4967747628688812, 0.7812939882278442, -0.034045200794935226, 0.5091004967689514, 0.7221994996070862, -0.046151433140039444, 0.5177106857299805, 0.6844886541366577, -0.049608323723077774, 0.5246368050575256, 0.6493763327598572, -0.05094633251428604]",[]
"[0.4798579514026642, 0.9526826739311218, 4.2188398197140486e-07, 0.39153754711151123, 0.9443135261535645, -0.0230431966483593, 0.3267862796783447, 0.8748313784599304, -0.03531358391046524, 0.28499436378479004, 0.802818775177002, -0.043433669954538345, 0.24630391597747803, 0.7631604671478271, -0.05097497999668121, 0.36838528513908386, 0.7545244693756104, -0.03459808602929115, 0.3338542580604553, 0.6523376703262329, -0.05147713050246239, 0.3100723624229431, 0.6013697385787964, -0.06144571676850319, 0.2905382812023163, 0.5629575252532959, -0.06694561243057251, 0.4153842329978943, 0.7376925945281982, -0.033710356801748276, 0.3991462290287018, 0.6039069890975952, -0.045245926827192307, 0.3855885863304138, 0.5221582651138306, -0.053148604929447174, 0.3769831657409668, 0.4568480849266052, -0.05874820426106453, 0.45812472701072693, 0.7499849200248718, -0.034405916929244995, 0.45595070719718933, 0.6497746109962463, -0.04786903038620949, 0.45269399881362915, 0.5888941884040833, -0.05707506835460663, 0.450624018907547, 0.5395463109016418, -0.06300332397222519, 0.4963622987270355, 0.780148983001709, -0.036260779947042465, 0.5085561275482178, 0.7197569012641907, -0.04825102537870407, 0.5169503092765808, 0.6822879910469055, -0.050860315561294556, 0.5233750939369202, 0.6483643651008606, -0.05151647329330444]",[]
"[0.48547857999801636, 0.9106113314628601, 2.9664320777555986e-07, 0.4114360511302948, 0.8863688111305237, -0.012420856393873692, 0.35003578662872314, 0.8122219443321228, -0.017895478755235672, 0.3077695965766907, 0.7496026158332825, -0.02290213853120804, 0.27589717507362366, 0.7053479552268982, -0.027527010068297386, 0.3796190619468689, 0.7146281599998474, -0.008323686197400093, 0.35243046283721924, 0.6282833218574524, -0.018205896019935608, 0.33692049980163574, 0.5804469585418701, -0.025780949741601944, 0.3241071403026581, 0.5442186594009399, -0.031263869255781174, 0.4184206426143646, 0.7008820176124573, -0.012590835802257061, 0.4090667963027954, 0.5850108861923218, -0.01934739202260971, 0.40544962882995605, 0.5166906118392944, -0.026384606957435608, 0.40388840436935425, 0.46126246452331543, -0.03162899985909462, 0.4574800729751587, 0.7120481133460999, -0.01932542771100998, 0.4596802890300751, 0.6150700449943542, -0.03135494515299797, 0.468083918094635, 0.5636602640151978, -0.041189927607774734, 0.4759178161621094, 0.5194206833839417, -0.047608114778995514, 0.49615925550460815, 0.7404254078865051, -0.02649962715804577, 0.5130600333213806, 0.6820271015167236, -0.04034910723567009, 0.5258494019508362, 0.6476903557777405, -0.04559105634689331, 0.5362426042556763, 0.6170673966407776, -0.0480320043861866]",[]
"[0.4802573323249817, 0.7972431182861328, 3.005902442509978e-07, 0.40192797780036926, 0.7616311311721802, -0.009386567398905754, 0.3500693440437317, 0.6777218580245972, -0.008901831693947315, 0.31860578060150146, 0.6054872274398804, -0.00885009579360485, 0.28791874647140503, 0.5576527118682861, -0.008294332772493362, 0.3934983015060425, 0.5978984236717224, 0.01579156704246998, 0.3774944543838501, 0.5272693634033203, 0.016171827912330627, 0.36970004439353943, 0.4891764521598816, 0.010983176529407501, 0.3620057702064514, 0.45575380325317383, 0.004912512376904488, 0.43672022223472595, 0.5941027998924255, 0.012361664324998856, 0.4315360486507416, 0.5119948983192444, 0.014682164415717125, 0.42868027091026306, 0.4602930247783661, 0.00553004490211606, 0.4272357225418091, 0.4154561161994934, -0.003918934613466263, 0.4737968146800995, 0.6112017035484314, 0.006145909894257784, 0.4755166172981262, 0.5350490212440491, 0.0006943140760995448, 0.47666439414024353, 0.4906505346298218, -0.007908559404313564, 0.4772990942001343, 0.44979310035705566, -0.015435130335390568, 0.5100774765014648, 0.6389110684394836, -0.0007681776769459248, 0.5259627103805542, 0.5836843848228455, -0.007459436543285847, 0.5358114838600159, 0.5471305251121521, -0.009913823567330837, 0.5431382656097412, 0.5106697082519531, -0.01248054951429367]",[]
"[0.49467217922210693, 0.7734928727149963, 1.9040524534830183e-07, 0.4050450921058655, 0.7434471845626831, 0.00014881583047099411, 0.34841594099998474, 0.65864098072052, 0.008446203544735909, 0.3164716362953186, 0.5816545486450195, 0.015865810215473175, 0.2889662981033325, 0.5323020219802856, 0.02531873807311058, 0.39742735028266907, 0.5570710897445679, 0.030971290543675423, 0.37852391600608826, 0.48016059398651123, 0.04661496728658676, 0.370882123708725, 0.4532483220100403, 0.05495350807905197, 0.3646838665008545, 0.4381008744239807, 0.06011630967259407, 0.44593167304992676, 0.551015317440033, 0.03155564144253731, 0.43996548652648926, 0.4649040699005127, 0.05116751790046692, 0.4328117370605469, 0.4185168147087097, 0.05689229071140289, 0.42828133702278137, 0.3903438448905945, 0.05865006893873215, 0.48580747842788696, 0.5661784410476685, 0.03007727861404419, 0.48686903715133667, 0.49149757623672485, 0.04070025682449341, 0.4793475866317749, 0.4653639495372772, 0.04361492395401001, 0.4717954993247986, 0.45464298129081726, 0.04458274692296982, 0.5219100713729858, 0.5924732685089111, 0.028465360403060913, 0.5396115183830261, 0.5356900095939636, 0.035794056951999664, 0.5453852415084839, 0.5041002631187439, 0.040908195078372955, 0.547257661819458, 0.48207560181617737, 0.04465305432677269]",[]
"[0.4743512272834778, 0.8057968020439148, 1.7388977369137137e-07, 0.39330729842185974, 0.7668519616127014, -0.007710481062531471, 0.3406459391117096, 0.675836443901062, -0.006187985185533762, 0.30697309970855713, 0.6012000441551208, -0.005690924823284149, 0.2770787179470062, 0.5542332530021667, -0.004172242246568203, 0.3832360804080963, 0.5822359323501587, 0.01919856294989586, 0.36579465866088867, 0.5124362707138062, 0.019193045794963837, 0.35896357893943787, 0.47532379627227783, 0.013382716104388237, 0.35280826687812805, 0.44337236881256104, 0.007507685571908951, 0.426621675491333, 0.5778434872627258, 0.015384948812425137, 0.4211176931858063, 0.49263954162597656, 0.01959397830069065, 0.41945913434028625, 0.4436544179916382, 0.013215931132435799, 0.4212096035480499, 0.40408676862716675, 0.006022610701620579, 0.4655950963497162, 0.5914542078971863, 0.00839934591203928, 0.4698691964149475, 0.5100094676017761, 0.005537047516554594, 0.4725293517112732, 0.468247652053833, 0.00038588294410146773, 0.47640544176101685, 0.43394625186920166, -0.004387331660836935, 0.503241777420044, 0.6175797581672668, 0.0002858105581253767, 0.5193453431129456, 0.5574049353599548, -0.0030393945053219795, 0.5304980874061584, 0.5204353332519531, -0.0032873486634343863, 0.5407058596611023, 0.4871414303779602, -0.00393424229696393]",[]
"[0.473273903131485, 0.8054102659225464, 1.6285065385091002e-07, 0.3910086154937744, 0.7671236395835876, -0.003428448922932148, 0.33946099877357483, 0.6753231883049011, 0.0014113078359514475, 0.3059178590774536, 0.5997102856636047, 0.005002143792808056, 0.27688366174697876, 0.5520702600479126, 0.009295868687331676, 0.3822317123413086, 0.5791006088256836, 0.0263462383300066, 0.36524927616119385, 0.5070071220397949, 0.030707482248544693, 0.35825595259666443, 0.47190096974372864, 0.027834627777338028, 0.35177847743034363, 0.4425009489059448, 0.02407965250313282, 0.42643502354621887, 0.5742998719215393, 0.02298608422279358, 0.42324504256248474, 0.4872684180736542, 0.031548988074064255, 0.42143890261650085, 0.4389075040817261, 0.026928776875138283, 0.42220568656921387, 0.4008575677871704, 0.020910225808620453, 0.4655545651912689, 0.5892274379730225, 0.01676165498793125, 0.4710095524787903, 0.5079969167709351, 0.017505524680018425, 0.4726109802722931, 0.46416008472442627, 0.012005861848592758, 0.4747471511363983, 0.4292140603065491, 0.0067109717056155205, 0.5024219155311584, 0.616239070892334, 0.010017498396337032, 0.5198555588722229, 0.5566180944442749, 0.010181503370404243, 0.530610978603363, 0.5187407732009888, 0.010455570183694363, 0.5394675731658936, 0.48500218987464905, 0.009798502549529076]",[]
[],"[0.4188508689403534, 0.8564314246177673, 4.0137067003342963e-07, 0.4799908399581909, 0.8209594488143921, -0.024165932089090347, 0.5073710680007935, 0.7598795294761658, -0.037960413843393326, 0.5139040350914001, 0.7074606418609619, -0.05138981342315674, 0.5159487724304199, 0.658735990524292, -0.06507488340139389, 0.45742887258529663, 0.6257256269454956, -0.01595071516931057, 0.4459758698940277, 0.5403298139572144, -0.031234191730618477, 0.4397508502006531, 0.4826592206954956, -0.04559892788529396, 0.4352741837501526, 0.4358590543270111, -0.05647163465619087, 0.41692692041397095, 0.622695803642273, -0.01616574451327324, 0.40916332602500916, 0.531662106513977, -0.027962077409029007, 0.4077947437763214, 0.47518566250801086, -0.03990928456187248, 0.4086923897266388, 0.4313877820968628, -0.04866136610507965, 0.37795230746269226, 0.6426980495452881, -0.01953764818608761, 0.36147692799568176, 0.5613979697227478, -0.02990058809518814, 0.35708165168762207, 0.5084389448165894, -0.03701961040496826, 0.356604665517807, 0.46478158235549927, -0.04261374473571777, 0.3398156762123108, 0.6817708611488342, -0.02548239380121231, 0.3160804808139801, 0.6279035210609436, -0.03649160638451576, 0.3036585748195648, 0.591259777545929, -0.04001340642571449, 0.29593372344970703, 0.5609365701675415, -0.04146816208958626]"
"[0.4596516191959381, 0.9313476085662842, 5.188092586649873e-07, 0.369992196559906, 0.9308464527130127, -0.01805218681693077, 0.3014025092124939, 0.8621520400047302, -0.02785106562077999, 0.2596086859703064, 0.7909172773361206, -0.03406739607453346, 0.22219811379909515, 0.7484386563301086, -0.04030165076255798, 0.3417764902114868, 0.735832929611206, -0.03411424532532692, 0.30875587463378906, 0.6329367756843567, -0.04845036566257477, 0.2846519947052002, 0.583675742149353, -0.05618482828140259, 0.2646200656890869, 0.5471224188804626, -0.06085899844765663, 0.38981112837791443, 0.7145987153053284, -0.03576686978340149, 0.37843456864356995, 0.5757363438606262, -0.04810328409075737, 0.3705388605594635, 0.48289188742637634, -0.05755811557173729, 0.36666393280029297, 0.4091862738132477, -0.06441522389650345, 0.432148277759552, 0.7244154214859009, -0.03802883252501488, 0.4291471540927887, 0.6209385991096497, -0.05503661558032036, 0.42659544944763184, 0.5594502091407776, -0.0676359087228775, 0.4253612756729126, 0.5121994018554688, -0.0754590705037117, 0.4715293049812317, 0.7516806125640869, -0.04033619537949562, 0.4901101589202881, 0.6881014108657837, -0.05816607549786568, 0.5049831867218018, 0.6491578817367554, -0.06430719792842865, 0.5158891081809998, 0.6155162453651428, -0.06692495197057724]",[]
"[0.4596765637397766, 0.9654815196990967, 5.099937538943777e-07, 0.3715093731880188, 0.9568868279457092, -0.025000551715493202, 0.30177146196365356, 0.8887852430343628, -0.039408959448337555, 0.2571461498737335, 0.8145612478256226, -0.04897451773285866, 0.2170208990573883, 0.7696396708488464, -0.058394379913806915, 0.344504177570343, 0.7596043944358826, -0.0451362282037735, 0.31173616647720337, 0.6446632742881775, -0.06510116159915924, 0.28720465302467346, 0.5860083699226379, -0.07607728242874146, 0.264870285987854, 0.5407372713088989, -0.08300118148326874, 0.3940277099609375, 0.7403629422187805, -0.046541620045900345, 0.3769294321537018, 0.5966114401817322, -0.06515517085790634, 0.3629935085773468, 0.5029227137565613, -0.07869651168584824, 0.3524496257305145, 0.4285329282283783, -0.08823079615831375, 0.43763524293899536, 0.752684473991394, -0.048827916383743286, 0.434729665517807, 0.6392077207565308, -0.07144108414649963, 0.4300430417060852, 0.5687119960784912, -0.08786333352327347, 0.4244271218776703, 0.5116677284240723, -0.09824446588754654, 0.47687503695487976, 0.784564733505249, -0.051478102803230286, 0.4945771098136902, 0.7181816697120667, -0.07471290975809097, 0.5060334205627441, 0.6766573786735535, -0.08438348770141602, 0.5124556422233582, 0.6387305855751038, -0.08936642855405807]",[]
"[0.4704969525337219, 0.9438784122467041, 3.185990067322564e-07, 0.3826679587364197, 0.9332023859024048, -0.02030683122575283, 0.31417179107666016, 0.8611958026885986, -0.030631525442004204, 0.2704486846923828, 0.7917075157165527, -0.03808978572487831, 0.23207055032253265, 0.7516844272613525, -0.04550962522625923, 0.35478150844573975, 0.7423907518386841, -0.02630198374390602, 0.3241080045700073, 0.6468031406402588, -0.041359953582286835, 0.3030128479003906, 0.5990634560585022, -0.05219176784157753, 0.284160852432251, 0.5636740326881409, -0.059461601078510284, 0.4003162384033203, 0.7221723198890686, -0.02914307825267315, 0.38068467378616333, 0.5957556366920471, -0.03913620859384537, 0.36595040559768677, 0.5193130373954773, -0.04876537248492241, 0.35556697845458984, 0.45898470282554626, -0.056625474244356155, 0.4428231120109558, 0.7314566373825073, -0.03410547971725464, 0.43947479128837585, 0.6248207688331604, -0.049393001943826675, 0.4372806251049042, 0.5623016357421875, -0.06189242750406265, 0.4355640709400177, 0.5112760663032532, -0.07097849994897842, 0.481764018535614, 0.7599419951438904, -0.03994589298963547, 0.4971563518047333, 0.6994330286979675, -0.056983161717653275, 0.5078396201133728, 0.6640028953552246, -0.06308428198099136, 0.5159994959831238, 0.6341584324836731, -0.0664786621928215]",[]
"[0.46959245204925537, 0.944396436214447, 3.247455993005133e-07, 0.3823007643222809, 0.9336673021316528, -0.020262062549591064, 0.31371867656707764, 0.861370325088501, -0.03063461184501648, 0.27020493149757385, 0.7917957305908203, -0.03819398209452629, 0.23215313255786896, 0.7512997984886169, -0.045737337321043015, 0.35473695397377014, 0.7421861886978149, -0.02669854834675789, 0.32425951957702637, 0.6464366912841797, -0.04208995774388313, 0.30339187383651733, 0.5989172458648682, -0.05318878963589668, 0.2848362326622009, 0.5636208653450012, -0.060627058148384094, 0.40058887004852295, 0.7218595743179321, -0.02963384985923767, 0.38218700885772705, 0.5955541133880615, -0.039870548993349075, 0.3685239553451538, 0.5183315277099609, -0.049811121076345444, 0.35924336314201355, 0.4572618007659912, -0.05791516602039337, 0.44329115748405457, 0.7312427759170532, -0.03466539829969406, 0.44055044651031494, 0.6254342794418335, -0.05017383024096489, 0.4394434690475464, 0.5631420612335205, -0.06288495659828186, 0.438886821269989, 0.5124361515045166, -0.07207394391298294, 0.48250049352645874, 0.759797215461731, -0.04055709391832352, 0.4979883134365082, 0.7005453705787659, -0.05778523162007332, 0.5090905427932739, 0.6660838723182678, -0.06391987204551697, 0.517829179763794, 0.6372891664505005, -0.06727312505245209]",[]
"[0.47746706008911133, 0.911425769329071, 3.7403458463813877e-07, 0.3985428810119629, 0.8918618559837341, -0.01636642776429653, 0.3371933698654175, 0.8141790628433228, -0.023060791194438934, 0.3007943630218506, 0.7452621459960938, -0.027628103271126747, 0.2697613835334778, 0.6977375149726868, -0.03141047805547714, 0.37194550037384033, 0.7133084535598755, -0.020745692774653435, 0.3526972532272339, 0.6062279343605042, -0.03171766921877861, 0.3422216475009918, 0.5484368801116943, -0.03820892795920372, 0.33268314599990845, 0.5028988122940063, -0.04279980808496475, 0.41635003685951233, 0.7009673118591309, -0.022910481318831444, 0.41492584347724915, 0.5806940793991089, -0.030655136331915855, 0.41412338614463806, 0.5109258890151978, -0.037315718829631805, 0.4148035943508148, 0.45515668392181396, -0.042352598160505295, 0.4567471742630005, 0.7139196395874023, -0.026785211637616158, 0.4653970003128052, 0.6181521415710449, -0.038721390068531036, 0.4777054786682129, 0.5639996528625488, -0.045891888439655304, 0.4899541139602661, 0.5159720182418823, -0.05044463276863098, 0.49419209361076355, 0.7424404621124268, -0.03132420778274536, 0.5125268697738647, 0.6828718781471252, -0.04375750944018364, 0.5260274410247803, 0.6487826704978943, -0.04567833989858627, 0.538272500038147, 0.6184173822402954, -0.045672494918107986]",[]
"[0.4873885214328766, 0.8464517593383789, 1.690403195198087e-07, 0.4080951511859894, 0.8068395853042603, -0.008815287612378597, 0.3554741144180298, 0.7186893820762634, -0.00753371138125658, 0.32420921325683594, 0.6437764763832092, -0.005518415942788124, 0.2951406240463257, 0.5976830124855042, -0.0021977354772388935, 0.4081547260284424, 0.6289374232292175, 0.005244193132966757, 0.3877893388271332, 0.5544771552085876, 0.002967614447697997, 0.37780630588531494, 0.5208337306976318, -0.0009026131592690945, 0.3694326877593994, 0.4960184693336487, -0.004299499094486237, 0.4534907341003418, 0.620046079158783, 0.003180613974109292, 0.45003166794776917, 0.5277792811393738, 0.005525301676243544, 0.4450923800468445, 0.4791053831577301, 0.0013795512495562434, 0.44124117493629456, 0.44192808866500854, -0.0035355384461581707, 0.49251338839530945, 0.6338399648666382, -0.001199985621497035, 0.49967390298843384, 0.5541827082633972, -0.005871903616935015, 0.4988608956336975, 0.5061310529708862, -0.012317437678575516, 0.4985138177871704, 0.4681292176246643, -0.017841940745711327, 0.5290132761001587, 0.6607909202575684, -0.006090022157877684, 0.5528193116188049, 0.6092855334281921, -0.011966580525040627, 0.5641703009605408, 0.5724218487739563, -0.01411309465765953, 0.5724841356277466, 0.5395128726959229, -0.01567740924656391]",[]
"[0.5059382915496826, 0.846083402633667, 2.3343878297055198e-07, 0.41702568531036377, 0.8168853521347046, -0.0032942667603492737, 0.36404815316200256, 0.7267600893974304, 0.004232823848724365, 0.33545076847076416, 0.6439595222473145, 0.011771060526371002, 0.3071967661380768, 0.5994959473609924, 0.020487047731876373, 0.41881728172302246, 0.6292985677719116, 0.025531044229865074, 0.40509358048439026, 0.5525705814361572, 0.03759216517210007, 0.40029677748680115, 0.5172354578971863, 0.04208066314458847, 0.397102952003479, 0.49076759815216064, 0.043181661516427994, 0.46595701575279236, 0.6218350529670715, 0.024742716923356056, 0.4640342593193054, 0.5303260087966919, 0.03956642746925354, 0.4605642557144165, 0.4782021641731262, 0.039906006306409836, 0.46027639508247375, 0.43856680393218994, 0.037534378468990326, 0.5052830576896667, 0.6379676461219788, 0.02172350138425827, 0.511519730091095, 0.5528506636619568, 0.02661105804145336, 0.5121585130691528, 0.503244936466217, 0.02133128046989441, 0.5138319134712219, 0.4630202054977417, 0.015843572095036507, 0.5414561629295349, 0.6678785681724548, 0.018637757748365402, 0.5638715028762817, 0.6149595379829407, 0.02079433761537075, 0.5747448205947876, 0.5772433876991272, 0.020967960357666016, 0.583495020866394, 0.5431714057922363, 0.02013099379837513]",[]
"[0.5134488344192505, 0.8886446952819824, 1.7445402988869319e-07, 0.4256683886051178, 0.859804630279541, -0.009468471631407738, 0.37049221992492676, 0.7704324722290039, -0.007671566214412451, 0.3374716639518738, 0.6882485151290894, -0.005713288672268391, 0.3086145520210266, 0.636193037033081, -0.002538320142775774, 0.4185541868209839, 0.6647980809211731, 0.01883961446583271, 0.4028155207633972, 0.5873251557350159, 0.023239515721797943, 0.39734137058258057, 0.5539684891700745, 0.0210917629301548, 0.3931589722633362, 0.5282877683639526, 0.017694372683763504, 0.4640084207057953, 0.6567323207855225, 0.017542481422424316, 0.4579037129878998, 0.5666761994361877, 0.026780031621456146, 0.45407456159591675, 0.5163047909736633, 0.022774681448936462, 0.45471179485321045, 0.47617149353027344, 0.01689288765192032, 0.5036840438842773, 0.6705805659294128, 0.013036166317760944, 0.5060720443725586, 0.5863324403762817, 0.012835878878831863, 0.5089780688285828, 0.5365741848945618, 0.005302473437041044, 0.5136513710021973, 0.4952965974807739, -0.0019210738828405738, 0.5409682393074036, 0.6971437931060791, 0.007682217285037041, 0.5585101842880249, 0.6431307792663574, 0.00463437894359231, 0.5697644352912903, 0.6070417761802673, 0.002439269330352545, 0.5803462862968445, 0.5730181932449341, -2.3005923139862716e-05]",[]
"[0.5137946009635925, 0.8871322274208069, 1.7424142129129905e-07, 0.4265711009502411, 0.8589171767234802, -0.010373272001743317, 0.37086212635040283, 0.7701194286346436, -0.009181924164295197, 0.33751773834228516, 0.6887928247451782, -0.007668950594961643, 0.3087292015552521, 0.6369915008544922, -0.004949546419084072, 0.4191529154777527, 0.6660025119781494, 0.015684949234128, 0.40326976776123047, 0.5898400545120239, 0.018330972641706467, 0.39728212356567383, 0.5553097128868103, 0.015350149013102055, 0.3923790454864502, 0.5279560089111328, 0.011385428719222546, 0.4637627601623535, 0.6573371887207031, 0.014156848192214966, 0.45728209614753723, 0.5667715072631836, 0.02110837958753109, 0.45329853892326355, 0.5154261589050293, 0.016326764598488808, 0.4535829424858093, 0.4743685722351074, 0.010140030644834042, 0.503204345703125, 0.6706631183624268, 0.009418915957212448, 0.505217432975769, 0.586502730846405, 0.007055557798594236, 0.5084206461906433, 0.5360799431800842, -0.0013385505881160498, 0.5134679079055786, 0.4937930107116699, -0.00887494906783104, 0.5404564738273621, 0.6967319846153259, 0.003836476244032383, 0.558526873588562, 0.6427807211875916, -0.0013316628756001592, 0.570361852645874, 0.6065508127212524, -0.00464398181065917, 0.5815925598144531, 0.5722423791885376, -0.007673894055187702]",[]
"[0.5324890613555908, 0.9478338956832886, 1.7450440736865858e-07, 0.47309887409210205, 0.9093226194381714, -0.00885175634175539, 0.4315173029899597, 0.8379799723625183, -0.01424897089600563, 0.40942874550819397, 0.7772558331489563, -0.01958802528679371, 0.3934589922428131, 0.7256654500961304, -0.023346038535237312, 0.43551841378211975, 0.7267836332321167, -0.005038911942392588, 0.4196450412273407, 0.6378187537193298, -0.014298027381300926, 0.413870245218277, 0.5850720405578613, -0.02308119460940361, 0.4112511873245239, 0.5421029925346375, -0.02943423017859459, 0.46981772780418396, 0.7192500233650208, -0.009605015628039837, 0.46101832389831543, 0.6154133677482605, -0.015527939423918724, 0.4585816264152527, 0.5551942586898804, -0.021761493757367134, 0.4590923488140106, 0.5087593793869019, -0.026623578742146492, 0.5058350563049316, 0.7285211086273193, -0.016129273921251297, 0.5048986077308655, 0.6301155090332031, -0.02270573377609253, 0.5060268044471741, 0.5744962692260742, -0.02686501294374466, 0.5076959133148193, 0.5305675864219666, -0.030094126239418983, 0.5424359440803528, 0.7535548806190491, -0.023702533915638924, 0.5538845658302307, 0.6802141666412354, -0.029488740488886833, 0.5589855313301086, 0.6355317831039429, -0.029336147010326385, 0.5642131567001343, 0.5989534854888916, -0.02828141860663891]",[]
"[0.4796132743358612, 1.0303648710250854, 4.5404092929857143e-07, 0.43288934230804443, 1.0170222520828247, -0.012615264393389225, 0.3866880536079407, 0.9616841077804565, -0.02286418341100216, 0.3444952964782715, 0.9126838445663452, -0.03172873705625534, 0.31597912311553955, 0.8665215969085693, -0.04002354294061661, 0.42360594868659973, 0.834370493888855, -0.019586525857448578, 0.4047493040561676, 0.7180877327919006, -0.02642069384455681, 0.39504438638687134, 0.6595755815505981, -0.02756342664361, 0.38981589674949646, 0.6108978986740112, -0.027979932725429535, 0.4362739026546478, 0.8030833601951599, -0.023194683715701103, 0.42669954895973206, 0.6460570096969604, -0.03480677679181099, 0.42356470227241516, 0.5538553595542908, -0.03702900931239128, 0.4235415756702423, 0.4848625063896179, -0.03574902564287186, 0.43945541977882385, 0.7974348068237305, -0.02856248803436756, 0.4021131992340088, 0.6584343314170837, -0.04335550218820572, 0.3766012489795685, 0.5776754021644592, -0.05159957334399223, 0.359155535697937, 0.5110000967979431, -0.05386160686612129, 0.4353431165218353, 0.8111010193824768, -0.0338280163705349, 0.3861387372016907, 0.7157937288284302, -0.04647174850106239, 0.3571861982345581, 0.6662037372589111, -0.0500631108880043, 0.338184654712677, 0.6257113218307495, -0.05016664043068886]",[]
"[0.49786120653152466, 1.0156426429748535, 4.106562130345992e-07, 0.4244838058948517, 1.017759919166565, -0.01946735568344593, 0.35641801357269287, 0.9782149791717529, -0.03253275528550148, 0.30323678255081177, 0.9357587099075317, -0.042885053902864456, 0.2681758403778076, 0.8890066146850586, -0.05386540666222572, 0.3848550319671631, 0.8381463289260864, -0.028956878930330276, 0.3421001434326172, 0.7269731760025024, -0.03864452987909317, 0.31681931018829346, 0.6676865816116333, -0.0434131883084774, 0.2978878319263458, 0.6232510805130005, -0.04716593399643898, 0.4296926259994507, 0.7952607870101929, -0.030714035034179688, 0.4047335088253021, 0.648867666721344, -0.038427483290433884, 0.3941071331501007, 0.5664435029029846, -0.04439361020922661, 0.3891953229904175, 0.5033353567123413, -0.04936676844954491, 0.472054660320282, 0.7837258577346802, -0.03434602916240692, 0.45264244079589844, 0.6431593894958496, -0.04834626987576485, 0.4405260384082794, 0.5635002851486206, -0.06095423176884651, 0.4309307336807251, 0.49485957622528076, -0.07003318518400192, 0.5112894177436829, 0.7918880581855774, -0.0379326269030571, 0.5123000741004944, 0.6992436647415161, -0.05392111837863922, 0.515592098236084, 0.6498504877090454, -0.06001667305827141, 0.5184723138809204, 0.6070156693458557, -0.06334428489208221]",[]
"[0.4986034333705902, 1.0451515913009644, 2.902918083691475e-07, 0.4291917681694031, 1.0110496282577515, -0.015062153339385986, 0.3701448440551758, 0.9489743709564209, -0.029373357072472572, 0.3233063817024231, 0.8967494964599609, -0.04272864758968353, 0.28936275839805603, 0.8509049415588379, -0.057325854897499084, 0.39896032214164734, 0.8320254683494568, -0.03315574675798416, 0.3570016622543335, 0.727364718914032, -0.053150102496147156, 0.3321847915649414, 0.6708493828773499, -0.06562607735395432, 0.31327024102211, 0.6301533579826355, -0.07403478771448135, 0.44411712884902954, 0.8218661546707153, -0.04202922061085701, 0.4145122468471527, 0.6819483041763306, -0.05599178001284599, 0.39844685792922974, 0.6050950884819031, -0.06666842103004456, 0.3881697654724121, 0.5439286231994629, -0.07485567778348923, 0.49033790826797485, 0.8419121503829956, -0.05241077020764351, 0.48461291193962097, 0.7129366993904114, -0.07134147733449936, 0.4851246774196625, 0.6437406539916992, -0.08503042906522751, 0.4851566553115845, 0.5822337865829468, -0.09544917941093445, 0.5330056548118591, 0.8828100562095642, -0.06261522322893143, 0.5526602268218994, 0.823586642742157, -0.08493639528751373, 0.568843424320221, 0.7838526964187622, -0.09324407577514648, 0.5821130275726318, 0.7443764805793762, -0.09788335859775543]",[]
"[0.5020564794540405, 1.0437755584716797, 2.8384334882503026e-07, 0.4316509962081909, 1.0116627216339111, -0.0153213981539011, 0.37102776765823364, 0.950017511844635, -0.02912330813705921, 0.32316258549690247, 0.8977286219596863, -0.041840407997369766, 0.2888730466365814, 0.852017343044281, -0.05555833876132965, 0.3992619812488556, 0.8304910063743591, -0.030738214030861855, 0.35647785663604736, 0.7260226607322693, -0.04946291446685791, 0.33146652579307556, 0.6694613695144653, -0.061483871191740036, 0.3128359913825989, 0.6291095018386841, -0.06956950575113297, 0.4437433183193207, 0.8186317086219788, -0.038618724793195724, 0.4138994812965393, 0.6800541877746582, -0.05114224925637245, 0.397610604763031, 0.6036041975021362, -0.0612577386200428, 0.3874005973339081, 0.5433254241943359, -0.06914956122636795, 0.4893453121185303, 0.8364317417144775, -0.048189640045166016, 0.48270589113235474, 0.7062337398529053, -0.06563270092010498, 0.48314112424850464, 0.6352757215499878, -0.07897139340639114, 0.4835527241230011, 0.5724071860313416, -0.08929789811372757, 0.5313947200775146, 0.8749896883964539, -0.05767637491226196, 0.549943745136261, 0.8133082985877991, -0.0787438452243805, 0.5657187700271606, 0.7728584408760071, -0.08668406307697296, 0.578972578048706, 0.7328887581825256, -0.0911581963300705]",[]
[],"[0.5117576718330383, 1.0449063777923584, 1.9124669847769837e-07, 0.4601641893386841, 0.9896346926689148, -0.013346140272915363, 0.4244954586029053, 0.9018767476081848, -0.02068796567618847, 0.40031108260154724, 0.8305284976959229, -0.026933690533041954, 0.37991440296173096, 0.7720859050750732, -0.0321677066385746, 0.44574180245399475, 0.798775851726532, -0.01945180632174015, 0.41967669129371643, 0.6840687990188599, -0.03495535999536514, 0.4040796756744385, 0.6161765456199646, -0.04564342275261879, 0.3918522000312805, 0.5670247077941895, -0.05269840732216835, 0.4817754030227661, 0.7897757887840271, -0.025360647588968277, 0.46589815616607666, 0.6615298390388489, -0.036392129957675934, 0.4601045250892639, 0.5866570472717285, -0.045408543199300766, 0.45788607001304626, 0.5296971797943115, -0.05119866132736206, 0.5190210342407227, 0.8063482642173767, -0.03298630937933922, 0.5227706432342529, 0.6934663653373718, -0.04556490480899811, 0.5339187383651733, 0.6291731595993042, -0.05322100594639778, 0.5452920794487, 0.574283242225647, -0.058789800852537155, 0.5534870624542236, 0.8458365797996521, -0.04140564799308777, 0.5700207352638245, 0.7862579226493835, -0.05461585521697998, 0.5820255875587463, 0.7495750188827515, -0.056478846818208694, 0.5934738516807556, 0.7194128036499023, -0.056090328842401505]"
"[0.5379135608673096, 0.9595756530761719, 1.0806294170606634e-07, 0.4502590000629425, 0.9165178537368774, -0.011472996324300766, 0.39361098408699036, 0.8224473595619202, -0.012431018985807896, 0.3590148091316223, 0.7341922521591187, -0.012308098375797272, 0.3295977711677551, 0.6741377711296082, -0.010810942389070988, 0.44965922832489014, 0.7233115434646606, 0.004758420400321484, 0.43343669176101685, 0.6284264326095581, 0.0021924367174506187, 0.42652037739753723, 0.584572970867157, -0.001891384250484407, 0.4209729731082916, 0.5490334033966064, -0.005946676712483168, 0.4969041645526886, 0.717689573764801, 0.0027370131574571133, 0.49270227551460266, 0.6072707176208496, 0.0029552988708019257, 0.4887189269065857, 0.5466690063476562, -0.002227930584922433, 0.48765870928764343, 0.4991346597671509, -0.007996155880391598, 0.5377848148345947, 0.7342904806137085, -0.0021719327196478844, 0.5432193875312805, 0.6332783102989197, -0.00870518945157528, 0.5482479929924011, 0.5757412314414978, -0.016899900510907173, 0.5529018640518188, 0.526013195514679, -0.02384299971163273, 0.5737070441246033, 0.7651277184486389, -0.007692344486713409, 0.5918417572975159, 0.7020001411437988, -0.014734819531440735, 0.6033481955528259, 0.6612450480461121, -0.017994726076722145, 0.6141476631164551, 0.6221252679824829, -0.02091924473643303]",[]
"[0.5278018712997437, 1.0002856254577637, 1.5198854441678122e-07, 0.4400025010108948, 0.944784939289093, -0.0145428366959095, 0.3902067542076111, 0.843230128288269, -0.016479166224598885, 0.35882723331451416, 0.7525923848152161, -0.01711420901119709, 0.33067891001701355, 0.6899150609970093, -0.01606733910739422, 0.4470818340778351, 0.7422610521316528, 0.011346387676894665, 0.43488770723342896, 0.6452314853668213, 0.010306298732757568, 0.43049156665802, 0.6021468043327332, 0.0051927464082837105, 0.4268187880516052, 0.567703127861023, 0.0006804741569794714, 0.49675896763801575, 0.7408780455589294, 0.011922181583940983, 0.4969916045665741, 0.6300964951515198, 0.015248645097017288, 0.4958304166793823, 0.5719082355499268, 0.010341744869947433, 0.49800553917884827, 0.5264398455619812, 0.004790809936821461, 0.5387808084487915, 0.7593919634819031, 0.008769364096224308, 0.5466748476028442, 0.6567878723144531, 0.006612038239836693, 0.5533295273780823, 0.5989782214164734, 0.0006053511169739068, 0.560054361820221, 0.5512099266052246, -0.004875674843788147, 0.5752376914024353, 0.7923555970191956, 0.004160532262176275, 0.5941365957260132, 0.7205389142036438, 0.002816050313413143, 0.6056122779846191, 0.6783609986305237, 0.003449444891884923, 0.6149604320526123, 0.6400299668312073, 0.0031368297059088945]",[]
[],"[0.4809025228023529, 1.035507082939148, 3.086391870965599e-07, 0.5455498695373535, 1.0221645832061768, -0.016535034403204918, 0.5941365957260132, 0.9755352139472961, -0.029512066394090652, 0.6240909099578857, 0.9311898946762085, -0.04323381558060646, 0.6453972458839417, 0.8874838352203369, -0.056230295449495316, 0.5539054870605469, 0.8079880475997925, -0.003110463498160243, 0.543420135974884, 0.7017720937728882, -0.010463709942996502, 0.5346735119819641, 0.6376456618309021, -0.017708471044898033, 0.5277760028839111, 0.5926892161369324, -0.023029562085866928, 0.5106680989265442, 0.7896857261657715, -0.005543530452996492, 0.5002142786979675, 0.6735689043998718, -0.010438566096127033, 0.4946405291557312, 0.6127312779426575, -0.017027735710144043, 0.49030202627182007, 0.5674317479133606, -0.02161765657365322, 0.4696193337440491, 0.7884500026702881, -0.0104688610881567, 0.46394848823547363, 0.6820253133773804, -0.015002512373030186, 0.46463143825531006, 0.6242426633834839, -0.015789669007062912, 0.46531033515930176, 0.5802351236343384, -0.016496561467647552, 0.430032342672348, 0.8058936595916748, -0.017413608729839325, 0.4251861572265625, 0.7212930917739868, -0.020111672580242157, 0.42521411180496216, 0.674307107925415, -0.014554508030414581, 0.4274016320705414, 0.6387478113174438, -0.00938674807548523]"
[],"[0.49303942918777466, 1.0374757051467896, 2.1126602689491847e-07, 0.5313192009925842, 1.0128192901611328, -0.0005378264468163252, 0.5574724078178406, 0.9503199458122253, -0.0009454379905946553, 0.5722832083702087, 0.8963077664375305, -0.004167160950601101, 0.5809733867645264, 0.8472315073013306, -0.0064401645213365555, 0.5225733518600464, 0.8031577467918396, 0.02233545109629631, 0.5075748562812805, 0.6954146027565002, 0.024709822610020638, 0.4973163604736328, 0.6361783742904663, 0.02263311669230461, 0.489888995885849, 0.5926582217216492, 0.02042911946773529, 0.5037913918495178, 0.7880403995513916, 0.016354914754629135, 0.4968479871749878, 0.6717256903648376, 0.019346943125128746, 0.4912172257900238, 0.610822319984436, 0.01449117623269558, 0.4884054958820343, 0.5634583234786987, 0.010839656926691532, 0.48823899030685425, 0.78902667760849, 0.00875912606716156, 0.49228912591934204, 0.6797771453857422, 0.01042555458843708, 0.4963377118110657, 0.621322512626648, 0.009729108773171902, 0.5002415180206299, 0.5754867792129517, 0.008645261637866497, 0.47488319873809814, 0.8097480535507202, 0.000481496041174978, 0.4879295229911804, 0.7232121825218201, 0.0038628194015473127, 0.49608027935028076, 0.6756340265274048, 0.011023418046534061, 0.5052686333656311, 0.6392202973365784, 0.016686301678419113]"
"[0.49137404561042786, 1.0926392078399658, 3.386017226603144e-07, 0.43638846278190613, 1.0467119216918945, -0.015169858932495117, 0.3889528214931488, 0.9556896090507507, -0.023207057267427444, 0.3456869423389435, 0.8842554092407227, -0.029752979055047035, 0.3165961802005768, 0.828331708908081, -0.03609422594308853, 0.4307419955730438, 0.8457353115081787, -0.01591300591826439, 0.40448495745658875, 0.7235540747642517, -0.02513093128800392, 0.3912903666496277, 0.6575976014137268, -0.030715780332684517, 0.38387683033943176, 0.6096291542053223, -0.03382285684347153, 0.47147423028945923, 0.8361135721206665, -0.01668839529156685, 0.46967390179634094, 0.6951502561569214, -0.022946706041693687, 0.47185102105140686, 0.6126682162284851, -0.028876356780529022, 0.4764752686023712, 0.551508367061615, -0.03270994499325752, 0.5087500214576721, 0.850599467754364, -0.01953417994081974, 0.5137678980827332, 0.7324721813201904, -0.0274826567620039, 0.5184118151664734, 0.6695593595504761, -0.03464725613594055, 0.5246084928512573, 0.61844801902771, -0.03931790962815285, 0.540408194065094, 0.8833234310150146, -0.02296149916946888, 0.5520164966583252, 0.802921712398529, -0.03061535395681858, 0.5607059597969055, 0.7589328289031982, -0.03224803879857063, 0.5708165168762207, 0.7220929265022278, -0.03218037262558937]",[]
"[0.5044209957122803, 1.0862855911254883, 2.982294233788707e-07, 0.44368669390678406, 1.0497589111328125, -0.01968752034008503, 0.3960283696651459, 0.9866432547569275, -0.03985150158405304, 0.35144636034965515, 0.9345143437385559, -0.0591057687997818, 0.312951922416687, 0.8929829597473145, -0.07983686029911041, 0.43755730986595154, 0.8703439235687256, -0.04167316108942032, 0.40627485513687134, 0.7494632601737976, -0.06492877006530762, 0.38960155844688416, 0.6864799857139587, -0.0798276960849762, 0.3783746063709259, 0.6399943828582764, -0.08974051475524902, 0.4859180450439453, 0.8650518655776978, -0.0481092743575573, 0.4768441915512085, 0.7133205533027649, -0.0631643682718277, 0.4767730236053467, 0.6242853403091431, -0.0724303349852562, 0.47793829441070557, 0.557637631893158, -0.08029347658157349, 0.5312448143959045, 0.8942904472351074, -0.056586772203445435, 0.533585250377655, 0.7751160264015198, -0.07371529936790466, 0.5344234108924866, 0.7108743190765381, -0.08474888652563095, 0.5343742370605469, 0.6571460366249084, -0.09315791726112366, 0.572129487991333, 0.9443322420120239, -0.06594646722078323, 0.5976308584213257, 0.8848460912704468, -0.08501926809549332, 0.613952100276947, 0.8429650068283081, -0.09280642867088318, 0.6277110576629639, 0.8012722134590149, -0.09746488183736801]",[]
"[0.5148962736129761, 1.0887126922607422, 2.585069864835532e-07, 0.4539240002632141, 1.034447431564331, -0.015334504656493664, 0.4119027554988861, 0.942104697227478, -0.01995249092578888, 0.3750445246696472, 0.8699658513069153, -0.02299189195036888, 0.3491262197494507, 0.8117296695709229, -0.025927117094397545, 0.4620707333087921, 0.8318408131599426, -0.008396614342927933, 0.44158536195755005, 0.7131829857826233, -0.014514434151351452, 0.4325225353240967, 0.6451433300971985, -0.019571227952837944, 0.42611533403396606, 0.5975567698478699, -0.023189395666122437, 0.502530574798584, 0.8342446684837341, -0.009012643247842789, 0.4997529983520508, 0.704453706741333, -0.00892049353569746, 0.49993062019348145, 0.6359901428222656, -0.012920153327286243, 0.5013866424560547, 0.5862429738044739, -0.01623142696917057, 0.5410873293876648, 0.8630872964859009, -0.012327177450060844, 0.5510412454605103, 0.753824770450592, -0.016395829617977142, 0.5613290071487427, 0.6983802318572998, -0.022802866995334625, 0.5719981789588928, 0.6510998010635376, -0.028217660263180733, 0.5758598446846008, 0.9100876450538635, -0.016637463122606277, 0.5947372913360596, 0.8478262424468994, -0.02506997250020504, 0.6068393588066101, 0.8100942373275757, -0.027630433440208435, 0.6173169612884521, 0.7761052846908569, -0.028363587334752083]",[]
"[0.517967164516449, 1.0277657508850098, 1.1049596793100136e-07, 0.5295695662498474, 1.0050599575042725, -0.01477200910449028, 0.5366288423538208, 0.9399756789207458, -0.022376615554094315, 0.5355139970779419, 0.8886339664459229, -0.03020201250910759, 0.5340381264686584, 0.8404584527015686, -0.03668934106826782, 0.54575115442276, 0.8084709048271179, 0.0003212025039829314, 0.5573122501373291, 0.7201598882675171, -0.005455534439533949, 0.5612068176269531, 0.6723003387451172, -0.012195332907140255, 0.5634886622428894, 0.6357841491699219, -0.017069991677999496, 0.5396589040756226, 0.7963274121284485, -0.001341494731605053, 0.5466980934143066, 0.6925538182258606, -0.005098795983940363, 0.5477708578109741, 0.6394771337509155, -0.009625991806387901, 0.550888180732727, 0.5976080894470215, -0.012607455253601074, 0.531945526599884, 0.7985871434211731, -0.005906080827116966, 0.5409488081932068, 0.701483428478241, -0.009425301104784012, 0.5455885529518127, 0.6547868847846985, -0.008350416086614132, 0.5525524020195007, 0.6161981225013733, -0.007598354946821928, 0.5205854177474976, 0.8190366625785828, -0.01280116941779852, 0.5259600281715393, 0.7415462732315063, -0.014100953005254269, 0.5293194055557251, 0.6957501173019409, -0.008902362547814846, 0.5360860228538513, 0.6590025424957275, -0.0045811571180820465]",[]
"[0.5652478933334351, 1.010486364364624, 1.5621282045685803e-07, 0.48177897930145264, 0.953898012638092, -0.015398693270981312, 0.4359237551689148, 0.8475393056869507, -0.01948433183133602, 0.40576499700546265, 0.7503772974014282, -0.021421005949378014, 0.3803691565990448, 0.6816226243972778, -0.02138350158929825, 0.4986115097999573, 0.7413022518157959, -0.00023500274983234704, 0.48986825346946716, 0.6368458867073059, -0.0027053356170654297, 0.4840206801891327, 0.5912785530090332, -0.006049359682947397, 0.4796787202358246, 0.5645685195922852, -0.008305920287966728, 0.5460723042488098, 0.745453953742981, 0.0008348359842784703, 0.5470085144042969, 0.6293328404426575, 0.003689111676067114, 0.5458170771598816, 0.5657796263694763, 0.0004949976573698223, 0.5477766394615173, 0.5190202593803406, -0.003498899983242154, 0.5856861472129822, 0.769538164138794, -0.0010047747055068612, 0.5954605340957642, 0.665500283241272, -0.004454160109162331, 0.6031346917152405, 0.6058202385902405, -0.011053151451051235, 0.6099203824996948, 0.5582133531570435, -0.016697978600859642, 0.6189270615577698, 0.8077788949012756, -0.0038731335662305355, 0.641103982925415, 0.7412869930267334, -0.007743477821350098, 0.65583735704422, 0.7005152106285095, -0.00896592065691948, 0.6684802770614624, 0.6642064452171326, -0.010118681937456131]",[]
"[0.5466976165771484, 1.0542151927947998, 2.7322323603584664e-07, 0.5087057948112488, 1.0326215028762817, -0.028373852372169495, 0.4938865602016449, 0.9616687893867493, -0.04045196622610092, 0.49691611528396606, 0.8912453651428223, -0.04825994744896889, 0.5075588226318359, 0.8258754014968872, -0.052970755845308304, 0.5127003192901611, 0.7936800122261047, 0.001143890549428761, 0.5054983496665955, 0.6832717061042786, 0.005471955053508282, 0.5037398338317871, 0.6259448528289795, 0.0049962569028139114, 0.503532886505127, 0.5841392874717712, 0.003331368090584874, 0.5479336977005005, 0.787526547908783, 0.009758793748915195, 0.5493313670158386, 0.6739568710327148, 0.01627342402935028, 0.5486446022987366, 0.6119866371154785, 0.014029476791620255, 0.5529072880744934, 0.5659661293029785, 0.011370385996997356, 0.5769170522689819, 0.7962464690208435, 0.014352756552398205, 0.5849525928497314, 0.6883519887924194, 0.016878338530659676, 0.5857957601547241, 0.6294219493865967, 0.015870103612542152, 0.5890707969665527, 0.5821609497070312, 0.014751188457012177, 0.6004769802093506, 0.8201895356178284, 0.015999475494027138, 0.6135804057121277, 0.731980562210083, 0.01843039132654667, 0.6183956861495972, 0.6815608739852905, 0.02267276495695114, 0.6238802671432495, 0.6418431997299194, 0.02621588110923767]",[]
"[0.521514356136322, 1.0689661502838135, 1.9912474158445548e-07, 0.5040042400360107, 1.0091441869735718, -0.011228599585592747, 0.5096160173416138, 0.9244962930679321, -0.019212549552321434, 0.5232314467430115, 0.8499054908752441, -0.0263742133975029, 0.5291597843170166, 0.7881875038146973, -0.03278572857379913, 0.5078546404838562, 0.8253668546676636, -0.020757809281349182, 0.4970782995223999, 0.6931887865066528, -0.036228492856025696, 0.49396437406539917, 0.6211254596710205, -0.045425716787576675, 0.49358484148979187, 0.5666651725769043, -0.05102447047829628, 0.5401360392570496, 0.8242579698562622, -0.027403060346841812, 0.5415405035018921, 0.6896400451660156, -0.04036670923233032, 0.5435393452644348, 0.6103239059448242, -0.05052947252988815, 0.5459743738174438, 0.5516334772109985, -0.056911613792181015, 0.5708484649658203, 0.8452426195144653, -0.035136040300130844, 0.5880148410797119, 0.726525604724884, -0.049402762204408646, 0.6008796691894531, 0.6579871773719788, -0.05753769725561142, 0.6125593185424805, 0.6049283146858215, -0.06263411045074463, 0.5984770059585571, 0.8848032355308533, -0.043387629091739655, 0.6201900243759155, 0.8061538338661194, -0.05710512772202492, 0.6322280764579773, 0.7583299875259399, -0.059325169771909714, 0.6435477137565613, 0.7215772867202759, -0.058987122029066086]",[]
"[0.5125478506088257, 1.0690748691558838, 2.3774826729550114e-07, 0.5155008435249329, 1.0197076797485352, -0.011060899123549461, 0.5396304726600647, 0.9450602531433105, -0.019049737602472305, 0.5699751973152161, 0.8811905384063721, -0.02654513157904148, 0.5882251262664795, 0.8277993202209473, -0.03325090557336807, 0.518764853477478, 0.8273257613182068, -0.016987375915050507, 0.5082225203514099, 0.6942564845085144, -0.03070991486310959, 0.5045440196990967, 0.6229777336120605, -0.038985881954431534, 0.5032477378845215, 0.5696874856948853, -0.0439198836684227, 0.5433208346366882, 0.8229764103889465, -0.023055212572216988, 0.545109748840332, 0.688301146030426, -0.03497585281729698, 0.5467795729637146, 0.6091418266296387, -0.045061226934194565, 0.5489147901535034, 0.5511155128479004, -0.0511644221842289, 0.5670300722122192, 0.8435392379760742, -0.030097410082817078, 0.5841659903526306, 0.7249235510826111, -0.04341798275709152, 0.5956273078918457, 0.6584885120391846, -0.051038119941949844, 0.6059480905532837, 0.6082606315612793, -0.05531837046146393, 0.5886936187744141, 0.8843623995780945, -0.03763999417424202, 0.6126224994659424, 0.8056931495666504, -0.05007040128111839, 0.6260071992874146, 0.7582345008850098, -0.05094999447464943, 0.6383596062660217, 0.7220285534858704, -0.04935074225068092]",[]
"[0.5219857096672058, 1.0769418478012085, 3.9436108068002795e-07, 0.4700550138950348, 1.0489511489868164, -0.024211054667830467, 0.4272899329662323, 0.9839465022087097, -0.04430048540234566, 0.38649168610572815, 0.9278139472007751, -0.06196734309196472, 0.3578864336013794, 0.8769712448120117, -0.08062995970249176, 0.46234846115112305, 0.8648212552070618, -0.04389480501413345, 0.43175095319747925, 0.7444237470626831, -0.06685598194599152, 0.4142301678657532, 0.6820729374885559, -0.08138483017683029, 0.4032934308052063, 0.6361124515533447, -0.09031951427459717, 0.5035887956619263, 0.8488194942474365, -0.04724054038524628, 0.49936577677726746, 0.6921720504760742, -0.06682047247886658, 0.5035029649734497, 0.5970575213432312, -0.07955147325992584, 0.5110083222389221, 0.5255700349807739, -0.08750775456428528, 0.5416027903556824, 0.8635451197624207, -0.05251476541161537, 0.546783983707428, 0.7351084351539612, -0.0734105035662651, 0.554009735584259, 0.6691132187843323, -0.08577359467744827, 0.5632986426353455, 0.6147182583808899, -0.09274930506944656, 0.5738792419433594, 0.8978185057640076, -0.05848586931824684, 0.586629331111908, 0.8202112317085266, -0.07772854715585709, 0.5986640453338623, 0.7786080837249756, -0.08253337442874908, 0.6121242046356201, 0.741720974445343, -0.08351681381464005]",[]
"[0.537188708782196, 1.0944056510925293, 3.3838134072539106e-07, 0.4751625657081604, 1.0592122077941895, -0.027027364820241928, 0.4246048927307129, 0.9906522035598755, -0.049654725939035416, 0.380703330039978, 0.9301390647888184, -0.06897932291030884, 0.3513375222682953, 0.8738000392913818, -0.0895044207572937, 0.46195653080940247, 0.8710139989852905, -0.0489073283970356, 0.4305197596549988, 0.7523543834686279, -0.07366524636745453, 0.4115898609161377, 0.6885232329368591, -0.09015795588493347, 0.40047481656074524, 0.6432120203971863, -0.10138528794050217, 0.510209321975708, 0.8618404865264893, -0.051879480481147766, 0.4951964020729065, 0.7104838490486145, -0.07094564288854599, 0.4896251857280731, 0.6178584098815918, -0.08381495624780655, 0.4884858727455139, 0.5478471517562866, -0.0934596136212349, 0.5563755035400391, 0.8832637667655945, -0.05715014412999153, 0.5529990196228027, 0.7404541969299316, -0.07825671136379242, 0.5508703589439392, 0.6553689241409302, -0.09170203655958176, 0.5529994368553162, 0.5824521780014038, -0.10140001773834229, 0.5975449085235596, 0.9253202080726624, -0.06323473155498505, 0.611747145652771, 0.8475550413131714, -0.08554240316152573, 0.6221061944961548, 0.7978602647781372, -0.0932631641626358, 0.6349377036094666, 0.7511327266693115, -0.09722767770290375]",[]
"[0.5493891835212708, 1.0790282487869263, 3.498041110105987e-07, 0.49429675936698914, 1.034998893737793, -0.01794137991964817, 0.4532618522644043, 0.9515255689620972, -0.028520621359348297, 0.4200098514556885, 0.8826544284820557, -0.03582397475838661, 0.39437374472618103, 0.8267056941986084, -0.04263325035572052, 0.49087849259376526, 0.8401318788528442, -0.033697403967380524, 0.46524232625961304, 0.7183892726898193, -0.04852960258722305, 0.45307207107543945, 0.6458112001419067, -0.055404551327228546, 0.44543081521987915, 0.5922634601593018, -0.05937321484088898, 0.5372933745384216, 0.8334745764732361, -0.036520686000585556, 0.5307734608650208, 0.6954023838043213, -0.051108766347169876, 0.5318137407302856, 0.6127063035964966, -0.059843216091394424, 0.5348908305168152, 0.5519372224807739, -0.06421773880720139, 0.577195942401886, 0.8562570810317993, -0.04012089967727661, 0.5897496938705444, 0.7422128319740295, -0.05684983730316162, 0.6058592200279236, 0.6739083528518677, -0.06546465307474136, 0.6212729215621948, 0.6181888580322266, -0.06953949481248856, 0.6093817353248596, 0.9009527564048767, -0.04387645050883293, 0.6265758275985718, 0.8309929966926575, -0.059680838137865067, 0.6363314390182495, 0.7931206822395325, -0.06143959239125252, 0.643376350402832, 0.764559268951416, -0.059752434492111206]",[]
[],"[0.5649080276489258, 1.0497304201126099, 1.0765854341343584e-07, 0.5013018846511841, 0.9957669973373413, -0.014035305939614773, 0.4574674367904663, 0.8959556818008423, -0.01953592523932457, 0.4306589961051941, 0.8154236078262329, -0.024307100102305412, 0.41287878155708313, 0.7508199214935303, -0.02817434072494507, 0.4989290237426758, 0.803528904914856, -0.009158077649772167, 0.4707442820072174, 0.7208909392356873, -0.022833017632365227, 0.4547770619392395, 0.6770178079605103, -0.0338054858148098, 0.44421231746673584, 0.6421176791191101, -0.0410863496363163, 0.5451866388320923, 0.7986032366752625, -0.014144331216812134, 0.5386286973953247, 0.6911283731460571, -0.022612497210502625, 0.5370655059814453, 0.6294937133789062, -0.03133377432823181, 0.5381388664245605, 0.5803799033164978, -0.037724800407886505, 0.5874390006065369, 0.818649411201477, -0.021806543692946434, 0.595310389995575, 0.724708080291748, -0.035302966833114624, 0.6057553291320801, 0.6709415912628174, -0.041744496673345566, 0.6152834296226501, 0.6241254806518555, -0.045379288494586945, 0.6234863996505737, 0.859190821647644, -0.03037155605852604, 0.6378266215324402, 0.7940592765808105, -0.04341672733426094, 0.646621584892273, 0.7527491450309753, -0.043940767645835876, 0.6540356874465942, 0.7174217104911804, -0.04269344359636307]"
[],"[0.5698045492172241, 1.0465465784072876, 1.1281690603937022e-07, 0.5044431686401367, 0.994594931602478, -0.014048553071916103, 0.4586455523967743, 0.8965104818344116, -0.019510837271809578, 0.43055710196495056, 0.8160973191261292, -0.0241257157176733, 0.41231465339660645, 0.7501210570335388, -0.027661778032779694, 0.4986684322357178, 0.8044770956039429, -0.010138538666069508, 0.47018763422966003, 0.7207777500152588, -0.02328488416969776, 0.45475995540618896, 0.6763062477111816, -0.03345295786857605, 0.4453408122062683, 0.6412051320075989, -0.04017356038093567, 0.5454046726226807, 0.7984837293624878, -0.014766925014555454, 0.5374910831451416, 0.6910613775253296, -0.02272285707294941, 0.5355972051620483, 0.6289471983909607, -0.03082171455025673, 0.5368912220001221, 0.5799591541290283, -0.03685468062758446, 0.5881978869438171, 0.8169713020324707, -0.021952414885163307, 0.5952625274658203, 0.7237501740455627, -0.03478945046663284, 0.6055154204368591, 0.669785737991333, -0.04083234444260597, 0.6151713132858276, 0.6232751607894897, -0.044346582144498825, 0.6248605251312256, 0.8560188412666321, -0.030016010627150536, 0.6388519406318665, 0.7922031879425049, -0.042582686990499496, 0.647322952747345, 0.7510132789611816, -0.043013036251068115, 0.6544692516326904, 0.7160620093345642, -0.04175090417265892]"
"[0.5863447189331055, 1.0107476711273193, 9.143705881342612e-08, 0.5012454390525818, 0.9568682909011841, -0.009403899312019348, 0.45148229598999023, 0.8546971678733826, -0.010277514345943928, 0.4208971858024597, 0.7617642879486084, -0.00967369880527258, 0.3982583284378052, 0.6951696276664734, -0.006668674293905497, 0.509466290473938, 0.7523489594459534, 0.004999171476811171, 0.4871290326118469, 0.6513699889183044, 0.0037814767565578222, 0.4761377274990082, 0.609135627746582, 0.002650021342560649, 0.46990883350372314, 0.5825537443161011, 0.002862520283088088, 0.5599372982978821, 0.7516148090362549, 0.005274065304547548, 0.5519910454750061, 0.6381542086601257, 0.00824838038533926, 0.5481868982315063, 0.5771687030792236, 0.008270243182778358, 0.5479764938354492, 0.5364335179328918, 0.008276269771158695, 0.603233814239502, 0.7720187902450562, 0.003197512123733759, 0.6067867875099182, 0.6711256504058838, 0.0016772330272942781, 0.6100311279296875, 0.6155972480773926, 0.00018486300541553646, 0.6115897297859192, 0.5749099850654602, -0.00028872914845123887, 0.6404448747634888, 0.8081851005554199, 0.0006427292246371508, 0.6551163196563721, 0.736629843711853, 0.001381935435347259, 0.6623777151107788, 0.6952629089355469, 0.005585459992289543, 0.6676192283630371, 0.6624770164489746, 0.009516576305031776]",[]
"[0.5514330267906189, 1.0595521926879883, 1.658292916317805e-07, 0.5195937156677246, 1.0331799983978271, -0.017029060050845146, 0.5177844762802124, 0.9735227823257446, -0.024990646168589592, 0.5326566696166992, 0.9159433245658875, -0.03093007206916809, 0.5464010834693909, 0.8614429235458374, -0.03410038724541664, 0.5194948315620422, 0.8061465620994568, -0.002325492911040783, 0.49629539251327515, 0.689419686794281, -0.00429214583709836, 0.4864262640476227, 0.6305015087127686, -0.006907259114086628, 0.48219406604766846, 0.5870830416679382, -0.00906493328511715, 0.5548151731491089, 0.7934644222259521, -0.0012160656042397022, 0.5534432530403137, 0.664372980594635, -0.0036638041492551565, 0.5530273914337158, 0.5939819812774658, -0.008877105079591274, 0.5540241003036499, 0.5429545044898987, -0.012420828454196453, 0.5846019983291626, 0.8018549084663391, -0.00266205333173275, 0.5987687706947327, 0.6876122951507568, -0.008462788537144661, 0.6044710874557495, 0.6245434880256653, -0.013501293025910854, 0.6086795330047607, 0.5742777585983276, -0.016146669164299965, 0.6078456044197083, 0.8294721245765686, -0.005320966709405184, 0.6317449808120728, 0.7423060536384583, -0.008887282572686672, 0.6421540379524231, 0.6949325203895569, -0.0058995396830141544, 0.6512728333473206, 0.6584827303886414, -0.0021726577542722225]",[]
"[0.5210571885108948, 1.0630669593811035, 3.319063921480847e-07, 0.545799195766449, 1.0244977474212646, -0.013793990947306156, 0.5764716863632202, 0.9501920342445374, -0.021093115210533142, 0.594776451587677, 0.8815872073173523, -0.02712162397801876, 0.6030861139297485, 0.8253222703933716, -0.03259429335594177, 0.5491679310798645, 0.8288508653640747, -0.020029865205287933, 0.5395967960357666, 0.6905271410942078, -0.032899342477321625, 0.5352184772491455, 0.6170539855957031, -0.03977235406637192, 0.5312895178794861, 0.5631926655769348, -0.043310027569532394, 0.5492913722991943, 0.8193904161453247, -0.023545464500784874, 0.5581156611442566, 0.6756027340888977, -0.0328182615339756, 0.5641165375709534, 0.5945583581924438, -0.04075973853468895, 0.5694574117660522, 0.5342065691947937, -0.045382849872112274, 0.5496271252632141, 0.8344646096229553, -0.027972640469670296, 0.5780819654464722, 0.7199540734291077, -0.0364542193710804, 0.5975326895713806, 0.6569975018501282, -0.041230201721191406, 0.6160008311271667, 0.6076407432556152, -0.04449285566806793, 0.546334981918335, 0.8700990080833435, -0.03328008949756622, 0.5717828273773193, 0.8003738522529602, -0.039662815630435944, 0.5894117951393127, 0.764445424079895, -0.03617865592241287, 0.6052805185317993, 0.7393074035644531, -0.03227115795016289]",[]
"[0.5243694186210632, 1.069054365158081, 4.6044388568589056e-07, 0.4821356534957886, 1.045329213142395, -0.026371613144874573, 0.44261014461517334, 0.9864097833633423, -0.05002996698021889, 0.39724913239479065, 0.9328186511993408, -0.07056445628404617, 0.3616325855255127, 0.8878227472305298, -0.0920778289437294, 0.4732646346092224, 0.8707463145256042, -0.05291667580604553, 0.4510461986064911, 0.7462090253829956, -0.07525896281003952, 0.4349358379840851, 0.6847442388534546, -0.08784632384777069, 0.4252214729785919, 0.636577844619751, -0.09522819519042969, 0.5030583739280701, 0.848633348941803, -0.05357235670089722, 0.49953627586364746, 0.6845696568489075, -0.07423699647188187, 0.5024362206459045, 0.5840218663215637, -0.0857686921954155, 0.5081818699836731, 0.5054029226303101, -0.09220879524946213, 0.5300281047821045, 0.852274477481842, -0.05531639978289604, 0.5201029181480408, 0.7108214497566223, -0.07445420324802399, 0.5141874551773071, 0.6335375905036926, -0.08595044165849686, 0.5141754746437073, 0.5715613961219788, -0.09197380393743515, 0.5508211851119995, 0.8702024817466736, -0.05778134986758232, 0.5454802513122559, 0.7760269641876221, -0.07355627417564392, 0.5447254180908203, 0.7243561744689941, -0.0777282640337944, 0.5497298836708069, 0.6805076599121094, -0.07840780913829803]",[]
"[0.5224854350090027, 1.0584967136383057, 4.201406227366533e-07, 0.49718257784843445, 1.0396902561187744, -0.026455972343683243, 0.46944132447242737, 0.9876257181167603, -0.049587227404117584, 0.42829814553260803, 0.9346413016319275, -0.06955181062221527, 0.39434295892715454, 0.8892703056335449, -0.09040558338165283, 0.48884856700897217, 0.8709855079650879, -0.05146872624754906, 0.4665982723236084, 0.7476168870925903, -0.07372942566871643, 0.44971001148223877, 0.684535026550293, -0.08619561791419983, 0.4393540322780609, 0.6365314722061157, -0.0934525728225708, 0.5025560259819031, 0.8439802527427673, -0.051792215555906296, 0.49655938148498535, 0.6832031011581421, -0.07251426577568054, 0.4978693127632141, 0.5859640836715698, -0.0828777626156807, 0.5026004314422607, 0.5103883743286133, -0.08816365897655487, 0.5152356624603271, 0.8407019376754761, -0.05335173383355141, 0.5042506456375122, 0.6947758197784424, -0.07223242521286011, 0.49845895171165466, 0.6097779870033264, -0.08261237293481827, 0.49858272075653076, 0.5414640307426453, -0.08775966614484787, 0.5235581994056702, 0.8524873852729797, -0.055807121098041534, 0.5163310766220093, 0.7556502223014832, -0.0710279643535614, 0.5155336260795593, 0.7007619142532349, -0.07441170513629913, 0.5210563540458679, 0.6555115580558777, -0.07451888918876648]",[]
"[0.5309791564941406, 1.067397117614746, 3.829307217984024e-07, 0.4815657436847687, 1.0465129613876343, -0.02490135468542576, 0.4381723701953888, 0.9894305467605591, -0.048118408769369125, 0.3928607702255249, 0.9354385137557983, -0.06838690489530563, 0.35750266909599304, 0.8897707462310791, -0.0898529514670372, 0.46743911504745483, 0.8727436065673828, -0.05267130210995674, 0.4416462182998657, 0.750114381313324, -0.0745491236448288, 0.4245030879974365, 0.6858696341514587, -0.08662854135036469, 0.41499999165534973, 0.6373457908630371, -0.09408178925514221, 0.5043588280677795, 0.8484673500061035, -0.05442781746387482, 0.4943905472755432, 0.688274621963501, -0.07571052014827728, 0.49458611011505127, 0.5914515256881714, -0.08628736436367035, 0.4985901713371277, 0.5168052911758423, -0.09251490235328674, 0.5402905941009521, 0.8501588702201843, -0.05734685808420181, 0.5334624648094177, 0.7013766169548035, -0.0786115974187851, 0.5290923714637756, 0.6149168610572815, -0.09025076776742935, 0.5297034978866577, 0.5459345579147339, -0.09641702473163605, 0.571636438369751, 0.8665239810943604, -0.06069314852356911, 0.5812760591506958, 0.7630195021629333, -0.07858289033174515, 0.5907118916511536, 0.6992543339729309, -0.08419530838727951, 0.6032025218009949, 0.6443801522254944, -0.0859992653131485]",[]
"[0.47641003131866455, 0.9716736078262329, 6.467518574027054e-07, 0.5071992874145508, 0.9629457592964172, -0.018892357125878334, 0.5146705508232117, 0.9424329996109009, -0.037649404257535934, 0.46999460458755493, 0.9208585619926453, -0.05626159906387329, 0.4235292673110962, 0.8952582478523254, -0.07687947154045105, 0.5307939052581787, 0.7959333658218384, -0.03144577890634537, 0.5589593648910522, 0.695206344127655, -0.04420539364218712, 0.5704312324523926, 0.63670814037323, -0.05044124275445938, 0.5761566162109375, 0.5943130254745483, -0.0550459660589695, 0.497271865606308, 0.7541225552558899, -0.03622405230998993, 0.5155186653137207, 0.6193147897720337, -0.046970877796411514, 0.5221714973449707, 0.5458095073699951, -0.05129386484622955, 0.5268368721008301, 0.48591676354408264, -0.052904486656188965, 0.4640851616859436, 0.7549757957458496, -0.04308510944247246, 0.4518822431564331, 0.632016658782959, -0.05870365723967552, 0.4412596523761749, 0.5681314468383789, -0.07047657668590546, 0.4354289770126343, 0.5098987221717834, -0.07732094079256058, 0.4313732385635376, 0.7812193632125854, -0.05046738684177399, 0.40529537200927734, 0.712138295173645, -0.0685405284166336, 0.38453972339630127, 0.6792557835578918, -0.0766725018620491, 0.3737984299659729, 0.6474757790565491, -0.08024614304304123]",[]
"[0.47641628980636597, 0.9831205606460571, 6.214925747372035e-07, 0.5261039733886719, 0.9695742726325989, -0.02246953919529915, 0.5580323934555054, 0.9421093463897705, -0.03889785334467888, 0.5490235686302185, 0.9067575931549072, -0.054297152906656265, 0.53103107213974, 0.8653849363327026, -0.07053831219673157, 0.5504036545753479, 0.7927879691123962, -0.03333646431565285, 0.5849916934967041, 0.6869361400604248, -0.04926596209406853, 0.6016110181808472, 0.6252795457839966, -0.05731647461652756, 0.6108523607254028, 0.5818188190460205, -0.062068816274404526, 0.5082198977470398, 0.7569540739059448, -0.03566800802946091, 0.5251666307449341, 0.6206212043762207, -0.05012480542063713, 0.531773030757904, 0.5434144735336304, -0.05631735175848007, 0.5351840257644653, 0.4843997359275818, -0.05848616734147072, 0.4661143720149994, 0.7592140436172485, -0.04044743999838829, 0.4560178220272064, 0.6346818208694458, -0.059206001460552216, 0.4454922378063202, 0.567581832408905, -0.07098563760519028, 0.4400714039802551, 0.5101642608642578, -0.07690759003162384, 0.4270351827144623, 0.7872298955917358, -0.04610557481646538, 0.3988533914089203, 0.7121522426605225, -0.06732738763093948, 0.3772410452365875, 0.6733819246292114, -0.07593704015016556, 0.3667842149734497, 0.6368809342384338, -0.07878948748111725]",[]
"[0.5669522285461426, 1.0698775053024292, 2.3374882118787355e-07, 0.5062252283096313, 1.022218942642212, -0.007285165600478649, 0.4707796275615692, 0.9356479644775391, -0.006248102523386478, 0.4480573236942291, 0.8621386885643005, -0.004236338660120964, 0.43253928422927856, 0.8056555986404419, -0.0012819787953048944, 0.5056992769241333, 0.8254740238189697, -0.002287551760673523, 0.4807436168193817, 0.7069357633590698, -0.00497734360396862, 0.47052061557769775, 0.6462388038635254, -0.005666503682732582, 0.4652724862098694, 0.6012258529663086, -0.005734095349907875, 0.5486523509025574, 0.822266161441803, -0.0053624738939106464, 0.5427184700965881, 0.6884844899177551, -0.005944864824414253, 0.5417550802230835, 0.61614990234375, -0.008986570872366428, 0.5432841777801514, 0.5632339715957642, -0.00927373580634594, 0.5906627774238586, 0.8491044640541077, -0.009932450018823147, 0.6023255586624146, 0.7422778606414795, -0.015118319541215897, 0.6143057346343994, 0.6853799819946289, -0.021344676613807678, 0.6275418400764465, 0.6366679072380066, -0.02408556081354618, 0.627583384513855, 0.9007642269134521, -0.014427357353270054, 0.6451844573020935, 0.8379695415496826, -0.020209718495607376, 0.6539191007614136, 0.80268794298172, -0.019228162243962288, 0.6612138748168945, 0.7723693251609802, -0.01614147238433361]",[]
[],"[0.5656822323799133, 1.0676079988479614, 2.214896142049838e-07, 0.5165706872940063, 1.020003318786621, -0.007546430919319391, 0.49095648527145386, 0.940036952495575, -0.008820632472634315, 0.4774149954319, 0.872017502784729, -0.009423824027180672, 0.4689639210700989, 0.8182290196418762, -0.009045311249792576, 0.5127713084220886, 0.8259045481681824, -0.008057720959186554, 0.49086105823516846, 0.7025125026702881, -0.014889899641275406, 0.4820796549320221, 0.6388047337532043, -0.017863484099507332, 0.47758129239082336, 0.5910881161689758, -0.01919247768819332, 0.5513927936553955, 0.8216456174850464, -0.012366139329969883, 0.5455331206321716, 0.6890701651573181, -0.016631457954645157, 0.5445019006729126, 0.6159623861312866, -0.021172357723116875, 0.5459740161895752, 0.5629200339317322, -0.022411681711673737, 0.5905927419662476, 0.8472180962562561, -0.01788674294948578, 0.601391077041626, 0.7417770624160767, -0.025401877239346504, 0.6129973530769348, 0.6849902868270874, -0.03156472370028496, 0.6260247230529785, 0.637406051158905, -0.034326158463954926, 0.6249456405639648, 0.8972468972206116, -0.023492254316806793, 0.6427410840988159, 0.8362836837768555, -0.031211037188768387, 0.6511558294296265, 0.8010674715042114, -0.030366459861397743, 0.6586856245994568, 0.7717215418815613, -0.027181651443243027]"
"[0.5634074211120605, 1.0380884408950806, 3.974750484303513e-07, 0.4895268380641937, 0.972774088382721, -0.028583604842424393, 0.4438650906085968, 0.8639281988143921, -0.04042686149477959, 0.4122614562511444, 0.7707926034927368, -0.04891397804021835, 0.3931831121444702, 0.696274995803833, -0.055852003395557404, 0.507728099822998, 0.7635838985443115, -0.007129421923309565, 0.512955904006958, 0.6566079258918762, -0.012665937654674053, 0.5208126306533813, 0.5957304239273071, -0.019787631928920746, 0.5278927683830261, 0.549714982509613, -0.02578897774219513, 0.5579188466072083, 0.7797756195068359, -0.0010694843949750066, 0.5708739161491394, 0.6779184341430664, -0.0004263776063453406, 0.5794864296913147, 0.6185111999511719, -0.0056275054812431335, 0.588736355304718, 0.5767689943313599, -0.01137299370020628, 0.5985996723175049, 0.8096703290939331, 0.0008155554533004761, 0.6141353845596313, 0.7192100286483765, -0.0017758597387000918, 0.6246346235275269, 0.6679707169532776, -0.0026792099233716726, 0.6335580348968506, 0.6296794414520264, -0.004249003250151873, 0.6342011094093323, 0.851621150970459, -0.00032973254565149546, 0.6526860594749451, 0.7774122953414917, -0.004259160719811916, 0.6649964451789856, 0.7342368960380554, -0.0022733903024345636, 0.6751907467842102, 0.6993319988250732, -0.0003512829716783017]",[]
"[0.574722945690155, 1.02777099609375, 2.3484223277137062e-07, 0.4964583218097687, 0.9661142826080322, -0.02099706046283245, 0.44690319895744324, 0.8628607988357544, -0.030668802559375763, 0.415113240480423, 0.7677401304244995, -0.03796767815947533, 0.3989068865776062, 0.6927750110626221, -0.042993899434804916, 0.510466456413269, 0.7649985551834106, -0.0019199807429686189, 0.5040287375450134, 0.6581835746765137, -0.004914159420877695, 0.5065211653709412, 0.6075685620307922, -0.008449887856841087, 0.5108535885810852, 0.5731948614120483, -0.010841453447937965, 0.5605372786521912, 0.7747723460197449, 0.001499646226875484, 0.5685337781906128, 0.6627296805381775, 0.005414159502834082, 0.5733521580696106, 0.6054179668426514, 0.004064967855811119, 0.5789855718612671, 0.5663920044898987, 0.00150758633390069, 0.6022472381591797, 0.7991414666175842, 0.0013256825041025877, 0.6161963939666748, 0.7012893557548523, 0.001452616066671908, 0.6247715950012207, 0.6489639282226562, 0.0014293247368186712, 0.6307492852210999, 0.610626757144928, 0.00031014494015835226, 0.6380887627601624, 0.83543461561203, -0.0009576170705258846, 0.6565919518470764, 0.7597599029541016, -0.0018644232768565416, 0.6663123369216919, 0.7171401381492615, 0.0018320574890822172, 0.6731554269790649, 0.6819630265235901, 0.004731541965156794]",[]
"[0.5677027106285095, 1.0377752780914307, 3.133832819912641e-07, 0.49154403805732727, 0.9743008613586426, -0.025431735441088676, 0.44541430473327637, 0.8651183843612671, -0.03582918643951416, 0.41486889123916626, 0.7688047885894775, -0.04293220862746239, 0.39893651008605957, 0.6914055347442627, -0.04779069125652313, 0.5124929547309875, 0.764126181602478, -0.0049827368929982185, 0.5173532962799072, 0.6571910977363586, -0.0068526198156178, 0.524775505065918, 0.601050078868866, -0.00921656470745802, 0.531459391117096, 0.5620035529136658, -0.011231792159378529, 0.5613899827003479, 0.77768474817276, 0.001197084435261786, 0.5744304060935974, 0.6702340245246887, 0.0053185708820819855, 0.5811225771903992, 0.6140666007995605, 0.004916254431009293, 0.5877325534820557, 0.5752816200256348, 0.003071722574532032, 0.6014189720153809, 0.8045555353164673, 0.003450654214248061, 0.619460940361023, 0.7099555730819702, 0.0041482336819171906, 0.6298085451126099, 0.6605231761932373, 0.005569095723330975, 0.6368229389190674, 0.6232613325119019, 0.00555066205561161, 0.6360687017440796, 0.8429428935050964, 0.003016331233084202, 0.6566654443740845, 0.766327977180481, 0.002384947147220373, 0.6679418087005615, 0.7237268686294556, 0.005974894389510155, 0.6760679483413696, 0.688673198223114, 0.00892004743218422]",[]
"[0.5390571355819702, 1.0854097604751587, 5.516745886779972e-07, 0.4887692630290985, 1.0527832508087158, -0.019674060866236687, 0.4399489164352417, 0.9957396388053894, -0.04686902463436127, 0.38714364171028137, 0.9474053978919983, -0.07198598235845566, 0.33633723855018616, 0.9219311475753784, -0.10033905506134033, 0.4713491201400757, 0.8888846635818481, -0.06808862835168839, 0.4500497877597809, 0.7537890672683716, -0.09268735349178314, 0.4375029504299164, 0.6844743490219116, -0.10363411158323288, 0.43025416135787964, 0.6325522065162659, -0.11069601774215698, 0.5186216831207275, 0.881711483001709, -0.07685992866754532, 0.5202088952064514, 0.7078424096107483, -0.09947428852319717, 0.529644250869751, 0.6058531999588013, -0.10951702296733856, 0.5394585132598877, 0.5283602476119995, -0.11598332971334457, 0.5622072815895081, 0.9069960117340088, -0.0849006399512291, 0.5699458718299866, 0.7587141394615173, -0.11030243337154388, 0.5761787295341492, 0.6773332953453064, -0.12485761940479279, 0.5828234553337097, 0.6132763624191284, -0.13370183110237122, 0.6019144058227539, 0.950539231300354, -0.09192891418933868, 0.6231197118759155, 0.8727874755859375, -0.1153843104839325, 0.6376011371612549, 0.829694390296936, -0.12197063118219376, 0.6500376462936401, 0.7946770191192627, -0.12458290159702301]",[]
"[0.5386413931846619, 1.0762946605682373, 5.702935368390172e-07, 0.49048250913619995, 1.0440458059310913, -0.018861476331949234, 0.44166094064712524, 0.9889825582504272, -0.04614907503128052, 0.38760054111480713, 0.9438382983207703, -0.07156596332788467, 0.3356870412826538, 0.9210905432701111, -0.10039486736059189, 0.4727739989757538, 0.8861470222473145, -0.06934483349323273, 0.454824835062027, 0.7512390613555908, -0.0948408842086792, 0.444272518157959, 0.6813911199569702, -0.106061652302742, 0.4383932650089264, 0.6286896467208862, -0.1132269948720932, 0.5195378065109253, 0.8805720210075378, -0.0788397416472435, 0.5227803587913513, 0.7071688771247864, -0.10262560844421387, 0.5341988801956177, 0.6052868366241455, -0.11340729892253876, 0.545620858669281, 0.5283925533294678, -0.12017758935689926, 0.5626352429389954, 0.9081524014472961, -0.08731677383184433, 0.5720825791358948, 0.76727694272995, -0.11406080424785614, 0.5800905227661133, 0.694243311882019, -0.12868723273277283, 0.5874617099761963, 0.635925829410553, -0.13714005053043365, 0.602099597454071, 0.9542943239212036, -0.0946088656783104, 0.6240374445915222, 0.885061502456665, -0.11890163272619247, 0.6394470930099487, 0.8481800556182861, -0.12534208595752716, 0.6519181728363037, 0.817103922367096, -0.12761519849300385]",[]
"[0.4837740361690521, 0.9691333770751953, 6.164489718685218e-07, 0.5398651957511902, 0.9372663497924805, -0.015484567731618881, 0.5828119516372681, 0.8847396373748779, -0.02806864306330681, 0.6060011386871338, 0.8311395049095154, -0.03922878950834274, 0.6187809705734253, 0.7875226140022278, -0.05127441883087158, 0.5729295611381531, 0.7833432555198669, -0.04061993956565857, 0.6193534135818481, 0.6905272603034973, -0.06329088658094406, 0.6420629620552063, 0.6307434439659119, -0.07483356446027756, 0.656745195388794, 0.5846728682518005, -0.08208256959915161, 0.5295359492301941, 0.7583039402961731, -0.046064894646406174, 0.5484803915023804, 0.6384633183479309, -0.06813754141330719, 0.5547254085540771, 0.5648835301399231, -0.07883153110742569, 0.5552173852920532, 0.5068087577819824, -0.08480805158615112, 0.48372364044189453, 0.7610315084457397, -0.05214143171906471, 0.47577086091041565, 0.6464608907699585, -0.07608062773942947, 0.46727436780929565, 0.5768823027610779, -0.08901512622833252, 0.46098998188972473, 0.5206612944602966, -0.09608480334281921, 0.44178706407546997, 0.7887743711471558, -0.05803028866648674, 0.41272786259651184, 0.7181063294410706, -0.08297045528888702, 0.3928467035293579, 0.6740965843200684, -0.09307646006345749, 0.38157325983047485, 0.6324183344841003, -0.0972820445895195]",[]
"[0.5127180814743042, 1.0131018161773682, 3.1679994094702124e-07, 0.508586585521698, 0.9491909742355347, -0.00929547380656004, 0.5052635669708252, 0.8687798976898193, -0.020938822999596596, 0.49719762802124023, 0.8035860657691956, -0.032231464982032776, 0.4862990379333496, 0.7518587112426758, -0.04493066295981407, 0.5091719627380371, 0.8202766180038452, -0.03874616324901581, 0.49552783370018005, 0.7203900218009949, -0.057857152074575424, 0.4849129319190979, 0.6660400629043579, -0.06590999662876129, 0.4822196364402771, 0.6273031830787659, -0.07120023667812347, 0.5239903330802917, 0.8175841569900513, -0.047011859714984894, 0.5243754982948303, 0.68439120054245, -0.06950338929891586, 0.5273667573928833, 0.5966789722442627, -0.07973987609148026, 0.532349705696106, 0.5258678793907166, -0.08458644896745682, 0.5405818819999695, 0.8441738486289978, -0.05520877614617348, 0.5228914022445679, 0.714438259601593, -0.08240754157304764, 0.5070971250534058, 0.6202042698860168, -0.1000371053814888, 0.4998137354850769, 0.5391592383384705, -0.10929571837186813, 0.5612109303474426, 0.8888682126998901, -0.0618441216647625, 0.5607455372810364, 0.8198588490486145, -0.08576978743076324, 0.5564660429954529, 0.7703006267547607, -0.09723976999521255, 0.5575383901596069, 0.7232086062431335, -0.10318603366613388]",[]
"[0.5112858414649963, 1.0068665742874146, 3.2387276860390557e-07, 0.5034193396568298, 0.9409902691841125, -0.006621037609875202, 0.49911096692085266, 0.8595594167709351, -0.014165620319545269, 0.49336498975753784, 0.7923375368118286, -0.021545959636569023, 0.48544856905937195, 0.7422900795936584, -0.030137844383716583, 0.5001425743103027, 0.8081773519515991, -0.03036818839609623, 0.4825107157230377, 0.7081977128982544, -0.045277852565050125, 0.4723784923553467, 0.6533322334289551, -0.05119224637746811, 0.46863871812820435, 0.611491858959198, -0.05534019321203232, 0.5177229642868042, 0.8026477098464966, -0.037820905447006226, 0.5206815004348755, 0.6695737838745117, -0.055989768356084824, 0.5254226922988892, 0.586624026298523, -0.0643652006983757, 0.5303990244865417, 0.5209506750106812, -0.06754913181066513, 0.5380259156227112, 0.8265271782875061, -0.045075975358486176, 0.5214433670043945, 0.7024195790290833, -0.06810207664966583, 0.5076053142547607, 0.6170517802238464, -0.08417149633169174, 0.5009516477584839, 0.5442339777946472, -0.09231346845626831, 0.5621264576911926, 0.8703815937042236, -0.050764139741659164, 0.562430739402771, 0.8092755675315857, -0.0706377923488617, 0.5574474930763245, 0.7693944573402405, -0.07938751578330994, 0.5568765997886658, 0.7326831221580505, -0.08319530636072159]",[]
[],"[0.5763917565345764, 1.0860307216644287, 3.1336173833551584e-07, 0.5295828580856323, 1.0261895656585693, -0.016284538432955742, 0.49628615379333496, 0.9380716681480408, -0.025478720664978027, 0.46638885140419006, 0.8679206371307373, -0.033244840800762177, 0.443337619304657, 0.8130252361297607, -0.040952522307634354, 0.5337386131286621, 0.8301466107368469, -0.026273293420672417, 0.5166124701499939, 0.7111170887947083, -0.044624194502830505, 0.5076602101325989, 0.6396941542625427, -0.056172046810388565, 0.4991990029811859, 0.5865899920463562, -0.06410182267427444, 0.5735867023468018, 0.833694577217102, -0.03330128267407417, 0.5745689272880554, 0.6970711946487427, -0.047612980008125305, 0.5783742666244507, 0.6160871982574463, -0.05862324312329292, 0.5825241804122925, 0.5544446110725403, -0.06487881392240524, 0.6109277606010437, 0.870893120765686, -0.042158305644989014, 0.6283378005027771, 0.7605270147323608, -0.06008420139551163, 0.6449665427207947, 0.6985875964164734, -0.07239482551813126, 0.662222146987915, 0.6436425447463989, -0.08007030189037323, 0.6417524814605713, 0.9320652484893799, -0.05148463323712349, 0.666535496711731, 0.8915513753890991, -0.07151224464178085, 0.6829096078872681, 0.8629085421562195, -0.07769577205181122, 0.698793351650238, 0.8342528343200684, -0.07947082817554474]"
"[0.5920641422271729, 1.063582420349121, 1.578672055302377e-07, 0.5197207927703857, 0.9950334429740906, -0.020620638504624367, 0.4756831228733063, 0.8928024172782898, -0.03056534007191658, 0.4447000026702881, 0.8037126064300537, -0.03761247545480728, 0.4296443462371826, 0.7309432029724121, -0.04206688702106476, 0.542960524559021, 0.7740870714187622, -0.006616021040827036, 0.5301320552825928, 0.65626460313797, -0.009332271292805672, 0.5313898324966431, 0.5951533913612366, -0.010646600276231766, 0.5356481075286865, 0.5583481788635254, -0.010359135456383228, 0.5918139815330505, 0.78813636302948, -0.002444149926304817, 0.5927315950393677, 0.6582016944885254, 0.00016432044503744692, 0.5933101773262024, 0.594192385673523, 0.002492122817784548, 0.5973876714706421, 0.5501537322998047, 0.004907658789306879, 0.6332840323448181, 0.8151935338973999, -0.0017442955868318677, 0.6433582901954651, 0.699526309967041, -0.0023260510060936213, 0.6459383368492126, 0.6381182670593262, -0.0005034618079662323, 0.6488040685653687, 0.5926254987716675, 0.0018277473282068968, 0.6671183705329895, 0.8549445867538452, -0.0030103775206953287, 0.6818463802337646, 0.7671710252761841, -0.003622068790718913, 0.687664270401001, 0.7165679335594177, 0.0015763483243063092, 0.692135751247406, 0.6772637963294983, 0.007390500046312809]",[]
"[0.5827887058258057, 1.0590646266937256, 1.5082220272688573e-07, 0.5107201337814331, 0.9892271757125854, -0.0178432147949934, 0.46848341822624207, 0.8838208317756653, -0.02720637433230877, 0.4390152394771576, 0.7919725179672241, -0.034212324768304825, 0.4238728880882263, 0.7193397283554077, -0.03859997168183327, 0.5373231172561646, 0.7722779512405396, -0.006333421915769577, 0.5231527090072632, 0.6595287322998047, -0.009322965517640114, 0.5221088528633118, 0.601910412311554, -0.009915562346577644, 0.5241040587425232, 0.5684939026832581, -0.00911802239716053, 0.5886666774749756, 0.7875588536262512, -0.003922795411199331, 0.5911993980407715, 0.6585336327552795, -0.002351918490603566, 0.5931729674339294, 0.5933287739753723, 0.00011567690671654418, 0.5976625084877014, 0.5478259325027466, 0.0026779193431138992, 0.6316070556640625, 0.8165607452392578, -0.004473663866519928, 0.6446335315704346, 0.7035958170890808, -0.006236011162400246, 0.6521667242050171, 0.6442888379096985, -0.0037606009282171726, 0.6582651138305664, 0.5998303890228271, -0.0007536535849794745, 0.6659258604049683, 0.8598697185516357, -0.006620468106120825, 0.6832103133201599, 0.7742820382118225, -0.00770549988374114, 0.6920143365859985, 0.7260012626647949, -0.00136661680880934, 0.6978211998939514, 0.6874237060546875, 0.005284709390252829]",[]
"[0.5830366015434265, 1.0597951412200928, 1.4648779256276612e-07, 0.5103448033332825, 0.9888486862182617, -0.018550464883446693, 0.4683368504047394, 0.8834199905395508, -0.026899786666035652, 0.43960148096084595, 0.7902604341506958, -0.03216458484530449, 0.4253268241882324, 0.7158928513526917, -0.03463152050971985, 0.5403106212615967, 0.7707356214523315, -0.0062114167958498, 0.525134801864624, 0.6556523442268372, -0.007352388929575682, 0.5221466422080994, 0.5981713533401489, -0.006220534443855286, 0.5229222774505615, 0.5654894709587097, -0.0040717232041060925, 0.5926649570465088, 0.7873851656913757, -0.0021685913670808077, 0.5968400239944458, 0.6588456034660339, 0.0011629442451521754, 0.5991555452346802, 0.5944289565086365, 0.005061046686023474, 0.6038729548454285, 0.5491325259208679, 0.00870212446898222, 0.6345335841178894, 0.817877471446991, -0.0010485679376870394, 0.6490402817726135, 0.7093585729598999, -0.001268597668968141, 0.6573835015296936, 0.6506509184837341, 0.0021640670020133257, 0.6637586951255798, 0.6061810255050659, 0.005862125661224127, 0.6662401556968689, 0.8626006841659546, -0.0015024119056761265, 0.6823367476463318, 0.7799956798553467, -0.0008905723807401955, 0.690969705581665, 0.7343265414237976, 0.006556239910423756, 0.6963023543357849, 0.6987454891204834, 0.01398002915084362]",[]
"[0.49868881702423096, 0.93829345703125, 8.028850402297394e-07, 0.5547755360603333, 0.9195296764373779, -0.02445785328745842, 0.6011824011802673, 0.8762545585632324, -0.041365962475538254, 0.6318393349647522, 0.8252590298652649, -0.05490711331367493, 0.6508422493934631, 0.7851909399032593, -0.06900396943092346, 0.5946745872497559, 0.7658645510673523, -0.05137083679437637, 0.6500048637390137, 0.6815320253372192, -0.07442601770162582, 0.6772249937057495, 0.6301043629646301, -0.08545888960361481, 0.6946452856063843, 0.5892954468727112, -0.0921051949262619, 0.5489951968193054, 0.7392563819885254, -0.05342402309179306, 0.5693885087966919, 0.6237056851387024, -0.07487697899341583, 0.579120934009552, 0.5501543879508972, -0.08445809781551361, 0.5826415419578552, 0.49078240990638733, -0.09017730504274368, 0.5009024143218994, 0.7438403964042664, -0.05671945586800575, 0.4952990412712097, 0.6381272077560425, -0.0809566006064415, 0.4908394515514374, 0.5715726017951965, -0.09232552349567413, 0.48806649446487427, 0.517830491065979, -0.09773179888725281, 0.4554857909679413, 0.7737830877304077, -0.060635942965745926, 0.42947888374328613, 0.7033706903457642, -0.08550707995891571, 0.41270166635513306, 0.6568184494972229, -0.09455081820487976, 0.403715580701828, 0.6136540174484253, -0.0976116955280304]",[]
"[0.5023311376571655, 0.9569024443626404, 6.512009349535219e-07, 0.5624750256538391, 0.9264878034591675, -0.01594547927379608, 0.6085617542266846, 0.8806778788566589, -0.02832091599702835, 0.6338458061218262, 0.8331952095031738, -0.038990508764982224, 0.6478778719902039, 0.7936115860939026, -0.050629738718271255, 0.5964576005935669, 0.780129611492157, -0.04471065104007721, 0.6488316059112549, 0.686224102973938, -0.0693243145942688, 0.6752493381500244, 0.6306503415107727, -0.08194447308778763, 0.6926884651184082, 0.5876543521881104, -0.08979125320911407, 0.5503455996513367, 0.7517774701118469, -0.04968077689409256, 0.5724740028381348, 0.6251431107521057, -0.0738905817270279, 0.581459105014801, 0.5494552254676819, -0.08632656186819077, 0.5837367177009583, 0.4904233515262604, -0.09356725215911865, 0.502494215965271, 0.7544311881065369, -0.05493444576859474, 0.49639108777046204, 0.6362349390983582, -0.08122264593839645, 0.4875791072845459, 0.5682134032249451, -0.0959232896566391, 0.48010388016700745, 0.5133023262023926, -0.10364159196615219, 0.46004989743232727, 0.7829355001449585, -0.05973886698484421, 0.4316803216934204, 0.7099977731704712, -0.08754651248455048, 0.40883830189704895, 0.6638154983520508, -0.09935931116342545, 0.3947365880012512, 0.6205397844314575, -0.10421743243932724]",[]
"[0.5632362365722656, 1.1013190746307373, 4.222172549361858e-07, 0.5028411746025085, 1.0550706386566162, -0.01645107939839363, 0.4566259980201721, 0.9815573692321777, -0.0355663001537323, 0.41545671224594116, 0.9226904511451721, -0.053892072290182114, 0.3838919401168823, 0.879978358745575, -0.07399348169565201, 0.49580118060112, 0.8727949261665344, -0.047315813601017, 0.46785250306129456, 0.7393854260444641, -0.07237923890352249, 0.45424407720565796, 0.671643853187561, -0.08493579179048538, 0.4462883770465851, 0.6227498650550842, -0.09162552654743195, 0.5443127155303955, 0.8737856149673462, -0.056893207132816315, 0.5413121581077576, 0.70224928855896, -0.07853652536869049, 0.5490772724151611, 0.5995422005653381, -0.09023196995258331, 0.5597752928733826, 0.5223264694213867, -0.09663178771734238, 0.5908759832382202, 0.9079357981681824, -0.0671745166182518, 0.6027696132659912, 0.7815262079238892, -0.09295717626810074, 0.6119240522384644, 0.7168887257575989, -0.1078290268778801, 0.6210861802101135, 0.6628678441047668, -0.11502156406641006, 0.634978711605072, 0.9607540369033813, -0.07674820721149445, 0.6604636907577515, 0.894379734992981, -0.09918612986803055, 0.6783411502838135, 0.860769510269165, -0.104640431702137, 0.6954249143600464, 0.8284867405891418, -0.10546232759952545]",[]
"[0.5908541083335876, 1.0252282619476318, 2.5034742634488794e-07, 0.5265344381332397, 0.9573389291763306, -0.02681998908519745, 0.48237037658691406, 0.8513871431350708, -0.040247853845357895, 0.4507594704627991, 0.7610782384872437, -0.05093834921717644, 0.4385504126548767, 0.6833429336547852, -0.05985598266124725, 0.5494469404220581, 0.7525352835655212, -0.012451428920030594, 0.5596296191215515, 0.6510424613952637, -0.023624196648597717, 0.5675668120384216, 0.5970101356506348, -0.03440367430448532, 0.5750642418861389, 0.550544261932373, -0.042920395731925964, 0.5974887609481812, 0.7754660844802856, -0.010272844694554806, 0.6144978404045105, 0.6760398149490356, -0.015795841813087463, 0.6250659227371216, 0.6219823360443115, -0.022724950686097145, 0.6359528303146362, 0.5753670930862427, -0.029612088575959206, 0.6366415023803711, 0.8131662607192993, -0.01211829949170351, 0.6590105295181274, 0.7268619537353516, -0.020361430943012238, 0.6749840974807739, 0.6791499853134155, -0.021258771419525146, 0.6880350112915039, 0.636770486831665, -0.02269095927476883, 0.6701099872589111, 0.8624680638313293, -0.01672014594078064, 0.6914443969726562, 0.7944045066833496, -0.02431451715528965, 0.7063928246498108, 0.7556615471839905, -0.021168377250432968, 0.7194404006004333, 0.7211607098579407, -0.01841939054429531]",[]
"[0.608593225479126, 1.0278408527374268, 1.6657145351928193e-07, 0.5237353444099426, 0.967238187789917, -0.012913218699395657, 0.4820205569267273, 0.855022668838501, -0.01416387315839529, 0.4557012915611267, 0.7539169192314148, -0.012683107517659664, 0.4338715076446533, 0.6789948344230652, -0.008716014213860035, 0.5468870997428894, 0.7539886832237244, 0.011032846756279469, 0.5369201302528381, 0.6443520784378052, 0.02025158517062664, 0.5343008041381836, 0.5988710522651672, 0.027571910992264748, 0.5336789488792419, 0.5687549114227295, 0.03285866975784302, 0.5993092060089111, 0.7678142786026001, 0.016482269391417503, 0.6054401397705078, 0.6515778303146362, 0.029386086389422417, 0.6073164939880371, 0.5958700180053711, 0.03667817637324333, 0.6114946603775024, 0.5578746795654297, 0.04147965461015701, 0.6401206851005554, 0.7969933748245239, 0.019362756982445717, 0.6554517149925232, 0.6899710893630981, 0.025973955169320107, 0.6628802418708801, 0.6348136067390442, 0.030665051192045212, 0.6673325896263123, 0.591368556022644, 0.034072309732437134, 0.6730639338493347, 0.8397868275642395, 0.02132892608642578, 0.6952551007270813, 0.7605738043785095, 0.028941655531525612, 0.706750750541687, 0.7191429734230042, 0.038052286952733994, 0.713074803352356, 0.6850302815437317, 0.04513253644108772]",[]
"[0.5776619911193848, 1.0298264026641846, 1.1482508455173956e-07, 0.5250273942947388, 0.9780162572860718, -0.02131444215774536, 0.4941909909248352, 0.8913756608963013, -0.032642047852277756, 0.4739285409450531, 0.8190147876739502, -0.04155227914452553, 0.4668678641319275, 0.7522963881492615, -0.04881135746836662, 0.5506516098976135, 0.7768188714981079, -0.010713158175349236, 0.5524612665176392, 0.6707226634025574, -0.016772393137216568, 0.556824803352356, 0.6213238835334778, -0.022700196132063866, 0.5620737671852112, 0.5845367908477783, -0.02749677561223507, 0.5943101048469543, 0.7891536355018616, -0.010001848451793194, 0.6075230240821838, 0.6781147718429565, -0.013133672066032887, 0.6153643131256104, 0.61977219581604, -0.018910972401499748, 0.6232781410217285, 0.5760720372200012, -0.024386784061789513, 0.63102126121521, 0.8170790076255798, -0.012634657323360443, 0.6539137363433838, 0.7173658609390259, -0.019815592095255852, 0.6642274856567383, 0.6628071665763855, -0.02577105723321438, 0.6715601682662964, 0.6157059669494629, -0.03047177568078041, 0.6617936491966248, 0.8577569127082825, -0.016929948702454567, 0.6874976754188538, 0.7857925295829773, -0.02469761297106743, 0.6996299028396606, 0.7432554364204407, -0.02555246464908123, 0.7091943025588989, 0.705116331577301, -0.02550390362739563]",[]
"[0.5722004771232605, 1.0382972955703735, 1.427336968617965e-07, 0.5322883129119873, 0.9857240915298462, -0.011904994957149029, 0.5158811211585999, 0.9036874175071716, -0.01721353828907013, 0.5087099671363831, 0.8323497176170349, -0.021667832508683205, 0.5102075338363647, 0.7672051191329956, -0.024146901443600655, 0.5599483847618103, 0.781794548034668, 0.006334607023745775, 0.5627807378768921, 0.6740042567253113, 0.006903936620801687, 0.5669146180152893, 0.6236662864685059, 0.005250255111604929, 0.5721660852432251, 0.5887807607650757, 0.0037075821310281754, 0.5967226624488831, 0.7891808152198792, 0.005281087011098862, 0.6114280819892883, 0.6752132177352905, 0.007490921765565872, 0.6196870803833008, 0.6175346374511719, 0.004512823186814785, 0.628129780292511, 0.5765315890312195, 0.0020042029209434986, 0.627219021320343, 0.8125103712081909, 0.0012805936858057976, 0.6504150032997131, 0.7105593681335449, 0.0006356459343805909, 0.6618344783782959, 0.6576862335205078, -0.002161954762414098, 0.670920729637146, 0.6133967638015747, -0.004638606682419777, 0.650236964225769, 0.8507927060127258, -0.0038685526233166456, 0.6759588718414307, 0.775031328201294, -0.004765933845192194, 0.6890618205070496, 0.7311052083969116, -0.0021900974679738283, 0.7011203765869141, 0.6940814852714539, 0.00035912604653276503]",[]
[],"[0.565349817276001, 1.0837769508361816, 3.410527540381736e-07, 0.5145044922828674, 1.0250109434127808, -0.018000150099396706, 0.4777302145957947, 0.9378160834312439, -0.03251419961452484, 0.44374799728393555, 0.8709211349487305, -0.04567958787083626, 0.4163488447666168, 0.8148740530014038, -0.0593176931142807, 0.5326899886131287, 0.8265783786773682, -0.03277502954006195, 0.5339770913124084, 0.7096400260925293, -0.051944706588983536, 0.5371707677841187, 0.6430423259735107, -0.06376063823699951, 0.5395570397377014, 0.5912359952926636, -0.0715896263718605, 0.5766631364822388, 0.8333979249000549, -0.03876115381717682, 0.59005206823349, 0.7003904581069946, -0.05671887472271919, 0.5985778570175171, 0.6194757223129272, -0.06907026469707489, 0.6037791967391968, 0.5572757720947266, -0.07665915787220001, 0.6164258122444153, 0.8636400103569031, -0.04620895907282829, 0.6419270634651184, 0.7531774044036865, -0.06573895364999771, 0.6575567126274109, 0.6856141686439514, -0.076366126537323, 0.6693259477615356, 0.629505455493927, -0.0821421667933464, 0.6499606370925903, 0.9116838574409485, -0.05420820787549019, 0.6788238883018494, 0.8423941135406494, -0.07238640636205673, 0.6951558589935303, 0.7947295308113098, -0.0771569088101387, 0.7087229490280151, 0.75315260887146, -0.07819290459156036]"
"[0.5265287160873413, 0.9954586029052734, 6.518718578263361e-07, 0.5823533535003662, 0.9718154668807983, -0.027178702875971794, 0.6265339851379395, 0.9277122020721436, -0.0431995689868927, 0.6545504331588745, 0.8841536045074463, -0.058228749781847, 0.6783284544944763, 0.8386080265045166, -0.07397042959928513, 0.6057836413383484, 0.7880988717079163, -0.0366879403591156, 0.6445140838623047, 0.699643611907959, -0.059310104697942734, 0.6664401292800903, 0.6451250314712524, -0.07291615009307861, 0.6801380515098572, 0.6005386114120483, -0.08251281827688217, 0.5562536716461182, 0.762853741645813, -0.041323717683553696, 0.5675445199012756, 0.6472806930541992, -0.06316040456295013, 0.5759912729263306, 0.5775917768478394, -0.07655210047960281, 0.5774575471878052, 0.523465633392334, -0.08548128604888916, 0.5061237812042236, 0.7760692834854126, -0.049176715314388275, 0.49330300092697144, 0.6706461906433105, -0.0753796324133873, 0.48556020855903625, 0.6075212955474854, -0.08936194330453873, 0.4798881411552429, 0.5536551475524902, -0.09740377962589264, 0.46251702308654785, 0.8175472021102905, -0.05860176309943199, 0.43369460105895996, 0.7462676167488098, -0.08564291894435883, 0.41496598720550537, 0.7034373879432678, -0.09573055803775787, 0.40351617336273193, 0.6607105731964111, -0.1004289910197258]",[]
"[0.5136095285415649, 1.0046720504760742, 5.547942123484972e-07, 0.5641191005706787, 0.9587571024894714, -0.012210621498525143, 0.5972863435745239, 0.8934938907623291, -0.020482519641518593, 0.5950735211372375, 0.8244284391403198, -0.02870428003370762, 0.5850294232368469, 0.7646373510360718, -0.03827847167849541, 0.5804028511047363, 0.8132053017616272, -0.029261915013194084, 0.6089048385620117, 0.6980960369110107, -0.04662076011300087, 0.623110294342041, 0.6310752034187317, -0.05408293381333351, 0.633242130279541, 0.5857834219932556, -0.05790473148226738, 0.5386466979980469, 0.7901921272277832, -0.03492259234189987, 0.5490636229515076, 0.6588602066040039, -0.05269835889339447, 0.5534473061561584, 0.58101487159729, -0.06199144944548607, 0.5551925301551819, 0.5242953896522522, -0.06557035446166992, 0.4992150366306305, 0.7984882593154907, -0.04115162044763565, 0.48295503854751587, 0.6824045181274414, -0.06236669048666954, 0.47039538621902466, 0.611234724521637, -0.07465197145938873, 0.46341177821159363, 0.5553917288780212, -0.08042024075984955, 0.4645955264568329, 0.8293271660804749, -0.0470135360956192, 0.43453073501586914, 0.7643244862556458, -0.07010316848754883, 0.4122050404548645, 0.7296050786972046, -0.07840543985366821, 0.4005557894706726, 0.7002634406089783, -0.08045445382595062]",[]
"[0.5586503148078918, 1.0989320278167725, 5.592100933426991e-07, 0.4968969523906708, 1.0622539520263672, -0.024704940617084503, 0.4440848231315613, 1.0005027055740356, -0.05047552287578583, 0.4031842350959778, 0.9423779249191284, -0.07281424850225449, 0.3756048381328583, 0.8881650567054749, -0.09575874358415604, 0.48495548963546753, 0.8818982243537903, -0.0691123828291893, 0.46294471621513367, 0.7449631094932556, -0.09740416705608368, 0.4507860243320465, 0.6758419275283813, -0.10985854268074036, 0.44306614995002747, 0.6251036524772644, -0.11721128225326538, 0.5370410680770874, 0.8824642300605774, -0.07601144164800644, 0.5298641920089722, 0.7139136791229248, -0.10413648933172226, 0.5339784622192383, 0.6096737384796143, -0.11768116801977158, 0.5392500758171082, 0.5295227766036987, -0.125681534409523, 0.5855042338371277, 0.9143503904342651, -0.08320879191160202, 0.586471438407898, 0.786813497543335, -0.11435572803020477, 0.5909766554832458, 0.7101549506187439, -0.1319505274295807, 0.5952799916267395, 0.6479521989822388, -0.1420746147632599, 0.6316114068031311, 0.9653627872467041, -0.09008509665727615, 0.6591326594352722, 0.9038766622543335, -0.12070207297801971, 0.6789231300354004, 0.8669651746749878, -0.13258466124534607, 0.696253776550293, 0.8349058628082275, -0.1378488391637802]",[]
"[0.5638514757156372, 1.0991588830947876, 5.906751425754919e-07, 0.49976322054862976, 1.061219334602356, -0.02455100789666176, 0.4471096992492676, 0.9995701909065247, -0.0508037731051445, 0.4046005606651306, 0.9420625567436218, -0.07327558100223541, 0.3764348030090332, 0.8867945671081543, -0.09613724797964096, 0.48820605874061584, 0.8778926134109497, -0.06988807022571564, 0.4688541293144226, 0.7328087091445923, -0.09748157858848572, 0.4602420926094055, 0.6583784222602844, -0.10915083438158035, 0.4554096460342407, 0.6035466194152832, -0.11627771705389023, 0.5408668518066406, 0.876568078994751, -0.0754249319434166, 0.5344058871269226, 0.7074504494667053, -0.10211668163537979, 0.5385346412658691, 0.6041827201843262, -0.11422660201787949, 0.5433377027511597, 0.5248229503631592, -0.12147148698568344, 0.5895135998725891, 0.9073420763015747, -0.08105494827032089, 0.5841488242149353, 0.7692654728889465, -0.10922364145517349, 0.5834631323814392, 0.6928281784057617, -0.12346909195184708, 0.5845481753349304, 0.632037878036499, -0.13181692361831665, 0.6344302296638489, 0.9564952850341797, -0.08657044917345047, 0.6590245962142944, 0.8904424905776978, -0.11586344987154007, 0.6766875982284546, 0.8492178916931152, -0.12723565101623535, 0.6935364603996277, 0.8128221035003662, -0.13204345107078552]",[]
"[0.5676059722900391, 1.074804663658142, 1.6039916772569995e-07, 0.5212172269821167, 1.0064197778701782, -0.004951728042215109, 0.49727779626846313, 0.9116017818450928, -0.009638044983148575, 0.48047587275505066, 0.8364779353141785, -0.014920512214303017, 0.4652893543243408, 0.7768219113349915, -0.02055784873664379, 0.5279569625854492, 0.821338415145874, -0.015109574422240257, 0.5052018761634827, 0.7050144076347351, -0.029166365042328835, 0.49374470114707947, 0.6330118179321289, -0.038036689162254333, 0.48598673939704895, 0.581312358379364, -0.044190868735313416, 0.5642614960670471, 0.8257479667663574, -0.025341346859931946, 0.556145429611206, 0.693074107170105, -0.0369567945599556, 0.5565800070762634, 0.6138452291488647, -0.04582226276397705, 0.5600222945213318, 0.5561455488204956, -0.0510367825627327, 0.6013433337211609, 0.8578093647956848, -0.036474935710430145, 0.6158897876739502, 0.7396517992019653, -0.05242093279957771, 0.6314986348152161, 0.6737645268440247, -0.06348950415849686, 0.6479477286338806, 0.617718517780304, -0.07036203891038895, 0.6352198719978333, 0.9116013646125793, -0.04693674296140671, 0.6604476571083069, 0.8557575941085815, -0.06513413786888123, 0.6752485036849976, 0.819719672203064, -0.0706603154540062, 0.6880589723587036, 0.7863500118255615, -0.07208196073770523]",[]
"[0.6153568625450134, 0.9896789789199829, 6.107391214982272e-08, 0.5226430296897888, 0.9323744773864746, -0.015575945377349854, 0.47385916113853455, 0.8234024047851562, -0.01803991012275219, 0.44473543763160706, 0.7226068377494812, -0.01759066805243492, 0.4177512526512146, 0.6519442796707153, -0.014169920235872269, 0.5379979014396667, 0.7171671986579895, 0.0024988919030874968, 0.5235220193862915, 0.608867347240448, 0.0038123028352856636, 0.508716881275177, 0.5792324542999268, 0.00503641739487648, 0.49908339977264404, 0.5718369483947754, 0.006959001068025827, 0.5914075970649719, 0.727256178855896, 0.006597017869353294, 0.5914672017097473, 0.6096361875534058, 0.013712978921830654, 0.5875253677368164, 0.5553625226020813, 0.016886916011571884, 0.5860909223556519, 0.5218443870544434, 0.018139172345399857, 0.6325052976608276, 0.7586141228675842, 0.007611590903252363, 0.6437257528305054, 0.6584513187408447, 0.007831728085875511, 0.6496096849441528, 0.6035808324813843, 0.007300875149667263, 0.6519362330436707, 0.5626124143600464, 0.0065338932909071445, 0.6646656394004822, 0.8045846819877625, 0.0077330125495791435, 0.6867119669914246, 0.7411234378814697, 0.007833188399672508, 0.699339747428894, 0.7018287181854248, 0.011273099109530449, 0.7077317237854004, 0.6676726341247559, 0.013904043473303318]",[]
"[0.5777901411056519, 1.016644835472107, 2.936123166819016e-07, 0.5022568106651306, 0.9515630602836609, -0.01149806659668684, 0.4637153744697571, 0.8439435958862305, -0.011546569876372814, 0.4361690878868103, 0.7514089941978455, -0.0110072772949934, 0.4166231155395508, 0.6778689026832581, -0.008832638151943684, 0.5304487347602844, 0.723879337310791, 0.036517053842544556, 0.5312830209732056, 0.6289125680923462, 0.05613773688673973, 0.5360070466995239, 0.5881121754646301, 0.06357323378324509, 0.5401093363761902, 0.5629912614822388, 0.06654846668243408, 0.5808826684951782, 0.7452738881111145, 0.04087050259113312, 0.5938442349433899, 0.6425666213035583, 0.06615710258483887, 0.6006658673286438, 0.5930330753326416, 0.07230444252490997, 0.6091135144233704, 0.5590691566467285, 0.07363888621330261, 0.6222928762435913, 0.78004390001297, 0.04106946662068367, 0.6413918733596802, 0.6852313876152039, 0.05869011580944061, 0.652601957321167, 0.6388668417930603, 0.06304465234279633, 0.6601241827011108, 0.5980457067489624, 0.06349708884954453, 0.6577182412147522, 0.830588698387146, 0.03924935311079025, 0.6812970042228699, 0.7546576857566833, 0.054381903260946274, 0.6926774978637695, 0.718650758266449, 0.06487048417329788, 0.6993144750595093, 0.6876295208930969, 0.07098806649446487]",[]
"[0.5571593642234802, 1.0647255182266235, 1.421284139269119e-07, 0.5542994141578674, 1.0461831092834473, -0.01153494417667389, 0.5785697102546692, 0.9989233613014221, -0.014547213912010193, 0.6099047660827637, 0.949411153793335, -0.01631208322942257, 0.641576886177063, 0.9081400036811829, -0.015351662412285805, 0.5708029866218567, 0.8045676350593567, 0.010763013735413551, 0.5650421977043152, 0.6822357773780823, 0.014141377992928028, 0.561318039894104, 0.6245593428611755, 0.0150228813290596, 0.55958491563797, 0.5762775540351868, 0.01554565504193306, 0.5907706618309021, 0.7937979102134705, 0.012405380606651306, 0.6031565070152283, 0.6736570596694946, 0.015321649610996246, 0.6085795760154724, 0.6113365888595581, 0.013680307194590569, 0.614018976688385, 0.5613296031951904, 0.01315309014171362, 0.6051490902900696, 0.8051375150680542, 0.011689649894833565, 0.6317793726921082, 0.7064094543457031, 0.010468516498804092, 0.6471227407455444, 0.6549869179725647, 0.010169978253543377, 0.6587477922439575, 0.6095455288887024, 0.01166432723402977, 0.6108828186988831, 0.8329672813415527, 0.009941086173057556, 0.6391885280609131, 0.7517591714859009, 0.013660031370818615, 0.6537801027297974, 0.7117123603820801, 0.022876424714922905, 0.6665196418762207, 0.6791958808898926, 0.031123096123337746]",[]
"[0.555445671081543, 1.0603370666503906, 1.5351406545960344e-07, 0.5673868656158447, 1.05141019821167, -0.010880589485168457, 0.5994230508804321, 1.0085296630859375, -0.013096918351948261, 0.6323986649513245, 0.9603251814842224, -0.01435005571693182, 0.6647475957870483, 0.9214112162590027, -0.012852932326495647, 0.584542989730835, 0.8111663460731506, 0.014329642057418823, 0.5784024000167847, 0.6889024972915649, 0.020012985914945602, 0.5740692019462585, 0.6315008401870728, 0.022383321076631546, 0.571519672870636, 0.5838119983673096, 0.023693937808275223, 0.5927650928497314, 0.795041024684906, 0.016140202060341835, 0.6053454875946045, 0.6743100881576538, 0.020428329706192017, 0.6106191277503967, 0.6130967140197754, 0.018966810777783394, 0.6160432696342468, 0.5629885792732239, 0.01848629117012024, 0.5962916612625122, 0.7991772294044495, 0.015681317076086998, 0.6231034398078918, 0.6999682188034058, 0.0159479808062315, 0.6397678852081299, 0.6495589017868042, 0.015461187809705734, 0.652569591999054, 0.6042730212211609, 0.016567327082157135, 0.5920194387435913, 0.8186677694320679, 0.014213629066944122, 0.6184095740318298, 0.7358322143554688, 0.01928001083433628, 0.6330958008766174, 0.6949166059494019, 0.028465380892157555, 0.6465751528739929, 0.6608653664588928, 0.036364879459142685]",[]
"[0.5630471706390381, 1.0702370405197144, 2.217320940189893e-07, 0.5226977467536926, 1.0185887813568115, -0.0054983231239020824, 0.48927992582321167, 0.9383675456047058, -0.014883676543831825, 0.45396688580513, 0.8745498657226562, -0.024281099438667297, 0.43038496375083923, 0.8199357390403748, -0.034900736063718796, 0.5184481739997864, 0.8462883830070496, -0.03167523443698883, 0.49874594807624817, 0.7170777320861816, -0.04936160519719124, 0.48520681262016296, 0.6478966474533081, -0.058424241840839386, 0.4718998372554779, 0.5975265502929688, -0.06398415565490723, 0.5563299655914307, 0.8414949774742126, -0.04393302649259567, 0.5645708441734314, 0.6779987812042236, -0.061589665710926056, 0.5754708051681519, 0.5882040858268738, -0.07118304073810577, 0.5841085314750671, 0.5218415260314941, -0.07583808153867722, 0.5903159379959106, 0.8691769242286682, -0.05587581917643547, 0.622894287109375, 0.7327625751495361, -0.07750018686056137, 0.6526278257369995, 0.6670762896537781, -0.08891467750072479, 0.6776149272918701, 0.6156356334686279, -0.09438254684209824, 0.6162291169166565, 0.9194303154945374, -0.0661604106426239, 0.6433683633804321, 0.8467018008232117, -0.08480958640575409, 0.6580188274383545, 0.8220217227935791, -0.08580582588911057, 0.6695741415023804, 0.8058447241783142, -0.08377102017402649]",[]
"[0.47557634115219116, 0.985612690448761, 6.947039423721435e-07, 0.5378524661064148, 0.9632227420806885, -0.03125304356217384, 0.5884760618209839, 0.914483904838562, -0.05062125623226166, 0.6261118054389954, 0.8653973340988159, -0.06707685440778732, 0.6506215333938599, 0.8341459035873413, -0.08378959447145462, 0.5657748579978943, 0.7743492722511292, -0.04436216875910759, 0.6047919988632202, 0.6760284900665283, -0.0667022243142128, 0.623562753200531, 0.614751398563385, -0.08045995235443115, 0.6352173686027527, 0.5655574202537537, -0.09049743413925171, 0.5179768800735474, 0.7442688345909119, -0.045100484043359756, 0.5331097841262817, 0.624954879283905, -0.06641318649053574, 0.5384501218795776, 0.5500459671020508, -0.07917069643735886, 0.5397432446479797, 0.49195319414138794, -0.0878528505563736, 0.4707375168800354, 0.7508453726768494, -0.04879883676767349, 0.46262088418006897, 0.6365411877632141, -0.07336187362670898, 0.4541897773742676, 0.5645577311515808, -0.09008271247148514, 0.44682586193084717, 0.5082008838653564, -0.09996738284826279, 0.4266384243965149, 0.786541759967804, -0.05417505279183388, 0.3949386775493622, 0.7090892791748047, -0.08029389381408691, 0.3741469383239746, 0.661528468132019, -0.09370245784521103, 0.36071276664733887, 0.6176344156265259, -0.10087219625711441]",[]
"[0.4767208397388458, 0.9998927116394043, 6.81934466228995e-07, 0.5210277438163757, 0.9634222388267517, -0.01857510767877102, 0.5458996891975403, 0.9109267592430115, -0.033739883452653885, 0.5378930568695068, 0.8620505928993225, -0.047935616225004196, 0.5230417251586914, 0.8270975947380066, -0.0625428631901741, 0.5493851900100708, 0.8026131391525269, -0.03824876993894577, 0.5956788063049316, 0.6967242956161499, -0.05974952131509781, 0.6187773942947388, 0.6310175657272339, -0.07039742171764374, 0.6328274607658386, 0.5839232802391052, -0.07628962397575378, 0.5114892721176147, 0.7737541794776917, -0.04251372814178467, 0.533038318157196, 0.6431125998497009, -0.06163256615400314, 0.5416539907455444, 0.5626888871192932, -0.07022956013679504, 0.5454578399658203, 0.5007773637771606, -0.07374884188175201, 0.47150444984436035, 0.7757224440574646, -0.048312749713659286, 0.4614527225494385, 0.6505939364433289, -0.06869649142026901, 0.45032066106796265, 0.5742854475975037, -0.08208683878183365, 0.4430801272392273, 0.5134286880493164, -0.08892860263586044, 0.43415528535842896, 0.7998544573783875, -0.05469050630927086, 0.4036250114440918, 0.7238152027130127, -0.07645861059427261, 0.38071176409721375, 0.6765374541282654, -0.0871182233095169, 0.36807072162628174, 0.6339297294616699, -0.09131520241498947]",[]
"[0.5517905354499817, 1.0837538242340088, 3.6917521128998487e-07, 0.4932495355606079, 1.0403292179107666, -0.012969722039997578, 0.44463789463043213, 0.9737682342529297, -0.028335561975836754, 0.4001033306121826, 0.921077311038971, -0.043283890932798386, 0.36843979358673096, 0.8787186741828918, -0.06070227175951004, 0.47136190533638, 0.8739614486694336, -0.040655478835105896, 0.43026870489120483, 0.7573766112327576, -0.06392224878072739, 0.40647202730178833, 0.6900309324264526, -0.07738041877746582, 0.3904399573802948, 0.6405333280563354, -0.08682084828615189, 0.5153530240058899, 0.8666646480560303, -0.05110593140125275, 0.49323225021362305, 0.7192586660385132, -0.0692441388964653, 0.4822317063808441, 0.6308350563049316, -0.0821848213672638, 0.47543865442276, 0.5606773495674133, -0.09145853668451309, 0.5628678202629089, 0.8922860622406006, -0.06218825280666351, 0.5603421926498413, 0.7529887557029724, -0.08402540534734726, 0.5631593465805054, 0.6730189323425293, -0.10038313269615173, 0.5680009722709656, 0.6031090617179871, -0.11234430223703384, 0.6073644757270813, 0.9407577514648438, -0.07245375961065292, 0.6287997961044312, 0.8841911554336548, -0.09742267429828644, 0.6443792581558228, 0.8458337187767029, -0.10787657648324966, 0.6598315834999084, 0.8089056611061096, -0.11376549303531647]",[]
"[0.5532082915306091, 1.0743589401245117, 3.6612081544262765e-07, 0.4953088164329529, 1.0331134796142578, -0.010388857685029507, 0.4432325065135956, 0.9691009521484375, -0.024131249636411667, 0.3979467749595642, 0.9191632270812988, -0.037742823362350464, 0.36693811416625977, 0.8781354427337646, -0.05427965894341469, 0.4724177122116089, 0.8769440650939941, -0.04004054516553879, 0.43576428294181824, 0.7663061022758484, -0.06158043444156647, 0.414148211479187, 0.7021731734275818, -0.07378677278757095, 0.39828673005104065, 0.6517806649208069, -0.08262139558792114, 0.5155622363090515, 0.8691858053207397, -0.05203790217638016, 0.49554017186164856, 0.7207595109939575, -0.06931419670581818, 0.484577476978302, 0.6314719915390015, -0.0823121890425682, 0.4781724512577057, 0.5582236051559448, -0.09190250933170319, 0.562030553817749, 0.8938729763031006, -0.0640890896320343, 0.5632070899009705, 0.7570663094520569, -0.0859547033905983, 0.5669142603874207, 0.6774777770042419, -0.10363419353961945, 0.5718004703521729, 0.606135904788971, -0.11662282049655914, 0.6060330271720886, 0.9405428767204285, -0.07485131174325943, 0.6290096640586853, 0.8846179246902466, -0.1000203788280487, 0.6460866332054138, 0.8474534153938293, -0.11098102480173111, 0.6624710559844971, 0.8090965747833252, -0.11748375743627548]",[]
[],"[0.5476785898208618, 1.0825607776641846, 1.8673617319109326e-07, 0.4994681179523468, 1.0140044689178467, -0.013353248126804829, 0.46346718072891235, 0.9110733866691589, -0.01951741985976696, 0.43270471692085266, 0.8324410319328308, -0.024426249787211418, 0.4102805256843567, 0.7679599523544312, -0.02920399233698845, 0.5134437084197998, 0.8163868188858032, -0.01873425394296646, 0.49249017238616943, 0.6966572403907776, -0.031401753425598145, 0.4827108085155487, 0.6282967329025269, -0.038859330117702484, 0.47586753964424133, 0.5778014063835144, -0.04443259537220001, 0.5541900396347046, 0.8268842697143555, -0.025558339431881905, 0.553597092628479, 0.6974378228187561, -0.03455008938908577, 0.5554872155189514, 0.6271079778671265, -0.04297458007931709, 0.5600066184997559, 0.5718441605567932, -0.04837171733379364, 0.5903661847114563, 0.8674351572990417, -0.03420783951878548, 0.6074247360229492, 0.7565576434135437, -0.050148967653512955, 0.624314546585083, 0.6964271664619446, -0.06252551078796387, 0.6418311595916748, 0.640618622303009, -0.07080405205488205, 0.6193200945854187, 0.9288631677627563, -0.042695045471191406, 0.6437629461288452, 0.8859269022941589, -0.062091678380966187, 0.660986065864563, 0.8597589731216431, -0.06865905970335007, 0.6765305995941162, 0.8325688242912292, -0.0712767094373703]"
"[0.5755218267440796, 1.0312721729278564, 1.822923536565213e-07, 0.48971739411354065, 0.9673199653625488, -0.007763969246298075, 0.4496140778064728, 0.8580911159515381, -0.005669644568115473, 0.42536461353302, 0.7592915296554565, -0.0020971556659787893, 0.4003108739852905, 0.6887170672416687, 0.003760815132409334, 0.5146141052246094, 0.7468551397323608, 0.02252359688282013, 0.5052059292793274, 0.6435216069221497, 0.035085611045360565, 0.5009485483169556, 0.6030020117759705, 0.041577886790037155, 0.4984639585018158, 0.5788087248802185, 0.045315179973840714, 0.5662870407104492, 0.7587502002716064, 0.025589609518647194, 0.5726707577705383, 0.6487675309181213, 0.04040269926190376, 0.5757637023925781, 0.5939737558364868, 0.04505590349435806, 0.5800495743751526, 0.5558246374130249, 0.04716644436120987, 0.6061541438102722, 0.7882581353187561, 0.026090791448950768, 0.6202582716941833, 0.6904932856559753, 0.03410603106021881, 0.6302945613861084, 0.6369736790657043, 0.035362888127565384, 0.6363932490348816, 0.5949298143386841, 0.03533296659588814, 0.6379727125167847, 0.8312826752662659, 0.02594069205224514, 0.6612706780433655, 0.7611508369445801, 0.03469552844762802, 0.6736337542533875, 0.7219585180282593, 0.04206206277012825, 0.6818479895591736, 0.6888105273246765, 0.046787455677986145]",[]
"[0.5209857821464539, 1.0538452863693237, 2.2715499881087453e-07, 0.5312671065330505, 1.0403387546539307, -0.019064955413341522, 0.560917854309082, 0.997085690498352, -0.026775486767292023, 0.5971270799636841, 0.9589328765869141, -0.03270596265792847, 0.6300373673439026, 0.9203709959983826, -0.03578564524650574, 0.5555347204208374, 0.8056576251983643, 0.008391099981963634, 0.567232608795166, 0.6939125061035156, 0.012301690876483917, 0.5750311017036438, 0.6450912952423096, 0.010993300005793571, 0.5812253952026367, 0.6023731231689453, 0.008179632015526295, 0.5661351084709167, 0.799267053604126, 0.011325026862323284, 0.5896409749984741, 0.6946913599967957, 0.01626649685204029, 0.6041487455368042, 0.6469765901565552, 0.011921221390366554, 0.6163803935050964, 0.6062038540840149, 0.006929485592991114, 0.5735803246498108, 0.8095210194587708, 0.010728203691542149, 0.6034402847290039, 0.7189112901687622, 0.011838104575872421, 0.6197649836540222, 0.6756527423858643, 0.009281035512685776, 0.6319217681884766, 0.6331783533096313, 0.006306861527264118, 0.5779712200164795, 0.8323026895523071, 0.007991842925548553, 0.6072412729263306, 0.7587829828262329, 0.010530782863497734, 0.6217243075370789, 0.7229610681533813, 0.01574898511171341, 0.635837197303772, 0.6910856366157532, 0.01924665831029415]",[]
"[0.5102044939994812, 0.7859467267990112, 4.781687721333583e-07, 0.5511061549186707, 0.7641504406929016, -0.013463596813380718, 0.5756020545959473, 0.710030198097229, -0.021907120943069458, 0.5909422039985657, 0.6607687473297119, -0.02881523221731186, 0.6049928665161133, 0.6160024404525757, -0.03638143092393875, 0.5631484985351562, 0.6182533502578735, -0.026702944189310074, 0.5868647694587708, 0.54905104637146, -0.04241301864385605, 0.6029485464096069, 0.5064542889595032, -0.05159318819642067, 0.6172690391540527, 0.47511640191078186, -0.057825714349746704, 0.535946786403656, 0.5988804697990417, -0.02931324765086174, 0.5491195917129517, 0.5060223340988159, -0.04771309718489647, 0.5621421337127686, 0.4433123469352722, -0.05921153724193573, 0.573785662651062, 0.3946087956428528, -0.06595563888549805, 0.5081695318222046, 0.6074841618537903, -0.03248272091150284, 0.5021661520004272, 0.5234079957008362, -0.05051100626587868, 0.5010054111480713, 0.47011733055114746, -0.060267165303230286, 0.503840982913971, 0.4250505864620209, -0.06539871543645859, 0.4841035008430481, 0.6382429599761963, -0.03579584136605263, 0.46572601795196533, 0.5838180184364319, -0.05293301120400429, 0.457803338766098, 0.5514000654220581, -0.060046665370464325, 0.4544125497341156, 0.5222584009170532, -0.06313829123973846]",[]
"[0.4579579532146454, 1.007209300994873, 6.754798960173503e-07, 0.5186297297477722, 0.9816026091575623, -0.02481144666671753, 0.5716936588287354, 0.9330331683158875, -0.03963113948702812, 0.606075644493103, 0.8853098154067993, -0.05327606201171875, 0.622743546962738, 0.8449503183364868, -0.06712501496076584, 0.5442772507667542, 0.7932819128036499, -0.02837514691054821, 0.581683874130249, 0.6973690390586853, -0.0462624728679657, 0.6012769341468811, 0.6386829614639282, -0.05655694380402565, 0.6132520437240601, 0.594458281993866, -0.06357879936695099, 0.49571070075035095, 0.7658319473266602, -0.030757447704672813, 0.5108514428138733, 0.6468416452407837, -0.0472143180668354, 0.5160568356513977, 0.5779523849487305, -0.056326158344745636, 0.5162186622619629, 0.5255606770515442, -0.06171294301748276, 0.44750118255615234, 0.7747044563293457, -0.03653254732489586, 0.43804362416267395, 0.6640500426292419, -0.05710797384381294, 0.42926567792892456, 0.6011247634887695, -0.07021176069974899, 0.4219515025615692, 0.5471663475036621, -0.07772763073444366, 0.40463370084762573, 0.8112332820892334, -0.04371751844882965, 0.37617987394332886, 0.7455704808235168, -0.06655798107385635, 0.3555556535720825, 0.7042258381843567, -0.0772501528263092, 0.34149879217147827, 0.6612097024917603, -0.08244071155786514]",[]
"[0.5120401382446289, 1.091949224472046, 4.4560493961398606e-07, 0.45596247911453247, 1.0616551637649536, -0.02705775387585163, 0.404413104057312, 1.0000803470611572, -0.05102498084306717, 0.36202743649482727, 0.947176456451416, -0.07204315811395645, 0.32594478130340576, 0.9026239514350891, -0.0944603979587555, 0.44583839178085327, 0.8988485336303711, -0.056646764278411865, 0.4243069291114807, 0.788202166557312, -0.08312594145536423, 0.4112776219844818, 0.7240667939186096, -0.0988626554608345, 0.40302950143814087, 0.6732274889945984, -0.11006185412406921, 0.49147698283195496, 0.8993776440620422, -0.06225045397877693, 0.488243967294693, 0.7656240463256836, -0.08658226579427719, 0.49032270908355713, 0.6774535775184631, -0.1012798547744751, 0.49531593918800354, 0.6046203970909119, -0.11232136934995651, 0.5336438417434692, 0.9269034266471863, -0.06951431930065155, 0.5402022004127502, 0.8182195425033569, -0.09758475422859192, 0.54339998960495, 0.7586249709129333, -0.1129344254732132, 0.5476406812667847, 0.702789843082428, -0.12315403670072556, 0.5727603435516357, 0.9723418951034546, -0.07738900184631348, 0.5953854918479919, 0.9194576144218445, -0.10592964291572571, 0.6112833619117737, 0.8873646855354309, -0.11665080487728119, 0.627410888671875, 0.8538861274719238, -0.12267987430095673]",[]
"[0.5842011570930481, 0.9589316844940186, 2.546748874010518e-07, 0.4994457960128784, 0.9271817207336426, -0.013622128404676914, 0.4469691812992096, 0.8397269248962402, -0.015070309862494469, 0.4231857657432556, 0.756759762763977, -0.014712395146489143, 0.4018823504447937, 0.6994760632514954, -0.012173634022474289, 0.510880708694458, 0.7073844075202942, 0.004005522932857275, 0.49927324056625366, 0.6139851808547974, 0.004729602951556444, 0.4953269064426422, 0.5805283188819885, 0.0024172901175916195, 0.4945789575576782, 0.5645447969436646, 0.0010799496667459607, 0.5614586472511292, 0.7061506509780884, 0.0048600733280181885, 0.5598432421684265, 0.6051938533782959, 0.012528379447758198, 0.5585091710090637, 0.5475476384162903, 0.010348084382712841, 0.559136688709259, 0.5018359422683716, 0.006878702901303768, 0.601992666721344, 0.728756844997406, 0.002812499413266778, 0.6125169992446899, 0.6431573033332825, 0.0026392671279609203, 0.6186548471450806, 0.5906457901000977, -0.00421546958386898, 0.6231309771537781, 0.5461122989654541, -0.010266419500112534, 0.6358758211135864, 0.7662022113800049, -0.00020764279179275036, 0.6568164229393005, 0.713616669178009, -0.003394645405933261, 0.6688069701194763, 0.6786158084869385, -0.004197424277663231, 0.6790589094161987, 0.6469975113868713, -0.00458515202626586]",[]
"[0.5824741721153259, 0.984961748123169, 2.7946950353907596e-07, 0.49205687642097473, 0.9400057196617126, -0.013209158554673195, 0.4417531192302704, 0.839592456817627, -0.012680074200034142, 0.41955995559692383, 0.7469696402549744, -0.009616292081773281, 0.39872097969055176, 0.6853660345077515, -0.004394431598484516, 0.512349009513855, 0.712256908416748, 0.011690787971019745, 0.5089457631111145, 0.610175609588623, 0.02185428887605667, 0.5072243809700012, 0.5681450366973877, 0.02584928460419178, 0.505290687084198, 0.5436195731163025, 0.02824198268353939, 0.5641554594039917, 0.7184101939201355, 0.01672932133078575, 0.5702806711196899, 0.6137288212776184, 0.03582262247800827, 0.5737600326538086, 0.5578404664993286, 0.04019063711166382, 0.5788355469703674, 0.518122673034668, 0.04038176313042641, 0.6047144532203674, 0.7463536262512207, 0.018894126638770103, 0.6193923950195312, 0.6580625772476196, 0.029674040153622627, 0.6296153664588928, 0.6053492426872253, 0.02607142925262451, 0.6366274952888489, 0.5636419653892517, 0.02048359252512455, 0.6376931071281433, 0.7859205603599548, 0.01990491896867752, 0.6586261987686157, 0.7326541543006897, 0.025602366775274277, 0.6718159317970276, 0.7005025744438171, 0.027510009706020355, 0.6832113862037659, 0.6730888485908508, 0.027959970757365227]",[]
"[0.538051426410675, 1.0529932975769043, 1.8954655445213575e-07, 0.4665965437889099, 0.9879214763641357, -0.009475475177168846, 0.4292144775390625, 0.8800770044326782, -0.010417410172522068, 0.4029504358768463, 0.7866897583007812, -0.010879209265112877, 0.38543230295181274, 0.7153300046920776, -0.008993742056190968, 0.49189239740371704, 0.7603735327720642, 0.02181064896285534, 0.4961884915828705, 0.6524859070777893, 0.02751467376947403, 0.5003764629364014, 0.6030522584915161, 0.027705354616045952, 0.5043602585792542, 0.568602979183197, 0.0275719054043293, 0.5408640503883362, 0.7722397446632385, 0.022961916401982307, 0.5600782632827759, 0.6686160564422607, 0.035282913595438004, 0.5725034475326538, 0.6189977526664734, 0.03780720382928848, 0.5849927067756653, 0.5820521116256714, 0.03844617307186127, 0.5819787979125977, 0.7998722791671753, 0.020349198952317238, 0.6024033427238464, 0.704232931137085, 0.027050813660025597, 0.6141810417175293, 0.6581732630729675, 0.02926924265921116, 0.622557520866394, 0.6179966926574707, 0.0304663497954607, 0.6176181435585022, 0.83942049741745, 0.016135141253471375, 0.6388928890228271, 0.7611064314842224, 0.02282334864139557, 0.6489629745483398, 0.7230778932571411, 0.030157655477523804, 0.6562828421592712, 0.6899451017379761, 0.035837020725011826]",[]
[],"[0.48167598247528076, 1.059875249862671, 3.423627958909492e-07, 0.5470253825187683, 1.0484588146209717, -0.02207142673432827, 0.6062541007995605, 1.0030324459075928, -0.03712714836001396, 0.6469162106513977, 0.9624873995780945, -0.05112766847014427, 0.680124044418335, 0.9313643574714661, -0.06431884318590164, 0.5704603791236877, 0.854248583316803, -0.018362924456596375, 0.5696169137954712, 0.7364367842674255, -0.03130330145359039, 0.5662084221839905, 0.6685830950737, -0.040455374866724014, 0.5617014169692993, 0.6191018223762512, -0.046938277781009674, 0.5410465002059937, 0.836767852306366, -0.020740188658237457, 0.5549206137657166, 0.7167199850082397, -0.03222360834479332, 0.5622028708457947, 0.6498490571975708, -0.041797541081905365, 0.5668699145317078, 0.5962040424346924, -0.048134319484233856, 0.5127941370010376, 0.8368303775787354, -0.02549023926258087, 0.540683388710022, 0.7350496649742126, -0.03608345612883568, 0.5609398484230042, 0.6830308437347412, -0.038984376937150955, 0.5759531855583191, 0.6392621397972107, -0.040574729442596436, 0.48624444007873535, 0.8539490103721619, -0.03250814974308014, 0.5121139287948608, 0.7800426483154297, -0.03851168975234032, 0.5302716493606567, 0.7439807057380676, -0.03392801806330681, 0.5460723638534546, 0.7176197171211243, -0.029749007895588875]"
[],"[0.4823874235153198, 1.0606192350387573, 3.432199378039513e-07, 0.5492072701454163, 1.0494487285614014, -0.021520910784602165, 0.6089115142822266, 1.004470705986023, -0.036476437002420425, 0.6485856175422668, 0.9637473821640015, -0.05057170242071152, 0.681076169013977, 0.9325012564659119, -0.06401092559099197, 0.5750405192375183, 0.8564743995666504, -0.01743752881884575, 0.5760118365287781, 0.7395220398902893, -0.03021812252700329, 0.5729702115058899, 0.6716976761817932, -0.03925516456365585, 0.5686142444610596, 0.6226397752761841, -0.04566909745335579, 0.5429331660270691, 0.8382337093353271, -0.019966483116149902, 0.5568516254425049, 0.7184929847717285, -0.03143149986863136, 0.5641703605651855, 0.6521565318107605, -0.04100766032934189, 0.5688249468803406, 0.5992221236228943, -0.0473543182015419, 0.511482298374176, 0.8370553851127625, -0.024868668988347054, 0.5371618866920471, 0.7349109649658203, -0.03521018847823143, 0.5564640760421753, 0.6833145022392273, -0.03790515661239624, 0.5709051489830017, 0.6406067609786987, -0.03940005227923393, 0.48117294907569885, 0.8525692820549011, -0.03200126066803932, 0.5024837255477905, 0.7772343158721924, -0.037568237632513046, 0.5185150504112244, 0.7415353059768677, -0.032739508897066116, 0.532925546169281, 0.7162489295005798, -0.028449486941099167]"
"[0.5313867330551147, 1.0525604486465454, 3.545139861671487e-07, 0.45290470123291016, 0.9661637544631958, 0.029212454333901405, 0.4225654602050781, 0.8690928816795349, 0.0602291114628315, 0.40525779128074646, 0.7975478768348694, 0.08420238643884659, 0.3911880850791931, 0.7294018864631653, 0.10916507244110107, 0.5025766491889954, 0.7762675881385803, 0.12812523543834686, 0.5146397352218628, 0.6892549991607666, 0.1846398264169693, 0.5274152159690857, 0.6494436264038086, 0.21521979570388794, 0.5344418287277222, 0.6220510005950928, 0.23420117795467377, 0.5496498942375183, 0.8015353083610535, 0.12837038934230804, 0.5702767968177795, 0.7073810696601868, 0.18787160515785217, 0.5790947675704956, 0.6681225299835205, 0.21103103458881378, 0.5864476561546326, 0.6364293098449707, 0.2262154221534729, 0.5866265296936035, 0.8345334529876709, 0.12474069744348526, 0.6107449531555176, 0.7561348080635071, 0.17518240213394165, 0.6213141679763794, 0.7191289663314819, 0.19615624845027924, 0.6287849545478821, 0.6830036044120789, 0.20765420794487, 0.6192805767059326, 0.8859144449234009, 0.12110341340303421, 0.6441296935081482, 0.8103559017181396, 0.16912662982940674, 0.6542971134185791, 0.7772248983383179, 0.1971375048160553, 0.6595810055732727, 0.749785304069519, 0.21461714804172516]",[]
"[0.5334433913230896, 1.0445476770401, 3.0080391866249556e-07, 0.4578780233860016, 0.9676567912101746, 0.021187545731663704, 0.4245889186859131, 0.8703128695487976, 0.04428815469145775, 0.40522387623786926, 0.7971740365028381, 0.06201132759451866, 0.39106014370918274, 0.7306656837463379, 0.08038969337940216, 0.5008628964424133, 0.7787803411483765, 0.09951141476631165, 0.513323962688446, 0.6869889497756958, 0.1449556201696396, 0.5272336602210999, 0.6456505060195923, 0.16908331215381622, 0.5345959663391113, 0.61604905128479, 0.18336613476276398, 0.5474027991294861, 0.7997324466705322, 0.09930765628814697, 0.5687354803085327, 0.7062835097312927, 0.1465921849012375, 0.5792420506477356, 0.6668510437011719, 0.16292652487754822, 0.5872271656990051, 0.6350269913673401, 0.17243315279483795, 0.5845521688461304, 0.8303840160369873, 0.09616471081972122, 0.6094334125518799, 0.7530176043510437, 0.1371109038591385, 0.6208325028419495, 0.7162048816680908, 0.15230852365493774, 0.6288493275642395, 0.6811201572418213, 0.1589680314064026, 0.6193428039550781, 0.8786447048187256, 0.09305363148450851, 0.6436043381690979, 0.8046680688858032, 0.13305772840976715, 0.6537601947784424, 0.7709211707115173, 0.15633825957775116, 0.6593140363693237, 0.7447527050971985, 0.16987167298793793]",[]
"[0.5803648233413696, 0.9898714423179626, 1.550187818111226e-07, 0.4944884777069092, 0.9426112174987793, -0.015627501532435417, 0.44831687211990356, 0.8392025232315063, -0.0177431832998991, 0.42588743567466736, 0.7380242347717285, -0.016838623210787773, 0.4053207337856293, 0.6689109206199646, -0.012858704663813114, 0.5172134637832642, 0.7249393463134766, 0.0027441137935966253, 0.5125184059143066, 0.6172576546669006, 0.005630774423480034, 0.5047904849052429, 0.5919594764709473, 0.006064492743462324, 0.49929583072662354, 0.5886156558990479, 0.0067173209972679615, 0.5683408379554749, 0.7307473421096802, 0.006651127245277166, 0.5704905986785889, 0.6155710220336914, 0.0160333514213562, 0.5702075958251953, 0.5537527799606323, 0.016515962779521942, 0.5701910853385925, 0.5112956762313843, 0.014353381469845772, 0.606375515460968, 0.7576884031295776, 0.007652086205780506, 0.6207374930381775, 0.6633490324020386, 0.009059538133442402, 0.6325350403785706, 0.6049718260765076, 0.0033226904924958944, 0.6395987272262573, 0.5580742955207825, -0.0022390291560441256, 0.635509192943573, 0.7982094287872314, 0.007865987718105316, 0.655371367931366, 0.7348093390464783, 0.007459984626621008, 0.6689774990081787, 0.6990413665771484, 0.00842137262225151, 0.6793698668479919, 0.6696019768714905, 0.008547153323888779]",[]
"[0.5380788445472717, 1.0444895029067993, 2.9039647131412494e-08, 0.47016215324401855, 0.9722254276275635, -0.012324219569563866, 0.4331143796443939, 0.8604241609573364, -0.016372572630643845, 0.4077414870262146, 0.7643325328826904, -0.02029135264456272, 0.3935590982437134, 0.6897946000099182, -0.02242552861571312, 0.4996843636035919, 0.7634518146514893, 0.01104806736111641, 0.49417033791542053, 0.6599023342132568, 0.007543796207755804, 0.487746000289917, 0.6113446950912476, 0.0016960414359346032, 0.48172488808631897, 0.5778931379318237, -0.0026117602828890085, 0.5444377660751343, 0.7744184136390686, 0.008774847723543644, 0.549446165561676, 0.656293511390686, 0.01030738279223442, 0.5494965314865112, 0.5934991240501404, 0.006250922568142414, 0.550093412399292, 0.5441681146621704, 0.002045075176283717, 0.5828848481178284, 0.801647424697876, 0.0025164629332721233, 0.6000624299049377, 0.692444920539856, -0.0015238112537190318, 0.6078332662582397, 0.6314346194267273, -0.007013091817498207, 0.6120856404304504, 0.580185055732727, -0.01131331454962492, 0.6156826019287109, 0.8428621292114258, -0.005007077939808369, 0.6380167007446289, 0.7655876278877258, -0.009327399544417858, 0.6506850719451904, 0.721433162689209, -0.009357687085866928, 0.6597061157226562, 0.6834757924079895, -0.009157050400972366]",[]
"[0.5120547413825989, 1.0765454769134521, 1.9829116126857116e-07, 0.4886030852794647, 1.0065189599990845, -0.006002064794301987, 0.48861849308013916, 0.917377769947052, -0.008613277226686478, 0.49467727541923523, 0.8452848792076111, -0.010880380868911743, 0.4975350797176361, 0.789360523223877, -0.012714835815131664, 0.5088556408882141, 0.8200341463088989, -0.010676227509975433, 0.5119689702987671, 0.6964950561523438, -0.021013522520661354, 0.5117889642715454, 0.6269612908363342, -0.027810238301753998, 0.5105434656143188, 0.5750347375869751, -0.032310742884874344, 0.5399389266967773, 0.8247619271278381, -0.01811331883072853, 0.5525696277618408, 0.6950539946556091, -0.026141328737139702, 0.5587572455406189, 0.6181674003601074, -0.034021880477666855, 0.5629938244819641, 0.5604451298713684, -0.03872012346982956, 0.5680954456329346, 0.8537696599960327, -0.02642674185335636, 0.5909751057624817, 0.7398978471755981, -0.03741862252354622, 0.6063916683197021, 0.6737171411514282, -0.04639265686273575, 0.6209051609039307, 0.6188092827796936, -0.05239686369895935, 0.5911452770233154, 0.9023329019546509, -0.034731537103652954, 0.618000864982605, 0.8393118977546692, -0.04709501191973686, 0.6327670812606812, 0.8016201853752136, -0.049818672239780426, 0.6479005217552185, 0.7704908847808838, -0.049959711730480194]",[]
"[0.49345505237579346, 1.062077283859253, 4.950367156197899e-07, 0.4975202977657318, 1.0492154359817505, -0.027473879978060722, 0.5002862811088562, 1.013762354850769, -0.052876200526952744, 0.4871870279312134, 0.976188063621521, -0.07529982179403305, 0.48105359077453613, 0.9483998417854309, -0.09893370419740677, 0.4907192885875702, 0.8853664398193359, -0.052914224565029144, 0.47069597244262695, 0.7620804905891418, -0.07767141610383987, 0.4558860659599304, 0.6950603723526001, -0.09301123768091202, 0.44617027044296265, 0.6434769630432129, -0.10268788039684296, 0.4880925118923187, 0.8569276928901672, -0.054867975413799286, 0.49266159534454346, 0.6973543763160706, -0.07753055542707443, 0.5014306306838989, 0.5969183444976807, -0.09094561636447906, 0.5099599361419678, 0.5185858607292175, -0.09922648966312408, 0.4819555878639221, 0.8515576720237732, -0.057950444519519806, 0.47332853078842163, 0.7096624374389648, -0.07891473174095154, 0.46895888447761536, 0.6205145120620728, -0.09172740578651428, 0.4683223366737366, 0.550223708152771, -0.09882088750600815, 0.47225654125213623, 0.8621784448623657, -0.06212560832500458, 0.4581074118614197, 0.7643622159957886, -0.08047039061784744, 0.4490470290184021, 0.7068256139755249, -0.08619041740894318, 0.44706863164901733, 0.6589922904968262, -0.08815620839595795]",[]
"[0.4933038055896759, 1.0628464221954346, 4.899683290204848e-07, 0.498343288898468, 1.0490983724594116, -0.025839978829026222, 0.502997100353241, 1.0123207569122314, -0.05029048025608063, 0.4923667013645172, 0.973642885684967, -0.07205287367105484, 0.48824459314346313, 0.9470817446708679, -0.09503553062677383, 0.492547869682312, 0.8857993483543396, -0.05134526267647743, 0.4730549156665802, 0.7632756233215332, -0.0753159150481224, 0.458859384059906, 0.6970030069351196, -0.08988137543201447, 0.4494958519935608, 0.646314263343811, -0.09911879152059555, 0.4879845678806305, 0.8567139506340027, -0.054300323128700256, 0.4930916130542755, 0.6959420442581177, -0.07667197287082672, 0.5022640228271484, 0.595139741897583, -0.0897107943892479, 0.5109963417053223, 0.5163064002990723, -0.09749069809913635, 0.47959738969802856, 0.8513481020927429, -0.05825561285018921, 0.46891313791275024, 0.7069134712219238, -0.07967102527618408, 0.4634220004081726, 0.615138828754425, -0.09339066594839096, 0.462184876203537, 0.5419471859931946, -0.10092994570732117, 0.46748241782188416, 0.8625763654708862, -0.06304061412811279, 0.4488714933395386, 0.7648585438728333, -0.0822860449552536, 0.43642836809158325, 0.7072233557701111, -0.08889135718345642, 0.43189793825149536, 0.6590198874473572, -0.09133084118366241]",[]
"[0.49365314841270447, 1.0651154518127441, 5.649741297020228e-07, 0.5308403372764587, 1.0355634689331055, -0.02010168321430683, 0.557506263256073, 0.9936622977256775, -0.041576411575078964, 0.5557524561882019, 0.9554784297943115, -0.06153981760144234, 0.5578773617744446, 0.9248223304748535, -0.08314701169729233, 0.5367569327354431, 0.8726682066917419, -0.05809665098786354, 0.5569427609443665, 0.7195420861244202, -0.08350054919719696, 0.5700401663780212, 0.6360211968421936, -0.09493386745452881, 0.5775557160377502, 0.5784544348716736, -0.10067512094974518, 0.4999350309371948, 0.8525668382644653, -0.06257046014070511, 0.5083205699920654, 0.6892752647399902, -0.08780129253864288, 0.5155266523361206, 0.5891983509063721, -0.10162973403930664, 0.5180001854896545, 0.5177930593490601, -0.1093515083193779, 0.4649142324924469, 0.8538920879364014, -0.0663122832775116, 0.4525183439254761, 0.7135652303695679, -0.08797053247690201, 0.4463570713996887, 0.6213073134422302, -0.10184341669082642, 0.4426814317703247, 0.5503991842269897, -0.11026821285486221, 0.4338279664516449, 0.8703992962837219, -0.0700407400727272, 0.40992796421051025, 0.7773705720901489, -0.09137587249279022, 0.39336928725242615, 0.723637580871582, -0.09985116869211197, 0.3842548727989197, 0.6816966533660889, -0.1030006855726242]",[]
"[0.5186284184455872, 1.072987675666809, 1.8664566425741214e-07, 0.46642592549324036, 1.0014721155166626, -0.0075025539845228195, 0.43755149841308594, 0.9016406536102295, -0.009421813301742077, 0.41270682215690613, 0.8251476883888245, -0.01110359188169241, 0.394844114780426, 0.767358124256134, -0.012578945606946945, 0.4883407950401306, 0.8037225008010864, -0.006881755776703358, 0.4756801426410675, 0.6848991513252258, -0.015213082544505596, 0.47032615542411804, 0.613544225692749, -0.020886017009615898, 0.4677204191684723, 0.5622279644012451, -0.02491658739745617, 0.5339917540550232, 0.8130634427070618, -0.012430781498551369, 0.5351069569587708, 0.6893371343612671, -0.015612190589308739, 0.5374560952186584, 0.6177871227264404, -0.02068999595940113, 0.541144847869873, 0.5662060379981995, -0.024138368666172028, 0.5762309432029724, 0.850350022315979, -0.019601382315158844, 0.5921371579170227, 0.7409719824790955, -0.02676559053361416, 0.6030967235565186, 0.6788648962974548, -0.0344848595559597, 0.613727331161499, 0.6285859942436218, -0.040074266493320465, 0.6120213866233826, 0.9096449613571167, -0.027024418115615845, 0.6386699676513672, 0.85982346534729, -0.036729611456394196, 0.6524981260299683, 0.8283414840698242, -0.039400070905685425, 0.6641422510147095, 0.8018666505813599, -0.03949856758117676]",[]
"[0.570217490196228, 1.0138778686523438, 2.1054678711607266e-07, 0.4851143956184387, 0.9609684944152832, -0.011089542880654335, 0.43821460008621216, 0.8542493581771851, -0.01065074186772108, 0.40998005867004395, 0.759590744972229, -0.008212258107960224, 0.3930942416191101, 0.6882274150848389, -0.0034674841444939375, 0.5003809928894043, 0.7518390417098999, 0.01155843399465084, 0.4982987642288208, 0.6482320427894592, 0.016665877774357796, 0.49835672974586487, 0.6014430522918701, 0.016789669170975685, 0.49773532152175903, 0.5703073740005493, 0.016569506376981735, 0.548893928527832, 0.7571106553077698, 0.015264693647623062, 0.5510613322257996, 0.6488646268844604, 0.02756289765238762, 0.5489107966423035, 0.5901157259941101, 0.02819031849503517, 0.5463345050811768, 0.5508183836936951, 0.026378046721220016, 0.5885156989097595, 0.7797517776489258, 0.01650647073984146, 0.5966824889183044, 0.6851433515548706, 0.024014750495553017, 0.6007366180419922, 0.629461944103241, 0.023595720529556274, 0.60305255651474, 0.5897208452224731, 0.021481571719050407, 0.6237305998802185, 0.8141907453536987, 0.016658354550600052, 0.6414817571640015, 0.7421140670776367, 0.02227751538157463, 0.6518666744232178, 0.6981835961341858, 0.02657216042280197, 0.6594232320785522, 0.6633179187774658, 0.029337983578443527]",[]
"[0.5712239742279053, 1.013130784034729, 2.2902436569438578e-07, 0.48535194993019104, 0.9608609080314636, -0.011245083063840866, 0.43770158290863037, 0.8537636995315552, -0.010451369918882847, 0.40926608443260193, 0.7585532665252686, -0.00763785932213068, 0.39232000708580017, 0.6867567300796509, -0.002466262085363269, 0.5002154111862183, 0.7520855665206909, 0.013264399953186512, 0.49855807423591614, 0.6468336582183838, 0.01936923712491989, 0.49946334958076477, 0.5991904139518738, 0.019954126328229904, 0.49973657727241516, 0.5666603446006775, 0.019987788051366806, 0.5488535761833191, 0.7574729323387146, 0.01766929030418396, 0.5514373779296875, 0.6499965190887451, 0.03128552809357643, 0.5504645109176636, 0.591468334197998, 0.032583314925432205, 0.5495001673698425, 0.5529314875602722, 0.031180869787931442, 0.5884795188903809, 0.7801233530044556, 0.019528476521372795, 0.5965403318405151, 0.6872987747192383, 0.028550243005156517, 0.6008577346801758, 0.6328353881835938, 0.02919163927435875, 0.6035725474357605, 0.5946182012557983, 0.0277748703956604, 0.6242661476135254, 0.8140885829925537, 0.020159034058451653, 0.6420105695724487, 0.7423386573791504, 0.0272204726934433, 0.6520019173622131, 0.6983904838562012, 0.03235003352165222, 0.6591906547546387, 0.6637271046638489, 0.0357150137424469]",[]
"[0.5501432418823242, 1.0297125577926636, 1.0967882246859517e-07, 0.48062118887901306, 0.9559053182601929, -0.009496362879872322, 0.4394782781600952, 0.846543550491333, -0.013557715341448784, 0.40971219539642334, 0.7544335126876831, -0.017472250387072563, 0.39542356133461, 0.680891752243042, -0.01954289712011814, 0.5023082494735718, 0.7502291798591614, 0.008164930157363415, 0.49435222148895264, 0.6506898999214172, 0.0037345467135310173, 0.4891612231731415, 0.6042166948318481, -0.0025615657214075327, 0.4862857460975647, 0.5721582770347595, -0.006997859571129084, 0.5447772145271301, 0.7585414052009583, 0.0055060307495296, 0.5500856041908264, 0.6412136554718018, 0.004363359417766333, 0.5526318550109863, 0.5770256519317627, -0.0005185953341424465, 0.5562964081764221, 0.5275540351867676, -0.004769072402268648, 0.5824401378631592, 0.7839420437812805, -0.00027126111672259867, 0.597020149230957, 0.6766535043716431, -0.005556441377848387, 0.606071949005127, 0.6151895523071289, -0.010863828472793102, 0.6121715903282166, 0.5646677017211914, -0.014532261528074741, 0.6166524887084961, 0.8239326477050781, -0.006806502118706703, 0.6389777064323425, 0.7465552091598511, -0.011050992645323277, 0.6532392501831055, 0.7005859613418579, -0.01065283827483654, 0.6643499732017517, 0.6616079211235046, -0.00986914150416851]",[]
[],"[0.5177937150001526, 1.0614453554153442, 1.9500708958730684e-07, 0.4946434497833252, 0.9978156685829163, -0.007914421148598194, 0.49134451150894165, 0.9085480570793152, -0.011167517863214016, 0.4905608594417572, 0.8348908424377441, -0.013514135964214802, 0.48758262395858765, 0.7752495408058167, -0.0146133191883564, 0.5148665904998779, 0.8132027983665466, -0.010094805620610714, 0.5189623236656189, 0.6967968940734863, -0.021334605291485786, 0.5189462304115295, 0.6273872256278992, -0.02885032631456852, 0.5184069275856018, 0.576208233833313, -0.03318850323557854, 0.5439172983169556, 0.8156908750534058, -0.015094329603016376, 0.5571797490119934, 0.6938125491142273, -0.02325156331062317, 0.5640725493431091, 0.6226370334625244, -0.028973016887903214, 0.5698513984680176, 0.5690921545028687, -0.03185787796974182, 0.5703171491622925, 0.8372734189033508, -0.021300317719578743, 0.5922044515609741, 0.730121374130249, -0.0286503154784441, 0.6035639047622681, 0.6699222922325134, -0.030253656208515167, 0.6139201521873474, 0.6208854913711548, -0.03077026829123497, 0.5917941927909851, 0.8776311278343201, -0.028457431122660637, 0.6147911548614502, 0.8055809140205383, -0.034444961696863174, 0.6262526512145996, 0.7618772983551025, -0.031452424824237823, 0.6376630067825317, 0.7272331714630127, -0.027471285313367844]"
"[0.5152592658996582, 1.100778579711914, 2.5463918973400723e-07, 0.46563345193862915, 1.0626060962677002, -0.017187148332595825, 0.4321173429489136, 0.9981812238693237, -0.034525685012340546, 0.404930055141449, 0.9412251710891724, -0.050400394946336746, 0.38351836800575256, 0.8957065939903259, -0.06734137237071991, 0.45584040880203247, 0.8799359798431396, -0.03806174173951149, 0.42013195157051086, 0.7536354064941406, -0.05897840857505798, 0.3994661271572113, 0.6868482232093811, -0.07189883291721344, 0.38630497455596924, 0.6412386894226074, -0.08003673702478409, 0.4992966949939728, 0.8714770078659058, -0.04489155113697052, 0.49263641238212585, 0.7186020016670227, -0.0631069615483284, 0.49387532472610474, 0.6313438415527344, -0.07399296760559082, 0.4963958263397217, 0.5677008628845215, -0.08121839165687561, 0.5363509058952332, 0.8907271027565002, -0.053135599941015244, 0.5424917936325073, 0.7633441686630249, -0.0731448382139206, 0.5512151718139648, 0.6879529356956482, -0.0843232274055481, 0.5601292252540588, 0.6285192966461182, -0.09108783304691315, 0.5674042701721191, 0.9273650050163269, -0.061512671411037445, 0.5820633172988892, 0.8457631468772888, -0.0798327848315239, 0.5926610231399536, 0.7975715398788452, -0.08365447074174881, 0.60221928358078, 0.7574604153633118, -0.08450667560100555]",[]
"[0.4800965487957001, 1.0121132135391235, 6.167389869915496e-07, 0.5369613766670227, 0.9736512899398804, -0.02061997726559639, 0.5810276865959167, 0.9145874977111816, -0.03306521102786064, 0.6119973063468933, 0.8564847111701965, -0.043553777039051056, 0.6391409635543823, 0.808527410030365, -0.05410106107592583, 0.535747766494751, 0.7903780937194824, -0.031156938523054123, 0.5602381229400635, 0.6819851994514465, -0.04802517220377922, 0.5754029750823975, 0.6203962564468384, -0.056865062564611435, 0.5864946246147156, 0.570148229598999, -0.06254205107688904, 0.4919353425502777, 0.7741622924804688, -0.031839191913604736, 0.4993988573551178, 0.6527459025382996, -0.04799370840191841, 0.5026817917823792, 0.5759115219116211, -0.057385340332984924, 0.5022031664848328, 0.5159257650375366, -0.06329547613859177, 0.44881629943847656, 0.7850018739700317, -0.034409552812576294, 0.4332013726234436, 0.6758425831794739, -0.05246276780962944, 0.4213130474090576, 0.6035824418067932, -0.06532424688339233, 0.4124317765235901, 0.5421745181083679, -0.07318320870399475, 0.4115413427352905, 0.8169640898704529, -0.03779507800936699, 0.3796449303627014, 0.7445824146270752, -0.05760684236884117, 0.35886234045028687, 0.6982791423797607, -0.06791425496339798, 0.34537824988365173, 0.6531006097793579, -0.0731835588812828]",[]
"[0.4816814661026001, 1.0141240358352661, 6.216716883500339e-07, 0.5375648736953735, 0.9750420451164246, -0.020211447030305862, 0.581386148929596, 0.9151595830917358, -0.03234804794192314, 0.6124107837677002, 0.8561874628067017, -0.04257642477750778, 0.6394266486167908, 0.8088685274124146, -0.052814267575740814, 0.5355867743492126, 0.7920055985450745, -0.030478928238153458, 0.5601146221160889, 0.6828482151031494, -0.04691803827881813, 0.575084924697876, 0.6209179759025574, -0.055479325354099274, 0.5859940052032471, 0.5706406831741333, -0.060956113040447235, 0.4922959804534912, 0.7756205797195435, -0.031239960342645645, 0.49969857931137085, 0.6529051661491394, -0.04741373285651207, 0.5028813481330872, 0.5750166177749634, -0.056845054030418396, 0.5022192001342773, 0.5151457190513611, -0.06259613484144211, 0.44943496584892273, 0.7862774729728699, -0.033795010298490524, 0.43302273750305176, 0.6754672527313232, -0.051610901951789856, 0.4211128354072571, 0.6026661992073059, -0.0642833411693573, 0.4121769070625305, 0.541447639465332, -0.07188339531421661, 0.41211599111557007, 0.818213939666748, -0.03713463991880417, 0.3795871138572693, 0.7450696229934692, -0.056511130183935165, 0.35872018337249756, 0.6984941363334656, -0.06651827692985535, 0.3452102541923523, 0.6537522077560425, -0.07149354368448257]",[]
"[0.5085164308547974, 1.0950932502746582, 4.460964078134566e-07, 0.44520798325538635, 1.0651841163635254, -0.023484524339437485, 0.3968775272369385, 1.0109574794769287, -0.04730755090713501, 0.3631453216075897, 0.9618590474128723, -0.06940322369337082, 0.3333255350589752, 0.9253947138786316, -0.09337427467107773, 0.43187636137008667, 0.8894219398498535, -0.0554845929145813, 0.3988429307937622, 0.7655602097511292, -0.08283331245183945, 0.3800908923149109, 0.7006571292877197, -0.09768536686897278, 0.3668997883796692, 0.6520057916641235, -0.10630986094474792, 0.4837190508842468, 0.884218692779541, -0.06250985711812973, 0.4794769287109375, 0.7261554598808289, -0.08383391052484512, 0.4803500771522522, 0.6284245252609253, -0.09607154875993729, 0.4831944704055786, 0.5520939826965332, -0.10447939485311508, 0.5294209718704224, 0.9109097719192505, -0.07100331783294678, 0.5331242084503174, 0.7893387079238892, -0.0953361764550209, 0.5320096015930176, 0.7129983305931091, -0.11261153221130371, 0.5306894779205322, 0.6472804546356201, -0.12385468930006027, 0.5710633397102356, 0.9568302631378174, -0.07990676909685135, 0.5928855538368225, 0.8931702375411987, -0.1041279137134552, 0.6054129004478455, 0.8505318760871887, -0.11464513838291168, 0.6154353022575378, 0.8069195747375488, -0.12042359262704849]",[]
[],"[0.5437352657318115, 1.0181409120559692, 2.331327522142601e-07, 0.48560190200805664, 0.9526987075805664, -0.016278879716992378, 0.44845670461654663, 0.8496602773666382, -0.020241767168045044, 0.4185638427734375, 0.7735086679458618, -0.02353401854634285, 0.4008074700832367, 0.7064617872238159, -0.02529022842645645, 0.5066897869110107, 0.7654169797897339, 0.010908870957791805, 0.5046165585517883, 0.6742461919784546, 0.009429624304175377, 0.5068058967590332, 0.6249160170555115, 0.0036017759703099728, 0.5093932747840881, 0.5845877528190613, -0.002078867284581065, 0.544671893119812, 0.7806165814399719, 0.010934418998658657, 0.5498034358024597, 0.6921492218971252, 0.012113100849092007, 0.5565822124481201, 0.6429815888404846, 0.005874447524547577, 0.5652633309364319, 0.6015200614929199, 4.897843155049486e-06, 0.5791530609130859, 0.8110977411270142, 0.006771519780158997, 0.5897939801216125, 0.7323776483535767, 0.0038348741363734007, 0.5983474850654602, 0.6880360245704651, -0.0004369888047222048, 0.6072132587432861, 0.6449425220489502, -0.004026257432997227, 0.6122628450393677, 0.8541191220283508, 0.0005865627899765968, 0.6295504570007324, 0.788439154624939, -0.003901235293596983, 0.6399685740470886, 0.7460632920265198, -0.004398819990456104, 0.6508097648620605, 0.7035567760467529, -0.00465400842949748]"
"[0.592880368232727, 0.9699022173881531, 2.0169062509012292e-07, 0.5068845152854919, 0.9246207475662231, -0.01525197271257639, 0.46065467596054077, 0.827528715133667, -0.017342159524559975, 0.43567371368408203, 0.7331274747848511, -0.01727527752518654, 0.4142320454120636, 0.6667249202728271, -0.014783249236643314, 0.5246138572692871, 0.7209623456001282, 0.006698417942970991, 0.5134168863296509, 0.6277461051940918, 0.009694552049040794, 0.5018996596336365, 0.6039108633995056, 0.008193166926503181, 0.4955662786960602, 0.5974403023719788, 0.007183190435171127, 0.5700987577438354, 0.7221020460128784, 0.010170024819672108, 0.5650134682655334, 0.614179253578186, 0.02159961126744747, 0.5584208965301514, 0.5545281171798706, 0.021715408191084862, 0.5548577904701233, 0.5122700333595276, 0.01885305717587471, 0.6054813861846924, 0.7444969415664673, 0.010390420444309711, 0.6092110872268677, 0.6525794863700867, 0.013194214552640915, 0.6121307611465454, 0.5945014357566833, 0.006147361360490322, 0.6139670610427856, 0.5482295751571655, -0.0009339714306406677, 0.6349396705627441, 0.7776685953140259, 0.009583527222275734, 0.6527068018913269, 0.7169633507728577, 0.007936337031424046, 0.6664590835571289, 0.6783758401870728, 0.0059805805794894695, 0.6781406402587891, 0.6457396149635315, 0.004014976788312197]",[]
"[0.5913577079772949, 0.9706584215164185, 1.9270150630745775e-07, 0.5054943561553955, 0.9253953099250793, -0.014992658980190754, 0.4602278470993042, 0.8281642198562622, -0.016715621575713158, 0.4355218708515167, 0.7326069474220276, -0.016106775030493736, 0.4143025875091553, 0.6657439470291138, -0.013084488920867443, 0.5246629118919373, 0.7217535376548767, 0.0067850942723453045, 0.5133850574493408, 0.6267296671867371, 0.01082545518875122, 0.500989556312561, 0.6020017862319946, 0.010346773080527782, 0.49395042657852173, 0.5952557325363159, 0.010020583868026733, 0.570185661315918, 0.7233132123947144, 0.010785230435431004, 0.5647324919700623, 0.6143302321434021, 0.023385267704725266, 0.557499885559082, 0.555124044418335, 0.024353869259357452, 0.5537427067756653, 0.5132070183753967, 0.021974192932248116, 0.6055099964141846, 0.7460766434669495, 0.01166471280157566, 0.609393835067749, 0.6541464924812317, 0.015618330799043179, 0.6127434968948364, 0.5952484607696533, 0.009145954623818398, 0.6152122020721436, 0.5483354926109314, 0.002250472316518426, 0.6347456574440002, 0.7797555923461914, 0.011569119058549404, 0.6524118185043335, 0.7185484170913696, 0.010861936025321484, 0.666467547416687, 0.6794687509536743, 0.00934565532952547, 0.6782859563827515, 0.6461371183395386, 0.007546980865299702]",[]
"[0.5409106016159058, 1.0472054481506348, 2.140361488045528e-08, 0.47901707887649536, 0.9658948183059692, -0.010223954916000366, 0.4462019205093384, 0.8577150106430054, -0.0119547788053751, 0.4212990403175354, 0.766048014163971, -0.0145269725471735, 0.40639859437942505, 0.6944296360015869, -0.015408915467560291, 0.5069581270217896, 0.7630042433738708, 0.018633591011166573, 0.5004942417144775, 0.6673287749290466, 0.014532809145748615, 0.4947667419910431, 0.6213566064834595, 0.00680801086127758, 0.4905650317668915, 0.5896647572517395, 0.0012702811509370804, 0.546131432056427, 0.7681405544281006, 0.015654217451810837, 0.5494912266731262, 0.6546484231948853, 0.014555191621184349, 0.5490940809249878, 0.591797411441803, 0.008089211769402027, 0.5500125885009766, 0.5409185886383057, 0.003009829903021455, 0.5813650488853455, 0.7916167378425598, 0.00829052459448576, 0.5910741090774536, 0.6845594644546509, 0.0024700621142983437, 0.5952371954917908, 0.6244943141937256, -0.004598722793161869, 0.5970961451530457, 0.5716590285301208, -0.009080136194825172, 0.6129077076911926, 0.8313334584236145, -0.00037257347139529884, 0.6304040551185608, 0.7543781399726868, -0.004929282236844301, 0.6405142545700073, 0.7067509889602661, -0.006241185124963522, 0.6492356657981873, 0.6623022556304932, -0.006831365171819925]",[]
"[0.5078595280647278, 1.0434681177139282, 1.9186693123174337e-07, 0.5356073975563049, 1.003018856048584, -0.009436418302357197, 0.5730440616607666, 0.9387875199317932, -0.01592900976538658, 0.6046333312988281, 0.885906457901001, -0.02257104218006134, 0.6234581470489502, 0.8366482853889465, -0.028265204280614853, 0.5373740196228027, 0.8307510614395142, -0.007871031761169434, 0.5351557731628418, 0.7163110971450806, -0.019397253170609474, 0.5331276059150696, 0.6523468494415283, -0.028136326000094414, 0.5321851968765259, 0.6032254099845886, -0.03449566662311554, 0.5404242873191833, 0.8256092667579651, -0.014718621037900448, 0.5482165813446045, 0.7130661606788635, -0.02492276392877102, 0.5552346706390381, 0.6469396948814392, -0.035593003034591675, 0.562754213809967, 0.5974353551864624, -0.04335677623748779, 0.5464462041854858, 0.8401859998703003, -0.02303498238325119, 0.5693871974945068, 0.7402389049530029, -0.034963976591825485, 0.5861610174179077, 0.6807159781455994, -0.04235536977648735, 0.6014496684074402, 0.6331307291984558, -0.047533974051475525, 0.5546116232872009, 0.8716697096824646, -0.032065365463495255, 0.5791795253753662, 0.8040782809257507, -0.042832907289266586, 0.593784749507904, 0.7611441016197205, -0.04378963261842728, 0.6075855493545532, 0.725501537322998, -0.04367087408900261]",[]
"[0.49941593408584595, 1.0387855768203735, 4.1805941464190255e-07, 0.5531305074691772, 1.0027484893798828, -0.023374713957309723, 0.6006220579147339, 0.9464410543441772, -0.03284623846411705, 0.6307858228683472, 0.8919079899787903, -0.03980063274502754, 0.6545706391334534, 0.8458202481269836, -0.04653254523873329, 0.5622764229774475, 0.8200346231460571, -0.021997621282935143, 0.5836865901947021, 0.7099277377128601, -0.032305020838975906, 0.5947173237800598, 0.6513909101486206, -0.040483105927705765, 0.601628839969635, 0.6030305027961731, -0.04643366485834122, 0.5163328051567078, 0.7988304495811462, -0.019093303009867668, 0.5239191651344299, 0.6790743470191956, -0.025031158700585365, 0.5283061861991882, 0.6087477803230286, -0.03351474553346634, 0.5277224779129028, 0.5579423308372498, -0.04077121987938881, 0.4740811288356781, 0.8047345280647278, -0.018623683601617813, 0.4661685824394226, 0.6960733532905579, -0.028208523988723755, 0.4591763913631439, 0.6350247859954834, -0.04061778262257576, 0.4511891007423401, 0.5857194066047668, -0.050341732800006866, 0.43871942162513733, 0.8294751048088074, -0.01959989033639431, 0.41216129064559937, 0.7576771378517151, -0.03468602895736694, 0.39267536997795105, 0.7147697806358337, -0.044040270149707794, 0.38005614280700684, 0.676282525062561, -0.04957939311861992]",[]
"[0.4926614463329315, 1.0102797746658325, 4.5152017946747947e-07, 0.5511568784713745, 0.9736233353614807, -0.013576969504356384, 0.591995358467102, 0.9208793640136719, -0.0217345729470253, 0.6221801042556763, 0.8672868609428406, -0.0298597514629364, 0.6527098417282104, 0.8273903131484985, -0.03768003731966019, 0.5481882691383362, 0.7840815186500549, -0.009241943247616291, 0.5643296241760254, 0.6844916939735413, -0.017916318029165268, 0.5742566585540771, 0.6285147666931152, -0.023394113406538963, 0.5826098918914795, 0.5854939222335815, -0.027499649673700333, 0.5046966671943665, 0.7667461037635803, -0.011561648920178413, 0.5084114670753479, 0.6550155282020569, -0.018941424787044525, 0.5104576349258423, 0.5909348726272583, -0.025002116337418556, 0.5113440752029419, 0.5421879291534424, -0.028952112421393394, 0.46203187108039856, 0.7778224945068359, -0.016172459349036217, 0.4450216293334961, 0.6746030449867249, -0.02721455879509449, 0.43357378244400024, 0.6132411956787109, -0.03781964257359505, 0.4255790710449219, 0.5610925555229187, -0.044890325516462326, 0.42446407675743103, 0.8107019662857056, -0.02148190140724182, 0.39177632331848145, 0.7491366863250732, -0.03601238131523132, 0.3715789020061493, 0.710235059261322, -0.044045306742191315, 0.3574841618537903, 0.6708056330680847, -0.04808503016829491]",[]
"[0.49331891536712646, 1.0089937448501587, 4.530580497430492e-07, 0.5515967607498169, 0.972682774066925, -0.013950437307357788, 0.5926936268806458, 0.9206018447875977, -0.02197646163403988, 0.6224128603935242, 0.8676045536994934, -0.029877934604883194, 0.6521393656730652, 0.8272425532341003, -0.03743383660912514, 0.5477907061576843, 0.7831637859344482, -0.008640340529382229, 0.5635251998901367, 0.683653712272644, -0.016967590898275375, 0.5735275745391846, 0.6279284954071045, -0.022261444479227066, 0.5820761322975159, 0.5851435661315918, -0.026239462196826935, 0.5044019818305969, 0.7663484215736389, -0.010665426030755043, 0.5079927444458008, 0.6555105447769165, -0.01746656931936741, 0.5104159116744995, 0.5925450325012207, -0.023221774026751518, 0.5119386315345764, 0.5444782972335815, -0.026991378515958786, 0.4618402421474457, 0.7775869965553284, -0.01514576654881239, 0.4450494945049286, 0.674304723739624, -0.02594667300581932, 0.43380337953567505, 0.6133748292922974, -0.03658639267086983, 0.4260755777359009, 0.5612073540687561, -0.043694790452718735, 0.4243099093437195, 0.8103408217430115, -0.02036120556294918, 0.3914845883846283, 0.7489153742790222, -0.034889355301856995, 0.37125730514526367, 0.7101144194602966, -0.04304182156920433, 0.3573452830314636, 0.6705602407455444, -0.0471765473484993]",[]
[],"[0.5587316155433655, 1.0186526775360107, 1.7255871398447198e-07, 0.5009043216705322, 0.9664567112922668, -0.009681305848062038, 0.4629412293434143, 0.8831970691680908, -0.010686635039746761, 0.4369804859161377, 0.818297266960144, -0.011607025749981403, 0.4185130298137665, 0.7661274075508118, -0.010875663720071316, 0.502821147441864, 0.7872400879859924, 0.00868272315710783, 0.49600785970687866, 0.6995049118995667, 0.007183225825428963, 0.4939919710159302, 0.6520334482192993, 0.0035258308053016663, 0.4938560724258423, 0.6143871545791626, 0.0001241668069269508, 0.5361924171447754, 0.7888692617416382, 0.005985780619084835, 0.534049391746521, 0.6972707509994507, 0.00567948492243886, 0.5347249507904053, 0.6471008658409119, 0.002188217593356967, 0.5381339192390442, 0.607448399066925, -0.0001350521924905479, 0.5692239999771118, 0.8104318380355835, 0.00020188858616165817, 0.576029360294342, 0.7271818518638611, -0.0042523592710494995, 0.5825912356376648, 0.6798534393310547, -0.006945018656551838, 0.5914516448974609, 0.6364649534225464, -0.008267030119895935, 0.6002088785171509, 0.8479456305503845, -0.0067624724470078945, 0.6141008138656616, 0.7862885594367981, -0.011642382480204105, 0.6200972199440002, 0.7467972040176392, -0.0101484889164567, 0.627644419670105, 0.7086595892906189, -0.007883506827056408]"
"[0.5828874111175537, 0.9745293855667114, 8.473213597426366e-08, 0.5037468671798706, 0.9277297854423523, -0.013665762729942799, 0.45508119463920593, 0.8326218724250793, -0.01593904197216034, 0.42902106046676636, 0.7438337802886963, -0.01685195229947567, 0.4108346700668335, 0.6768379807472229, -0.015996750444173813, 0.5115060806274414, 0.7254822850227356, 0.005396907217800617, 0.49921485781669617, 0.6376860737800598, 0.0036754903849214315, 0.489141047000885, 0.6067143082618713, -0.001870491192676127, 0.4811527729034424, 0.5878404378890991, -0.006694778334349394, 0.5538195371627808, 0.725224494934082, 0.004470447078347206, 0.5498993396759033, 0.6225478649139404, 0.008293124847114086, 0.5429043173789978, 0.5658140778541565, 0.003540011355653405, 0.5367487668991089, 0.5240354537963867, -0.0026715858839452267, 0.5894567370414734, 0.7470472455024719, 0.00015029458154458553, 0.5985708832740784, 0.654434323310852, -0.005141096655279398, 0.6024356484413147, 0.5964733362197876, -0.015672285109758377, 0.6039371490478516, 0.5485076904296875, -0.024595066905021667, 0.6206373572349548, 0.7816009521484375, -0.004905017092823982, 0.6407888531684875, 0.7232809662818909, -0.014336391352117062, 0.653306782245636, 0.6838027834892273, -0.0201149620115757, 0.6634545922279358, 0.6471849083900452, -0.024500995874404907]",[]
"[0.577724814414978, 0.9301186203956604, 2.518243604754389e-07, 0.4997394382953644, 0.8906646370887756, -0.013379060663282871, 0.45266270637512207, 0.8000390529632568, -0.0139863770455122, 0.4336701035499573, 0.7099382877349854, -0.01276758685708046, 0.4193688929080963, 0.6458234786987305, -0.009650886058807373, 0.5154746174812317, 0.6986750364303589, 0.0036999268922954798, 0.5113797783851624, 0.607957661151886, 0.00510527053847909, 0.5068274736404419, 0.5659773945808411, 0.0036213325802236795, 0.5006819367408752, 0.5362106561660767, 0.0012944556074216962, 0.5614310503005981, 0.7003257274627686, 0.0035844878293573856, 0.5648351907730103, 0.6043415069580078, 0.009273928590118885, 0.5645772218704224, 0.5483062267303467, 0.005522615276277065, 0.565701961517334, 0.5064928531646729, 0.0004411098489072174, 0.5968272686004639, 0.722599446773529, 0.0008079647668637335, 0.61213618516922, 0.6404305696487427, -0.0023954310454428196, 0.6217525005340576, 0.5899017453193665, -0.010617559775710106, 0.629896879196167, 0.5468438267707825, -0.01766752451658249, 0.6260156631469727, 0.7570910453796387, -0.002774203894659877, 0.6508036851882935, 0.7081207036972046, -0.010196702554821968, 0.6649348139762878, 0.6749140024185181, -0.014258279465138912, 0.6776132583618164, 0.6430999636650085, -0.017038336023688316]",[]
"[0.5774186849594116, 0.930812656879425, 2.498586866295227e-07, 0.49926838278770447, 0.8915318846702576, -0.01410585455596447, 0.45270925760269165, 0.8010908365249634, -0.015017149038612843, 0.4339958131313324, 0.7105613350868225, -0.014091351069509983, 0.4197691082954407, 0.6452985405921936, -0.011340923607349396, 0.5157247185707092, 0.6990185379981995, 0.0038374161813408136, 0.5115814208984375, 0.608766496181488, 0.0050650667399168015, 0.5071224570274353, 0.5666329860687256, 0.003153255907818675, 0.5010694265365601, 0.5361961126327515, 0.0005119374836795032, 0.5616478323936462, 0.7006707191467285, 0.0039016581140458584, 0.5651836395263672, 0.604845404624939, 0.009715049527585506, 0.5649712681770325, 0.5488463044166565, 0.005835396237671375, 0.5662216544151306, 0.5068719387054443, 0.0005786868860013783, 0.5970617532730103, 0.7228533625602722, 0.001160171115770936, 0.6121745705604553, 0.6405459642410278, -0.001887788763269782, 0.6210549473762512, 0.5901463031768799, -0.010056760162115097, 0.6284030675888062, 0.5467329025268555, -0.017159493640065193, 0.6260334849357605, 0.7573383450508118, -0.0025059254840016365, 0.6502931118011475, 0.7080569863319397, -0.009745679795742035, 0.6642218828201294, 0.6751222610473633, -0.013604003004729748, 0.6767222285270691, 0.6435690522193909, -0.01629738137125969]",[]
[],"[0.523246705532074, 1.0352751016616821, 1.795119857206373e-07, 0.5740174055099487, 1.0081290006637573, -0.009700804017484188, 0.616417407989502, 0.9529526829719543, -0.013157786801457405, 0.6399614214897156, 0.8994402885437012, -0.017965048551559448, 0.6517205238342285, 0.852802574634552, -0.021733466535806656, 0.5956622362136841, 0.8182300925254822, 0.010732753202319145, 0.6079663634300232, 0.7269944548606873, 0.008409511297941208, 0.6106312870979309, 0.6747382879257202, 0.0022224190179258585, 0.6098063588142395, 0.6333315968513489, -0.0032357533928006887, 0.5567582249641418, 0.7959781289100647, 0.0071789575740695, 0.5666311979293823, 0.6988421678543091, 0.007630795240402222, 0.5715277194976807, 0.6466853618621826, 0.0026247366331517696, 0.5743702054023743, 0.6026886105537415, -0.0017405315302312374, 0.5182158350944519, 0.7902701497077942, 0.0007450683042407036, 0.5273786783218384, 0.6963852047920227, -0.0018506287597119808, 0.5352574586868286, 0.6483474373817444, -0.0031702928245067596, 0.5402867794036865, 0.6090904474258423, -0.004673151299357414, 0.4813838601112366, 0.8015415668487549, -0.007160217501223087, 0.4780946969985962, 0.7262629270553589, -0.01144900731742382, 0.4768292009830475, 0.6852635145187378, -0.008418792858719826, 0.4788423180580139, 0.6520037055015564, -0.005141854751855135]"
"[0.5051112174987793, 1.056553602218628, 4.0593195649307745e-07, 0.5480338335037231, 1.0054296255111694, -0.013460615649819374, 0.5778047442436218, 0.9300025105476379, -0.024044658988714218, 0.587722659111023, 0.8647701740264893, -0.034505829215049744, 0.5952661037445068, 0.8098545670509338, -0.04630220681428909, 0.5418822169303894, 0.8403908610343933, -0.027618082240223885, 0.539230465888977, 0.721717894077301, -0.043045248836278915, 0.5326927900314331, 0.6590074300765991, -0.052406612783670425, 0.5249664187431335, 0.6087581515312195, -0.05894400551915169, 0.5050769448280334, 0.8281345367431641, -0.0327644981443882, 0.5105719566345215, 0.6933934688568115, -0.04731665179133415, 0.5124659538269043, 0.6140705943107605, -0.057254839688539505, 0.5118556022644043, 0.5511773824691772, -0.0635807067155838, 0.46973589062690735, 0.8363908529281616, -0.03852488473057747, 0.4607224762439728, 0.7173231840133667, -0.053341761231422424, 0.4576858878135681, 0.6525945663452148, -0.06162198632955551, 0.45569372177124023, 0.6007272005081177, -0.06709837168455124, 0.4377285838127136, 0.8620200157165527, -0.04462403431534767, 0.4170328974723816, 0.7857728600502014, -0.06092001125216484, 0.4054476022720337, 0.7467451095581055, -0.06483869254589081, 0.3989458680152893, 0.714789092540741, -0.0656537339091301]",[]
"[0.4778234660625458, 1.0096384286880493, 6.905922305122658e-07, 0.5153998136520386, 0.9844534993171692, -0.02180897817015648, 0.5417823195457458, 0.9375364184379578, -0.035951826721429825, 0.5533443093299866, 0.8900147676467896, -0.04844098538160324, 0.5685052871704102, 0.8520219326019287, -0.059705477207899094, 0.5192902684211731, 0.7867997884750366, -0.019529564306139946, 0.5479803681373596, 0.6806775331497192, -0.028908971697092056, 0.5626009106636047, 0.6195564270019531, -0.03387634456157684, 0.5715888738632202, 0.5738065242767334, -0.03740227222442627, 0.4804008901119232, 0.767123818397522, -0.01900465227663517, 0.4896565079689026, 0.6412401795387268, -0.02743472531437874, 0.49430111050605774, 0.5680847764015198, -0.03092103824019432, 0.49542859196662903, 0.5103398561477661, -0.03188909590244293, 0.4420934021472931, 0.7795023322105408, -0.021541448310017586, 0.42715567350387573, 0.6671233177185059, -0.03286582976579666, 0.4178922176361084, 0.6027395129203796, -0.041543032974004745, 0.4094117283821106, 0.5457372069358826, -0.04597901925444603, 0.40763628482818604, 0.8128517866134644, -0.025559887290000916, 0.37962204217910767, 0.7381957173347473, -0.03958474099636078, 0.35809165239334106, 0.6967700719833374, -0.04673193395137787, 0.342115581035614, 0.6547314524650574, -0.049455903470516205]",[]
"[0.4641318917274475, 0.9925811886787415, 5.817838655275409e-07, 0.5115023255348206, 0.974322497844696, -0.024685794487595558, 0.5454762578010559, 0.9343088865280151, -0.041760288178920746, 0.5590965747833252, 0.8884990811347961, -0.05776093527674675, 0.5720750689506531, 0.8529805541038513, -0.07412315905094147, 0.5156382918357849, 0.783001720905304, -0.031114742159843445, 0.5381309986114502, 0.6726617813110352, -0.04567290097475052, 0.5488272309303284, 0.6059775352478027, -0.05286630988121033, 0.5538470149040222, 0.5606790781021118, -0.05746093764901161, 0.47526299953460693, 0.7603044509887695, -0.031588975340127945, 0.48149943351745605, 0.6325368881225586, -0.04333139583468437, 0.48040270805358887, 0.5584391951560974, -0.04839521646499634, 0.47739335894584656, 0.5069586038589478, -0.05115138739347458, 0.4367741048336029, 0.7696752548217773, -0.03497563675045967, 0.42261457443237305, 0.6510547995567322, -0.04750474914908409, 0.41146206855773926, 0.585312008857727, -0.056838493794202805, 0.4038436710834503, 0.5344448685646057, -0.06315270066261292, 0.40040257573127747, 0.800932765007019, -0.040201615542173386, 0.371418833732605, 0.7290101647377014, -0.0559103824198246, 0.35088086128234863, 0.6873927712440491, -0.06494031846523285, 0.33792412281036377, 0.64937424659729, -0.06962922215461731]",[]
"[0.46310681104660034, 0.9929438829421997, 5.989791702631919e-07, 0.5111461877822876, 0.9738758206367493, -0.025874240323901176, 0.5448108315467834, 0.9348469972610474, -0.04451259970664978, 0.5592517852783203, 0.8882360458374023, -0.0619463250041008, 0.5736181139945984, 0.8529391884803772, -0.07962663471698761, 0.5148050785064697, 0.7829130291938782, -0.033579520881175995, 0.5380826592445374, 0.671970009803772, -0.04981132969260216, 0.5494791865348816, 0.6042906045913696, -0.057602234184741974, 0.5553750991821289, 0.5586808919906616, -0.062351226806640625, 0.47466251254081726, 0.7612835764884949, -0.03390280529856682, 0.4811626374721527, 0.632886528968811, -0.04681365564465523, 0.4799612760543823, 0.5582196712493896, -0.051793042570352554, 0.4767485558986664, 0.5055072903633118, -0.05440473183989525, 0.4361293911933899, 0.7710530757904053, -0.03725479543209076, 0.42229998111724854, 0.6520108580589294, -0.0504484549164772, 0.4114866256713867, 0.5860928297042847, -0.05923174321651459, 0.4038969874382019, 0.5349935293197632, -0.06507331132888794, 0.39962947368621826, 0.8021330833435059, -0.04259899631142616, 0.3708919286727905, 0.7300117611885071, -0.058743834495544434, 0.3507995009422302, 0.6877480745315552, -0.06774687767028809, 0.33787256479263306, 0.6488966345787048, -0.07234790176153183]",[]
[],"[0.5501292943954468, 0.9777899384498596, 2.5949140081138466e-07, 0.4898388087749481, 0.9232204556465149, -0.01449953019618988, 0.44950994849205017, 0.838657021522522, -0.016484562307596207, 0.42325252294540405, 0.7701311111450195, -0.01792333833873272, 0.40434521436691284, 0.716041088104248, -0.017976872622966766, 0.4981548488140106, 0.7539384365081787, 0.010161529295146465, 0.4925353229045868, 0.6720256209373474, 0.005511718336492777, 0.49269354343414307, 0.6218457221984863, -0.0024919838178902864, 0.4936872720718384, 0.580254077911377, -0.009077627211809158, 0.5356395840644836, 0.7589083909988403, 0.009425895288586617, 0.5384410619735718, 0.6744855046272278, 0.008303634822368622, 0.5409170985221863, 0.6234809160232544, -0.000341234466759488, 0.5443084836006165, 0.5803161859512329, -0.007505206391215324, 0.5713347792625427, 0.7810772061347961, 0.005028663203120232, 0.5789620876312256, 0.7086709141731262, 0.0002552403602749109, 0.5851092338562012, 0.6625419855117798, -0.005342494230717421, 0.5918598771095276, 0.6233819127082825, -0.009117456153035164, 0.6066261529922485, 0.8179428577423096, -0.0012046520132571459, 0.6228436231613159, 0.7546805143356323, -0.00603764271363616, 0.6311632394790649, 0.71256422996521, -0.006296947598457336, 0.6399517059326172, 0.6737372875213623, -0.0056883362121880054]"
"[0.5886358022689819, 0.922416090965271, 3.4288260053472186e-07, 0.5116407871246338, 0.8883431553840637, -0.018487149849534035, 0.46534252166748047, 0.8037386536598206, -0.024243302643299103, 0.44141140580177307, 0.7221491932868958, -0.028001412749290466, 0.422503799200058, 0.6607369780540466, -0.03025757148861885, 0.5214846730232239, 0.7008565664291382, -0.003271169727668166, 0.5095845460891724, 0.616204559803009, -0.010215440765023232, 0.5015164017677307, 0.5708442330360413, -0.017979886382818222, 0.49432572722435, 0.5358629822731018, -0.024255800992250443, 0.5623111128807068, 0.6994646787643433, -0.0036860147956758738, 0.5614420771598816, 0.6040825247764587, -0.007092481013387442, 0.5587586760520935, 0.5443185567855835, -0.016078831627964973, 0.5585119724273682, 0.49618613719940186, -0.02373538911342621, 0.5955370664596558, 0.719066858291626, -0.007319428026676178, 0.6041964888572693, 0.633570671081543, -0.017540620639920235, 0.6074725389480591, 0.5789990425109863, -0.028183767572045326, 0.6107910871505737, 0.5301448106765747, -0.03577898070216179, 0.6251575350761414, 0.7530414462089539, -0.012245764024555683, 0.6455937623977661, 0.6970817446708679, -0.024526452645659447, 0.657791256904602, 0.6581103801727295, -0.030383219942450523, 0.6690700054168701, 0.6196967363357544, -0.033795226365327835]",[]
"[0.5782260894775391, 0.9307354092597961, 2.7238269240115187e-07, 0.5051228404045105, 0.8870935440063477, -0.017503296956419945, 0.46321380138397217, 0.798725962638855, -0.023105066269636154, 0.4405520558357239, 0.7155129909515381, -0.02703249081969261, 0.4278548061847687, 0.6490930914878845, -0.02933267503976822, 0.5228878259658813, 0.6981047987937927, -0.0008158123237080872, 0.5159920454025269, 0.610575795173645, -0.007061229087412357, 0.5113562941551208, 0.5640392899513245, -0.015131164342164993, 0.5058138370513916, 0.5273367166519165, -0.021602710708975792, 0.5642427206039429, 0.7005114555358887, -0.001602435135282576, 0.5691272616386414, 0.6012592315673828, -0.0035397352185100317, 0.5708869695663452, 0.5417306423187256, -0.01136226300150156, 0.5730544924736023, 0.49516746401786804, -0.01835349202156067, 0.5977662801742554, 0.7228606939315796, -0.005796830635517836, 0.6084253787994385, 0.6337116956710815, -0.013648987747728825, 0.6161407232284546, 0.5800406336784363, -0.022319508716464043, 0.6224045753479004, 0.5330632925033569, -0.028918180614709854, 0.6266627311706543, 0.7577474117279053, -0.011490882374346256, 0.6465674638748169, 0.6991926431655884, -0.019958414137363434, 0.6591882109642029, 0.6623002290725708, -0.02320704236626625, 0.6708409786224365, 0.6273794174194336, -0.025300998240709305]",[]
"[0.5772972106933594, 0.9306823015213013, 2.727781520661665e-07, 0.5044093132019043, 0.8863190412521362, -0.017452053725719452, 0.4627377688884735, 0.7980467677116394, -0.022985514253377914, 0.4408377408981323, 0.7156627178192139, -0.026892533525824547, 0.4279937744140625, 0.6499613523483276, -0.029165739193558693, 0.522365391254425, 0.6964297294616699, -0.0002781089278869331, 0.5149703025817871, 0.6101506352424622, -0.006299326196312904, 0.5107955932617188, 0.5637685060501099, -0.01436713058501482, 0.505782961845398, 0.5269176959991455, -0.020991455763578415, 0.5638837218284607, 0.6984168887138367, -0.0013032781425863504, 0.568822979927063, 0.6000922322273254, -0.0030867941677570343, 0.5707544684410095, 0.541053056716919, -0.010965096764266491, 0.5729712843894958, 0.49495619535446167, -0.018090717494487762, 0.5976382493972778, 0.7207619547843933, -0.0057869600132107735, 0.6080135107040405, 0.6333608627319336, -0.013817268423736095, 0.6156677603721619, 0.5805107355117798, -0.022615520283579826, 0.6218470931053162, 0.5342640280723572, -0.029344303533434868, 0.6269201636314392, 0.7556496262550354, -0.011781185865402222, 0.6466721892356873, 0.6982450485229492, -0.020685043185949326, 0.6592614054679871, 0.6620052456855774, -0.024077747017145157, 0.6711204051971436, 0.6273794770240784, -0.026259995996952057]",[]
[],"[0.5240206718444824, 1.045593023300171, 2.426768048735539e-07, 0.4721406102180481, 0.983407199382782, -0.011785750277340412, 0.43862634897232056, 0.898628294467926, -0.021824155002832413, 0.40943846106529236, 0.8327370882034302, -0.03215304762125015, 0.3834225535392761, 0.7836263179779053, -0.04286094754934311, 0.4848152697086334, 0.7929233908653259, -0.012421716004610062, 0.47659945487976074, 0.6856104135513306, -0.025749240070581436, 0.47076481580734253, 0.6219089031219482, -0.036158788949251175, 0.4667403995990753, 0.5769088864326477, -0.043724119663238525, 0.5251849293708801, 0.7976934909820557, -0.02004108764231205, 0.5315455794334412, 0.6747614741325378, -0.030478710308670998, 0.5359848141670227, 0.6047179698944092, -0.041008830070495605, 0.5416918992996216, 0.5526672005653381, -0.04819277301430702, 0.5632683038711548, 0.8285514712333679, -0.02974039688706398, 0.5832056403160095, 0.7179869413375854, -0.04374689981341362, 0.6009475588798523, 0.6549801230430603, -0.05593603104352951, 0.6176771521568298, 0.6039827466011047, -0.06449880450963974, 0.595850944519043, 0.8815263509750366, -0.03967877849936485, 0.6223902106285095, 0.827593982219696, -0.05461925268173218, 0.6399191617965698, 0.792813777923584, -0.060042764991521835, 0.6554188132286072, 0.7624725103378296, -0.06260505318641663]"
"[0.4952334761619568, 1.0309181213378906, 6.88453042130277e-07, 0.5288955569267273, 1.0008405447006226, -0.013052606955170631, 0.5528205633163452, 0.9424499869346619, -0.02565099485218525, 0.5650638937950134, 0.8880016207695007, -0.0381389856338501, 0.5805621147155762, 0.8479042053222656, -0.04990444704890251, 0.5354769825935364, 0.8211446404457092, -0.024032192304730415, 0.5655507445335388, 0.7013417482376099, -0.04078568145632744, 0.5828722715377808, 0.6297210454940796, -0.047568436712026596, 0.5953107476234436, 0.5788831114768982, -0.050149135291576385, 0.5032430291175842, 0.8014885187149048, -0.02822224237024784, 0.518895149230957, 0.6610561609268188, -0.04604677855968475, 0.5241377949714661, 0.5753626823425293, -0.05061706528067589, 0.5263133645057678, 0.506905198097229, -0.050195544958114624, 0.4672669470310211, 0.8052587509155273, -0.03422995284199715, 0.4559746980667114, 0.6724569201469421, -0.05262007191777229, 0.4426804184913635, 0.5929837822914124, -0.06118813157081604, 0.43150338530540466, 0.5282702445983887, -0.06305398046970367, 0.4297492504119873, 0.8274788856506348, -0.04048522189259529, 0.40369662642478943, 0.7362940311431885, -0.05706487596035004, 0.3842729926109314, 0.6829627156257629, -0.06341225653886795, 0.371307373046875, 0.6365401148796082, -0.06423558294773102]",[]
"[0.4876154363155365, 0.9974092841148376, 5.843074859512853e-07, 0.5262057185173035, 0.9757524728775024, -0.017752621322870255, 0.5485427379608154, 0.928598165512085, -0.028894010931253433, 0.5555493831634521, 0.8802385926246643, -0.03868679702281952, 0.5675275921821594, 0.8428671360015869, -0.04719080775976181, 0.5289666056632996, 0.78545743227005, -0.018811514601111412, 0.5585994124412537, 0.6713894605636597, -0.025539975613355637, 0.5747125744819641, 0.6038185358047485, -0.025230612605810165, 0.5846940279006958, 0.5606781244277954, -0.02344403602182865, 0.4917003810405731, 0.7629476189613342, -0.018378784880042076, 0.5066936612129211, 0.6272458434104919, -0.022837579250335693, 0.5114482641220093, 0.551491379737854, -0.01905127987265587, 0.5134670734405518, 0.49630433320999146, -0.013819732703268528, 0.45599621534347534, 0.7686764001846313, -0.02098504826426506, 0.4487125873565674, 0.6440961956977844, -0.028763651847839355, 0.4401124119758606, 0.5768682956695557, -0.034508902579545975, 0.4315774440765381, 0.5205721855163574, -0.036454666405916214, 0.42322075366973877, 0.7956124544143677, -0.02465198189020157, 0.39575302600860596, 0.7146919965744019, -0.036587394773960114, 0.37559375166893005, 0.6709561347961426, -0.04316144436597824, 0.3618674874305725, 0.6293824911117554, -0.04507782310247421]",[]
"[0.5225334167480469, 1.0028096437454224, 5.329864052328048e-07, 0.4956398010253906, 0.9893696308135986, -0.015433148480951786, 0.4691638946533203, 0.9483659267425537, -0.028542479500174522, 0.44001880288124084, 0.9126080274581909, -0.03935404121875763, 0.4222220182418823, 0.8769619464874268, -0.04920949041843414, 0.4881315231323242, 0.830649197101593, -0.02790203131735325, 0.4729008972644806, 0.7234292030334473, -0.03590511530637741, 0.46375980973243713, 0.6676080226898193, -0.038419004529714584, 0.45812249183654785, 0.6245498657226562, -0.039622340351343155, 0.492276668548584, 0.8018844127655029, -0.029193395748734474, 0.49306347966194153, 0.6617860794067383, -0.03686753287911415, 0.49435311555862427, 0.5780555009841919, -0.03838273882865906, 0.4965253472328186, 0.511633038520813, -0.03745159134268761, 0.4892388880252838, 0.7953028082847595, -0.03172393888235092, 0.46193358302116394, 0.672248363494873, -0.0428098663687706, 0.4441789984703064, 0.5978889465332031, -0.05144858360290527, 0.4323699176311493, 0.5362257957458496, -0.05526776611804962, 0.4793027341365814, 0.8039031624794006, -0.034443240612745285, 0.4431581497192383, 0.723124623298645, -0.0465119443833828, 0.4209437370300293, 0.6798519492149353, -0.051195718348026276, 0.40722155570983887, 0.6418362855911255, -0.052149493247270584]",[]
"[0.5225090980529785, 1.0078197717666626, 5.443520763037668e-07, 0.501081109046936, 0.9899104833602905, -0.016395363956689835, 0.4767184853553772, 0.9464550018310547, -0.030668267980217934, 0.4459954500198364, 0.9107930660247803, -0.04254801571369171, 0.4258316159248352, 0.8751363754272461, -0.053559545427560806, 0.4934082627296448, 0.830162763595581, -0.030938580632209778, 0.4794347584247589, 0.720920205116272, -0.040964752435684204, 0.47038933634757996, 0.6642816066741943, -0.04483207315206528, 0.4645065665245056, 0.6209133267402649, -0.04671601578593254, 0.49379605054855347, 0.8040598034858704, -0.03217272087931633, 0.4943053722381592, 0.6630268096923828, -0.04170452430844307, 0.4952189028263092, 0.5785022377967834, -0.04434442147612572, 0.49720796942710876, 0.5120314359664917, -0.043980006128549576, 0.48798513412475586, 0.799715518951416, -0.03454114496707916, 0.4610345959663391, 0.6757378578186035, -0.04676612466573715, 0.4433891475200653, 0.6001161932945251, -0.055269841104745865, 0.4319756329059601, 0.5382614731788635, -0.058836597949266434, 0.47616061568260193, 0.8112239241600037, -0.0371195413172245, 0.44111719727516174, 0.7302814722061157, -0.04972390457987785, 0.41993746161460876, 0.6862280368804932, -0.05399084836244583, 0.407232403755188, 0.6482596397399902, -0.05445513874292374]",[]
[],"[0.5902098417282104, 0.9542512893676758, 2.4338260118383914e-07, 0.5275763869285583, 0.9106009006500244, -0.0173345897346735, 0.4824066758155823, 0.8325164914131165, -0.021851958706974983, 0.4526660442352295, 0.7710687518119812, -0.024376219138503075, 0.4323652982711792, 0.7175177931785583, -0.025290528312325478, 0.5146825909614563, 0.7337725758552551, -0.002458050847053528, 0.5055132508277893, 0.6546715497970581, -0.008923741057515144, 0.5038052797317505, 0.6103619337081909, -0.016527121886610985, 0.5042439103126526, 0.5703268051147461, -0.023023119196295738, 0.5476453900337219, 0.7382004857063293, -0.0017354893498122692, 0.5466644763946533, 0.6574746966362, -0.00538340350612998, 0.5485948920249939, 0.612846851348877, -0.012168016284704208, 0.5523523092269897, 0.5711957216262817, -0.017800280824303627, 0.5794972777366638, 0.7608667612075806, -0.0042864675633609295, 0.5862770676612854, 0.6907276511192322, -0.01084707397967577, 0.5939089059829712, 0.6521432399749756, -0.014293194748461246, 0.6019099354743958, 0.6129259467124939, -0.016777191311120987, 0.6090326905250549, 0.7984744310379028, -0.0086750453338027, 0.6172847747802734, 0.7438677549362183, -0.0155286630615592, 0.6226290464401245, 0.7104865312576294, -0.015938088297843933, 0.6296594142913818, 0.6751556396484375, -0.015488505363464355]"
"[0.5800966024398804, 0.8993958234786987, 1.888413976303127e-07, 0.5102013349533081, 0.866877555847168, -0.010694005526602268, 0.46460840106010437, 0.7887541651725769, -0.014922789297997952, 0.4399491548538208, 0.712712287902832, -0.0183534175157547, 0.4226318597793579, 0.654047966003418, -0.019937440752983093, 0.5166536569595337, 0.6930944323539734, -0.0015554670244455338, 0.5028806924819946, 0.6058327555656433, -0.008019591681659222, 0.49659791588783264, 0.574995219707489, -0.013848250731825829, 0.4919094443321228, 0.5590692758560181, -0.017424525693058968, 0.5566213726997375, 0.6918951869010925, -0.0040749190375208855, 0.5515289306640625, 0.5944821834564209, -0.003759194863960147, 0.5487425327301025, 0.5404343605041504, -0.008069056086242199, 0.5470520853996277, 0.4997842311859131, -0.012441561557352543, 0.5914900302886963, 0.7111549973487854, -0.00902453251183033, 0.5978100299835205, 0.6308649778366089, -0.014180810190737247, 0.601141631603241, 0.5800625085830688, -0.020688051357865334, 0.6034736037254333, 0.5363730192184448, -0.026129065081477165, 0.6239380836486816, 0.7424942255020142, -0.014598828740417957, 0.6397078037261963, 0.6918591260910034, -0.021535977721214294, 0.648429811000824, 0.6567038297653198, -0.023486416786909103, 0.6560357809066772, 0.6227763295173645, -0.024609878659248352]",[]
"[0.5893597602844238, 0.8636806011199951, 2.708171109588875e-07, 0.5174980163574219, 0.8304216861724854, -0.009998295456171036, 0.47381895780563354, 0.7617477774620056, -0.01260101143270731, 0.45220035314559937, 0.6989878416061401, -0.014220803044736385, 0.43445873260498047, 0.6525394916534424, -0.01535083632916212, 0.5224042534828186, 0.6758139729499817, -0.01042220275849104, 0.5102649331092834, 0.5948151350021362, -0.016457449644804, 0.499225378036499, 0.5528608560562134, -0.020407497882843018, 0.4888703227043152, 0.5228862762451172, -0.023799752816557884, 0.5631313323974609, 0.6715272665023804, -0.013990852981805801, 0.5635787844657898, 0.5825868248939514, -0.018562743440270424, 0.558260440826416, 0.5291985869407654, -0.02483733929693699, 0.5547585487365723, 0.4904158115386963, -0.029835736379027367, 0.5962604880332947, 0.6896887421607971, -0.01880330592393875, 0.6050148606300354, 0.6115486025810242, -0.03009415604174137, 0.6082499027252197, 0.5651315450668335, -0.039786797016859055, 0.6117826104164124, 0.5284639596939087, -0.04623071849346161, 0.6233038902282715, 0.723115086555481, -0.02352835237979889, 0.6426635980606079, 0.6800118088722229, -0.03787737339735031, 0.6524500250816345, 0.649844229221344, -0.04373454302549362, 0.6601791381835938, 0.6217146515846252, -0.04650615155696869]",[]
"[0.5851579308509827, 0.8578888177871704, 2.937564715921326e-07, 0.5118711590766907, 0.8304384350776672, -0.010586530901491642, 0.4652438163757324, 0.7602850794792175, -0.01380018051713705, 0.4422071576118469, 0.6906079053878784, -0.015573794022202492, 0.4260519742965698, 0.6377175450325012, -0.016526399180293083, 0.5060293078422546, 0.6842897534370422, -0.013562365435063839, 0.4897448420524597, 0.6012613773345947, -0.02149958722293377, 0.47758036851882935, 0.5619603395462036, -0.025542154908180237, 0.467373788356781, 0.5373744368553162, -0.028180306777358055, 0.549306333065033, 0.6734020113945007, -0.016446728259325027, 0.5482857823371887, 0.5817343592643738, -0.02098839171230793, 0.5425090193748474, 0.5284838676452637, -0.026646584272384644, 0.5371284484863281, 0.4913596510887146, -0.031095046550035477, 0.5859231352806091, 0.6859821081161499, -0.020515212789177895, 0.5933390855789185, 0.6112083792686462, -0.031094420701265335, 0.5962885618209839, 0.5641997456550598, -0.04008253663778305, 0.5973097085952759, 0.5265214443206787, -0.04613977670669556, 0.6152052879333496, 0.7144661545753479, -0.024380190297961235, 0.6330997347831726, 0.6748005747795105, -0.03703312948346138, 0.6423109173774719, 0.6481708884239197, -0.04142206162214279, 0.6479222774505615, 0.6249653697013855, -0.04325474053621292]",[]
"[0.5854564309120178, 0.8567602038383484, 2.8462829959607916e-07, 0.512325644493103, 0.8310074806213379, -0.009632131084799767, 0.4659866392612457, 0.7627224922180176, -0.012310448102653027, 0.4432038962841034, 0.6950756311416626, -0.013618893921375275, 0.42770886421203613, 0.643606424331665, -0.01426050066947937, 0.5042501091957092, 0.6858176589012146, -0.013397795148193836, 0.48445257544517517, 0.6050996780395508, -0.020715389400720596, 0.47157666087150574, 0.5669242739677429, -0.024179590865969658, 0.4614044725894928, 0.5424951314926147, -0.0265214703977108, 0.5482795238494873, 0.6735634207725525, -0.016713475808501244, 0.5462185740470886, 0.58219313621521, -0.02080627530813217, 0.5408804416656494, 0.5295611619949341, -0.02634586952626705, 0.5358946919441223, 0.4921959638595581, -0.030669059604406357, 0.5857415795326233, 0.6856279373168945, -0.021043982356786728, 0.5931687355041504, 0.6107375025749207, -0.031819552183151245, 0.596488356590271, 0.5634979009628296, -0.041309207677841187, 0.5977279543876648, 0.5250450372695923, -0.047622907906770706, 0.6155644655227661, 0.713912308216095, -0.024952638894319534, 0.6329377889633179, 0.6746171116828918, -0.03798253834247589, 0.6418299078941345, 0.6484629511833191, -0.04247130826115608, 0.6469839215278625, 0.6255246996879578, -0.044302184134721756]",[]
"[0.5718708634376526, 0.9375062584877014, 2.2914944963758899e-07, 0.5036980509757996, 0.8948156237602234, -0.021696755662560463, 0.4527119994163513, 0.8015657067298889, -0.029591573402285576, 0.4205257296562195, 0.7166889309883118, -0.03483317047357559, 0.40070459246635437, 0.6493266224861145, -0.03857436031103134, 0.5014673471450806, 0.7209640741348267, -0.013992979191243649, 0.4881007671356201, 0.6333725452423096, -0.02596723660826683, 0.48212364315986633, 0.5834658741950989, -0.03515816107392311, 0.47920578718185425, 0.5417217016220093, -0.04201328009366989, 0.5399608016014099, 0.7218858003616333, -0.013822629116475582, 0.5377375483512878, 0.623415470123291, -0.022103678435087204, 0.5384671092033386, 0.5646656155586243, -0.030002621933817863, 0.5420854091644287, 0.5171582102775574, -0.03656959533691406, 0.5736368894577026, 0.740685224533081, -0.016929177567362785, 0.5814365148544312, 0.6553914546966553, -0.02919815666973591, 0.589707612991333, 0.6044636368751526, -0.03551629185676575, 0.5979489088058472, 0.5589691400527954, -0.03955789655447006, 0.6035363674163818, 0.7726275324821472, -0.02180558070540428, 0.6141589879989624, 0.7084999084472656, -0.03453965112566948, 0.6224006414413452, 0.6684502363204956, -0.038033682852983475, 0.630889356136322, 0.6319966316223145, -0.03951761871576309]",[]
"[0.5604576468467712, 0.976795494556427, 4.3982683450849436e-07, 0.515166699886322, 0.9304665327072144, -0.012210655957460403, 0.4928738474845886, 0.8510825634002686, -0.01864231564104557, 0.48508957028388977, 0.7804198265075684, -0.02298545092344284, 0.4789915680885315, 0.7262450456619263, -0.02704031951725483, 0.5026706457138062, 0.7726213335990906, -0.024756839498877525, 0.4947059452533722, 0.6585060358047485, -0.038678884506225586, 0.4886099100112915, 0.5890800356864929, -0.04755611717700958, 0.4841456115245819, 0.5352768898010254, -0.05319623276591301, 0.5285530090332031, 0.7719172239303589, -0.028632208704948425, 0.5281023979187012, 0.6509726047515869, -0.040545493364334106, 0.5288851857185364, 0.5723560452461243, -0.04937507212162018, 0.5318309664726257, 0.5105845928192139, -0.05472162738442421, 0.5527713894844055, 0.7924501895904541, -0.03310943394899368, 0.5624818205833435, 0.690554141998291, -0.046692248433828354, 0.5758901834487915, 0.6266312599182129, -0.055592603981494904, 0.591110110282898, 0.5725858211517334, -0.06099924445152283, 0.5722166895866394, 0.8287972807884216, -0.037841085344552994, 0.5851954221725464, 0.7692830562591553, -0.05187254026532173, 0.5964471101760864, 0.7363473773002625, -0.054854512214660645, 0.6090067028999329, 0.708545446395874, -0.055030956864356995]",[]
"[0.5580665469169617, 1.006157398223877, 4.6774439965702186e-07, 0.49277687072753906, 0.9929745197296143, -0.015748700127005577, 0.43969476222991943, 0.9321619272232056, -0.02885197475552559, 0.39851048588752747, 0.8733310699462891, -0.03947337344288826, 0.36857253313064575, 0.8244850635528564, -0.05024087429046631, 0.4687352180480957, 0.8333426117897034, -0.03467762842774391, 0.42701590061187744, 0.7268868088722229, -0.04917402192950249, 0.4027142822742462, 0.6639899015426636, -0.056119631975889206, 0.38651198148727417, 0.6152374148368835, -0.059893570840358734, 0.5087317824363708, 0.8066226243972778, -0.03750421106815338, 0.49423858523368835, 0.66358482837677, -0.05063660815358162, 0.487714558839798, 0.5771868824958801, -0.056269969791173935, 0.4843129813671112, 0.5112242698669434, -0.05897107347846031, 0.5435459017753601, 0.8038944602012634, -0.0410187728703022, 0.5323728322982788, 0.6711021065711975, -0.057985566556453705, 0.5260939598083496, 0.5932787656784058, -0.06573542207479477, 0.5232172608375549, 0.5309277176856995, -0.06898097693920135, 0.5726304054260254, 0.8160374760627747, -0.044267334043979645, 0.5819217562675476, 0.7146822214126587, -0.06129667907953262, 0.5931934118270874, 0.6498589515686035, -0.06509006023406982, 0.6035690307617188, 0.5946326851844788, -0.06515632569789886]",[]
"[0.5666718482971191, 1.0111737251281738, 5.072753879176162e-07, 0.49947500228881836, 0.9936082363128662, -0.018011704087257385, 0.4442889094352722, 0.9352442026138306, -0.031832318753004074, 0.40024375915527344, 0.8803336024284363, -0.043330464512109756, 0.3716331720352173, 0.831549882888794, -0.05542439967393875, 0.47395122051239014, 0.8314796686172485, -0.03389909490942955, 0.4304753541946411, 0.7288814187049866, -0.05124016851186752, 0.40537968277931213, 0.6667299270629883, -0.06111714243888855, 0.3889251947402954, 0.6200039386749268, -0.06702276319265366, 0.5144590735435486, 0.8084129095077515, -0.03690372407436371, 0.5026365518569946, 0.6663254499435425, -0.049954865127801895, 0.498486191034317, 0.5787090063095093, -0.057459741830825806, 0.4974060654640198, 0.5107771754264832, -0.06195680797100067, 0.551372766494751, 0.8121335506439209, -0.041421737521886826, 0.5408207774162292, 0.689152717590332, -0.05884833633899689, 0.5368975400924683, 0.6150193214416504, -0.07005099207162857, 0.5356248617172241, 0.5510752201080322, -0.07665508985519409, 0.5829256772994995, 0.8338892459869385, -0.04594709351658821, 0.5934855937957764, 0.757033109664917, -0.06607605516910553, 0.6059684753417969, 0.7110387086868286, -0.07259880751371384, 0.6183079481124878, 0.6700964570045471, -0.07471496611833572]",[]
"[0.5694823861122131, 1.0046541690826416, 4.83443557186547e-07, 0.5010650157928467, 0.9910195469856262, -0.015408974140882492, 0.4441162943840027, 0.9336905479431152, -0.028475454077124596, 0.4006443917751312, 0.8786889314651489, -0.03934234008193016, 0.3718084990978241, 0.8300462961196899, -0.05039731413125992, 0.47119200229644775, 0.8336728811264038, -0.03457292541861534, 0.42705973982810974, 0.7291465997695923, -0.050472844392061234, 0.4026162624359131, 0.6668646931648254, -0.05838871747255325, 0.3864060342311859, 0.6196653246879578, -0.06259047240018845, 0.5116814374923706, 0.8064650893211365, -0.037735410034656525, 0.4967026710510254, 0.6637611985206604, -0.05027817189693451, 0.4914413094520569, 0.5759232044219971, -0.05614122375845909, 0.489807665348053, 0.5098302364349365, -0.05942191556096077, 0.549483060836792, 0.8035882115364075, -0.04177223518490791, 0.5367293953895569, 0.6787749528884888, -0.05797508731484413, 0.5308491587638855, 0.6043219566345215, -0.06680046766996384, 0.5281558036804199, 0.5429078340530396, -0.07147380709648132, 0.583118200302124, 0.8166850805282593, -0.04558296129107475, 0.592328667640686, 0.725130558013916, -0.06262680143117905, 0.6036067008972168, 0.6679523587226868, -0.06709688901901245, 0.6148177981376648, 0.618617832660675, -0.06793255358934402]",[]
[],"[0.49474698305130005, 0.7230309247970581, 3.0027919706299144e-07, 0.5384702086448669, 0.6792895793914795, -0.010844468139111996, 0.5608392953872681, 0.6200737953186035, -0.018467562273144722, 0.5774726867675781, 0.5625779032707214, -0.024301746860146523, 0.5909883975982666, 0.5199580192565918, -0.030515151098370552, 0.538566529750824, 0.5369987487792969, -0.025664575397968292, 0.5418493747711182, 0.45155689120292664, -0.037282440811395645, 0.5415165424346924, 0.4007163643836975, -0.04352022707462311, 0.5411666035652161, 0.36378052830696106, -0.04753268510103226, 0.5086595416069031, 0.5313166975975037, -0.025523072108626366, 0.5057784914970398, 0.44193288683891296, -0.038650497794151306, 0.5042712688446045, 0.3885583281517029, -0.04616734758019447, 0.5024496912956238, 0.35031360387802124, -0.05079854652285576, 0.481288343667984, 0.5445643663406372, -0.025227541103959084, 0.4666924774646759, 0.46937039494514465, -0.036284733563661575, 0.45694059133529663, 0.4236122965812683, -0.04207443818449974, 0.4490700960159302, 0.3891104757785797, -0.04555334523320198, 0.4609746038913727, 0.5723720788955688, -0.025048980489373207, 0.4412815272808075, 0.5210006833076477, -0.03400955721735954, 0.42991119623184204, 0.49293893575668335, -0.03730331361293793, 0.42072975635528564, 0.46964287757873535, -0.038528744131326675]"
[],"[0.4955216646194458, 0.6597803235054016, 1.9774394388605288e-07, 0.5209419131278992, 0.6039587259292603, 0.001791508519090712, 0.5324698090553284, 0.5456881523132324, -0.0012528251390904188, 0.5423782467842102, 0.4986962676048279, -0.005068300757557154, 0.5510905981063843, 0.4649444818496704, -0.010521823540329933, 0.5179569721221924, 0.5012110471725464, -0.016625873744487762, 0.5228216648101807, 0.4285857081413269, -0.02735990099608898, 0.5220838785171509, 0.38445740938186646, -0.03309518098831177, 0.5214174389839172, 0.35246118903160095, -0.03669636324048042, 0.4976508319377899, 0.5074783563613892, -0.02294529601931572, 0.49207642674446106, 0.4284417927265167, -0.03285421058535576, 0.48529449105262756, 0.38385486602783203, -0.03841095045208931, 0.4795511066913605, 0.3529219627380371, -0.04224470257759094, 0.4769158959388733, 0.5279834270477295, -0.028262250125408173, 0.4620291590690613, 0.45813244581222534, -0.037814754992723465, 0.45111560821533203, 0.41786447167396545, -0.04254860803484917, 0.44259917736053467, 0.3889888525009155, -0.04573158547282219, 0.45909398794174194, 0.5591865181922913, -0.03239389881491661, 0.4364318549633026, 0.5195528268814087, -0.041694797575473785, 0.42340025305747986, 0.49646976590156555, -0.044214870780706406, 0.4131729304790497, 0.4743953347206116, -0.04508133977651596]"
[],"[0.4962502419948578, 0.7246794700622559, 2.264609832991482e-07, 0.5401479601860046, 0.6812334060668945, -0.0032025037799030542, 0.5609535574913025, 0.6198713183403015, -0.0045784576795995235, 0.5711847543716431, 0.5651529431343079, -0.005054050590842962, 0.5772992372512817, 0.5213953256607056, -0.0060800826177001, 0.54013991355896, 0.5509870052337646, -0.01471906527876854, 0.5434956550598145, 0.46732479333877563, -0.02132657915353775, 0.5430800914764404, 0.4199070930480957, -0.02361457608640194, 0.5433434247970581, 0.3843380808830261, -0.02464798092842102, 0.5102558732032776, 0.5420438051223755, -0.015379445627331734, 0.5063926577568054, 0.4573894739151001, -0.02317032590508461, 0.5031867027282715, 0.4062054753303528, -0.027268538251519203, 0.4997355341911316, 0.3713206648826599, -0.029097722843289375, 0.48381307721138, 0.5511714220046997, -0.015275940299034119, 0.4713084101676941, 0.4817601442337036, -0.021529030054807663, 0.4627123475074768, 0.43978726863861084, -0.024459494277834892, 0.4556300938129425, 0.40780025720596313, -0.02563672699034214, 0.46392083168029785, 0.576661229133606, -0.014673651196062565, 0.44687116146087646, 0.5297108292579651, -0.019650205969810486, 0.4356273114681244, 0.5051470398902893, -0.0202828086912632, 0.4273190200328827, 0.48504528403282166, -0.019138600677251816]"
"[0.4976133108139038, 0.7542287707328796, 2.7405522473600286e-07, 0.5401498079299927, 0.7203153371810913, -0.012868331745266914, 0.5672608017921448, 0.662729024887085, -0.020495856180787086, 0.5831027626991272, 0.6113801002502441, -0.02699165977537632, 0.5956077575683594, 0.571966290473938, -0.035424333065748215, 0.5435190796852112, 0.5954779982566833, -0.02839081734418869, 0.5506932139396667, 0.5136222243309021, -0.041973672807216644, 0.552537202835083, 0.4627670347690582, -0.05039134994149208, 0.5548062324523926, 0.41922539472579956, -0.05732661858201027, 0.5131508111953735, 0.5808300971984863, -0.03066873736679554, 0.509393036365509, 0.4945288896560669, -0.04583575204014778, 0.5067500472068787, 0.436489075422287, -0.058174580335617065, 0.5045375823974609, 0.3895101845264435, -0.06770937889814377, 0.48564809560775757, 0.5900106430053711, -0.032989200204610825, 0.47048577666282654, 0.5099519491195679, -0.04826756566762924, 0.4602844715118408, 0.46180784702301025, -0.060274891555309296, 0.4527834951877594, 0.42300984263420105, -0.06896667927503586, 0.464457631111145, 0.6189010143280029, -0.03541221469640732, 0.4438786208629608, 0.5630720257759094, -0.050621092319488525, 0.43014034628868103, 0.5340937376022339, -0.059662505984306335, 0.42121219635009766, 0.507899284362793, -0.06574180722236633]",[]
[],"[0.5056427121162415, 0.726590633392334, 2.0088440066956537e-07, 0.5491252541542053, 0.6779484152793884, 0.00607675826177001, 0.565112292766571, 0.6148831844329834, 0.007604713086038828, 0.5746766924858093, 0.5570762753486633, 0.008705795742571354, 0.579025149345398, 0.5160322785377502, 0.008875290863215923, 0.5469091534614563, 0.5490971207618713, -0.012840529903769493, 0.5508028864860535, 0.4632839858531952, -0.018667669966816902, 0.5491310358047485, 0.41450080275535583, -0.02002476155757904, 0.5478857159614563, 0.3778543472290039, -0.020844127982854843, 0.5162894129753113, 0.5426840782165527, -0.017756527289748192, 0.5087040662765503, 0.4516265392303467, -0.02673427015542984, 0.5038197040557861, 0.39946648478507996, -0.030464142560958862, 0.4993571639060974, 0.362841933965683, -0.032244905829429626, 0.4873633086681366, 0.5544500946998596, -0.02050025947391987, 0.46937835216522217, 0.47652480006217957, -0.02661464549601078, 0.45757952332496643, 0.43390846252441406, -0.028743090108036995, 0.4480624794960022, 0.4030466675758362, -0.02976030297577381, 0.46598386764526367, 0.5838814377784729, -0.021769359707832336, 0.4455314576625824, 0.5379869937896729, -0.025299370288848877, 0.4330559968948364, 0.5150699019432068, -0.025008495897054672, 0.4233143925666809, 0.4954143762588501, -0.02362256497144699]"
[],"[0.5100768804550171, 0.7198633551597595, 2.546942141634645e-07, 0.5514500141143799, 0.6786180138587952, -0.003221190767362714, 0.5718002915382385, 0.6178074479103088, -0.005061901640146971, 0.584613025188446, 0.5623309016227722, -0.0064004589803516865, 0.5909289121627808, 0.5214016437530518, -0.008484204299747944, 0.5474681258201599, 0.5487131476402283, -0.014474601484835148, 0.5497358441352844, 0.46924716234207153, -0.021020254120230675, 0.5487855672836304, 0.422914981842041, -0.024002546444535255, 0.5490210652351379, 0.3870154619216919, -0.026641253381967545, 0.5179003477096558, 0.5417822003364563, -0.017062315717339516, 0.5112897157669067, 0.4595218598842621, -0.025888126343488693, 0.506637692451477, 0.4084615111351013, -0.03231584280729294, 0.5030552744865417, 0.37062180042266846, -0.03675456345081329, 0.4906070828437805, 0.5541974306106567, -0.018928974866867065, 0.47459056973457336, 0.48112237453460693, -0.027219798415899277, 0.464004248380661, 0.4378260672092438, -0.03350711241364479, 0.45603084564208984, 0.40429478883743286, -0.03790789842605591, 0.47096484899520874, 0.5846667885780334, -0.02021707594394684, 0.4488866627216339, 0.5411087870597839, -0.028270017355680466, 0.43515220284461975, 0.5171355605125427, -0.032398294657468796, 0.42551136016845703, 0.49482783675193787, -0.03447915241122246]"
[],"[0.49758413434028625, 0.7570304274559021, 2.671223171546444e-07, 0.5441451668739319, 0.7224947214126587, -0.007553198374807835, 0.5686779618263245, 0.665475606918335, -0.012618261389434338, 0.5811795592308044, 0.6114851832389832, -0.01742415875196457, 0.5879862904548645, 0.5696918368339539, -0.024386977776885033, 0.5462358593940735, 0.5992468595504761, -0.026266511529684067, 0.5549626350402832, 0.5212462544441223, -0.03931543976068497, 0.5579289793968201, 0.4723501205444336, -0.046776603907346725, 0.5613402724266052, 0.42953723669052124, -0.05282710865139961, 0.5141890645027161, 0.5827460289001465, -0.030285317450761795, 0.5099392533302307, 0.4970038831233978, -0.0455777682363987, 0.5070178508758545, 0.4391193985939026, -0.05704602599143982, 0.5042029619216919, 0.3919370174407959, -0.06587585061788559, 0.48465925455093384, 0.59023118019104, -0.033653438091278076, 0.46516889333724976, 0.515944242477417, -0.04910456761717796, 0.4508712589740753, 0.47054246068000793, -0.05996646732091904, 0.44016197323799133, 0.4337415099143982, -0.06770466268062592, 0.46131178736686707, 0.617374837398529, -0.036552947014570236, 0.43950650095939636, 0.5670951008796692, -0.05096006020903587, 0.4249637722969055, 0.5414395928382874, -0.05848747119307518, 0.4149971902370453, 0.5169539451599121, -0.06343937665224075]"
"[0.5156819224357605, 0.7743051052093506, 2.3469239351925353e-07, 0.5601050853729248, 0.755424439907074, -0.00701641570776701, 0.585157036781311, 0.6965548992156982, -0.010057569481432438, 0.5969049334526062, 0.638064444065094, -0.011335814371705055, 0.6077790260314941, 0.5981693863868713, -0.013057967647910118, 0.5664786696434021, 0.6061223149299622, -0.0192580446600914, 0.5771969556808472, 0.5356768369674683, -0.026193318888545036, 0.5839661955833435, 0.49399131536483765, -0.02999860793352127, 0.5890757441520691, 0.4623449742794037, -0.03363146632909775, 0.5389543175697327, 0.5801880359649658, -0.022081786766648293, 0.5323717594146729, 0.47605082392692566, -0.03712603822350502, 0.5262007117271423, 0.40420544147491455, -0.04631863534450531, 0.5216007232666016, 0.35037416219711304, -0.05086308717727661, 0.5132275223731995, 0.5780869722366333, -0.024208834394812584, 0.5152230262756348, 0.4770442545413971, -0.0421537309885025, 0.5189108848571777, 0.41111183166503906, -0.05381600558757782, 0.5220434069633484, 0.3577951192855835, -0.05908612534403801, 0.49266284704208374, 0.5984934568405151, -0.025027228519320488, 0.4810703694820404, 0.5322781205177307, -0.04300565645098686, 0.47297394275665283, 0.4912363290786743, -0.05076896771788597, 0.4681367874145508, 0.4566380977630615, -0.05333536118268967]",[]
[],"[0.5275402069091797, 0.7834840416908264, 5.25659174854809e-07, 0.5728221535682678, 0.7603108286857605, -0.01631724275648594, 0.594755232334137, 0.7113940119743347, -0.028612060472369194, 0.6068417429924011, 0.6572180390357971, -0.03703145310282707, 0.616950511932373, 0.6101894974708557, -0.045168086886405945, 0.5714886784553528, 0.611838161945343, -0.044526953250169754, 0.5910669565200806, 0.5253469944000244, -0.06327775865793228, 0.6065685153007507, 0.4785830080509186, -0.07091619819402695, 0.6210522055625916, 0.4469004273414612, -0.0748218446969986, 0.5412745475769043, 0.5917236804962158, -0.04464782401919365, 0.5359758138656616, 0.47398489713668823, -0.07194029539823532, 0.5343832969665527, 0.3934227228164673, -0.08653421700000763, 0.5353720188140869, 0.3354581594467163, -0.0934554934501648, 0.5135682821273804, 0.599534273147583, -0.043128397315740585, 0.4986104965209961, 0.5074272155761719, -0.06722383201122284, 0.48903688788414, 0.44357481598854065, -0.08051836490631104, 0.48496419191360474, 0.39286136627197266, -0.08616471290588379, 0.4932200610637665, 0.6312040090560913, -0.04079339653253555, 0.4684486389160156, 0.5821239352226257, -0.05998476967215538, 0.45522475242614746, 0.5529351830482483, -0.06772790849208832, 0.44590213894844055, 0.5289347171783447, -0.06999345123767853]"
