Left,Right
"[0.5069088339805603, 0.2607085108757019, 1.8786785460633837e-07, 0.49335211515426636, 0.3158995509147644, 0.009236116893589497, 0.4805091321468353, 0.3786070644855499, 0.009239422157406807, 0.4705924987792969, 0.42250216007232666, 0.0066050817258656025, 0.4659191071987152, 0.4602070450782776, 0.0029715802520513535, 0.4705657362937927, 0.42088183760643005, -0.00858321227133274, 0.4509560465812683, 0.48801836371421814, -0.02272510901093483, 0.43312713503837585, 0.5260209441184998, -0.03127606585621834, 0.41731178760528564, 0.5535585880279541, -0.036665841937065125, 0.47333991527557373, 0.4163317084312439, -0.02228519693017006, 0.47054311633110046, 0.5091692209243774, -0.0373496450483799, 0.4698900282382965, 0.573759913444519, -0.04743474721908569, 0.4707425832748413, 0.6246955990791321, -0.054090965539216995, 0.4761230945587158, 0.3937685489654541, -0.035063549876213074, 0.47445300221443176, 0.4725048542022705, -0.04974249750375748, 0.47895705699920654, 0.524715781211853, -0.05947839096188545, 0.4824787974357605, 0.5694524645805359, -0.06635049730539322, 0.47710469365119934, 0.3585153818130493, -0.04639694094657898, 0.47264328598976135, 0.3874607980251312, -0.06328874826431274, 0.4705756902694702, 0.4144473671913147, -0.07237743586301804, 0.46872586011886597, 0.4433513283729553, -0.0781465470790863]",[]
"[0.4692207872867584, 0.2538401484489441, 1.648391361186441e-07, 0.5194144248962402, 0.28085756301879883, -0.004114904440939426, 0.5503973364830017, 0.3381853699684143, 0.0005677380249835551, 0.5682532787322998, 0.39396393299102783, 0.008681484498083591, 0.5806682705879211, 0.4330575466156006, 0.018349025398492813, 0.5290553569793701, 0.4563525915145874, 0.0038853853475302458, 0.5462926030158997, 0.5289774537086487, 0.012441190890967846, 0.5586020350456238, 0.5695141553878784, 0.019342314451932907, 0.565838098526001, 0.5986802577972412, 0.024038588628172874, 0.5002045631408691, 0.4675357937812805, 0.011271962895989418, 0.49865105748176575, 0.545543909072876, 0.020743753761053085, 0.4918595552444458, 0.5840258002281189, 0.02525843121111393, 0.48344388604164124, 0.6088049411773682, 0.028130965307354927, 0.4737517237663269, 0.4564899504184723, 0.018401402980089188, 0.4654417335987091, 0.5214825868606567, 0.022166313603520393, 0.4546322822570801, 0.5588656663894653, 0.019313514232635498, 0.44231346249580383, 0.5823047757148743, 0.017344482243061066, 0.45097795128822327, 0.43534424901008606, 0.02627856843173504, 0.4423752725124359, 0.47903287410736084, 0.027357010170817375, 0.4327426552772522, 0.5029044151306152, 0.02516634576022625, 0.4225507974624634, 0.5215977430343628, 0.024331457912921906]",[]
"[0.46327775716781616, 0.3078140318393707, 3.587459502796264e-07, 0.5049986243247986, 0.3393796682357788, -0.006020873785018921, 0.5358148813247681, 0.3890421390533447, -0.015124504454433918, 0.5557461977005005, 0.4376567304134369, -0.0231022909283638, 0.5707942843437195, 0.4790779948234558, -0.0330226793885231, 0.516127347946167, 0.43532007932662964, -0.033016081899404526, 0.5301905274391174, 0.5064672231674194, -0.049415223300457, 0.5377154350280762, 0.5546126961708069, -0.05892212316393852, 0.5424619913101196, 0.5944673418998718, -0.06569597125053406, 0.49398741126060486, 0.4473632574081421, -0.03960148245096207, 0.5010029673576355, 0.5285441875457764, -0.05742347612977028, 0.5051977634429932, 0.5863393545150757, -0.06830058246850967, 0.5060898065567017, 0.6305396556854248, -0.07626387476921082, 0.47096842527389526, 0.44375357031822205, -0.045258961617946625, 0.4741404950618744, 0.5262510776519775, -0.06566271185874939, 0.47160735726356506, 0.5832422971725464, -0.07778309285640717, 0.46666207909584045, 0.6277002692222595, -0.08536361902952194, 0.44733279943466187, 0.43011459708213806, -0.04963541775941849, 0.4454524517059326, 0.4908784031867981, -0.0708344578742981, 0.4388425946235657, 0.5364677309989929, -0.08099547773599625, 0.43032243847846985, 0.5736961364746094, -0.08700133115053177]",[]
[],"[0.5507819056510925, 0.3845158517360687, 3.84557466759361e-07, 0.5246553421020508, 0.4096188247203827, -0.012366662733256817, 0.499776691198349, 0.4453727900981903, -0.02364751324057579, 0.47870323061943054, 0.47095462679862976, -0.03301091864705086, 0.46291422843933105, 0.49986061453819275, -0.04252239316701889, 0.5162524580955505, 0.5070505142211914, -0.03090342879295349, 0.49627646803855896, 0.5740587711334229, -0.04556618258357048, 0.47944656014442444, 0.614423930644989, -0.05399045720696449, 0.46578922867774963, 0.6436787843704224, -0.05871441587805748, 0.5277556777000427, 0.5153571963310242, -0.032326165586709976, 0.5120737552642822, 0.5951622128486633, -0.04773004353046417, 0.4924211800098419, 0.644839882850647, -0.056034039705991745, 0.47649073600769043, 0.6767534613609314, -0.06070110574364662, 0.5375456213951111, 0.5095903873443604, -0.033640749752521515, 0.5223166942596436, 0.5849870443344116, -0.047532208263874054, 0.5018131732940674, 0.6317344903945923, -0.056481845676898956, 0.4839423596858978, 0.6636381149291992, -0.06211273372173309, 0.5446977019309998, 0.49267423152923584, -0.035020504146814346, 0.5348133444786072, 0.5249272584915161, -0.047714538872241974, 0.5206104516983032, 0.5364061594009399, -0.052536867558956146, 0.5092564225196838, 0.5377212762832642, -0.05475399270653725]"
"[0.4559175372123718, 0.3203975558280945, 3.8377876876438677e-07, 0.5000020265579224, 0.3505546748638153, -0.007869785651564598, 0.5326461791992188, 0.4016759693622589, -0.017248714342713356, 0.5535479187965393, 0.45776787400245667, -0.024628927931189537, 0.5678819417953491, 0.5062383413314819, -0.03308447077870369, 0.5146212577819824, 0.44973209500312805, -0.033593326807022095, 0.5293135643005371, 0.5229023694992065, -0.048584431409835815, 0.5369052290916443, 0.5714448094367981, -0.05663830041885376, 0.5414136648178101, 0.6108167171478271, -0.061769235879182816, 0.49098265171051025, 0.4666067361831665, -0.037411727011203766, 0.49654078483581543, 0.5531131029129028, -0.052955783903598785, 0.49992597103118896, 0.6128852367401123, -0.061458975076675415, 0.4993855953216553, 0.6554189324378967, -0.0674041360616684, 0.46674779057502747, 0.46943163871765137, -0.04010346531867981, 0.4694559872150421, 0.5520783066749573, -0.056358084082603455, 0.4684452414512634, 0.6077799201011658, -0.06444522738456726, 0.46443983912467957, 0.6486588716506958, -0.06920195370912552, 0.4432411193847656, 0.460948646068573, -0.041940588504076004, 0.44346216320991516, 0.5257783532142639, -0.05813928693532944, 0.4374215006828308, 0.5695399641990662, -0.06413283944129944, 0.4293232858181, 0.6032609343528748, -0.06680414080619812]",[]
"[0.4655250906944275, 0.2922462821006775, 4.256379781963915e-07, 0.5108107328414917, 0.322085440158844, -0.013661572709679604, 0.5430392622947693, 0.3786444365978241, -0.025543617084622383, 0.5611005425453186, 0.44552457332611084, -0.0338854156434536, 0.5768836736679077, 0.5010484457015991, -0.043112821877002716, 0.5223748683929443, 0.4419385492801666, -0.04173681139945984, 0.5470065474510193, 0.5189872980117798, -0.058340489864349365, 0.5617349147796631, 0.5677856802940369, -0.06716115772724152, 0.572535514831543, 0.6093848347663879, -0.07264290004968643, 0.4955245554447174, 0.4580681324005127, -0.041444867849349976, 0.49554455280303955, 0.5466529726982117, -0.0584564246237278, 0.4910013675689697, 0.6047642827033997, -0.06585995107889175, 0.48351335525512695, 0.6465378403663635, -0.0704863891005516, 0.4702906906604767, 0.45530861616134644, -0.04022585600614548, 0.46699875593185425, 0.5398972034454346, -0.05953390523791313, 0.4638235867023468, 0.5977979302406311, -0.06754191219806671, 0.45827099680900574, 0.6408361792564392, -0.07122155278921127, 0.4473367929458618, 0.4436599314212799, -0.03822280839085579, 0.4444786608219147, 0.5135440826416016, -0.055717989802360535, 0.43628084659576416, 0.5605396032333374, -0.060785770416259766, 0.4263359010219574, 0.5978767275810242, -0.06234705075621605]",[]
"[0.5380768179893494, 0.2484654188156128, 4.2471287997614127e-07, 0.5690101981163025, 0.3179238438606262, -0.014578083530068398, 0.5800082087516785, 0.3986767530441284, -0.028239089995622635, 0.5825588703155518, 0.47159379720687866, -0.03870975598692894, 0.5917193293571472, 0.5364238619804382, -0.05115363001823425, 0.5452539324760437, 0.450447142124176, -0.04722350463271141, 0.5434309840202332, 0.5383592844009399, -0.0681539997458458, 0.5389973521232605, 0.5900837779045105, -0.08019939064979553, 0.5324802994728088, 0.634461522102356, -0.08830680698156357, 0.5156517028808594, 0.4471014440059662, -0.050424184650182724, 0.5023497939109802, 0.5502594709396362, -0.07217810302972794, 0.4893333315849304, 0.6135784387588501, -0.08539203554391861, 0.4752117395401001, 0.6596360206604004, -0.09510152786970139, 0.49282756447792053, 0.427452027797699, -0.05282328650355339, 0.4686005115509033, 0.5214656591415405, -0.0761624127626419, 0.45118600130081177, 0.5771435499191284, -0.08938729017972946, 0.43492552638053894, 0.6149700284004211, -0.09791940450668335, 0.47538474202156067, 0.3959444463253021, -0.05457857996225357, 0.4481012225151062, 0.4550802409648895, -0.07669752091169357, 0.427609384059906, 0.48821550607681274, -0.08655115962028503, 0.4101863503456116, 0.5110394358634949, -0.09253936260938644]",[]
[],"[0.5305514335632324, 0.2889477610588074, 3.1968158964446047e-07, 0.5703199505805969, 0.3418562710285187, -0.01235491968691349, 0.5878103971481323, 0.42324399948120117, -0.01708015613257885, 0.5962076187133789, 0.4911530017852783, -0.02034914866089821, 0.6040734052658081, 0.5452532768249512, -0.02381693199276924, 0.5550772547721863, 0.5104177594184875, -0.008556799031794071, 0.5512828826904297, 0.5751011967658997, -0.016896992921829224, 0.546033501625061, 0.6160205006599426, -0.024440167471766472, 0.5375637412071228, 0.6469228267669678, -0.030338674783706665, 0.5246354937553406, 0.5098332166671753, -0.009703611023724079, 0.5115349888801575, 0.5887706279754639, -0.014565937221050262, 0.5006808638572693, 0.6397063732147217, -0.020808706060051918, 0.48772937059402466, 0.6783076524734497, -0.026140596717596054, 0.4980316162109375, 0.48621001839637756, -0.013037901371717453, 0.47606799006462097, 0.5589107871055603, -0.023758677765727043, 0.45834505558013916, 0.6027414202690125, -0.034344032406806946, 0.44100987911224365, 0.639859139919281, -0.042302925139665604, 0.4764328598976135, 0.44539299607276917, -0.016798995435237885, 0.4500129222869873, 0.4749739468097687, -0.03176848217844963, 0.4295779764652252, 0.49341967701911926, -0.04052709415555, 0.41077858209609985, 0.5116479396820068, -0.04603497311472893]"
"[0.5459126830101013, 0.32199525833129883, 4.6568902689614333e-07, 0.5828157067298889, 0.3614804744720459, -0.023297375068068504, 0.5976873636245728, 0.42414790391921997, -0.036110032349824905, 0.6002311110496521, 0.4901360869407654, -0.04351969063282013, 0.6094862818717957, 0.5507221817970276, -0.05045294761657715, 0.5614892840385437, 0.4949336349964142, -0.03735899180173874, 0.555845320224762, 0.5682551860809326, -0.05064941942691803, 0.5509213209152222, 0.613735556602478, -0.05844530463218689, 0.5451169013977051, 0.6536769866943359, -0.06389825791120529, 0.5309267044067383, 0.5031434893608093, -0.03259970620274544, 0.5188936591148376, 0.5896734595298767, -0.051444653421640396, 0.5054395198822021, 0.6482216119766235, -0.06394141167402267, 0.4918927550315857, 0.6938798427581787, -0.07204996049404144, 0.5073236227035522, 0.48738667368888855, -0.02769319899380207, 0.48728498816490173, 0.5595324039459229, -0.04764281585812569, 0.46706050634384155, 0.6095134615898132, -0.05792510136961937, 0.4488750398159027, 0.6488947868347168, -0.06320828199386597, 0.4902099370956421, 0.45897358655929565, -0.022922273725271225, 0.4766697585582733, 0.5109305381774902, -0.03964916244149208, 0.4636690318584442, 0.5374665856361389, -0.04470891132950783, 0.45280227065086365, 0.5598849654197693, -0.046704839915037155]",[]
"[0.5230584144592285, 0.3048860430717468, 4.568317422126711e-07, 0.5679606199264526, 0.33687281608581543, -0.03160916641354561, 0.5898301601409912, 0.4032128155231476, -0.04672810062766075, 0.5988810062408447, 0.47782382369041443, -0.05489802733063698, 0.6098088622093201, 0.540887176990509, -0.0624789297580719, 0.5540717244148254, 0.4751361310482025, -0.04339507222175598, 0.5530076622962952, 0.5521703362464905, -0.05902281031012535, 0.547545313835144, 0.5998314023017883, -0.06944771856069565, 0.5394426584243774, 0.6405866146087646, -0.07651661336421967, 0.5217829346656799, 0.4894367456436157, -0.033674031496047974, 0.515884518623352, 0.5799534320831299, -0.048924677073955536, 0.5058193802833557, 0.6390994787216187, -0.05878661572933197, 0.49323832988739014, 0.6855982542037964, -0.06631768494844437, 0.49749499559402466, 0.48124492168426514, -0.025277528911828995, 0.48108047246932983, 0.5578658580780029, -0.041929565370082855, 0.46437570452690125, 0.6068093776702881, -0.05150511488318443, 0.44691410660743713, 0.6438575983047485, -0.05758138373494148, 0.4805958867073059, 0.46055176854133606, -0.018229952082037926, 0.4582635164260864, 0.5185493230819702, -0.03400249406695366, 0.4374544024467468, 0.5494146347045898, -0.040723491460084915, 0.4181276559829712, 0.5748559236526489, -0.04460858926177025]",[]
"[0.48547372221946716, 0.28356367349624634, 1.2531634752122045e-07, 0.5359488129615784, 0.30979472398757935, -0.011541354469954967, 0.5654051303863525, 0.37240487337112427, -0.01703425869345665, 0.5860979557037354, 0.4328277111053467, -0.020060749724507332, 0.6049388647079468, 0.4762336015701294, -0.022874249145388603, 0.5388407111167908, 0.4603530168533325, -0.018969031050801277, 0.5673578381538391, 0.527519702911377, -0.02500593662261963, 0.5852460861206055, 0.5660268664360046, -0.028198283165693283, 0.5985151529312134, 0.5975030064582825, -0.030874837189912796, 0.5090281963348389, 0.48225781321525574, -0.018776731565594673, 0.5209559798240662, 0.5769264101982117, -0.026151105761528015, 0.5284150838851929, 0.6356164813041687, -0.0317523218691349, 0.5338363647460938, 0.6811090111732483, -0.03581627085804939, 0.4825313687324524, 0.4828091859817505, -0.01888991892337799, 0.483168363571167, 0.5779630541801453, -0.029899103567004204, 0.4800337553024292, 0.6373482942581177, -0.03850758075714111, 0.47662466764450073, 0.6849782466888428, -0.0437065027654171, 0.4603841006755829, 0.46917638182640076, -0.01888311840593815, 0.45035266876220703, 0.5472553372383118, -0.02960222400724888, 0.43918415904045105, 0.5915782451629639, -0.03434480354189873, 0.4284580945968628, 0.6292057037353516, -0.03677437826991081]",[]
"[0.4824017882347107, 0.25532060861587524, 1.5523204410783364e-07, 0.5363791584968567, 0.2834644913673401, -0.013957406394183636, 0.5665944814682007, 0.35694241523742676, -0.020456820726394653, 0.5869140028953552, 0.4340284764766693, -0.023625290021300316, 0.6082769632339478, 0.4902242422103882, -0.026390070095658302, 0.540870726108551, 0.44614386558532715, -0.019488343968987465, 0.5617685317993164, 0.5334558486938477, -0.02559991367161274, 0.5712929964065552, 0.585471510887146, -0.02863617241382599, 0.5767872333526611, 0.6281207203865051, -0.031335167586803436, 0.5082132816314697, 0.46361243724823, -0.018093036487698555, 0.5209289789199829, 0.561523973941803, -0.025586668401956558, 0.5274083018302917, 0.6202208399772644, -0.03114824928343296, 0.5315054655075073, 0.6656962633132935, -0.03545878455042839, 0.4794585406780243, 0.46237024664878845, -0.017492061480879784, 0.484937459230423, 0.5668830871582031, -0.029523011296987534, 0.4842740297317505, 0.6349011659622192, -0.039176519960165024, 0.4821087121963501, 0.6890195608139038, -0.045415982604026794, 0.4553419053554535, 0.45084020495414734, -0.016802603378891945, 0.4485974609851837, 0.5361313819885254, -0.028609920293092728, 0.43961694836616516, 0.5863620042800903, -0.03526725992560387, 0.4305765926837921, 0.6292906403541565, -0.0394941084086895]",[]
"[0.5053189992904663, 0.28914594650268555, 5.59384091047832e-07, 0.555643618106842, 0.30960720777511597, -0.04138347506523132, 0.5835423469543457, 0.3765202760696411, -0.0614074282348156, 0.6001875996589661, 0.45019465684890747, -0.07144471257925034, 0.6209410429000854, 0.5134254097938538, -0.08087273687124252, 0.5402269959449768, 0.4518170952796936, -0.06490876525640488, 0.5421354174613953, 0.5537479519844055, -0.08117809146642685, 0.5453265309333801, 0.6161322593688965, -0.0896560400724411, 0.5475395321846008, 0.6660510897636414, -0.09465251863002777, 0.5141258835792542, 0.4646868109703064, -0.04765255004167557, 0.5054768919944763, 0.5707350969314575, -0.06339000910520554, 0.499128520488739, 0.6399702429771423, -0.06961830705404282, 0.49124741554260254, 0.6890593767166138, -0.07386337220668793, 0.49642038345336914, 0.46050068736076355, -0.03115040995180607, 0.49171170592308044, 0.5557922720909119, -0.04711445793509483, 0.48532921075820923, 0.6265321373939514, -0.05512114614248276, 0.4758562743663788, 0.6778484582901001, -0.059690628200769424, 0.48736572265625, 0.4495721161365509, -0.0163902398198843, 0.4866725206375122, 0.5146635174751282, -0.030447164550423622, 0.4831387996673584, 0.5588995218276978, -0.03673490881919861, 0.4787105917930603, 0.5922125577926636, -0.040390364825725555]",[]
"[0.46333831548690796, 0.2527846693992615, 1.5156852839481871e-07, 0.5148193836212158, 0.28001904487609863, -0.01417035423219204, 0.5463091731071472, 0.3433307409286499, -0.020462876185774803, 0.5701038837432861, 0.40796321630477905, -0.022112391889095306, 0.5914928317070007, 0.46025118231773376, -0.022309906780719757, 0.5162723064422607, 0.43686994910240173, -0.02385897748172283, 0.5496122241020203, 0.5118080973625183, -0.02653440833091736, 0.5679327249526978, 0.5470597147941589, -0.025749189779162407, 0.5812018513679504, 0.5785021781921387, -0.025583043694496155, 0.4863927662372589, 0.4576074779033661, -0.017876243218779564, 0.5029003620147705, 0.5512650012969971, -0.02652113325893879, 0.511422336101532, 0.6050552129745483, -0.03196569159626961, 0.5176255702972412, 0.6488568782806396, -0.035601112991571426, 0.4621850848197937, 0.4549102187156677, -0.011003376916050911, 0.4640926122665405, 0.5452789664268494, -0.022313440218567848, 0.46129295229911804, 0.6039404273033142, -0.030394908040761948, 0.45797592401504517, 0.6517512202262878, -0.03463065251708031, 0.44318798184394836, 0.43990230560302734, -0.003500207792967558, 0.43292945623397827, 0.5122730731964111, -0.012082473374903202, 0.4220138490200043, 0.5540469884872437, -0.015862111002206802, 0.41185182332992554, 0.5895451307296753, -0.017644835636019707]",[]
"[0.45664700865745544, 0.29940247535705566, 1.7103928939832258e-07, 0.50351881980896, 0.32286256551742554, -0.011703691445291042, 0.5395141839981079, 0.37963372468948364, -0.01834561862051487, 0.5692489743232727, 0.43255814909935, -0.02173149213194847, 0.5911799669265747, 0.47846850752830505, -0.024343544617295265, 0.5175389051437378, 0.4655216336250305, -0.02260536514222622, 0.5472034811973572, 0.5344610214233398, -0.030021796002984047, 0.5644111633300781, 0.5694030523300171, -0.032625529915094376, 0.5780100226402283, 0.5965439081192017, -0.0342886708676815, 0.49085214734077454, 0.47802644968032837, -0.020778458565473557, 0.5028682351112366, 0.5740181803703308, -0.029959850013256073, 0.5116277933120728, 0.6289538145065308, -0.03446075692772865, 0.5187242031097412, 0.6687725186347961, -0.03698791190981865, 0.4652577340602875, 0.47216880321502686, -0.018903514370322227, 0.4681764245033264, 0.559755802154541, -0.02951521798968315, 0.46725380420684814, 0.6119434833526611, -0.035027436912059784, 0.46541765332221985, 0.6545079350471497, -0.037643127143383026, 0.44126415252685547, 0.4537600874900818, -0.016859477385878563, 0.4353848397731781, 0.5212428569793701, -0.025857556611299515, 0.4269656240940094, 0.5611372590065002, -0.028631001710891724, 0.41932010650634766, 0.5962385535240173, -0.02940828911960125]",[]
"[0.45434027910232544, 0.2888871431350708, 1.509471445615418e-07, 0.5039432644844055, 0.3127889633178711, -0.014674976468086243, 0.5407938957214355, 0.3728927969932556, -0.021996598690748215, 0.5706524848937988, 0.4359610080718994, -0.025744901970028877, 0.5931938886642456, 0.4877583682537079, -0.028022432699799538, 0.5181039571762085, 0.45960742235183716, -0.020850274711847305, 0.5479719042778015, 0.5321686267852783, -0.02694234438240528, 0.5666160583496094, 0.5693956613540649, -0.02918250299990177, 0.5817680954933167, 0.6000001430511475, -0.030740274116396904, 0.49143677949905396, 0.4790742099285126, -0.016745081171393394, 0.5070481896400452, 0.5748783946037292, -0.024962494149804115, 0.5161455869674683, 0.6321119666099548, -0.029621925204992294, 0.5231326818466187, 0.6767210960388184, -0.03240345045924187, 0.46658849716186523, 0.47723808884620667, -0.012786497361958027, 0.47134390473365784, 0.5660151243209839, -0.022244345396757126, 0.46922022104263306, 0.6201135516166687, -0.027635829523205757, 0.46660470962524414, 0.6630555391311646, -0.03009401448071003, 0.4438394010066986, 0.4637182056903839, -0.008995248936116695, 0.440498948097229, 0.5361442565917969, -0.0156321432441473, 0.4330982565879822, 0.5756051540374756, -0.017050180584192276, 0.42570608854293823, 0.6097571849822998, -0.017063919454813004]",[]
"[0.46108609437942505, 0.32347166538238525, 1.5645747453163494e-07, 0.5083359479904175, 0.3439658284187317, -0.01273735798895359, 0.5453142523765564, 0.39783406257629395, -0.019905878230929375, 0.5747178792953491, 0.44694986939430237, -0.02374652959406376, 0.5956284999847412, 0.49128735065460205, -0.027088666334748268, 0.5230907201766968, 0.47882080078125, -0.02624027617275715, 0.5517910122871399, 0.5452982187271118, -0.034327346831560135, 0.5692388415336609, 0.5818718075752258, -0.03735078126192093, 0.5830363631248474, 0.6110606789588928, -0.03946507349610329, 0.49641355872154236, 0.494839608669281, -0.024543730542063713, 0.5099912285804749, 0.5888688564300537, -0.0350063219666481, 0.5198489427566528, 0.6461499929428101, -0.04022470489144325, 0.5283820629119873, 0.6890899538993835, -0.04336166754364967, 0.47019633650779724, 0.4926961064338684, -0.02269870974123478, 0.4748220145702362, 0.5767096877098083, -0.03354867175221443, 0.47518840432167053, 0.627900242805481, -0.039125703275203705, 0.4752514958381653, 0.6706412434577942, -0.041886623948812485, 0.4453165531158447, 0.4776943027973175, -0.02076156623661518, 0.44253069162368774, 0.5459924936294556, -0.028863413259387016, 0.4355740249156952, 0.5832562446594238, -0.030638951808214188, 0.42925047874450684, 0.6146793961524963, -0.03103703446686268]",[]
"[0.4654974937438965, 0.3145532011985779, 2.562892689184082e-07, 0.5127858519554138, 0.33370012044906616, -0.017284007743000984, 0.5479285717010498, 0.39173123240470886, -0.02547665685415268, 0.5761175155639648, 0.4500255882740021, -0.030148813501000404, 0.5992265343666077, 0.4988286793231964, -0.03431478515267372, 0.5263849496841431, 0.47901013493537903, -0.02276044338941574, 0.5560192465782166, 0.5486302375793457, -0.03120437078177929, 0.5759975910186768, 0.5889221429824829, -0.036083415150642395, 0.5919155478477478, 0.6216670870780945, -0.03986511752009392, 0.5005481243133545, 0.4974416196346283, -0.02029269188642502, 0.5140271186828613, 0.5887900590896606, -0.027302978560328484, 0.5227665305137634, 0.6447165012359619, -0.0327504463493824, 0.5296194553375244, 0.688908576965332, -0.0370820052921772, 0.47605082392692566, 0.4933551251888275, -0.018823741003870964, 0.48048466444015503, 0.5788562893867493, -0.029700592160224915, 0.48124608397483826, 0.633179247379303, -0.036858152598142624, 0.48109281063079834, 0.6800230741500854, -0.041528716683387756, 0.4519292116165161, 0.4764937460422516, -0.01789645105600357, 0.4469450116157532, 0.5428686738014221, -0.029813790693879128, 0.43847641348838806, 0.5835299491882324, -0.03433176130056381, 0.43070510029792786, 0.6197662949562073, -0.03664189949631691]",[]
"[0.46759942173957825, 0.2722223997116089, 9.966912273284834e-08, 0.5206012725830078, 0.3061276078224182, -0.0034155165776610374, 0.5549402236938477, 0.3749501705169678, -0.006271063815802336, 0.5807868242263794, 0.4417954981327057, -0.0070149400271475315, 0.6028926372528076, 0.491223007440567, -0.006936640944331884, 0.5299920439720154, 0.45692843198776245, -0.01827140524983406, 0.5607516169548035, 0.5385787487030029, -0.022900309413671494, 0.5783361196517944, 0.5825278759002686, -0.021520934998989105, 0.5917714238166809, 0.6168867349624634, -0.020053720101714134, 0.4999312460422516, 0.47665974497795105, -0.0192392747849226, 0.5172841548919678, 0.5790904760360718, -0.027189604938030243, 0.5262789726257324, 0.6359703540802002, -0.028681550174951553, 0.5320576429367065, 0.6781675815582275, -0.028701774775981903, 0.47104790806770325, 0.47549352049827576, -0.01889592781662941, 0.47927600145339966, 0.5752975940704346, -0.028722118586301804, 0.4816673994064331, 0.6361526250839233, -0.03164760395884514, 0.4823753833770752, 0.6847966313362122, -0.03187796473503113, 0.44551345705986023, 0.45916348695755005, -0.017350617796182632, 0.4438462257385254, 0.5389562845230103, -0.02283507026731968, 0.43924397230148315, 0.58600914478302, -0.02204096131026745, 0.43534356355667114, 0.6264969706535339, -0.020268438383936882]",[]
"[0.48014599084854126, 0.27086323499679565, 8.709866250455889e-08, 0.5319018363952637, 0.2985893487930298, -0.009725170210003853, 0.5629850029945374, 0.3685503304004669, -0.014695039950311184, 0.5853919386863708, 0.4381720721721649, -0.017626000568270683, 0.6054685115814209, 0.4908980131149292, -0.020335199311375618, 0.5367317199707031, 0.4479232132434845, -0.015000940300524235, 0.5644542574882507, 0.5205280184745789, -0.02277909778058529, 0.5829406380653381, 0.5580292344093323, -0.02768218331038952, 0.5968034863471985, 0.5850971937179565, -0.030892714858055115, 0.5072005391120911, 0.4672931432723999, -0.015696777030825615, 0.5199315547943115, 0.5651394128799438, -0.023226378485560417, 0.5287510752677917, 0.6221895217895508, -0.02898489497601986, 0.5355156064033508, 0.6643965840339661, -0.0331193283200264, 0.479682058095932, 0.4676515758037567, -0.01709933578968048, 0.48405003547668457, 0.5724985599517822, -0.028063666075468063, 0.4836423993110657, 0.6345522403717041, -0.03570426627993584, 0.48240360617637634, 0.683270275592804, -0.040212757885456085, 0.4550861120223999, 0.45516401529312134, -0.018236730247735977, 0.4476773738861084, 0.5387253761291504, -0.027942756190896034, 0.4388015866279602, 0.5871989727020264, -0.03152995556592941, 0.43103885650634766, 0.6274956464767456, -0.03326823562383652]",[]
"[0.4652402102947235, 0.26188766956329346, 2.564326564424846e-07, 0.515399158000946, 0.29244768619537354, -0.019905393943190575, 0.5503178834915161, 0.3597148656845093, -0.03279343992471695, 0.5755276679992676, 0.4282042384147644, -0.04023848846554756, 0.5959451198577881, 0.4850309491157532, -0.047191452234983444, 0.5252251625061035, 0.42774736881256104, -0.04473669454455376, 0.5458172559738159, 0.5141462683677673, -0.05859130620956421, 0.5578206777572632, 0.565554141998291, -0.06342893838882446, 0.566977858543396, 0.6071274280548096, -0.06578993797302246, 0.49708154797554016, 0.44429150223731995, -0.03985333815217018, 0.5083767771720886, 0.5476163625717163, -0.055820710957050323, 0.5169236063957214, 0.6092448830604553, -0.06154928728938103, 0.5231877565383911, 0.6550198197364807, -0.06467946618795395, 0.4709829092025757, 0.4442994296550751, -0.03444656357169151, 0.47476619482040405, 0.5387340188026428, -0.051040563732385635, 0.4741857945919037, 0.597618579864502, -0.05707463622093201, 0.471288800239563, 0.6416761875152588, -0.05913104861974716, 0.44784730672836304, 0.4347984492778778, -0.02896881103515625, 0.44882988929748535, 0.5158564448356628, -0.041857920587062836, 0.4425528049468994, 0.5629940032958984, -0.0453689843416214, 0.4347146451473236, 0.6005982160568237, -0.04634910821914673]",[]
"[0.46747466921806335, 0.30066442489624023, 2.486171695181838e-07, 0.5143185257911682, 0.33032095432281494, -0.013688500970602036, 0.5483125448226929, 0.38688528537750244, -0.021849175915122032, 0.5738382339477539, 0.4420613646507263, -0.027277152985334396, 0.5939702987670898, 0.49065980315208435, -0.032056115567684174, 0.5242892503738403, 0.4687976539134979, -0.020885808393359184, 0.5554737448692322, 0.5392417907714844, -0.02951936423778534, 0.5741573572158813, 0.5786722302436829, -0.03338654711842537, 0.5898813009262085, 0.6108758449554443, -0.03604048490524292, 0.49625805020332336, 0.48592740297317505, -0.019104786217212677, 0.5107630491256714, 0.5737910270690918, -0.029912639409303665, 0.5202691555023193, 0.6283257007598877, -0.03655359894037247, 0.5282647609710693, 0.6708229780197144, -0.040440890938043594, 0.4702821671962738, 0.48171266913414, -0.017638377845287323, 0.47565096616744995, 0.5573450326919556, -0.03029748983681202, 0.47689926624298096, 0.6052273511886597, -0.036308590322732925, 0.4779319167137146, 0.6457507610321045, -0.0385885089635849, 0.44665420055389404, 0.46673932671546936, -0.016238946467638016, 0.44602155685424805, 0.5331313014030457, -0.026506802067160606, 0.44038963317871094, 0.5718103051185608, -0.028966078534722328, 0.4353528618812561, 0.6062237024307251, -0.029118230566382408]",[]
"[0.5397443771362305, 0.3752298355102539, 3.0357202263076033e-07, 0.5173050761222839, 0.41494643688201904, -0.0005598606658168137, 0.49715131521224976, 0.45169797539711, -0.00739305978640914, 0.4782777428627014, 0.4744758605957031, -0.015044242143630981, 0.4645737409591675, 0.49622610211372375, -0.02333630435168743, 0.5061348676681519, 0.5017322301864624, -0.01877337135374546, 0.48597025871276855, 0.5529314875602722, -0.03410113602876663, 0.46983152627944946, 0.5786941647529602, -0.04475214332342148, 0.45456552505493164, 0.5986699461936951, -0.051414716988801956, 0.5145760774612427, 0.5033257603645325, -0.026760583743453026, 0.5015389323234558, 0.5757452249526978, -0.04031764343380928, 0.48771965503692627, 0.616000771522522, -0.05087946727871895, 0.47534632682800293, 0.6460670232772827, -0.05870286747813225, 0.5244571566581726, 0.4891597628593445, -0.0338287279009819, 0.5203379988670349, 0.5448668003082275, -0.044614434242248535, 0.5181495547294617, 0.5743544697761536, -0.05159860476851463, 0.5157196521759033, 0.5978016257286072, -0.05726029351353645, 0.5331078171730042, 0.4652807116508484, -0.04046717286109924, 0.5397719144821167, 0.48920953273773193, -0.04982789605855942, 0.541104793548584, 0.5041241645812988, -0.053126439452171326, 0.5428938269615173, 0.5193126797676086, -0.05557328835129738]",[]
"[0.4924461841583252, 0.3063362240791321, 3.2616387102279987e-07, 0.5314759016036987, 0.33512580394744873, -0.017576197162270546, 0.5576192140579224, 0.3990631103515625, -0.027839718386530876, 0.5743849873542786, 0.4573959410190582, -0.034209057688713074, 0.5938583016395569, 0.502186119556427, -0.040464188903570175, 0.5294592976570129, 0.487964391708374, -0.032730717211961746, 0.5558344125747681, 0.559852659702301, -0.04566645622253418, 0.5755998492240906, 0.5967015027999878, -0.05337041616439819, 0.5934747457504272, 0.6274446845054626, -0.058955978602170944, 0.501679003238678, 0.49841591715812683, -0.03195754438638687, 0.5097777843475342, 0.5899391174316406, -0.04750028997659683, 0.5194945335388184, 0.6513196229934692, -0.059078775346279144, 0.5293213129043579, 0.7005561590194702, -0.06697556376457214, 0.4774550199508667, 0.4851875901222229, -0.031157806515693665, 0.4755268394947052, 0.561068058013916, -0.048667460680007935, 0.4741898775100708, 0.6120198369026184, -0.05841218680143356, 0.4729785919189453, 0.6550955176353455, -0.0634172186255455, 0.45547422766685486, 0.4617932438850403, -0.03042665682733059, 0.451179176568985, 0.5263404846191406, -0.04627471789717674, 0.4444114565849304, 0.5663394927978516, -0.05136562138795853, 0.4386112689971924, 0.6036952137947083, -0.05332798510789871]",[]
"[0.45642906427383423, 0.30783915519714355, 4.1963110675169446e-07, 0.4979381561279297, 0.33657005429267883, -0.012658200226724148, 0.531598687171936, 0.3875635862350464, -0.024175602942705154, 0.5551693439483643, 0.44165927171707153, -0.03299081698060036, 0.5762041807174683, 0.4857707917690277, -0.04260672256350517, 0.5098066329956055, 0.438174307346344, -0.04050810635089874, 0.535199761390686, 0.5131407380104065, -0.057983797043561935, 0.5499112606048584, 0.5607133507728577, -0.06742960959672928, 0.5625787377357483, 0.6033611297607422, -0.07373905926942825, 0.4887986481189728, 0.45595583319664, -0.04275360330939293, 0.5007792711257935, 0.5408949851989746, -0.06219780072569847, 0.5070263743400574, 0.6042096614837646, -0.07230725884437561, 0.5097289085388184, 0.6544530391693115, -0.07917924225330353, 0.46708711981773376, 0.45827361941337585, -0.044221289455890656, 0.47302380204200745, 0.5420615673065186, -0.06426685303449631, 0.47502681612968445, 0.6027762293815613, -0.07382793724536896, 0.4750307500362396, 0.6499950885772705, -0.07897030562162399, 0.4451211988925934, 0.4525742828845978, -0.04513964056968689, 0.4476039409637451, 0.5238173604011536, -0.06326018273830414, 0.4443880319595337, 0.5744040012359619, -0.07039720565080643, 0.4401601254940033, 0.6157870888710022, -0.07406135648488998]",[]
"[0.4748232066631317, 0.3027667999267578, 3.0059752020861197e-07, 0.5276687741279602, 0.33186107873916626, -0.01268879696726799, 0.5609838366508484, 0.39661672711372375, -0.016933707520365715, 0.5825440883636475, 0.45832836627960205, -0.017105989158153534, 0.5994821786880493, 0.511766254901886, -0.01607588119804859, 0.5359162092208862, 0.4794873893260956, -0.01841498725116253, 0.5680303573608398, 0.5508220791816711, -0.020372383296489716, 0.5902834534645081, 0.589274525642395, -0.02001454122364521, 0.6084538102149963, 0.6209592223167419, -0.020386766642332077, 0.506795346736908, 0.49556103348731995, -0.014211175963282585, 0.5173282027244568, 0.587103545665741, -0.019083339720964432, 0.5251291990280151, 0.6434748768806458, -0.0231945738196373, 0.5319402813911438, 0.685499906539917, -0.026048049330711365, 0.482221782207489, 0.48796847462654114, -0.009750164113938808, 0.48379433155059814, 0.5697219967842102, -0.018853526562452316, 0.48313605785369873, 0.6234372854232788, -0.024908119812607765, 0.4821785092353821, 0.6682869791984558, -0.02784193679690361, 0.46146732568740845, 0.4714307487010956, -0.0047536855563521385, 0.4593924880027771, 0.5397473573684692, -0.01307047437876463, 0.4519294798374176, 0.5812525749206543, -0.015114459209144115, 0.4453018009662628, 0.6187449097633362, -0.015377110801637173]",[]
"[0.4907948076725006, 0.2832965850830078, 1.4627796929289616e-07, 0.5381172895431519, 0.30777955055236816, -0.013864999637007713, 0.5661298632621765, 0.37443113327026367, -0.02258230186998844, 0.5847094655036926, 0.441405326128006, -0.027889829128980637, 0.5999768972396851, 0.4989437460899353, -0.03298285976052284, 0.5425453782081604, 0.45081737637519836, -0.032464973628520966, 0.5673851370811462, 0.5258263349533081, -0.045497823506593704, 0.5827797651290894, 0.5657669305801392, -0.05109044536948204, 0.5927599668502808, 0.5990639328956604, -0.05434461310505867, 0.513517439365387, 0.4722951352596283, -0.03242440149188042, 0.5250430703163147, 0.5723759531974792, -0.04703889787197113, 0.5337936282157898, 0.6310766339302063, -0.05215349420905113, 0.5412614941596985, 0.6755561828613281, -0.05454644933342934, 0.48758798837661743, 0.47268760204315186, -0.03267037123441696, 0.48671993613243103, 0.5708619356155396, -0.048866622149944305, 0.4853631556034088, 0.629785418510437, -0.05442752689123154, 0.4838505983352661, 0.6756339073181152, -0.05617004260420799, 0.4646798074245453, 0.4582650661468506, -0.03278600797057152, 0.4557299315929413, 0.5407376885414124, -0.04690927267074585, 0.44544267654418945, 0.589764416217804, -0.05099065229296684, 0.43567991256713867, 0.6286004781723022, -0.05193984508514404]",[]
"[0.5020575523376465, 0.25722020864486694, 4.5495772837966797e-07, 0.5536767840385437, 0.29864007234573364, -0.02421541139483452, 0.586531400680542, 0.3684667944908142, -0.04480106011033058, 0.599201500415802, 0.4492863118648529, -0.057235293090343475, 0.6174726486206055, 0.5207595825195312, -0.07016109675168991, 0.5580912828445435, 0.38989773392677307, -0.07847399264574051, 0.5742125511169434, 0.46457070112228394, -0.1057913675904274, 0.5891270041465759, 0.513799786567688, -0.119929239153862, 0.6004526615142822, 0.5585164427757263, -0.12880495190620422, 0.52305006980896, 0.4115762710571289, -0.0729876309633255, 0.5188942551612854, 0.5294042825698853, -0.1055302619934082, 0.512383222579956, 0.6099523305892944, -0.12165283411741257, 0.5047327876091003, 0.6718191504478455, -0.13291358947753906, 0.4930475652217865, 0.41518634557724, -0.06402873247861862, 0.48539233207702637, 0.5245557427406311, -0.09076898545026779, 0.4758232831954956, 0.6049225926399231, -0.10035043954849243, 0.4644186496734619, 0.6631077527999878, -0.1055230051279068, 0.46997520327568054, 0.4087294638156891, -0.054106272757053375, 0.4671279788017273, 0.4943962097167969, -0.07193746417760849, 0.4624637961387634, 0.548450231552124, -0.07601232081651688, 0.4582642614841461, 0.5897733569145203, -0.07854659110307693]",[]
"[0.5004403591156006, 0.2667815387248993, 4.970822260474961e-07, 0.5518200993537903, 0.2978162169456482, -0.026759294793009758, 0.5796450972557068, 0.37353554368019104, -0.041309792548418045, 0.5934266448020935, 0.4544660747051239, -0.048436351120471954, 0.6082862019538879, 0.5240990519523621, -0.055930107831954956, 0.5494806170463562, 0.4148884117603302, -0.05822513997554779, 0.5484060645103455, 0.5157605409622192, -0.07555864751338959, 0.5477361679077148, 0.5808385014533997, -0.0830739289522171, 0.5439004898071289, 0.6325438618659973, -0.08764322847127914, 0.5136013031005859, 0.4301624000072479, -0.05118180438876152, 0.5077514052391052, 0.543157696723938, -0.0689328983426094, 0.5018789172172546, 0.6227884292602539, -0.0798608735203743, 0.49207252264022827, 0.680648684501648, -0.08842207491397858, 0.48674410581588745, 0.42938631772994995, -0.04298262298107147, 0.47234833240509033, 0.5262669920921326, -0.062283117324113846, 0.4586676359176636, 0.5920194387435913, -0.07490864396095276, 0.44331520795822144, 0.6414108276367188, -0.08371366560459137, 0.4698013961315155, 0.4176638722419739, -0.03476904332637787, 0.44812774658203125, 0.4636287987232208, -0.05560167133808136, 0.42850714921951294, 0.48032498359680176, -0.06512607634067535, 0.41156771779060364, 0.49119997024536133, -0.07070524245500565]",[]
"[0.4820314049720764, 0.22372817993164062, 4.1369247583133983e-07, 0.538834810256958, 0.2595357298851013, -0.029717670753598213, 0.5722209215164185, 0.3498181700706482, -0.04515179619193077, 0.588096559047699, 0.44508978724479675, -0.053221412003040314, 0.6044793725013733, 0.5258142352104187, -0.061559442430734634, 0.5434762239456177, 0.39151817560195923, -0.05797407031059265, 0.5452491641044617, 0.49809297919273376, -0.07949695736169815, 0.5438635945320129, 0.5672034025192261, -0.09092673659324646, 0.5392287969589233, 0.6253149509429932, -0.09831459820270538, 0.5081076622009277, 0.4100818634033203, -0.05039418488740921, 0.5054852962493896, 0.5267927646636963, -0.0716952458024025, 0.5011966824531555, 0.6092305183410645, -0.08486770838499069, 0.49231892824172974, 0.6736115217208862, -0.09503701329231262, 0.48088598251342773, 0.41212934255599976, -0.04274686425924301, 0.4706813097000122, 0.516423225402832, -0.06644651293754578, 0.45667070150375366, 0.5858215689659119, -0.0823293924331665, 0.4400480389595032, 0.6376552581787109, -0.09286640584468842, 0.4618430733680725, 0.40014389157295227, -0.03545506298542023, 0.44256591796875, 0.4568495452404022, -0.059994202107191086, 0.4214448630809784, 0.48131489753723145, -0.07339397072792053, 0.40172356367111206, 0.49852609634399414, -0.08172468096017838]",[]
"[0.5073829889297485, 0.41578012704849243, 2.4764344175309816e-07, 0.4905531108379364, 0.4798324704170227, -0.004223628900945187, 0.47725746035575867, 0.5344918370246887, -0.009722162038087845, 0.46534425020217896, 0.57916659116745, -0.015595865435898304, 0.4567853510379791, 0.6157096028327942, -0.022133251652121544, 0.4831002950668335, 0.5218384265899658, -0.015771303325891495, 0.4614856243133545, 0.5523754954338074, -0.030979974195361137, 0.44875568151474, 0.5700700283050537, -0.04124549776315689, 0.4359627962112427, 0.588193416595459, -0.04817518591880798, 0.4896557331085205, 0.5130128860473633, -0.022336864843964577, 0.47359129786491394, 0.5623221397399902, -0.03830428421497345, 0.46357038617134094, 0.5937531590461731, -0.048466626554727554, 0.45433181524276733, 0.620761513710022, -0.05577373132109642, 0.5010045170783997, 0.4939984679222107, -0.02934558317065239, 0.5076349377632141, 0.5429624915122986, -0.04635552689433098, 0.5140424370765686, 0.5764925479888916, -0.05314293131232262, 0.5182569026947021, 0.6054788827896118, -0.05689435452222824, 0.514884352684021, 0.46700048446655273, -0.03612114489078522, 0.5295865535736084, 0.49748116731643677, -0.05019441992044449, 0.5390321016311646, 0.5247909426689148, -0.054814357310533524, 0.5468119978904724, 0.5543973445892334, -0.05783693492412567]",[]
"[0.5044891238212585, 0.2446724772453308, 4.999265001970343e-07, 0.5432034730911255, 0.291460782289505, -0.029024586081504822, 0.565793514251709, 0.3642632067203522, -0.04945145174860954, 0.578105628490448, 0.4391409158706665, -0.062250494956970215, 0.5958565473556519, 0.5084705948829651, -0.07605768740177155, 0.5361206531524658, 0.4054470360279083, -0.07098422199487686, 0.5494498610496521, 0.490708589553833, -0.09674754738807678, 0.5583806037902832, 0.5432107448577881, -0.11044083535671234, 0.5650345683097839, 0.5901453495025635, -0.11934270709753036, 0.5042902827262878, 0.41279202699661255, -0.0668533518910408, 0.5060042142868042, 0.5293964147567749, -0.09614180028438568, 0.5065751671791077, 0.6126985549926758, -0.11361703276634216, 0.5057057738304138, 0.6789778470993042, -0.1262708455324173, 0.4784623682498932, 0.39939841628074646, -0.06125069037079811, 0.47180676460266113, 0.5024720430374146, -0.08886491507291794, 0.46583133935928345, 0.5789557099342346, -0.1037185862660408, 0.45907706022262573, 0.6382020711898804, -0.11311566829681396, 0.45809170603752136, 0.37393343448638916, -0.05539675056934357, 0.44820648431777954, 0.4387862980365753, -0.07894260436296463, 0.43954208493232727, 0.4848000407218933, -0.08877488225698471, 0.43380868434906006, 0.5240306258201599, -0.09517444670200348]",[]
"[0.46536949276924133, 0.3034088611602783, 3.196985574049904e-07, 0.5094872713088989, 0.33864086866378784, -0.009992139413952827, 0.5407209396362305, 0.3940819799900055, -0.01912812888622284, 0.5625252723693848, 0.4424923360347748, -0.026235153898596764, 0.5806313157081604, 0.4862629473209381, -0.03433387726545334, 0.5218954086303711, 0.4684048295021057, -0.028699517250061035, 0.5451699495315552, 0.5361796617507935, -0.04166042059659958, 0.5600951313972473, 0.5774633884429932, -0.04890714958310127, 0.5717515349388123, 0.6128629446029663, -0.054138414561748505, 0.49279922246932983, 0.4801172614097595, -0.031128333881497383, 0.49515146017074585, 0.55971360206604, -0.04502157121896744, 0.49462735652923584, 0.6095453500747681, -0.05214779078960419, 0.49363958835601807, 0.6469666361808777, -0.057180698961019516, 0.4650633931159973, 0.47305965423583984, -0.033447638154029846, 0.46341803669929504, 0.5498203635215759, -0.04805150255560875, 0.463716596364975, 0.6017559170722961, -0.05413113161921501, 0.46469739079475403, 0.6452714204788208, -0.057832472026348114, 0.43900763988494873, 0.4555196464061737, -0.03536778315901756, 0.4379221796989441, 0.5206660628318787, -0.04840870201587677, 0.4365192651748657, 0.5636753439903259, -0.05211905017495155, 0.43651098012924194, 0.6021523475646973, -0.0539294108748436]",[]
"[0.4567587375640869, 0.3177237808704376, 3.2792175375107036e-07, 0.5006242394447327, 0.3474774956703186, -0.010404443368315697, 0.5365581512451172, 0.40003612637519836, -0.021484505385160446, 0.5628536343574524, 0.45295247435569763, -0.029893269762396812, 0.5832686424255371, 0.4958215355873108, -0.03928834944963455, 0.5186502933502197, 0.4475332498550415, -0.041442904621362686, 0.5425902009010315, 0.5200539827346802, -0.05825047194957733, 0.559144139289856, 0.5657795667648315, -0.0661490336060524, 0.5726152658462524, 0.6036921739578247, -0.07099919021129608, 0.4935368299484253, 0.46035903692245483, -0.04429955407977104, 0.505073070526123, 0.5469013452529907, -0.06182233244180679, 0.5112394690513611, 0.6038463115692139, -0.06877391040325165, 0.5134922862052917, 0.6467630863189697, -0.07336418330669403, 0.46796923875808716, 0.46300697326660156, -0.04606925696134567, 0.4747733175754547, 0.5489826798439026, -0.0632275640964508, 0.47800806164741516, 0.6069614291191101, -0.07010718435049057, 0.47802743315696716, 0.6511939167976379, -0.07388225197792053, 0.4435957968235016, 0.45955193042755127, -0.04731019213795662, 0.4474377930164337, 0.53172367811203, -0.06337929517030716, 0.4444071054458618, 0.5802195072174072, -0.06934697180986404, 0.43891674280166626, 0.6198847889900208, -0.07217167317867279]",[]
"[0.5076166391372681, 0.2737416923046112, 3.658873595213663e-07, 0.552526593208313, 0.3168536126613617, -0.022671284154057503, 0.5748380422592163, 0.38587862253189087, -0.036349549889564514, 0.5818489789962769, 0.45695629715919495, -0.04356144368648529, 0.590899646282196, 0.5213865637779236, -0.050160448998212814, 0.5424932241439819, 0.45477160811424255, -0.049774155020713806, 0.5444056391716003, 0.5341476202011108, -0.06450500339269638, 0.5421425104141235, 0.581355094909668, -0.07096526771783829, 0.5380998253822327, 0.6187227368354797, -0.07518912851810455, 0.5094465017318726, 0.4627719223499298, -0.04315556213259697, 0.5005526542663574, 0.5510461926460266, -0.060789816081523895, 0.49188435077667236, 0.6054701805114746, -0.06960324943065643, 0.4820694327354431, 0.6467283964157104, -0.07566224783658981, 0.4822012782096863, 0.45070505142211914, -0.0356518030166626, 0.46726077795028687, 0.5259408950805664, -0.05330048128962517, 0.45396488904953003, 0.5721859931945801, -0.05942915007472038, 0.43840914964675903, 0.6060082316398621, -0.062377266585826874, 0.4590187072753906, 0.4285171329975128, -0.02826673537492752, 0.44079840183258057, 0.4899952709674835, -0.045008137822151184, 0.42354193329811096, 0.5286914706230164, -0.05066731199622154, 0.40765315294265747, 0.5616515278816223, -0.05289928615093231]",[]
"[0.48798856139183044, 0.25421151518821716, 3.4237473300890997e-07, 0.5413123965263367, 0.293149471282959, -0.021018577739596367, 0.5729286670684814, 0.3699479103088379, -0.03150036185979843, 0.589207649230957, 0.4511006474494934, -0.03622295334935188, 0.5997363924980164, 0.5187736749649048, -0.04045240208506584, 0.5412817597389221, 0.43418267369270325, -0.0386064238846302, 0.5448867082595825, 0.517840564250946, -0.049520332366228104, 0.5460076332092285, 0.5657075643539429, -0.05449908226728439, 0.5448614954948425, 0.6052860021591187, -0.05809954181313515, 0.5076032280921936, 0.44306692481040955, -0.03241246938705444, 0.5005863308906555, 0.5447551608085632, -0.04577155038714409, 0.4911436438560486, 0.6076244115829468, -0.05433708801865578, 0.47824758291244507, 0.654379665851593, -0.0607406310737133, 0.4799688458442688, 0.4309718906879425, -0.02557326853275299, 0.46139344573020935, 0.5217268466949463, -0.04166267067193985, 0.4424319863319397, 0.5736716985702515, -0.0521935299038887, 0.4220055341720581, 0.6097087860107422, -0.05873648449778557, 0.45812010765075684, 0.4072577655315399, -0.018567003309726715, 0.4345845580101013, 0.45165106654167175, -0.03432231768965721, 0.41436484456062317, 0.4675193428993225, -0.041236039251089096, 0.3956723213195801, 0.4810355007648468, -0.044931843876838684]",[]
"[0.478931188583374, 0.24871821701526642, 7.343606966969674e-07, 0.528683602809906, 0.28342971205711365, -0.015718325972557068, 0.5631700754165649, 0.34493929147720337, -0.029428130015730858, 0.5809569358825684, 0.42506080865859985, -0.038345493376255035, 0.5909544229507446, 0.48892587423324585, -0.04674740508198738, 0.541388213634491, 0.3958394527435303, -0.047680798918008804, 0.5584218502044678, 0.46308091282844543, -0.06662866473197937, 0.5656239986419678, 0.5101910829544067, -0.07790131121873856, 0.5668044686317444, 0.5567346811294556, -0.08637763559818268, 0.5077133178710938, 0.4215039312839508, -0.045848336070775986, 0.4995537996292114, 0.5346840620040894, -0.06563498079776764, 0.48916685581207275, 0.608313262462616, -0.07750154286623001, 0.4728449583053589, 0.6605497598648071, -0.08636430650949478, 0.4771822690963745, 0.42414361238479614, -0.04171315208077431, 0.47857362031936646, 0.5138829350471497, -0.05785156041383743, 0.4862315356731415, 0.525163471698761, -0.05929688364267349, 0.48735183477401733, 0.5232481360435486, -0.05987894907593727, 0.45344215631484985, 0.40853360295295715, -0.037703633308410645, 0.44054701924324036, 0.46593934297561646, -0.05450263246893883, 0.42888718843460083, 0.4804239571094513, -0.056927215307950974, 0.41706085205078125, 0.4863334000110626, -0.0563463419675827]",[]
"[0.4924355745315552, 0.23941078782081604, 3.96207752828559e-07, 0.5416392087936401, 0.277820348739624, -0.03100554645061493, 0.5715298056602478, 0.35821348428726196, -0.04871343448758125, 0.5887237191200256, 0.4356845021247864, -0.05903458222746849, 0.5960173606872559, 0.5063523054122925, -0.06999128311872482, 0.5432851314544678, 0.40885859727859497, -0.060670118778944016, 0.5467157959938049, 0.499506413936615, -0.08344360440969467, 0.5433128476142883, 0.55681312084198, -0.09688111394643784, 0.5373026728630066, 0.5999744534492493, -0.10575175285339355, 0.5106301307678223, 0.4193328022956848, -0.05348966643214226, 0.5051302313804626, 0.530132532119751, -0.07426509261131287, 0.49438366293907166, 0.6019763350486755, -0.08634959161281586, 0.4821065068244934, 0.6557193398475647, -0.09535840898752213, 0.48306533694267273, 0.41208523511886597, -0.046757958829402924, 0.46682047843933105, 0.5136459469795227, -0.06948350369930267, 0.4478929042816162, 0.5737788677215576, -0.08463052660226822, 0.4294254183769226, 0.6167784333229065, -0.0948387086391449, 0.46140652894973755, 0.39257150888442993, -0.04057521000504494, 0.43660321831703186, 0.4378085136413574, -0.06577034294605255, 0.41526830196380615, 0.4577193260192871, -0.0791160836815834, 0.39653754234313965, 0.4717821180820465, -0.08721530437469482]",[]
"[0.493393212556839, 0.240946963429451, 5.339134645510057e-07, 0.5464269518852234, 0.2742499113082886, -0.03458762168884277, 0.5775963068008423, 0.3493436574935913, -0.05666958540678024, 0.5907390713691711, 0.4378637969493866, -0.0678994357585907, 0.6023901700973511, 0.5212949514389038, -0.0786677673459053, 0.5484695434570312, 0.39030221104621887, -0.08316501975059509, 0.5484002828598022, 0.4938007593154907, -0.10802079737186432, 0.5446546673774719, 0.5573273301124573, -0.11971846967935562, 0.537645161151886, 0.610379159450531, -0.12659664452075958, 0.5104615688323975, 0.4093995988368988, -0.07076697051525116, 0.5041159987449646, 0.5283952355384827, -0.09860382974147797, 0.4940704107284546, 0.6092358231544495, -0.11280537396669388, 0.4818815290927887, 0.6679174900054932, -0.12330459803342819, 0.48164159059524536, 0.4113733172416687, -0.05584897845983505, 0.46886345744132996, 0.5102096199989319, -0.08230116963386536, 0.4491739571094513, 0.5789878368377686, -0.09516040235757828, 0.4289858937263489, 0.6261013746261597, -0.10306301712989807, 0.4639703035354614, 0.4063166379928589, -0.04041571170091629, 0.46128973364830017, 0.4656737446784973, -0.0628754198551178, 0.4530869126319885, 0.49045324325561523, -0.0712115615606308, 0.4459226727485657, 0.508155107498169, -0.07626602053642273]",[]
"[0.49547818303108215, 0.23810042440891266, 3.8654275158478413e-07, 0.5469893217086792, 0.2750799357891083, -0.02092970907688141, 0.5757408738136292, 0.3569987714290619, -0.03222900256514549, 0.5907043218612671, 0.4361846446990967, -0.03846282139420509, 0.5955169796943665, 0.5060686469078064, -0.045506399124860764, 0.5497026443481445, 0.4182279407978058, -0.04197164252400398, 0.5517875552177429, 0.5028238296508789, -0.059789612889289856, 0.5473000407218933, 0.5588111281394958, -0.07090944051742554, 0.5390817523002625, 0.601794958114624, -0.07850709557533264, 0.5165557861328125, 0.4359377324581146, -0.039143506437540054, 0.5102666020393372, 0.5479925274848938, -0.05455326288938522, 0.4992964565753937, 0.6204636693000793, -0.0646856352686882, 0.485615074634552, 0.6696674823760986, -0.07223346084356308, 0.4879145324230194, 0.43106016516685486, -0.03677062690258026, 0.4724287986755371, 0.532005250453949, -0.05575143173336983, 0.45413756370544434, 0.5919883251190186, -0.07021995633840561, 0.43565189838409424, 0.6339154243469238, -0.08012892305850983, 0.4646725654602051, 0.4084717929363251, -0.034326519817113876, 0.4383176565170288, 0.4550771415233612, -0.056222908198833466, 0.4170088768005371, 0.4776272773742676, -0.06845524907112122, 0.39823657274246216, 0.49359479546546936, -0.07594423741102219]",[]
"[0.503700315952301, 0.2579113245010376, 4.201882859433681e-07, 0.5539606809616089, 0.29375946521759033, -0.02745647169649601, 0.581597626209259, 0.37196725606918335, -0.0397261381149292, 0.595322847366333, 0.4489353895187378, -0.04645993933081627, 0.5989071130752563, 0.5179013609886169, -0.053039852529764175, 0.550703763961792, 0.4485720694065094, -0.03440093621611595, 0.5492902398109436, 0.5217692852020264, -0.05124444141983986, 0.5443113446235657, 0.5717795491218567, -0.06342343986034393, 0.5365944504737854, 0.6109001040458679, -0.07158990204334259, 0.5169181227684021, 0.4617880582809448, -0.028602996841073036, 0.5072567462921143, 0.5597540736198425, -0.04173131659626961, 0.49857431650161743, 0.6285063028335571, -0.052717823535203934, 0.48801201581954956, 0.6819565296173096, -0.06087994575500488, 0.48901939392089844, 0.4531779885292053, -0.024824082851409912, 0.47125303745269775, 0.5404152274131775, -0.043008171021938324, 0.4551125764846802, 0.5967671871185303, -0.05816999822854996, 0.4386973977088928, 0.640511155128479, -0.06810611486434937, 0.46759793162345886, 0.428123414516449, -0.021964993327856064, 0.4389837682247162, 0.46553704142570496, -0.042575202882289886, 0.4168323874473572, 0.4839842617511749, -0.05411963164806366, 0.39707112312316895, 0.4992218017578125, -0.06077732890844345]",[]
"[0.5307018756866455, 0.28499412536621094, 5.253656922832306e-07, 0.5699273943901062, 0.3177131116390228, -0.03485392406582832, 0.5904054045677185, 0.38155585527420044, -0.05443885549902916, 0.5948996543884277, 0.45064470171928406, -0.0658474862575531, 0.598568856716156, 0.5209644436836243, -0.07737244665622711, 0.5579879283905029, 0.45744988322257996, -0.05691365525126457, 0.5532701015472412, 0.5244341492652893, -0.07831539213657379, 0.5462064146995544, 0.5684414505958557, -0.09282179176807404, 0.5369185209274292, 0.6097742319107056, -0.10296966880559921, 0.5245649218559265, 0.47573116421699524, -0.04750970005989075, 0.5148773193359375, 0.5664173364639282, -0.0734403133392334, 0.5030882954597473, 0.6354835033416748, -0.09258982539176941, 0.48995083570480347, 0.690881609916687, -0.10638003796339035, 0.4990069568157196, 0.46787506341934204, -0.03812776878476143, 0.4819987416267395, 0.5401418209075928, -0.0636463314294815, 0.46314266324043274, 0.5968962907791138, -0.07995253801345825, 0.4448840320110321, 0.640557587146759, -0.09016185253858566, 0.48173055052757263, 0.44567766785621643, -0.029429368674755096, 0.4694245159626007, 0.4949120879173279, -0.05179977789521217, 0.45553138852119446, 0.5240078568458557, -0.06229134276509285, 0.4438256025314331, 0.5479235649108887, -0.06879863888025284]",[]
[],"[0.4791167080402374, 0.3322724997997284, 3.965686801166157e-07, 0.4748400151729584, 0.37864741683006287, -0.007784752640873194, 0.4740251898765564, 0.4200344681739807, -0.01717487908899784, 0.4718015491962433, 0.45424985885620117, -0.026310311630368233, 0.4714129567146301, 0.4831241965293884, -0.03555622324347496, 0.4842373728752136, 0.48804014921188354, -0.022246064618229866, 0.4684072732925415, 0.5384162068367004, -0.037484291940927505, 0.4522700905799866, 0.5634864568710327, -0.048196952790021896, 0.43795764446258545, 0.5850985646247864, -0.054987743496894836, 0.49375608563423157, 0.4835243821144104, -0.027058131992816925, 0.505771815776825, 0.5544037222862244, -0.04212399944663048, 0.5159518718719482, 0.5992767214775085, -0.052895788103342056, 0.5255157947540283, 0.6321088671684265, -0.06023918837308884, 0.5011451840400696, 0.46061766147613525, -0.03168054297566414, 0.5212993025779724, 0.5123730897903442, -0.04687362164258957, 0.5374047160148621, 0.5486536026000977, -0.0559222586452961, 0.5494922399520874, 0.5755301117897034, -0.061727069318294525, 0.5044791102409363, 0.42455318570137024, -0.03620699793100357, 0.5141389966011047, 0.44659489393234253, -0.04832376167178154, 0.5177815556526184, 0.45613014698028564, -0.051677778363227844, 0.5212605595588684, 0.46357205510139465, -0.05337844043970108]"
"[0.46478110551834106, 0.27813321352005005, 2.0615495088804892e-07, 0.5187022686004639, 0.303774356842041, -0.01184192206710577, 0.5492926836013794, 0.36548861861228943, -0.021604757755994797, 0.5675265192985535, 0.43602269887924194, -0.026959910988807678, 0.5801419615745544, 0.4947969615459442, -0.03228576108813286, 0.5238038301467896, 0.43753233551979065, -0.04500237852334976, 0.5549727082252502, 0.5217840075492859, -0.06066982075572014, 0.5784066915512085, 0.5658248662948608, -0.06591247767210007, 0.5983841419219971, 0.5989820957183838, -0.06785734742879868, 0.49589428305625916, 0.45698508620262146, -0.04370960220694542, 0.5116338729858398, 0.5667799711227417, -0.060485657304525375, 0.5240179300308228, 0.6280657649040222, -0.06578155606985092, 0.5323435068130493, 0.6694302558898926, -0.06835832446813583, 0.4706953465938568, 0.4563661813735962, -0.04081430658698082, 0.47536689043045044, 0.5573388934135437, -0.06038743257522583, 0.477901428937912, 0.6130039691925049, -0.06845345348119736, 0.47689566016197205, 0.6530247926712036, -0.0711989626288414, 0.4488176107406616, 0.44553476572036743, -0.03665252402424812, 0.44758543372154236, 0.5252958536148071, -0.05367744714021683, 0.43912309408187866, 0.5752803683280945, -0.059979118406772614, 0.42774224281311035, 0.614776611328125, -0.062196340411901474]",[]
"[0.46274957060813904, 0.3105170428752899, 3.297148509773251e-07, 0.5080013275146484, 0.3400512933731079, -0.0071555245667696, 0.5409590005874634, 0.3945167064666748, -0.01641877368092537, 0.5626208782196045, 0.4506019651889801, -0.02355579473078251, 0.5802497863769531, 0.4973025321960449, -0.032212838530540466, 0.5228889584541321, 0.4574436843395233, -0.036290306597948074, 0.5476229786872864, 0.5343931913375854, -0.05150623619556427, 0.5633008480072021, 0.5833195447921753, -0.05933113768696785, 0.5754935145378113, 0.6232376098632812, -0.0642182007431984, 0.4966503083705902, 0.4723723530769348, -0.039961375296115875, 0.5053662061691284, 0.5586642026901245, -0.054302677512168884, 0.5089775919914246, 0.6111823916435242, -0.060067448765039444, 0.5097656846046448, 0.6493785381317139, -0.06387342512607574, 0.4695945084095001, 0.46963489055633545, -0.04238487407565117, 0.4727247953414917, 0.5585999488830566, -0.058696847409009933, 0.47414639592170715, 0.6142574548721313, -0.06488514691591263, 0.4738427698612213, 0.6573799848556519, -0.06813300400972366, 0.44380009174346924, 0.4566488564014435, -0.043600622564554214, 0.44532841444015503, 0.5273422598838806, -0.059013720601797104, 0.44162431359291077, 0.5754866600036621, -0.06284888088703156, 0.43630313873291016, 0.6155555248260498, -0.06399449706077576]",[]
"[0.5568941831588745, 0.3151169419288635, 4.582003043651639e-07, 0.5947903990745544, 0.3626209795475006, -0.017941392958164215, 0.6110139489173889, 0.43199342489242554, -0.028012992814183235, 0.6116654276847839, 0.49618032574653625, -0.03510856255888939, 0.6138699054718018, 0.5557080507278442, -0.0414835587143898, 0.5704537034034729, 0.500625491142273, -0.030285755172371864, 0.5675025582313538, 0.5877680778503418, -0.04219486936926842, 0.566670298576355, 0.6398324966430664, -0.047427959740161896, 0.5668309926986694, 0.6815671920776367, -0.05049100145697594, 0.5384846329689026, 0.5034916400909424, -0.029118014499545097, 0.5248531699180603, 0.5997380614280701, -0.0436924509704113, 0.5185678601264954, 0.6701117753982544, -0.05277874693274498, 0.5141985416412354, 0.7193361520767212, -0.05800901725888252, 0.5152720808982849, 0.48586976528167725, -0.028423495590686798, 0.5112276077270508, 0.5455322861671448, -0.04657244309782982, 0.5187975764274597, 0.5592410564422607, -0.05402928218245506, 0.524500846862793, 0.5636969804763794, -0.055435094982385635, 0.49830856919288635, 0.4597302973270416, -0.02798827551305294, 0.4982287585735321, 0.5046179294586182, -0.045197196304798126, 0.5039892196655273, 0.5208370685577393, -0.050506915897130966, 0.5097410082817078, 0.5274825096130371, -0.05109217017889023]",[]
"[0.5385974049568176, 0.34701162576675415, 5.650942966894945e-07, 0.5823893547058105, 0.36785316467285156, -0.04052872583270073, 0.6060733795166016, 0.422910213470459, -0.06912513077259064, 0.609997034072876, 0.48711010813713074, -0.08782040327787399, 0.6158962845802307, 0.5554933547973633, -0.10651828348636627, 0.5685076117515564, 0.44886842370033264, -0.10156109184026718, 0.5705724358558655, 0.5532599687576294, -0.13409677147865295, 0.5714541673660278, 0.6198453307151794, -0.1489735245704651, 0.5709431171417236, 0.6758373975753784, -0.15811137855052948, 0.5390774011611938, 0.4627351760864258, -0.09238119423389435, 0.5290074348449707, 0.5777657628059387, -0.12966081500053406, 0.5218808650970459, 0.6636605858802795, -0.14814689755439758, 0.5136422514915466, 0.7315267324447632, -0.16178053617477417, 0.5171689987182617, 0.46709564328193665, -0.08154603093862534, 0.5070657134056091, 0.5560378432273865, -0.11209948360919952, 0.5015811324119568, 0.6232529878616333, -0.12759262323379517, 0.4931475520133972, 0.6703788638114929, -0.1376502811908722, 0.5007419586181641, 0.46798720955848694, -0.07169542461633682, 0.4926331639289856, 0.5451847314834595, -0.09656524658203125, 0.48217442631721497, 0.6017531156539917, -0.11066390573978424, 0.4738571345806122, 0.6447544097900391, -0.12106812000274658]",[]
[],"[0.46924126148223877, 0.2842530906200409, 3.368837155903748e-07, 0.477815181016922, 0.35523468255996704, 0.010381083935499191, 0.4869076907634735, 0.41249576210975647, 0.003880744334310293, 0.4970466196537018, 0.45654287934303284, -0.004726950079202652, 0.5063579082489014, 0.49025532603263855, -0.014584064483642578, 0.4755280315876007, 0.44748663902282715, -0.020603042095899582, 0.4655386805534363, 0.516629159450531, -0.03681207448244095, 0.45001429319381714, 0.5534828305244446, -0.047830041497945786, 0.4346100986003876, 0.5849311351776123, -0.05569731444120407, 0.477678507566452, 0.43955036997795105, -0.036401502788066864, 0.49476563930511475, 0.5264124274253845, -0.05236898735165596, 0.5064306855201721, 0.5824899673461914, -0.06268496066331863, 0.5129290819168091, 0.6226198673248291, -0.07154618948698044, 0.4849052131175995, 0.4100114703178406, -0.04981839656829834, 0.49265816807746887, 0.497946172952652, -0.06526148319244385, 0.4945414066314697, 0.5535256266593933, -0.07325941324234009, 0.4953201711177826, 0.5948042273521423, -0.08008703589439392, 0.4965096414089203, 0.3697631061077118, -0.061046309769153595, 0.5152277946472168, 0.40813571214675903, -0.07838059961795807, 0.5308721661567688, 0.44182369112968445, -0.08542010188102722, 0.5439923405647278, 0.4708869457244873, -0.09043705463409424]"
"[0.5459203124046326, 0.32546722888946533, 4.4662172626885877e-07, 0.5885447859764099, 0.3611620366573334, -0.02388175018131733, 0.6068102121353149, 0.4244457483291626, -0.03844735771417618, 0.6088106036186218, 0.4902680218219757, -0.047912124544382095, 0.613487720489502, 0.550283670425415, -0.05718684941530228, 0.5675348043441772, 0.48988932371139526, -0.0475645512342453, 0.5671319961547852, 0.5797644257545471, -0.0643133819103241, 0.5654290914535522, 0.6321771144866943, -0.0715101882815361, 0.5629619359970093, 0.6754618883132935, -0.07551068812608719, 0.5376670956611633, 0.4951816499233246, -0.04327564686536789, 0.523748517036438, 0.5983390808105469, -0.0619797445833683, 0.5138590931892395, 0.6675319075584412, -0.070321224629879, 0.5045601725578308, 0.722014844417572, -0.07514013350009918, 0.5162283182144165, 0.4828604757785797, -0.03916911035776138, 0.502153217792511, 0.5580475926399231, -0.05788559094071388, 0.49201828241348267, 0.6099254488945007, -0.0654970034956932, 0.48162588477134705, 0.6508865356445312, -0.06849733740091324, 0.502564549446106, 0.4635544419288635, -0.035709112882614136, 0.4941195249557495, 0.5174587965011597, -0.05269816145300865, 0.4886295795440674, 0.5509039163589478, -0.05838996171951294, 0.4849785566329956, 0.5766846537590027, -0.06047839671373367]",[]
"[0.5422369837760925, 0.31883639097213745, 3.83609204845925e-07, 0.5809674859046936, 0.3565170466899872, -0.021135790273547173, 0.6008408069610596, 0.42564934492111206, -0.030019834637641907, 0.6059348583221436, 0.4887693524360657, -0.03518521785736084, 0.6087640523910522, 0.5470539331436157, -0.040124937891960144, 0.5635737180709839, 0.508330225944519, -0.022573675960302353, 0.5622937679290771, 0.5816048979759216, -0.031737588346004486, 0.5596990585327148, 0.6287013292312622, -0.03810957074165344, 0.5558076500892639, 0.664039671421051, -0.04250818118453026, 0.5319303274154663, 0.5156484842300415, -0.01910049095749855, 0.523220419883728, 0.6073235273361206, -0.025300174951553345, 0.5161654949188232, 0.666290283203125, -0.032197464257478714, 0.5089242458343506, 0.7106257081031799, -0.03736749663949013, 0.5051940679550171, 0.49998781085014343, -0.01740248128771782, 0.48777660727500916, 0.5767674446105957, -0.028316734358668327, 0.4722335636615753, 0.6255568265914917, -0.0380561463534832, 0.4583156704902649, 0.6628378033638, -0.044674403965473175, 0.48446986079216003, 0.4698330760002136, -0.016562797129154205, 0.4601849615573883, 0.5099926590919495, -0.029248317703604698, 0.4412858486175537, 0.5339944958686829, -0.0351841039955616, 0.4253727197647095, 0.5524295568466187, -0.03830069303512573]",[]
"[0.4693574905395508, 0.3218144476413727, 3.82533102083471e-07, 0.5102895498275757, 0.36199116706848145, -0.007977049797773361, 0.5408996343612671, 0.41335031390190125, -0.018527306616306305, 0.5595569610595703, 0.4664800763130188, -0.02747236005961895, 0.572330892086029, 0.51612788438797, -0.03799787163734436, 0.5179533362388611, 0.460283100605011, -0.03733136132359505, 0.536169171333313, 0.5292698740959167, -0.05440489202737808, 0.5485731363296509, 0.5742365121841431, -0.0638265535235405, 0.558643639087677, 0.613042950630188, -0.07026749849319458, 0.49585267901420593, 0.4750850796699524, -0.04223117604851723, 0.49831411242485046, 0.5585532188415527, -0.06020079553127289, 0.4996074140071869, 0.6166650056838989, -0.06941384822130203, 0.4985465705394745, 0.6611729860305786, -0.07600949704647064, 0.4734402596950531, 0.4728499948978424, -0.04609902203083038, 0.47257480025291443, 0.5545181035995483, -0.0660163164138794, 0.4706012010574341, 0.6123093366622925, -0.07531465590000153, 0.46756482124328613, 0.6581965684890747, -0.08060905337333679, 0.4502900540828705, 0.4592733383178711, -0.04886152222752571, 0.44822949171066284, 0.5272588729858398, -0.06739266216754913, 0.44060438871383667, 0.5765508413314819, -0.07397524267435074, 0.4319061040878296, 0.6158379316329956, -0.07733986526727676]",[]
"[0.46002188324928284, 0.3298245370388031, 3.368216425769788e-07, 0.5040848851203918, 0.36459559202194214, -0.01164039596915245, 0.5360543727874756, 0.41831234097480774, -0.02344830334186554, 0.5569024682044983, 0.4775654077529907, -0.032383713871240616, 0.5724307298660278, 0.5280777215957642, -0.04230659455060959, 0.512336790561676, 0.47588449716567993, -0.03905942663550377, 0.5325170755386353, 0.5461170673370361, -0.056428585201501846, 0.5477688312530518, 0.5904729962348938, -0.06641314923763275, 0.5605718493461609, 0.6283721327781677, -0.07303988188505173, 0.489161878824234, 0.49240273237228394, -0.04114985838532448, 0.4954915940761566, 0.5737898945808411, -0.058425094932317734, 0.5025477409362793, 0.629374623298645, -0.06641588360071182, 0.5061904788017273, 0.669007420539856, -0.07213162630796432, 0.4658580720424652, 0.4919145703315735, -0.04257771000266075, 0.4659199118614197, 0.572996199131012, -0.06045909970998764, 0.46789485216140747, 0.6294998526573181, -0.06777805835008621, 0.46720048785209656, 0.6711175441741943, -0.07186295837163925, 0.4427882134914398, 0.48059606552124023, -0.043488528579473495, 0.4419281482696533, 0.5493178963661194, -0.060461368411779404, 0.4376488924026489, 0.5963658690452576, -0.06622031331062317, 0.4314863979816437, 0.632823646068573, -0.068861223757267]",[]
"[0.4851190447807312, 0.27558019757270813, 1.5790941176874185e-07, 0.4769124388694763, 0.34835535287857056, 0.009048382751643658, 0.4683862626552582, 0.4241037964820862, 0.00684980396181345, 0.46112290024757385, 0.48147493600845337, 0.002303109737113118, 0.4567694664001465, 0.5294877886772156, -0.0032727178186178207, 0.46727657318115234, 0.43910694122314453, -0.016965830698609352, 0.4595327079296112, 0.5111905336380005, -0.033860184252262115, 0.45340442657470703, 0.5546586513519287, -0.04307027906179428, 0.449800580739975, 0.589569091796875, -0.04881848022341728, 0.47059863805770874, 0.426932156085968, -0.03252766281366348, 0.4726846516132355, 0.5183025598526001, -0.05085427686572075, 0.47786054015159607, 0.5811365246772766, -0.060893066227436066, 0.48591750860214233, 0.6295980215072632, -0.06748735159635544, 0.4735197126865387, 0.39820998907089233, -0.04671245440840721, 0.47422945499420166, 0.4723178446292877, -0.06392671167850494, 0.48220381140708923, 0.5220450162887573, -0.07238336652517319, 0.4910484552383423, 0.5657553672790527, -0.07824178785085678, 0.475186824798584, 0.3596622943878174, -0.05926705524325371, 0.47202321887016296, 0.3877069354057312, -0.07637422531843185, 0.47162166237831116, 0.41671299934387207, -0.08389896154403687, 0.47343480587005615, 0.4486096501350403, -0.08891841769218445]",[]
"[0.5237801671028137, 0.27364468574523926, 4.2050260162795894e-07, 0.5658218860626221, 0.3256004750728607, -0.025203080847859383, 0.583092451095581, 0.4066200256347656, -0.03965010121464729, 0.5897263288497925, 0.4829338788986206, -0.048379965126514435, 0.5961135029792786, 0.5537372827529907, -0.05779951810836792, 0.5493946671485901, 0.46854329109191895, -0.04599624127149582, 0.546810507774353, 0.5584544539451599, -0.06315561383962631, 0.5423957705497742, 0.6133201122283936, -0.07268845289945602, 0.5349337458610535, 0.6556280255317688, -0.07856950908899307, 0.5146780014038086, 0.46900638937950134, -0.04084112122654915, 0.5033009648323059, 0.5711468458175659, -0.05600236356258392, 0.4936044216156006, 0.6342029571533203, -0.06514518707990646, 0.483202189207077, 0.6811755895614624, -0.07167255133390427, 0.48637497425079346, 0.4540863335132599, -0.0362132266163826, 0.4657529294490814, 0.5459775924682617, -0.05392960086464882, 0.4499954581260681, 0.6006901264190674, -0.0640721544623375, 0.4346856474876404, 0.6419214606285095, -0.07064282894134521, 0.46581900119781494, 0.4286044239997864, -0.032145366072654724, 0.4397708773612976, 0.477281779050827, -0.050751522183418274, 0.4194459319114685, 0.5004037022590637, -0.05876070633530617, 0.4020255208015442, 0.5185655951499939, -0.06310796737670898]",[]
"[0.552612841129303, 0.3401179909706116, 4.2690626855801383e-07, 0.5873116850852966, 0.37609773874282837, -0.02792094275355339, 0.6001877784729004, 0.4368332028388977, -0.043553657829761505, 0.6022310853004456, 0.49726414680480957, -0.05297651141881943, 0.6104791760444641, 0.5554680824279785, -0.06239263713359833, 0.5596615076065063, 0.4993821978569031, -0.04719804599881172, 0.5537279844284058, 0.5682811737060547, -0.06399691104888916, 0.5491048693656921, 0.612888514995575, -0.07433626055717468, 0.5447664260864258, 0.6529903411865234, -0.08104587346315384, 0.5305842757225037, 0.5071734189987183, -0.04036956652998924, 0.5173686742782593, 0.5937230587005615, -0.060683656483888626, 0.5051512718200684, 0.6529977321624756, -0.07350343465805054, 0.49448028206825256, 0.7002440690994263, -0.08227550238370895, 0.5078983306884766, 0.49676111340522766, -0.0336725227534771, 0.48625198006629944, 0.5661447048187256, -0.05325119197368622, 0.467596173286438, 0.6191105246543884, -0.06336209177970886, 0.4515790045261383, 0.6612038612365723, -0.06887916475534439, 0.49159249663352966, 0.4775802493095398, -0.027677902951836586, 0.4742181897163391, 0.5404177904129028, -0.04215763136744499, 0.45957598090171814, 0.5821487307548523, -0.04716632142663002, 0.4471050202846527, 0.6176132559776306, -0.050118252635002136]",[]
"[0.5326229333877563, 0.3235509991645813, 4.344472870343452e-07, 0.5754485726356506, 0.35892438888549805, -0.032341498881578445, 0.5965314507484436, 0.42225882411003113, -0.049958642572164536, 0.602699875831604, 0.4868503510951996, -0.06043578311800957, 0.6112393140792847, 0.5490090847015381, -0.07096651196479797, 0.5600545406341553, 0.4865383505821228, -0.05265364423394203, 0.553230345249176, 0.5569692850112915, -0.07197532802820206, 0.5467768311500549, 0.6029870510101318, -0.08435933291912079, 0.5388553738594055, 0.6442205905914307, -0.09253197908401489, 0.5264064073562622, 0.4982428550720215, -0.0436408594250679, 0.5160109996795654, 0.5825614929199219, -0.06580714881420135, 0.5029432773590088, 0.6420440673828125, -0.0802622139453888, 0.4899459481239319, 0.6903730630874634, -0.09055070579051971, 0.5001353621482849, 0.49053362011909485, -0.03499370813369751, 0.48434099555015564, 0.5606980323791504, -0.05614994093775749, 0.4646802246570587, 0.614011287689209, -0.0680890753865242, 0.4460432827472687, 0.6550703048706055, -0.0751563236117363, 0.48109713196754456, 0.4740567207336426, -0.02729802019894123, 0.4684046804904938, 0.5356598496437073, -0.04390515387058258, 0.45421814918518066, 0.5748937726020813, -0.05083217844367027, 0.44081491231918335, 0.6080231666564941, -0.0552249401807785]",[]
"[0.5161016583442688, 0.2929399907588959, 4.825589599022351e-07, 0.5617647171020508, 0.3289371132850647, -0.028512122109532356, 0.5855765342712402, 0.4035559892654419, -0.0441083125770092, 0.5967166423797607, 0.4783979058265686, -0.05349140241742134, 0.6074948310852051, 0.5453999638557434, -0.06326554715633392, 0.557026743888855, 0.46123674511909485, -0.04814618453383446, 0.5523809194564819, 0.5410605072975159, -0.06811229139566422, 0.544674277305603, 0.5960231423377991, -0.0798633024096489, 0.5346555113792419, 0.6370437145233154, -0.08715640753507614, 0.5223827362060547, 0.4713307321071625, -0.04226258397102356, 0.5125724673271179, 0.5706108212471008, -0.06094216927886009, 0.5012716054916382, 0.6386059522628784, -0.07278410345315933, 0.48826414346694946, 0.6881973743438721, -0.08116791397333145, 0.49321532249450684, 0.4613305628299713, -0.03716804459691048, 0.47809433937072754, 0.547387421131134, -0.059415169060230255, 0.4618390202522278, 0.6027810573577881, -0.0730995237827301, 0.44524240493774414, 0.6429843902587891, -0.08141549676656723, 0.4699077904224396, 0.4377855956554413, -0.03251582011580467, 0.44611141085624695, 0.48544207215309143, -0.05431146174669266, 0.42371824383735657, 0.5067557096481323, -0.06383033841848373, 0.4041603207588196, 0.5217182040214539, -0.06901229172945023]",[]
"[0.49922505021095276, 0.25744563341140747, 2.6880286441155476e-07, 0.5492715239524841, 0.30312928557395935, -0.023999249562621117, 0.5760561227798462, 0.386135995388031, -0.03675692155957222, 0.588586688041687, 0.4699433147907257, -0.04418853297829628, 0.5998452305793762, 0.5400329232215881, -0.05163532868027687, 0.5413013100624084, 0.44286152720451355, -0.04070930555462837, 0.5428371429443359, 0.5300417542457581, -0.05772091820836067, 0.5418110489845276, 0.5876323580741882, -0.06800352036952972, 0.5380876660346985, 0.6318575739860535, -0.07485153526067734, 0.5078582167625427, 0.45275071263313293, -0.03599350154399872, 0.5037868022918701, 0.5513070821762085, -0.048864610493183136, 0.49726808071136475, 0.6103975772857666, -0.05554599687457085, 0.4874812960624695, 0.657558023929596, -0.06098654121160507, 0.48072925209999084, 0.44566234946250916, -0.032469492405653, 0.4672711491584778, 0.5347824096679688, -0.04897507652640343, 0.45289406180381775, 0.5911721587181091, -0.058838509023189545, 0.43810898065567017, 0.634797990322113, -0.06564369052648544, 0.461188405752182, 0.4254288375377655, -0.029722275212407112, 0.44058266282081604, 0.47067180275917053, -0.04919806122779846, 0.42065316438674927, 0.49336129426956177, -0.058578621596097946, 0.40162789821624756, 0.5113788843154907, -0.06393907219171524]",[]
"[0.48385679721832275, 0.4344654679298401, 9.373981413318688e-08, 0.4670236110687256, 0.4884764552116394, -0.006294833496212959, 0.458754301071167, 0.5289693474769592, -0.014247342944145203, 0.4495598375797272, 0.5610841512680054, -0.022586634382605553, 0.4431094527244568, 0.5932974219322205, -0.030541548505425453, 0.4858214855194092, 0.5524149537086487, -0.01589961349964142, 0.4978373646736145, 0.5916575789451599, -0.02481645718216896, 0.5036289095878601, 0.6060358881950378, -0.030164893716573715, 0.5088586807250977, 0.6290525197982788, -0.03480985760688782, 0.499190092086792, 0.5450932383537292, -0.021276725456118584, 0.5150596499443054, 0.5907233357429504, -0.04097955301403999, 0.526522159576416, 0.6253050565719604, -0.054371755570173264, 0.5338348746299744, 0.6600322723388672, -0.06306832283735275, 0.5095711946487427, 0.5235360860824585, -0.02619006298482418, 0.49835747480392456, 0.5489237308502197, -0.04583549126982689, 0.4820995628833771, 0.5673127770423889, -0.05328424274921417, 0.4693659245967865, 0.5877605080604553, -0.05609312281012535, 0.516379177570343, 0.49849459528923035, -0.030707350000739098, 0.5285558700561523, 0.5268183946609497, -0.04282419756054878, 0.5351501107215881, 0.5486095547676086, -0.04527541249990463, 0.5414693355560303, 0.5738615989685059, -0.04676829278469086]",[]
"[0.46888309717178345, 0.31136685609817505, 4.7409841386070184e-07, 0.5119444727897644, 0.3519108295440674, -0.014683926478028297, 0.5455125570297241, 0.40492570400238037, -0.02798260748386383, 0.5680364966392517, 0.46481823921203613, -0.03794043883681297, 0.5873763561248779, 0.5157313346862793, -0.04891471192240715, 0.5179219245910645, 0.4470113515853882, -0.04618530720472336, 0.5399885773658752, 0.5231391191482544, -0.06596598774194717, 0.554340660572052, 0.5727970004081726, -0.07775622606277466, 0.5665870308876038, 0.6168321371078491, -0.08557535707950592, 0.4940018653869629, 0.46250832080841064, -0.0473702996969223, 0.49966633319854736, 0.5482485890388489, -0.06778306514024734, 0.5020036697387695, 0.6143484115600586, -0.07969274371862411, 0.500438928604126, 0.6661446690559387, -0.08842838555574417, 0.4706375002861023, 0.46164268255233765, -0.04734859988093376, 0.46941301226615906, 0.5431637763977051, -0.06919855624437332, 0.4680870771408081, 0.6068786978721619, -0.08106482028961182, 0.4634280204772949, 0.6561501026153564, -0.08798930048942566, 0.4492541551589966, 0.4515165388584137, -0.04652879387140274, 0.44644176959991455, 0.5150435566902161, -0.06668305397033691, 0.43869784474372864, 0.5646482110023499, -0.07476647943258286, 0.4279920160770416, 0.6050047874450684, -0.07894362509250641]","[0.5014331340789795, 0.32629892230033875, 2.801942855512607e-07, 0.5448136925697327, 0.3524789810180664, -0.020454885438084602, 0.569399893283844, 0.4159940183162689, -0.03125942125916481, 0.5821998119354248, 0.475225031375885, -0.03816314414143562, 0.5948958992958069, 0.5202917456626892, -0.044775355607271194, 0.5372027158737183, 0.49998053908348083, -0.03201412037014961, 0.5578411817550659, 0.5722176432609558, -0.048286743462085724, 0.5766774415969849, 0.6121662855148315, -0.05962342768907547, 0.5952390432357788, 0.6437382102012634, -0.06716644763946533, 0.5100834369659424, 0.5119355916976929, -0.03050839714705944, 0.5137657523155212, 0.6056454181671143, -0.04891647398471832, 0.5221877694129944, 0.6709108352661133, -0.06278298050165176, 0.5311468243598938, 0.7253462672233582, -0.07180062681436539, 0.48777279257774353, 0.5005468130111694, -0.029665043577551842, 0.48209044337272644, 0.5804799795150757, -0.04991794005036354, 0.47819608449935913, 0.6348142027854919, -0.06072023883461952, 0.47309720516204834, 0.680191159248352, -0.06566262245178223, 0.46875274181365967, 0.47888240218162537, -0.02927905134856701, 0.4600082337856293, 0.5457475781440735, -0.04658890143036842, 0.44800496101379395, 0.5878880620002747, -0.0518188402056694, 0.43632248044013977, 0.6268694400787354, -0.05341858044266701]"
"[0.4946840703487396, 0.33786332607269287, 2.7462405682854296e-07, 0.5407845377922058, 0.36538565158843994, -0.017590155825018883, 0.568918764591217, 0.4248819053173065, -0.027157101780176163, 0.5870321989059448, 0.4820830523967743, -0.03276346996426582, 0.6027366518974304, 0.5321584939956665, -0.03772181645035744, 0.5395004749298096, 0.5090014338493347, -0.03197332099080086, 0.5638765692710876, 0.5827257633209229, -0.04607078805565834, 0.5834486484527588, 0.6208085417747498, -0.0543234758079052, 0.6011101603507996, 0.65172278881073, -0.059419430792331696, 0.5101528763771057, 0.5230311155319214, -0.03021497279405594, 0.5169548988342285, 0.6199626922607422, -0.046504467725753784, 0.525921106338501, 0.6843174695968628, -0.05786972865462303, 0.5348631739616394, 0.7370237112045288, -0.0649634301662445, 0.4859578609466553, 0.5120503902435303, -0.02845417708158493, 0.4827282130718231, 0.5908172130584717, -0.04775681719183922, 0.47924643754959106, 0.6424025297164917, -0.05790290609002113, 0.4747832119464874, 0.685687243938446, -0.06196220964193344, 0.46515533328056335, 0.49111539125442505, -0.026506826281547546, 0.4583388566970825, 0.5601840019226074, -0.04311344400048256, 0.44617563486099243, 0.6004679799079895, -0.04781804606318474, 0.4346614181995392, 0.6380810141563416, -0.04869450256228447]",[]
"[0.48306095600128174, 0.3082078993320465, 4.0880863139136636e-07, 0.5331344604492188, 0.34515446424484253, -0.01659299246966839, 0.5680313110351562, 0.3986317217350006, -0.03073721192777157, 0.5879478454589844, 0.4679298996925354, -0.04017965868115425, 0.6043221950531006, 0.5299028754234314, -0.04991656541824341, 0.5386062860488892, 0.46576425433158875, -0.04681676626205444, 0.5594857931137085, 0.5411418676376343, -0.06539160013198853, 0.5769708156585693, 0.5864401459693909, -0.07538106292486191, 0.5909555554389954, 0.6265626549720764, -0.08153711259365082, 0.5084151029586792, 0.4820214509963989, -0.0451219342648983, 0.5068417191505432, 0.5709883570671082, -0.06253396719694138, 0.5032837390899658, 0.6268487572669983, -0.06935346871614456, 0.4968516528606415, 0.66593337059021, -0.07402477413415909, 0.48190999031066895, 0.4803336560726166, -0.04277478903532028, 0.47617703676223755, 0.5691695809364319, -0.06165476515889168, 0.47324076294898987, 0.6283072829246521, -0.06940452009439468, 0.4679393172264099, 0.6728917360305786, -0.07342884689569473, 0.45899632573127747, 0.47011613845825195, -0.039831049740314484, 0.4527831971645355, 0.5429526567459106, -0.056725211441516876, 0.44505101442337036, 0.591234028339386, -0.062252070754766464, 0.43566158413887024, 0.632134199142456, -0.06453892588615417]",[]
"[0.5625934600830078, 0.34116417169570923, 5.932110980211291e-07, 0.5956363677978516, 0.38110145926475525, -0.03211018815636635, 0.6144990921020508, 0.43827199935913086, -0.056612588465213776, 0.6238397359848022, 0.4979221522808075, -0.0735316276550293, 0.6412078738212585, 0.5539202094078064, -0.09093639254570007, 0.5821882486343384, 0.4740837514400482, -0.08025891333818436, 0.5748153328895569, 0.5633969902992249, -0.10943041741847992, 0.5670434236526489, 0.6189061999320984, -0.12555010616779327, 0.5591123700141907, 0.6705549955368042, -0.13544195890426636, 0.5588117241859436, 0.4779355525970459, -0.07236211001873016, 0.5402063131332397, 0.5839848518371582, -0.10581669211387634, 0.5259703993797302, 0.6530789136886597, -0.12328708171844482, 0.5122456550598145, 0.710972249507904, -0.1352173089981079, 0.5427291393280029, 0.47132202982902527, -0.062453992664813995, 0.5293145775794983, 0.5583494305610657, -0.08905377984046936, 0.5206027626991272, 0.6268580555915833, -0.10002928972244263, 0.5093462467193604, 0.6792312860488892, -0.1062435507774353, 0.5348252654075623, 0.4630998969078064, -0.05305306613445282, 0.5310261249542236, 0.5282852649688721, -0.07049516588449478, 0.5276051163673401, 0.5731127858161926, -0.07673531770706177, 0.5245174169540405, 0.6085032820701599, -0.08135221898555756]",[]
[],"[0.49002715945243835, 0.2890660762786865, 3.33951248876474e-07, 0.507835865020752, 0.3371363580226898, -0.0027581676840782166, 0.519058883190155, 0.3956819474697113, -0.009630097076296806, 0.5277695655822754, 0.43893200159072876, -0.017189648002386093, 0.5400006175041199, 0.4763861298561096, -0.024865712970495224, 0.4866918921470642, 0.4537792205810547, -0.00841137208044529, 0.47730526328086853, 0.5098579525947571, -0.020824095234274864, 0.46413183212280273, 0.5509301424026489, -0.032816365361213684, 0.45038533210754395, 0.5822429656982422, -0.0405578576028347, 0.48435458540916443, 0.4513494670391083, -0.014271806925535202, 0.4787527024745941, 0.5160767436027527, -0.024576770141720772, 0.46602562069892883, 0.5640565156936646, -0.03386583924293518, 0.45106685161590576, 0.598807692527771, -0.040785662829875946, 0.48896726965904236, 0.4390298128128052, -0.020561059936881065, 0.4913228154182434, 0.506820023059845, -0.02873237244784832, 0.48258838057518005, 0.5559873580932617, -0.03360225260257721, 0.47098308801651, 0.5916823148727417, -0.037360209971666336, 0.5021836161613464, 0.41716864705085754, -0.02716544270515442, 0.5127398371696472, 0.46905988454818726, -0.03385522961616516, 0.5185966491699219, 0.5143572092056274, -0.03673411160707474, 0.5208407640457153, 0.5502017140388489, -0.03895476832985878]"
"[0.48533251881599426, 0.2671869099140167, 3.3221596140720067e-07, 0.5336804986000061, 0.29542386531829834, -0.030289802700281143, 0.5646246671676636, 0.3621883988380432, -0.04848635569214821, 0.5827150940895081, 0.4312728941440582, -0.0587657168507576, 0.5957249402999878, 0.4961299002170563, -0.06793411076068878, 0.5373827219009399, 0.4334059953689575, -0.06454997509717941, 0.5622016191482544, 0.5154252052307129, -0.08220008760690689, 0.5821356177330017, 0.561828076839447, -0.08797088265419006, 0.5972993969917297, 0.5986723303794861, -0.0915471687912941, 0.5092412233352661, 0.44668567180633545, -0.05513741821050644, 0.5112709999084473, 0.5464903116226196, -0.07708410918712616, 0.5077212452888489, 0.6089164018630981, -0.0843350812792778, 0.5029299855232239, 0.6524762511253357, -0.08898751437664032, 0.4846320152282715, 0.4438175857067108, -0.04548783227801323, 0.4805639982223511, 0.5330362319946289, -0.06745974719524384, 0.4744795262813568, 0.5862080454826355, -0.07469753921031952, 0.46687570214271545, 0.6262629628181458, -0.07790936529636383, 0.4637877941131592, 0.43303436040878296, -0.03648025542497635, 0.458209753036499, 0.5116517543792725, -0.0562027171254158, 0.44773370027542114, 0.5614199638366699, -0.06441996246576309, 0.4355144500732422, 0.6013317704200745, -0.06885673850774765]",[]
"[0.4753563404083252, 0.2882158160209656, 3.024469776846672e-07, 0.5293925404548645, 0.31404149532318115, -0.015119551680982113, 0.5589401721954346, 0.37474966049194336, -0.023801274597644806, 0.5766110420227051, 0.44391679763793945, -0.027530260384082794, 0.5909433364868164, 0.503287136554718, -0.030067069455981255, 0.531043529510498, 0.4621101915836334, -0.03246087580919266, 0.5593121647834778, 0.5459109544754028, -0.040296074002981186, 0.578589677810669, 0.5859279632568359, -0.041157472878694534, 0.5948166847229004, 0.6181457042694092, -0.04052093252539635, 0.4999723732471466, 0.4772091209888458, -0.02721448987722397, 0.5126156806945801, 0.5848348736763, -0.03788704425096512, 0.5241947174072266, 0.646148681640625, -0.041099485009908676, 0.533581018447876, 0.6927397847175598, -0.04181091859936714, 0.47390809655189514, 0.4709649682044983, -0.021093878895044327, 0.4747294485569, 0.563238263130188, -0.032556191086769104, 0.4774647057056427, 0.6174070239067078, -0.03699277713894844, 0.4789302945137024, 0.6605466604232788, -0.037568721920251846, 0.4545915424823761, 0.4549664855003357, -0.014697992242872715, 0.450569212436676, 0.5279069542884827, -0.023421211168169975, 0.4431300163269043, 0.5722240209579468, -0.02525234781205654, 0.43467679619789124, 0.6114246845245361, -0.024451816454529762]",[]
"[0.47889912128448486, 0.3042494058609009, 3.670623129892192e-07, 0.5243114829063416, 0.33987918496131897, -0.00867191981524229, 0.5524733066558838, 0.39929500222206116, -0.016775667667388916, 0.5682774186134338, 0.4553316831588745, -0.023204859346151352, 0.5843542218208313, 0.49643653631210327, -0.030703037977218628, 0.5255300402641296, 0.48029690980911255, -0.022431669756770134, 0.5459973216056824, 0.5492987036705017, -0.03381958603858948, 0.5619635581970215, 0.5921792387962341, -0.04197925329208374, 0.5744336843490601, 0.6274303793907166, -0.04784860834479332, 0.4978925287723541, 0.4853259325027466, -0.025046903640031815, 0.4966382384300232, 0.5626513361930847, -0.034552447497844696, 0.4940975308418274, 0.6134597063064575, -0.04108071327209473, 0.4891272783279419, 0.6491537094116211, -0.046085238456726074, 0.4730300307273865, 0.47070756554603577, -0.027702387422323227, 0.46994689106941223, 0.5444664359092712, -0.04012705758213997, 0.46771612763404846, 0.5966015458106995, -0.04751445725560188, 0.46352311968803406, 0.6390752792358398, -0.052206940948963165, 0.45182809233665466, 0.4453175961971283, -0.02986106276512146, 0.44741204380989075, 0.500717282295227, -0.041950903832912445, 0.44107264280319214, 0.539697527885437, -0.04547533020377159, 0.43348389863967896, 0.5734136700630188, -0.04698866605758667]",[]
[],"[0.4744839668273926, 0.3196396827697754, 3.9268712725970545e-07, 0.5154086351394653, 0.35112789273262024, -0.015434201806783676, 0.5438662767410278, 0.4079190790653229, -0.026686755940318108, 0.560452938079834, 0.4608996510505676, -0.03544521704316139, 0.5745587944984436, 0.4941449463367462, -0.04522887244820595, 0.5180454254150391, 0.476535826921463, -0.0301447045058012, 0.5318673849105835, 0.5433950424194336, -0.0458536222577095, 0.5418632626533508, 0.5881735682487488, -0.05708056315779686, 0.5514845252037048, 0.6280968189239502, -0.06581079959869385, 0.49281689524650574, 0.4839017689228058, -0.032328661531209946, 0.49419790506362915, 0.5555158853530884, -0.049692943692207336, 0.4960162043571472, 0.6096366047859192, -0.0625166967511177, 0.49760252237319946, 0.6565347909927368, -0.0721844807267189, 0.4705386757850647, 0.472428560256958, -0.03500905632972717, 0.46752387285232544, 0.5382696390151978, -0.05441205948591232, 0.4655502438545227, 0.5908533334732056, -0.06588789075613022, 0.4643818736076355, 0.6373390555381775, -0.07311313599348068, 0.4503442943096161, 0.4493516683578491, -0.037774458527565, 0.44581371545791626, 0.5057386159896851, -0.05608050152659416, 0.4409327507019043, 0.5477179884910583, -0.06404870748519897, 0.4365423321723938, 0.5848445296287537, -0.06908698379993439]"
"[0.4750099182128906, 0.3487820029258728, 2.4310187995979504e-07, 0.5232526063919067, 0.3682536482810974, -0.015005211345851421, 0.5524759888648987, 0.41795945167541504, -0.025056995451450348, 0.5713587999343872, 0.47058629989624023, -0.032518185675144196, 0.5884494781494141, 0.5078457593917847, -0.039615433663129807, 0.5270429253578186, 0.5137348175048828, -0.021110547706484795, 0.5515406131744385, 0.5823701620101929, -0.03462645038962364, 0.5677542090415955, 0.6243633031845093, -0.04493040591478348, 0.5810928344726562, 0.6600955724716187, -0.051563844084739685, 0.4985208511352539, 0.5281659960746765, -0.020543137565255165, 0.5048685669898987, 0.6210864186286926, -0.031497642397880554, 0.510366678237915, 0.6795241832733154, -0.03984620049595833, 0.5151352286338806, 0.7305665612220764, -0.04539339989423752, 0.4745265245437622, 0.5195603966712952, -0.020860766991972923, 0.4700546860694885, 0.600191056728363, -0.03270116075873375, 0.4673174023628235, 0.6474230289459229, -0.03935108333826065, 0.46594947576522827, 0.686845064163208, -0.042803581804037094, 0.45332759618759155, 0.4970285892486572, -0.021688325330615044, 0.44684797525405884, 0.5524060130119324, -0.030457833781838417, 0.44438210129737854, 0.5828457474708557, -0.031490348279476166, 0.4430162012577057, 0.6117042899131775, -0.030961211770772934]",[]
"[0.5045751929283142, 0.4142332673072815, 1.6100061372981145e-07, 0.4830756187438965, 0.45097437500953674, -0.009018993936479092, 0.4688124358654022, 0.49613839387893677, -0.016980918124318123, 0.45418012142181396, 0.5335868000984192, -0.02417847327888012, 0.4418290853500366, 0.5632917284965515, -0.03195489943027496, 0.4854894280433655, 0.5255928039550781, -0.026128629222512245, 0.4874868392944336, 0.5742204785346985, -0.03782382234930992, 0.4890787601470947, 0.5991004705429077, -0.04489700868725777, 0.4887807369232178, 0.6228830218315125, -0.050701677799224854, 0.4983355700969696, 0.5217717289924622, -0.02948726713657379, 0.48262739181518555, 0.5582690834999084, -0.04447692260146141, 0.46668919920921326, 0.5797125101089478, -0.052247971296310425, 0.44978442788124084, 0.5981723070144653, -0.057909224182367325, 0.5119848847389221, 0.5093992352485657, -0.0332450196146965, 0.5071218013763428, 0.5501063466072083, -0.04941372573375702, 0.49888846278190613, 0.5788798928260803, -0.05839896947145462, 0.4873107075691223, 0.6043899059295654, -0.064384825527668, 0.5255167484283447, 0.4910053312778473, -0.03695742040872574, 0.5438372492790222, 0.5231961607933044, -0.05201875790953636, 0.5575672388076782, 0.5453348159790039, -0.05985677242279053, 0.5668003559112549, 0.5659885406494141, -0.06529492139816284]",[]
"[0.4850311875343323, 0.271127849817276, 3.8664438761770725e-07, 0.5394535064697266, 0.300484299659729, -0.01993902027606964, 0.5675530433654785, 0.3670923113822937, -0.03035556524991989, 0.5783268809318542, 0.4405443072319031, -0.0362418070435524, 0.5937651991844177, 0.4998377859592438, -0.04146077111363411, 0.5342565178871155, 0.46205851435661316, -0.028246717527508736, 0.5504454970359802, 0.5497301816940308, -0.038265932351350784, 0.5613430142402649, 0.5984323620796204, -0.044297851622104645, 0.5711934566497803, 0.6407389640808105, -0.04797975346446037, 0.5046869516372681, 0.4720678925514221, -0.023675553500652313, 0.5113922357559204, 0.5790589451789856, -0.034866999834775925, 0.516916036605835, 0.651943564414978, -0.04245838150382042, 0.5209786891937256, 0.709010124206543, -0.04732980206608772, 0.47855207324028015, 0.4610839784145355, -0.019885903224349022, 0.47854557633399963, 0.5551334023475647, -0.03170399367809296, 0.4776241183280945, 0.6150477528572083, -0.03962517902255058, 0.47602829337120056, 0.6637903451919556, -0.04369601607322693, 0.45509323477745056, 0.4428832232952118, -0.01680062524974346, 0.4505466818809509, 0.5201062560081482, -0.02571668103337288, 0.4470745623111725, 0.5668937563896179, -0.029634244740009308, 0.44370609521865845, 0.6084125638008118, -0.03148931264877319]",[]
"[0.5018126964569092, 0.2544098496437073, 1.8404928425752587e-07, 0.5488020777702332, 0.29029107093811035, -0.01975531503558159, 0.5753365755081177, 0.36008208990097046, -0.031380441039800644, 0.5877482891082764, 0.43571045994758606, -0.03949274867773056, 0.5992457270622253, 0.5005165338516235, -0.0467802956700325, 0.5420130491256714, 0.44065919518470764, -0.02731195278465748, 0.5520194172859192, 0.5352113842964172, -0.041026074439287186, 0.5562347173690796, 0.5906511545181274, -0.05023735389113426, 0.5577716827392578, 0.6369762420654297, -0.056395094841718674, 0.5115435123443604, 0.44879844784736633, -0.025394974276423454, 0.5166909098625183, 0.54937344789505, -0.0371958389878273, 0.5205460786819458, 0.6111443042755127, -0.04467255249619484, 0.5231518149375916, 0.6604164242744446, -0.049999549984931946, 0.48507916927337646, 0.4420435428619385, -0.02506704069674015, 0.48511260747909546, 0.5402517914772034, -0.03802238404750824, 0.48562750220298767, 0.6059187650680542, -0.04464346170425415, 0.4854891002178192, 0.6584340333938599, -0.048528678715229034, 0.46146127581596375, 0.42714691162109375, -0.02574641816318035, 0.45458024740219116, 0.5065136551856995, -0.03770323097705841, 0.4505176544189453, 0.5588119626045227, -0.04228454828262329, 0.44703203439712524, 0.6046724319458008, -0.044463954865932465]",[]
"[0.5180450081825256, 0.1697382926940918, 6.662305054305762e-07, 0.5580047965049744, 0.18561512231826782, -0.0275674257427454, 0.5837770104408264, 0.2262764424085617, -0.0467427559196949, 0.6007063388824463, 0.27088838815689087, -0.060205284506082535, 0.6114134788513184, 0.288522332906723, -0.07410041987895966, 0.5759839415550232, 0.3033040463924408, -0.046125732362270355, 0.592556893825531, 0.3910753130912781, -0.06136377155780792, 0.5978741645812988, 0.452873170375824, -0.0708363801240921, 0.6009320616722107, 0.5018465518951416, -0.07690891623497009, 0.5464854836463928, 0.32557931542396545, -0.04074586182832718, 0.5488916039466858, 0.43018412590026855, -0.05398134887218475, 0.5509729385375977, 0.501219630241394, -0.06274175643920898, 0.5539451837539673, 0.5541806817054749, -0.06900592148303986, 0.519010603427887, 0.3332027494907379, -0.035948727279901505, 0.5150807499885559, 0.4269452691078186, -0.04969695955514908, 0.5166563391685486, 0.4929545819759369, -0.057780880481004715, 0.518047571182251, 0.5426417589187622, -0.06257908046245575, 0.4940098524093628, 0.32919034361839294, -0.03219813480973244, 0.491008996963501, 0.3978389501571655, -0.04517384245991707, 0.4881013333797455, 0.4467984437942505, -0.04946085438132286, 0.48582014441490173, 0.48337090015411377, -0.051200542598962784]",[]
"[0.5325936079025269, 0.07791610062122345, 3.766201928101509e-07, 0.5847071409225464, 0.07986293733119965, -0.02083791047334671, 0.6212613582611084, 0.13299892842769623, -0.03380005434155464, 0.6471633911132812, 0.18084214627742767, -0.04304313287138939, 0.6710883378982544, 0.2140740156173706, -0.05258413031697273, 0.5881294012069702, 0.2589704990386963, -0.030756887048482895, 0.6018790602684021, 0.3535974323749542, -0.04570509120821953, 0.6133023500442505, 0.41263484954833984, -0.05710430443286896, 0.6254943013191223, 0.45980918407440186, -0.06521817296743393, 0.5578008890151978, 0.2720460295677185, -0.02927081473171711, 0.5571768879890442, 0.3830599784851074, -0.041297122836112976, 0.5604357719421387, 0.45203185081481934, -0.05091862007975578, 0.5650261044502258, 0.5084909200668335, -0.058145660907030106, 0.5324387550354004, 0.26465722918510437, -0.029091201722621918, 0.5282633304595947, 0.3650123178958893, -0.04067529737949371, 0.5297954082489014, 0.42575979232788086, -0.04769608750939369, 0.5316766500473022, 0.4760023355484009, -0.05227544903755188, 0.5125246047973633, 0.24312202632427216, -0.03017866425216198, 0.5046066045761108, 0.31795990467071533, -0.04016517847776413, 0.5010842084884644, 0.3612487018108368, -0.04292028769850731, 0.4990624785423279, 0.39908790588378906, -0.04408760741353035]",[]
"[0.53290855884552, 0.0971197783946991, 3.8428063930950884e-07, 0.585244357585907, 0.10034431517124176, -0.020838521420955658, 0.6233169436454773, 0.15225379168987274, -0.033902835100889206, 0.6486288905143738, 0.20170673727989197, -0.04252786934375763, 0.6709541082382202, 0.23827418684959412, -0.051749080419540405, 0.5895193219184875, 0.26480966806411743, -0.037870850414037704, 0.6104879975318909, 0.357576847076416, -0.054651230573654175, 0.627028226852417, 0.4136095643043518, -0.06635279953479767, 0.6436271667480469, 0.45876064896583557, -0.0744444876909256, 0.5589937567710876, 0.2789958417415619, -0.03574306145310402, 0.5615952610969543, 0.38970065116882324, -0.049379732459783554, 0.5665583610534668, 0.45918917655944824, -0.05880028009414673, 0.5724244117736816, 0.5172342658042908, -0.06589377671480179, 0.5347311496734619, 0.2708916664123535, -0.034358859062194824, 0.5320060849189758, 0.3701557517051697, -0.0477885939180851, 0.5357807278633118, 0.4334455132484436, -0.055268507450819016, 0.5388435125350952, 0.4855803847312927, -0.06004231423139572, 0.5166198015213013, 0.2495069056749344, -0.03382362052798271, 0.5077913999557495, 0.32194340229034424, -0.046560950577259064, 0.5043120384216309, 0.36559051275253296, -0.05035923421382904, 0.5018842220306396, 0.40370863676071167, -0.05197758972644806]",[]
"[0.526711106300354, 0.1421547383069992, 3.8998433637971175e-07, 0.5866726636886597, 0.15890741348266602, -0.014411292970180511, 0.6202206015586853, 0.2410120666027069, -0.022654425352811813, 0.6399242281913757, 0.32436081767082214, -0.026442674919962883, 0.656526505947113, 0.3858453929424286, -0.03089621290564537, 0.5896440744400024, 0.3159877359867096, -0.03677491471171379, 0.6183809041976929, 0.4067835807800293, -0.0529150664806366, 0.6361448764801025, 0.45926108956336975, -0.06199793145060539, 0.648883044719696, 0.4997149705886841, -0.06631135940551758, 0.556997537612915, 0.33744025230407715, -0.03573603555560112, 0.5678521990776062, 0.47496527433395386, -0.047539375722408295, 0.573542058467865, 0.5634990930557251, -0.05298148840665817, 0.5742228031158447, 0.6292140483856201, -0.055731818079948425, 0.5305425524711609, 0.3324708342552185, -0.034545641392469406, 0.5342440605163574, 0.4600178599357605, -0.04866775497794151, 0.533873975276947, 0.5459372997283936, -0.058800000697374344, 0.5299028158187866, 0.6123817563056946, -0.06449264287948608, 0.5127686858177185, 0.3075760006904602, -0.032772649079561234, 0.5009264349937439, 0.38333117961883545, -0.04635271057486534, 0.48915767669677734, 0.4338141083717346, -0.05046427622437477, 0.4792470932006836, 0.4730530381202698, -0.051554325968027115]",[]
"[0.5110878348350525, 0.22658635675907135, 2.8190876832923095e-07, 0.5592700839042664, 0.24655558168888092, -0.021037345752120018, 0.600397527217865, 0.3073733448982239, -0.03096272051334381, 0.6306394934654236, 0.3686450719833374, -0.036401037126779556, 0.6522727608680725, 0.4210214614868164, -0.04109850153326988, 0.5648686289787292, 0.38703110814094543, -0.03488458693027496, 0.586071252822876, 0.4780568778514862, -0.047876253724098206, 0.5998812913894653, 0.5336346626281738, -0.054171301424503326, 0.6114726066589355, 0.5773831009864807, -0.05832352116703987, 0.5384728312492371, 0.40221530199050903, -0.029995571821928024, 0.5503466129302979, 0.49680471420288086, -0.04365085810422897, 0.5586586594581604, 0.5548961162567139, -0.04999441280961037, 0.5646283030509949, 0.5998321175575256, -0.05414703115820885, 0.5166314244270325, 0.40124112367630005, -0.025971628725528717, 0.525063693523407, 0.4859257638454437, -0.04114838317036629, 0.5284157991409302, 0.5412148237228394, -0.048804596066474915, 0.5293128490447998, 0.5857880115509033, -0.05288300663232803, 0.500516414642334, 0.389768123626709, -0.022711746394634247, 0.4927355945110321, 0.453092098236084, -0.03886902704834938, 0.48557376861572266, 0.4974149763584137, -0.04713284224271774, 0.47912073135375977, 0.5369101166725159, -0.05147938057780266]",[]
"[0.5041093230247498, 0.30318695306777954, 2.8826690368077834e-07, 0.5500167012214661, 0.3307192921638489, -0.005205824971199036, 0.5726994276046753, 0.38589489459991455, -0.005822895094752312, 0.5855557918548584, 0.4371364712715149, -0.005617012269794941, 0.5975876450538635, 0.47597160935401917, -0.0049889846704900265, 0.5481563806533813, 0.45833057165145874, 0.0018509280635043979, 0.5493067502975464, 0.5251888632774353, 0.0029510515742003918, 0.547786295413971, 0.5651551485061646, 0.001639330992475152, 0.5457620620727539, 0.5981769561767578, -0.00019669742323458195, 0.521886944770813, 0.46268022060394287, 0.002875290112569928, 0.51711106300354, 0.5218345522880554, 0.0047528548166155815, 0.5143206715583801, 0.5612488985061646, 0.001987099414691329, 0.5110002756118774, 0.5906693935394287, -0.0012921779416501522, 0.5007644891738892, 0.4514624774456024, 0.0030833277851343155, 0.49686285853385925, 0.5038220286369324, 0.0007806562935002148, 0.49492084980010986, 0.5238381028175354, -0.003489071037620306, 0.4929944574832916, 0.539963960647583, -0.006576818879693747, 0.4847294092178345, 0.4320833384990692, 0.003250165143981576, 0.4745176434516907, 0.47458964586257935, -0.0005004904814995825, 0.46976226568222046, 0.5005133152008057, -0.003325442550703883, 0.46615439653396606, 0.5260916948318481, -0.0051057166419923306]",[]
"[0.5025703310966492, 0.35723844170570374, 3.6174594697513385e-07, 0.541891872882843, 0.3918592631816864, -0.017586203292012215, 0.5666501522064209, 0.45111963152885437, -0.027729060500860214, 0.5845435857772827, 0.5106781721115112, -0.03423793986439705, 0.6019806265830994, 0.559901773929596, -0.04046540707349777, 0.5333426594734192, 0.5296947360038757, -0.02849484421312809, 0.5455880761146545, 0.6220212578773499, -0.03788237273693085, 0.5558438301086426, 0.6754953861236572, -0.042354315519332886, 0.5644540786743164, 0.7125022411346436, -0.04535103216767311, 0.5073572397232056, 0.520584225654602, -0.025529054924845695, 0.5056917071342468, 0.6102269887924194, -0.032055001705884933, 0.51153165102005, 0.6570398807525635, -0.034505557268857956, 0.5175572037696838, 0.6870877742767334, -0.03654810041189194, 0.4868720471858978, 0.49446791410446167, -0.023414529860019684, 0.47916167974472046, 0.5704889297485352, -0.03206338360905647, 0.48064881563186646, 0.611259937286377, -0.03518528491258621, 0.48478856682777405, 0.6408919095993042, -0.037510454654693604, 0.4709389805793762, 0.4584965705871582, -0.021945234388113022, 0.45865145325660706, 0.5000428557395935, -0.03221392631530762, 0.4533095955848694, 0.5280486941337585, -0.034583013504743576, 0.451831579208374, 0.5529103875160217, -0.035409294068813324]",[]
"[0.5048547387123108, 0.30168139934539795, 3.891412063694588e-07, 0.555514395236969, 0.32902345061302185, -0.01217647921293974, 0.5800876021385193, 0.387562096118927, -0.01724325865507126, 0.594894289970398, 0.45141929388046265, -0.019306987524032593, 0.6068025231361389, 0.5004023909568787, -0.020328328013420105, 0.5433678030967712, 0.49900147318840027, -0.009278898127377033, 0.5572008490562439, 0.5968201756477356, -0.011132056824862957, 0.5657007694244385, 0.6527202129364014, -0.013075822964310646, 0.5714174509048462, 0.6951948404312134, -0.0141682717949152, 0.512534499168396, 0.4972367286682129, -0.003519190475344658, 0.5124986171722412, 0.5883485674858093, -0.0002523235452827066, 0.5171210765838623, 0.6394179463386536, 0.00010363971523474902, 0.5193279981613159, 0.6725960969924927, -0.00024951525847427547, 0.4880879521369934, 0.47460079193115234, 0.001415586331859231, 0.48037946224212646, 0.5502055883407593, 0.00231018359772861, 0.47807618975639343, 0.5966442823410034, 0.00010245826706523076, 0.4767347276210785, 0.6304335594177246, -0.0018012530636042356, 0.47014671564102173, 0.4391773045063019, 0.005889753345400095, 0.45653417706489563, 0.4876181483268738, 0.007811068091541529, 0.4501795768737793, 0.5165531635284424, 0.00994492694735527, 0.44594407081604004, 0.5424968600273132, 0.011474236845970154]",[]
"[0.5144849419593811, 0.2310456484556198, 3.120136398138129e-07, 0.5661299228668213, 0.2600710391998291, -0.01968565210700035, 0.6055948734283447, 0.33634325861930847, -0.028971228748559952, 0.6315672397613525, 0.40008193254470825, -0.0349406860768795, 0.6478792428970337, 0.45808669924736023, -0.03996235877275467, 0.560699462890625, 0.4267835021018982, -0.01979786343872547, 0.5599291324615479, 0.5151351094245911, -0.030764812603592873, 0.5565007925033569, 0.5695508718490601, -0.03950438275933266, 0.5511812567710876, 0.6157214641571045, -0.04570191353559494, 0.5314727425575256, 0.4307910203933716, -0.015332142822444439, 0.5240725874900818, 0.5131590962409973, -0.02294267900288105, 0.5149207711219788, 0.566592812538147, -0.028199249878525734, 0.5040078163146973, 0.6086409091949463, -0.03265652060508728, 0.507403552532196, 0.41834086179733276, -0.013023022562265396, 0.4983057379722595, 0.4927670359611511, -0.021299051120877266, 0.4881998896598816, 0.5388695597648621, -0.024917617440223694, 0.47744905948638916, 0.57524573802948, -0.027312146499753, 0.48858293890953064, 0.3974861204624176, -0.012251331470906734, 0.47755154967308044, 0.45766374468803406, -0.02065799944102764, 0.4688858687877655, 0.4963359832763672, -0.023411523550748825, 0.4600420594215393, 0.5304306149482727, -0.024746030569076538]",[]
"[0.5462083220481873, 0.14009885489940643, 4.037345604501752e-07, 0.6057204604148865, 0.18673738837242126, -0.011801078915596008, 0.6347415447235107, 0.30070364475250244, -0.017298119142651558, 0.6499888300895691, 0.4077824652194977, -0.02046893537044525, 0.6648243069648743, 0.4914397895336151, -0.0231002289801836, 0.590779185295105, 0.3578723073005676, -0.022006331011652946, 0.5832904577255249, 0.4928578734397888, -0.03278717026114464, 0.575827419757843, 0.573217511177063, -0.0375807099044323, 0.569477379322052, 0.6324673891067505, -0.03884292393922806, 0.5602422952651978, 0.3490092158317566, -0.017602670937776566, 0.5540159940719604, 0.4676894545555115, -0.020118461921811104, 0.5576863288879395, 0.5267848372459412, -0.017676860094070435, 0.5579302906990051, 0.5618326663970947, -0.016162032261490822, 0.5337919592857361, 0.32320070266723633, -0.013613165356218815, 0.528527557849884, 0.4400606155395508, -0.018898675218224525, 0.5352076888084412, 0.48553046584129333, -0.014887013472616673, 0.5390411019325256, 0.5079814791679382, -0.011000345461070538, 0.5099666118621826, 0.2886495590209961, -0.009611014276742935, 0.5032913088798523, 0.371793270111084, -0.010725146159529686, 0.5053501725196838, 0.4070972800254822, -0.0038830479606986046, 0.5097651481628418, 0.4227115213871002, 0.002074683317914605]",[]
"[0.5293787717819214, 0.06904196739196777, 7.179752969932451e-07, 0.5829936861991882, 0.06241384148597717, -0.043253153562545776, 0.6255397200584412, 0.10832633078098297, -0.07170555740594864, 0.6584687829017639, 0.15765026211738586, -0.09068381041288376, 0.6870059967041016, 0.19779035449028015, -0.11005404591560364, 0.5875506401062012, 0.24163326621055603, -0.08134595304727554, 0.6105219721794128, 0.3573511242866516, -0.11117618530988693, 0.6226134300231934, 0.43226808309555054, -0.13022662699222565, 0.6283339858055115, 0.49568918347358704, -0.14233511686325073, 0.5554705262184143, 0.2657215893268585, -0.06981521844863892, 0.5537014007568359, 0.41558125615119934, -0.097976915538311, 0.5502781271934509, 0.5222718715667725, -0.11460154503583908, 0.542899489402771, 0.6083519458770752, -0.12608611583709717, 0.5314827561378479, 0.26360416412353516, -0.05858411639928818, 0.5295984745025635, 0.38810867071151733, -0.08246711641550064, 0.5243208408355713, 0.4770488142967224, -0.09612907469272614, 0.5141614675521851, 0.5489287972450256, -0.1044926568865776, 0.5164117217063904, 0.24455498158931732, -0.049119625240564346, 0.5077528953552246, 0.3301771879196167, -0.07001888751983643, 0.49612531065940857, 0.3856068253517151, -0.07863202691078186, 0.48477041721343994, 0.4334566593170166, -0.08336175978183746]",[]
"[0.5311630964279175, 0.07711240649223328, 3.6035348216501006e-07, 0.5797373652458191, 0.07543529570102692, -0.02963653951883316, 0.6173075437545776, 0.12130913138389587, -0.047586504369974136, 0.6490830779075623, 0.1659451425075531, -0.05992796644568443, 0.6779986023902893, 0.19899871945381165, -0.07238839566707611, 0.5887860059738159, 0.2465062290430069, -0.044722020626068115, 0.6054354906082153, 0.3428340256214142, -0.06416786462068558, 0.6201328635215759, 0.39737480878829956, -0.0780799388885498, 0.6337592601776123, 0.4425157904624939, -0.08735931664705276, 0.5578341484069824, 0.26043111085891724, -0.03881928324699402, 0.558321475982666, 0.37213701009750366, -0.05454881489276886, 0.5643588304519653, 0.4386223554611206, -0.06601569056510925, 0.5704988837242126, 0.49091148376464844, -0.0746266171336174, 0.5334204435348511, 0.25346237421035767, -0.03431560844182968, 0.5287891030311584, 0.35301777720451355, -0.049019474536180496, 0.5318150520324707, 0.41480839252471924, -0.057794563472270966, 0.5342302322387695, 0.46367016434669495, -0.06353877484798431, 0.5168933868408203, 0.23299580812454224, -0.03148367628455162, 0.506824791431427, 0.3045409917831421, -0.04422962665557861, 0.5022056698799133, 0.34698525071144104, -0.048790063709020615, 0.49873262643814087, 0.3832247853279114, -0.05112477019429207]",[]
"[0.5294654369354248, 0.12892287969589233, 3.5424667998995574e-07, 0.5919936299324036, 0.16084082424640656, -0.01901869662106037, 0.6197437644004822, 0.2722761332988739, -0.027782782912254333, 0.6287241578102112, 0.37954625487327576, -0.030129324644804, 0.6376153230667114, 0.4559682607650757, -0.033624742180109024, 0.5859567523002625, 0.31437206268310547, -0.048697445541620255, 0.6125460863113403, 0.4109863042831421, -0.06297630816698074, 0.6300792694091797, 0.45727017521858215, -0.06923950463533401, 0.6414022445678711, 0.4917418956756592, -0.07255157828330994, 0.555514395236969, 0.32855224609375, -0.04540945962071419, 0.5637702345848083, 0.4680582284927368, -0.05909328535199165, 0.5678446292877197, 0.5584287047386169, -0.06543518602848053, 0.5644464492797852, 0.6249344348907471, -0.07015859335660934, 0.5325613617897034, 0.31979015469551086, -0.04162251949310303, 0.5347778797149658, 0.4581352472305298, -0.05949531868100166, 0.5296368598937988, 0.5472022891044617, -0.07300375401973724, 0.517808198928833, 0.6158727407455444, -0.08176672458648682, 0.5177893042564392, 0.2962884306907654, -0.036848559975624084, 0.5065096616744995, 0.38387608528137207, -0.05569297447800636, 0.4897705018520355, 0.44083312153816223, -0.06465290486812592, 0.47317400574684143, 0.4863656759262085, -0.07010477781295776]",[]
"[0.5124327540397644, 0.20550508797168732, 3.3866766102619295e-07, 0.5640467405319214, 0.23588602244853973, -0.03045136295258999, 0.6067914962768555, 0.3110225796699524, -0.047585628926754, 0.6352575421333313, 0.3793291747570038, -0.05776923522353172, 0.6544902324676514, 0.44049251079559326, -0.06762686371803284, 0.559616208076477, 0.3616809844970703, -0.057053107768297195, 0.5733591914176941, 0.4578777551651001, -0.07822850346565247, 0.5822820663452148, 0.5192183256149292, -0.08954048156738281, 0.5889710783958435, 0.568234384059906, -0.0961129292845726, 0.5313646793365479, 0.3737541437149048, -0.04790843650698662, 0.5363268256187439, 0.47590184211730957, -0.06944826245307922, 0.5384819507598877, 0.5437560081481934, -0.07886378467082977, 0.537952721118927, 0.5967390537261963, -0.0849602222442627, 0.50968998670578, 0.37472063302993774, -0.039166104048490524, 0.5112688541412354, 0.473185658454895, -0.05862550437450409, 0.5109556317329407, 0.5383943915367126, -0.0657167136669159, 0.5070897340774536, 0.5899391174316406, -0.06904422491788864, 0.49629780650138855, 0.36931943893432617, -0.031512681394815445, 0.48820072412490845, 0.44544607400894165, -0.0475013442337513, 0.4834148585796356, 0.4974387288093567, -0.053765010088682175, 0.47757917642593384, 0.5422513484954834, -0.057188984006643295]",[]
"[0.5770767331123352, 0.16531911492347717, 1.460481513504419e-07, 0.6021045446395874, 0.19484278559684753, -0.010421762242913246, 0.6101123690605164, 0.24755975604057312, -0.01376806478947401, 0.6037458181381226, 0.28675025701522827, -0.0148851927369833, 0.5961332321166992, 0.3049391210079193, -0.014795747585594654, 0.6180839538574219, 0.28118619322776794, -0.01480514369904995, 0.624255359172821, 0.3589736819267273, -0.022222962230443954, 0.6302235126495361, 0.40398257970809937, -0.02664395421743393, 0.6365491151809692, 0.4356951415538788, -0.028607871383428574, 0.5993890762329102, 0.289083331823349, -0.011476692743599415, 0.6088905930519104, 0.3562958240509033, -0.016395319253206253, 0.6176133155822754, 0.3918663561344147, -0.018363473936915398, 0.6256641745567322, 0.41927462816238403, -0.019214514642953873, 0.582633912563324, 0.2909488081932068, -0.008688938803970814, 0.5891851186752319, 0.3380613923072815, -0.012553723528981209, 0.5941904783248901, 0.34224551916122437, -0.011181356385350227, 0.5983498692512512, 0.3388580083847046, -0.008616606704890728, 0.5694823861122131, 0.29089513421058655, -0.006960717495530844, 0.5758163332939148, 0.32963401079177856, -0.007941113784909248, 0.5821945667266846, 0.3390616476535797, -0.005095430184155703, 0.5876566171646118, 0.3403710722923279, -0.0018148522358387709]",[]
"[0.4940215051174164, 0.33209285140037537, 3.9832704601394653e-07, 0.5427298545837402, 0.35357052087783813, -0.022129710763692856, 0.5673321485519409, 0.4134599566459656, -0.031101468950510025, 0.5816680788993835, 0.47595274448394775, -0.03439672663807869, 0.5954470634460449, 0.5281190872192383, -0.036685217171907425, 0.5287079811096191, 0.5112746357917786, -0.02992909587919712, 0.5428821444511414, 0.6034066081047058, -0.0345807820558548, 0.5541737675666809, 0.6551477313041687, -0.03576451912522316, 0.5620033740997314, 0.6923964619636536, -0.036131665110588074, 0.500071108341217, 0.505373477935791, -0.021205784752964973, 0.5029482841491699, 0.6002267003059387, -0.02290087193250656, 0.5129721164703369, 0.6558783054351807, -0.023604895919561386, 0.5209071636199951, 0.6909157037734985, -0.024101098999381065, 0.4789730906486511, 0.47943124175071716, -0.013148880563676357, 0.47522038221359253, 0.5542640686035156, -0.017526617273688316, 0.4783797264099121, 0.5937722325325012, -0.022094987332820892, 0.483291357755661, 0.6215810179710388, -0.025034932419657707, 0.46629589796066284, 0.4426216781139374, -0.005980075802654028, 0.4544700086116791, 0.4851972758769989, -0.013133367523550987, 0.4500046372413635, 0.5112597942352295, -0.016307445243000984, 0.44936197996139526, 0.5338633060455322, -0.01737067848443985]",[]
"[0.4988689720630646, 0.26040637493133545, 3.11487809767641e-07, 0.5438725352287292, 0.2844412326812744, -0.01557071041315794, 0.5740990042686462, 0.34829282760620117, -0.024006295949220657, 0.594207227230072, 0.40605267882347107, -0.029223909601569176, 0.6046900153160095, 0.45159003138542175, -0.033636968582868576, 0.5433470010757446, 0.45728474855422974, -0.01779286377131939, 0.553709089756012, 0.5484873056411743, -0.025593062862753868, 0.5618948936462402, 0.6075127720832825, -0.03189526125788689, 0.5670110583305359, 0.6524023413658142, -0.03644252568483353, 0.5159214735031128, 0.45876824855804443, -0.013497138395905495, 0.5159925222396851, 0.5357174277305603, -0.01573398895561695, 0.5166160464286804, 0.5816406011581421, -0.016839604824781418, 0.514428973197937, 0.6115869879722595, -0.01855732873082161, 0.49256473779678345, 0.4387269914150238, -0.010728862136602402, 0.4882008135318756, 0.5104177594184875, -0.016469398513436317, 0.48432406783103943, 0.5574327111244202, -0.019409116357564926, 0.48009511828422546, 0.5921282768249512, -0.02177746221423149, 0.47255876660346985, 0.4070570766925812, -0.008699622936546803, 0.46173155307769775, 0.4602036476135254, -0.014252020046114922, 0.4546804428100586, 0.4910452961921692, -0.01477439608424902, 0.4501970112323761, 0.5161513090133667, -0.014909092336893082]",[]
"[0.5276431441307068, 0.19456197321414948, 4.610119219705666e-07, 0.5886324048042297, 0.2332654893398285, -0.02411472611129284, 0.6207080483436584, 0.33044466376304626, -0.03390786796808243, 0.6346491575241089, 0.4213748276233673, -0.03769339621067047, 0.6466996669769287, 0.4951551854610443, -0.04056404531002045, 0.5689674019813538, 0.397930383682251, -0.03302755579352379, 0.5634530782699585, 0.5144929885864258, -0.041120078414678574, 0.5572543740272522, 0.5819913744926453, -0.0445522777736187, 0.5497789978981018, 0.6351861357688904, -0.0456392765045166, 0.5335783958435059, 0.3976479172706604, -0.022779962047934532, 0.5209678411483765, 0.5101609826087952, -0.029313266277313232, 0.5108901262283325, 0.5765224695205688, -0.031672362238168716, 0.49873870611190796, 0.6260858178138733, -0.032896850258111954, 0.5080699324607849, 0.3862985670566559, -0.013226731680333614, 0.4977127015590668, 0.4884587526321411, -0.020059004426002502, 0.4884713292121887, 0.5483573079109192, -0.022133274003863335, 0.4774641692638397, 0.5949510335922241, -0.022571559995412827, 0.4915090501308441, 0.37194210290908813, -0.004691760987043381, 0.4838061034679413, 0.45434269309043884, -0.008740304969251156, 0.47569072246551514, 0.5039985775947571, -0.00810224749147892, 0.46603816747665405, 0.5453927516937256, -0.006815184839069843]",[]
"[0.5164476633071899, 0.09000290930271149, 2.93000397277865e-07, 0.5752455592155457, 0.09531855583190918, -0.01592334546148777, 0.6099050045013428, 0.16045153141021729, -0.022638602182269096, 0.6293967366218567, 0.22509780526161194, -0.025299934670329094, 0.6446589231491089, 0.27405574917793274, -0.02725975401699543, 0.5763278007507324, 0.2890683710575104, -0.019223107025027275, 0.5964996218681335, 0.3855573832988739, -0.0272825974971056, 0.6147285103797913, 0.43579787015914917, -0.033618275076150894, 0.6309270858764648, 0.4725913405418396, -0.03739441558718681, 0.5442429780960083, 0.30239346623420715, -0.015563995577394962, 0.5469064116477966, 0.41984808444976807, -0.02012065425515175, 0.553193986415863, 0.48511627316474915, -0.023821676149964333, 0.5591902136802673, 0.5360012054443359, -0.02628312259912491, 0.5192636251449585, 0.29290252923965454, -0.013055258430540562, 0.5205646753311157, 0.3958197236061096, -0.01785319484770298, 0.5251074433326721, 0.45933449268341064, -0.020509686321020126, 0.5279780030250549, 0.5097330808639526, -0.0219623614102602, 0.5013396143913269, 0.26977241039276123, -0.01153588481247425, 0.4978366792201996, 0.3454626798629761, -0.01373535580933094, 0.4970701038837433, 0.3889198303222656, -0.011549703776836395, 0.4969862103462219, 0.4245698153972626, -0.00930785946547985]",[]
"[0.5298248529434204, 0.12723200023174286, 4.069805470408028e-07, 0.5709658265113831, 0.1595168262720108, -0.012138568796217442, 0.5965801477432251, 0.2353808432817459, -0.02179689146578312, 0.6060223579406738, 0.3125680088996887, -0.028296997770667076, 0.6080589890480042, 0.3716869652271271, -0.03518293425440788, 0.5834453105926514, 0.26528528332710266, -0.0380142442882061, 0.6063622236251831, 0.35502153635025024, -0.05509963631629944, 0.6212234497070312, 0.41456109285354614, -0.0633077546954155, 0.6334108114242554, 0.4588158130645752, -0.06801507622003555, 0.5559609532356262, 0.2739260494709015, -0.03950365632772446, 0.5571285486221313, 0.3860282003879547, -0.05378511920571327, 0.5581351518630981, 0.4582981467247009, -0.059852540493011475, 0.5591250061988831, 0.514135479927063, -0.0636233538389206, 0.5295315980911255, 0.26947858929634094, -0.040519922971725464, 0.5249676704406738, 0.36829471588134766, -0.05347319319844246, 0.5242277383804321, 0.4327372908592224, -0.05667129158973694, 0.5237930417060852, 0.48293015360832214, -0.05796840786933899, 0.5057126879692078, 0.25606995820999146, -0.041561152786016464, 0.5016565918922424, 0.3283172845840454, -0.05159856006503105, 0.49909159541130066, 0.3717433214187622, -0.05152773857116699, 0.49719613790512085, 0.4069807529449463, -0.05033084377646446]",[]
"[0.5167242884635925, 0.12026746571063995, 3.53962349208814e-07, 0.5840479135513306, 0.15819168090820312, -0.016884835436940193, 0.6180517077445984, 0.2685448229312897, -0.02467086911201477, 0.6335399150848389, 0.37609919905662537, -0.027234170585870743, 0.6526641845703125, 0.45320481061935425, -0.030013540759682655, 0.5784101486206055, 0.3061286509037018, -0.038689419627189636, 0.603545069694519, 0.3997451961040497, -0.05289936810731888, 0.6176612973213196, 0.4460501968860626, -0.06069174036383629, 0.6269267797470093, 0.4816301763057709, -0.06479957699775696, 0.5421656370162964, 0.313387006521225, -0.0359155535697937, 0.5448806285858154, 0.44487106800079346, -0.047122325748205185, 0.5457786917686462, 0.5282681584358215, -0.05379307270050049, 0.5434593558311462, 0.5899844169616699, -0.059474583715200424, 0.5147837400436401, 0.30230894684791565, -0.03293130174279213, 0.5141644477844238, 0.42206892371177673, -0.04437680169939995, 0.5115198493003845, 0.509415328502655, -0.051090434193611145, 0.505754828453064, 0.578941285610199, -0.05616011843085289, 0.4962635636329651, 0.2818478047847748, -0.02960924059152603, 0.4933040142059326, 0.36482852697372437, -0.03754742071032524, 0.488627165555954, 0.42473337054252625, -0.03813360258936882, 0.4853220283985138, 0.47431662678718567, -0.03905414044857025]",[]
"[0.5185892581939697, 0.17181958258152008, 3.234511325445055e-07, 0.5774634480476379, 0.20178043842315674, -0.029040027409791946, 0.6116247177124023, 0.2922804653644562, -0.042661067098379135, 0.628055989742279, 0.37939801812171936, -0.049197856336832047, 0.6450352668762207, 0.44886475801467896, -0.055487070232629776, 0.5569817423820496, 0.3666781485080719, -0.04495818912982941, 0.5582923889160156, 0.4767686724662781, -0.0579412467777729, 0.5557209849357605, 0.5447306632995605, -0.06548380106687546, 0.5520153045654297, 0.5959674715995789, -0.06900718063116074, 0.5247094631195068, 0.3746424615383148, -0.03283540904521942, 0.5271049737930298, 0.47891464829444885, -0.04237991198897362, 0.5304602384567261, 0.5435120463371277, -0.04688515514135361, 0.5281879305839539, 0.5878878831863403, -0.049907051026821136, 0.502371609210968, 0.3708660900592804, -0.021409060806035995, 0.5039098262786865, 0.47854769229888916, -0.03401931747794151, 0.5027542114257812, 0.5460695028305054, -0.04092332348227501, 0.4952608346939087, 0.5949921607971191, -0.04437503218650818, 0.4894252121448517, 0.3615637719631195, -0.010595900937914848, 0.4850102663040161, 0.44393524527549744, -0.020826414227485657, 0.4773070514202118, 0.4945163130760193, -0.02412460744380951, 0.46625107526779175, 0.5328152179718018, -0.025542279705405235]",[]
"[0.4722641706466675, 0.24830946326255798, 3.22754033277306e-07, 0.5098376870155334, 0.25588762760162354, -0.023413432762026787, 0.5375373959541321, 0.30508261919021606, -0.03661516308784485, 0.5532997846603394, 0.35435694456100464, -0.04538918286561966, 0.566226601600647, 0.39857217669487, -0.053978126496076584, 0.5248973965644836, 0.4055394232273102, -0.029742879793047905, 0.5306790471076965, 0.4770713746547699, -0.04724608361721039, 0.5285459160804749, 0.5293321013450623, -0.06185783073306084, 0.5237531065940857, 0.573307454586029, -0.07146012783050537, 0.5066900253295898, 0.4188419282436371, -0.023944998160004616, 0.5105640888214111, 0.49108946323394775, -0.037689805030822754, 0.5102322101593018, 0.5415775775909424, -0.04814448207616806, 0.5069053173065186, 0.5846152901649475, -0.05579019710421562, 0.4893089234828949, 0.41664355993270874, -0.02011394500732422, 0.49325525760650635, 0.48574572801589966, -0.0330359973013401, 0.49165576696395874, 0.5327738523483276, -0.040363162755966187, 0.48578768968582153, 0.5730931758880615, -0.04523291066288948, 0.47434312105178833, 0.40055975317955017, -0.01799781806766987, 0.47040411829948425, 0.452137291431427, -0.030250374227762222, 0.4647882282733917, 0.48636412620544434, -0.035994186997413635, 0.45749539136886597, 0.5171642303466797, -0.039365995675325394]","[0.5653524994850159, 0.15157850086688995, 1.8817219427091914e-07, 0.5851609706878662, 0.18700455129146576, -0.01314413733780384, 0.589001476764679, 0.24458268284797668, -0.014426267705857754, 0.5808874368667603, 0.2857450246810913, -0.01350370142608881, 0.5719719529151917, 0.3077661097049713, -0.01088565494865179, 0.6066686511039734, 0.280178964138031, -0.008845867589116096, 0.6141732931137085, 0.35565948486328125, -0.016607381403446198, 0.6199215054512024, 0.40218693017959595, -0.021525852382183075, 0.6259437203407288, 0.43702787160873413, -0.023211929947137833, 0.5925007462501526, 0.28731003403663635, -0.004125474486500025, 0.6018955111503601, 0.35232093930244446, -0.01014886423945427, 0.6099467277526855, 0.39618420600891113, -0.013761441223323345, 0.618765652179718, 0.431956946849823, -0.014783792197704315, 0.5775896906852722, 0.28667640686035156, -0.0010846154764294624, 0.5747499465942383, 0.32420849800109863, -0.00950844306498766, 0.5716617107391357, 0.30593541264533997, -0.011882450431585312, 0.5728229880332947, 0.28554993867874146, -0.00941439252346754, 0.564037024974823, 0.2828376293182373, 0.000785481883212924, 0.5621101260185242, 0.3089299499988556, -0.003274726215749979, 0.5616922378540039, 0.2968452274799347, -0.0026770306285470724, 0.5630449652671814, 0.2792266607284546, 0.0001945336553035304]"
"[0.4736013412475586, 0.3248136043548584, 3.6094115785090253e-07, 0.5193842053413391, 0.35077103972435, -0.02417641691863537, 0.5470262169837952, 0.4263797700405121, -0.031957175582647324, 0.5649606585502625, 0.49389779567718506, -0.031883612275123596, 0.5817655324935913, 0.5504154562950134, -0.029348934069275856, 0.5078991651535034, 0.5079562067985535, -0.030691849067807198, 0.5185500979423523, 0.6057603359222412, -0.02897610329091549, 0.5313158631324768, 0.6589690446853638, -0.023808123543858528, 0.5410009026527405, 0.6929336786270142, -0.018947836011648178, 0.4795963764190674, 0.5040789842605591, -0.013601727783679962, 0.48253822326660156, 0.6004735827445984, -0.011885103769600391, 0.4961364269256592, 0.6482270359992981, -0.005492956377565861, 0.5070244669914246, 0.6737284660339355, 0.00040828209603205323, 0.4606211483478546, 0.4839828312397003, 0.003701045410707593, 0.4644470512866974, 0.565677285194397, 0.007051429245620966, 0.47692880034446716, 0.6064531803131104, 0.013383204117417336, 0.48739874362945557, 0.6269265413284302, 0.01930376887321472, 0.45125362277030945, 0.4559056758880615, 0.019979584962129593, 0.4595840275287628, 0.5148496627807617, 0.025039812549948692, 0.47119078040122986, 0.5437964797019958, 0.031921807676553726, 0.4809924364089966, 0.5570393800735474, 0.03847300261259079]",[]
"[0.48482099175453186, 0.2727353274822235, 2.9674399115720007e-07, 0.5337346196174622, 0.2920041084289551, -0.015897471457719803, 0.5630376935005188, 0.35536181926727295, -0.023373879492282867, 0.5806220173835754, 0.4153378903865814, -0.02720768190920353, 0.5936700701713562, 0.4578559696674347, -0.03080836683511734, 0.5237841606140137, 0.4626959264278412, -0.02265257015824318, 0.530314028263092, 0.547149658203125, -0.03156522661447525, 0.5351887941360474, 0.6020265221595764, -0.038089364767074585, 0.5385658740997314, 0.643818736076355, -0.04258829355239868, 0.49590247869491577, 0.46107029914855957, -0.019300134852528572, 0.4974188506603241, 0.5443399548530579, -0.024374518543481827, 0.4994460940361023, 0.598169207572937, -0.0281258262693882, 0.5001093745231628, 0.6385130286216736, -0.03150738403201103, 0.47323891520500183, 0.44058623909950256, -0.016989149153232574, 0.47211146354675293, 0.5128605961799622, -0.023989684879779816, 0.4706951975822449, 0.5597569942474365, -0.028551923111081123, 0.4680406451225281, 0.5985403060913086, -0.032071810215711594, 0.4560350179672241, 0.40915852785110474, -0.015546182170510292, 0.44945579767227173, 0.45901814103126526, -0.023351555690169334, 0.44397294521331787, 0.4911644160747528, -0.026254530996084213, 0.43900686502456665, 0.5208525657653809, -0.027938170358538628]",[]
"[0.538750171661377, 0.2882738411426544, 3.1788275123290077e-07, 0.566881000995636, 0.3372713327407837, -0.01514104288071394, 0.5725601315498352, 0.4102882146835327, -0.023530859500169754, 0.5726320147514343, 0.47177544236183167, -0.02982214093208313, 0.5823500752449036, 0.5164989829063416, -0.03607722744345665, 0.5464436411857605, 0.476575642824173, -0.018515415489673615, 0.5356828570365906, 0.5549176931381226, -0.031920257955789566, 0.5236896276473999, 0.6038976907730103, -0.04229722544550896, 0.5116164088249207, 0.6420552134513855, -0.04936479032039642, 0.5223194360733032, 0.47355136275291443, -0.01831936649978161, 0.5051348209381104, 0.5551223158836365, -0.029277095571160316, 0.49023959040641785, 0.6088578701019287, -0.03874613344669342, 0.4761495590209961, 0.6503657102584839, -0.04526558518409729, 0.5025781989097595, 0.4540571868419647, -0.01956864260137081, 0.4847870469093323, 0.5280850529670715, -0.03201901167631149, 0.4678681492805481, 0.5769606828689575, -0.042298201471567154, 0.4518023729324341, 0.6125208139419556, -0.04894457757472992, 0.4873623549938202, 0.42240217328071594, -0.021691495552659035, 0.464744508266449, 0.46070539951324463, -0.03483757749199867, 0.4479878544807434, 0.48393934965133667, -0.04202127084136009, 0.4323451519012451, 0.5018056035041809, -0.046075280755758286]",[]
"[0.5012300610542297, 0.21036526560783386, 4.1379698245691543e-07, 0.5653076171875, 0.23850227892398834, -0.025744255632162094, 0.6002246141433716, 0.3300788998603821, -0.036810461431741714, 0.6151059865951538, 0.41560423374176025, -0.04198942705988884, 0.6287147998809814, 0.4857178032398224, -0.0462254174053669, 0.5485945343971252, 0.41356539726257324, -0.03131737560033798, 0.5448610782623291, 0.518312931060791, -0.040977250784635544, 0.540338397026062, 0.5809592008590698, -0.04740913212299347, 0.5342399477958679, 0.6307375431060791, -0.0513627827167511, 0.514607310295105, 0.415740042924881, -0.021364396438002586, 0.502342939376831, 0.511094331741333, -0.02809654362499714, 0.4911137819290161, 0.5696283578872681, -0.032374948263168335, 0.47839707136154175, 0.6131343841552734, -0.035760924220085144, 0.48966673016548157, 0.4024064242839813, -0.012713086791336536, 0.47413522005081177, 0.48290637135505676, -0.020040471106767654, 0.46106383204460144, 0.5323935747146606, -0.023171011358499527, 0.4461987614631653, 0.571255087852478, -0.025132087990641594, 0.47412624955177307, 0.38470545411109924, -0.005468003451824188, 0.46145516633987427, 0.4483641982078552, -0.01241164281964302, 0.45069485902786255, 0.49167385697364807, -0.014099521562457085, 0.4377650022506714, 0.5300884246826172, -0.014654567465186119]",[]
"[0.514626145362854, 0.11757014691829681, 6.582047831216187e-07, 0.5813307166099548, 0.16597402095794678, -0.018632691353559494, 0.6113932728767395, 0.28664422035217285, -0.027497082948684692, 0.620820939540863, 0.40321627259254456, -0.03109835460782051, 0.6331191062927246, 0.49062392115592957, -0.03493720665574074, 0.5646198987960815, 0.33876413106918335, -0.04311802610754967, 0.5663664937019348, 0.4849873185157776, -0.05769112706184387, 0.5610465407371521, 0.575258731842041, -0.06357365846633911, 0.5534049868583679, 0.6418277621269226, -0.06531114876270294, 0.5311939120292664, 0.3340245485305786, -0.038308195769786835, 0.5229614973068237, 0.4793926477432251, -0.04934551194310188, 0.5131730437278748, 0.5741959810256958, -0.05406594276428223, 0.49880707263946533, 0.6404367685317993, -0.057106006890535355, 0.5059136152267456, 0.31441742181777954, -0.032922957092523575, 0.4981042146682739, 0.4428442418575287, -0.04481212794780731, 0.48703092336654663, 0.5250198841094971, -0.05228353291749954, 0.47243213653564453, 0.585615873336792, -0.056863121688365936, 0.48943570256233215, 0.287076473236084, -0.02734999731183052, 0.48188289999961853, 0.3721625506877899, -0.03809921443462372, 0.4684039056301117, 0.4217073321342468, -0.040834810584783554, 0.45346158742904663, 0.4579108655452728, -0.04163460433483124]",[]
"[0.5174427628517151, 0.11020535230636597, 4.2767499053297797e-07, 0.5606422424316406, 0.14445340633392334, -0.010503930039703846, 0.5875685811042786, 0.21828366816043854, -0.020350053906440735, 0.597646176815033, 0.2889595627784729, -0.027891598641872406, 0.6027308702468872, 0.339026540517807, -0.0360567681491375, 0.5708762407302856, 0.2682308256626129, -0.033932194113731384, 0.5885720252990723, 0.36238187551498413, -0.05058956518769264, 0.6014789342880249, 0.42060452699661255, -0.05970409885048866, 0.6143885254859924, 0.46440836787223816, -0.06521982699632645, 0.5440588593482971, 0.27563712000846863, -0.036922380328178406, 0.5436151623725891, 0.39215099811553955, -0.05208390951156616, 0.546012282371521, 0.4654994606971741, -0.05939074978232384, 0.5500146150588989, 0.5220892429351807, -0.06372134387493134, 0.5189585089683533, 0.26818355917930603, -0.03960913047194481, 0.5143018960952759, 0.37362512946128845, -0.05310016870498657, 0.515968918800354, 0.4371740221977234, -0.05794212967157364, 0.5195035934448242, 0.4859999418258667, -0.06016872450709343, 0.4964294135570526, 0.25132060050964355, -0.042250555008649826, 0.4906947910785675, 0.32913738489151, -0.05310974270105362, 0.48971807956695557, 0.37389621138572693, -0.05454214662313461, 0.4911697804927826, 0.4102069139480591, -0.05423405393958092]",[]
"[0.49944570660591125, 0.09828664362430573, 2.7473387831378204e-07, 0.5589957237243652, 0.10345195233821869, -0.015924816951155663, 0.5959987044334412, 0.1698196828365326, -0.023389438167214394, 0.6197106838226318, 0.2361719310283661, -0.026206647977232933, 0.643177330493927, 0.2782433331012726, -0.028816241770982742, 0.5649293065071106, 0.28474903106689453, -0.026679975911974907, 0.5864506959915161, 0.37416142225265503, -0.03723042830824852, 0.6038321256637573, 0.42543137073516846, -0.04444874823093414, 0.6190668344497681, 0.46779921650886536, -0.04894090071320534, 0.5311574935913086, 0.30020198225975037, -0.02233896404504776, 0.5368085503578186, 0.4125671982765198, -0.032262422144412994, 0.5427203178405762, 0.4783010482788086, -0.03823930397629738, 0.5478413105010986, 0.5309571027755737, -0.04215626418590546, 0.5062318444252014, 0.29327118396759033, -0.018133878707885742, 0.5097329616546631, 0.39498817920684814, -0.02890453301370144, 0.5156369209289551, 0.4602575898170471, -0.03439370542764664, 0.5194292068481445, 0.5127390027046204, -0.03682653233408928, 0.4890402853488922, 0.2753220796585083, -0.014045163057744503, 0.4886166751384735, 0.35153281688690186, -0.02011619694530964, 0.489163875579834, 0.3977457582950592, -0.02015560492873192, 0.4905964136123657, 0.43699508905410767, -0.01940241828560829]",[]
"[0.5273179411888123, 0.1965438574552536, 4.2931367261189735e-07, 0.5776413679122925, 0.22737710177898407, -0.026989996433258057, 0.6088692545890808, 0.31421932578086853, -0.03835301473736763, 0.6209710836410522, 0.4031815528869629, -0.04421471804380417, 0.6322415471076965, 0.4778069853782654, -0.04908540099859238, 0.5642172694206238, 0.3730138838291168, -0.030701348558068275, 0.5592572689056396, 0.4804847538471222, -0.042634252458810806, 0.5514533519744873, 0.5504487156867981, -0.05016367882490158, 0.5434384346008301, 0.6024978160858154, -0.053996577858924866, 0.5343992710113525, 0.3742428123950958, -0.0202312171459198, 0.527158260345459, 0.47553104162216187, -0.02664485014975071, 0.5224043726921082, 0.5419449210166931, -0.0304145235568285, 0.51608806848526, 0.593624472618103, -0.03308038413524628, 0.5119688510894775, 0.3658868372440338, -0.011281054466962814, 0.5105670690536499, 0.4550922214984894, -0.015909384936094284, 0.512129008769989, 0.5079257488250732, -0.014773123897612095, 0.5105740427970886, 0.5485137701034546, -0.013716312125325203, 0.4959355890750885, 0.35112228989601135, -0.004402257036417723, 0.4976101815700531, 0.42371171712875366, -0.008954922668635845, 0.49884530901908875, 0.46457639336586, -0.0069230226799845695, 0.4987891614437103, 0.4952250123023987, -0.004271222744137049]",[]
"[0.5637763738632202, 0.19201956689357758, 4.5447143293131376e-07, 0.5587239265441895, 0.26303452253341675, -0.004874872975051403, 0.5676462054252625, 0.3383205533027649, -0.009616078808903694, 0.5789368152618408, 0.3908642530441284, -0.014725709334015846, 0.5868839621543884, 0.43819355964660645, -0.019823869690299034, 0.5502913594245911, 0.3730931282043457, -0.012146050110459328, 0.5392109155654907, 0.45409315824508667, -0.02738034911453724, 0.5324220657348633, 0.5077720284461975, -0.03773147612810135, 0.526308536529541, 0.5528207421302795, -0.04431755468249321, 0.5604987144470215, 0.3686884641647339, -0.01794782280921936, 0.5442602634429932, 0.46037957072257996, -0.035537753254175186, 0.5368730425834656, 0.5269148945808411, -0.047742702066898346, 0.5293532609939575, 0.5870475769042969, -0.055397242307662964, 0.5739317536354065, 0.3507871627807617, -0.02438470534980297, 0.5781258940696716, 0.4243086576461792, -0.041966892778873444, 0.5887321829795837, 0.4516015946865082, -0.04829097539186478, 0.5952768325805664, 0.4718422293663025, -0.049940649420022964, 0.5901997685432434, 0.3247082829475403, -0.030844200402498245, 0.6008312702178955, 0.3818393349647522, -0.04562068730592728, 0.6077376008033752, 0.41617539525032043, -0.050451796501874924, 0.6123186349868774, 0.44815748929977417, -0.05241575837135315]",[]
"[0.46604377031326294, 0.30390727519989014, 1.9688779673288082e-07, 0.513752818107605, 0.3258771300315857, -0.022749600932002068, 0.5409093499183655, 0.39262837171554565, -0.029054243117570877, 0.5562376976013184, 0.4610702097415924, -0.028243228793144226, 0.5726369619369507, 0.5125902891159058, -0.025371938943862915, 0.5053005218505859, 0.5037863850593567, -0.025421684607863426, 0.5161758065223694, 0.5913623571395874, -0.024195775389671326, 0.5297990441322327, 0.6409622430801392, -0.022447561845183372, 0.5398929119110107, 0.6738511323928833, -0.020986629649996758, 0.47598379850387573, 0.5029634833335876, -0.00970599614083767, 0.48153382539749146, 0.5862189531326294, -0.003060475690290332, 0.49585574865341187, 0.617182731628418, 0.003673963248729706, 0.5074802041053772, 0.6294611692428589, 0.0076118893921375275, 0.45453712344169617, 0.48354223370552063, 0.00556516507640481, 0.45744195580482483, 0.554158091545105, 0.01306543406099081, 0.4688650369644165, 0.5782715082168579, 0.018544504418969154, 0.47885391116142273, 0.5849005579948425, 0.021377479657530785, 0.44186094403266907, 0.45451241731643677, 0.01918683387339115, 0.44443294405937195, 0.502221941947937, 0.025309566408395767, 0.453859806060791, 0.5177109837532043, 0.030138634145259857, 0.4616960287094116, 0.5205826163291931, 0.0340234711766243]","[0.5434871912002563, 0.14773967862129211, 1.7035590360592323e-07, 0.5663158893585205, 0.19779708981513977, -0.021129660308361053, 0.5808655023574829, 0.2772051990032196, -0.025200318545103073, 0.5842244625091553, 0.35044947266578674, -0.024759141728281975, 0.5892447233200073, 0.40672457218170166, -0.02214057184755802, 0.584572970867157, 0.2914348244667053, -0.011335305869579315, 0.5889573097229004, 0.3772087097167969, -0.017417404800653458, 0.5931940674781799, 0.4246900677680969, -0.022010313346982002, 0.598859429359436, 0.45991620421409607, -0.024764541536569595, 0.5697827935218811, 0.29499882459640503, -0.0020180223509669304, 0.5757035613059998, 0.3782219886779785, -0.006444131955504417, 0.582066535949707, 0.425592303276062, -0.010930104181170464, 0.5889178514480591, 0.4618508517742157, -0.014089182019233704, 0.5570459365844727, 0.2942487597465515, 0.00483894906938076, 0.5640846490859985, 0.36884263157844543, 0.0002166690828744322, 0.5717496275901794, 0.4115946292877197, -0.0033892428036779165, 0.5787556767463684, 0.44657230377197266, -0.005589623469859362, 0.5461974143981934, 0.29238373041152954, 0.0099056176841259, 0.5525976419448853, 0.3485967218875885, 0.006163011770695448, 0.5587130188941956, 0.3814328610897064, 0.004188776481896639, 0.5632084012031555, 0.4095631241798401, 0.003204192267730832]"
"[0.4698835611343384, 0.2999476194381714, 3.500115042243124e-07, 0.5224629044532776, 0.3173910677433014, -0.016630547121167183, 0.5483269691467285, 0.3760388493537903, -0.018111292272806168, 0.5646615028381348, 0.43549978733062744, -0.011955835856497288, 0.5811063051223755, 0.48143190145492554, -0.003077707951888442, 0.5093110203742981, 0.5039528012275696, -0.018219051882624626, 0.519092321395874, 0.5943689346313477, -0.011497546918690205, 0.5316940546035767, 0.6465710401535034, -0.004657032433897257, 0.539394736289978, 0.682338535785675, 0.0012033410603180528, 0.47932863235473633, 0.49829477071762085, -0.0004949665162712336, 0.48042696714401245, 0.5911579132080078, 0.00867735967040062, 0.4900490343570709, 0.6434856057167053, 0.017807766795158386, 0.4981236159801483, 0.6792230010032654, 0.024759601801633835, 0.45792514085769653, 0.4715513586997986, 0.01799841970205307, 0.45670610666275024, 0.5442126393318176, 0.02684696763753891, 0.46112918853759766, 0.5849077701568604, 0.03171930089592934, 0.4658149182796478, 0.6122956871986389, 0.035586822777986526, 0.4470127820968628, 0.43459099531173706, 0.03611340373754501, 0.4437134861946106, 0.47972235083580017, 0.04566355049610138, 0.44273969531059265, 0.5068399906158447, 0.05218403786420822, 0.4414671063423157, 0.5297175645828247, 0.057522501796483994]","[0.5508073568344116, 0.1564975082874298, 2.9202152518337243e-07, 0.5707943439483643, 0.20948445796966553, -0.021460887044668198, 0.5831682085990906, 0.2930682897567749, -0.028049089014530182, 0.5873281955718994, 0.3670552372932434, -0.029670793563127518, 0.5927610397338867, 0.4284074306488037, -0.02997765690088272, 0.5820294618606567, 0.3104824423789978, -0.021560905501246452, 0.5796258449554443, 0.39677947759628296, -0.03316707909107208, 0.5807011723518372, 0.4517630934715271, -0.04084707424044609, 0.5843345522880554, 0.4921744465827942, -0.0452849343419075, 0.5664064288139343, 0.3131706416606903, -0.01340725738555193, 0.5579753518104553, 0.40875381231307983, -0.022250546142458916, 0.5543228983879089, 0.4667397141456604, -0.028042318299412727, 0.5525470972061157, 0.5124858021736145, -0.03186974301934242, 0.5537991523742676, 0.30916595458984375, -0.007136783562600613, 0.549018383026123, 0.39011454582214355, -0.014426282607018948, 0.5462487936019897, 0.44022107124328613, -0.017500923946499825, 0.5432074069976807, 0.4834563732147217, -0.019187120720744133, 0.5451812744140625, 0.30160579085350037, -0.0024728230200707912, 0.5475411415100098, 0.3609458804130554, -0.00870888028293848, 0.5489325523376465, 0.3983564078807831, -0.010432788170874119, 0.5489776134490967, 0.42971116304397583, -0.010984024032950401]"
"[0.4864148199558258, 0.24195829033851624, 3.18967522616731e-07, 0.5319574475288391, 0.2708129286766052, -0.014592274092137814, 0.5645050406455994, 0.3453492820262909, -0.021687453612685204, 0.5884569883346558, 0.40933892130851746, -0.02571144886314869, 0.6013348698616028, 0.4600762724876404, -0.029411399737000465, 0.5292154550552368, 0.43427276611328125, -0.01849810592830181, 0.5263983011245728, 0.514844536781311, -0.0274208914488554, 0.521024227142334, 0.5655077695846558, -0.035315435379743576, 0.5151253342628479, 0.6080604195594788, -0.04092803969979286, 0.5002262592315674, 0.43736857175827026, -0.014227921143174171, 0.4932965934276581, 0.5099141597747803, -0.019064640626311302, 0.48569685220718384, 0.5612257719039917, -0.022827627137303352, 0.47698974609375, 0.6015787124633789, -0.02659934014081955, 0.4765948951244354, 0.4226805567741394, -0.011103966273367405, 0.4695490598678589, 0.4896574318408966, -0.016398794949054718, 0.46115681529045105, 0.537634015083313, -0.01942499540746212, 0.45162588357925415, 0.5746058225631714, -0.021959979087114334, 0.4591737687587738, 0.3997771143913269, -0.008914650417864323, 0.45193982124328613, 0.45506972074508667, -0.014669719152152538, 0.4443713128566742, 0.4920409917831421, -0.01663515903055668, 0.4356417655944824, 0.5238193869590759, -0.017622550949454308]",[]
"[0.5217601656913757, 0.1746423840522766, 5.011813755118055e-07, 0.5843405723571777, 0.2246493548154831, -0.026461180299520493, 0.6114084124565125, 0.33235427737236023, -0.03274241462349892, 0.6194123029708862, 0.4279683232307434, -0.033313579857349396, 0.631250262260437, 0.5036630630493164, -0.033377982676029205, 0.5554368495941162, 0.4085218906402588, -0.023676862940192223, 0.5487337112426758, 0.5175420045852661, -0.030106080695986748, 0.5407946109771729, 0.5854909420013428, -0.03481854125857353, 0.5304415225982666, 0.6377695202827454, -0.03763725236058235, 0.5198628306388855, 0.39701807498931885, -0.012920317240059376, 0.5096316337585449, 0.5026717185974121, -0.013328184373676777, 0.5009771585464478, 0.5755261182785034, -0.016962392255663872, 0.4877047538757324, 0.6324309706687927, -0.020607467740774155, 0.49474889039993286, 0.3698512017726898, -0.004240762908011675, 0.4856937527656555, 0.4592088460922241, -0.009090094827115536, 0.477322518825531, 0.5112941861152649, -0.016666751354932785, 0.4657309055328369, 0.5530677437782288, -0.022333459928631783, 0.4787803888320923, 0.3356190323829651, 0.002834557555615902, 0.4659786522388458, 0.3824208080768585, -0.006918740924447775, 0.4527251422405243, 0.41010916233062744, -0.013359461911022663, 0.4384099841117859, 0.43692561984062195, -0.016993388533592224]",[]
"[0.5586821436882019, 0.30233442783355713, 2.7544413683244784e-07, 0.5773180723190308, 0.3490599989891052, -0.017689116299152374, 0.5822187662124634, 0.42185264825820923, -0.027835480868816376, 0.5845135450363159, 0.4845987856388092, -0.0360209085047245, 0.5948210954666138, 0.5334552526473999, -0.0438111312687397, 0.5544314980506897, 0.4988349974155426, -0.018697254359722137, 0.546970009803772, 0.5805860757827759, -0.03318624570965767, 0.537255585193634, 0.6330785155296326, -0.0446157343685627, 0.5265953540802002, 0.6720823645591736, -0.05223415046930313, 0.5379037857055664, 0.49602967500686646, -0.018923744559288025, 0.5245882272720337, 0.5891368985176086, -0.03061089664697647, 0.5113916397094727, 0.646888017654419, -0.04000047594308853, 0.49825266003608704, 0.6908780336380005, -0.04625798389315605, 0.5232366323471069, 0.4763835668563843, -0.021295661106705666, 0.5036180019378662, 0.5637874603271484, -0.034652743488550186, 0.4847685694694519, 0.6131541132926941, -0.044741954654455185, 0.4678530991077423, 0.6494703888893127, -0.05129382014274597, 0.5115153193473816, 0.4435041546821594, -0.0248939860612154, 0.48481959104537964, 0.48530423641204834, -0.03840130940079689, 0.4634959101676941, 0.509367823600769, -0.04561006277799606, 0.444742888212204, 0.526528537273407, -0.0498318187892437]",[]
"[0.5150896310806274, 0.12390372157096863, 3.2498994073648646e-07, 0.5621554851531982, 0.11349624395370483, -0.029904820024967194, 0.6011258959770203, 0.15866386890411377, -0.049059316515922546, 0.6263763904571533, 0.21745339035987854, -0.06205255910754204, 0.6487418413162231, 0.2751593291759491, -0.07475033402442932, 0.5697571635246277, 0.26962703466415405, -0.04918307438492775, 0.5853170156478882, 0.3671535551548004, -0.06880615651607513, 0.5997031331062317, 0.41654127836227417, -0.08094828575849533, 0.6119390726089478, 0.4506760239601135, -0.08835777640342712, 0.5396649241447449, 0.2835346758365631, -0.04316699877381325, 0.5411681532859802, 0.3957943022251129, -0.057029299437999725, 0.5461516976356506, 0.45905280113220215, -0.06521061062812805, 0.5501921772956848, 0.5053356885910034, -0.07156383246183395, 0.5143536925315857, 0.2779381275177002, -0.03868245705962181, 0.5152913331985474, 0.373999685049057, -0.050499528646469116, 0.5181105732917786, 0.4327033758163452, -0.056601736694574356, 0.5195009112358093, 0.481325626373291, -0.061519499868154526, 0.4941217005252838, 0.2623811364173889, -0.03585401922464371, 0.49162256717681885, 0.32949963212013245, -0.04755689948797226, 0.49089890718460083, 0.3702865242958069, -0.051343582570552826, 0.4903120994567871, 0.4063725769519806, -0.053452521562576294]",[]
"[0.511981189250946, 0.09265047311782837, 3.3421761713725573e-07, 0.5672093033790588, 0.10448214411735535, -0.019687222316861153, 0.602830708026886, 0.16667422652244568, -0.032577529549598694, 0.625262975692749, 0.23008453845977783, -0.04102259874343872, 0.6467685699462891, 0.28273457288742065, -0.04957825690507889, 0.5655071139335632, 0.26531749963760376, -0.03675132989883423, 0.582487940788269, 0.3622751235961914, -0.05302075669169426, 0.6004181504249573, 0.41724973917007446, -0.06360185891389847, 0.6187109351158142, 0.46176862716674805, -0.07073714584112167, 0.5330363512039185, 0.2800205945968628, -0.034991536289453506, 0.5333528518676758, 0.39583075046539307, -0.04931626096367836, 0.5382930040359497, 0.46513691544532776, -0.058556776493787766, 0.5446072220802307, 0.5215684175491333, -0.06530601531267166, 0.5090845227241516, 0.2732553780078888, -0.033725984394550323, 0.5082488059997559, 0.376635879278183, -0.047551367431879044, 0.5130805969238281, 0.44112884998321533, -0.05489956587553024, 0.518602728843689, 0.4932228922843933, -0.059500258415937424, 0.4925961196422577, 0.25549978017807007, -0.033014796674251556, 0.4871240258216858, 0.33266082406044006, -0.04438333585858345, 0.4856224060058594, 0.3764500617980957, -0.047205954790115356, 0.48611560463905334, 0.4126315116882324, -0.04827633127570152]",[]
"[0.5173690319061279, 0.17187145352363586, 5.157729674465372e-07, 0.5769619941711426, 0.21910792589187622, -0.019637592136859894, 0.6080564260482788, 0.31960007548332214, -0.02950870245695114, 0.6219408512115479, 0.41398125886917114, -0.03461945429444313, 0.6364564895629883, 0.48722827434539795, -0.0401470921933651, 0.5575037002563477, 0.3672480583190918, -0.03972918912768364, 0.5561652779579163, 0.4922042787075043, -0.05609128251671791, 0.5483269691467285, 0.5724016427993774, -0.06504847854375839, 0.5402297377586365, 0.632233738899231, -0.06853358447551727, 0.5252065062522888, 0.36031466722488403, -0.033034004271030426, 0.523956298828125, 0.48062920570373535, -0.042409878224134445, 0.5216434001922607, 0.5586282014846802, -0.04624059796333313, 0.5160520076751709, 0.6144709587097168, -0.04875104874372482, 0.5013502240180969, 0.3427095115184784, -0.02634190022945404, 0.5037973523139954, 0.445878267288208, -0.03444615751504898, 0.5048689246177673, 0.5153800845146179, -0.03688971698284149, 0.5010952353477478, 0.5671682953834534, -0.037998732179403305, 0.48623424768447876, 0.31737545132637024, -0.02015823684632778, 0.487823486328125, 0.3937506079673767, -0.02629898674786091, 0.48727452754974365, 0.44697871804237366, -0.025516070425510406, 0.4850284457206726, 0.48774802684783936, -0.023954998701810837]",[]
"[0.49655380845069885, 0.23617565631866455, 3.8665532997583796e-07, 0.5461249351501465, 0.25390303134918213, -0.04018546640872955, 0.5871922969818115, 0.32766997814178467, -0.05913328751921654, 0.6114399433135986, 0.39972829818725586, -0.06946242600679398, 0.6270453333854675, 0.4633617401123047, -0.0787070244550705, 0.5375829935073853, 0.4122968018054962, -0.05227820947766304, 0.5398232936859131, 0.49643683433532715, -0.07207370549440384, 0.5314236879348755, 0.5522016286849976, -0.08673412352800369, 0.521635115146637, 0.5993279814720154, -0.09566941857337952, 0.5150232315063477, 0.4250687062740326, -0.035988155752420425, 0.5173909068107605, 0.5063172578811646, -0.052773501724004745, 0.5161462426185608, 0.5660064816474915, -0.06327108293771744, 0.5109367370605469, 0.6128882169723511, -0.0709887444972992, 0.49904781579971313, 0.422882080078125, -0.021775340661406517, 0.5002198815345764, 0.4974508285522461, -0.03676391765475273, 0.4961146414279938, 0.5511101484298706, -0.04425326734781265, 0.4859826862812042, 0.592067301273346, -0.04894903674721718, 0.48850271105766296, 0.4119482934474945, -0.010071334429085255, 0.48359769582748413, 0.47160908579826355, -0.02321499213576317, 0.4757685959339142, 0.5106943249702454, -0.029145291075110435, 0.4646568298339844, 0.5426847338676453, -0.03274448961019516]",[]
"[0.46205878257751465, 0.3028676509857178, 6.515979578125553e-08, 0.5098559856414795, 0.3278824985027313, -0.006594704929739237, 0.5307063460350037, 0.39473092555999756, -0.0017948525492101908, 0.5405634641647339, 0.4524320662021637, 0.008467757143080235, 0.5462474822998047, 0.4950838088989258, 0.02262112870812416, 0.49782219529151917, 0.5054488778114319, -0.003737711114808917, 0.5029643177986145, 0.5921869874000549, 0.006693628150969744, 0.5151211619377136, 0.6291744112968445, 0.018041841685771942, 0.5229632258415222, 0.6391870975494385, 0.028003551065921783, 0.47285333275794983, 0.5115244388580322, 0.010640420950949192, 0.47504910826683044, 0.6005842685699463, 0.020907804369926453, 0.488638699054718, 0.6280978918075562, 0.03359763324260712, 0.503355860710144, 0.6338437795639038, 0.04489470273256302, 0.45819851756095886, 0.49832066893577576, 0.025807498022913933, 0.46341827511787415, 0.5665867924690247, 0.037536803632974625, 0.4784157872200012, 0.5897501111030579, 0.050335753709077835, 0.4915502965450287, 0.5927951335906982, 0.06103185564279556, 0.45195966958999634, 0.477126806974411, 0.04089920595288277, 0.46466171741485596, 0.5196239948272705, 0.05352049320936203, 0.4780110716819763, 0.5331457257270813, 0.06380348652601242, 0.48962530493736267, 0.53382807970047, 0.07364409416913986]",[]
"[0.4618685245513916, 0.33543962240219116, 3.252583837820566e-07, 0.5137477517127991, 0.36387011408805847, -0.021983081474900246, 0.5358878970146179, 0.4344993233680725, -0.02619047835469246, 0.5467902421951294, 0.5045918822288513, -0.022365685552358627, 0.5614047646522522, 0.5635044574737549, -0.015806298702955246, 0.49496832489967346, 0.5391134023666382, -0.0196073018014431, 0.5070236921310425, 0.6325652003288269, -0.011250731535255909, 0.5181511640548706, 0.6820915937423706, -0.002333675744011998, 0.5249181985855103, 0.7182586193084717, 0.005108211655169725, 0.4637426733970642, 0.5336495041847229, 0.000693740148562938, 0.46242496371269226, 0.6293172240257263, 0.009649139828979969, 0.46898478269577026, 0.6770122051239014, 0.02042992040514946, 0.4745699167251587, 0.7100651860237122, 0.029475558549165726, 0.44548869132995605, 0.5131571292877197, 0.021138181909918785, 0.4449106454849243, 0.5893388986587524, 0.030141063034534454, 0.45006975531578064, 0.6339242458343506, 0.03909825533628464, 0.4558525085449219, 0.6587740182876587, 0.04727434739470482, 0.43802207708358765, 0.4870080053806305, 0.040521759539842606, 0.4438706338405609, 0.5477949380874634, 0.052120842039585114, 0.4509129822254181, 0.5807415246963501, 0.062381625175476074, 0.45634639263153076, 0.5986111760139465, 0.07138914614915848]","[0.5380213260650635, 0.15301553905010223, 3.9452262967643037e-07, 0.5650075674057007, 0.21486996114253998, -0.022766493260860443, 0.5804848074913025, 0.30495187640190125, -0.02719987742602825, 0.5834172368049622, 0.385744571685791, -0.02858550474047661, 0.5922142863273621, 0.45427900552749634, -0.02879822999238968, 0.5743201375007629, 0.32279109954833984, 0.003911093343049288, 0.5728933215141296, 0.3987675905227661, 0.0011047304142266512, 0.5707430839538574, 0.4480947256088257, -0.004890968091785908, 0.5699824094772339, 0.48261016607284546, -0.009157109074294567, 0.5529053807258606, 0.31914108991622925, 0.01308337040245533, 0.5472391247749329, 0.39697086811065674, 0.01527481060475111, 0.5435364842414856, 0.4437633454799652, 0.009827947244048119, 0.5397607684135437, 0.48205792903900146, 0.004614993929862976, 0.5350130796432495, 0.30967849493026733, 0.018402177840471268, 0.5297499895095825, 0.3779353201389313, 0.020265692844986916, 0.5252243280410767, 0.41738268733024597, 0.019261512905359268, 0.5201869010925293, 0.44913071393966675, 0.017494799569249153, 0.5207251310348511, 0.2960908114910126, 0.020991407334804535, 0.5165846943855286, 0.35261842608451843, 0.023425333201885223, 0.5134953856468201, 0.3852526545524597, 0.025662297382950783, 0.5099887847900391, 0.4091764986515045, 0.026721548289060593]"
"[0.47983697056770325, 0.2902684211730957, 1.8604188767312735e-07, 0.5285817980766296, 0.3130000829696655, -0.003805054584518075, 0.5545589923858643, 0.38069888949394226, 0.0004782558826263994, 0.5662237405776978, 0.44295188784599304, 0.007740410510450602, 0.5787197947502136, 0.4846530556678772, 0.017015689983963966, 0.5160695314407349, 0.48608511686325073, 0.007137002889066935, 0.5187909007072449, 0.5635624527931213, 0.015353665687143803, 0.5184870958328247, 0.604015588760376, 0.02023959904909134, 0.5188250541687012, 0.6344921588897705, 0.02417249232530594, 0.48755064606666565, 0.4868982136249542, 0.014877740293741226, 0.48466163873672485, 0.5615852475166321, 0.029352732002735138, 0.48639142513275146, 0.5983072519302368, 0.03949123993515968, 0.4882645308971405, 0.618934690952301, 0.04656209051609039, 0.46597468852996826, 0.4687574803829193, 0.02176760323345661, 0.46125924587249756, 0.5306025743484497, 0.03293968364596367, 0.462727814912796, 0.568921685218811, 0.03945092856884003, 0.46413731575012207, 0.5960471630096436, 0.04380885511636734, 0.448528528213501, 0.4416123032569885, 0.02848876640200615, 0.44182395935058594, 0.4853150248527527, 0.040804121643304825, 0.44022589921951294, 0.513064980506897, 0.04934443160891533, 0.440329909324646, 0.5342031121253967, 0.05549413338303566]",[]
"[0.5200128555297852, 0.22527539730072021, 4.922619041280996e-07, 0.5702776312828064, 0.26750367879867554, -0.021260539069771767, 0.5969658493995667, 0.3525351583957672, -0.03356870263814926, 0.6099274158477783, 0.4254957139492035, -0.04209836944937706, 0.6212975978851318, 0.4895940124988556, -0.05043556168675423, 0.5446827411651611, 0.4188423156738281, -0.02996344305574894, 0.5380600690841675, 0.5192521810531616, -0.04399527609348297, 0.5278287529945374, 0.5812921524047852, -0.05311819911003113, 0.5160059928894043, 0.625480055809021, -0.0588974766433239, 0.5160354971885681, 0.4112308621406555, -0.026935677975416183, 0.5028480291366577, 0.5089096426963806, -0.037929363548755646, 0.4887782037258148, 0.5705642104148865, -0.04595067724585533, 0.4725787043571472, 0.613091766834259, -0.05149216204881668, 0.4951694905757904, 0.38738447427749634, -0.025178421288728714, 0.4790757894515991, 0.47317811846733093, -0.038652412593364716, 0.4606149196624756, 0.5202099084854126, -0.04739406332373619, 0.4406616687774658, 0.5534906387329102, -0.05322746932506561, 0.4818389117717743, 0.3539070188999176, -0.0242414902895689, 0.46740755438804626, 0.390585333108902, -0.04155352711677551, 0.45377957820892334, 0.408591091632843, -0.04877563938498497, 0.4393189549446106, 0.42218899726867676, -0.05216522887349129]",[]
"[0.5038536190986633, 0.08965910971164703, 6.567025820913841e-07, 0.5661356449127197, 0.11534355580806732, -0.02546396292746067, 0.5961502194404602, 0.21169134974479675, -0.03608998283743858, 0.6065200567245483, 0.3143622577190399, -0.039080847054719925, 0.6194819211959839, 0.39854204654693604, -0.04069659858942032, 0.5597158074378967, 0.30649033188819885, -0.04415590316057205, 0.5525408983230591, 0.4486413598060608, -0.059584103524684906, 0.5409177541732788, 0.5382547378540039, -0.06739187985658646, 0.5277501940727234, 0.6070667505264282, -0.06977614015340805, 0.5271303057670593, 0.31275004148483276, -0.03182851895689964, 0.5212889909744263, 0.4476168155670166, -0.04642028361558914, 0.5133473873138428, 0.5431163907051086, -0.05195595696568489, 0.5010989308357239, 0.6139798164367676, -0.05385342240333557, 0.5019276142120361, 0.3003682792186737, -0.0192724596709013, 0.5031022429466248, 0.4136259853839874, -0.030421612784266472, 0.5018787980079651, 0.49022626876831055, -0.031971171498298645, 0.4944193959236145, 0.5498273372650146, -0.030413350090384483, 0.4858681857585907, 0.27780887484550476, -0.00757443206384778, 0.4873977303504944, 0.3662046492099762, -0.013750486075878143, 0.48345497250556946, 0.4198656678199768, -0.011553809978067875, 0.47804173827171326, 0.45976078510284424, -0.007618137635290623]",[]
"[0.5167930126190186, 0.14418503642082214, 2.8025408482790226e-07, 0.5782565474510193, 0.18091724812984467, -0.024125775322318077, 0.6136396527290344, 0.28523510694503784, -0.037943899631500244, 0.6265952587127686, 0.397638201713562, -0.04472258314490318, 0.6366936564445496, 0.4818249046802521, -0.05121470242738724, 0.5695809721946716, 0.2855958044528961, -0.058408137410879135, 0.5810574889183044, 0.38695961236953735, -0.08025842159986496, 0.5898351669311523, 0.44179633259773254, -0.09115566313266754, 0.5967748165130615, 0.4822503924369812, -0.09713345021009445, 0.5359552502632141, 0.28612256050109863, -0.0524536669254303, 0.5383353233337402, 0.40282142162323, -0.06891079246997833, 0.5409576892852783, 0.47532957792282104, -0.07487522810697556, 0.542472779750824, 0.5263391137123108, -0.08079402893781662, 0.5106713771820068, 0.2776060402393341, -0.04627442732453346, 0.5132759809494019, 0.3791689872741699, -0.059806715697050095, 0.5153974890708923, 0.4473288655281067, -0.06278954446315765, 0.5134612917900085, 0.4963364601135254, -0.06532786041498184, 0.4931606650352478, 0.26721787452697754, -0.04062635451555252, 0.4955821931362152, 0.34877392649650574, -0.05249263718724251, 0.4965551197528839, 0.4026893973350525, -0.05543456971645355, 0.49573808908462524, 0.44366174936294556, -0.05743808671832085]",[]
"[0.5346323251724243, 0.31113916635513306, 5.209295750319143e-07, 0.5722789764404297, 0.34251725673675537, -0.04112054407596588, 0.5884489417076111, 0.4121008813381195, -0.05865420028567314, 0.5941576957702637, 0.4865655303001404, -0.06813312321901321, 0.6067208647727966, 0.5503742694854736, -0.07617343962192535, 0.5556737780570984, 0.5100835561752319, -0.03632516413927078, 0.5495972633361816, 0.5946731567382812, -0.04516524076461792, 0.5412672162055969, 0.6480714082717896, -0.052677202969789505, 0.5309341549873352, 0.6863346099853516, -0.05820918828248978, 0.5347279906272888, 0.5111011266708374, -0.020373012870550156, 0.5248989462852478, 0.607772946357727, -0.027041666209697723, 0.5140223503112793, 0.6701669692993164, -0.03538086265325546, 0.5007323026657104, 0.7144912481307983, -0.04218686744570732, 0.5174160599708557, 0.4931091368198395, -0.007421796675771475, 0.5024638175964355, 0.5794582366943359, -0.016349878162145615, 0.48721277713775635, 0.6304454207420349, -0.028732353821396828, 0.4711017608642578, 0.6690608859062195, -0.038541529327631, 0.5033146142959595, 0.46607744693756104, 0.0027893439400941133, 0.4807665944099426, 0.5052633881568909, -0.009127994999289513, 0.46065497398376465, 0.5237596035003662, -0.019575273618102074, 0.4418775737285614, 0.5386149883270264, -0.027193142101168633]",[]
"[0.5141483545303345, 0.12496897578239441, 6.407336172742362e-07, 0.5785084962844849, 0.17082633078098297, -0.037681639194488525, 0.6092936396598816, 0.2846158742904663, -0.052581027150154114, 0.6225784420967102, 0.39730921387672424, -0.05675617605447769, 0.635697066783905, 0.4882909655570984, -0.059402283281087875, 0.5525388121604919, 0.34375736117362976, -0.05830731615424156, 0.5491436719894409, 0.4850534498691559, -0.07229238003492355, 0.5386196970939636, 0.5694878101348877, -0.07777488976716995, 0.52553790807724, 0.631479024887085, -0.077456034719944, 0.5205805897712708, 0.3387080430984497, -0.03531283885240555, 0.5177682638168335, 0.47634077072143555, -0.044345371425151825, 0.5133947730064392, 0.5665063858032227, -0.04447704181075096, 0.5026025176048279, 0.6307495832443237, -0.042830582708120346, 0.49869203567504883, 0.32158902287483215, -0.012269670143723488, 0.5025575757026672, 0.4340476989746094, -0.016842227429151535, 0.5059646368026733, 0.5060016512870789, -0.014724588952958584, 0.5009771585464478, 0.5575563907623291, -0.011326149106025696, 0.48531296849250793, 0.30210381746292114, 0.00903166364878416, 0.4919709265232086, 0.3889666199684143, 0.00889954436570406, 0.4937050938606262, 0.44306060671806335, 0.013549935072660446, 0.49212485551834106, 0.48394516110420227, 0.01843491569161415]",[]
"[0.48441529273986816, 0.20855848491191864, 5.197246082389029e-07, 0.5352076292037964, 0.20896928012371063, -0.041154440492391586, 0.5760143995285034, 0.2765507698059082, -0.05930536985397339, 0.6009495854377747, 0.3564606308937073, -0.06718427687883377, 0.621158242225647, 0.4256117045879364, -0.07381249964237213, 0.5361313819885254, 0.36566969752311707, -0.059533048421144485, 0.5415010452270508, 0.4712371826171875, -0.07781235128641129, 0.5372000932693481, 0.5415162444114685, -0.08823762834072113, 0.5305344462394714, 0.5950967073440552, -0.09338582307100296, 0.5097151398658752, 0.3818400800228119, -0.041468970477581024, 0.5124766230583191, 0.48438161611557007, -0.057806726545095444, 0.511698842048645, 0.5561714768409729, -0.06605817377567291, 0.5056104063987732, 0.6088081002235413, -0.0712556391954422, 0.48994243144989014, 0.3820345103740692, -0.024469001218676567, 0.4963230788707733, 0.4745599329471588, -0.03762638196349144, 0.49721330404281616, 0.5370907783508301, -0.04255569353699684, 0.49050676822662354, 0.587390124797821, -0.04484778270125389, 0.47734227776527405, 0.37307271361351013, -0.009600869379937649, 0.4822472631931305, 0.44238439202308655, -0.020666763186454773, 0.4808182120323181, 0.4888838231563568, -0.024137118831276894, 0.4756479859352112, 0.5271123647689819, -0.02526790089905262]",[]
[],"[0.46305394172668457, 0.26596274971961975, 2.3371806889826985e-07, 0.4977248013019562, 0.2816685438156128, -0.016942700371146202, 0.5193775296211243, 0.3382207155227661, -0.025082571431994438, 0.5261555910110474, 0.38966473937034607, -0.030029071494936943, 0.527220606803894, 0.43185970187187195, -0.034512411803007126, 0.5142690539360046, 0.4372313320636749, -0.018294159322977066, 0.5182157754898071, 0.5032771825790405, -0.03267420828342438, 0.5154528021812439, 0.5502891540527344, -0.04573197290301323, 0.5108191967010498, 0.5897113084793091, -0.05475737899541855, 0.5008006691932678, 0.44695162773132324, -0.015186875127255917, 0.501442551612854, 0.5175182223320007, -0.026193460449576378, 0.4992154538631439, 0.5620554089546204, -0.03505515307188034, 0.4955247938632965, 0.6031801700592041, -0.041837893426418304, 0.48824334144592285, 0.44120627641677856, -0.014098814688622952, 0.48678892850875854, 0.5070327520370483, -0.024299344047904015, 0.48416414856910706, 0.5471612811088562, -0.030007265508174896, 0.47883349657058716, 0.5841554403305054, -0.03436223790049553, 0.4781337380409241, 0.42136725783348083, -0.01459953747689724, 0.4716138243675232, 0.4670565724372864, -0.024560250341892242, 0.46645990014076233, 0.49658241868019104, -0.029358455911278725, 0.4602908194065094, 0.525581419467926, -0.03254994377493858]"
"[0.45638906955718994, 0.32064852118492126, 3.240687362904282e-07, 0.5035703182220459, 0.3420976400375366, -0.030197422951459885, 0.5282819271087646, 0.41058552265167236, -0.03857778012752533, 0.5435822606086731, 0.4780609905719757, -0.037094686180353165, 0.5589534640312195, 0.5344223976135254, -0.0332581102848053, 0.49109363555908203, 0.5164138078689575, -0.03529653698205948, 0.5081673860549927, 0.6094932556152344, -0.03250635415315628, 0.5217136144638062, 0.6569502949714661, -0.02779635414481163, 0.5315831899642944, 0.6936564445495605, -0.024031607434153557, 0.4606989324092865, 0.5173627734184265, -0.014340950176119804, 0.4654228985309601, 0.6151441335678101, -0.011774135753512383, 0.4734041690826416, 0.6665331125259399, -0.0063209268264472485, 0.48104292154312134, 0.7023091316223145, -0.0018987356452271342, 0.4429704248905182, 0.5027064681053162, 0.00636017881333828, 0.4472649097442627, 0.5820596814155579, 0.00882682390511036, 0.45388874411582947, 0.6253975033760071, 0.011935503222048283, 0.46082842350006104, 0.6530702710151672, 0.015496885403990746, 0.4354076087474823, 0.4842820465564728, 0.02559700421988964, 0.44032183289527893, 0.5533307790756226, 0.028341960161924362, 0.44377657771110535, 0.5924535393714905, 0.031716905534267426, 0.44706034660339355, 0.6202723979949951, 0.03559147194027901]",[]
"[0.4714089035987854, 0.23549050092697144, 2.6901588512373564e-07, 0.5154905319213867, 0.2625263035297394, -0.013696732930839062, 0.5419425964355469, 0.3334660530090332, -0.017842108383774757, 0.5552689433097839, 0.39698678255081177, -0.018525557592511177, 0.5593816041946411, 0.45202547311782837, -0.018124762922525406, 0.517441987991333, 0.4229273796081543, -0.011598024517297745, 0.5188802480697632, 0.5070385336875916, -0.01422304380685091, 0.5149268507957458, 0.5529177188873291, -0.01666143909096718, 0.5090859532356262, 0.5904909372329712, -0.018461108207702637, 0.4937870502471924, 0.4285030663013458, -0.00649986369535327, 0.49369633197784424, 0.5116676092147827, -0.007764824666082859, 0.49081429839134216, 0.5614088177680969, -0.010052928701043129, 0.48482245206832886, 0.5975635051727295, -0.01183590479195118, 0.47147083282470703, 0.41739383339881897, -0.002603924833238125, 0.4672855734825134, 0.496084988117218, -0.005302971228957176, 0.4621467888355255, 0.5430176854133606, -0.009779008105397224, 0.4546763300895691, 0.5807642936706543, -0.01320201437920332, 0.45228707790374756, 0.39653515815734863, 0.0004883205401711166, 0.44291308522224426, 0.45362499356269836, -0.0032863582018762827, 0.43517348170280457, 0.48804518580436707, -0.005823070649057627, 0.426521897315979, 0.5176894664764404, -0.007115246262401342]",[]
"[0.4940927028656006, 0.1248183399438858, 6.679751436422521e-07, 0.5545586943626404, 0.19057725369930267, -0.014157664962112904, 0.5801572799682617, 0.3078519105911255, -0.01806606911122799, 0.586227536201477, 0.40845856070518494, -0.019539179280400276, 0.5961094498634338, 0.48235729336738586, -0.02093999832868576, 0.527365505695343, 0.343190461397171, -0.012846793048083782, 0.5132811069488525, 0.4513329863548279, -0.024605724960565567, 0.4991070330142975, 0.5292894244194031, -0.03549691289663315, 0.48466062545776367, 0.5900786519050598, -0.04149813950061798, 0.5009817481040955, 0.33138054609298706, -0.008703695610165596, 0.48920026421546936, 0.4313228726387024, -0.015865031629800797, 0.4803701341152191, 0.5120490789413452, -0.023701904341578484, 0.46692955493927, 0.5741469860076904, -0.02976188063621521, 0.4835270941257477, 0.31118467450141907, -0.005781654268503189, 0.47762471437454224, 0.40578749775886536, -0.011566217057406902, 0.47720813751220703, 0.46435415744781494, -0.013952681794762611, 0.4725913107395172, 0.508324146270752, -0.015378331765532494, 0.4748968482017517, 0.28771236538887024, -0.004040531348437071, 0.4702270030975342, 0.36227020621299744, -0.009250419214367867, 0.46767815947532654, 0.41365373134613037, -0.00910867378115654, 0.46175798773765564, 0.45577728748321533, -0.008128632791340351]",[]
"[0.5013625621795654, 0.09528543055057526, 2.5536488124089374e-07, 0.5504834651947021, 0.11298657953739166, -0.013782354071736336, 0.5850749015808105, 0.17187049984931946, -0.023088239133358, 0.6109687089920044, 0.21895480155944824, -0.028636500239372253, 0.6278442740440369, 0.2545691132545471, -0.03391889110207558, 0.5473304390907288, 0.25110816955566406, -0.031123679131269455, 0.5666056275367737, 0.3561132252216339, -0.04245026037096977, 0.5822024941444397, 0.4116515517234802, -0.047171030193567276, 0.5957973003387451, 0.4514620304107666, -0.04916987195611, 0.5157580375671387, 0.2601601779460907, -0.029020069167017937, 0.5160238742828369, 0.37219250202178955, -0.03889301046729088, 0.5204335451126099, 0.4347524046897888, -0.04196242243051529, 0.5253044962882996, 0.48225998878479004, -0.043021660298109055, 0.49301618337631226, 0.2534911334514618, -0.026743153110146523, 0.49298179149627686, 0.34994029998779297, -0.03518367558717728, 0.49705737829208374, 0.40887773036956787, -0.03657931461930275, 0.5002425909042358, 0.45424985885620117, -0.03603849932551384, 0.4788880944252014, 0.23806923627853394, -0.02453458309173584, 0.4756711423397064, 0.3120723366737366, -0.029013188555836678, 0.4734668433666229, 0.3528015613555908, -0.025728633627295494, 0.47139227390289307, 0.38362568616867065, -0.021891076117753983]",[]
"[0.489757239818573, 0.07921057939529419, 2.949339545921248e-07, 0.5463878512382507, 0.08939488232135773, -0.025663744658231735, 0.5736798048019409, 0.15539012849330902, -0.03796067833900452, 0.5882614850997925, 0.21452215313911438, -0.042738284915685654, 0.5989000797271729, 0.25713449716567993, -0.047454193234443665, 0.5324068665504456, 0.2620876729488373, -0.04524518549442291, 0.555256187915802, 0.3589419722557068, -0.05852417275309563, 0.5726985335350037, 0.4133663475513458, -0.06569056957960129, 0.5857711434364319, 0.4526630938053131, -0.06894247978925705, 0.5014020800590515, 0.27314379811286926, -0.03467298299074173, 0.5061846375465393, 0.3804952800273895, -0.04861842095851898, 0.5137008428573608, 0.4452327489852905, -0.055227674543857574, 0.5202637910842896, 0.4950439929962158, -0.05882813781499863, 0.4820387661457062, 0.2696034908294678, -0.024362673982977867, 0.4842105209827423, 0.3695427179336548, -0.04128049686551094, 0.4933842122554779, 0.4293355345726013, -0.0517876110970974, 0.4995652139186859, 0.47465065121650696, -0.056206658482551575, 0.47395649552345276, 0.258359432220459, -0.014048444107174873, 0.46549662947654724, 0.34386053681373596, -0.02572309970855713, 0.45455822348594666, 0.3897278606891632, -0.03024764358997345, 0.4442254900932312, 0.4213663339614868, -0.03192925080657005]",[]
"[0.47539934515953064, 0.16141338646411896, 4.3230511437286623e-07, 0.5288891792297363, 0.18515069782733917, -0.03029693104326725, 0.5610792636871338, 0.27248415350914, -0.04034451022744179, 0.5744551420211792, 0.3653627336025238, -0.04224958270788193, 0.5894597172737122, 0.4370118975639343, -0.04309246316552162, 0.5141307711601257, 0.3208945393562317, -0.03986363485455513, 0.5119193196296692, 0.41870176792144775, -0.051825858652591705, 0.5048797726631165, 0.48139846324920654, -0.05961005017161369, 0.4979538023471832, 0.5296926498413086, -0.06316669285297394, 0.4865436255931854, 0.32742661237716675, -0.02487233467400074, 0.48892953991889954, 0.42047709226608276, -0.03154013305902481, 0.49430590867996216, 0.48030126094818115, -0.03474598377943039, 0.4955901503562927, 0.5209077596664429, -0.03744657337665558, 0.4697214365005493, 0.32399824261665344, -0.011169875040650368, 0.47547972202301025, 0.4108998775482178, -0.01635187491774559, 0.4840567409992218, 0.45997709035873413, -0.01745372638106346, 0.48665955662727356, 0.49494773149490356, -0.017900822684168816, 0.4623167812824249, 0.316019743680954, 0.0006219418137334287, 0.46660807728767395, 0.38369128108024597, -0.004710073117166758, 0.4697745740413666, 0.4246215522289276, -0.005963738542050123, 0.4691460132598877, 0.455223023891449, -0.005926934536546469]",[]
[],"[0.5443658232688904, 0.35104697942733765, 4.525375629782502e-07, 0.5742173194885254, 0.3749138116836548, -0.029057471081614494, 0.5860603451728821, 0.4336162209510803, -0.04336803779006004, 0.594275176525116, 0.4940868318080902, -0.053205881267786026, 0.6101643443107605, 0.5423056483268738, -0.0626530796289444, 0.5550928711891174, 0.5229889154434204, -0.026365555822849274, 0.5450646281242371, 0.5878994464874268, -0.0400615930557251, 0.5351162552833557, 0.6323423385620117, -0.051538001745939255, 0.5245777368545532, 0.6660109162330627, -0.05973712354898453, 0.5335178971290588, 0.5244688987731934, -0.020161397755146027, 0.5179336071014404, 0.6044656038284302, -0.030864937230944633, 0.5041235685348511, 0.6587101221084595, -0.040699657052755356, 0.48931190371513367, 0.6990037560462952, -0.04789168760180473, 0.5162402391433716, 0.5062519907951355, -0.016835827380418777, 0.49790406227111816, 0.5828124284744263, -0.0303848497569561, 0.4828607738018036, 0.627126157283783, -0.04193778336048126, 0.46739816665649414, 0.6622043251991272, -0.04991336911916733, 0.5019223690032959, 0.4750850796699524, -0.015504543669521809, 0.47734159231185913, 0.508694052696228, -0.0298402588814497, 0.45897239446640015, 0.5276792645454407, -0.03866436332464218, 0.441913902759552, 0.5447130799293518, -0.044515758752822876]"
"[0.44474855065345764, 0.32770836353302, 1.2598985676959273e-07, 0.4898822009563446, 0.34676098823547363, -0.022555379197001457, 0.5136035680770874, 0.4131416082382202, -0.026779208332300186, 0.5252365469932556, 0.4789409637451172, -0.022844405844807625, 0.5368872284889221, 0.5285900831222534, -0.01648697629570961, 0.47816044092178345, 0.5129334330558777, -0.028933605179190636, 0.5011074542999268, 0.5997586250305176, -0.024293873459100723, 0.5179367661476135, 0.6354188919067383, -0.019058935344219208, 0.5287956595420837, 0.6640750169754028, -0.01568116992712021, 0.4534318447113037, 0.5225670337677002, -0.012267040088772774, 0.4785051941871643, 0.6072998046875, -0.011709058657288551, 0.4997400641441345, 0.6433751583099365, -0.00969183724373579, 0.5147130489349365, 0.6653156280517578, -0.007879313081502914, 0.4382235109806061, 0.5139590501785278, 0.005071090534329414, 0.4502440392971039, 0.595120906829834, 0.003377739107236266, 0.4642771780490875, 0.6417021751403809, 0.0006855196552351117, 0.4755436182022095, 0.672714352607727, -6.857435073470697e-05, 0.4325159192085266, 0.49907243251800537, 0.02224385179579258, 0.4387551546096802, 0.5642440319061279, 0.022660136222839355, 0.4483804404735565, 0.5966522097587585, 0.02354210615158081, 0.4574340879917145, 0.6151514053344727, 0.0249836016446352]",[]
"[0.45272886753082275, 0.26780617237091064, 2.566249577284907e-07, 0.44936034083366394, 0.3270217180252075, -0.002453981665894389, 0.44308099150657654, 0.41029825806617737, -0.002570115262642503, 0.43813109397888184, 0.47181615233421326, -0.0009932847460731864, 0.4334220290184021, 0.5115287899971008, 0.0009604549850337207, 0.4672781527042389, 0.45195069909095764, -0.010846075601875782, 0.4776533246040344, 0.526129424571991, -0.01659710891544819, 0.4799232482910156, 0.5675077438354492, -0.02057499997317791, 0.4787493646144867, 0.6012332439422607, -0.022530104964971542, 0.47875019907951355, 0.4401540756225586, -0.01106739416718483, 0.49302229285240173, 0.5216591358184814, -0.01786569133400917, 0.5019197463989258, 0.5755917429924011, -0.023071061819791794, 0.507774293422699, 0.6194924116134644, -0.026226690039038658, 0.4863108992576599, 0.41663193702697754, -0.010246727615594864, 0.4859068989753723, 0.4904930293560028, -0.015096454881131649, 0.48168978095054626, 0.5342457890510559, -0.016086313873529434, 0.47650641202926636, 0.5660359859466553, -0.01615891046822071, 0.49183401465415955, 0.38309744000434875, -0.009150874800980091, 0.4847572445869446, 0.43448567390441895, -0.01212826743721962, 0.4764423072338104, 0.4686455726623535, -0.010296654887497425, 0.47033679485321045, 0.49538010358810425, -0.008169623091816902]",[]
[],"[0.4589194655418396, 0.19584208726882935, 5.239149913904839e-07, 0.49955543875694275, 0.23652130365371704, -0.024053046479821205, 0.5244271755218506, 0.31929025053977966, -0.03781484439969063, 0.5347321629524231, 0.4008147120475769, -0.045232661068439484, 0.5431039333343506, 0.46591809391975403, -0.05221562832593918, 0.4818088412284851, 0.36625906825065613, -0.045262858271598816, 0.4874664545059204, 0.45740261673927307, -0.06779547780752182, 0.48045897483825684, 0.528428316116333, -0.08325140923261642, 0.47190791368484497, 0.5836918354034424, -0.09177625924348831, 0.46968188881874084, 0.3734167814254761, -0.03741126134991646, 0.4731757640838623, 0.46924474835395813, -0.058996718376874924, 0.47097980976104736, 0.5466291308403015, -0.07142922282218933, 0.464599609375, 0.6073407530784607, -0.07914916425943375, 0.46707963943481445, 0.36823326349258423, -0.0297405868768692, 0.47098368406295776, 0.4631351828575134, -0.04692676290869713, 0.4699767827987671, 0.5318704843521118, -0.05441392958164215, 0.4635860323905945, 0.5857520699501038, -0.05805286020040512, 0.4733029901981354, 0.35384050011634827, -0.02296854555606842, 0.47429290413856506, 0.42008110880851746, -0.03629991039633751, 0.47282129526138306, 0.4703311026096344, -0.04198584705591202, 0.468074768781662, 0.5150871872901917, -0.04498176649212837]"
"[0.479423463344574, 0.10171754658222198, 4.388528225263144e-07, 0.5345645546913147, 0.11146843433380127, -0.023355776444077492, 0.5650413036346436, 0.17694099247455597, -0.03061431087553501, 0.5800580978393555, 0.23279297351837158, -0.029659779742360115, 0.5912493467330933, 0.27539101243019104, -0.027262452989816666, 0.5307965874671936, 0.28574031591415405, -0.03917986899614334, 0.5459228157997131, 0.37978649139404297, -0.04563583433628082, 0.5565336346626282, 0.4353916347026825, -0.0467691496014595, 0.562946617603302, 0.4776221513748169, -0.046201273798942566, 0.5000290274620056, 0.29462021589279175, -0.025772443041205406, 0.49732887744903564, 0.405820369720459, -0.03953508660197258, 0.49809834361076355, 0.4754115045070648, -0.04358202591538429, 0.49671420454978943, 0.5320413708686829, -0.04352438449859619, 0.47910410165786743, 0.2875722646713257, -0.011702919378876686, 0.478634774684906, 0.38262295722961426, -0.023549387231469154, 0.4840427339076996, 0.438255250453949, -0.027304990217089653, 0.48478084802627563, 0.48092496395111084, -0.02583538368344307, 0.46732252836227417, 0.2731679081916809, 0.002061933046206832, 0.46517765522003174, 0.3517172932624817, -0.0024971049278974533, 0.4633566737174988, 0.39368534088134766, -0.001502198283560574, 0.46030744910240173, 0.4235149323940277, 0.0013622692786157131]",[]
"[0.4763997793197632, 0.08222965896129608, 3.6179594076202193e-07, 0.5279885530471802, 0.08478963375091553, -0.03063441626727581, 0.5608399510383606, 0.14934390783309937, -0.04379405453801155, 0.5840104818344116, 0.2099306285381317, -0.048946380615234375, 0.6026209592819214, 0.2584823966026306, -0.05313299223780632, 0.524151623249054, 0.2591753900051117, -0.041928235441446304, 0.5356079339981079, 0.3634633421897888, -0.052268680185079575, 0.5468217730522156, 0.42804020643234253, -0.05752728134393692, 0.5557077527046204, 0.47393798828125, -0.059773579239845276, 0.49683111906051636, 0.27019453048706055, -0.02914324216544628, 0.5017303228378296, 0.3838999271392822, -0.040315765887498856, 0.5098974704742432, 0.45235729217529297, -0.04533251002430916, 0.515447199344635, 0.5054681897163391, -0.046997737139463425, 0.47941258549690247, 0.26813140511512756, -0.01713584177196026, 0.4842278063297272, 0.37377113103866577, -0.027035735547542572, 0.49330392479896545, 0.4352721571922302, -0.03162340819835663, 0.4989096522331238, 0.4843994677066803, -0.032535701990127563, 0.47282102704048157, 0.2551274001598358, -0.006640632636845112, 0.47504544258117676, 0.3374960124492645, -0.012523316778242588, 0.4784657657146454, 0.38461458683013916, -0.013446023687720299, 0.4811001121997833, 0.4205547571182251, -0.012507326900959015]",[]
[],"[0.5569317936897278, 0.22976289689540863, 2.0160511837730155e-07, 0.5796266794204712, 0.2930715084075928, -0.014539995230734348, 0.5848579406738281, 0.38239726424217224, -0.023511936888098717, 0.5824586749076843, 0.4551355838775635, -0.031584180891513824, 0.5779394507408142, 0.5206353068351746, -0.03937778249382973, 0.5561062693595886, 0.4136202037334442, -0.01080931257456541, 0.5551740527153015, 0.47891008853912354, -0.025941859930753708, 0.5590940713882446, 0.5167418122291565, -0.03786066919565201, 0.5608609914779663, 0.5464050769805908, -0.04562237113714218, 0.536440372467041, 0.4028077721595764, -0.013567707501351833, 0.5271493196487427, 0.48832857608795166, -0.025294646620750427, 0.5212534666061401, 0.5455458760261536, -0.035037655383348465, 0.5148236155509949, 0.5893369913101196, -0.04204009473323822, 0.5208994150161743, 0.3748849630355835, -0.019131438806653023, 0.508861780166626, 0.45420780777931213, -0.033517759293317795, 0.5023585557937622, 0.5073541402816772, -0.04300156235694885, 0.49667513370513916, 0.5502603054046631, -0.048982173204422, 0.5092788338661194, 0.3346083164215088, -0.025509079918265343, 0.49920639395713806, 0.38852450251579285, -0.03981553763151169, 0.49424487352371216, 0.4292314350605011, -0.04626670852303505, 0.49121689796447754, 0.4652070105075836, -0.05004212260246277]"
"[0.49047577381134033, 0.2981582581996918, 3.070317973197234e-07, 0.5393786430358887, 0.30487963557243347, -0.02895718812942505, 0.5788773894309998, 0.3562290072441101, -0.047992218285799026, 0.612799346446991, 0.40349987149238586, -0.0613756962120533, 0.6453269720077515, 0.42291459441185, -0.07515081763267517, 0.5527017712593079, 0.4741695523262024, -0.04824526980519295, 0.5684343576431274, 0.5560784339904785, -0.06941927224397659, 0.5771704912185669, 0.6139657497406006, -0.08450184017419815, 0.5821666717529297, 0.6650266647338867, -0.09514932334423065, 0.5261239409446716, 0.5044251084327698, -0.04250943288207054, 0.5430759787559509, 0.5916463136672974, -0.06010130047798157, 0.5537048578262329, 0.6445354223251343, -0.06863748282194138, 0.5594799518585205, 0.6883096694946289, -0.07537928223609924, 0.4998004734516144, 0.5120300054550171, -0.0383647121489048, 0.5101853609085083, 0.6135552525520325, -0.05997408553957939, 0.5140334963798523, 0.6810210943222046, -0.07004623115062714, 0.5136847496032715, 0.7340568900108337, -0.07579239457845688, 0.474779337644577, 0.5029277205467224, -0.03514764457941055, 0.4691108465194702, 0.5888955593109131, -0.05605277046561241, 0.4620591402053833, 0.6416147947311401, -0.0649421438574791, 0.4549441635608673, 0.6848087906837463, -0.07003410160541534]",[]
"[0.4879853427410126, 0.28319498896598816, 4.008437031188805e-07, 0.538387656211853, 0.28985631465911865, -0.032557547092437744, 0.5772787928581238, 0.33865106105804443, -0.056532979011535645, 0.6107582449913025, 0.3846137523651123, -0.0736529752612114, 0.644491970539093, 0.4024335741996765, -0.09176778048276901, 0.5512126684188843, 0.45053407549858093, -0.06720230728387833, 0.567955732345581, 0.549808144569397, -0.09378713369369507, 0.5779218673706055, 0.6150902509689331, -0.1107235848903656, 0.5856367945671082, 0.6704654097557068, -0.12163043022155762, 0.522178590297699, 0.48084181547164917, -0.05943451076745987, 0.534638524055481, 0.5836156606674194, -0.08203145116567612, 0.5441687107086182, 0.6435269713401794, -0.09120942652225494, 0.5507793426513672, 0.6906859874725342, -0.09804501384496689, 0.49501264095306396, 0.4881826937198639, -0.05213421210646629, 0.5003659129142761, 0.5991942882537842, -0.07632745802402496, 0.5029381513595581, 0.6726775169372559, -0.08556535840034485, 0.502219021320343, 0.7293833494186401, -0.09039667248725891, 0.4718923270702362, 0.482151597738266, -0.04550714045763016, 0.4662565290927887, 0.5756680369377136, -0.06611517071723938, 0.4598633646965027, 0.635660707950592, -0.07321413606405258, 0.4531976282596588, 0.6851129531860352, -0.07720017433166504]",[]
[],"[0.561332643032074, 0.3255334496498108, 4.2691647195169935e-07, 0.5771042108535767, 0.35463836789131165, -0.030452456325292587, 0.584308922290802, 0.42092645168304443, -0.045187920331954956, 0.5921684503555298, 0.48408573865890503, -0.05422356724739075, 0.606180727481842, 0.5377839207649231, -0.06288512051105499, 0.5541542768478394, 0.4981381595134735, -0.03213147819042206, 0.5392813682556152, 0.5673305988311768, -0.047900643199682236, 0.527185320854187, 0.6118989586830139, -0.06063559651374817, 0.5152989625930786, 0.6499192714691162, -0.06928493082523346, 0.5392420887947083, 0.5040304660797119, -0.022912025451660156, 0.51711106300354, 0.5818553566932678, -0.03730054944753647, 0.5005861520767212, 0.6348350048065186, -0.0487053357064724, 0.4847472310066223, 0.6782384514808655, -0.05716664716601372, 0.528991162776947, 0.4937868118286133, -0.01599200628697872, 0.5069379806518555, 0.5654622316360474, -0.028674103319644928, 0.48957329988479614, 0.613063633441925, -0.03678826615214348, 0.472797155380249, 0.6511626243591309, -0.04261980205774307, 0.5224871039390564, 0.47502103447914124, -0.011277863755822182, 0.5013359189033508, 0.5249636173248291, -0.020814498886466026, 0.4844498038291931, 0.5572059750556946, -0.025644440203905106, 0.46896445751190186, 0.5856896042823792, -0.029600875452160835]"
"[0.4896688759326935, 0.27237874269485474, 3.809346651451051e-07, 0.5414720177650452, 0.2841317653656006, -0.026561830192804337, 0.5796282291412354, 0.3399939239025116, -0.047772884368896484, 0.6092899441719055, 0.4010370075702667, -0.06264904141426086, 0.6420577764511108, 0.44521835446357727, -0.0779130607843399, 0.5502598881721497, 0.44560718536376953, -0.061756547540426254, 0.5665425062179565, 0.5517462491989136, -0.08347933739423752, 0.5782209634780884, 0.6182245016098022, -0.0957334116101265, 0.5887173414230347, 0.6728824973106384, -0.10348551720380783, 0.5190392732620239, 0.47134894132614136, -0.0563015379011631, 0.5342718958854675, 0.5797565579414368, -0.07594046741724014, 0.5473611950874329, 0.6406669020652771, -0.08292048424482346, 0.5564947128295898, 0.6849687099456787, -0.0880458727478981, 0.49158933758735657, 0.4752084016799927, -0.050495609641075134, 0.5001105666160583, 0.5933051705360413, -0.07211606949567795, 0.5053847432136536, 0.6738563179969788, -0.0802304595708847, 0.507386326789856, 0.7362265586853027, -0.08464926481246948, 0.46921542286872864, 0.46887707710266113, -0.04459472373127937, 0.4652594327926636, 0.5672858357429504, -0.0629802793264389, 0.45943933725357056, 0.6308652758598328, -0.06833551079034805, 0.45421743392944336, 0.6839823722839355, -0.07104582339525223]",[]
"[0.48787248134613037, 0.2814692258834839, 1.6417929771250783e-07, 0.5407588481903076, 0.2867206037044525, -0.017017390578985214, 0.5784570574760437, 0.34604281187057495, -0.027962995693087578, 0.6106693148612976, 0.39925119280815125, -0.035112783312797546, 0.6408402323722839, 0.43315303325653076, -0.04249401390552521, 0.5485477447509766, 0.473889023065567, -0.03017224557697773, 0.5643609166145325, 0.5677223801612854, -0.04072946310043335, 0.5754307508468628, 0.625985324382782, -0.04779615253210068, 0.5833435654640198, 0.67324298620224, -0.053354255855083466, 0.5211910009384155, 0.5026006102561951, -0.02728836052119732, 0.537571907043457, 0.5970685482025146, -0.03583420440554619, 0.5498115420341492, 0.6503458619117737, -0.040147192776203156, 0.5565177202224731, 0.6865229606628418, -0.04412296414375305, 0.49519336223602295, 0.511995792388916, -0.02513781189918518, 0.5043877959251404, 0.6191474199295044, -0.038053445518016815, 0.5098296403884888, 0.6880012154579163, -0.045517366379499435, 0.5116576552391052, 0.7410435080528259, -0.05040226876735687, 0.47290709614753723, 0.5062407851219177, -0.023130804300308228, 0.46607914566993713, 0.5963015556335449, -0.037926483899354935, 0.4595652222633362, 0.6507134437561035, -0.04499370977282524, 0.4536173939704895, 0.6947184801101685, -0.04898100346326828]",[]
"[0.4863492250442505, 0.280744731426239, 1.8276193713973043e-07, 0.5387648940086365, 0.2907031178474426, -0.016117075458168983, 0.5780842900276184, 0.34527409076690674, -0.029105020686984062, 0.6118860840797424, 0.3968256711959839, -0.03807196766138077, 0.6424652338027954, 0.42600104212760925, -0.048130180686712265, 0.5606254935264587, 0.43839702010154724, -0.04270078241825104, 0.5866777300834656, 0.5107203125953674, -0.058971989899873734, 0.6048189401626587, 0.5533356666564941, -0.06819508224725723, 0.6188461184501648, 0.5877190232276917, -0.0745471641421318, 0.5302280187606812, 0.47559022903442383, -0.042436908930540085, 0.5501419305801392, 0.5741173624992371, -0.05930948257446289, 0.5638554692268372, 0.6330404877662659, -0.06712920218706131, 0.57496577501297, 0.6761852502822876, -0.07286091893911362, 0.49925339221954346, 0.4909316599369049, -0.041859664022922516, 0.5089257955551147, 0.6046390533447266, -0.06216391921043396, 0.5138498544692993, 0.6777229309082031, -0.0721627026796341, 0.5174204111099243, 0.7336121797561646, -0.0777519941329956, 0.4719736576080322, 0.4888526201248169, -0.040549930185079575, 0.4668751358985901, 0.5846268534660339, -0.06062781438231468, 0.4595367908477783, 0.6459273099899292, -0.06879714876413345, 0.45360180735588074, 0.6955651044845581, -0.07308711856603622]",[]
[],"[0.48797541856765747, 0.31137871742248535, 2.5035828343789035e-07, 0.4720073342323303, 0.39039403200149536, -0.009941454976797104, 0.48299700021743774, 0.48160454630851746, -0.016209378838539124, 0.4998930096626282, 0.5557089447975159, -0.020813774317502975, 0.5136178731918335, 0.6114872097969055, -0.028080414980649948, 0.5175655484199524, 0.5182809233665466, -0.034707505255937576, 0.5411736965179443, 0.5973860621452332, -0.05100812390446663, 0.5562224984169006, 0.6449123620986938, -0.059721384197473526, 0.5668161511421204, 0.6834359765052795, -0.06645448505878448, 0.5434998273849487, 0.4827501177787781, -0.039053019136190414, 0.570136308670044, 0.5547528862953186, -0.05385337024927139, 0.5873265862464905, 0.5978904366493225, -0.06246798858046532, 0.599634051322937, 0.6323050856590271, -0.07026861608028412, 0.5618416666984558, 0.4282018542289734, -0.043529920279979706, 0.5905532836914062, 0.48079758882522583, -0.06049959734082222, 0.6075842380523682, 0.5155946612358093, -0.0701620951294899, 0.618934690952301, 0.5432889461517334, -0.07778269052505493, 0.5721865296363831, 0.36301082372665405, -0.04764384403824806, 0.6035060286521912, 0.39003869891166687, -0.06793791055679321, 0.6216103434562683, 0.40712910890579224, -0.07848742604255676, 0.6352649331092834, 0.42393210530281067, -0.0855330303311348]"
"[0.4869770109653473, 0.3087000250816345, 1.6863010898759967e-07, 0.5344721078872681, 0.33127009868621826, -0.012384118512272835, 0.5724272727966309, 0.3917829394340515, -0.022162185981869698, 0.6034175753593445, 0.44559887051582336, -0.030220532789826393, 0.6283301711082458, 0.48807621002197266, -0.03869805485010147, 0.5548341870307922, 0.48414143919944763, -0.020640838891267776, 0.5802250504493713, 0.5467662215232849, -0.03444454446434975, 0.59726482629776, 0.5860229134559631, -0.04507621377706528, 0.6105658411979675, 0.6182025671005249, -0.052842073142528534, 0.5261480808258057, 0.5086904168128967, -0.023037506267428398, 0.5425386428833008, 0.5945509672164917, -0.03725709021091461, 0.5527753233909607, 0.6485413312911987, -0.04704829677939415, 0.5623772144317627, 0.6905848979949951, -0.053950175642967224, 0.49654367566108704, 0.5123472213745117, -0.026393694803118706, 0.50174480676651, 0.6074031591415405, -0.043290555477142334, 0.5047868490219116, 0.6711394786834717, -0.05165385454893112, 0.5087866187095642, 0.7238953113555908, -0.056271992623806, 0.4681949317455292, 0.4994560480117798, -0.0296182818710804, 0.4616479277610779, 0.5805866718292236, -0.044830989092588425, 0.4569288492202759, 0.6329174041748047, -0.04949650913476944, 0.45379963517189026, 0.6783157587051392, -0.051512137055397034]",[]
"[0.4871908724308014, 0.3307989835739136, 2.3158420958679926e-07, 0.5361505150794983, 0.3544851243495941, -0.006646115332841873, 0.5737301111221313, 0.4170933961868286, -0.012297260574996471, 0.6034675240516663, 0.4674249589443207, -0.017225895076990128, 0.6267579793930054, 0.500839352607727, -0.022850817069411278, 0.5456371307373047, 0.5063716173171997, -0.01642494648694992, 0.5622484683990479, 0.5882685780525208, -0.026190107688307762, 0.5727844834327698, 0.6372311115264893, -0.032612208276987076, 0.5807245969772339, 0.6754739284515381, -0.037239301949739456, 0.5183167457580566, 0.5242413282394409, -0.020677808672189713, 0.5345488786697388, 0.6223409175872803, -0.030856290832161903, 0.547235906124115, 0.6838994026184082, -0.03786607086658478, 0.5575810074806213, 0.7273610830307007, -0.042301516979932785, 0.49027442932128906, 0.5242434740066528, -0.025148017331957817, 0.501672625541687, 0.6201736927032471, -0.03842892125248909, 0.5081205368041992, 0.6829299330711365, -0.046140290796756744, 0.512796938419342, 0.7316072583198547, -0.05023669824004173, 0.46374067664146423, 0.5101678967475891, -0.02919519506394863, 0.45871004462242126, 0.5865699648857117, -0.04325165972113609, 0.45269715785980225, 0.6371862888336182, -0.04852469637989998, 0.4460268020629883, 0.6794886589050293, -0.050473444163799286]",[]
"[0.48608851432800293, 0.3482353389263153, 1.7735166579768702e-07, 0.5370994210243225, 0.3710450828075409, -0.00449286587536335, 0.5755583047866821, 0.43282756209373474, -0.008118371479213238, 0.6045475006103516, 0.485641211271286, -0.01068805530667305, 0.6258879899978638, 0.525188684463501, -0.013576922938227654, 0.5491160154342651, 0.524071991443634, -0.017040148377418518, 0.570231020450592, 0.5987473130226135, -0.023353906348347664, 0.5830075144767761, 0.6339889168739319, -0.0261203795671463, 0.5916827321052551, 0.6610842943191528, -0.028356751427054405, 0.5216149687767029, 0.5402070879936218, -0.020550919696688652, 0.536180853843689, 0.6368204355239868, -0.02821040153503418, 0.5474703907966614, 0.6962315440177917, -0.031893543899059296, 0.5563417077064514, 0.7358999252319336, -0.03395402058959007, 0.4940457344055176, 0.5371925234794617, -0.02382357232272625, 0.5058590173721313, 0.6252413392066956, -0.03465210273861885, 0.510671854019165, 0.6837992668151855, -0.04021422564983368, 0.5136643052101135, 0.7281651496887207, -0.042908675968647, 0.46807485818862915, 0.5198081731796265, -0.02639046497642994, 0.46715235710144043, 0.5868874192237854, -0.039215270429849625, 0.4640684723854065, 0.6299842000007629, -0.04333209991455078, 0.459982693195343, 0.6634945869445801, -0.04426254332065582]",[]
"[0.4907018840312958, 0.3598174452781677, 1.4011946802838793e-07, 0.5149447917938232, 0.40567395091056824, 0.005508325528353453, 0.5374770164489746, 0.4756239056587219, 0.004663435276597738, 0.5517159104347229, 0.5286761522293091, 0.0029585661832243204, 0.5574394464492798, 0.5639749765396118, -0.00022801694285590202, 0.5346087217330933, 0.5566879510879517, -0.012309798039495945, 0.547967255115509, 0.6234029531478882, -0.01580936834216118, 0.5552406311035156, 0.6442362666130066, -0.016985595226287842, 0.560315728187561, 0.6630820631980896, -0.019061284139752388, 0.5303730964660645, 0.5541387796401978, -0.022115696221590042, 0.5430480241775513, 0.6490195989608765, -0.028107400983572006, 0.5526350140571594, 0.7034866809844971, -0.03053499013185501, 0.5592153668403625, 0.7398858070373535, -0.03199698403477669, 0.5227732062339783, 0.5272241234779358, -0.030839525163173676, 0.5434152483940125, 0.6168277859687805, -0.0418558344244957, 0.5522507429122925, 0.672881543636322, -0.050209663808345795, 0.5569238066673279, 0.7186719179153442, -0.05541152507066727, 0.5143707394599915, 0.4842766225337982, -0.03757556155323982, 0.5240391492843628, 0.5369439125061035, -0.05196350812911987, 0.5268338322639465, 0.5738409757614136, -0.0590687058866024, 0.5263712406158447, 0.6076897382736206, -0.06304286420345306]",[]
"[0.4939858615398407, 0.361599862575531, 1.612007025642015e-07, 0.5447442531585693, 0.38372594118118286, -0.0028372746892273426, 0.5814827680587769, 0.44396886229515076, -0.0066342963837087154, 0.6114702224731445, 0.4933124780654907, -0.010034125298261642, 0.6377590894699097, 0.5264829397201538, -0.013866966590285301, 0.5604142546653748, 0.5425130724906921, -0.010674219578504562, 0.585193395614624, 0.6131287813186646, -0.01569427363574505, 0.6012374758720398, 0.6459100246429443, -0.018510639667510986, 0.613885223865509, 0.6726603507995605, -0.021239541471004486, 0.5327013731002808, 0.5591651797294617, -0.015138758346438408, 0.5442766547203064, 0.6528337597846985, -0.022251933813095093, 0.5526912212371826, 0.6994048357009888, -0.027966374531388283, 0.5586583614349365, 0.7302468419075012, -0.031711600720882416, 0.5040920972824097, 0.5574367046356201, -0.01940530724823475, 0.5077477693557739, 0.6406576037406921, -0.029764460399746895, 0.5079213976860046, 0.693359911441803, -0.0369262769818306, 0.508216381072998, 0.7350629568099976, -0.04102924093604088, 0.47660160064697266, 0.5420501828193665, -0.02292460948228836, 0.46821585297584534, 0.6146846413612366, -0.03243377059698105, 0.458040714263916, 0.6579676270484924, -0.03592895343899727, 0.4488290846347809, 0.6945606470108032, -0.03748141974210739]",[]
"[0.4941334128379822, 0.3565993905067444, 2.670039691565762e-07, 0.4824916124343872, 0.4311597943305969, 0.0010777110001072288, 0.49119138717651367, 0.5169601440429688, 0.0007847886299714446, 0.5044340491294861, 0.5762178897857666, -0.0008088748436421156, 0.5106127858161926, 0.6176613569259644, -0.004042584449052811, 0.5149694681167603, 0.5627546310424805, -0.013682877644896507, 0.5250704288482666, 0.6388040781021118, -0.023631509393453598, 0.5302624106407166, 0.6808971166610718, -0.030057918280363083, 0.5337327122688293, 0.7146998047828674, -0.0347149483859539, 0.5392559766769409, 0.5460835695266724, -0.021058162674307823, 0.5523074865341187, 0.6337077617645264, -0.030245307832956314, 0.5618789792060852, 0.6906771063804626, -0.03487342968583107, 0.5692471265792847, 0.7330338954925537, -0.03825487196445465, 0.5589603781700134, 0.5085739493370056, -0.028209613636136055, 0.5798742771148682, 0.5788358449935913, -0.03736976534128189, 0.5842715501785278, 0.6207051873207092, -0.04149944707751274, 0.5845820307731628, 0.6523905396461487, -0.04450973495841026, 0.5747696161270142, 0.4535225033760071, -0.034818973392248154, 0.6004993915557861, 0.48476508259773254, -0.04610484838485718, 0.608784019947052, 0.503899872303009, -0.049940962344408035, 0.6119906306266785, 0.5198436379432678, -0.05174009129405022]",[]
"[0.4940902590751648, 0.33483296632766724, 7.818193381581295e-08, 0.5448608994483948, 0.35284423828125, -0.005922146141529083, 0.5838435888290405, 0.4117603600025177, -0.013924648985266685, 0.616365909576416, 0.45873546600341797, -0.02157539688050747, 0.6444162726402283, 0.4878614544868469, -0.030736569315195084, 0.5673275589942932, 0.5002668499946594, -0.02083524502813816, 0.5953788757324219, 0.548313558101654, -0.035491038113832474, 0.6119934916496277, 0.5782365798950195, -0.045943401753902435, 0.6228762269020081, 0.6059028506278992, -0.05336060747504234, 0.5385624170303345, 0.5290099382400513, -0.02709750272333622, 0.5527697205543518, 0.6162939667701721, -0.040638718754053116, 0.5618543028831482, 0.6687955856323242, -0.05017596855759621, 0.5678943395614624, 0.71123206615448, -0.057387955486774445, 0.5076746940612793, 0.5370699167251587, -0.033645156770944595, 0.5096511244773865, 0.6383943557739258, -0.05266724154353142, 0.507985532283783, 0.6965563297271729, -0.0645763948559761, 0.5062746405601501, 0.7437236309051514, -0.07164402306079865, 0.47809353470802307, 0.5269550085067749, -0.03910982608795166, 0.46402281522750854, 0.609551191329956, -0.05741741880774498, 0.4502466320991516, 0.6587180495262146, -0.06528861820697784, 0.4378666877746582, 0.7013981342315674, -0.06957827508449554]",[]
"[0.5034741759300232, 0.3170446455478668, 2.889602797040425e-07, 0.5517430305480957, 0.36773815751075745, -0.0149119533598423, 0.5861237645149231, 0.4422410726547241, -0.026417797431349754, 0.605629026889801, 0.5141085386276245, -0.034377459436655045, 0.621809184551239, 0.5739502906799316, -0.042674656957387924, 0.5526056289672852, 0.5004302859306335, -0.037517935037612915, 0.5621845722198486, 0.5925254821777344, -0.05629174783825874, 0.5696057677268982, 0.6542913913726807, -0.06893903762102127, 0.5756775140762329, 0.7023847103118896, -0.07714814692735672, 0.5274018049240112, 0.5017159581184387, -0.037485651671886444, 0.5350508093833923, 0.5965096950531006, -0.0507846362888813, 0.5400838255882263, 0.6570902466773987, -0.05730172619223595, 0.5434303879737854, 0.70188969373703, -0.06277510523796082, 0.5058972835540771, 0.48750293254852295, -0.0376497358083725, 0.5154551863670349, 0.5745008587837219, -0.049107398837804794, 0.5202974081039429, 0.643123984336853, -0.05174068361520767, 0.5225487351417542, 0.6976776719093323, -0.054203469306230545, 0.48862746357917786, 0.4626743197441101, -0.038251202553510666, 0.5007972717285156, 0.5233922600746155, -0.049386534839868546, 0.509084939956665, 0.5675568580627441, -0.05091167613863945, 0.5152912139892578, 0.6034981608390808, -0.051403094083070755]",[]
"[0.5039434432983398, 0.29726940393447876, 4.401800595132954e-07, 0.5529245138168335, 0.3347354233264923, -0.016161320731043816, 0.58708256483078, 0.41102930903434753, -0.02940843254327774, 0.6074648499488831, 0.48473718762397766, -0.03849733993411064, 0.6278215050697327, 0.5450202226638794, -0.04811511188745499, 0.5587873458862305, 0.46049144864082336, -0.049547065049409866, 0.5729998350143433, 0.5665880441665649, -0.07089260965585709, 0.581082284450531, 0.6381567120552063, -0.08247403800487518, 0.5873156189918518, 0.6961921453475952, -0.08912307024002075, 0.5292344689369202, 0.46931910514831543, -0.04895459860563278, 0.5337378978729248, 0.5901623964309692, -0.0660618394613266, 0.5361429452896118, 0.6732036471366882, -0.07154423743486404, 0.5369865894317627, 0.7388385534286499, -0.07519586384296417, 0.5027005076408386, 0.4638180732727051, -0.0476674847304821, 0.5100595355033875, 0.5699073076248169, -0.061327703297138214, 0.5150077939033508, 0.6365914940834045, -0.06134428828954697, 0.517000675201416, 0.6856135725975037, -0.0605616569519043, 0.4806877374649048, 0.4499136805534363, -0.046880532056093216, 0.48918116092681885, 0.5303661227226257, -0.058470096439123154, 0.49594056606292725, 0.5800684690475464, -0.058089565485715866, 0.5013618469238281, 0.6169341802597046, -0.05648389086127281]",[]
"[0.5046461820602417, 0.27866220474243164, 4.7655564117121685e-07, 0.5540772080421448, 0.2979719042778015, -0.015492602251470089, 0.5892253518104553, 0.36386972665786743, -0.030791880562901497, 0.6130801439285278, 0.4301110506057739, -0.04186972603201866, 0.6373286247253418, 0.47945475578308105, -0.053986530750989914, 0.5652925372123718, 0.45499929785728455, -0.050346456468105316, 0.5791301131248474, 0.5703912973403931, -0.0712839886546135, 0.5867443680763245, 0.6439542770385742, -0.08238207548856735, 0.5923115611076355, 0.7014027833938599, -0.08883737027645111, 0.532494068145752, 0.47032883763313293, -0.05084382742643356, 0.5340152978897095, 0.6065830588340759, -0.0690506175160408, 0.5325623154640198, 0.6951308846473694, -0.07665051519870758, 0.5308545231819153, 0.7622783184051514, -0.08124564588069916, 0.5020174384117126, 0.4628594219684601, -0.04999568313360214, 0.5052860975265503, 0.5819798111915588, -0.06624532490968704, 0.5031591653823853, 0.6630846261978149, -0.07095006108283997, 0.5008389949798584, 0.7254751920700073, -0.07302899658679962, 0.4763955771923065, 0.4415931701660156, -0.048730358481407166, 0.48107945919036865, 0.5205812454223633, -0.06178458034992218, 0.48460787534713745, 0.5697041749954224, -0.06231440231204033, 0.48966169357299805, 0.6069557666778564, -0.06117802858352661]",[]
"[0.5046955943107605, 0.2781407833099365, 4.220470657401165e-07, 0.540890634059906, 0.3444378674030304, -0.007656499743461609, 0.5688053369522095, 0.4289015233516693, -0.021990865468978882, 0.5896269083023071, 0.4997977614402771, -0.033723704516887665, 0.6107889413833618, 0.5587631464004517, -0.04799584671854973, 0.5461584329605103, 0.46161895990371704, -0.06078099086880684, 0.5592077374458313, 0.5692071318626404, -0.08771450072526932, 0.5709845423698425, 0.6383709907531738, -0.1018943190574646, 0.5801206827163696, 0.6955770254135132, -0.110508032143116, 0.5358346104621887, 0.44756394624710083, -0.06787151098251343, 0.5441619157791138, 0.5723221302032471, -0.09336653351783752, 0.5492295622825623, 0.6562289595603943, -0.10229144245386124, 0.5500022172927856, 0.7226208448410034, -0.10776488482952118, 0.5241694450378418, 0.42080217599868774, -0.07238428294658661, 0.542453944683075, 0.5250897407531738, -0.09074217081069946, 0.552008330821991, 0.6013969779014587, -0.09377414733171463, 0.5555104613304138, 0.6641350984573364, -0.0958906039595604, 0.5136234760284424, 0.38360467553138733, -0.07629546523094177, 0.5320100784301758, 0.44616273045539856, -0.09180181473493576, 0.5439850687980652, 0.4938920736312866, -0.09450663626194, 0.5525729656219482, 0.5350551605224609, -0.09567543864250183]",[]
"[0.5021647214889526, 0.2911507487297058, 3.907480277121067e-07, 0.5501976609230042, 0.3273411989212036, -0.015303079038858414, 0.5826413035392761, 0.4008128345012665, -0.030537385493516922, 0.6036101579666138, 0.4725838005542755, -0.041447076946496964, 0.6230692863464355, 0.5291347503662109, -0.05416182801127434, 0.5575838685035706, 0.4627979099750519, -0.05696456879377365, 0.5669710636138916, 0.5667737126350403, -0.08020193129777908, 0.5734798312187195, 0.6318973898887634, -0.09336139261722565, 0.5786083340644836, 0.6835401058197021, -0.10139498114585876, 0.5318530201911926, 0.47260400652885437, -0.05763944983482361, 0.5370572209358215, 0.5942392349243164, -0.07863954454660416, 0.5406728386878967, 0.6703405976295471, -0.08704923838376999, 0.5429483652114868, 0.7274442911148071, -0.0928238183259964, 0.5059995651245117, 0.46714654564857483, -0.05693826824426651, 0.5109492540359497, 0.5855720043182373, -0.0752231776714325, 0.511638879776001, 0.6678435802459717, -0.08113489300012589, 0.5093643665313721, 0.7302551865577698, -0.08486418426036835, 0.4833201766014099, 0.45004409551620483, -0.05579397454857826, 0.48250553011894226, 0.5387446284294128, -0.07144597917795181, 0.47970908880233765, 0.5995868444442749, -0.07535979896783829, 0.4755514860153198, 0.6481314897537231, -0.07738526165485382]",[]
"[0.4952491223812103, 0.3090379238128662, 2.0492478824962745e-07, 0.5441543459892273, 0.35048165917396545, -0.013375859707593918, 0.5781525373458862, 0.42690297961235046, -0.022030455991625786, 0.5993773937225342, 0.500487744808197, -0.02763894572854042, 0.6148425340652466, 0.56086266040802, -0.032694440335035324, 0.5462445020675659, 0.4970318377017975, -0.029708867892622948, 0.5546531677246094, 0.5890594124794006, -0.045346520841121674, 0.5617849230766296, 0.6446877121925354, -0.055921342223882675, 0.5681456327438354, 0.6874719858169556, -0.06238459795713425, 0.5185946822166443, 0.5003306269645691, -0.027561215683817863, 0.5230383276939392, 0.5923915505409241, -0.03613542392849922, 0.5304995775222778, 0.6384151577949524, -0.03878318518400192, 0.5386608242988586, 0.6692810654640198, -0.04131079465150833, 0.4933621883392334, 0.4870415925979614, -0.025798138231039047, 0.4948745369911194, 0.5662965178489685, -0.03444251790642738, 0.5001296401023865, 0.6028211712837219, -0.03251953795552254, 0.5046260356903076, 0.6231887340545654, -0.030543901026248932, 0.47212934494018555, 0.462149977684021, -0.024552587419748306, 0.47618746757507324, 0.5267866849899292, -0.032222092151641846, 0.48366254568099976, 0.5552210211753845, -0.029705176129937172, 0.489956796169281, 0.571658730506897, -0.02636524848639965]",[]
"[0.49534887075424194, 0.3306143581867218, 1.830724443152576e-07, 0.535467267036438, 0.36868664622306824, -0.00884024053812027, 0.5663490891456604, 0.43894487619400024, -0.01437217928469181, 0.592372715473175, 0.4916566014289856, -0.018719246610999107, 0.6106137633323669, 0.530832827091217, -0.023607244715094566, 0.5379497408866882, 0.5248622298240662, -0.018715813755989075, 0.549332320690155, 0.6022905111312866, -0.03049861267209053, 0.5568369030952454, 0.6476163864135742, -0.03935643658041954, 0.5627714991569519, 0.684907078742981, -0.0461125411093235, 0.5190576314926147, 0.5303789973258972, -0.02188701555132866, 0.5287848711013794, 0.6154812574386597, -0.03143139183521271, 0.5365248918533325, 0.6631457805633545, -0.03769813850522041, 0.5432530641555786, 0.6985251307487488, -0.04230004549026489, 0.4992862641811371, 0.5147550106048584, -0.025794878602027893, 0.5041202306747437, 0.599822998046875, -0.037878409028053284, 0.5029513239860535, 0.652056097984314, -0.043740082532167435, 0.5001863837242126, 0.6936948299407959, -0.047377023845911026, 0.4816526770591736, 0.48070216178894043, -0.029783375561237335, 0.47577744722366333, 0.5360041260719299, -0.04426106438040733, 0.46855348348617554, 0.572156548500061, -0.049386680126190186, 0.46015414595603943, 0.6038117408752441, -0.05155716836452484]",[]
"[0.48913002014160156, 0.3549635410308838, 1.5794309149441688e-07, 0.537778377532959, 0.3772493600845337, -0.009197141043841839, 0.5726445913314819, 0.440243124961853, -0.015407145954668522, 0.5998777151107788, 0.4956452548503876, -0.02029319293797016, 0.620945155620575, 0.534031867980957, -0.02561177872121334, 0.5496482253074646, 0.5311745405197144, -0.016343777999281883, 0.5698727369308472, 0.5966312289237976, -0.02694522961974144, 0.5793238878250122, 0.6312862634658813, -0.0343453474342823, 0.5850446224212646, 0.6597844958305359, -0.03967853635549545, 0.5204565525054932, 0.5500797033309937, -0.019142048433423042, 0.5328458547592163, 0.63819819688797, -0.02867109701037407, 0.5419794321060181, 0.692046046257019, -0.03582553565502167, 0.5497757792472839, 0.7334818243980408, -0.041055116802453995, 0.4919762909412384, 0.547440767288208, -0.022872280329465866, 0.4935368001461029, 0.6311954259872437, -0.03650311380624771, 0.49249887466430664, 0.6813287734985352, -0.04482879862189293, 0.4919828474521637, 0.7226890325546265, -0.04978277534246445, 0.4665171205997467, 0.5271620154380798, -0.026407867670059204, 0.4575623571872711, 0.5893641114234924, -0.041273731738328934, 0.4489567279815674, 0.6314873695373535, -0.047759268432855606, 0.4407801330089569, 0.6692624092102051, -0.051020652055740356]",[]
"[0.4874139130115509, 0.37003928422927856, 1.3388593345098343e-07, 0.5363045930862427, 0.3887997567653656, -0.007421613205224276, 0.5719970464706421, 0.45205599069595337, -0.012427683919668198, 0.6011063456535339, 0.5110469460487366, -0.016120944172143936, 0.6249496936798096, 0.5499289035797119, -0.020060408860445023, 0.5515286922454834, 0.5401893854141235, -0.01593434251844883, 0.5763784646987915, 0.6059712767601013, -0.02389468438923359, 0.5904369950294495, 0.6380584836006165, -0.028779512271285057, 0.5998417735099792, 0.6633546948432922, -0.03240208327770233, 0.52303546667099, 0.5610870122909546, -0.0180368609726429, 0.5367751121520996, 0.6527088284492493, -0.025440379977226257, 0.5462265014648438, 0.708282470703125, -0.03053249605000019, 0.5532513856887817, 0.7464056015014648, -0.03445437550544739, 0.4947521984577179, 0.5609762072563171, -0.02051285095512867, 0.4984874427318573, 0.6463302373886108, -0.031229354441165924, 0.49874186515808105, 0.6973150372505188, -0.0378863625228405, 0.498830109834671, 0.7362364530563354, -0.04199058189988136, 0.46950435638427734, 0.5444859862327576, -0.022652234882116318, 0.4619850516319275, 0.6093065738677979, -0.034460365772247314, 0.45430123805999756, 0.6508821249008179, -0.039329543709754944, 0.4474678039550781, 0.6861312985420227, -0.04171035811305046]",[]
[],"[0.4941199719905853, 0.37570348381996155, 3.7854059087294445e-07, 0.47377076745033264, 0.44676679372787476, -0.0014859625371173024, 0.47109082341194153, 0.5343306660652161, -0.00578744662925601, 0.47651851177215576, 0.6158841848373413, -0.00927777960896492, 0.4732587933540344, 0.6746834516525269, -0.014138412661850452, 0.4977094829082489, 0.5774394869804382, -0.020505517721176147, 0.5010637044906616, 0.6674980521202087, -0.026522794738411903, 0.5008336305618286, 0.7071916460990906, -0.027624238282442093, 0.5003995299339294, 0.7374587655067444, -0.027759918943047523, 0.5255855917930603, 0.5604134202003479, -0.02430836670100689, 0.5373111367225647, 0.6660622358322144, -0.030241195112466812, 0.5465461015701294, 0.7272851467132568, -0.03184244781732559, 0.5534766912460327, 0.7674486637115479, -0.032509248703718185, 0.5509316325187683, 0.5255175828933716, -0.02683979831635952, 0.5793086290359497, 0.6113765835762024, -0.03451908007264137, 0.5933924317359924, 0.6541951894760132, -0.037749987095594406, 0.601454496383667, 0.6822397112846375, -0.03934238851070404, 0.571439802646637, 0.47716236114501953, -0.028206849470734596, 0.6057616472244263, 0.5225492715835571, -0.03746650367975235, 0.6181641221046448, 0.5420840978622437, -0.03960540145635605, 0.6231775879859924, 0.5605639815330505, -0.03952249139547348]"
"[0.49541175365448, 0.3660852909088135, 1.8614564112340304e-07, 0.5454443097114563, 0.390056312084198, -0.0077478885650634766, 0.5778002738952637, 0.4550600051879883, -0.012988592498004436, 0.6027524471282959, 0.522774875164032, -0.01592445559799671, 0.6238163113594055, 0.5674822330474854, -0.01845589466392994, 0.5514498353004456, 0.5419163703918457, -0.022655446082353592, 0.5763264894485474, 0.6214274168014526, -0.03166437894105911, 0.592902421951294, 0.6598479747772217, -0.03442110866308212, 0.6036378145217896, 0.6890079379081726, -0.03575381636619568, 0.5225706100463867, 0.5604531764984131, -0.023309817537665367, 0.5353154540061951, 0.6662062406539917, -0.03590672090649605, 0.5468786954879761, 0.7304410934448242, -0.042440030723810196, 0.5545011758804321, 0.7756494879722595, -0.04616670310497284, 0.49487078189849854, 0.5586755871772766, -0.02310831844806671, 0.496214359998703, 0.651208758354187, -0.03590002283453941, 0.4988914728164673, 0.7078543901443481, -0.04146139696240425, 0.5000802874565125, 0.7520360946655273, -0.04367619752883911, 0.4704418182373047, 0.5428720712661743, -0.02234276570379734, 0.4636905789375305, 0.6156021952629089, -0.03386145085096359, 0.45648592710494995, 0.6617302298545837, -0.03759673610329628, 0.450239896774292, 0.7023996114730835, -0.03853173181414604]",[]
"[0.49458786845207214, 0.35240793228149414, 1.521681838312361e-07, 0.5444213151931763, 0.3751312494277954, -0.011611759662628174, 0.577896773815155, 0.44296351075172424, -0.018157951533794403, 0.601574718952179, 0.5120792388916016, -0.02287738397717476, 0.6200075149536133, 0.5598939657211304, -0.027519209310412407, 0.5525451302528381, 0.5333017110824585, -0.017970753833651543, 0.5757856369018555, 0.6058579087257385, -0.028112564235925674, 0.5910927653312683, 0.6461294889450073, -0.0347956120967865, 0.6013340950012207, 0.679538369178772, -0.03952399641275406, 0.5240401029586792, 0.5532408952713013, -0.018788175657391548, 0.5371270179748535, 0.6474788188934326, -0.028545619919896126, 0.5475433468818665, 0.7040151953697205, -0.03586052730679512, 0.5548168420791626, 0.7475261688232422, -0.04130538925528526, 0.49654093384742737, 0.5538471341133118, -0.020328732207417488, 0.49798518419265747, 0.6455504894256592, -0.033046118915081024, 0.499311625957489, 0.700100839138031, -0.040609460324048996, 0.49990415573120117, 0.7433739900588989, -0.04498964175581932, 0.47275084257125854, 0.540289044380188, -0.02201998420059681, 0.4648303985595703, 0.6141318082809448, -0.033868953585624695, 0.45749253034591675, 0.660850465297699, -0.03880509361624718, 0.4502963423728943, 0.7020242214202881, -0.04126890003681183]",[]
"[0.4966777265071869, 0.3388117551803589, 2.105167169474953e-07, 0.5451764464378357, 0.36325955390930176, -0.016784440726041794, 0.577958881855011, 0.4286491870880127, -0.025894219055771828, 0.6003822088241577, 0.49637749791145325, -0.03221086412668228, 0.6174431443214417, 0.554449200630188, -0.03847051411867142, 0.5541186332702637, 0.5132428407669067, -0.020622823387384415, 0.5754209160804749, 0.5886109471321106, -0.032046422362327576, 0.5911939740180969, 0.6323351263999939, -0.04006880894303322, 0.6040950417518616, 0.6666691899299622, -0.045888788998126984, 0.5270586013793945, 0.5352492928504944, -0.02036546729505062, 0.5390154719352722, 0.6287854909896851, -0.031125236302614212, 0.5483899712562561, 0.6894702911376953, -0.03953788802027702, 0.5570917725563049, 0.7375624775886536, -0.045712169259786606, 0.5008141994476318, 0.5371174216270447, -0.02172514609992504, 0.5055431127548218, 0.6295111775398254, -0.036526869982481, 0.5067077279090881, 0.6935868263244629, -0.046880535781383514, 0.507968008518219, 0.7472505569458008, -0.0534038282930851, 0.47702065110206604, 0.5257092714309692, -0.023536857217550278, 0.4720337986946106, 0.5994210839271545, -0.039068058133125305, 0.4647086560726166, 0.6500965356826782, -0.046696677803993225, 0.4574548006057739, 0.6929877400398254, -0.05117770656943321]",[]
"[0.5049415230751038, 0.3238361179828644, 3.4692888561949076e-07, 0.5526700019836426, 0.3536543548107147, -0.020199840888381004, 0.5821035504341125, 0.43801045417785645, -0.03050892800092697, 0.5995834469795227, 0.519170880317688, -0.03692181035876274, 0.6212859153747559, 0.5778698921203613, -0.042851660400629044, 0.5508671402931213, 0.4986804723739624, -0.03312426805496216, 0.5592435598373413, 0.5962812304496765, -0.048428211361169815, 0.563252329826355, 0.6601576805114746, -0.0570082925260067, 0.5665806531906128, 0.7111743092536926, -0.06239911541342735, 0.5223158597946167, 0.5097484588623047, -0.029907094314694405, 0.5262464880943298, 0.601632833480835, -0.04309465363621712, 0.529643177986145, 0.6608307957649231, -0.04867740347981453, 0.5316330194473267, 0.7096174359321594, -0.052671030163764954, 0.49595677852630615, 0.5061604976654053, -0.02795334719121456, 0.494819700717926, 0.5874491930007935, -0.04223216325044632, 0.4955425262451172, 0.6345465183258057, -0.044643621891736984, 0.49447280168533325, 0.6717301607131958, -0.044974494725465775, 0.47268158197402954, 0.49430355429649353, -0.02715877816081047, 0.46919989585876465, 0.5766623020172119, -0.04027402028441429, 0.4646154046058655, 0.6294633746147156, -0.04301341250538826, 0.459381103515625, 0.6723215579986572, -0.04355849698185921]",[]
"[0.5179792046546936, 0.33382606506347656, 3.244566642024438e-07, 0.569900631904602, 0.36494433879852295, -0.015019535087049007, 0.5974528789520264, 0.45002150535583496, -0.021690484136343002, 0.6142231225967407, 0.5296900868415833, -0.024965116754174232, 0.6364453434944153, 0.585748016834259, -0.02802860736846924, 0.5613494515419006, 0.5371168255805969, -0.01839265413582325, 0.5710059404373169, 0.6272341012954712, -0.02289838157594204, 0.5778160095214844, 0.6823777556419373, -0.02537407912313938, 0.5831586718559265, 0.7249504327774048, -0.027005260810256004, 0.5301188230514526, 0.551993191242218, -0.014182424172759056, 0.5331981778144836, 0.6503735184669495, -0.016053754836320877, 0.5338466763496399, 0.7112385034561157, -0.016507770866155624, 0.533564567565918, 0.7585634589195251, -0.017117192968726158, 0.5019443035125732, 0.5464819073677063, -0.01082667987793684, 0.4991607666015625, 0.6375892162322998, -0.015922678634524345, 0.493817001581192, 0.7024728655815125, -0.018226610496640205, 0.4886857867240906, 0.7514016628265381, -0.019652193412184715, 0.4791797697544098, 0.5314716100692749, -0.007984603755176067, 0.47544342279434204, 0.6115415096282959, -0.014517196454107761, 0.4700494706630707, 0.6629045605659485, -0.015167410485446453, 0.4647378921508789, 0.7051728963851929, -0.014775724150240421]",[]
"[0.5171660780906677, 0.3090784549713135, 3.5573347645367903e-07, 0.5678148865699768, 0.34934794902801514, -0.010892858728766441, 0.5938371419906616, 0.4360150396823883, -0.020151812583208084, 0.6107923984527588, 0.5163103938102722, -0.025776633992791176, 0.6319738030433655, 0.5760236382484436, -0.03220801427960396, 0.5589478611946106, 0.4988344609737396, -0.042642150074243546, 0.568303644657135, 0.6104233264923096, -0.05706073343753815, 0.5772529244422913, 0.675517737865448, -0.06146455556154251, 0.5837138295173645, 0.7252212762832642, -0.06399839371442795, 0.5274747014045715, 0.5046332478523254, -0.04387493059039116, 0.5267009139060974, 0.630731999874115, -0.05915888398885727, 0.5262030959129333, 0.7101707458496094, -0.06550514698028564, 0.5241135954856873, 0.768646240234375, -0.06994293630123138, 0.4991411566734314, 0.4874914288520813, -0.04340042546391487, 0.4907571077346802, 0.5966218709945679, -0.06094682961702347, 0.4803770184516907, 0.6709734201431274, -0.0689053013920784, 0.4707745313644409, 0.7271654605865479, -0.07339195907115936, 0.47868290543556213, 0.45685073733329773, -0.0415816605091095, 0.47728854417800903, 0.5215967297554016, -0.05809589847922325, 0.4757401943206787, 0.5587221384048462, -0.06277362257242203, 0.4747917056083679, 0.5871917009353638, -0.06513963639736176]",[]
"[0.5112906098365784, 0.29743653535842896, 3.5788454511020973e-07, 0.5647607445716858, 0.34196263551712036, -0.014376064762473106, 0.5933690071105957, 0.42689236998558044, -0.0270033311098814, 0.6115130186080933, 0.508752703666687, -0.03496784716844559, 0.6315849423408508, 0.5742313861846924, -0.042945921421051025, 0.5583864450454712, 0.49448421597480774, -0.04839179664850235, 0.5669949054718018, 0.6079766154289246, -0.06437774747610092, 0.5751196146011353, 0.6729103326797485, -0.07072034478187561, 0.5806442499160767, 0.7255602478981018, -0.07396017760038376, 0.5257020592689514, 0.4993089735507965, -0.04625239223241806, 0.5259177088737488, 0.6266113519668579, -0.06123468279838562, 0.5253828167915344, 0.7049179077148438, -0.06612677127122879, 0.5226544737815857, 0.7618550062179565, -0.06945082545280457, 0.49716007709503174, 0.48341473937034607, -0.04231362044811249, 0.4925745725631714, 0.5961732864379883, -0.056438833475112915, 0.48478230834007263, 0.672410249710083, -0.06059963256120682, 0.476613849401474, 0.7263580560684204, -0.0625346228480339, 0.47640323638916016, 0.4573515057563782, -0.03764762729406357, 0.4792662560939789, 0.5329068303108215, -0.04807042330503464, 0.4844326972961426, 0.5723659992218018, -0.04852961376309395, 0.48987340927124023, 0.5994224548339844, -0.04813355207443237]",[]
"[0.509110689163208, 0.30930107831954956, 3.622136546255206e-07, 0.5625104308128357, 0.3474350571632385, -0.015067310072481632, 0.5932507514953613, 0.4342150390148163, -0.028526591137051582, 0.6113649010658264, 0.5230330228805542, -0.036520183086395264, 0.6355577111244202, 0.5852343440055847, -0.044900842010974884, 0.5639334917068481, 0.482351690530777, -0.05646665021777153, 0.5722465515136719, 0.597783625125885, -0.07150755822658539, 0.5795465707778931, 0.6628217697143555, -0.07596483081579208, 0.5852600336074829, 0.7157889008522034, -0.07766087353229523, 0.5286998748779297, 0.4940139949321747, -0.05339395999908447, 0.5334120988845825, 0.6215158700942993, -0.06861584633588791, 0.5359499454498291, 0.6964749097824097, -0.0722932368516922, 0.5361164212226868, 0.7495568990707397, -0.07485964894294739, 0.49681100249290466, 0.4894876182079315, -0.047636449337005615, 0.4918842315673828, 0.6029167175292969, -0.06230314448475838, 0.4867393970489502, 0.6742662787437439, -0.06469117850065231, 0.4805782437324524, 0.7221370935440063, -0.06491151452064514, 0.4724266529083252, 0.4791310131549835, -0.04095318540930748, 0.4738069474697113, 0.5781012773513794, -0.05080399662256241, 0.4716586470603943, 0.6381992101669312, -0.050198376178741455, 0.4687601923942566, 0.6848686933517456, -0.048996951431035995]",[]
"[0.5053579211235046, 0.3494418263435364, 3.276248037309415e-07, 0.5555632710456848, 0.3766506314277649, -0.015686839818954468, 0.5874407291412354, 0.45766621828079224, -0.023859936743974686, 0.6081216335296631, 0.533311665058136, -0.02820635959506035, 0.6324772238731384, 0.5847433805465698, -0.032757800072431564, 0.5575629472732544, 0.5414714217185974, -0.02672157622873783, 0.5667961239814758, 0.6292239427566528, -0.03637763112783432, 0.571975827217102, 0.6847711205482483, -0.04234324023127556, 0.5756311416625977, 0.7297090888023376, -0.04579172655940056, 0.527894139289856, 0.5563047528266907, -0.02331126481294632, 0.5304240584373474, 0.6530101895332336, -0.029547447338700294, 0.5304998755455017, 0.7143014669418335, -0.03177967667579651, 0.5291405916213989, 0.7628768086433411, -0.03352392464876175, 0.5003151297569275, 0.5504633188247681, -0.02038535475730896, 0.49482089281082153, 0.6410876512527466, -0.029270419850945473, 0.4883582592010498, 0.7044054269790649, -0.03164433315396309, 0.4817124605178833, 0.7531933784484863, -0.03260776773095131, 0.47673824429512024, 0.5329528450965881, -0.017821401357650757, 0.47384732961654663, 0.6162691116333008, -0.026537874713540077, 0.4686349034309387, 0.6684786677360535, -0.02677612379193306, 0.4629896879196167, 0.7113035917282104, -0.025892488658428192]",[]
"[0.497151255607605, 0.34218478202819824, 1.461312422179617e-07, 0.5442468523979187, 0.36580121517181396, -0.011627869680523872, 0.5755615234375, 0.4300183057785034, -0.020034220069646835, 0.6000866889953613, 0.48544642329216003, -0.025893287733197212, 0.6223341226577759, 0.5306265950202942, -0.03137456625699997, 0.5576735138893127, 0.5204957723617554, -0.021419702097773552, 0.5804386138916016, 0.587246835231781, -0.03202946111559868, 0.59645015001297, 0.6214951276779175, -0.03894508257508278, 0.6086853742599487, 0.6504004597663879, -0.04377066716551781, 0.5259139537811279, 0.5385265350341797, -0.021432312205433846, 0.5352097749710083, 0.6328739523887634, -0.030783601105213165, 0.5402119159698486, 0.6860488653182983, -0.03730468079447746, 0.5441924333572388, 0.7283283472061157, -0.04202459380030632, 0.4963078796863556, 0.531638503074646, -0.021696103736758232, 0.48889532685279846, 0.6213562488555908, -0.03539884462952614, 0.48054927587509155, 0.6758222579956055, -0.042979899793863297, 0.4740273952484131, 0.7150698900222778, -0.04677702486515045, 0.4711223840713501, 0.5084575414657593, -0.02129843272268772, 0.46753180027008057, 0.5719383358955383, -0.03292090818285942, 0.4702177345752716, 0.5933482050895691, -0.03459746763110161, 0.4734310805797577, 0.6068570017814636, -0.034420229494571686]",[]
"[0.49397462606430054, 0.36175626516342163, 1.0367977409941886e-07, 0.5438287854194641, 0.3827163875102997, -0.012353392317891121, 0.57768714427948, 0.4505133032798767, -0.020438669249415398, 0.6016442179679871, 0.5170395970344543, -0.02633770741522312, 0.6218618154525757, 0.5647924542427063, -0.03201019763946533, 0.554297924041748, 0.536331057548523, -0.01922224834561348, 0.5819799304008484, 0.6037976741790771, -0.0323701836168766, 0.6012081503868103, 0.6390075087547302, -0.04172025993466377, 0.6141272187232971, 0.6657856702804565, -0.047453656792640686, 0.5260393619537354, 0.5560142993927002, -0.02029283531010151, 0.540187656879425, 0.6457718014717102, -0.02993548847734928, 0.5488688945770264, 0.6977049112319946, -0.03535725921392441, 0.5539439916610718, 0.7386754155158997, -0.039063889533281326, 0.49756160378456116, 0.5563828945159912, -0.022601887583732605, 0.5012447237968445, 0.652938723564148, -0.035123858600854874, 0.5019669532775879, 0.7130070328712463, -0.04035606235265732, 0.5006511807441711, 0.7638453245162964, -0.042870521545410156, 0.4711361825466156, 0.5418207049369812, -0.02515534870326519, 0.46895450353622437, 0.622549295425415, -0.0366431325674057, 0.46299225091934204, 0.6723608374595642, -0.03877769410610199, 0.45610520243644714, 0.716156005859375, -0.03881172463297844]",[]
"[0.49270763993263245, 0.37244486808776855, 1.6089458654278133e-07, 0.5433833599090576, 0.39410772919654846, -0.015414084307849407, 0.5767627954483032, 0.46461862325668335, -0.023892642930150032, 0.5988364815711975, 0.5342953205108643, -0.029209120199084282, 0.6223317384719849, 0.5779386162757874, -0.03400407359004021, 0.5479755401611328, 0.5509721040725708, -0.024749327450990677, 0.5776184797286987, 0.625116229057312, -0.036745354533195496, 0.5986125469207764, 0.6646728515625, -0.044556889683008194, 0.6141061782836914, 0.6957622766494751, -0.04973633959889412, 0.5208017826080322, 0.5666335225105286, -0.023882053792476654, 0.5379729270935059, 0.659686267375946, -0.035031676292419434, 0.5482689738273621, 0.7187641859054565, -0.04176916927099228, 0.5546993613243103, 0.7638344168663025, -0.046320702880620956, 0.49450647830963135, 0.5643476247787476, -0.023901307955384254, 0.5039860606193542, 0.6555105447769165, -0.03666822612285614, 0.5067213773727417, 0.7149645090103149, -0.04323491081595421, 0.5067719221115112, 0.7622597217559814, -0.04659755527973175, 0.4701760411262512, 0.551635205745697, -0.024486348032951355, 0.4687644839286804, 0.6281867027282715, -0.036010876297950745, 0.46477392315864563, 0.6760007739067078, -0.03982090950012207, 0.45982953906059265, 0.7169461846351624, -0.041163552552461624]",[]
"[0.49111244082450867, 0.39043956995010376, 1.75386134060318e-07, 0.5401982069015503, 0.41426247358322144, -0.014895813539624214, 0.5721294283866882, 0.4798298478126526, -0.024450460448861122, 0.5967368483543396, 0.5466616749763489, -0.03164688125252724, 0.6246886849403381, 0.5840159058570862, -0.03881899267435074, 0.5499168038368225, 0.571824312210083, -0.020950937643647194, 0.5802489519119263, 0.6448484659194946, -0.0328960195183754, 0.5991719365119934, 0.6832399368286133, -0.0414925292134285, 0.6140081882476807, 0.7162008285522461, -0.04742484167218208, 0.5224810242652893, 0.5872056484222412, -0.021252557635307312, 0.5383287668228149, 0.683307409286499, -0.0309841800481081, 0.5489692091941833, 0.743087887763977, -0.03859685733914375, 0.5560904741287231, 0.7903502583503723, -0.04432017728686333, 0.4966711699962616, 0.5813433527946472, -0.02266836352646351, 0.5025887489318848, 0.6716037392616272, -0.03447221964597702, 0.5052160024642944, 0.7268638610839844, -0.041839003562927246, 0.5063680410385132, 0.7736114859580994, -0.0464215986430645, 0.47293901443481445, 0.5633618831634521, -0.0247596874833107, 0.47104611992836, 0.6364696025848389, -0.03581436723470688, 0.46683111786842346, 0.6818104982376099, -0.039959292858839035, 0.46167874336242676, 0.7242407202720642, -0.042008671909570694]",[]
"[0.49759888648986816, 0.39133065938949585, 1.8084381281369133e-07, 0.5464251041412354, 0.4137886166572571, -0.014206497929990292, 0.5773047804832458, 0.48095089197158813, -0.02319599874317646, 0.6012468934059143, 0.5488669872283936, -0.029596667736768723, 0.629235029220581, 0.5843212604522705, -0.035962074995040894, 0.5537423491477966, 0.5718907713890076, -0.022184381261467934, 0.5828995704650879, 0.6473713517189026, -0.03500615060329437, 0.6016243696212769, 0.6868523955345154, -0.04382886365056038, 0.6162201166152954, 0.7201429009437561, -0.04944703355431557, 0.5256245136260986, 0.5866491794586182, -0.022396652027964592, 0.5400030016899109, 0.6852583885192871, -0.03286417946219444, 0.5504314303398132, 0.7468178272247314, -0.04002729803323746, 0.5575475096702576, 0.7949743270874023, -0.045017991214990616, 0.49945172667503357, 0.5810113549232483, -0.023546215146780014, 0.5034722685813904, 0.6712592840194702, -0.03559483215212822, 0.5056369304656982, 0.7293679118156433, -0.0423286110162735, 0.5061804056167603, 0.7784647941589355, -0.046040672808885574, 0.47596314549446106, 0.5630577802658081, -0.02525324746966362, 0.4729333817958832, 0.6370315551757812, -0.0357201024889946, 0.4687846601009369, 0.6831036806106567, -0.03885788097977638, 0.46448642015457153, 0.726352334022522, -0.03997056558728218]",[]
"[0.5014384984970093, 0.3778761029243469, 1.5301152700430976e-07, 0.5516164302825928, 0.39922159910202026, -0.014696383848786354, 0.5830121636390686, 0.4682058095932007, -0.02381519414484501, 0.6048329472541809, 0.540480375289917, -0.030558282509446144, 0.6312903165817261, 0.5837786793708801, -0.03710828721523285, 0.5567272305488586, 0.5581430792808533, -0.02258937433362007, 0.5858534574508667, 0.6347925662994385, -0.03584662079811096, 0.6056378483772278, 0.677642822265625, -0.04481009766459465, 0.6212573051452637, 0.7124688029289246, -0.05071486532688141, 0.5281693339347839, 0.5749646425247192, -0.023387202993035316, 0.5443929433822632, 0.6689063310623169, -0.03491005301475525, 0.5541626811027527, 0.7273731231689453, -0.042437780648469925, 0.5606234073638916, 0.7738306522369385, -0.0477139987051487, 0.5011841654777527, 0.5720114707946777, -0.025245772674679756, 0.5089969635009766, 0.6656813025474548, -0.03880441188812256, 0.511572539806366, 0.724867582321167, -0.04515867680311203, 0.5123904943466187, 0.7737765908241272, -0.04840498045086861, 0.47685280442237854, 0.5573537945747375, -0.0276667270809412, 0.475043386220932, 0.636527955532074, -0.03909743204712868, 0.47168952226638794, 0.6864948272705078, -0.0421944260597229, 0.4676485061645508, 0.7310463190078735, -0.0431843064725399]",[]
"[0.5003098845481873, 0.36396127939224243, 1.4192816877311998e-07, 0.5487050414085388, 0.38538050651550293, -0.011589958332479, 0.5821503400802612, 0.45254456996917725, -0.018749438226222992, 0.6081717014312744, 0.5205157995223999, -0.023854805156588554, 0.6295527219772339, 0.5687031745910645, -0.02860536240041256, 0.5621818900108337, 0.5372549295425415, -0.018285484984517097, 0.5905372500419617, 0.613365888595581, -0.029445912688970566, 0.610763430595398, 0.6536025404930115, -0.03659052401781082, 0.6256762742996216, 0.6836734414100647, -0.040908146649599075, 0.5350469350814819, 0.5577923059463501, -0.019205905497074127, 0.5487685799598694, 0.6551435589790344, -0.028888950124382973, 0.5567505359649658, 0.7133525609970093, -0.03439825400710106, 0.5616964101791382, 0.7560657262802124, -0.037807635962963104, 0.5082973837852478, 0.5602195262908936, -0.02113455906510353, 0.5137012004852295, 0.662489652633667, -0.03338015824556351, 0.5153359770774841, 0.7245597839355469, -0.03933463618159294, 0.5155922770500183, 0.7734082937240601, -0.04193662106990814, 0.48372775316238403, 0.5504505038261414, -0.02319336123764515, 0.479606956243515, 0.6357550621032715, -0.03399764746427536, 0.4731353521347046, 0.6870435476303101, -0.03697049245238304, 0.46655407547950745, 0.7291309833526611, -0.037501849234104156]",[]
"[0.5174261331558228, 0.3455445170402527, 3.922407074696821e-07, 0.5644496083259583, 0.38681983947753906, -0.011378055438399315, 0.5939760208129883, 0.47280076146125793, -0.020537888631224632, 0.613625705242157, 0.5468497276306152, -0.026875492185354233, 0.6388496160507202, 0.5896036028862, -0.03380518779158592, 0.5634156465530396, 0.5224288702011108, -0.03484959527850151, 0.5688183307647705, 0.6238048672676086, -0.04989311099052429, 0.5711324214935303, 0.6888648271560669, -0.05741482973098755, 0.5742064118385315, 0.7415452003479004, -0.061798714101314545, 0.5321292281150818, 0.5191212296485901, -0.03591855242848396, 0.525467574596405, 0.625626802444458, -0.0481443777680397, 0.5216915607452393, 0.6938340663909912, -0.052109792828559875, 0.5189149379730225, 0.7465171217918396, -0.05481501668691635, 0.503711462020874, 0.5008679032325745, -0.036319319158792496, 0.4961995482444763, 0.5903568267822266, -0.048342786729335785, 0.4959152340888977, 0.6401292085647583, -0.047932952642440796, 0.4952297508716583, 0.6774069666862488, -0.046124085783958435, 0.47853899002075195, 0.4779679775238037, -0.036687079817056656, 0.47908326983451843, 0.5566132068634033, -0.04568445682525635, 0.4833199977874756, 0.5977065563201904, -0.04296618700027466, 0.48734554648399353, 0.6283637881278992, -0.03956465795636177]",[]
"[0.5225119590759277, 0.3363356590270996, 3.135365318485128e-07, 0.5755460858345032, 0.37130579352378845, -0.014892073348164558, 0.6045477390289307, 0.4638369381427765, -0.02182609587907791, 0.6232447624206543, 0.545539915561676, -0.025640740990638733, 0.6484948396682739, 0.5944730043411255, -0.029380755499005318, 0.5684211850166321, 0.5375008583068848, -0.022681377828121185, 0.578328549861908, 0.6364789605140686, -0.03238599747419357, 0.5844809412956238, 0.6958259344100952, -0.03813886642456055, 0.5884456634521484, 0.7445834875106812, -0.041633907705545425, 0.5372846722602844, 0.548839807510376, -0.02095254696905613, 0.5398158431053162, 0.65641188621521, -0.029170813038945198, 0.5391023755073547, 0.7271986603736877, -0.03364325314760208, 0.535844624042511, 0.7812425494194031, -0.03684995323419571, 0.5107203722000122, 0.541691243648529, -0.02000710740685463, 0.5089372396469116, 0.6414884328842163, -0.029987558722496033, 0.5036277770996094, 0.708495020866394, -0.03417577967047691, 0.4971522092819214, 0.7595770955085754, -0.036148134618997574, 0.4895639419555664, 0.5267453789710999, -0.01960662193596363, 0.48695340752601624, 0.6163603067398071, -0.028391500934958458, 0.4825598895549774, 0.6737369894981384, -0.02985023707151413, 0.47757643461227417, 0.7217227220535278, -0.030128469690680504]",[]
"[0.5240310430526733, 0.3258051574230194, 4.260411685663712e-07, 0.5736788511276245, 0.3552428185939789, -0.023399895057082176, 0.600957989692688, 0.44054463505744934, -0.03744440898299217, 0.6225001215934753, 0.5228047370910645, -0.04568011686205864, 0.6493409276008606, 0.579561710357666, -0.0546310618519783, 0.5656713247299194, 0.5092288851737976, -0.048794373869895935, 0.5793144106864929, 0.6219384670257568, -0.06404378265142441, 0.5880658626556396, 0.6911377906799316, -0.07093054056167603, 0.5942036509513855, 0.743956446647644, -0.07410047203302383, 0.5348930954933167, 0.5211012363433838, -0.042091283947229385, 0.5408726930618286, 0.6468287706375122, -0.05466035008430481, 0.5445212721824646, 0.7264567017555237, -0.05802736058831215, 0.545989990234375, 0.786902904510498, -0.06016004458069801, 0.5092867016792297, 0.516848623752594, -0.03523345664143562, 0.512708306312561, 0.6363873481750488, -0.04822429642081261, 0.5138633847236633, 0.7170090675354004, -0.05221045762300491, 0.5122811794281006, 0.7767601013183594, -0.05390001833438873, 0.4909927546977997, 0.5046241879463196, -0.02879127860069275, 0.48948144912719727, 0.6011043190956116, -0.03982535004615784, 0.4863623380661011, 0.6655221581459045, -0.04195225611329079, 0.48244160413742065, 0.7168020606040955, -0.042535535991191864]",[]
"[0.524285078048706, 0.3273572027683258, 3.3825008927124145e-07, 0.5725851058959961, 0.36245352029800415, -0.012377187609672546, 0.6006319522857666, 0.4484548568725586, -0.022068696096539497, 0.6233141422271729, 0.5261808037757874, -0.028912337496876717, 0.6486371755599976, 0.5772244930267334, -0.036576297134160995, 0.5679064989089966, 0.5173399448394775, -0.03225131332874298, 0.5773959755897522, 0.6218705773353577, -0.04522997885942459, 0.5845983028411865, 0.6859478950500488, -0.05168819800019264, 0.5897589325904846, 0.7344263195991516, -0.05516946688294411, 0.5403455495834351, 0.5265233516693115, -0.03203394263982773, 0.5445783734321594, 0.6402891278266907, -0.041225023567676544, 0.5481829047203064, 0.7112119197845459, -0.04303571581840515, 0.5499893426895142, 0.7639021873474121, -0.04459778219461441, 0.5157438516616821, 0.520348310470581, -0.03193042054772377, 0.5187097191810608, 0.6315699219703674, -0.04243582859635353, 0.5188353061676025, 0.7045272588729858, -0.04465449973940849, 0.5164441466331482, 0.7582342624664307, -0.04576895758509636, 0.49557891488075256, 0.5054352879524231, -0.03193283453583717, 0.4912225902080536, 0.5980032086372375, -0.04204164445400238, 0.4854277968406677, 0.6589086055755615, -0.04377572610974312, 0.47913047671318054, 0.7063761949539185, -0.04427015408873558]",[]
"[0.5244836211204529, 0.33521151542663574, 3.6161378602628247e-07, 0.5748157501220703, 0.369548499584198, -0.014084260910749435, 0.6036583781242371, 0.451914519071579, -0.023353423923254013, 0.6249136924743652, 0.5289515256881714, -0.029102684929966927, 0.6504354476928711, 0.574625551700592, -0.035651128739118576, 0.5674391388893127, 0.521000325679779, -0.032448191195726395, 0.5793480277061462, 0.6268027424812317, -0.04336809366941452, 0.5855956673622131, 0.6885230541229248, -0.0485646016895771, 0.5901129841804504, 0.7355149984359741, -0.051125556230545044, 0.5363191366195679, 0.5332120656967163, -0.030192140489816666, 0.5405614972114563, 0.650443971157074, -0.0377589575946331, 0.5417025685310364, 0.7206119298934937, -0.04019330069422722, 0.5406655669212341, 0.771762490272522, -0.0420755110681057, 0.5108495950698853, 0.5279902815818787, -0.02767879143357277, 0.515392005443573, 0.638625979423523, -0.036616843193769455, 0.5153236389160156, 0.7096163034439087, -0.039751626551151276, 0.5125525593757629, 0.7624922394752502, -0.041524000465869904, 0.49124112725257874, 0.5149905681610107, -0.02518676407635212, 0.49029219150543213, 0.6055611968040466, -0.03389475494623184, 0.485967755317688, 0.662144124507904, -0.03512076288461685, 0.4810958802700043, 0.7078827619552612, -0.03516927361488342]",[]
"[0.51694256067276, 0.3443644642829895, 2.903961728861759e-07, 0.5641142129898071, 0.3762776851654053, -0.015768328681588173, 0.5932636857032776, 0.46039050817489624, -0.023140735924243927, 0.614557147026062, 0.5333079695701599, -0.027590161189436913, 0.6412362456321716, 0.5792912244796753, -0.03167035058140755, 0.5666459202766418, 0.5461334586143494, -0.017386456951498985, 0.5726587772369385, 0.629375159740448, -0.02692323923110962, 0.5775454044342041, 0.6820901036262512, -0.03350828215479851, 0.5814916491508484, 0.7251231670379639, -0.03804697468876839, 0.5362489223480225, 0.5561324954032898, -0.015103878453373909, 0.534369707107544, 0.6500614881515503, -0.0221369881182909, 0.5323358774185181, 0.7092531323432922, -0.02721557207405567, 0.5303464531898499, 0.7570143938064575, -0.030850045382976532, 0.5088432431221008, 0.5406972765922546, -0.014038792811334133, 0.502178430557251, 0.6188230514526367, -0.025334062054753304, 0.4930318593978882, 0.6661131978034973, -0.029528208076953888, 0.4853520691394806, 0.7024706602096558, -0.03099786303937435, 0.4863452911376953, 0.5126762986183167, -0.01338733546435833, 0.4904269576072693, 0.5719627141952515, -0.023653265088796616, 0.4947880208492279, 0.5959284901618958, -0.0238998681306839, 0.498788982629776, 0.6144821047782898, -0.02279345877468586]",[]
"[0.5055914521217346, 0.33910512924194336, 1.428931852842652e-07, 0.5518814325332642, 0.35889023542404175, -0.011336936615407467, 0.5826475024223328, 0.42877864837646484, -0.01743781752884388, 0.6072245240211487, 0.48963919281959534, -0.020987091585993767, 0.6275988817214966, 0.5352592468261719, -0.024109112098813057, 0.558480978012085, 0.5186080932617188, -0.015867110341787338, 0.5704101920127869, 0.603579580783844, -0.023417990654706955, 0.5793339014053345, 0.653623104095459, -0.028775658458471298, 0.5864613652229309, 0.6923031806945801, -0.03257501497864723, 0.5314540266990662, 0.5334455966949463, -0.013980614021420479, 0.5381157398223877, 0.6232558488845825, -0.018302535638213158, 0.5443367958068848, 0.6723864078521729, -0.02104869671165943, 0.5489710569381714, 0.7082481384277344, -0.023174364119768143, 0.5052708983421326, 0.5286403298377991, -0.01277614664286375, 0.5059428215026855, 0.6190892457962036, -0.019291238859295845, 0.5065643191337585, 0.6764109134674072, -0.022581864148378372, 0.5053807497024536, 0.7204822301864624, -0.024714328348636627, 0.4831903576850891, 0.5095638036727905, -0.011697502806782722, 0.4842185378074646, 0.5729251503944397, -0.018112700432538986, 0.4865196943283081, 0.6051696538925171, -0.018249625340104103, 0.4875337481498718, 0.628888726234436, -0.017420541495084763]",[]
"[0.4945943355560303, 0.3556860089302063, 1.0830930108340908e-07, 0.5470936894416809, 0.3711961507797241, -0.016872817650437355, 0.5811107158660889, 0.4396898150444031, -0.025724800303578377, 0.6034287810325623, 0.5073528289794922, -0.031833551824092865, 0.6276307106018066, 0.5491732954978943, -0.037480950355529785, 0.5563888549804688, 0.532014787197113, -0.018874363973736763, 0.584415078163147, 0.5992036461830139, -0.03211434930562973, 0.6036293506622314, 0.632864236831665, -0.042213212698698044, 0.6171724200248718, 0.6564832329750061, -0.04850779473781586, 0.5283211469650269, 0.5521433353424072, -0.01785108633339405, 0.5420680642127991, 0.6392650008201599, -0.026793304830789566, 0.5514863729476929, 0.691020667552948, -0.03357253596186638, 0.5572425127029419, 0.7312101125717163, -0.03876093029975891, 0.5017207860946655, 0.551626980304718, -0.01882082410156727, 0.5075343251228333, 0.6398242115974426, -0.03083130344748497, 0.509337842464447, 0.6926804780960083, -0.03745712339878082, 0.5088183283805847, 0.7374032735824585, -0.04138776659965515, 0.47738519310951233, 0.5370509028434753, -0.020695464685559273, 0.47431397438049316, 0.6093230247497559, -0.03202344849705696, 0.4693424701690674, 0.653636634349823, -0.035868771374225616, 0.4637813866138458, 0.6938645839691162, -0.037595007568597794]",[]
"[0.492509126663208, 0.3855598568916321, 1.6993257645481208e-07, 0.538713812828064, 0.4076492488384247, -0.017109137028455734, 0.5714694261550903, 0.46949392557144165, -0.02741357497870922, 0.5969263315200806, 0.525287389755249, -0.03530299663543701, 0.621572732925415, 0.5557646751403809, -0.04311063513159752, 0.551069974899292, 0.5604895949363708, -0.021735796704888344, 0.5745657086372375, 0.6273856163024902, -0.03636632487177849, 0.5900900959968567, 0.6653290390968323, -0.04738977923989296, 0.6028797626495361, 0.6966966986656189, -0.05489569157361984, 0.5248492956161499, 0.5735207796096802, -0.02217879705131054, 0.5397152304649353, 0.6601112484931946, -0.03403475135564804, 0.5494943857192993, 0.7151127457618713, -0.042446717619895935, 0.5568035244941711, 0.7585760354995728, -0.04822678491473198, 0.49848073720932007, 0.5671777129173279, -0.02434646524488926, 0.5045604705810547, 0.6480691432952881, -0.037752337753772736, 0.5061010718345642, 0.697700023651123, -0.04423506557941437, 0.5070263743400574, 0.7400790452957153, -0.04766647517681122, 0.47362083196640015, 0.5483155846595764, -0.02761012315750122, 0.473650187253952, 0.6126492619514465, -0.03981148451566696, 0.471426784992218, 0.6528328061103821, -0.04322315752506256, 0.4688310921192169, 0.6905680894851685, -0.04436250030994415]",[]
"[0.5003703832626343, 0.39669108390808105, 2.651505326412007e-07, 0.5485344529151917, 0.41888779401779175, -0.016423296183347702, 0.577774167060852, 0.48030126094818115, -0.027089949697256088, 0.5988853573799133, 0.5373592972755432, -0.034721605479717255, 0.618858814239502, 0.5745375156402588, -0.0421750433743, 0.54847651720047, 0.5706326961517334, -0.02611830085515976, 0.5750697255134583, 0.643615186214447, -0.03889519348740578, 0.5949026346206665, 0.6819022297859192, -0.04683178663253784, 0.6118996739387512, 0.7090591192245483, -0.05196608603000641, 0.5211917161941528, 0.5829253792762756, -0.025440240278840065, 0.5367343425750732, 0.6783933639526367, -0.037859637290239334, 0.5486871004104614, 0.7389050722122192, -0.0456368550658226, 0.5587658286094666, 0.7853865027427673, -0.050255004316568375, 0.49522173404693604, 0.5742607712745667, -0.025525256991386414, 0.5030776262283325, 0.6569566130638123, -0.03895198181271553, 0.5076113939285278, 0.7041245102882385, -0.045285969972610474, 0.5116653442382812, 0.7427343130111694, -0.04790413752198219, 0.4708142876625061, 0.5528895258903503, -0.026145929470658302, 0.47090989351272583, 0.617646336555481, -0.03712313994765282, 0.470636248588562, 0.6544870138168335, -0.039431702345609665, 0.47095805406570435, 0.6871655583381653, -0.03943614661693573]",[]
"[0.4995265603065491, 0.40362751483917236, 3.104864276792796e-07, 0.5504499673843384, 0.4197351038455963, -0.022424748167395592, 0.5820667147636414, 0.4803614020347595, -0.0344802588224411, 0.6028791666030884, 0.5415589809417725, -0.04244392737746239, 0.6234152913093567, 0.5831653475761414, -0.05000210553407669, 0.5511455535888672, 0.5808417201042175, -0.026133224368095398, 0.5792698860168457, 0.6554087400436401, -0.03773033618927002, 0.5998489260673523, 0.6936992406845093, -0.045426879078149796, 0.6172106266021729, 0.719778835773468, -0.050454068928956985, 0.5226079225540161, 0.5922722220420837, -0.02294781245291233, 0.5387741327285767, 0.6891670823097229, -0.032536815851926804, 0.5508257746696472, 0.7505885362625122, -0.04018782079219818, 0.5607032179832458, 0.7973110675811768, -0.04531247168779373, 0.4971396327018738, 0.5802635550498962, -0.021543113514780998, 0.5047091841697693, 0.6639336347579956, -0.034617479890584946, 0.5094200372695923, 0.7099002599716187, -0.04325968772172928, 0.5136293172836304, 0.7487527132034302, -0.047847602516412735, 0.4739176630973816, 0.5559245944023132, -0.02111622877418995, 0.473864883184433, 0.6193326711654663, -0.03368410840630531, 0.4719855487346649, 0.6573998928070068, -0.03843989595770836, 0.470689982175827, 0.6921650171279907, -0.04038861393928528]",[]
"[0.50160813331604, 0.40479201078414917, 2.5471257458775654e-07, 0.5473035573959351, 0.42234304547309875, -0.01954037696123123, 0.5791745185852051, 0.48098593950271606, -0.0317627415060997, 0.602792501449585, 0.5396937131881714, -0.04113786295056343, 0.6258043646812439, 0.5718435645103455, -0.050096508115530014, 0.5554261803627014, 0.573464035987854, -0.024076972156763077, 0.5789214372634888, 0.6433870196342468, -0.03980918601155281, 0.5957187414169312, 0.6817000508308411, -0.051028892397880554, 0.6098153591156006, 0.7084201574325562, -0.057989511638879776, 0.5281522274017334, 0.5900505781173706, -0.02333240397274494, 0.5420724153518677, 0.6833946704864502, -0.03635682165622711, 0.5532737970352173, 0.7453007698059082, -0.04532734677195549, 0.5628662705421448, 0.7926961779594421, -0.05075760930776596, 0.5014085173606873, 0.5850258469581604, -0.024422254413366318, 0.507426381111145, 0.6637174487113953, -0.03876360133290291, 0.5110417604446411, 0.7113490700721741, -0.04549384117126465, 0.5143886804580688, 0.7503162026405334, -0.04814945161342621, 0.4767020642757416, 0.5655005574226379, -0.026612037792801857, 0.4757973551750183, 0.6270480751991272, -0.03812910616397858, 0.4741223156452179, 0.6650397777557373, -0.04050383344292641, 0.47320032119750977, 0.6984251141548157, -0.040425777435302734]",[]
"[0.4964585602283478, 0.3810111880302429, 1.924118606666525e-07, 0.5459733009338379, 0.3972088098526001, -0.018267245963215828, 0.5790612697601318, 0.46330681443214417, -0.02812536433339119, 0.6057583093643188, 0.5282965898513794, -0.034856509417295456, 0.6337683796882629, 0.5643990635871887, -0.04098328948020935, 0.5583643913269043, 0.5603068470954895, -0.02112552337348461, 0.5812037587165833, 0.6357764601707458, -0.033809661865234375, 0.5954352021217346, 0.6788979172706604, -0.04316077381372452, 0.6060243844985962, 0.7136225700378418, -0.04922662302851677, 0.5314210653305054, 0.5765358805656433, -0.018975144252181053, 0.5462560057640076, 0.6710889339447021, -0.02786850742995739, 0.5561039447784424, 0.7308454513549805, -0.03390248492360115, 0.5629112720489502, 0.7760798335075378, -0.03808315470814705, 0.5048623085021973, 0.5725175142288208, -0.018610000610351562, 0.5120511054992676, 0.6587983965873718, -0.028980635106563568, 0.5142759680747986, 0.7110579013824463, -0.034470390528440475, 0.5151671171188354, 0.7526736855506897, -0.03747088462114334, 0.4802503287792206, 0.55501389503479, -0.019448811188340187, 0.4801400899887085, 0.6221582889556885, -0.02932179905474186, 0.4778428077697754, 0.6633393168449402, -0.03253164142370224, 0.4752500057220459, 0.7002416849136353, -0.03361115604639053]",[]
"[0.5008283257484436, 0.35286322236061096, 1.259886204252325e-07, 0.5547876954078674, 0.37042170763015747, -0.015057653188705444, 0.5917677879333496, 0.4388021230697632, -0.023023473098874092, 0.6157698631286621, 0.5106948018074036, -0.027966592460870743, 0.6398131847381592, 0.5586868524551392, -0.03271426633000374, 0.5697760581970215, 0.5212779641151428, -0.022034792229533195, 0.598475456237793, 0.5964776873588562, -0.034413792192935944, 0.6168181896209717, 0.6342905759811401, -0.04291708767414093, 0.6292314529418945, 0.6624462008476257, -0.04821545630693436, 0.5419113636016846, 0.5429899096488953, -0.021012509241700172, 0.5566765069961548, 0.6376811265945435, -0.030912045389413834, 0.5650632381439209, 0.695831298828125, -0.03722893446683884, 0.5697399377822876, 0.7399294376373291, -0.041952330619096756, 0.5151544213294983, 0.5450374484062195, -0.021379083395004272, 0.52146977186203, 0.6416999697685242, -0.034547723829746246, 0.5220730900764465, 0.7036891579627991, -0.042889535427093506, 0.520548403263092, 0.753775954246521, -0.04785073548555374, 0.4905518591403961, 0.5347886085510254, -0.022017311304807663, 0.48687249422073364, 0.6133651733398438, -0.03524267300963402, 0.48171091079711914, 0.6641393303871155, -0.041378963738679886, 0.4762856960296631, 0.7081152200698853, -0.044714078307151794]",[]
"[0.5101309418678284, 0.35101616382598877, 3.5417545518612314e-07, 0.5580889582633972, 0.36590540409088135, -0.012262087315320969, 0.5926113724708557, 0.4358976185321808, -0.020332157611846924, 0.61678147315979, 0.5015760064125061, -0.02578594908118248, 0.6439944505691528, 0.5425003170967102, -0.03113670088350773, 0.5703046321868896, 0.5242834687232971, -0.024310613051056862, 0.5778810381889343, 0.6219350099563599, -0.034648116677999496, 0.5829106569290161, 0.682202935218811, -0.03966546431183815, 0.5876834392547607, 0.7307549118995667, -0.04311579838395119, 0.540216863155365, 0.5377082824707031, -0.025345155969262123, 0.5377680659294128, 0.6415371894836426, -0.03659884259104729, 0.534848690032959, 0.7099776268005371, -0.04423932731151581, 0.531403660774231, 0.7641841173171997, -0.04947412759065628, 0.5127968788146973, 0.5271583795547485, -0.026251785457134247, 0.5043936371803284, 0.6148586273193359, -0.041352514177560806, 0.49122610688209534, 0.6664791703224182, -0.04898883402347565, 0.4796011447906494, 0.7042449712753296, -0.05230658873915672, 0.48986008763313293, 0.5060667991638184, -0.026682112365961075, 0.49227678775787354, 0.5765729546546936, -0.039694927632808685, 0.49529585242271423, 0.6110999584197998, -0.0426136739552021, 0.49779924750328064, 0.6362329125404358, -0.04315868765115738]",[]
"[0.5209916830062866, 0.3497285544872284, 3.4629312040124205e-07, 0.5745656490325928, 0.37977978587150574, -0.019481465220451355, 0.6066853404045105, 0.4602043032646179, -0.028016891330480576, 0.6288682818412781, 0.5376591682434082, -0.030336234718561172, 0.656369686126709, 0.5856022238731384, -0.031231606379151344, 0.5723216533660889, 0.5538485646247864, -0.03281344100832939, 0.5823360681533813, 0.646413266658783, -0.03863510861992836, 0.588427722454071, 0.6998567581176758, -0.04070847108960152, 0.5920930504798889, 0.745273768901825, -0.042304132133722305, 0.5385842323303223, 0.5675714015960693, -0.023182636126875877, 0.5413631200790405, 0.6690595149993896, -0.03029846027493477, 0.5407552719116211, 0.7308441996574402, -0.034090306609869, 0.537609875202179, 0.7769882678985596, -0.03674529120326042, 0.5099751949310303, 0.5549734830856323, -0.012694536708295345, 0.5092315673828125, 0.6302088499069214, -0.02139381319284439, 0.5027855634689331, 0.6761853694915771, -0.024897046387195587, 0.4941021203994751, 0.7057409882545471, -0.02595486119389534, 0.4903266429901123, 0.5323395133018494, -0.0021902539301663637, 0.5027451515197754, 0.5830625295639038, -0.010436471551656723, 0.5091841220855713, 0.5994994044303894, -0.011255282908678055, 0.5128941535949707, 0.6115291118621826, -0.010527723468840122]",[]
"[0.5260144472122192, 0.33486485481262207, 4.347486424194358e-07, 0.5757925510406494, 0.36435970664024353, -0.018742233514785767, 0.6027211546897888, 0.4457510709762573, -0.03079226054251194, 0.6224720478057861, 0.5264283418655396, -0.037635743618011475, 0.649811863899231, 0.5817542672157288, -0.04367091879248619, 0.5703127980232239, 0.5263887047767639, -0.042005348950624466, 0.581439733505249, 0.6325732469558716, -0.05382492020726204, 0.5879489779472351, 0.6917998790740967, -0.05797705054283142, 0.592892587184906, 0.7413055300712585, -0.05977395921945572, 0.5368140935897827, 0.5334601402282715, -0.03540731966495514, 0.5383630990982056, 0.6520123481750488, -0.04696938768029213, 0.5379244685173035, 0.7231967449188232, -0.04967790096998215, 0.5352179408073425, 0.7755120992660522, -0.05069984868168831, 0.5079479217529297, 0.5174967050552368, -0.027518026530742645, 0.5083667635917664, 0.6028074026107788, -0.036467500030994415, 0.511243999004364, 0.642974853515625, -0.03405839204788208, 0.5108932852745056, 0.6670886278152466, -0.030447516590356827, 0.48718100786209106, 0.4940564036369324, -0.020018700510263443, 0.49531179666519165, 0.5595909953117371, -0.02488846145570278, 0.5035876631736755, 0.5808897018432617, -0.01951715722680092, 0.509186327457428, 0.5923084616661072, -0.014018392190337181]",[]
"[0.5305298566818237, 0.3376407027244568, 4.0773099385660316e-07, 0.5798599720001221, 0.37073057889938354, -0.01633925922214985, 0.6062491536140442, 0.4514564871788025, -0.02548064850270748, 0.6253512501716614, 0.5296047329902649, -0.030160769820213318, 0.651790201663971, 0.5792242288589478, -0.03405482694506645, 0.5701733231544495, 0.5348649024963379, -0.0320395827293396, 0.578253448009491, 0.6353397369384766, -0.04000712186098099, 0.5839658379554749, 0.6912410259246826, -0.04266791045665741, 0.5883882641792297, 0.7389851212501526, -0.04421582072973251, 0.5365097522735596, 0.540976881980896, -0.026438899338245392, 0.5346665382385254, 0.6495658159255981, -0.036204997450113297, 0.5324409604072571, 0.719048261642456, -0.03984430432319641, 0.5276968479156494, 0.7727283239364624, -0.04162637144327164, 0.5088031888008118, 0.5236151814460754, -0.019678784534335136, 0.5083997845649719, 0.6064876914024353, -0.028913823887705803, 0.510783314704895, 0.6483971476554871, -0.02832834981381893, 0.5082827806472778, 0.6738238334655762, -0.02568706125020981, 0.4885043203830719, 0.49811702966690063, -0.01311823632568121, 0.4956902265548706, 0.5650119185447693, -0.019605757668614388, 0.501655638217926, 0.5886396169662476, -0.01594967022538185, 0.5027827620506287, 0.6034827828407288, -0.011296122334897518]",[]
"[0.5170297622680664, 0.3370054066181183, 2.8595133017006447e-07, 0.5680352449417114, 0.36781781911849976, -0.018368694931268692, 0.5953083634376526, 0.4487040042877197, -0.02860991656780243, 0.617547869682312, 0.5258802771568298, -0.033136509358882904, 0.6461076736450195, 0.5779903531074524, -0.0368913896381855, 0.565110981464386, 0.5296759009361267, -0.03817642852663994, 0.5743314027786255, 0.6312369704246521, -0.049027394503355026, 0.5821547508239746, 0.6901531219482422, -0.05308784544467926, 0.587176501750946, 0.7407882213592529, -0.05582142993807793, 0.531977653503418, 0.5408746600151062, -0.031669531017541885, 0.5348997712135315, 0.6486605405807495, -0.04529575631022453, 0.533832311630249, 0.7147749662399292, -0.05162302404642105, 0.5305593013763428, 0.7636240124702454, -0.05589549243450165, 0.5036839246749878, 0.5269624590873718, -0.02406158857047558, 0.4995443820953369, 0.6153249740600586, -0.03899101912975311, 0.4908623695373535, 0.6743946075439453, -0.045661505311727524, 0.48069530725479126, 0.7139609456062317, -0.0486191026866436, 0.48445653915405273, 0.5046056509017944, -0.015981733798980713, 0.49431854486465454, 0.5607367157936096, -0.02754647098481655, 0.5052196979522705, 0.5708416104316711, -0.02963140606880188, 0.5130845308303833, 0.572471559047699, -0.030112087726593018]",[]
"[0.5155451893806458, 0.34835633635520935, 3.674836932532344e-07, 0.5646520853042603, 0.381183385848999, -0.015070321038365364, 0.5946998596191406, 0.4600714147090912, -0.024097483605146408, 0.6164683103561401, 0.5326183438301086, -0.029338527470827103, 0.6429823040962219, 0.5788370966911316, -0.03452353924512863, 0.5627921223640442, 0.5352094769477844, -0.032434724271297455, 0.5732175707817078, 0.6343536376953125, -0.043922822922468185, 0.5790176391601562, 0.6907761096954346, -0.04982536658644676, 0.5846049189567566, 0.7372502088546753, -0.05329246446490288, 0.5315957069396973, 0.5421912670135498, -0.028913676738739014, 0.5337107181549072, 0.6510140299797058, -0.03853710740804672, 0.5333999395370483, 0.7149019837379456, -0.043217625468969345, 0.5324044823646545, 0.7617497444152832, -0.04626065865159035, 0.5037821531295776, 0.5257658362388611, -0.02469896897673607, 0.5006912350654602, 0.6046018600463867, -0.03371557965874672, 0.4979456961154938, 0.6508418917655945, -0.0354502908885479, 0.49369022250175476, 0.6817824244499207, -0.03552975505590439, 0.4832344055175781, 0.4995723366737366, -0.020635085180401802, 0.4869227409362793, 0.559161365032196, -0.027757437899708748, 0.489917129278183, 0.5872843265533447, -0.025976933538913727, 0.49064284563064575, 0.6084467768669128, -0.023464767262339592]",[]
"[0.508465051651001, 0.34835922718048096, 3.443855121076922e-07, 0.5599793195724487, 0.3765549659729004, -0.015146450139582157, 0.5921861529350281, 0.4581928849220276, -0.02422099933028221, 0.6147886514663696, 0.5343025922775269, -0.02930550090968609, 0.6427277326583862, 0.578427791595459, -0.034512508660554886, 0.5652154684066772, 0.5269808173179626, -0.03165397047996521, 0.5741259455680847, 0.6252791881561279, -0.0413520410656929, 0.5790337920188904, 0.6818591952323914, -0.045911386609077454, 0.5830329060554504, 0.7293595671653748, -0.0488063208758831, 0.5336210131645203, 0.5392552018165588, -0.028048111125826836, 0.5349780917167664, 0.6441268920898438, -0.03708018362522125, 0.5349671840667725, 0.7071324586868286, -0.04138978198170662, 0.5333726406097412, 0.7551282048225403, -0.04457393288612366, 0.5051028728485107, 0.5302519798278809, -0.02396334894001484, 0.5026733875274658, 0.6173966526985168, -0.03491025045514107, 0.4959535598754883, 0.667955219745636, -0.03820405527949333, 0.4877411425113678, 0.7041729688644409, -0.03930563107132912, 0.481840044260025, 0.512483537197113, -0.01982741616666317, 0.48269549012184143, 0.5922085046768188, -0.028891155496239662, 0.4796872138977051, 0.6420083045959473, -0.02978402189910412, 0.47537875175476074, 0.6850452423095703, -0.029597856104373932]",[]
"[0.4959295392036438, 0.3492216467857361, 2.5078369958464464e-07, 0.5451598167419434, 0.3591920733451843, -0.0169040709733963, 0.5777190327644348, 0.4192659556865692, -0.02481572888791561, 0.6023619174957275, 0.47839808464050293, -0.028833381831645966, 0.6214743256568909, 0.5236256122589111, -0.031750135123729706, 0.5562437176704407, 0.5209507346153259, -0.024351177737116814, 0.5657435655593872, 0.6163446307182312, -0.03470486402511597, 0.5732226967811584, 0.6740545630455017, -0.040379490703344345, 0.5780251622200012, 0.7182825803756714, -0.0435558520257473, 0.5307809114456177, 0.5372623205184937, -0.01901538483798504, 0.538441002368927, 0.6335593461990356, -0.02713536098599434, 0.5452430248260498, 0.6889203786849976, -0.03142177686095238, 0.5498320460319519, 0.7286131381988525, -0.033894170075654984, 0.5052756667137146, 0.5321649312973022, -0.014379089698195457, 0.5044155120849609, 0.607882022857666, -0.023632969707250595, 0.5007282495498657, 0.6533021926879883, -0.027428606525063515, 0.4948609471321106, 0.6822933554649353, -0.028377419337630272, 0.48313993215560913, 0.5143097043037415, -0.010314742103219032, 0.4858761131763458, 0.5735217332839966, -0.018155578523874283, 0.4888232946395874, 0.5984509587287903, -0.019102374091744423, 0.489965558052063, 0.6146792769432068, -0.01791231520473957]",[]
"[0.49588218331336975, 0.35806429386138916, 1.3050849645424023e-07, 0.5483582019805908, 0.3754630386829376, -0.017221061512827873, 0.5829854011535645, 0.44491544365882874, -0.02636449784040451, 0.605654239654541, 0.5173345804214478, -0.03275066986680031, 0.6308527588844299, 0.563879132270813, -0.0385589636862278, 0.5589753985404968, 0.5359819531440735, -0.018484219908714294, 0.5852161049842834, 0.6060923933982849, -0.031753890216350555, 0.6050851941108704, 0.6392468214035034, -0.042130377143621445, 0.6193104386329651, 0.6620302200317383, -0.04852886125445366, 0.5317583680152893, 0.5566758513450623, -0.017074763774871826, 0.5474571585655212, 0.6465041637420654, -0.025141511112451553, 0.5568749308586121, 0.6992150545120239, -0.031095150858163834, 0.5621048212051392, 0.73975670337677, -0.03587137535214424, 0.5043890476226807, 0.5572404861450195, -0.017835566774010658, 0.5128099918365479, 0.6529811024665833, -0.02878378890454769, 0.5155965685844421, 0.7104099988937378, -0.034957513213157654, 0.5155055522918701, 0.7564183473587036, -0.038911789655685425, 0.4785356819629669, 0.5444092750549316, -0.01959601417183876, 0.47613683342933655, 0.620419979095459, -0.030224019661545753, 0.4714171588420868, 0.6658926010131836, -0.03392484411597252, 0.4659913182258606, 0.7055519223213196, -0.03575952351093292]",[]
"[0.4912985861301422, 0.38522785902023315, 1.7144353137155122e-07, 0.5394978523254395, 0.4056435525417328, -0.013538804836571217, 0.574651837348938, 0.4739355444908142, -0.02112678624689579, 0.6018741130828857, 0.5349461436271667, -0.026568477973341942, 0.6287363767623901, 0.5699008703231812, -0.03187642991542816, 0.5539377331733704, 0.560691237449646, -0.01665516197681427, 0.5760123133659363, 0.6326388716697693, -0.02777053788304329, 0.5890511870384216, 0.6763091087341309, -0.03623899072408676, 0.5981566905975342, 0.7115979790687561, -0.04217647761106491, 0.5271994471549988, 0.5764678120613098, -0.01731189154088497, 0.542119026184082, 0.6666051745414734, -0.025649307295680046, 0.5507612824440002, 0.7245913743972778, -0.03181127458810806, 0.5558933615684509, 0.7691634893417358, -0.036253515630960464, 0.5001357793807983, 0.5736480951309204, -0.01945539191365242, 0.508362889289856, 0.6617745757102966, -0.030128443613648415, 0.5099988579750061, 0.7145935893058777, -0.03648970276117325, 0.5102038979530334, 0.7584624290466309, -0.04042314738035202, 0.47461462020874023, 0.5562920570373535, -0.02228592336177826, 0.47385597229003906, 0.6214951276779175, -0.03366202861070633, 0.470612108707428, 0.6610876321792603, -0.038055893033742905, 0.4666669964790344, 0.6965515613555908, -0.040054213255643845]",[]
"[0.4918299913406372, 0.3949568271636963, 1.8618581520968291e-07, 0.5424578189849854, 0.4104454517364502, -0.017235999926924706, 0.5755954384803772, 0.4732811450958252, -0.025200625881552696, 0.5997039675712585, 0.5407536625862122, -0.029852116480469704, 0.6271982789039612, 0.5744494199752808, -0.033998556435108185, 0.5538643002510071, 0.570709764957428, -0.016338348388671875, 0.5829768776893616, 0.6439464688301086, -0.024418236687779427, 0.6027257442474365, 0.6814186573028564, -0.030962256714701653, 0.6174671053886414, 0.7085057497024536, -0.03536572679877281, 0.5268567204475403, 0.5922325253486633, -0.012571151368319988, 0.5448899269104004, 0.6837493181228638, -0.01790577732026577, 0.5546911358833313, 0.737973153591156, -0.0223263930529356, 0.5598471164703369, 0.7794649600982666, -0.025907360017299652, 0.5013527870178223, 0.5901579856872559, -0.010491391643881798, 0.5089278221130371, 0.6780027151107788, -0.01912442035973072, 0.5119687914848328, 0.7267900705337524, -0.02462032064795494, 0.512839138507843, 0.7649862766265869, -0.02801806665956974, 0.477971613407135, 0.5744171142578125, -0.009286899119615555, 0.4781622886657715, 0.6415700912475586, -0.018008654937148094, 0.476828932762146, 0.6759312152862549, -0.02089935727417469, 0.4745291769504547, 0.7057845592498779, -0.02217848412692547]",[]
"[0.4954797327518463, 0.3958818316459656, 1.289763247314113e-07, 0.5443599820137024, 0.4153863191604614, -0.012114718556404114, 0.5766604542732239, 0.4826493263244629, -0.01732802391052246, 0.602358341217041, 0.544975757598877, -0.019371336326003075, 0.629596471786499, 0.5759548544883728, -0.02106318809092045, 0.553791344165802, 0.5707393884658813, -0.018007664009928703, 0.585281252861023, 0.6470593810081482, -0.024816380813717842, 0.6050199270248413, 0.6834691762924194, -0.028896842151880264, 0.6198363900184631, 0.7098948955535889, -0.031139981001615524, 0.5278751254081726, 0.5911906361579895, -0.01490114163607359, 0.5451817512512207, 0.6864603757858276, -0.02077506296336651, 0.5558275580406189, 0.7444077730178833, -0.024354800581932068, 0.5628328323364258, 0.7871373295783997, -0.0267195962369442, 0.5040925145149231, 0.5890758037567139, -0.012227261438965797, 0.5123672485351562, 0.6746971607208252, -0.019938118755817413, 0.517140805721283, 0.725172758102417, -0.02522401511669159, 0.5200319290161133, 0.7648963928222656, -0.027940088883042336, 0.4834163784980774, 0.5726819634437561, -0.009576569311320782, 0.48457109928131104, 0.6366310715675354, -0.015841307118535042, 0.4856775999069214, 0.6736028790473938, -0.017750490456819534, 0.48712339997291565, 0.7043037414550781, -0.01831759512424469]",[]
"[0.5013421177864075, 0.385497510433197, 1.7544225272558833e-07, 0.5532585382461548, 0.40204018354415894, -0.014172284863889217, 0.5845313668251038, 0.4703795909881592, -0.021880634129047394, 0.6060140132904053, 0.540015459060669, -0.02706362120807171, 0.6324004530906677, 0.5767280459403992, -0.031968433409929276, 0.5577197670936584, 0.5650538802146912, -0.01888572983443737, 0.5819256901741028, 0.6430772542953491, -0.029994305223226547, 0.5982270836830139, 0.684150755405426, -0.038026489317417145, 0.6104645729064941, 0.7159295678138733, -0.043122243136167526, 0.5303177237510681, 0.5811933875083923, -0.018709206953644753, 0.5453450083732605, 0.6784362196922302, -0.027093961834907532, 0.5553552508354187, 0.7374312877655029, -0.032813962548971176, 0.5616707801818848, 0.7810863256454468, -0.036805160343647, 0.5042247176170349, 0.5781373381614685, -0.019789261743426323, 0.5111877918243408, 0.6714239716529846, -0.02988096885383129, 0.5146709084510803, 0.7288874387741089, -0.03554248437285423, 0.5163872838020325, 0.7751981616020203, -0.038807690143585205, 0.48088058829307556, 0.5623780488967896, -0.021580852568149567, 0.47844839096069336, 0.6352924704551697, -0.03070255182683468, 0.4761233329772949, 0.6807060241699219, -0.0335947684943676, 0.4738661050796509, 0.7214478850364685, -0.034729450941085815]",[]
"[0.49991172552108765, 0.36084675788879395, 1.4727949348980474e-07, 0.5516535043716431, 0.3817969858646393, -0.016589637845754623, 0.5867898464202881, 0.4503793716430664, -0.025653960183262825, 0.6098430752754211, 0.5229718685150146, -0.03173549100756645, 0.6333908438682556, 0.5741775631904602, -0.037294622510671616, 0.5631099939346313, 0.5360220074653625, -0.02170868217945099, 0.5899007320404053, 0.6148839592933655, -0.034307610243558884, 0.6099891662597656, 0.6540167927742004, -0.04327191784977913, 0.6256877183914185, 0.6836003065109253, -0.04906868562102318, 0.5348924398422241, 0.555493950843811, -0.020760787650942802, 0.549148440361023, 0.6522560119628906, -0.031063180416822433, 0.5579123497009277, 0.7099708914756775, -0.03811667114496231, 0.5636100769042969, 0.7537311315536499, -0.043322063982486725, 0.5080081224441528, 0.5553484559059143, -0.021366992965340614, 0.5152260065078735, 0.6552346348762512, -0.03403666615486145, 0.5181570649147034, 0.7169444561004639, -0.04130368307232857, 0.5193284153938293, 0.7678410410881042, -0.04570167139172554, 0.4825747311115265, 0.5437652468681335, -0.02257022261619568, 0.4797584116458893, 0.6257031559944153, -0.03395995870232582, 0.4758377969264984, 0.6754608154296875, -0.0380728617310524, 0.4718911349773407, 0.7190816402435303, -0.0402015782892704]",[]
"[0.5005319118499756, 0.3449523150920868, 1.9921428418001597e-07, 0.5500609278678894, 0.360087513923645, -0.007774672005325556, 0.5850920677185059, 0.42478668689727783, -0.013657186180353165, 0.6122576594352722, 0.48668384552001953, -0.017840715125203133, 0.6331714987754822, 0.5352957844734192, -0.022276414558291435, 0.5675426125526428, 0.5125472545623779, -0.017095260322093964, 0.5827841758728027, 0.6039393544197083, -0.026940809562802315, 0.5931623578071594, 0.660499632358551, -0.033215880393981934, 0.6001178026199341, 0.7046120762825012, -0.037472307682037354, 0.5397576689720154, 0.5359297394752502, -0.01892753504216671, 0.5494009852409363, 0.635607898235321, -0.026468737050890923, 0.5553354620933533, 0.6964942216873169, -0.030650809407234192, 0.5588399171829224, 0.7393367886543274, -0.03354484587907791, 0.5113404393196106, 0.5407348275184631, -0.021168885752558708, 0.5161340236663818, 0.6402059197425842, -0.03126872703433037, 0.5161709189414978, 0.7059215903282166, -0.03597024455666542, 0.5140321254730225, 0.7569708824157715, -0.03860819712281227, 0.4849863052368164, 0.5296883583068848, -0.0231009554117918, 0.4826853275299072, 0.6105872392654419, -0.032992374151945114, 0.47784411907196045, 0.6607816815376282, -0.03510899469256401, 0.472653329372406, 0.7014750242233276, -0.03539841249585152]",[]
"[0.5269002318382263, 0.3514333963394165, 3.0469195166915597e-07, 0.5754179954528809, 0.38972872495651245, -0.015918642282485962, 0.6028514504432678, 0.4744604527950287, -0.022779585793614388, 0.6218844056129456, 0.5470638275146484, -0.02546730265021324, 0.6481606364250183, 0.5886423587799072, -0.02725718356668949, 0.5661338567733765, 0.5616177320480347, -0.01890413835644722, 0.5755259394645691, 0.6491628289222717, -0.02391650713980198, 0.5813772082328796, 0.7000782489776611, -0.027388909831643105, 0.5855851769447327, 0.7431958317756653, -0.029793502762913704, 0.5333108901977539, 0.5714230537414551, -0.012691876851022243, 0.5360832810401917, 0.6684457659721375, -0.01628165878355503, 0.5349997878074646, 0.7271407246589661, -0.018872801214456558, 0.5328155159950256, 0.773659884929657, -0.020744672045111656, 0.5056333541870117, 0.5566046237945557, -0.006755123846232891, 0.502951443195343, 0.6330572962760925, -0.011605804786086082, 0.49745312333106995, 0.6850632429122925, -0.012389791198074818, 0.49186307191848755, 0.7247113585472107, -0.01205009687691927, 0.48518338799476624, 0.5322766304016113, -0.0012641571229323745, 0.4878755211830139, 0.5943478345870972, -0.004007742740213871, 0.4883943498134613, 0.6283251047134399, -0.0005470144096761942, 0.4884463846683502, 0.6556007266044617, 0.002703353762626648]",[]
"[0.5233097076416016, 0.32354480028152466, 4.461679168343835e-07, 0.5761998295783997, 0.36061227321624756, -0.016954880207777023, 0.606715738773346, 0.4494745135307312, -0.02794051542878151, 0.6260555982589722, 0.533464789390564, -0.03336653485894203, 0.6545065641403198, 0.5854770541191101, -0.03859961777925491, 0.5675324201583862, 0.5209306478500366, -0.04473422095179558, 0.5785005688667297, 0.6331509351730347, -0.05677053704857826, 0.5872308015823364, 0.6983276605606079, -0.06038753688335419, 0.5938785672187805, 0.7506353855133057, -0.061528440564870834, 0.5334341526031494, 0.5248898267745972, -0.03918588533997536, 0.5358761548995972, 0.65244460105896, -0.05255278944969177, 0.5378889441490173, 0.7311210632324219, -0.05648103356361389, 0.5375659465789795, 0.7899091839790344, -0.058164287358522415, 0.5054153203964233, 0.5074537396430969, -0.03165924549102783, 0.5038210153579712, 0.6144199371337891, -0.04269605875015259, 0.5034763813018799, 0.6831439733505249, -0.043050479143857956, 0.5011590123176575, 0.7311962842941284, -0.04151204600930214, 0.48632726073265076, 0.482231080532074, -0.023774806410074234, 0.49449270963668823, 0.5586026906967163, -0.030296651646494865, 0.502276599407196, 0.5930770039558411, -0.02616310678422451, 0.5090740323066711, 0.61612868309021, -0.02175861783325672]",[]
"[0.5171017646789551, 0.31426364183425903, 4.5438559936883394e-07, 0.5676234364509583, 0.3503935635089874, -0.019109809771180153, 0.5992645621299744, 0.4374295175075531, -0.03680141270160675, 0.6219507455825806, 0.522518515586853, -0.04892011359333992, 0.6509802341461182, 0.5790033340454102, -0.06291425228118896, 0.5652788877487183, 0.4589647352695465, -0.07368876039981842, 0.5785422325134277, 0.5860726833343506, -0.09891504794359207, 0.5890324115753174, 0.6667320728302002, -0.10902199149131775, 0.5971088409423828, 0.7298926711082458, -0.11440836638212204, 0.5337740778923035, 0.46848809719085693, -0.07377330213785172, 0.5428109765052795, 0.6051657795906067, -0.09884292632341385, 0.5508430004119873, 0.6991230249404907, -0.10751998424530029, 0.5547686219215393, 0.7706756591796875, -0.11361865699291229, 0.5068439245223999, 0.46732378005981445, -0.07147382944822311, 0.5134227275848389, 0.5981047749519348, -0.09323380142450333, 0.5194593071937561, 0.6880831718444824, -0.10088749974966049, 0.5210548639297485, 0.7564659118652344, -0.1055297777056694, 0.4849267899990082, 0.46101102232933044, -0.068552665412426, 0.48519089818000793, 0.5607241988182068, -0.08646219223737717, 0.4851870536804199, 0.631866455078125, -0.0929155945777893, 0.483968049287796, 0.6905972361564636, -0.09698941558599472]",[]
"[0.5246220827102661, 0.3160439729690552, 4.0933053924163687e-07, 0.5699506998062134, 0.3597814440727234, -0.01832190342247486, 0.5977199673652649, 0.4441501200199127, -0.029805414378643036, 0.6189860105514526, 0.5197034478187561, -0.0372626967728138, 0.6453912854194641, 0.5707420110702515, -0.045748911798000336, 0.5621124505996704, 0.5156762599945068, -0.035110242664813995, 0.5722669363021851, 0.6174727082252502, -0.04877248406410217, 0.5811847448348999, 0.682884931564331, -0.05690435692667961, 0.5877834558486938, 0.7321362495422363, -0.06171545758843422, 0.5344170331954956, 0.5156257152557373, -0.03174976631999016, 0.534835934638977, 0.6301640272140503, -0.04163084551692009, 0.5363671779632568, 0.7028223872184753, -0.04673626646399498, 0.5367119908332825, 0.7593255043029785, -0.050689440220594406, 0.5096458196640015, 0.49823394417762756, -0.02855202555656433, 0.509299099445343, 0.6008695960044861, -0.038701944053173065, 0.5074668526649475, 0.6729828119277954, -0.04229886457324028, 0.5039288997650146, 0.7278717160224915, -0.04461115971207619, 0.49006709456443787, 0.4714992344379425, -0.025806386023759842, 0.4892544448375702, 0.5465192794799805, -0.034823257476091385, 0.4884004592895508, 0.5979031920433044, -0.035293400287628174, 0.4877341389656067, 0.6400290727615356, -0.03504979982972145]",[]
"[0.5211367011070251, 0.3536818027496338, 3.4868816101152333e-07, 0.5674159526824951, 0.38465890288352966, -0.014153935946524143, 0.5964043736457825, 0.4624062776565552, -0.021884197369217873, 0.6195913553237915, 0.5327349901199341, -0.02696770243346691, 0.6444356441497803, 0.5778539180755615, -0.03246698155999184, 0.5656403303146362, 0.541793942451477, -0.01935727708041668, 0.5760437846183777, 0.6335771083831787, -0.028478631749749184, 0.5832042098045349, 0.6926471590995789, -0.034197330474853516, 0.5873028635978699, 0.737230658531189, -0.0374528244137764, 0.53920578956604, 0.5556471347808838, -0.016416870057582855, 0.5423324704170227, 0.6551346182823181, -0.02094503492116928, 0.5443764925003052, 0.7172313332557678, -0.02184414677321911, 0.5449503064155579, 0.7652159929275513, -0.022280298173427582, 0.5153205394744873, 0.5510936975479126, -0.014593088999390602, 0.5192018151283264, 0.6441218852996826, -0.02083442732691765, 0.5201030969619751, 0.7046942710876465, -0.021037887781858444, 0.5189690589904785, 0.7518248558044434, -0.02071228437125683, 0.4949527680873871, 0.5343122482299805, -0.01361016370356083, 0.4929898977279663, 0.6128211617469788, -0.020581334829330444, 0.48817509412765503, 0.6616589426994324, -0.020311405882239342, 0.48267287015914917, 0.7021825313568115, -0.019026579335331917]",[]
"[0.5120820999145508, 0.3448634147644043, 2.9426169589896745e-07, 0.556327760219574, 0.37592488527297974, -0.015096195042133331, 0.5864052176475525, 0.4529268443584442, -0.02144774980843067, 0.6113060712814331, 0.5178530216217041, -0.02474602684378624, 0.6357728838920593, 0.5636777281761169, -0.02748773619532585, 0.5604769587516785, 0.5390058159828186, -0.015581157058477402, 0.5675261616706848, 0.6223860383033752, -0.023487433791160583, 0.5750122666358948, 0.674729585647583, -0.029324769973754883, 0.5803385972976685, 0.7146806716918945, -0.033260196447372437, 0.5332792401313782, 0.5467758178710938, -0.012483271770179272, 0.5375271439552307, 0.6397863626480103, -0.016694433987140656, 0.5410574674606323, 0.6970461010932922, -0.020054591819643974, 0.5427585244178772, 0.7390186786651611, -0.022681493312120438, 0.5069422125816345, 0.533195972442627, -0.01073299627751112, 0.5005214810371399, 0.616891086101532, -0.01838098280131817, 0.4926217794418335, 0.6703585386276245, -0.022471517324447632, 0.4861544072628021, 0.7104896306991577, -0.024745497852563858, 0.484862744808197, 0.5047823786735535, -0.009485771879553795, 0.4774426221847534, 0.5660933256149292, -0.01747230626642704, 0.4705325961112976, 0.5997311472892761, -0.018416034057736397, 0.46481770277023315, 0.6275151968002319, -0.017973007634282112]",[]
"[0.5013224482536316, 0.3383578360080719, 1.2981949737422838e-07, 0.5514167547225952, 0.35783594846725464, -0.014400031417608261, 0.584094762802124, 0.4288354516029358, -0.024061478674411774, 0.6098150014877319, 0.49818769097328186, -0.03017951175570488, 0.6352742314338684, 0.543962299823761, -0.036524247378110886, 0.5599498748779297, 0.5008900165557861, -0.029599031433463097, 0.5873847603797913, 0.5780581831932068, -0.040873099118471146, 0.6064937710762024, 0.615485668182373, -0.046815019100904465, 0.6212336421012878, 0.6424320340156555, -0.05040639638900757, 0.5303162932395935, 0.518896758556366, -0.02851150929927826, 0.5441328883171082, 0.622399091720581, -0.039112623780965805, 0.5544832944869995, 0.6809291839599609, -0.04463015869259834, 0.5616508722305298, 0.7243876457214355, -0.048619650304317474, 0.5025988221168518, 0.5168639421463013, -0.027517225593328476, 0.5059195160865784, 0.622052013874054, -0.03993019461631775, 0.5100015997886658, 0.6891728639602661, -0.04663271829485893, 0.5113865733146667, 0.7421442270278931, -0.05073811113834381, 0.4790794551372528, 0.5023064017295837, -0.02621728554368019, 0.47702300548553467, 0.583084225654602, -0.036246635019779205, 0.4768369495868683, 0.6322852373123169, -0.03879415616393089, 0.4762524962425232, 0.6728290319442749, -0.040033068507909775]",[]
"[0.48866310715675354, 0.3446938991546631, 1.0694262897459339e-07, 0.5428456664085388, 0.3601563572883606, -0.017081649973988533, 0.5793542861938477, 0.4306957721710205, -0.0260014571249485, 0.6046582460403442, 0.5087159872055054, -0.031069397926330566, 0.6342223286628723, 0.5518146753311157, -0.03589075058698654, 0.5561566352844238, 0.5113932490348816, -0.02573130652308464, 0.5866559743881226, 0.5914482474327087, -0.037154801189899445, 0.6077367067337036, 0.6288883090019226, -0.044557686895132065, 0.6233515739440918, 0.6565679311752319, -0.04915064200758934, 0.5293821096420288, 0.5324516892433167, -0.022583991289138794, 0.5483624935150146, 0.6295977234840393, -0.032288748770952225, 0.559996485710144, 0.6869333386421204, -0.03824677690863609, 0.5665777921676636, 0.7303752899169922, -0.042919520288705826, 0.5047281384468079, 0.532572329044342, -0.020367654040455818, 0.5160859227180481, 0.6293339133262634, -0.031814154237508774, 0.5218257308006287, 0.6907896399497986, -0.038886167109012604, 0.524181067943573, 0.7407681941986084, -0.04350779205560684, 0.48227906227111816, 0.5211628079414368, -0.018575632944703102, 0.4837052524089813, 0.5978707075119019, -0.02889939211308956, 0.48375535011291504, 0.6461101770401001, -0.033227622509002686, 0.4831632971763611, 0.6883050203323364, -0.035856351256370544]",[]
"[0.49041101336479187, 0.35368847846984863, 1.9115742588837747e-07, 0.5424878597259521, 0.3710518479347229, -0.01918339915573597, 0.5780972242355347, 0.44111424684524536, -0.027698075398802757, 0.6021543145179749, 0.5112101435661316, -0.03200075775384903, 0.6289520859718323, 0.5507277250289917, -0.03544783964753151, 0.555088222026825, 0.5363521575927734, -0.02097177505493164, 0.581369161605835, 0.6132044196128845, -0.029635190963745117, 0.5983505249023438, 0.6520518660545349, -0.035948459059000015, 0.6107948422431946, 0.6822649836540222, -0.03991664946079254, 0.5274301171302795, 0.5526700019836426, -0.015896014869213104, 0.5426267385482788, 0.6489530205726624, -0.02344936691224575, 0.5522942543029785, 0.7082122564315796, -0.028536774218082428, 0.5574595928192139, 0.7528781890869141, -0.03195345774292946, 0.5017374753952026, 0.5484615564346313, -0.012249892577528954, 0.5101292729377747, 0.6378675103187561, -0.020879140123724937, 0.5146587491035461, 0.6934911012649536, -0.02617197483778, 0.5163623094558716, 0.7384656667709351, -0.029128314927220345, 0.47807538509368896, 0.5318312644958496, -0.009595672599971294, 0.47895538806915283, 0.6007153391838074, -0.016687003895640373, 0.47895050048828125, 0.6430948972702026, -0.018928226083517075, 0.47867581248283386, 0.6806925535202026, -0.01976393535733223]",[]
"[0.5031874775886536, 0.363943874835968, 2.737202180469467e-07, 0.5496097207069397, 0.38813120126724243, -0.017476193606853485, 0.5807204246520996, 0.45560598373413086, -0.026445765048265457, 0.603314220905304, 0.5202646851539612, -0.03183579072356224, 0.6268250942230225, 0.5559074878692627, -0.03701937571167946, 0.5557915568351746, 0.5446333289146423, -0.019733574241399765, 0.5824500322341919, 0.622295618057251, -0.026753950864076614, 0.6011753678321838, 0.6633575558662415, -0.03129570931196213, 0.6157938838005066, 0.6905868649482727, -0.03417142108082771, 0.5287708044052124, 0.5605074763298035, -0.015527685172855854, 0.5424500107765198, 0.6578805446624756, -0.021597806364297867, 0.5527031421661377, 0.7180827856063843, -0.02682499773800373, 0.5597276091575623, 0.7612809538841248, -0.030501846224069595, 0.5044972896575928, 0.5547695755958557, -0.01231349166482687, 0.5117437243461609, 0.6443939805030823, -0.020105699077248573, 0.516735315322876, 0.6990519165992737, -0.02590559795498848, 0.5196308493614197, 0.7406949996948242, -0.029371729120612144, 0.4834771454334259, 0.5352115631103516, -0.009681080467998981, 0.48294201493263245, 0.6021032929420471, -0.016709037125110626, 0.48168593645095825, 0.6438925266265869, -0.018868690356612206, 0.4803028702735901, 0.6772056818008423, -0.019655006006360054]",[]
"[0.5016416907310486, 0.3647814393043518, 2.074653338013377e-07, 0.5499712228775024, 0.3869272470474243, -0.017504969611763954, 0.5801215171813965, 0.4574238657951355, -0.02529779076576233, 0.6040530204772949, 0.5254802107810974, -0.029573915526270866, 0.6319267749786377, 0.5612389445304871, -0.03343205899000168, 0.5572616457939148, 0.5483250021934509, -0.016175352036952972, 0.5857513546943665, 0.6238609552383423, -0.023862866684794426, 0.6051555275917053, 0.6634886264801025, -0.030286993831396103, 0.6213067770004272, 0.6947705745697021, -0.03465952351689339, 0.5303884744644165, 0.5656943917274475, -0.01201510801911354, 0.5461017489433289, 0.6586385369300842, -0.018657097592949867, 0.5566848516464233, 0.7168845534324646, -0.024804841727018356, 0.5638140439987183, 0.7614228129386902, -0.02916262112557888, 0.5069862008094788, 0.5600893497467041, -0.009186436422169209, 0.5149701237678528, 0.6466270089149475, -0.018193058669567108, 0.519696831703186, 0.698363184928894, -0.024679329246282578, 0.5227229595184326, 0.7404236197471619, -0.028235560283064842, 0.48667335510253906, 0.5421957969665527, -0.0070579927414655685, 0.4886394143104553, 0.6107492446899414, -0.014232172630727291, 0.48982182145118713, 0.6499369740486145, -0.01621587760746479, 0.4902714490890503, 0.6842650175094604, -0.016856014728546143]",[]
"[0.49948176741600037, 0.3623373508453369, 1.4182960228481534e-07, 0.5527228116989136, 0.378263920545578, -0.01112069096416235, 0.5864866971969604, 0.4492263197898865, -0.016128476709127426, 0.6073668003082275, 0.5179316997528076, -0.018834086135029793, 0.6320432424545288, 0.5538328886032104, -0.02134559489786625, 0.5614504814147949, 0.5421772599220276, -0.014520109631121159, 0.5840659141540527, 0.6197518706321716, -0.02218559943139553, 0.5984926223754883, 0.659338116645813, -0.02779795415699482, 0.6101516485214233, 0.69133460521698, -0.03173436224460602, 0.5333673357963562, 0.5607605576515198, -0.014727176167070866, 0.5460224747657776, 0.6564919948577881, -0.022143663838505745, 0.555851399898529, 0.7163406014442444, -0.02819293923676014, 0.5624126195907593, 0.7615492343902588, -0.03238767758011818, 0.5072616338729858, 0.5581961870193481, -0.015729375183582306, 0.5138075947761536, 0.6488457918167114, -0.024928869679570198, 0.5187630653381348, 0.7045159339904785, -0.03099958226084709, 0.521224856376648, 0.7499528527259827, -0.03447567671537399, 0.4835416376590729, 0.5412395000457764, -0.0170622318983078, 0.482954204082489, 0.6131433248519897, -0.024876998737454414, 0.481633722782135, 0.6559689044952393, -0.027071919292211533, 0.48018938302993774, 0.6930357813835144, -0.027805786579847336]",[]
"[0.4999244809150696, 0.34468287229537964, 1.4174652562815027e-07, 0.5543648600578308, 0.3632926046848297, -0.014529823325574398, 0.5897194743156433, 0.43408170342445374, -0.02174578793346882, 0.6123416423797607, 0.5068357586860657, -0.025806544348597527, 0.6379673480987549, 0.550942063331604, -0.029575197026133537, 0.563987135887146, 0.5177644491195679, -0.01998889446258545, 0.5912817120552063, 0.5934122204780579, -0.03032226860523224, 0.6102041006088257, 0.6320557594299316, -0.037793297320604324, 0.6244357228279114, 0.6623231768608093, -0.0428740531206131, 0.5370563268661499, 0.5368367433547974, -0.018922725692391396, 0.5502678155899048, 0.6304891705513, -0.028384555131196976, 0.5583533644676208, 0.6903653144836426, -0.03488575294613838, 0.5630065202713013, 0.7367808818817139, -0.03963681682944298, 0.512191891670227, 0.5353331565856934, -0.01902833953499794, 0.5192462801933289, 0.6292061805725098, -0.03104141354560852, 0.5217677354812622, 0.6911559700965881, -0.038728341460227966, 0.5219987034797668, 0.7423577308654785, -0.043337080627679825, 0.4882417917251587, 0.521062433719635, -0.01941816695034504, 0.4863712787628174, 0.5977689027786255, -0.030035758391022682, 0.48390889167785645, 0.6467748284339905, -0.034324221312999725, 0.48083367943763733, 0.6900114417076111, -0.03667859360575676]",[]
"[0.5074865818023682, 0.31969189643859863, 1.7092418147512944e-07, 0.558295726776123, 0.3501608967781067, -0.01041813101619482, 0.5914784073829651, 0.42684194445610046, -0.018321340903639793, 0.6152266263961792, 0.496165931224823, -0.02349122054874897, 0.6360976099967957, 0.5468574166297913, -0.02890392579138279, 0.5663471221923828, 0.49188610911369324, -0.026519376784563065, 0.5880654454231262, 0.5724714994430542, -0.03892773762345314, 0.6035013198852539, 0.6201486587524414, -0.045976925641298294, 0.6153257489204407, 0.6585530042648315, -0.05042484402656555, 0.5362237095832825, 0.5054402947425842, -0.02776205539703369, 0.5474391579627991, 0.6068353056907654, -0.039686575531959534, 0.5556459426879883, 0.6675471663475037, -0.04543357715010643, 0.5618230700492859, 0.7140365242958069, -0.04910179600119591, 0.5086394548416138, 0.5042793154716492, -0.028932739049196243, 0.5127285718917847, 0.6101828813552856, -0.04227503016591072, 0.5155024528503418, 0.6787586212158203, -0.048067498952150345, 0.5165209770202637, 0.732881486415863, -0.050889648497104645, 0.4850598871707916, 0.4921266734600067, -0.029698126018047333, 0.4834028482437134, 0.5792005062103271, -0.04097127914428711, 0.4806443452835083, 0.6339358687400818, -0.043735187500715256, 0.4777916967868805, 0.6791473627090454, -0.044486965984106064]",[]
"[0.5239296555519104, 0.33855587244033813, 3.726761690359126e-07, 0.573660671710968, 0.3695143759250641, -0.01955150067806244, 0.6017581820487976, 0.4483049511909485, -0.025241777300834656, 0.6210665702819824, 0.51964271068573, -0.02687384933233261, 0.6476222276687622, 0.5676701068878174, -0.027491390705108643, 0.5685955882072449, 0.5486835241317749, -0.007951012812554836, 0.5737498998641968, 0.6289669275283813, -0.009452576749026775, 0.5780146718025208, 0.6787769794464111, -0.012218316085636616, 0.5803521871566772, 0.7197950482368469, -0.014389311894774437, 0.5359546542167664, 0.5618143081665039, -0.00047259507118724287, 0.5370963215827942, 0.647700846195221, 0.0008829052676446736, 0.535112202167511, 0.704261302947998, -0.001525212312117219, 0.5325945615768433, 0.7491881847381592, -0.0037386754993349314, 0.5092887878417969, 0.550201952457428, 0.00489103514701128, 0.5027773380279541, 0.6178862452507019, 0.0013978087808936834, 0.49281901121139526, 0.6667898297309875, -0.002496030880138278, 0.48567360639572144, 0.7068679332733154, -0.004904499277472496, 0.48991718888282776, 0.526991069316864, 0.009195080026984215, 0.48937517404556274, 0.5785227417945862, 0.00566464476287365, 0.4858452379703522, 0.6089577078819275, 0.005997234024107456, 0.4835437536239624, 0.6359850168228149, 0.0066903079859912395]",[]
"[0.5163076519966125, 0.2827725410461426, 3.128191679024894e-07, 0.5638481378555298, 0.31713539361953735, -0.02204393967986107, 0.5953635573387146, 0.40898165106773376, -0.036237411201000214, 0.6179611682891846, 0.4970984160900116, -0.04522941634058952, 0.6474250555038452, 0.5560898184776306, -0.054429229348897934, 0.5686007142066956, 0.44084763526916504, -0.04871880263090134, 0.5878103375434875, 0.5252120494842529, -0.07011988013982773, 0.601088285446167, 0.5737351179122925, -0.08222778141498566, 0.6123178601264954, 0.6141262054443359, -0.08951281756162643, 0.5388607382774353, 0.45229852199554443, -0.04634200409054756, 0.5482965111732483, 0.5672252178192139, -0.06490598618984222, 0.5559756755828857, 0.6429001092910767, -0.07362459599971771, 0.5611751675605774, 0.7011260390281677, -0.08007267862558365, 0.5117775797843933, 0.4464264214038849, -0.04414215683937073, 0.5171469449996948, 0.551494836807251, -0.06117101013660431, 0.5228094458580017, 0.6172190308570862, -0.06588491052389145, 0.5265401005744934, 0.6647875905036926, -0.06834475696086884, 0.4890816807746887, 0.430517315864563, -0.04244735836982727, 0.49258139729499817, 0.5076178908348083, -0.05631524696946144, 0.49827319383621216, 0.5547604560852051, -0.05850702524185181, 0.5047007203102112, 0.5905530452728271, -0.059138886630535126]",[]
"[0.5124366879463196, 0.271187961101532, 3.4087670996996167e-07, 0.555352509021759, 0.2837067246437073, -0.019717272371053696, 0.5853264331817627, 0.33553820848464966, -0.03405394405126572, 0.6076925992965698, 0.39483222365379333, -0.043798793107271194, 0.6333263516426086, 0.42990440130233765, -0.053794387727975845, 0.5716097950935364, 0.40533506870269775, -0.04377288371324539, 0.5955507159233093, 0.48226460814476013, -0.06282652169466019, 0.6153490543365479, 0.529674232006073, -0.07361314445734024, 0.6330968737602234, 0.5672188997268677, -0.08002451062202454, 0.539580225944519, 0.42906466126441956, -0.041774529963731766, 0.5492412447929382, 0.53004390001297, -0.055953219532966614, 0.558670163154602, 0.5915222764015198, -0.06205958127975464, 0.5681347846984863, 0.6377012729644775, -0.06631789356470108, 0.5125181674957275, 0.4323883652687073, -0.039911676198244095, 0.5156359076499939, 0.5228008031845093, -0.05305362120270729, 0.5220413208007812, 0.5769158005714417, -0.05591443553566933, 0.5291959047317505, 0.618158221244812, -0.05709625035524368, 0.4903229773044586, 0.423713743686676, -0.03875194489955902, 0.48847734928131104, 0.4916132688522339, -0.04939744994044304, 0.4916883111000061, 0.5313282012939453, -0.05004425346851349, 0.4975033402442932, 0.5616605281829834, -0.049143578857183456]",[]
"[0.5139893293380737, 0.28958573937416077, 3.256659510952886e-07, 0.5602503418922424, 0.3242913484573364, -0.01640406996011734, 0.5923402905464172, 0.4038396179676056, -0.025476664304733276, 0.6134172677993774, 0.4826607406139374, -0.030152805149555206, 0.6378718614578247, 0.5344389081001282, -0.035203441977500916, 0.5688394904136658, 0.42703527212142944, -0.04081713408231735, 0.5926298499107361, 0.5031358003616333, -0.05707832798361778, 0.6108081936836243, 0.5458015203475952, -0.06422977894544601, 0.6277226209640503, 0.5793317556381226, -0.06850335001945496, 0.538159966468811, 0.4395018219947815, -0.039365675300359726, 0.5416805744171143, 0.5349193811416626, -0.05353918671607971, 0.5463286638259888, 0.5905835628509521, -0.0588347427546978, 0.5524001717567444, 0.6328818798065186, -0.06283960491418839, 0.511387825012207, 0.4359893202781677, -0.03782122582197189, 0.5091135501861572, 0.5231160521507263, -0.05350416898727417, 0.5129145979881287, 0.5754116773605347, -0.057771455496549606, 0.5174601674079895, 0.6176550388336182, -0.05978800356388092, 0.4899648129940033, 0.42544278502464294, -0.036136917769908905, 0.48478132486343384, 0.49288642406463623, -0.05030067637562752, 0.48266497254371643, 0.5368188619613647, -0.05330443009734154, 0.4817887544631958, 0.5742337107658386, -0.05428263545036316]",[]
"[0.5322892665863037, 0.3394678235054016, 3.8642855315629276e-07, 0.5767267346382141, 0.37650224566459656, -0.02227412723004818, 0.6010900735855103, 0.44809335470199585, -0.03402357175946236, 0.6214849948883057, 0.5164064764976501, -0.040048692375421524, 0.6467518210411072, 0.5637645125389099, -0.046041835099458694, 0.5686399340629578, 0.5235775709152222, -0.033615417778491974, 0.5762906074523926, 0.6214538216590881, -0.04314159229397774, 0.5822290182113647, 0.6792874932289124, -0.04778927192091942, 0.5861115455627441, 0.7244695425033569, -0.049803659319877625, 0.5390117168426514, 0.531999945640564, -0.023370418697595596, 0.5390780568122864, 0.6359689831733704, -0.03214709088206291, 0.5403071641921997, 0.7007110118865967, -0.03616888076066971, 0.5402752757072449, 0.7489445805549622, -0.03844180703163147, 0.5150624513626099, 0.5210801959037781, -0.013202488422393799, 0.5113892555236816, 0.6081008315086365, -0.022538121789693832, 0.50784832239151, 0.664823591709137, -0.02572835423052311, 0.503248929977417, 0.7060644626617432, -0.026283470913767815, 0.49857035279273987, 0.5033883452415466, -0.003366653574630618, 0.49825870990753174, 0.5748378038406372, -0.009498548693954945, 0.4953748285770416, 0.6183263063430786, -0.009167913347482681, 0.4915640652179718, 0.6524055004119873, -0.007934083230793476]",[]
"[0.5281611084938049, 0.34343498945236206, 2.395301521573856e-07, 0.5740063786506653, 0.37451618909835815, -0.017269492149353027, 0.5989500284194946, 0.4456983804702759, -0.024799250066280365, 0.6188080906867981, 0.5129198431968689, -0.029015855863690376, 0.6411497592926025, 0.5565788745880127, -0.032760199159383774, 0.5688310265541077, 0.524247407913208, -0.019611762836575508, 0.5826128125190735, 0.5971782207489014, -0.02979809045791626, 0.5923836827278137, 0.6417558193206787, -0.03669432923197746, 0.5975959897041321, 0.6751437783241272, -0.040870241820812225, 0.5369740128517151, 0.5349311232566833, -0.016865164041519165, 0.5424857139587402, 0.6283127665519714, -0.021554192528128624, 0.545143187046051, 0.6853586435317993, -0.02538216859102249, 0.5457050800323486, 0.7273113131523132, -0.028227802366018295, 0.5092516541481018, 0.5227913856506348, -0.015681153163313866, 0.5048627257347107, 0.604083776473999, -0.024506840854883194, 0.4988476634025574, 0.6558805108070374, -0.030392959713935852, 0.49366775155067444, 0.6945303082466125, -0.03385579586029053, 0.4878668487071991, 0.4932953417301178, -0.015166345052421093, 0.4759523272514343, 0.542990505695343, -0.025040889158844948, 0.4670689105987549, 0.570459246635437, -0.027565425261855125, 0.46092063188552856, 0.5903879404067993, -0.027996141463518143]",[]
"[0.514799177646637, 0.3261282742023468, 2.4806436726976244e-07, 0.5617987513542175, 0.35909968614578247, -0.020653419196605682, 0.5883486270904541, 0.4382828176021576, -0.032199714332818985, 0.6101188063621521, 0.5116788148880005, -0.038097597658634186, 0.6353943347930908, 0.5555709004402161, -0.043746281415224075, 0.5571775436401367, 0.49987804889678955, -0.03963358700275421, 0.5682787299156189, 0.5938121676445007, -0.052016012370586395, 0.5743003487586975, 0.6476055383682251, -0.05835181102156639, 0.57855623960495, 0.691901445388794, -0.06170567497611046, 0.5256242752075195, 0.5083581805229187, -0.03276136517524719, 0.5288680195808411, 0.6168977618217468, -0.044019196182489395, 0.53089439868927, 0.6836282014846802, -0.04916512966156006, 0.532288134098053, 0.7340846061706543, -0.05235369876027107, 0.500780463218689, 0.500265896320343, -0.025453316047787666, 0.5013060569763184, 0.5928022861480713, -0.035321492701768875, 0.5023782253265381, 0.6534785032272339, -0.039410024881362915, 0.5020588636398315, 0.6976678371429443, -0.04109276086091995, 0.48371389508247375, 0.4832969009876251, -0.018580835312604904, 0.4833354353904724, 0.5519365072250366, -0.024542754516005516, 0.48596978187561035, 0.5921880006790161, -0.02454720437526703, 0.48822757601737976, 0.6204285621643066, -0.02350955456495285]",[]
"[0.5048563480377197, 0.32415714859962463, 2.090602038151701e-07, 0.5579131841659546, 0.34320956468582153, -0.022585507482290268, 0.585037112236023, 0.4161893129348755, -0.03391406312584877, 0.6024652123451233, 0.49555301666259766, -0.03971948102116585, 0.6263095736503601, 0.5473601222038269, -0.04511918127536774, 0.5580170154571533, 0.49759212136268616, -0.031038835644721985, 0.5811648964881897, 0.5798192620277405, -0.04118425026535988, 0.5993918776512146, 0.6240861415863037, -0.048247579485177994, 0.6132122278213501, 0.6580345630645752, -0.052508387714624405, 0.5266870260238647, 0.5124018788337708, -0.02308683469891548, 0.534153938293457, 0.6145454049110413, -0.030883178114891052, 0.5393157005310059, 0.6773512959480286, -0.035666242241859436, 0.5420055389404297, 0.7257370352745056, -0.03904063254594803, 0.5019885301589966, 0.505840003490448, -0.015819557011127472, 0.5101822018623352, 0.6015903353691101, -0.024050772190093994, 0.5153576731681824, 0.6642212271690369, -0.028893649578094482, 0.5174949765205383, 0.7135963439941406, -0.03178366646170616, 0.4831652045249939, 0.4886705279350281, -0.009354708716273308, 0.4857332408428192, 0.5594455599784851, -0.014818626455962658, 0.48781800270080566, 0.6038405299186707, -0.015219389460980892, 0.4881686270236969, 0.6389355063438416, -0.014898614957928658]",[]
"[0.5062876343727112, 0.32206302881240845, 2.48890501097776e-07, 0.5560100674629211, 0.35200047492980957, -0.018336111679673195, 0.5812727212905884, 0.42541784048080444, -0.0284129548817873, 0.5981972217559814, 0.5036271810531616, -0.032304901629686356, 0.6224789023399353, 0.5525099039077759, -0.03484834358096123, 0.5545291304588318, 0.5050620436668396, -0.03446963429450989, 0.58029705286026, 0.591998815536499, -0.04150975123047829, 0.5978958606719971, 0.6353384256362915, -0.042911138385534286, 0.6110642552375793, 0.6701769828796387, -0.04285629093647003, 0.5232551097869873, 0.5188540816307068, -0.02596193738281727, 0.5290805101394653, 0.626618504524231, -0.037119120359420776, 0.5345755815505981, 0.6879045963287354, -0.040915291756391525, 0.5381906032562256, 0.734889566898346, -0.041956353932619095, 0.4985508322715759, 0.5087279677391052, -0.016136454418301582, 0.5015137791633606, 0.6022862195968628, -0.025039492174983025, 0.5067561268806458, 0.6652628779411316, -0.027525879442691803, 0.5096881985664368, 0.7128530144691467, -0.027325967326760292, 0.47955864667892456, 0.4878334403038025, -0.006177840288728476, 0.48099228739738464, 0.556555449962616, -0.008485304191708565, 0.4837045669555664, 0.5964134335517883, -0.005124798510223627, 0.48607105016708374, 0.626309871673584, -0.001509344787336886]",[]
"[0.5081082582473755, 0.34525686502456665, 2.4720088731555734e-07, 0.5518602132797241, 0.37001341581344604, -0.02433435618877411, 0.5781145095825195, 0.4351629614830017, -0.0372939333319664, 0.5974487662315369, 0.5038390159606934, -0.04399541765451431, 0.6220318675041199, 0.5512413382530212, -0.05066557228565216, 0.5537607073783875, 0.5180510878562927, -0.03832987695932388, 0.5799689292907715, 0.592165470123291, -0.049024879932403564, 0.5987041592597961, 0.6335238814353943, -0.056070033460855484, 0.6129617094993591, 0.6710250973701477, -0.06176341325044632, 0.527519941329956, 0.5333706736564636, -0.030501263216137886, 0.5357154011726379, 0.6256337761878967, -0.04479832574725151, 0.5422168374061584, 0.6863987445831299, -0.0555318146944046, 0.5460672378540039, 0.7352840900421143, -0.06341700255870819, 0.5070236325263977, 0.52454674243927, -0.022499674931168556, 0.5109684467315674, 0.6121327877044678, -0.038506701588630676, 0.5134413242340088, 0.674892246723175, -0.050852369517087936, 0.5137373805046082, 0.7259989976882935, -0.05875624343752861, 0.4907340407371521, 0.5056490898132324, -0.014608710072934628, 0.4882056415081024, 0.5686327815055847, -0.029171163216233253, 0.4842908978462219, 0.6109287142753601, -0.03694404289126396, 0.4796399772167206, 0.6492538452148438, -0.04184470698237419]",[]
"[0.5044645071029663, 0.3369944095611572, 2.2914102260074287e-07, 0.5555391311645508, 0.35358235239982605, -0.025281280279159546, 0.5813366770744324, 0.42349210381507874, -0.03636782616376877, 0.5979641675949097, 0.5013063549995422, -0.04069683328270912, 0.6208009123802185, 0.5515016913414001, -0.04381806030869484, 0.5510196089744568, 0.5172396898269653, -0.030513416975736618, 0.5791264176368713, 0.5984610319137573, -0.03793945163488388, 0.598724901676178, 0.6395846009254456, -0.04257163405418396, 0.6139322519302368, 0.6727640628814697, -0.045234281569719315, 0.5223056077957153, 0.528908908367157, -0.019481675699353218, 0.5277841687202454, 0.6257866024971008, -0.02712385170161724, 0.5317357182502747, 0.6825253367424011, -0.032049473375082016, 0.5336740016937256, 0.7279258966445923, -0.0349784716963768, 0.5027488470077515, 0.5180023312568665, -0.009170526638627052, 0.505747377872467, 0.6072007417678833, -0.0197379682213068, 0.5080916881561279, 0.6706714034080505, -0.027828870341181755, 0.5081934332847595, 0.7222375869750977, -0.031867098063230515, 0.48854440450668335, 0.49997276067733765, 0.0006813710788264871, 0.4896049499511719, 0.5705413818359375, -0.006344818044453859, 0.4892573356628418, 0.615138053894043, -0.008720336481928825, 0.4874315559864044, 0.6529684066772461, -0.009562332183122635]",[]
"[0.5038800239562988, 0.3302695155143738, 2.0583021864695183e-07, 0.5554589033126831, 0.3412454426288605, -0.02418573759496212, 0.5808250904083252, 0.41245943307876587, -0.03307666257023811, 0.5951489806175232, 0.4939879775047302, -0.03558062016963959, 0.6156089901924133, 0.548233687877655, -0.03697550669312477, 0.5502566695213318, 0.510473370552063, -0.02764640562236309, 0.5776468515396118, 0.5932917594909668, -0.034022171050310135, 0.5981753468513489, 0.6385027170181274, -0.039150137454271317, 0.6119912266731262, 0.6753631830215454, -0.04274922236800194, 0.524861752986908, 0.5279687643051147, -0.017219064757227898, 0.5320093631744385, 0.6204482316970825, -0.023582329973578453, 0.5355472564697266, 0.6786919832229614, -0.02842673473060131, 0.5344831943511963, 0.7217117547988892, -0.03181943669915199, 0.5079303979873657, 0.5235263109207153, -0.007775448262691498, 0.5146249532699585, 0.6139206886291504, -0.017769983038306236, 0.5166884064674377, 0.6738570928573608, -0.026613740250468254, 0.5153893232345581, 0.7227253317832947, -0.031795501708984375, 0.4963139593601227, 0.5096186399459839, 0.001024317112751305, 0.49367839097976685, 0.5793609619140625, -0.00726136052981019, 0.48862195014953613, 0.6229439377784729, -0.011725377291440964, 0.48230594396591187, 0.6609334945678711, -0.014211694709956646]",[]
"[0.5085339546203613, 0.33260220289230347, 2.5303273787358194e-07, 0.5570690035820007, 0.341335266828537, -0.028909139335155487, 0.5809507966041565, 0.40959954261779785, -0.04076554253697395, 0.5955422520637512, 0.4921838641166687, -0.045184001326560974, 0.6161056160926819, 0.5484395027160645, -0.04823167249560356, 0.5493523478507996, 0.5014334917068481, -0.03453066200017929, 0.5752356052398682, 0.5917795896530151, -0.04069895297288895, 0.594727098941803, 0.6387490630149841, -0.044274695217609406, 0.6079736948013306, 0.6756214499473572, -0.04640495032072067, 0.5229412913322449, 0.5190742015838623, -0.020840873941779137, 0.5317012071609497, 0.6207508444786072, -0.02731238678097725, 0.5376070737838745, 0.6830006241798401, -0.03077911026775837, 0.5384292006492615, 0.728110671043396, -0.03275635093450546, 0.5064787864685059, 0.5155318379402161, -0.00786759052425623, 0.5144392251968384, 0.6090602874755859, -0.016398442909121513, 0.5184008479118347, 0.6697388291358948, -0.022669292986392975, 0.5177239179611206, 0.7163142561912537, -0.0259148720651865, 0.49670180678367615, 0.5041356682777405, 0.004123734775930643, 0.49682533740997314, 0.5708878040313721, -0.0028624662663787603, 0.49362078309059143, 0.6142266988754272, -0.005670740734785795, 0.48800787329673767, 0.6495473384857178, -0.006654173135757446]",[]
"[0.5037413835525513, 0.32154250144958496, 2.8021921139043116e-07, 0.5550625920295715, 0.32779550552368164, -0.038358163088560104, 0.582273542881012, 0.4001815915107727, -0.05407857149839401, 0.594963788986206, 0.48796045780181885, -0.059160783886909485, 0.6144170761108398, 0.5480650663375854, -0.06195297837257385, 0.5453034043312073, 0.4838942885398865, -0.053665850311517715, 0.5724484920501709, 0.5838205218315125, -0.06322226673364639, 0.591542661190033, 0.6382070183753967, -0.06626004725694656, 0.6042370200157166, 0.6807779669761658, -0.06722692400217056, 0.517202615737915, 0.5026395916938782, -0.03368208184838295, 0.527454137802124, 0.6139477491378784, -0.0466967411339283, 0.5335018634796143, 0.6781397461891174, -0.050461482256650925, 0.5343437194824219, 0.7254829406738281, -0.051230188459157944, 0.501334547996521, 0.5011500120162964, -0.013681251555681229, 0.5130358934402466, 0.5969637036323547, -0.025399290025234222, 0.5210449695587158, 0.6604883670806885, -0.029969800263643265, 0.5228331089019775, 0.708020806312561, -0.030896270647644997, 0.492639422416687, 0.4927367568016052, 0.00486121466383338, 0.4970625042915344, 0.5593844652175903, -0.0020348362158983946, 0.49816426634788513, 0.6005143523216248, -0.0032675345428287983, 0.49624699354171753, 0.6329395174980164, -0.0026682729367166758]",[]
"[0.5115306377410889, 0.32306909561157227, 2.311787170583557e-07, 0.5596330761909485, 0.33404576778411865, -0.03256276249885559, 0.584128737449646, 0.4079030752182007, -0.04494260624051094, 0.5928181409835815, 0.49022921919822693, -0.0498548299074173, 0.6087466478347778, 0.548128604888916, -0.05287342891097069, 0.5477892160415649, 0.4988616406917572, -0.03738263249397278, 0.5711576342582703, 0.5878431797027588, -0.04909583181142807, 0.5893771052360535, 0.6413644552230835, -0.056114502251148224, 0.6027804613113403, 0.6839243173599243, -0.06018706411123276, 0.5235455632209778, 0.5167213678359985, -0.024825772270560265, 0.5297596454620361, 0.618329644203186, -0.0381891168653965, 0.5353596210479736, 0.6816002130508423, -0.044599998742341995, 0.5358895659446716, 0.7290927171707153, -0.047408707439899445, 0.5093614459037781, 0.5145459175109863, -0.013871343806385994, 0.5167251229286194, 0.6087249517440796, -0.028553089126944542, 0.5221854448318481, 0.6727449893951416, -0.03618212416768074, 0.5216285586357117, 0.723287045955658, -0.039016298949718475, 0.5013582110404968, 0.5042210817337036, -0.0045894659124314785, 0.5020080208778381, 0.5744699239730835, -0.015455150976777077, 0.5020416975021362, 0.6182416677474976, -0.019224083051085472, 0.4990415871143341, 0.6547451615333557, -0.02027214877307415]",[]
"[0.495818167924881, 0.33302974700927734, 1.953784618535792e-07, 0.5456757545471191, 0.33004510402679443, -0.03828902170062065, 0.5781623721122742, 0.39868757128715515, -0.0544363409280777, 0.5902066230773926, 0.4854017198085785, -0.059684839099645615, 0.6066920757293701, 0.5481653809547424, -0.06229783222079277, 0.5395298004150391, 0.4695122241973877, -0.06007283180952072, 0.5600747466087341, 0.546575665473938, -0.07164650410413742, 0.5704030394554138, 0.5867506265640259, -0.07435742020606995, 0.5734367370605469, 0.6201886534690857, -0.07601017504930496, 0.5172097682952881, 0.5019656419754028, -0.042897310107946396, 0.529295802116394, 0.6044880151748657, -0.06273110210895538, 0.5365980267524719, 0.6707645058631897, -0.06949695199728012, 0.5361855626106262, 0.7189546823501587, -0.07266329228878021, 0.5050806403160095, 0.5165584683418274, -0.02531650848686695, 0.5205816030502319, 0.6120542883872986, -0.043943796306848526, 0.5295740365982056, 0.6783331036567688, -0.05188065767288208, 0.5310997366905212, 0.7297683358192444, -0.05511502921581268, 0.4993795156478882, 0.5208998918533325, -0.008948152884840965, 0.5043399930000305, 0.5905612707138062, -0.02339692786335945, 0.5035947561264038, 0.6322734355926514, -0.030061820521950722, 0.5005831122398376, 0.6685310006141663, -0.03355788812041283]",[]
"[0.494156152009964, 0.3464399576187134, 1.3151642974662536e-07, 0.5390644073486328, 0.3403699994087219, -0.035867512226104736, 0.5714449882507324, 0.40096020698547363, -0.05253724381327629, 0.5845493674278259, 0.47848835587501526, -0.06033209711313248, 0.6016281247138977, 0.5366200804710388, -0.0660683810710907, 0.5356045365333557, 0.4744865298271179, -0.05479428172111511, 0.5516351461410522, 0.5524147152900696, -0.07097525149583817, 0.5607226490974426, 0.5976769328117371, -0.07840163260698318, 0.5641134977340698, 0.633222222328186, -0.08240319788455963, 0.5171574950218201, 0.5065863132476807, -0.041133277118206024, 0.5271525382995605, 0.6097011566162109, -0.06082214415073395, 0.5370838642120361, 0.6770511865615845, -0.06887846440076828, 0.5407975912094116, 0.726210355758667, -0.07293538004159927, 0.5057626366615295, 0.5240383148193359, -0.02787735126912594, 0.5145025849342346, 0.6182976961135864, -0.045055776834487915, 0.5199269652366638, 0.6776071786880493, -0.052040450274944305, 0.5199328064918518, 0.7243273258209229, -0.05471459776163101, 0.4999639391899109, 0.5292626023292542, -0.016295775771141052, 0.5048449635505676, 0.599948525428772, -0.028517410159111023, 0.5055525898933411, 0.6407021880149841, -0.033065393567085266, 0.5052813291549683, 0.675033688545227, -0.03499770164489746]",[]
"[0.536414384841919, 0.3551867604255676, 3.3043477287719725e-07, 0.5359464287757874, 0.39125490188598633, -0.03262866660952568, 0.5358892679214478, 0.4534572958946228, -0.049378685653209686, 0.5361809134483337, 0.512887179851532, -0.06164350360631943, 0.5416355133056641, 0.5686872601509094, -0.07266009598970413, 0.5280872583389282, 0.5412039160728455, -0.02964181825518608, 0.5232591032981873, 0.6284632682800293, -0.0478019081056118, 0.5217239856719971, 0.6873835325241089, -0.06222199648618698, 0.520683765411377, 0.7343113422393799, -0.0717393085360527, 0.5285537242889404, 0.5448943972587585, -0.02145165391266346, 0.5266441702842712, 0.6338902711868286, -0.03855970874428749, 0.5264696478843689, 0.6967447996139526, -0.051775023341178894, 0.526619017124176, 0.7482432126998901, -0.060081105679273605, 0.52700275182724, 0.5372529625892639, -0.016394827514886856, 0.525428295135498, 0.6178791522979736, -0.031193643808364868, 0.5268150568008423, 0.674132227897644, -0.040341734886169434, 0.5284680724143982, 0.7201527953147888, -0.0456974059343338, 0.523216724395752, 0.5204260945320129, -0.014310482889413834, 0.5174824595451355, 0.5736585855484009, -0.02573304809629917, 0.5176141262054443, 0.6117642521858215, -0.03164273872971535, 0.5186617374420166, 0.6424107551574707, -0.03506215661764145]",[]
[],"[0.5378497242927551, 0.3876163959503174, 3.186570722846227e-07, 0.5354486107826233, 0.4236365258693695, -0.02210685983300209, 0.5327085852622986, 0.48046982288360596, -0.03474123030900955, 0.5331544876098633, 0.5322687029838562, -0.04464087262749672, 0.5437434911727905, 0.5743232369422913, -0.05396625027060509, 0.535332441329956, 0.5624150037765503, -0.022535743191838264, 0.529746949672699, 0.6394497156143188, -0.037590812891721725, 0.5279392004013062, 0.6905391812324524, -0.049827080219984055, 0.5263219475746155, 0.7324506044387817, -0.05820919945836067, 0.5342127680778503, 0.5663775205612183, -0.019579792395234108, 0.5320005416870117, 0.6472493410110474, -0.03374862298369408, 0.5294673442840576, 0.7054099440574646, -0.044592734426259995, 0.5269473195075989, 0.7524942755699158, -0.0519486740231514, 0.5310948491096497, 0.5571977496147156, -0.018761444836854935, 0.5271933674812317, 0.6301149129867554, -0.030751757323741913, 0.523464024066925, 0.6829473972320557, -0.037982795387506485, 0.5195778608322144, 0.7246629595756531, -0.043017953634262085, 0.5260133147239685, 0.5369810461997986, -0.020038314163684845, 0.5197077393531799, 0.5836584568023682, -0.029686342924833298, 0.5167708992958069, 0.6200947761535645, -0.03419589251279831, 0.5135040283203125, 0.6491633057594299, -0.03724459558725357]"
[],"[0.5361145734786987, 0.38001948595046997, 4.206812889151479e-07, 0.5444149374961853, 0.4156906008720398, -0.030094940215349197, 0.5450910329818726, 0.472108393907547, -0.04488203674554825, 0.5408073663711548, 0.5275485515594482, -0.05529150739312172, 0.5498150587081909, 0.5776886940002441, -0.0649683028459549, 0.5434832572937012, 0.5664383769035339, -0.02461356483399868, 0.5422132015228271, 0.6466882228851318, -0.03664954751729965, 0.5417975783348083, 0.6988582611083984, -0.04717903211712837, 0.5404937267303467, 0.7391148805618286, -0.05461062863469124, 0.531315803527832, 0.5678279995918274, -0.017552414909005165, 0.5300024151802063, 0.6517606973648071, -0.026022590696811676, 0.5296653509140015, 0.7081575393676758, -0.03524716570973396, 0.5279846787452698, 0.7531690001487732, -0.042384855449199677, 0.5187735557556152, 0.5508189797401428, -0.013487151823937893, 0.5117007493972778, 0.6254445910453796, -0.02166144549846649, 0.5079517960548401, 0.6753352284431458, -0.029806921258568764, 0.5037899613380432, 0.7169253826141357, -0.036951057612895966, 0.5067824125289917, 0.5199796557426453, -0.012175182811915874, 0.4919138550758362, 0.5602012276649475, -0.021029163151979446, 0.48285260796546936, 0.5886431932449341, -0.026296542957425117, 0.47486642003059387, 0.6124324202537537, -0.030456136912107468]"
[],"[0.5376697778701782, 0.3884648084640503, 3.9465638224100985e-07, 0.5475918650627136, 0.4274928867816925, -0.02240455336868763, 0.5480430126190186, 0.48468878865242004, -0.0346192941069603, 0.5453208088874817, 0.5400056838989258, -0.0442066490650177, 0.5551372766494751, 0.5828242301940918, -0.0536542683839798, 0.5459084510803223, 0.5693448185920715, -0.019246704876422882, 0.546640157699585, 0.6441448926925659, -0.03208394721150398, 0.5480124354362488, 0.6955416202545166, -0.042320095002651215, 0.5472341179847717, 0.7348605990409851, -0.04912038519978523, 0.532437801361084, 0.5714297294616699, -0.01678870990872383, 0.5322915315628052, 0.6544420123100281, -0.025013484060764313, 0.5337477922439575, 0.7089782357215881, -0.03273339197039604, 0.5334256291389465, 0.7525298595428467, -0.03841177374124527, 0.5190375447273254, 0.5557451844215393, -0.016909005120396614, 0.5115460753440857, 0.6301268935203552, -0.02579185552895069, 0.5088940858840942, 0.6785077452659607, -0.03315490856766701, 0.506205141544342, 0.7175783514976501, -0.03928898647427559, 0.5068789124488831, 0.5241934657096863, -0.019093986600637436, 0.49072614312171936, 0.5621116757392883, -0.029219530522823334, 0.47952568531036377, 0.5896121263504028, -0.03426343575119972, 0.4698655307292938, 0.6118937134742737, -0.03771667927503586]"
[],"[0.45159924030303955, 0.42203742265701294, 5.055219389760168e-07, 0.4270804226398468, 0.4832828640937805, -0.013178517110645771, 0.41396841406822205, 0.5513535737991333, -0.025490330532193184, 0.39953210949897766, 0.6108366250991821, -0.033778879791498184, 0.3809334933757782, 0.6463500261306763, -0.04237167909741402, 0.4456406831741333, 0.6134409308433533, -0.047649506479501724, 0.43252110481262207, 0.6975659132003784, -0.06761784851551056, 0.42170071601867676, 0.7474645376205444, -0.07642129063606262, 0.4101032614707947, 0.7843791246414185, -0.08005186170339584, 0.48067954182624817, 0.6115118265151978, -0.04599684849381447, 0.48474493622779846, 0.7182266116142273, -0.06572607159614563, 0.4886336028575897, 0.7850678563117981, -0.06764788180589676, 0.4895678162574768, 0.8301913738250732, -0.06658747792243958, 0.5131385922431946, 0.5892136096954346, -0.043806444853544235, 0.5329458117485046, 0.6792563199996948, -0.060989733785390854, 0.5445384979248047, 0.7331551909446716, -0.06470426917076111, 0.5527162551879883, 0.7671238780021667, -0.06459948420524597, 0.5380178093910217, 0.5449289083480835, -0.041252341121435165, 0.5629798173904419, 0.6110600829124451, -0.05802450329065323, 0.5790543556213379, 0.6445735692977905, -0.0636943057179451, 0.592499315738678, 0.6688385009765625, -0.06497640907764435]"
"[0.4745883047580719, 0.40204066038131714, 5.168901680008275e-07, 0.525334894657135, 0.4528310298919678, -0.023270215839147568, 0.5525137782096863, 0.535569429397583, -0.03705091401934624, 0.5684256553649902, 0.6198705434799194, -0.044231172651052475, 0.5902600288391113, 0.682668149471283, -0.05108008533716202, 0.517667829990387, 0.600924015045166, -0.05319257825613022, 0.5181866884231567, 0.7064095735549927, -0.06957177072763443, 0.5187932848930359, 0.7693678140640259, -0.07552434504032135, 0.5178883075714111, 0.819976270198822, -0.07875694334506989, 0.4841992259025574, 0.6032822728157043, -0.04677513614296913, 0.47385022044181824, 0.71354079246521, -0.06747507303953171, 0.4678041338920593, 0.7839134335517883, -0.07749735563993454, 0.4601287245750427, 0.8357505798339844, -0.08373577147722244, 0.4556480050086975, 0.5823987722396851, -0.03899042680859566, 0.4344751536846161, 0.6650770306587219, -0.06169651076197624, 0.4189454913139343, 0.7262012362480164, -0.07288405299186707, 0.4025900959968567, 0.7721456289291382, -0.07839690893888474, 0.4326883852481842, 0.5512443780899048, -0.030476469546556473, 0.4120495915412903, 0.5964624285697937, -0.048861633986234665, 0.39533746242523193, 0.6228436827659607, -0.05470038205385208, 0.38177618384361267, 0.6466651558876038, -0.05731246992945671]",[]
"[0.46839800477027893, 0.3882051706314087, 4.0397151224169647e-07, 0.516535222530365, 0.42343056201934814, -0.025377236306667328, 0.5459116697311401, 0.5071226954460144, -0.04102453961968422, 0.5617137551307678, 0.5968851447105408, -0.050046421587467194, 0.5821321606636047, 0.6661379337310791, -0.05734280124306679, 0.5179731249809265, 0.5502211451530457, -0.0562339723110199, 0.5361640453338623, 0.6302359700202942, -0.07916916906833649, 0.5433987379074097, 0.6381034851074219, -0.08809453248977661, 0.5466941595077515, 0.6311851143836975, -0.09095042198896408, 0.4852144718170166, 0.5666108131408691, -0.051933612674474716, 0.48217642307281494, 0.6820248961448669, -0.07688897103071213, 0.47730591893196106, 0.7586684823036194, -0.08972924202680588, 0.4698716104030609, 0.8167879581451416, -0.0981050431728363, 0.45746952295303345, 0.5576782822608948, -0.0473078116774559, 0.4409726858139038, 0.6500970721244812, -0.0730365440249443, 0.42594075202941895, 0.7156647443771362, -0.08429926633834839, 0.41016685962677, 0.7662610411643982, -0.08957751095294952, 0.433154433965683, 0.5355727076530457, -0.04223019629716873, 0.41892993450164795, 0.5950546860694885, -0.06391321867704391, 0.4032622277736664, 0.6334202289581299, -0.06980418413877487, 0.39104390144348145, 0.666312575340271, -0.07190635055303574]",[]
"[0.4715084731578827, 0.38218945264816284, 6.244721930670494e-07, 0.5205668807029724, 0.42145484685897827, -0.024953605607151985, 0.5468841195106506, 0.5085181593894958, -0.04019393399357796, 0.561761200428009, 0.6013824343681335, -0.04850342869758606, 0.5841377973556519, 0.666951596736908, -0.05689486116170883, 0.5168070793151855, 0.5587444305419922, -0.062235258519649506, 0.5220876932144165, 0.6794698238372803, -0.08455705642700195, 0.5224295258522034, 0.7561967372894287, -0.09409518539905548, 0.5202856063842773, 0.8157968521118164, -0.0991189256310463, 0.48173415660858154, 0.5670982003211975, -0.05740064010024071, 0.4728637635707855, 0.6895829439163208, -0.08268219977617264, 0.4663082957267761, 0.7752416133880615, -0.09593628346920013, 0.45767128467559814, 0.8389947414398193, -0.10451129078865051, 0.45269352197647095, 0.5533128976821899, -0.050884801894426346, 0.43647831678390503, 0.6501711010932922, -0.07619470357894897, 0.4223654866218567, 0.7188810706138611, -0.08774816989898682, 0.40619325637817383, 0.7718158960342407, -0.09346547722816467, 0.4316464066505432, 0.5290356278419495, -0.04388139769434929, 0.4151591658592224, 0.5847960710525513, -0.06708352267742157, 0.39937105774879456, 0.6210842132568359, -0.07467260956764221, 0.3865048885345459, 0.6539992094039917, -0.0775599256157875]",[]
"[0.4469742178916931, 0.38099735975265503, 3.9281388808376505e-07, 0.4937128722667694, 0.3992258310317993, -0.0351981446146965, 0.5260096788406372, 0.45969194173812866, -0.05599947273731232, 0.5488630533218384, 0.5336567759513855, -0.06892302632331848, 0.5693623423576355, 0.5979635715484619, -0.08060384541749954, 0.5055676698684692, 0.561346709728241, -0.05668231099843979, 0.5291933417320251, 0.6454963088035583, -0.0762154683470726, 0.5467779636383057, 0.6834452152252197, -0.08645514398813248, 0.5590806007385254, 0.7103173136711121, -0.09247050434350967, 0.4744836390018463, 0.5787020325660706, -0.046188537031412125, 0.475669801235199, 0.6840164661407471, -0.06512770801782608, 0.4738856554031372, 0.7481125593185425, -0.07529563456773758, 0.47079333662986755, 0.7955276370048523, -0.08224330842494965, 0.4454692304134369, 0.5707424879074097, -0.03676315024495125, 0.43281257152557373, 0.6579978466033936, -0.05599936842918396, 0.42052993178367615, 0.7224699258804321, -0.066421739757061, 0.4086456894874573, 0.7715221643447876, -0.07266710698604584, 0.42093929648399353, 0.5497186779975891, -0.028576301410794258, 0.40507248044013977, 0.6064100861549377, -0.045997828245162964, 0.3912888169288635, 0.6457666158676147, -0.05304418504238129, 0.3797326683998108, 0.6792491674423218, -0.056665077805519104]",[]
"[0.442701131105423, 0.38308924436569214, 2.55914244462474e-07, 0.49790385365486145, 0.4154449701309204, -0.015846000984311104, 0.5301090478897095, 0.49395838379859924, -0.02125912345945835, 0.5482988953590393, 0.5749571323394775, -0.02160983718931675, 0.5683120489120483, 0.6332924365997314, -0.021567324176430702, 0.5018945932388306, 0.5846989750862122, -0.028970010578632355, 0.5243512392044067, 0.6666370630264282, -0.03428797796368599, 0.5391132235527039, 0.7100946307182312, -0.03524746000766754, 0.5499736666679382, 0.7433804869651794, -0.03634295240044594, 0.4701263904571533, 0.5955843925476074, -0.0244853887706995, 0.474078506231308, 0.6956326365470886, -0.029555415734648705, 0.4768640995025635, 0.7507367730140686, -0.03243187814950943, 0.4764656126499176, 0.7853711843490601, -0.03481708839535713, 0.4404357075691223, 0.5773308873176575, -0.0199754536151886, 0.4302515387535095, 0.6633908748626709, -0.02947576902806759, 0.4202858507633209, 0.7152166962623596, -0.038267165422439575, 0.40847137570381165, 0.7524692416191101, -0.044253624975681305, 0.41592636704444885, 0.5421390533447266, -0.015140365809202194, 0.3993508815765381, 0.5821196436882019, -0.027445824816823006, 0.38809481263160706, 0.604741096496582, -0.03408682718873024, 0.3767850697040558, 0.6249999403953552, -0.037569500505924225]",[]
"[0.5053720474243164, 0.375895619392395, 2.485606955815456e-07, 0.5178453922271729, 0.4292601943016052, -0.013895142823457718, 0.5311415791511536, 0.5005643367767334, -0.01476515643298626, 0.5395122170448303, 0.5636837482452393, -0.014772407710552216, 0.5546442866325378, 0.6124868392944336, -0.013490453362464905, 0.542808473110199, 0.5171101689338684, 0.01525880116969347, 0.5467349290847778, 0.5873210430145264, 0.013479524292051792, 0.5454779863357544, 0.6252869367599487, 0.007322520948946476, 0.5458483695983887, 0.649429976940155, 0.003232908435165882, 0.5402077436447144, 0.5159958004951477, 0.02053685113787651, 0.5418761372566223, 0.5923771858215332, 0.019960207864642143, 0.5395532846450806, 0.6306338310241699, 0.010907622054219246, 0.5360026359558105, 0.6544539928436279, 0.004504016134887934, 0.5372070074081421, 0.5128946900367737, 0.02255517803132534, 0.5397173762321472, 0.5826767683029175, 0.022593868896365166, 0.5392583012580872, 0.6200224757194519, 0.0164652056992054, 0.5385288000106812, 0.6428443193435669, 0.011980944313108921, 0.5335806012153625, 0.5070791840553284, 0.022712580859661102, 0.5391882061958313, 0.5616620182991028, 0.024441497400403023, 0.5451261401176453, 0.5944549441337585, 0.0230263639241457, 0.5508488416671753, 0.6173884868621826, 0.02135305479168892]",[]
"[0.5047969222068787, 0.3746081590652466, 2.840393165115529e-07, 0.5174238085746765, 0.4222986102104187, -0.022599391639232635, 0.5296121835708618, 0.4895760416984558, -0.02779059298336506, 0.534686267375946, 0.5522200465202332, -0.03035515360534191, 0.5457324981689453, 0.6059021353721619, -0.031174389645457268, 0.5352778434753418, 0.5365338325500488, 0.0035729198716580868, 0.5365760326385498, 0.6100505590438843, 0.0013982541859149933, 0.534666895866394, 0.6522303819656372, -0.002834059065207839, 0.5355814695358276, 0.6808449029922485, -0.005474344361573458, 0.5331740379333496, 0.5358767509460449, 0.012890222482383251, 0.533729076385498, 0.6095119118690491, 0.012367844581604004, 0.5324350595474243, 0.6415366530418396, 0.0070543610490858555, 0.5318276882171631, 0.6648420691490173, 0.003913263324648142, 0.5316516160964966, 0.5310958027839661, 0.01824522204697132, 0.5351203083992004, 0.5930516719818115, 0.01595263183116913, 0.5366520285606384, 0.6195586919784546, 0.010971943847835064, 0.5384994745254517, 0.6372073292732239, 0.00823846273124218, 0.5306084752082825, 0.523796558380127, 0.0211497712880373, 0.5389314293861389, 0.5713738799095154, 0.01957266591489315, 0.5479762554168701, 0.6002185940742493, 0.016733156517148018, 0.5567904710769653, 0.6230273246765137, 0.0148493442684412]",[]
"[0.505543053150177, 0.36514192819595337, 3.7794924878653546e-07, 0.5199820399284363, 0.4206926226615906, -0.022505266591906548, 0.5347285866737366, 0.4950734078884125, -0.028506077826023102, 0.5448986291885376, 0.5641612410545349, -0.03137516230344772, 0.5628761053085327, 0.6196697354316711, -0.032838936895132065, 0.5421369075775146, 0.511431872844696, 0.0038882396183907986, 0.5430654883384705, 0.5891954898834229, 0.0007063579396344721, 0.5429677963256836, 0.6347483396530151, -0.005343164317309856, 0.5458225011825562, 0.6645963788032532, -0.009116480126976967, 0.5374395847320557, 0.5105524659156799, 0.013907774351537228, 0.536257803440094, 0.5910959839820862, 0.013646533712744713, 0.5371813178062439, 0.6363245248794556, 0.00631750700995326, 0.5387107729911804, 0.6720341444015503, 0.00048499106196686625, 0.5335767865180969, 0.5070948600769043, 0.02029939368367195, 0.5351763367652893, 0.5729262232780457, 0.019752290099859238, 0.5363171100616455, 0.6061906814575195, 0.015205842442810535, 0.5377804636955261, 0.6288203597068787, 0.011744002811610699, 0.5297777652740479, 0.5010799169540405, 0.024292344227433205, 0.5350546836853027, 0.5526881814002991, 0.025463854894042015, 0.5414654612541199, 0.5844142436981201, 0.02467258647084236, 0.5483028888702393, 0.6080244183540344, 0.02337101846933365]","[0.4310416281223297, 0.4381829500198364, 4.433223637079209e-07, 0.4061516225337982, 0.4917983412742615, -0.004271544516086578, 0.39247897267341614, 0.5437631011009216, -0.01371790748089552, 0.3841869831085205, 0.5773722529411316, -0.022647593170404434, 0.36900225281715393, 0.5996510982513428, -0.03312329575419426, 0.42447856068611145, 0.6184561252593994, -0.024334512650966644, 0.4291219711303711, 0.6971439719200134, -0.03679029643535614, 0.4317747950553894, 0.7476387619972229, -0.0432014986872673, 0.43026232719421387, 0.7872357368469238, -0.0469430647790432, 0.45379483699798584, 0.6080464124679565, -0.027886249125003815, 0.47274988889694214, 0.6816955208778381, -0.039093513041734695, 0.4826374650001526, 0.7289315462112427, -0.04428645595908165, 0.4849063456058502, 0.7637010216712952, -0.04739927873015404, 0.47939980030059814, 0.5805113911628723, -0.03058820590376854, 0.5020245909690857, 0.6360370516777039, -0.0405694805085659, 0.5123699307441711, 0.6792173981666565, -0.046149518340826035, 0.5165143609046936, 0.7128995656967163, -0.049635857343673706, 0.4996286630630493, 0.5390431880950928, -0.03256959840655327, 0.5262729525566101, 0.5672593712806702, -0.04192378744482994, 0.5395073890686035, 0.5911911725997925, -0.04543333873152733, 0.5465546250343323, 0.6141531467437744, -0.04678071662783623]"
"[0.4456103444099426, 0.37304794788360596, 3.114509752322192e-07, 0.49486055970191956, 0.4125445485115051, -0.010705401189625263, 0.5255407094955444, 0.4882957637310028, -0.020366331562399864, 0.5427070260047913, 0.5642141103744507, -0.026806464418768883, 0.5599501729011536, 0.6177752614021301, -0.034199394285678864, 0.49771541357040405, 0.5563914179801941, -0.04099779203534126, 0.5036037564277649, 0.6581340432167053, -0.055336471647024155, 0.5051852464675903, 0.7207939624786377, -0.061668191105127335, 0.5047149658203125, 0.7682610750198364, -0.0657496303319931, 0.47435271739959717, 0.5638647079467773, -0.04318132996559143, 0.4819565415382385, 0.6709182858467102, -0.05674583464860916, 0.4875836670398712, 0.7345169186592102, -0.0617360845208168, 0.4892665147781372, 0.7788600921630859, -0.06489875167608261, 0.45092064142227173, 0.5492473244667053, -0.044417183846235275, 0.45406392216682434, 0.6500812768936157, -0.05851135402917862, 0.4517967104911804, 0.7159188389778137, -0.06657140702009201, 0.44546350836753845, 0.7622820138931274, -0.0723223015666008, 0.4301868975162506, 0.5165435671806335, -0.04513942077755928, 0.4188319742679596, 0.5640011429786682, -0.06157916411757469, 0.40953660011291504, 0.6001905202865601, -0.06968318670988083, 0.39962461590766907, 0.6290294528007507, -0.07419879734516144]",[]
"[0.457351416349411, 0.3701930642127991, 3.7972694144627894e-07, 0.5062844157218933, 0.41533398628234863, -0.02017495036125183, 0.5367839336395264, 0.4965997338294983, -0.03302764892578125, 0.5582534670829773, 0.5763164162635803, -0.04072274640202522, 0.5813087224960327, 0.6335611343383789, -0.04859793558716774, 0.5082231163978577, 0.5545327663421631, -0.04932845011353493, 0.5210148096084595, 0.6502364873886108, -0.06538978964090347, 0.5255711078643799, 0.7048795223236084, -0.07133962213993073, 0.5264124274253845, 0.74908447265625, -0.07532606273889542, 0.4775921106338501, 0.5637853145599365, -0.046625759452581406, 0.4758158326148987, 0.6714632511138916, -0.06666462868452072, 0.471547394990921, 0.7380699515342712, -0.07640156894922256, 0.4649980664253235, 0.7871445417404175, -0.08271948248147964, 0.45000240206718445, 0.5505051016807556, -0.043086182326078415, 0.4325217306613922, 0.6366167664527893, -0.06400465965270996, 0.41736939549446106, 0.692095935344696, -0.07500707358121872, 0.40170541405677795, 0.7329922914505005, -0.08147227019071579, 0.4272957742214203, 0.5215587615966797, -0.039239782840013504, 0.4038223624229431, 0.5624209046363831, -0.05943019315600395, 0.38637393712997437, 0.5884833931922913, -0.06855998188257217, 0.3710813820362091, 0.6105230450630188, -0.07356518507003784]",[]
"[0.46795061230659485, 0.34345272183418274, 5.835307206325524e-07, 0.5214228630065918, 0.3905368447303772, -0.02473573572933674, 0.5475675463676453, 0.48004859685897827, -0.03978448361158371, 0.5612449645996094, 0.5704997777938843, -0.04625411704182625, 0.5841841697692871, 0.6327141523361206, -0.052151311188936234, 0.5134869813919067, 0.5266605019569397, -0.06705617159605026, 0.5125288367271423, 0.6436646580696106, -0.08447553962469101, 0.5064887404441833, 0.711229681968689, -0.08972199261188507, 0.49913331866264343, 0.7632459998130798, -0.09211336821317673, 0.4780801236629486, 0.5294221043586731, -0.056023009121418, 0.4703143537044525, 0.6511794328689575, -0.0808430016040802, 0.45848801732063293, 0.7261307835578918, -0.0907164141535759, 0.44402483105659485, 0.781369686126709, -0.09661166369915009, 0.4510873258113861, 0.5132748484611511, -0.04189340025186539, 0.43547722697257996, 0.6095403432846069, -0.06253359466791153, 0.41785237193107605, 0.6699918508529663, -0.0683007687330246, 0.3966229259967804, 0.7141907215118408, -0.07047174870967865, 0.4311680793762207, 0.490930438041687, -0.02708708867430687, 0.4143272638320923, 0.54523766040802, -0.04147870093584061, 0.3975159823894501, 0.5808993577957153, -0.044672440737485886, 0.3820306062698364, 0.6147776246070862, -0.04604150354862213]",[]
"[0.41801944375038147, 0.3562275171279907, 2.1743315414823883e-07, 0.47102776169776917, 0.3663063049316406, -0.02854885905981064, 0.5027706027030945, 0.42986270785331726, -0.041809454560279846, 0.5260646343231201, 0.5121335387229919, -0.04706893116235733, 0.5469863414764404, 0.5677912831306458, -0.050033725798130035, 0.4743694067001343, 0.5329664945602417, -0.04440585523843765, 0.5006961822509766, 0.6266483068466187, -0.05173811689019203, 0.5219992995262146, 0.6686732172966003, -0.05269479379057884, 0.5383356213569641, 0.6992475986480713, -0.05259600281715393, 0.44634801149368286, 0.5563257932662964, -0.02960103377699852, 0.4600949287414551, 0.65279620885849, -0.035632699728012085, 0.46870696544647217, 0.7092801332473755, -0.035675399005413055, 0.47312629222869873, 0.746955931186676, -0.03636200726032257, 0.42441117763519287, 0.5542658567428589, -0.014714164659380913, 0.4255296587944031, 0.6381096839904785, -0.023305099457502365, 0.4222851097583771, 0.6855325698852539, -0.02662227675318718, 0.4166805148124695, 0.7154661417007446, -0.028290214017033577, 0.40761786699295044, 0.5419967174530029, -0.0006713057518936694, 0.4001436233520508, 0.6027146577835083, -0.00838348176330328, 0.39060407876968384, 0.6359351873397827, -0.010612302459776402, 0.3805563747882843, 0.6616224646568298, -0.011316758580505848]",[]
"[0.45997464656829834, 0.34837907552719116, 3.0801393791080045e-07, 0.4976288974285126, 0.3688179850578308, -0.034839462488889694, 0.5145451426506042, 0.43838196992874146, -0.048457272350788116, 0.5297009348869324, 0.5143957734107971, -0.05464589223265648, 0.5484191179275513, 0.5667747259140015, -0.05906549096107483, 0.48334088921546936, 0.5417237877845764, -0.03216637670993805, 0.5018050074577332, 0.6328348517417908, -0.040844306349754333, 0.5187764763832092, 0.6760066747665405, -0.04665055871009827, 0.5333291292190552, 0.703482985496521, -0.04941010847687721, 0.4547465145587921, 0.5552043914794922, -0.016577541828155518, 0.45849817991256714, 0.6598014235496521, -0.022702520713210106, 0.46753811836242676, 0.7194247841835022, -0.02869989722967148, 0.47594624757766724, 0.7633073329925537, -0.03265227749943733, 0.43335628509521484, 0.544299840927124, -0.003129590768367052, 0.4256590008735657, 0.6324529647827148, -0.013125934638082981, 0.4215438663959503, 0.6827572584152222, -0.021702252328395844, 0.4161869287490845, 0.7163256406784058, -0.025969333946704865, 0.41838327050209045, 0.5271176695823669, 0.008593217469751835, 0.40552639961242676, 0.592603862285614, -0.0008890360477380455, 0.39467132091522217, 0.6285805702209473, -0.005462935660034418, 0.38401156663894653, 0.6567909121513367, -0.007202065084129572]",[]
"[0.45362603664398193, 0.33551886677742004, 2.791132942547847e-07, 0.4948558211326599, 0.356097936630249, -0.03187514469027519, 0.5145576596260071, 0.4312044382095337, -0.044115640223026276, 0.5296230316162109, 0.5123888254165649, -0.048963047564029694, 0.5480472445487976, 0.5664850473403931, -0.052416447550058365, 0.48014014959335327, 0.5203317403793335, -0.037825342267751694, 0.5013594627380371, 0.6184438467025757, -0.047667812556028366, 0.5196072459220886, 0.6655794978141785, -0.053217895328998566, 0.5344173908233643, 0.699520468711853, -0.056267280131578445, 0.4526119530200958, 0.5367255806922913, -0.024432573467493057, 0.4605519473552704, 0.6463481187820435, -0.03481984883546829, 0.46957165002822876, 0.711905837059021, -0.042207032442092896, 0.4765327274799347, 0.7591946721076965, -0.04701715707778931, 0.43266963958740234, 0.5292210578918457, -0.012131757102906704, 0.42759186029434204, 0.621451735496521, -0.025201398879289627, 0.42325249314308167, 0.6757208108901978, -0.03391103819012642, 0.4170560836791992, 0.7119888067245483, -0.038125522434711456, 0.4185500144958496, 0.5147448778152466, -0.001116640749387443, 0.40531978011131287, 0.5815145969390869, -0.013883455656468868, 0.39309415221214294, 0.6225841641426086, -0.019673826172947884, 0.3812996447086334, 0.6565775871276855, -0.022022748365998268]",[]
"[0.43168145418167114, 0.33762550354003906, 2.1161686447612738e-07, 0.48130759596824646, 0.35522085428237915, -0.030604084953665733, 0.5088235139846802, 0.42789149284362793, -0.042719192802906036, 0.5271315574645996, 0.5104427933692932, -0.04751844331622124, 0.5464890003204346, 0.565568208694458, -0.05049069970846176, 0.4733152389526367, 0.527874767780304, -0.03435435891151428, 0.5005954504013062, 0.6138924956321716, -0.042582184076309204, 0.5220860838890076, 0.6581463813781738, -0.04732760041952133, 0.5361016392707825, 0.6916853189468384, -0.049914486706256866, 0.4467123746871948, 0.5432010293006897, -0.019756915047764778, 0.45632612705230713, 0.6332193613052368, -0.02419125661253929, 0.4590280055999756, 0.6862144470214844, -0.025151031091809273, 0.45756497979164124, 0.7229953408241272, -0.02617577277123928, 0.42603179812431335, 0.5361148118972778, -0.006932615302503109, 0.42329809069633484, 0.6188803911209106, -0.0162703488022089, 0.41693368554115295, 0.6737421751022339, -0.02237582579255104, 0.40869200229644775, 0.712785542011261, -0.02560492418706417, 0.409485399723053, 0.5233928561210632, 0.004558246582746506, 0.39951997995376587, 0.5875067114830017, -0.005290608387440443, 0.38837793469429016, 0.6256733536720276, -0.009682558476924896, 0.37672340869903564, 0.6572025418281555, -0.011594169773161411]",[]
"[0.41425061225891113, 0.3208262026309967, 4.434320430846128e-07, 0.4676044285297394, 0.38249096274375916, 0.0004538486246019602, 0.4944247603416443, 0.45351341366767883, -0.00010798359289765358, 0.514285683631897, 0.519386887550354, 0.0013669341569766402, 0.5320114493370056, 0.564781129360199, 0.0023596901446580887, 0.4688413441181183, 0.5334976315498352, -0.012327606789767742, 0.476533442735672, 0.6156988143920898, -0.011530967429280281, 0.47831812500953674, 0.6625358462333679, -0.009979438968002796, 0.47470173239707947, 0.6978480815887451, -0.00887389574199915, 0.44137364625930786, 0.5388926863670349, -0.011601836420595646, 0.4432061016559601, 0.6277652978897095, -0.009468287229537964, 0.4403715133666992, 0.6842440366744995, -0.009550095535814762, 0.4314236044883728, 0.7186578512191772, -0.009889846667647362, 0.41600412130355835, 0.5195171236991882, -0.008801148273050785, 0.41602322459220886, 0.6066045165061951, -0.010031173937022686, 0.41125965118408203, 0.6613969206809998, -0.016529927030205727, 0.402873158454895, 0.6986597180366516, -0.021456073969602585, 0.3977830410003662, 0.4848635196685791, -0.004183104261755943, 0.39759430289268494, 0.5168167948722839, -0.010386303067207336, 0.39735347032546997, 0.5325660705566406, -0.015054586343467236, 0.39275747537612915, 0.5484744906425476, -0.016798941418528557]",[]
"[0.41865310072898865, 0.3267132043838501, 4.2301047642467893e-07, 0.46704423427581787, 0.3774539530277252, -0.010087237693369389, 0.49795204401016235, 0.45103415846824646, -0.017000850290060043, 0.5214000940322876, 0.5197066068649292, -0.021677283570170403, 0.5457135438919067, 0.5647430419921875, -0.027625270187854767, 0.47026777267456055, 0.515260636806488, -0.025200963020324707, 0.49151942133903503, 0.596237063407898, -0.035980768501758575, 0.5029520988464355, 0.6405236721038818, -0.04180533066391945, 0.5102772116661072, 0.6761524677276611, -0.046128056943416595, 0.4422515630722046, 0.5231911540031433, -0.027664512395858765, 0.44741690158843994, 0.6145662665367126, -0.038269978016614914, 0.44516071677207947, 0.6756154298782349, -0.04544362425804138, 0.43932831287384033, 0.7181941866874695, -0.05070928484201431, 0.4165246784687042, 0.5084110498428345, -0.030160848051309586, 0.4131753742694855, 0.5998584032058716, -0.04564955458045006, 0.4074617624282837, 0.6607077121734619, -0.056268539279699326, 0.3995751440525055, 0.7088803648948669, -0.06301119178533554, 0.3948586881160736, 0.47867700457572937, -0.031761474907398224, 0.38399538397789, 0.5321975350379944, -0.050514984875917435, 0.37470144033432007, 0.5684770345687866, -0.05900823324918747, 0.36473754048347473, 0.599580705165863, -0.06318756192922592]",[]
"[0.4461848735809326, 0.29654616117477417, 5.696707034985593e-07, 0.4997279942035675, 0.3397480547428131, -0.029267996549606323, 0.5251234769821167, 0.4281858503818512, -0.046372972428798676, 0.5378336906433105, 0.5229393839836121, -0.05543966218829155, 0.5593308806419373, 0.59247887134552, -0.06391981989145279, 0.4914448857307434, 0.46662554144859314, -0.06865008175373077, 0.48964035511016846, 0.5965514183044434, -0.0905924066901207, 0.4851769208908081, 0.6713896989822388, -0.09790024906396866, 0.4785386323928833, 0.7260521650314331, -0.10068506747484207, 0.4552927017211914, 0.4755471646785736, -0.05883454158902168, 0.4476901888847351, 0.6044063568115234, -0.08476222306489944, 0.4365430474281311, 0.6836427450180054, -0.09566796571016312, 0.4215617775917053, 0.7386244535446167, -0.10184167325496674, 0.4275796413421631, 0.46863698959350586, -0.04738534614443779, 0.41334280371665955, 0.569348156452179, -0.0722365453839302, 0.39703071117401123, 0.6348110437393188, -0.08330857753753662, 0.3778136372566223, 0.6818565130233765, -0.0888373851776123, 0.40765130519866943, 0.45421069860458374, -0.035731468349695206, 0.38753366470336914, 0.49893710017204285, -0.05625348538160324, 0.36680054664611816, 0.5230745673179626, -0.06421040743589401, 0.3489382863044739, 0.5434619188308716, -0.06819111108779907]",[]
"[0.44389012455940247, 0.29247891902923584, 5.001865588383225e-07, 0.4988614022731781, 0.3396376371383667, -0.027285873889923096, 0.5233535766601562, 0.43149781227111816, -0.043612975627183914, 0.5372764468193054, 0.5232875943183899, -0.05140046402812004, 0.5603331327438354, 0.5881331562995911, -0.058764033019542694, 0.49024027585983276, 0.4578114151954651, -0.07461012154817581, 0.4872995615005493, 0.5888469815254211, -0.09594593197107315, 0.4834660589694977, 0.6642645001411438, -0.10087860375642776, 0.47627127170562744, 0.72123783826828, -0.10231457650661469, 0.45252087712287903, 0.4682323634624481, -0.0646262988448143, 0.446449875831604, 0.6004115343093872, -0.09404207020998001, 0.437263160943985, 0.680050790309906, -0.10465213656425476, 0.42292237281799316, 0.7357792854309082, -0.11042635887861252, 0.42592206597328186, 0.46113744378089905, -0.05178875848650932, 0.41064849495887756, 0.5669838190078735, -0.07960199564695358, 0.39351218938827515, 0.6314132809638977, -0.09002372622489929, 0.3726785182952881, 0.6751664876937866, -0.09447270631790161, 0.40933024883270264, 0.44653335213661194, -0.03807161748409271, 0.3882017135620117, 0.4939461052417755, -0.05955740064382553, 0.3668094277381897, 0.5157432556152344, -0.06797364354133606, 0.34833332896232605, 0.5345269441604614, -0.07250969111919403]",[]
"[0.4679754376411438, 0.3270060420036316, 6.797059768359759e-07, 0.5073937773704529, 0.3775133788585663, -0.0347854308784008, 0.5256863832473755, 0.45510587096214294, -0.06260859966278076, 0.5359523892402649, 0.527449369430542, -0.08063706010580063, 0.5586128234863281, 0.5895805358886719, -0.09931569546461105, 0.4963497817516327, 0.4696141183376312, -0.10617643594741821, 0.4877411127090454, 0.589901328086853, -0.1400584727525711, 0.4830858111381531, 0.6622426509857178, -0.1543027013540268, 0.4762350618839264, 0.7189910411834717, -0.1624852567911148, 0.4637420177459717, 0.468130499124527, -0.09773227572441101, 0.4486224055290222, 0.5927167534828186, -0.14345605671405792, 0.4319932460784912, 0.6706333160400391, -0.16533319652080536, 0.4138624668121338, 0.7286970019340515, -0.17921723425388336, 0.4375367760658264, 0.4539259374141693, -0.08477280288934708, 0.4146873950958252, 0.5505297780036926, -0.12538205087184906, 0.39285144209861755, 0.615972101688385, -0.14200109243392944, 0.36862844228744507, 0.6630713939666748, -0.15028101205825806, 0.4194764196872711, 0.4350966215133667, -0.07055580615997314, 0.3992135524749756, 0.48487913608551025, -0.0988040417432785, 0.3799991309642792, 0.5074688196182251, -0.10811325907707214, 0.36312025785446167, 0.5251044631004333, -0.1139267086982727]",[]
"[0.5187292695045471, 0.3084461987018585, 3.438409805767151e-07, 0.5471757650375366, 0.3434358835220337, -0.014966010116040707, 0.5631203651428223, 0.4070436954498291, -0.02516022138297558, 0.5771313309669495, 0.46187064051628113, -0.033194467425346375, 0.5933274030685425, 0.5031730532646179, -0.041978709399700165, 0.5299530625343323, 0.46730977296829224, -0.02482987940311432, 0.5209267139434814, 0.5320849418640137, -0.03722355142235756, 0.5121426582336426, 0.5745382308959961, -0.04549168422818184, 0.503362774848938, 0.6079446077346802, -0.051758140325546265, 0.5073555111885071, 0.46868979930877686, -0.026313070207834244, 0.49348562955856323, 0.5527620315551758, -0.03833383694291115, 0.4805786907672882, 0.6087929010391235, -0.04685124009847641, 0.4673554599285126, 0.6558451652526855, -0.05314033478498459, 0.48855048418045044, 0.4510379731655121, -0.028918802738189697, 0.4720456004142761, 0.5264937281608582, -0.04488459601998329, 0.45417672395706177, 0.5768517255783081, -0.05765199661254883, 0.4365865886211395, 0.6186041235923767, -0.06641984730958939, 0.4734937846660614, 0.42193150520324707, -0.03158573433756828, 0.44803526997566223, 0.45135697722435, -0.049591612070798874, 0.42520764470100403, 0.4643177092075348, -0.059401985257864, 0.404640257358551, 0.47504109144210815, -0.06554324179887772]",[]
"[0.4348820149898529, 0.2759760022163391, 3.7728821666860313e-07, 0.4907768666744232, 0.32029080390930176, -0.022612305358052254, 0.5138081312179565, 0.41372254490852356, -0.02925773896276951, 0.5236668586730957, 0.5127310752868652, -0.0291450135409832, 0.543738603591919, 0.5759135484695435, -0.02788032405078411, 0.480021595954895, 0.47698643803596497, -0.031670935451984406, 0.47634968161582947, 0.5946399569511414, -0.03767671808600426, 0.4702671468257904, 0.6551235914230347, -0.03811141103506088, 0.4627191424369812, 0.7032691836357117, -0.037589363753795624, 0.44574254751205444, 0.48397213220596313, -0.019690491259098053, 0.4389965236186981, 0.6004233360290527, -0.027376092970371246, 0.42942529916763306, 0.6661423444747925, -0.031899094581604004, 0.4170926809310913, 0.7121562957763672, -0.03480401262640953, 0.42103537917137146, 0.4693354368209839, -0.0075804563239216805, 0.4088553488254547, 0.555808961391449, -0.018436914309859276, 0.39294546842575073, 0.6085061430931091, -0.02907005324959755, 0.3741220533847809, 0.6421447992324829, -0.03550644591450691, 0.4037739634513855, 0.4461202919483185, 0.004487143829464912, 0.38445955514907837, 0.4823320806026459, -0.005507727153599262, 0.365436851978302, 0.497485876083374, -0.012988900765776634, 0.34751462936401367, 0.5095053315162659, -0.017560899257659912]",[]
"[0.4172006845474243, 0.3167881965637207, 2.9725475769737386e-07, 0.4655417501926422, 0.30732691287994385, -0.022290367633104324, 0.49988529086112976, 0.37497928738594055, -0.027306484058499336, 0.520850658416748, 0.44535577297210693, -0.02446271851658821, 0.5390543341636658, 0.4939350485801697, -0.019445905461907387, 0.48071664571762085, 0.46475332975387573, -0.028903372585773468, 0.5119773149490356, 0.5381482839584351, -0.026986917480826378, 0.5310177206993103, 0.567153811454773, -0.023249270394444466, 0.5437762141227722, 0.5889478325843811, -0.020533185452222824, 0.4552049934864044, 0.49069780111312866, -0.014764945022761822, 0.4846345782279968, 0.5795644521713257, -0.016465529799461365, 0.503354012966156, 0.6234855651855469, -0.015094858594238758, 0.5171877145767212, 0.6513158082962036, -0.013395683839917183, 0.4382002353668213, 0.49424004554748535, -0.00044958703801967204, 0.4615660607814789, 0.5748426914215088, -0.0018884019227698445, 0.4786454439163208, 0.6197350025177002, -0.0024332767352461815, 0.49178940057754517, 0.6509454250335693, -0.00214504636824131, 0.43026459217071533, 0.48335662484169006, 0.013311777263879776, 0.4456545412540436, 0.546118438243866, 0.013529619202017784, 0.45595020055770874, 0.5826095342636108, 0.015117387287318707, 0.4649261236190796, 0.6113647222518921, 0.016843179240822792]","[0.47684434056282043, 0.12838530540466309, 4.931007993036474e-07, 0.5145187377929688, 0.17899426817893982, -0.027619672939181328, 0.5365849137306213, 0.2525632381439209, -0.03623067960143089, 0.5466793179512024, 0.32348015904426575, -0.04198993369936943, 0.5557805895805359, 0.39116767048835754, -0.047579120844602585, 0.5087762475013733, 0.31718897819519043, 0.007513089571148157, 0.5130066275596619, 0.39443331956863403, 0.006807571742683649, 0.5163021087646484, 0.44985222816467285, -0.0014619792345911264, 0.5181387662887573, 0.49104148149490356, -0.008207378908991814, 0.49131080508232117, 0.3186308741569519, 0.019103996455669403, 0.4962832033634186, 0.40023496747016907, 0.024116963148117065, 0.5022600293159485, 0.45558589696884155, 0.016664987429976463, 0.5050688982009888, 0.504997730255127, 0.009175162762403488, 0.47819656133651733, 0.31210729479789734, 0.026237480342388153, 0.48120585083961487, 0.3867734372615814, 0.0321384072303772, 0.48488637804985046, 0.4341953992843628, 0.030618082731962204, 0.4866962134838104, 0.47587063908576965, 0.027303488925099373, 0.46900737285614014, 0.29926639795303345, 0.02974872663617134, 0.46842244267463684, 0.36115896701812744, 0.03560354933142662, 0.46855878829956055, 0.3979690968990326, 0.038486991077661514, 0.4675048291683197, 0.42854562401771545, 0.03896264359354973]"
"[0.43059787154197693, 0.287567138671875, 3.050128896120441e-07, 0.48222923278808594, 0.300926148891449, -0.008336318656802177, 0.5144981741905212, 0.36528003215789795, -0.0072586010210216045, 0.5355166792869568, 0.42247745394706726, -0.001736140693537891, 0.5505279302597046, 0.4622464179992676, 0.005377141758799553, 0.49197524785995483, 0.46118777990341187, -0.016342690214514732, 0.5120692849159241, 0.5489717721939087, -0.015513028018176556, 0.5282449126243591, 0.598067045211792, -0.011111033149063587, 0.5378280282020569, 0.6317736506462097, -0.006669578142464161, 0.4654083251953125, 0.46798720955848694, -0.009035339578986168, 0.481290340423584, 0.5632407665252686, -0.007527593988925219, 0.49663496017456055, 0.6183050870895386, -0.004358182195574045, 0.5065749883651733, 0.6538090705871582, -0.001003068988211453, 0.44280898571014404, 0.4560283422470093, -0.0007304056198336184, 0.4504481256008148, 0.5285640954971313, 0.0015880144201219082, 0.4601346254348755, 0.5741478204727173, 0.0012349722674116492, 0.46712201833724976, 0.6036257743835449, 0.0016145696863532066, 0.42922574281692505, 0.426374614238739, 0.007759380154311657, 0.42980673909187317, 0.4730044901371002, 0.009883156977593899, 0.4321390688419342, 0.5007606744766235, 0.011640407145023346, 0.43351420760154724, 0.5187930464744568, 0.014083313755691051]","[0.4767249822616577, 0.13097648322582245, 3.01628460874781e-07, 0.517119824886322, 0.17871645092964172, -0.02080090530216694, 0.5447691679000854, 0.2577230930328369, -0.02516447752714157, 0.5588902235031128, 0.33001771569252014, -0.027039451524615288, 0.570162832736969, 0.3925630450248718, -0.027918903157114983, 0.5168630480766296, 0.3184163570404053, 0.007980629801750183, 0.5227333307266235, 0.3930704593658447, 0.007532149087637663, 0.5288506746292114, 0.43980640172958374, 0.0017787138931453228, 0.53407222032547, 0.4704774022102356, -0.002423464087769389, 0.4954557716846466, 0.32148268818855286, 0.017087604850530624, 0.49932557344436646, 0.40205124020576477, 0.023496314883232117, 0.5048121213912964, 0.44415315985679626, 0.019796978682279587, 0.5082446932792664, 0.47936129570007324, 0.015517248772084713, 0.4770347774028778, 0.31597036123275757, 0.022459054365754128, 0.47820693254470825, 0.39058685302734375, 0.02843599021434784, 0.4822220206260681, 0.42751070857048035, 0.028327487409114838, 0.4838296175003052, 0.46022143959999084, 0.026641055941581726, 0.4610122740268707, 0.30568429827690125, 0.025151344016194344, 0.46022820472717285, 0.36804094910621643, 0.030939457938075066, 0.4607528746128082, 0.3997040092945099, 0.0344073586165905, 0.4596368670463562, 0.42357394099235535, 0.03616226837038994]"
"[0.4363282322883606, 0.22066861391067505, 1.4994687091984815e-07, 0.4870073199272156, 0.21912764012813568, -0.016374578699469566, 0.5315126180648804, 0.27546900510787964, -0.024307856336236, 0.5605701804161072, 0.33911147713661194, -0.028429429978132248, 0.5765832662582397, 0.39594584703445435, -0.031073613092303276, 0.5160050988197327, 0.3757461905479431, -0.02169000543653965, 0.5454302430152893, 0.41898810863494873, -0.02927575074136257, 0.55167156457901, 0.41257742047309875, -0.03440479561686516, 0.5500450730323792, 0.40717393159866333, -0.03734418749809265, 0.4886161684989929, 0.4038446247577667, -0.01756061241030693, 0.5078333616256714, 0.4817025661468506, -0.02191164903342724, 0.5159717202186584, 0.5307674407958984, -0.027324162423610687, 0.5194886922836304, 0.5700522065162659, -0.032827772200107574, 0.46274498105049133, 0.4098849594593048, -0.014151639305055141, 0.4713704288005829, 0.4834420680999756, -0.020773103460669518, 0.47368675470352173, 0.5356098413467407, -0.027522409334778786, 0.47421130537986755, 0.578018844127655, -0.03315810114145279, 0.44025370478630066, 0.4002741277217865, -0.011067199520766735, 0.43921199440956116, 0.4574275612831116, -0.01798613928258419, 0.43569570779800415, 0.497058242559433, -0.02060871571302414, 0.4328879117965698, 0.5295004844665527, -0.022385692223906517]",[]
"[0.44911712408065796, 0.16007265448570251, 4.819241894438164e-07, 0.5200381278991699, 0.17373551428318024, -0.01971806213259697, 0.5640285611152649, 0.26101186871528625, -0.02691412717103958, 0.5831539630889893, 0.35375189781188965, -0.02683435007929802, 0.5979634523391724, 0.4204356074333191, -0.025529397651553154, 0.5194710493087769, 0.34571337699890137, -0.03818051144480705, 0.5264636874198914, 0.4697335362434387, -0.04237167537212372, 0.5283600091934204, 0.5405794382095337, -0.04246310517191887, 0.5277807712554932, 0.5936365127563477, -0.03994680568575859, 0.48210301995277405, 0.3620949983596802, -0.022913504391908646, 0.49671870470046997, 0.4746442437171936, -0.019633539021015167, 0.509690523147583, 0.5352551937103271, -0.01343202218413353, 0.5154005885124207, 0.5782313346862793, -0.009010732173919678, 0.45547929406166077, 0.36169373989105225, -0.006362397689372301, 0.47606587409973145, 0.4508007764816284, -0.00029451408772729337, 0.48958948254585266, 0.48230859637260437, 0.007102773990482092, 0.4938291311264038, 0.4983470141887665, 0.012276445515453815, 0.43971994519233704, 0.35388508439064026, 0.009377622045576572, 0.45957130193710327, 0.40917640924453735, 0.01725347898900509, 0.46991196274757385, 0.42817002534866333, 0.026097208261489868, 0.4723533093929291, 0.4377324879169464, 0.03338354080915451]",[]
"[0.4329490661621094, 0.058491870760917664, 2.655902449077985e-07, 0.49023687839508057, 0.04334177076816559, -0.013958609662950039, 0.5305522680282593, 0.09997773170471191, -0.016780953854322433, 0.5574752688407898, 0.15874865651130676, -0.01445278711616993, 0.5767687559127808, 0.19407831132411957, -0.011299378238618374, 0.5174354314804077, 0.2312491536140442, -0.018881836906075478, 0.5452429056167603, 0.32115352153778076, -0.023817194625735283, 0.566851794719696, 0.3687761425971985, -0.02664020098745823, 0.5832369327545166, 0.40659400820732117, -0.027938416227698326, 0.488197386264801, 0.25896355509757996, -0.011806866154074669, 0.5061832070350647, 0.36616814136505127, -0.01718546263873577, 0.5203261375427246, 0.4269087314605713, -0.01950818859040737, 0.5319675207138062, 0.4755341410636902, -0.02015313319861889, 0.46373510360717773, 0.2632051110267639, -0.004926207009702921, 0.4787074029445648, 0.3592674732208252, -0.012031014077365398, 0.49139976501464844, 0.4194817841053009, -0.016208525747060776, 0.500977098941803, 0.4671798646450043, -0.017237907275557518, 0.4443918466567993, 0.2534007132053375, 0.001909531420096755, 0.45091748237609863, 0.326506644487381, -0.0012612250866368413, 0.45389682054519653, 0.36909234523773193, -0.0007687259349040687, 0.4559482932090759, 0.40396806597709656, 0.0007740060100331903]",[]
"[0.4339427351951599, 0.04284107685089111, 5.244141334515007e-07, 0.47869735956192017, 0.025320500135421753, -0.04056703671813011, 0.5187951326370239, 0.04934254288673401, -0.06602636724710464, 0.5560861825942993, 0.08432525396347046, -0.08379283547401428, 0.590726375579834, 0.10994201898574829, -0.1009044274687767, 0.5188553929328918, 0.18570908904075623, -0.055260784924030304, 0.5435132384300232, 0.2852025628089905, -0.07537045329809189, 0.5597438812255859, 0.3434068560600281, -0.089004747569561, 0.5709357857704163, 0.39288461208343506, -0.0975409522652626, 0.4914405047893524, 0.21467387676239014, -0.04253946244716644, 0.5104925036430359, 0.32611632347106934, -0.058173149824142456, 0.5232241749763489, 0.387429416179657, -0.06645946949720383, 0.5320628881454468, 0.4345378279685974, -0.07278227806091309, 0.46680304408073425, 0.2243136167526245, -0.03198163956403732, 0.4818282723426819, 0.3242098093032837, -0.04527219012379646, 0.491881400346756, 0.382326602935791, -0.05047180503606796, 0.49879229068756104, 0.42576223611831665, -0.0540504977107048, 0.44609349966049194, 0.22213055193424225, -0.024280110374093056, 0.45486122369766235, 0.29707059264183044, -0.034879788756370544, 0.4593592882156372, 0.34108856320381165, -0.038181185722351074, 0.4630594551563263, 0.3779487609863281, -0.040026627480983734]",[]
"[0.4333055019378662, 0.06435492634773254, 4.0147799040823884e-07, 0.4792529344558716, 0.04543974995613098, -0.02901645191013813, 0.518230140209198, 0.06990346312522888, -0.047390859574079514, 0.5469775199890137, 0.10571427643299103, -0.059991076588630676, 0.5704863667488098, 0.1321011185646057, -0.07247047871351242, 0.5111278295516968, 0.2015831619501114, -0.048510078340768814, 0.539792537689209, 0.2877562940120697, -0.06902103126049042, 0.5584365129470825, 0.33936136960983276, -0.08260570466518402, 0.57139652967453, 0.3862918019294739, -0.0912456214427948, 0.48586007952690125, 0.23304513096809387, -0.04297688603401184, 0.50716632604599, 0.34434911608695984, -0.05980274826288223, 0.5207651257514954, 0.4065767526626587, -0.06964845955371857, 0.5302498936653137, 0.4584531784057617, -0.0767943412065506, 0.4641326665878296, 0.2424444705247879, -0.038586199283599854, 0.48058509826660156, 0.3427439332008362, -0.054191626608371735, 0.49269118905067444, 0.4014495611190796, -0.06130710244178772, 0.5009791254997253, 0.4488835334777832, -0.06559881567955017, 0.4460577070713043, 0.23554065823554993, -0.035892799496650696, 0.4520959258079529, 0.3129587173461914, -0.04900750145316124, 0.4553834795951843, 0.3572702407836914, -0.05289072170853615, 0.4583893120288849, 0.3947700560092926, -0.054559919983148575]",[]
"[0.440104603767395, 0.0990668386220932, 6.536305363624706e-07, 0.5060081481933594, 0.10915666818618774, -0.024565571919083595, 0.548794150352478, 0.20716974139213562, -0.034778814762830734, 0.5740227103233337, 0.31013497710227966, -0.037344835698604584, 0.5926598310470581, 0.38925278186798096, -0.03971611708402634, 0.516309916973114, 0.2800328731536865, -0.0487387552857399, 0.5356065630912781, 0.4144737720489502, -0.06462302803993225, 0.54228675365448, 0.49815893173217773, -0.07205553352832794, 0.5431085824966431, 0.5665592551231384, -0.07479836046695709, 0.48483806848526, 0.2923804521560669, -0.037487804889678955, 0.5041921138763428, 0.4183918833732605, -0.054353028535842896, 0.5160789489746094, 0.5111672282218933, -0.06420184671878815, 0.51844322681427, 0.581131637096405, -0.07039930671453476, 0.4601140022277832, 0.28783565759658813, -0.025192532688379288, 0.4823453426361084, 0.3909831643104553, -0.0403437465429306, 0.4951742887496948, 0.4512789845466614, -0.048349808901548386, 0.4992709457874298, 0.49849531054496765, -0.05213005095720291, 0.44296786189079285, 0.27303698658943176, -0.012972285971045494, 0.4544907212257385, 0.3494091033935547, -0.023835595697164536, 0.4545409083366394, 0.39884406328201294, -0.02749943733215332, 0.4535621404647827, 0.43809306621551514, -0.029000306501984596]",[]
[],"[0.42789003252983093, 0.18013325333595276, 2.8523712103378784e-07, 0.4264124035835266, 0.25244832038879395, 0.0023330580443143845, 0.4319801926612854, 0.33013179898262024, -0.0009737660293467343, 0.43757352232933044, 0.383482426404953, -0.004212894011288881, 0.43778371810913086, 0.4193917512893677, -0.00989243108779192, 0.454245001077652, 0.3685190975666046, -0.020884273573756218, 0.4783974885940552, 0.4503481388092041, -0.03432075306773186, 0.49841049313545227, 0.5007872581481934, -0.04202082008123398, 0.5132673978805542, 0.5377512574195862, -0.04758245125412941, 0.4726940393447876, 0.34899815917015076, -0.029384702444076538, 0.493664026260376, 0.4481874406337738, -0.042326025664806366, 0.5092103481292725, 0.5023193359375, -0.04827124997973442, 0.5216258764266968, 0.5437106490135193, -0.05292598903179169, 0.4935467839241028, 0.309197336435318, -0.03691670671105385, 0.519477128982544, 0.40047141909599304, -0.05045062676072121, 0.5362566113471985, 0.4480419456958771, -0.05643509328365326, 0.5485073924064636, 0.4844008684158325, -0.061112307012081146, 0.5165033936500549, 0.25265711545944214, -0.04307747259736061, 0.5463943481445312, 0.2965609133243561, -0.06032566353678703, 0.5636691451072693, 0.3319704532623291, -0.06874057650566101, 0.5767847895622253, 0.36718523502349854, -0.07409221678972244]"
[],"[0.41169264912605286, 0.2520061731338501, 1.9219896785216406e-07, 0.41783463954925537, 0.3222590684890747, 0.000831143872346729, 0.4316968321800232, 0.4071579873561859, -0.0008665543864481151, 0.43796271085739136, 0.46218305826187134, -0.002723776502534747, 0.4294877350330353, 0.5029623508453369, -0.006043339613825083, 0.44889193773269653, 0.4229370653629303, -0.012851517647504807, 0.46410250663757324, 0.48070400953292847, -0.026576494798064232, 0.47048109769821167, 0.5240185260772705, -0.037182196974754333, 0.4727487862110138, 0.561487078666687, -0.04439852759242058, 0.46274808049201965, 0.4011361002922058, -0.018443023785948753, 0.47807982563972473, 0.46405696868896484, -0.02926335670053959, 0.48448124527931213, 0.5074446797370911, -0.03678331524133682, 0.4885596036911011, 0.5479536652565002, -0.042986445128917694, 0.4779105484485626, 0.3677803874015808, -0.024017365649342537, 0.49572455883026123, 0.42305392026901245, -0.03514639288187027, 0.5013670921325684, 0.4638020992279053, -0.04171029478311539, 0.5040573477745056, 0.5012973546981812, -0.04678381234407425, 0.49451231956481934, 0.32238367199897766, -0.02891428954899311, 0.5136260390281677, 0.3531014919281006, -0.04098626598715782, 0.520973801612854, 0.3753904402256012, -0.04715732857584953, 0.5251931548118591, 0.3976750373840332, -0.05145259574055672]"
"[0.41270583868026733, 0.31128236651420593, 3.787562832258118e-07, 0.46151942014694214, 0.3043924570083618, -0.02762533724308014, 0.4949171841144562, 0.3690844178199768, -0.0362359955906868, 0.5179016590118408, 0.43490687012672424, -0.03553827106952667, 0.5365088582038879, 0.48595377802848816, -0.03275160863995552, 0.47229206562042236, 0.458710640668869, -0.03970199450850487, 0.5014876127243042, 0.5497500896453857, -0.04090152680873871, 0.5241891741752625, 0.593239426612854, -0.03849610686302185, 0.5408835411071777, 0.6245369911193848, -0.03587358817458153, 0.4465976059436798, 0.4786827266216278, -0.02129211090505123, 0.47226682305336, 0.5713691115379333, -0.02397528663277626, 0.49194642901420593, 0.6210430860519409, -0.022456539794802666, 0.5053557753562927, 0.6534392237663269, -0.020490184426307678, 0.4297600984573364, 0.47858288884162903, -0.002317909151315689, 0.45140141248703003, 0.5543310642242432, -0.0031981882639229298, 0.4686117470264435, 0.5957881212234497, -0.0020796633325517178, 0.4804378151893616, 0.6237031817436218, -0.00017237743304576725, 0.42290663719177246, 0.46720707416534424, 0.01570998504757881, 0.44241464138031006, 0.5224677920341492, 0.016760604456067085, 0.4556252956390381, 0.5530859231948853, 0.019589753821492195, 0.4652058184146881, 0.5754615068435669, 0.022764187306165695]","[0.4836253821849823, 0.12274257838726044, 6.246372663554212e-07, 0.5113407373428345, 0.1737964153289795, -0.03754931688308716, 0.5296053290367126, 0.24269109964370728, -0.049360278993844986, 0.5402033925056458, 0.30941131711006165, -0.05611588433384895, 0.552573025226593, 0.3782515823841095, -0.06245429813861847, 0.5135330557823181, 0.3129541277885437, 0.005657730158418417, 0.518610417842865, 0.38850945234298706, 0.012320305220782757, 0.523867666721344, 0.446908175945282, 0.009745769202709198, 0.5266405940055847, 0.4867284297943115, 0.006808014586567879, 0.5043900609016418, 0.3113972544670105, 0.025545557960867882, 0.5105286836624146, 0.39010971784591675, 0.038359008729457855, 0.5160514116287231, 0.4447898864746094, 0.036237869411706924, 0.519081175327301, 0.49634620547294617, 0.03246096149086952, 0.49965494871139526, 0.30361849069595337, 0.04024399444460869, 0.5065247416496277, 0.378182053565979, 0.052923765033483505, 0.5113856792449951, 0.42551368474960327, 0.05283934623003006, 0.515201210975647, 0.4703604578971863, 0.04959879070520401, 0.4982994496822357, 0.29452618956565857, 0.050369370728731155, 0.5034874677658081, 0.3560035228729248, 0.0609053373336792, 0.5058533549308777, 0.3932798504829407, 0.06361906975507736, 0.5067287683486938, 0.4286091923713684, 0.06317640095949173]"
"[0.4222930669784546, 0.285011887550354, 2.7422265702625737e-07, 0.4760415256023407, 0.2866821885108948, -0.012527788057923317, 0.5092575550079346, 0.35160672664642334, -0.011463887058198452, 0.528457522392273, 0.4135841131210327, -0.003963104449212551, 0.5442522168159485, 0.4583451449871063, 0.005834295880049467, 0.48591551184654236, 0.460114985704422, -0.0168678630143404, 0.5096626281738281, 0.5419867634773254, -0.012650809250772, 0.5287892818450928, 0.5844696760177612, -0.006497488822788, 0.5419060587882996, 0.6147204637527466, -0.0009784187423065305, 0.4574131965637207, 0.4693151116371155, -0.004643620923161507, 0.4750896692276001, 0.5619492530822754, -0.00041180234984494746, 0.49239110946655273, 0.6113693714141846, 0.006088093854486942, 0.5047910809516907, 0.6446143388748169, 0.011989480815827847, 0.4360746443271637, 0.4590429961681366, 0.008221630938351154, 0.4478555917739868, 0.5340728759765625, 0.012761646881699562, 0.45999452471733093, 0.5701463222503662, 0.016503095626831055, 0.46929678320884705, 0.5914177894592285, 0.020614931359887123, 0.4240390956401825, 0.4351348578929901, 0.020870039239525795, 0.43232598900794983, 0.4871371388435364, 0.027075238525867462, 0.4384861886501312, 0.5136102437973022, 0.03239547088742256, 0.44268566370010376, 0.5301369428634644, 0.037556376308202744]","[0.4752444624900818, 0.1285807341337204, 2.940041383681091e-07, 0.5137290358543396, 0.1738322675228119, -0.02109377644956112, 0.5383177995681763, 0.2525503933429718, -0.026264280080795288, 0.5506945252418518, 0.3225654065608978, -0.028501655906438828, 0.5626646876335144, 0.3827747106552124, -0.029880831018090248, 0.5106372237205505, 0.31430578231811523, -6.574446888407692e-05, 0.5164743065834045, 0.388670951128006, -0.004252737388014793, 0.5232349634170532, 0.44031304121017456, -0.012007861398160458, 0.5295885801315308, 0.4773842692375183, -0.0177086740732193, 0.48903006315231323, 0.3184360861778259, 0.007840458303689957, 0.4917532801628113, 0.3984052240848541, 0.008970986120402813, 0.4971592426300049, 0.44694727659225464, 0.0037132587749511003, 0.5009396076202393, 0.48727741837501526, -0.0010910675628110766, 0.4707264006137848, 0.31282272934913635, 0.012452439405024052, 0.47147810459136963, 0.3874812126159668, 0.013596413657069206, 0.47520923614501953, 0.43214505910873413, 0.01298759039491415, 0.47668206691741943, 0.47227784991264343, 0.011627896688878536, 0.4552622139453888, 0.3005968928337097, 0.014488939195871353, 0.4529842436313629, 0.3631773889064789, 0.015737775713205338, 0.45258674025535583, 0.4000200033187866, 0.017967797815799713, 0.45051032304763794, 0.4306938648223877, 0.019381331279873848]"
"[0.43100976943969727, 0.24005457758903503, 3.558754428922839e-07, 0.47873157262802124, 0.2542724609375, -0.005640659015625715, 0.5136164426803589, 0.316938579082489, -0.008034070953726768, 0.5374141931533813, 0.3688293993473053, -0.009421749971807003, 0.557855486869812, 0.40415361523628235, -0.011041623540222645, 0.49192285537719727, 0.4026479721069336, -0.004211281891912222, 0.5084434151649475, 0.4732164740562439, -0.008395157754421234, 0.518677830696106, 0.5198535323143005, -0.013671993277966976, 0.5256303548812866, 0.5572857856750488, -0.017905263230204582, 0.46788686513900757, 0.41516947746276855, -0.0050642299465835094, 0.480153888463974, 0.4845862090587616, -0.0062734708189964294, 0.4885218143463135, 0.5337698459625244, -0.011161407455801964, 0.49143901467323303, 0.5715354681015015, -0.015696831047534943, 0.44506651163101196, 0.41067296266555786, -0.006392831914126873, 0.4555559456348419, 0.4801270365715027, -0.010699192993342876, 0.46058976650238037, 0.5299384593963623, -0.016038553789258003, 0.4627836048603058, 0.5712136030197144, -0.020173033699393272, 0.42392778396606445, 0.39314717054367065, -0.007560212165117264, 0.426483690738678, 0.44916999340057373, -0.012880177237093449, 0.42632386088371277, 0.485262930393219, -0.014474191702902317, 0.42538997530937195, 0.5168800354003906, -0.015348055399954319]",[]
"[0.4432086646556854, 0.1508563607931137, 4.508258371060947e-07, 0.5092593431472778, 0.15966029465198517, -0.02890072576701641, 0.5519991517066956, 0.24778777360916138, -0.03921434283256531, 0.5784806609153748, 0.33998605608940125, -0.04078718274831772, 0.6052510142326355, 0.40003278851509094, -0.04170706123113632, 0.5017348527908325, 0.34151530265808105, -0.043486349284648895, 0.5150684118270874, 0.46077069640159607, -0.04976290836930275, 0.516269326210022, 0.5280954837799072, -0.051954079419374466, 0.5138241648674011, 0.5800909996032715, -0.052103057503700256, 0.46623867750167847, 0.35866695642471313, -0.02542923018336296, 0.48224011063575745, 0.4650208652019501, -0.026147423312067986, 0.4864002466201782, 0.5278947353363037, -0.026392262428998947, 0.48022064566612244, 0.5754566192626953, -0.027642695233225822, 0.44095954298973083, 0.3527434170246124, -0.007094376254826784, 0.452984482049942, 0.4396554231643677, -0.007853087969124317, 0.45113182067871094, 0.49609440565109253, -0.012834248133003712, 0.44025564193725586, 0.5390089750289917, -0.017586346715688705, 0.4251120090484619, 0.33714044094085693, 0.010307137854397297, 0.4251564145088196, 0.3821372985839844, 0.0077239214442670345, 0.41328269243240356, 0.41491061449050903, 0.004315636120736599, 0.3980899751186371, 0.44686684012413025, 0.0017259314190596342]",[]
"[0.43120530247688293, 0.08115644752979279, 5.80314065246057e-07, 0.49927985668182373, 0.0902329683303833, -0.02289825864136219, 0.5414165258407593, 0.19404953718185425, -0.03081454522907734, 0.56876540184021, 0.30148810148239136, -0.030344292521476746, 0.5955729484558105, 0.3785959780216217, -0.028642835095524788, 0.5043383836746216, 0.2711292803287506, -0.047092288732528687, 0.5212170481681824, 0.4141709804534912, -0.058419421315193176, 0.527657687664032, 0.4992847442626953, -0.06078193336725235, 0.5286442637443542, 0.5645347237586975, -0.05893819034099579, 0.4702071249485016, 0.28521528840065, -0.032236240804195404, 0.4852687120437622, 0.41761451959609985, -0.04180319979786873, 0.4956032931804657, 0.508103609085083, -0.04288100078701973, 0.49770066142082214, 0.5736575126647949, -0.041995223611593246, 0.4436233639717102, 0.28208765387535095, -0.015944084152579308, 0.4632565379142761, 0.383695513010025, -0.02201380953192711, 0.47784754633903503, 0.4440964460372925, -0.02164648286998272, 0.48326894640922546, 0.487850546836853, -0.019318925216794014, 0.42567265033721924, 0.2700125575065613, 0.00014783140795771033, 0.4405989348888397, 0.34712502360343933, -0.0003903581527993083, 0.44499897956848145, 0.39178842306137085, 0.003927024081349373, 0.44612038135528564, 0.42357832193374634, 0.008556736633181572]",[]
"[0.4283047318458557, 0.06350094079971313, 5.586378506450274e-07, 0.47341349720954895, 0.03925691545009613, -0.0448291152715683, 0.5125592947006226, 0.07227011024951935, -0.0709075778722763, 0.5472806096076965, 0.1271207332611084, -0.08742055296897888, 0.5840362310409546, 0.17165639996528625, -0.10310421139001846, 0.4951329529285431, 0.20552857220172882, -0.06806477904319763, 0.5291853547096252, 0.3030126988887787, -0.08745454251766205, 0.5527957081794739, 0.35013341903686523, -0.09743471443653107, 0.572023868560791, 0.3887330889701843, -0.10334125906229019, 0.46714216470718384, 0.23729005455970764, -0.052109163254499435, 0.4847022294998169, 0.35711485147476196, -0.06996965408325195, 0.497367799282074, 0.4226871728897095, -0.07814834266901016, 0.5064653754234314, 0.4749211072921753, -0.08368875086307526, 0.44518858194351196, 0.24567759037017822, -0.037409570068120956, 0.4567287266254425, 0.34940850734710693, -0.055051788687705994, 0.46963897347450256, 0.40302854776382446, -0.06403952836990356, 0.4782041311264038, 0.44462892413139343, -0.06914044916629791, 0.4294659197330475, 0.2427143007516861, -0.02494669519364834, 0.4287413954734802, 0.328730046749115, -0.04133302718400955, 0.42020750045776367, 0.3787442445755005, -0.04840132221579552, 0.40984708070755005, 0.41906070709228516, -0.051795147359371185]",[]
"[0.43344011902809143, 0.07926325500011444, 4.494387724207627e-07, 0.48366016149520874, 0.07628142833709717, -0.023929502815008163, 0.5149095058441162, 0.13198867440223694, -0.03851580619812012, 0.539080023765564, 0.18814250826835632, -0.046975359320640564, 0.5636363625526428, 0.2277573049068451, -0.05507989600300789, 0.4947706162929535, 0.24618849158287048, -0.047763824462890625, 0.5255182981491089, 0.3419504761695862, -0.06594144552946091, 0.5464699268341064, 0.3888826072216034, -0.07559793442487717, 0.5601803064346313, 0.42592015862464905, -0.08044774830341339, 0.46601366996765137, 0.2741806209087372, -0.04152943193912506, 0.4838128983974457, 0.40267086029052734, -0.06393437087535858, 0.49528250098228455, 0.493419349193573, -0.07604790478944778, 0.5000203251838684, 0.5646898746490479, -0.08246926218271255, 0.44355636835098267, 0.2749897241592407, -0.03482634201645851, 0.4593447148799896, 0.38141947984695435, -0.05615842714905739, 0.46965527534484863, 0.45420360565185547, -0.0677180215716362, 0.4727034568786621, 0.5093631744384766, -0.07243809103965759, 0.4287707805633545, 0.25852736830711365, -0.02818649634718895, 0.4288479685783386, 0.33759233355522156, -0.04465903714299202, 0.41905108094215393, 0.3858817219734192, -0.049932271242141724, 0.4089023172855377, 0.42185449600219727, -0.051179561764001846]",[]
"[0.44463691115379333, 0.13386841118335724, 5.52823848920525e-07, 0.5055992007255554, 0.15906499326229095, -0.026576148346066475, 0.5423023104667664, 0.2426820993423462, -0.040024351328611374, 0.5651547312736511, 0.32767418026924133, -0.04306834936141968, 0.5878286957740784, 0.3925773799419403, -0.04500189796090126, 0.49625712633132935, 0.30434906482696533, -0.06541282683610916, 0.5089117884635925, 0.4303688406944275, -0.0825299620628357, 0.5134766697883606, 0.5067982077598572, -0.08834605664014816, 0.5133092403411865, 0.5669970512390137, -0.08783407509326935, 0.4668823182582855, 0.31866535544395447, -0.0453224778175354, 0.4803752303123474, 0.4378579258918762, -0.06019539758563042, 0.4891263246536255, 0.5193568468093872, -0.06015922129154205, 0.4911624789237976, 0.5777755379676819, -0.057750143110752106, 0.44532084465026855, 0.3158218264579773, -0.022758247330784798, 0.462632417678833, 0.4111511707305908, -0.0331743024289608, 0.4735424220561981, 0.47742289304733276, -0.033310700207948685, 0.47516077756881714, 0.5256069302558899, -0.030134378001093864, 0.43120187520980835, 0.3077738881111145, 0.0002980426652356982, 0.4436836540699005, 0.37715455889701843, -0.001636590575799346, 0.4482174217700958, 0.42461836338043213, 0.0014723308850079775, 0.44918254017829895, 0.4618013799190521, 0.005198739003390074]",[]
[],"[0.4164089858531952, 0.2063637524843216, 3.5749698668041674e-07, 0.41812700033187866, 0.27339136600494385, 0.006208742503076792, 0.4395518898963928, 0.3465334475040436, 0.000665805593598634, 0.4634346663951874, 0.39010053873062134, -0.005221592728048563, 0.4850212633609772, 0.419065922498703, -0.012951620854437351, 0.4502466917037964, 0.3885882496833801, -0.033075690269470215, 0.4696120023727417, 0.47094929218292236, -0.04984816163778305, 0.4827931225299835, 0.5201016068458557, -0.05627010390162468, 0.4931231141090393, 0.5565484762191772, -0.05970068275928497, 0.4695693254470825, 0.35419636964797974, -0.04387851059436798, 0.5030547380447388, 0.4406600594520569, -0.05972548574209213, 0.5238160490989685, 0.48284536600112915, -0.06147751584649086, 0.5406991839408875, 0.5160892605781555, -0.06260398030281067, 0.48653802275657654, 0.30185022950172424, -0.05214224010705948, 0.5257238149642944, 0.36828020215034485, -0.06627009809017181, 0.5289233922958374, 0.35659703612327576, -0.05958683416247368, 0.5255481600761414, 0.3418933153152466, -0.05320677533745766, 0.5002913475036621, 0.24113576114177704, -0.05918079614639282, 0.5344247817993164, 0.2927980124950409, -0.0753033235669136, 0.5496659874916077, 0.3292810618877411, -0.07722411304712296, 0.5583362579345703, 0.3627818822860718, -0.07642745971679688]"
"[0.40919554233551025, 0.3131793737411499, 1.9573343479351024e-07, 0.45736420154571533, 0.3076052665710449, -0.006615922320634127, 0.487065851688385, 0.3701654076576233, -0.008077088743448257, 0.505776047706604, 0.4403776228427887, -0.006608962081372738, 0.5232293605804443, 0.49059003591537476, -0.004248960874974728, 0.4778808355331421, 0.42743444442749023, -0.015090125612914562, 0.5073198080062866, 0.49089479446411133, -0.01845211535692215, 0.5242905020713806, 0.5197806358337402, -0.01821567304432392, 0.5343227386474609, 0.538397490978241, -0.016784420236945152, 0.45451533794403076, 0.46568211913108826, -0.012892180122435093, 0.47893252968788147, 0.5597504377365112, -0.016891978681087494, 0.4966534376144409, 0.6111072897911072, -0.018479179590940475, 0.5106150507926941, 0.6461272835731506, -0.01882264018058777, 0.43597546219825745, 0.4842875897884369, -0.010223154909908772, 0.45550352334976196, 0.5730205178260803, -0.015263264998793602, 0.4701501727104187, 0.623623251914978, -0.019428951665759087, 0.4834386706352234, 0.659436821937561, -0.021572042256593704, 0.42440265417099, 0.48430564999580383, -0.0068536726757884026, 0.4323284924030304, 0.5485996603965759, -0.008733540773391724, 0.4383188486099243, 0.5879216194152832, -0.008473299443721771, 0.4460282325744629, 0.6167125701904297, -0.007826712913811207]",[]
"[0.41131913661956787, 0.30367767810821533, 3.16926644927662e-07, 0.46053412556648254, 0.31199783086776733, -0.022974347695708275, 0.48995643854141235, 0.38422468304634094, -0.02673461101949215, 0.5084081292152405, 0.45548316836357117, -0.024053582921624184, 0.5267069339752197, 0.5120370388031006, -0.01924254186451435, 0.4674924910068512, 0.47583240270614624, -0.012629409320652485, 0.4889015853404999, 0.5660585165023804, -0.007361644878983498, 0.503931999206543, 0.6108635067939758, -0.0044471449218690395, 0.5170013904571533, 0.6426421403884888, -0.00236713420599699, 0.4435670077800751, 0.4905916154384613, 0.002606544876471162, 0.46655043959617615, 0.5765699744224548, 0.008802364580333233, 0.48663392663002014, 0.6198485493659973, 0.009659706614911556, 0.5008057355880737, 0.64616858959198, 0.009978333488106728, 0.42854541540145874, 0.4900442361831665, 0.016881367191672325, 0.4493101239204407, 0.5667051076889038, 0.023871226236224174, 0.4656022787094116, 0.6078512668609619, 0.02420579269528389, 0.4791724383831024, 0.6377414464950562, 0.02361915446817875, 0.42136359214782715, 0.4800836443901062, 0.029412271454930305, 0.43213149905204773, 0.5410488247871399, 0.03684213012456894, 0.4410898983478546, 0.5750377774238586, 0.03993133828043938, 0.4495256245136261, 0.6013321280479431, 0.04184087738394737]",[]
"[0.4740907549858093, 0.12612585723400116, 3.8130909274514124e-07, 0.5091402530670166, 0.18328581750392914, -0.02506229653954506, 0.5346401333808899, 0.26000916957855225, -0.03050835430622101, 0.5501212477684021, 0.33009853959083557, -0.03276701644062996, 0.5693351030349731, 0.39281558990478516, -0.034031882882118225, 0.5126962661743164, 0.31345927715301514, 0.012013101018965244, 0.5188342332839966, 0.38663309812545776, 0.015480711124837399, 0.5237014889717102, 0.4339902997016907, 0.010888378135859966, 0.528542697429657, 0.46653318405151367, 0.006736996117979288, 0.49313268065452576, 0.3148021101951599, 0.024092765524983406, 0.49641144275665283, 0.39429742097854614, 0.03285152092576027, 0.5002524852752686, 0.43900999426841736, 0.02820909582078457, 0.5021406412124634, 0.4755965769290924, 0.022799687460064888, 0.4771949052810669, 0.3084469735622406, 0.031868670135736465, 0.47715944051742554, 0.3827473223209381, 0.04003250226378441, 0.4785240590572357, 0.42010778188705444, 0.03845519199967384, 0.47879838943481445, 0.4536868631839752, 0.03518415614962578, 0.4638264775276184, 0.2998901903629303, 0.03652936592698097, 0.4620441198348999, 0.3613114356994629, 0.04396972060203552, 0.46172910928726196, 0.3921014964580536, 0.046402450650930405, 0.46007418632507324, 0.41656216979026794, 0.04672892764210701]",[]
"[0.4233170449733734, 0.205406054854393, 2.9262955081321707e-07, 0.47302109003067017, 0.21177618205547333, -0.02582063339650631, 0.5171266794204712, 0.2863121032714844, -0.031773123890161514, 0.5518524050712585, 0.3466940224170685, -0.03076663613319397, 0.576507568359375, 0.3942122459411621, -0.028746472671628, 0.4844713509082794, 0.37423619627952576, -0.02825762704014778, 0.49991223216056824, 0.4617968201637268, -0.03347046673297882, 0.5023121237754822, 0.5140819549560547, -0.0363619364798069, 0.5014969110488892, 0.5574568510055542, -0.03807150945067406, 0.46222230792045593, 0.39107707142829895, -0.014215110801160336, 0.47790080308914185, 0.4751957952976227, -0.01923517696559429, 0.4833948612213135, 0.5293679237365723, -0.02330605499446392, 0.4826069176197052, 0.5723749399185181, -0.0264020673930645, 0.4441164433956146, 0.3910086452960968, -0.001274141133762896, 0.45228633284568787, 0.4713428318500519, -0.007870646193623543, 0.45289286971092224, 0.5243588089942932, -0.0151562774553895, 0.44786596298217773, 0.5686909556388855, -0.01985357515513897, 0.4320906698703766, 0.3821364641189575, 0.010589190758764744, 0.4301162362098694, 0.44101619720458984, 0.0017564801964908838, 0.4228140711784363, 0.4810206890106201, -0.005451940465718508, 0.4135930836200714, 0.5181427597999573, -0.009651637636125088]",[]
"[0.4293462634086609, 0.09400123357772827, 5.70137615341082e-07, 0.5031589865684509, 0.1303778439760208, -0.020705675706267357, 0.5485657453536987, 0.24501630663871765, -0.024481002241373062, 0.5722485184669495, 0.34507453441619873, -0.020970556885004044, 0.5949530601501465, 0.41844120621681213, -0.01635872945189476, 0.5035200119018555, 0.30649179220199585, -0.029460875317454338, 0.5149523615837097, 0.4414231777191162, -0.03206635266542435, 0.5184032320976257, 0.5198204517364502, -0.03284933790564537, 0.51800936460495, 0.5829830765724182, -0.0312125813215971, 0.4659527540206909, 0.3161604702472687, -0.013293965719640255, 0.47839364409446716, 0.4389079511165619, -0.010323042050004005, 0.48801589012145996, 0.5200405120849609, -0.00929255411028862, 0.48962247371673584, 0.5806724429130554, -0.009244526736438274, 0.43877628445625305, 0.310038685798645, 0.003600602736696601, 0.45786458253860474, 0.41244328022003174, 0.010510205291211605, 0.4711504876613617, 0.4665067195892334, 0.013108470477163792, 0.47774621844291687, 0.5033700466156006, 0.013983012177050114, 0.4222833514213562, 0.29559269547462463, 0.019497837871313095, 0.43316635489463806, 0.37092125415802, 0.029818030074238777, 0.44043219089508057, 0.4158709645271301, 0.03669482842087746, 0.44375890493392944, 0.4463198781013489, 0.04111238941550255]",[]
"[0.4192982614040375, 0.05311490595340729, 4.810983114111878e-07, 0.4686208963394165, 0.03244362771511078, -0.04403850808739662, 0.5070871710777283, 0.06894263625144958, -0.06770318001508713, 0.53757643699646, 0.1254837065935135, -0.08204237371683121, 0.5654263496398926, 0.17009693384170532, -0.09504706412553787, 0.49139001965522766, 0.20939448475837708, -0.06248430907726288, 0.5306065678596497, 0.3033808469772339, -0.08345688134431839, 0.5590803623199463, 0.3523637056350708, -0.09569395333528519, 0.5800740718841553, 0.3938644826412201, -0.10307660698890686, 0.4641241431236267, 0.24395334720611572, -0.04782731831073761, 0.4856783151626587, 0.3660566508769989, -0.06869234889745712, 0.5029694437980652, 0.43947431445121765, -0.08025184273719788, 0.5145613551139832, 0.4979536533355713, -0.08780213445425034, 0.4428245723247528, 0.2535732388496399, -0.03496668115258217, 0.46019288897514343, 0.36009809374809265, -0.05676933377981186, 0.4751564562320709, 0.42540818452835083, -0.069533571600914, 0.48482656478881836, 0.47707492113113403, -0.07633233815431595, 0.42702916264533997, 0.24874398112297058, -0.024209342896938324, 0.4307001829147339, 0.3371747136116028, -0.04253143444657326, 0.42545086145401, 0.39082425832748413, -0.05090300738811493, 0.41924118995666504, 0.4341201186180115, -0.05512983724474907]",[]
"[0.4170878827571869, 0.05626015365123749, 3.023906174348667e-07, 0.4681054651737213, 0.041324108839035034, -0.02580317296087742, 0.5039810538291931, 0.08057151734828949, -0.04030739888548851, 0.530123770236969, 0.13430674374103546, -0.048874691128730774, 0.555325984954834, 0.16958582401275635, -0.056695591658353806, 0.48491808772087097, 0.21642613410949707, -0.043081000447273254, 0.5203940868377686, 0.3076503276824951, -0.05914054065942764, 0.5473705530166626, 0.34957829117774963, -0.06829843670129776, 0.5688470602035522, 0.3840950131416321, -0.0734301507472992, 0.45922696590423584, 0.24396249651908875, -0.03612978756427765, 0.4789048135280609, 0.35380101203918457, -0.05428946763277054, 0.4954042434692383, 0.4173404574394226, -0.06393564492464066, 0.5078136324882507, 0.470569372177124, -0.06948234140872955, 0.43924832344055176, 0.24909572303295135, -0.02963734231889248, 0.4552953243255615, 0.34805917739868164, -0.04843081533908844, 0.4701930284500122, 0.40910273790359497, -0.05822376534342766, 0.4807812571525574, 0.4597943425178528, -0.06250838190317154, 0.4253133535385132, 0.24123229086399078, -0.023821892216801643, 0.43019914627075195, 0.3225477337837219, -0.03795566037297249, 0.4281556010246277, 0.3716025650501251, -0.04253534600138664, 0.42538174986839294, 0.41385993361473083, -0.04390779510140419]",[]
"[0.4294799566268921, 0.11287003755569458, 5.168280381440127e-07, 0.4951094090938568, 0.1338004469871521, -0.031071936711668968, 0.5366621613502502, 0.2341628521680832, -0.03906320407986641, 0.5596189498901367, 0.33074283599853516, -0.03675554320216179, 0.5778496861457825, 0.4034687578678131, -0.03305819258093834, 0.4939398765563965, 0.31314700841903687, -0.047382961958646774, 0.5203061103820801, 0.43327873945236206, -0.059523191303014755, 0.5277402997016907, 0.5101451873779297, -0.06504292041063309, 0.5270786285400391, 0.5708075761795044, -0.06617242097854614, 0.4655749499797821, 0.32402125000953674, -0.02989751473069191, 0.48656126856803894, 0.4416760206222534, -0.03993887081742287, 0.49390628933906555, 0.5261322855949402, -0.04543875902891159, 0.4901185631752014, 0.591189980506897, -0.048618726432323456, 0.44771990180015564, 0.3177071213722229, -0.012738893739879131, 0.468904584646225, 0.4190484583377838, -0.021821586415171623, 0.4730333685874939, 0.4824264645576477, -0.029696248471736908, 0.46829500794410706, 0.5359863042831421, -0.0339646190404892, 0.43830108642578125, 0.29820096492767334, 0.003359902184456587, 0.45255348086357117, 0.36722618341445923, -0.004246078431606293, 0.45473620295524597, 0.41535085439682007, -0.009636652655899525, 0.45250555872917175, 0.4538019597530365, -0.01264417078346014]",[]
"[0.47306203842163086, 0.23617017269134521, 1.839646301959874e-07, 0.5138799548149109, 0.2544681429862976, -0.03400709480047226, 0.539718747138977, 0.3206285238265991, -0.05025850608944893, 0.5526260137557983, 0.39444321393966675, -0.058824606239795685, 0.5678076148033142, 0.4534819424152374, -0.06613143533468246, 0.507969081401825, 0.40561047196388245, -0.05116669088602066, 0.5318772792816162, 0.48273563385009766, -0.0673261359333992, 0.5498124957084656, 0.5261359214782715, -0.07682739943265915, 0.5619646310806274, 0.5608805418014526, -0.0840180441737175, 0.48112982511520386, 0.42307740449905396, -0.04040122032165527, 0.4830836355686188, 0.503888726234436, -0.05562987178564072, 0.48094356060028076, 0.5481114387512207, -0.06455761194229126, 0.47424423694610596, 0.5801798105239868, -0.07188885658979416, 0.4603346288204193, 0.4152084290981293, -0.03104952909052372, 0.44499215483665466, 0.47762882709503174, -0.04965502396225929, 0.4281391203403473, 0.5165297985076904, -0.06214871630072594, 0.4096643626689911, 0.5477745532989502, -0.07106757164001465, 0.44422096014022827, 0.3911915123462677, -0.023006072267889977, 0.421403706073761, 0.41422078013420105, -0.04441865533590317, 0.40041667222976685, 0.42405998706817627, -0.05676168575882912, 0.3807889223098755, 0.4321955442428589, -0.064425989985466]",[]
[],"[0.44887587428092957, 0.16863201558589935, 1.9869003153871745e-07, 0.43802717328071594, 0.2340680956840515, 0.0002887894515879452, 0.4407978355884552, 0.32172733545303345, -0.0026648652274161577, 0.44612643122673035, 0.38349029421806335, -0.005268372595310211, 0.4492328464984894, 0.4265364110469818, -0.009948440827429295, 0.45451489090919495, 0.3714166581630707, -0.023387322202324867, 0.4614980220794678, 0.4481196701526642, -0.04007550701498985, 0.4663195013999939, 0.4962694048881531, -0.050374388694763184, 0.46648263931274414, 0.5368539690971375, -0.057200875133275986, 0.4738472104072571, 0.35462403297424316, -0.03166993707418442, 0.48334237933158875, 0.44337576627731323, -0.04794374853372574, 0.49257564544677734, 0.49504294991493225, -0.056741952896118164, 0.49700409173965454, 0.5405063033103943, -0.06345611810684204, 0.4934873580932617, 0.31608158349990845, -0.03938373550772667, 0.5077875256538391, 0.3995896577835083, -0.055830951780080795, 0.5184459090232849, 0.4471966028213501, -0.0641857236623764, 0.5243821144104004, 0.4901469647884369, -0.07033941149711609, 0.5141029357910156, 0.2590101361274719, -0.045998360961675644, 0.53761887550354, 0.30125707387924194, -0.0658135861158371, 0.552642822265625, 0.33741533756256104, -0.07638503611087799, 0.5629962682723999, 0.3761269748210907, -0.08334757387638092]"
"[0.4007156193256378, 0.312106728553772, 6.686595099836268e-08, 0.4299949109554291, 0.35123729705810547, -0.003925777040421963, 0.45969098806381226, 0.42002975940704346, -0.0027350259479135275, 0.48641520738601685, 0.46766504645347595, 7.012104470049962e-05, 0.5085104703903198, 0.5031722784042358, 0.004522574134171009, 0.4316757321357727, 0.4992079436779022, 0.0007511548465117812, 0.4562908709049225, 0.5825834274291992, 0.0006561042973771691, 0.47845953702926636, 0.6171782612800598, 0.00032940632081590593, 0.49739792943000793, 0.6354149580001831, 0.0006435571704059839, 0.42759114503860474, 0.49959880113601685, 0.0015168795362114906, 0.45337146520614624, 0.5891134142875671, 0.001210240414366126, 0.47782763838768005, 0.6217215061187744, -0.0003062190080527216, 0.4989341199398041, 0.6375014781951904, -0.0008419636869803071, 0.42997294664382935, 0.4902455806732178, 0.0017571129137650132, 0.4552798867225647, 0.5726122260093689, 0.0012601371854543686, 0.4761832654476166, 0.6068544387817383, -0.0003420200082473457, 0.494152694940567, 0.6267544627189636, -0.0009001018479466438, 0.43851545453071594, 0.4744548201560974, 0.0019467078382149339, 0.46212831139564514, 0.5380638837814331, 0.0015003064181655645, 0.4776711165904999, 0.5692713856697083, 0.002239085268229246, 0.49121329188346863, 0.5894169211387634, 0.003746999893337488]","[0.45025986433029175, 0.08458171784877777, 3.0180376597854774e-07, 0.48389896750450134, 0.13895536959171295, -0.02824927121400833, 0.50832599401474, 0.23190408945083618, -0.034090958535671234, 0.5187669396400452, 0.30707135796546936, -0.03684811294078827, 0.5313177108764648, 0.37501534819602966, -0.038730692118406296, 0.4755907952785492, 0.28929346799850464, 0.0016342825256288052, 0.47144216299057007, 0.3554755449295044, -0.003158068284392357, 0.4662914276123047, 0.40174350142478943, -0.011294538155198097, 0.46190422773361206, 0.43781161308288574, -0.01751333475112915, 0.4509888291358948, 0.2831428349018097, 0.011048971675336361, 0.4438701272010803, 0.35303613543510437, 0.011648057959973812, 0.439441978931427, 0.39461973309516907, 0.005958064924925566, 0.4345506429672241, 0.4291175603866577, 0.000504768977407366, 0.43068236112594604, 0.2691284716129303, 0.015392852015793324, 0.42278462648391724, 0.3330821692943573, 0.013613808900117874, 0.4186188280582428, 0.3738376796245575, 0.011771383695304394, 0.41507771611213684, 0.40893715620040894, 0.009900429286062717, 0.414092481136322, 0.25047194957733154, 0.016342664137482643, 0.40525388717651367, 0.3071892559528351, 0.014543844386935234, 0.40004199743270874, 0.3399339020252228, 0.015270673669874668, 0.39548763632774353, 0.36807918548583984, 0.015508693642914295]"
"[0.45323455333709717, 0.07514463365077972, 2.723796228565334e-07, 0.4882911443710327, 0.130961075425148, -0.024073775857686996, 0.5091157555580139, 0.225405752658844, -0.02899811416864395, 0.5168555974960327, 0.30291855335235596, -0.03179599344730377, 0.5282718539237976, 0.37253537774086, -0.033806007355451584, 0.47061794996261597, 0.2937612533569336, 0.0067621259950101376, 0.4644823670387268, 0.3554856777191162, 0.0021184533834457397, 0.45657089352607727, 0.39954811334609985, -0.007596053183078766, 0.45043954253196716, 0.4341140389442444, -0.015392492525279522, 0.44569388031959534, 0.2869611382484436, 0.013344479724764824, 0.4384322464466095, 0.3521014451980591, 0.01395988930016756, 0.43236789107322693, 0.3924615979194641, 0.005896798335015774, 0.4265945553779602, 0.4241480827331543, -0.0016732256626710296, 0.42696434259414673, 0.2704082429409027, 0.015393341891467571, 0.4192028045654297, 0.33095651865005493, 0.01354814600199461, 0.4126739501953125, 0.37155354022979736, 0.010748562403023243, 0.40861862897872925, 0.4066048860549927, 0.007868104614317417, 0.41210517287254333, 0.24737945199012756, 0.014391419477760792, 0.4029550850391388, 0.30472618341445923, 0.01264183595776558, 0.3967282772064209, 0.33841007947921753, 0.013921103440225124, 0.39185160398483276, 0.3684995770454407, 0.014426522888243198]","[0.3932221531867981, 0.32302844524383545, 2.182332252687047e-07, 0.3961440324783325, 0.39519697427749634, 0.013009882532060146, 0.41661807894706726, 0.4688374698162079, 0.020308135077357292, 0.4404008686542511, 0.5099111795425415, 0.026234116405248642, 0.46220919489860535, 0.5294855833053589, 0.031638771295547485, 0.41242989897727966, 0.50901198387146, 0.0094160670414567, 0.432325154542923, 0.5909544229507446, 0.013906371779739857, 0.44702574610710144, 0.6272888779640198, 0.018179642036557198, 0.4614187180995941, 0.6487410664558411, 0.02134787105023861, 0.42583969235420227, 0.49797311425209045, 0.002962283091619611, 0.4470352530479431, 0.59590744972229, 0.006691839080303907, 0.4620189964771271, 0.6363064050674438, 0.009335832670331001, 0.4746803045272827, 0.6573901176452637, 0.011667798273265362, 0.4435795843601227, 0.4710235595703125, -0.0021567936055362225, 0.4631095826625824, 0.5645400881767273, 0.0006914851837791502, 0.4739105999469757, 0.6094359159469604, 0.00049890874652192, 0.48194506764411926, 0.635827362537384, 3.8720841985195875e-05, 0.4664725363254547, 0.431801438331604, -0.005409042350947857, 0.4869075417518616, 0.4892368018627167, -0.004820352420210838, 0.4978010356426239, 0.5235069990158081, -0.0038391482084989548, 0.5068842768669128, 0.550208330154419, -0.0027455261442810297]"
"[0.4693283438682556, 0.10011923313140869, 2.6460278945705795e-07, 0.4934322237968445, 0.15667296946048737, -0.028608892112970352, 0.5140264630317688, 0.24742048978805542, -0.03203771635890007, 0.5294031500816345, 0.3215528726577759, -0.030069708824157715, 0.5431634187698364, 0.38456159830093384, -0.02625454030930996, 0.5046839714050293, 0.2630770206451416, -0.005177442915737629, 0.5126616358757019, 0.3362188935279846, -0.010496558621525764, 0.5151509642601013, 0.3827437162399292, -0.01788579486310482, 0.5178942084312439, 0.41932037472724915, -0.023054372519254684, 0.48735472559928894, 0.26645615696907043, 0.007682912051677704, 0.48676416277885437, 0.3465174436569214, 0.0065447064116597176, 0.48701751232147217, 0.39788949489593506, 0.00013678238610737026, 0.4868108034133911, 0.43899983167648315, -0.005389423109591007, 0.4747881591320038, 0.2638498544692993, 0.01628945767879486, 0.47467389702796936, 0.33521559834480286, 0.013511532917618752, 0.4743509888648987, 0.38118141889572144, 0.008717060089111328, 0.4740392863750458, 0.4208051562309265, 0.0054589612409472466, 0.46716034412384033, 0.25861498713493347, 0.02215096913278103, 0.4688948690891266, 0.31590738892555237, 0.020586157217621803, 0.4688725769519806, 0.34834229946136475, 0.01948324777185917, 0.46889960765838623, 0.3748052716255188, 0.01847068779170513]","[0.3993971347808838, 0.2929551303386688, 1.4891406863171142e-07, 0.45336419343948364, 0.3061964213848114, -0.008432441391050816, 0.4830772876739502, 0.381706178188324, -0.00937593262642622, 0.49703025817871094, 0.4584079682826996, -0.0056008100509643555, 0.5016981959342957, 0.506037712097168, 0.00036043996806256473, 0.4558754861354828, 0.438981831073761, -0.022081822156906128, 0.4787074029445648, 0.5290708541870117, -0.019781850278377533, 0.4892181158065796, 0.5540190935134888, -0.011724877171218395, 0.4916122257709503, 0.5620975494384766, -0.00481610419228673, 0.42961573600769043, 0.4621496796607971, -0.015330055728554726, 0.45301756262779236, 0.5633314251899719, -0.01639336347579956, 0.47159892320632935, 0.606775164604187, -0.011189539916813374, 0.48675069212913513, 0.6301733255386353, -0.006407256703823805, 0.4121728539466858, 0.4696425497531891, -0.007284114602953196, 0.43223318457603455, 0.5620037317276001, -0.008382484316825867, 0.4504788815975189, 0.5974106192588806, -0.006444078870117664, 0.464836984872818, 0.6123375296592712, -0.004019234329462051, 0.40292680263519287, 0.4635176956653595, 0.0012640487402677536, 0.41718965768814087, 0.5239483714103699, 0.0027095244731754065, 0.4305296540260315, 0.5413183569908142, 0.006252013146877289, 0.4409346580505371, 0.5431941747665405, 0.009675578214228153]"
"[0.39714959263801575, 0.21931566298007965, 3.6476350828706927e-07, 0.4324246942996979, 0.23406864702701569, -0.009708116762340069, 0.4567691385746002, 0.292205810546875, -0.016920242458581924, 0.4686627686023712, 0.34937426447868347, -0.022229444235563278, 0.4767617881298065, 0.3938405215740204, -0.0278643611818552, 0.4586070477962494, 0.3553712069988251, -0.02092796564102173, 0.4744355380535126, 0.4289153218269348, -0.035556573420763016, 0.4843635857105255, 0.47714734077453613, -0.04651621729135513, 0.49090835452079773, 0.5148929357528687, -0.05355618894100189, 0.44464579224586487, 0.37093979120254517, -0.0229779239743948, 0.4576781094074249, 0.4624307155609131, -0.037883371114730835, 0.4699765741825104, 0.5279543399810791, -0.04986533895134926, 0.48077595233917236, 0.5830322504043579, -0.05807019770145416, 0.4313886761665344, 0.3693644106388092, -0.025149373337626457, 0.43938472867012024, 0.4535720646381378, -0.03932369127869606, 0.44490060210227966, 0.5128766894340515, -0.049185220152139664, 0.44864967465400696, 0.5613159537315369, -0.05542459338903427, 0.41990965604782104, 0.35284027457237244, -0.027341187000274658, 0.41687875986099243, 0.4133627414703369, -0.039424020797014236, 0.41637009382247925, 0.45506298542022705, -0.044726163148880005, 0.4162437617778778, 0.4909059405326843, -0.04790448397397995]",[]
[],"[0.4156762659549713, 0.10599884390830994, 5.44847353012301e-07, 0.49146541953086853, 0.13697923719882965, -0.007690425496548414, 0.533435583114624, 0.24009045958518982, -0.004498145543038845, 0.5522486567497253, 0.3304574489593506, -0.001327873789705336, 0.5677951574325562, 0.40362319350242615, 0.0015605305088683963, 0.4928845763206482, 0.3147306740283966, 0.022417081519961357, 0.5024709105491638, 0.40379348397254944, 0.03091556206345558, 0.5145723819732666, 0.4614643454551697, 0.03078172728419304, 0.5253495573997498, 0.5074532628059387, 0.02810399793088436, 0.4651569724082947, 0.3226815462112427, 0.02263225056231022, 0.4756610691547394, 0.4135116636753082, 0.03348434343934059, 0.4925951659679413, 0.4754549562931061, 0.029046714305877686, 0.5047596096992493, 0.5231848955154419, 0.022599371150135994, 0.44381144642829895, 0.3138664960861206, 0.019927412271499634, 0.4558474123477936, 0.40239936113357544, 0.024071669206023216, 0.47087112069129944, 0.4566720128059387, 0.01673147641122341, 0.48451563715934753, 0.500868022441864, 0.009247228503227234, 0.42963820695877075, 0.29363569617271423, 0.016222648322582245, 0.44212180376052856, 0.3644295930862427, 0.014744679443538189, 0.45085155963897705, 0.40790021419525146, 0.010254143737256527, 0.45838603377342224, 0.44728609919548035, 0.0056359427981078625]"
"[0.5086641311645508, 0.2150784134864807, 4.1732576505637553e-07, 0.5458080768585205, 0.2463742196559906, -0.02023872546851635, 0.5710582733154297, 0.31355926394462585, -0.028520554304122925, 0.5809590220451355, 0.3836337924003601, -0.0339534766972065, 0.5890941023826599, 0.44439879059791565, -0.038528162986040115, 0.5393025875091553, 0.40231409668922424, -0.016333311796188354, 0.5419900417327881, 0.49109262228012085, -0.02632276900112629, 0.5355555415153503, 0.5426852703094482, -0.033630140125751495, 0.5266053676605225, 0.5796520709991455, -0.03784344717860222, 0.5126093626022339, 0.4041566252708435, -0.012855049222707748, 0.510194718837738, 0.4938080608844757, -0.01845337450504303, 0.5046259760856628, 0.5514106750488281, -0.024905646219849586, 0.4966045320034027, 0.5945854187011719, -0.029639607295393944, 0.48975619673728943, 0.38875460624694824, -0.011710877530276775, 0.48142674565315247, 0.4606451988220215, -0.020455291494727135, 0.47278347611427307, 0.5048485994338989, -0.02756396494805813, 0.46298718452453613, 0.5412508249282837, -0.03203467279672623, 0.4702649414539337, 0.36247357726097107, -0.012016934342682362, 0.4550240933895111, 0.4101770222187042, -0.022256867960095406, 0.44344770908355713, 0.4405305087566376, -0.026113852858543396, 0.43198269605636597, 0.46545329689979553, -0.02744002267718315]","[0.41520145535469055, 0.06433650851249695, 6.452061711570423e-07, 0.45458149909973145, 0.03832648694515228, -0.05197835713624954, 0.4911780059337616, 0.06882551312446594, -0.0790492594242096, 0.52207350730896, 0.1165180653333664, -0.09448985010385513, 0.5495314598083496, 0.15762028098106384, -0.10872775316238403, 0.4695233404636383, 0.20982591807842255, -0.0762328952550888, 0.4992541968822479, 0.32653844356536865, -0.10144832730293274, 0.5189081430435181, 0.40529561042785645, -0.11684557795524597, 0.5297848582267761, 0.4680866003036499, -0.12558546662330627, 0.45209628343582153, 0.2484724074602127, -0.055494099855422974, 0.47791382670402527, 0.37059155106544495, -0.08144648373126984, 0.4966810643672943, 0.4597383141517639, -0.09658791869878769, 0.5061607956886292, 0.5320097208023071, -0.10604558885097504, 0.4422146677970886, 0.2633453905582428, -0.036131955683231354, 0.4639812111854553, 0.37012332677841187, -0.05812064930796623, 0.47642645239830017, 0.43966588377952576, -0.07038704305887222, 0.4817662835121155, 0.493917316198349, -0.07695262879133224, 0.44054561853408813, 0.2591169476509094, -0.019512904807925224, 0.4513918459415436, 0.3349940776824951, -0.037262700498104095, 0.4588432312011719, 0.38891297578811646, -0.04721805453300476, 0.4645782709121704, 0.43472984433174133, -0.05297943204641342]"
[],"[0.5302357077598572, 0.20965920388698578, 5.253619406175858e-07, 0.5588135123252869, 0.25305771827697754, -0.030232993885874748, 0.5761056542396545, 0.3223431706428528, -0.04093048721551895, 0.584003746509552, 0.39358264207839966, -0.04675275459885597, 0.590811014175415, 0.4582887887954712, -0.051901593804359436, 0.5426325798034668, 0.3996809422969818, -0.017387140542268753, 0.5355072021484375, 0.4852612316608429, -0.02743074856698513, 0.5277981162071228, 0.5420737862586975, -0.03600787743926048, 0.5190539956092834, 0.5830658078193665, -0.041322287172079086, 0.5197478532791138, 0.40081465244293213, -0.0072310687974095345, 0.5068144202232361, 0.49109145998954773, -0.01198805682361126, 0.49952802062034607, 0.5513591766357422, -0.01914266310632229, 0.49128228425979614, 0.5990772843360901, -0.024625537917017937, 0.5009738802909851, 0.385180801153183, -0.0007043399382382631, 0.48277902603149414, 0.46102941036224365, -0.008731952868402004, 0.4715617299079895, 0.5081126093864441, -0.017010390758514404, 0.459713339805603, 0.5464175343513489, -0.022484837099909782, 0.48507601022720337, 0.3586123585700989, 0.0034070403780788183, 0.4629320800304413, 0.40868112444877625, -0.006821463815867901, 0.4486083388328552, 0.44043391942977905, -0.012643681839108467, 0.4352147579193115, 0.4678589403629303, -0.01577918976545334]"
"[0.4770576059818268, 0.18210268020629883, 3.798086822826008e-07, 0.530255138874054, 0.21877412497997284, -0.015406607650220394, 0.5593284964561462, 0.3053525388240814, -0.01786019839346409, 0.5727699398994446, 0.383952260017395, -0.018991777673363686, 0.5790855884552002, 0.4527105391025543, -0.01961761713027954, 0.5274354219436646, 0.40695464611053467, 0.010968075133860111, 0.5252084136009216, 0.49443942308425903, 0.011892036534845829, 0.5166447162628174, 0.5432515740394592, 0.007257622200995684, 0.5066890120506287, 0.5805761814117432, 0.003105296054854989, 0.49968641996383667, 0.4062136113643646, 0.014470166526734829, 0.49475908279418945, 0.4983087182044983, 0.02143137902021408, 0.4878895580768585, 0.5541523694992065, 0.015416109934449196, 0.4773240387439728, 0.5993244051933289, 0.009349973872303963, 0.4751734733581543, 0.3851853609085083, 0.014735653065145016, 0.46578148007392883, 0.4661853611469269, 0.01655246689915657, 0.4542774260044098, 0.5116012096405029, 0.008732459507882595, 0.4419175982475281, 0.551307737827301, 0.0014093455392867327, 0.4527806043624878, 0.3501453101634979, 0.013253566808998585, 0.44028449058532715, 0.3996776044368744, 0.012047098018229008, 0.4277282655239105, 0.42740458250045776, 0.00912355724722147, 0.4151379466056824, 0.4525909125804901, 0.006233936175704002]",[]
[],"[0.4722611904144287, 0.16331318020820618, 3.0510494752888917e-07, 0.5162851810455322, 0.1904352903366089, -0.018989820033311844, 0.5440386533737183, 0.27602189779281616, -0.025380540639162064, 0.5535768270492554, 0.3526681959629059, -0.029921120032668114, 0.5609604716300964, 0.41572287678718567, -0.034392163157463074, 0.5083258748054504, 0.37158429622650146, -0.010018949396908283, 0.5112589597702026, 0.455920934677124, -0.02247013710439205, 0.5129532814025879, 0.5106507539749146, -0.03393084928393364, 0.5130429863929749, 0.5547180771827698, -0.042146261781454086, 0.4838717579841614, 0.37473368644714355, -0.01077104639261961, 0.48291337490081787, 0.46826428174972534, -0.019833743572235107, 0.48304376006126404, 0.5293797254562378, -0.03039257414638996, 0.4800996482372284, 0.5797030925750732, -0.0378074087202549, 0.4608851373195648, 0.3578018248081207, -0.014431718736886978, 0.4537317454814911, 0.4461438059806824, -0.026392366737127304, 0.446162611246109, 0.49912506341934204, -0.03470798209309578, 0.43715476989746094, 0.544849157333374, -0.04009472206234932, 0.4397403597831726, 0.3230608105659485, -0.019849807024002075, 0.4323263466358185, 0.37952864170074463, -0.03311251848936081, 0.42528074979782104, 0.4132384657859802, -0.03738052397966385, 0.4173536002635956, 0.44325321912765503, -0.03932108357548714]"
[],"[0.40334978699684143, 0.25466665625572205, 2.2067378324663878e-07, 0.4476800858974457, 0.3147226572036743, -0.0042608049698174, 0.47316673398017883, 0.38950902223587036, -0.0036193367559462786, 0.48585283756256104, 0.43176352977752686, -0.003645892720669508, 0.49128884077072144, 0.4517552852630615, -0.003855658695101738, 0.459226131439209, 0.45395657420158386, 0.008248838596045971, 0.47527551651000977, 0.5220658779144287, 0.001123942551203072, 0.486078679561615, 0.5676229596138, -0.008660800755023956, 0.49453502893447876, 0.6058928370475769, -0.01606876589357853, 0.44647616147994995, 0.44902849197387695, 0.004959189333021641, 0.45876041054725647, 0.5256620645523071, 0.0005506665329448879, 0.4699607193470001, 0.5711616277694702, -0.008699190802872181, 0.48041361570358276, 0.6144359707832336, -0.016369374468922615, 0.43377789855003357, 0.43000563979148865, -0.00037959605106152594, 0.4389418959617615, 0.503592312335968, -0.004662597086280584, 0.445372611284256, 0.5454496741294861, -0.010160570964217186, 0.4500807225704193, 0.5818079710006714, -0.014892788603901863, 0.42243480682373047, 0.3988633453845978, -0.0067208195105195045, 0.4206705689430237, 0.45488452911376953, -0.010015294887125492, 0.4198107421398163, 0.49189841747283936, -0.011828255839645863, 0.4189605712890625, 0.5256339907646179, -0.013884813524782658]"
[],"[0.45925992727279663, 0.04771795868873596, 2.7131400770485925e-07, 0.4664996564388275, 0.12306967377662659, 0.01691773347556591, 0.4760952591896057, 0.19468247890472412, 0.018988318741321564, 0.4824058711528778, 0.24161745607852936, 0.015901757404208183, 0.4775286614894867, 0.27911442518234253, 0.009528064168989658, 0.5044724345207214, 0.2681478261947632, 0.006609250325709581, 0.5200408101081848, 0.35744795203208923, -0.008247096091508865, 0.5259647965431213, 0.42149651050567627, -0.021532224491238594, 0.5258017182350159, 0.47533881664276123, -0.03125295788049698, 0.5059139132499695, 0.26762354373931885, -0.013137483038008213, 0.5264136791229248, 0.3736546039581299, -0.0254631619900465, 0.5342340469360352, 0.4483814835548401, -0.03772592917084694, 0.5346130728721619, 0.5126761198043823, -0.04783133789896965, 0.508272647857666, 0.24328158795833588, -0.03233702853322029, 0.5342687368392944, 0.34534358978271484, -0.044432632625103, 0.5408146381378174, 0.413430392742157, -0.0546252503991127, 0.5393380522727966, 0.4737824499607086, -0.06375283002853394, 0.5127633810043335, 0.20178130269050598, -0.049863819032907486, 0.5368376970291138, 0.2475205957889557, -0.06433752924203873, 0.5481389164924622, 0.2816180884838104, -0.07081873714923859, 0.5564492344856262, 0.3136034905910492, -0.07605945318937302]"
[],"[0.4476127028465271, 0.05395841598510742, 2.141253361287454e-07, 0.4689815938472748, 0.13483479619026184, 0.009300733916461468, 0.4893400967121124, 0.2240937203168869, 0.009235034696757793, 0.5068179368972778, 0.2989823520183563, 0.0060687437653541565, 0.5232965350151062, 0.3558361232280731, 0.0008993747760541737, 0.48509150743484497, 0.25374528765678406, -0.0013574388576671481, 0.512133777141571, 0.33751875162124634, -0.018196750432252884, 0.5282105803489685, 0.3973948061466217, -0.031764935702085495, 0.5392765402793884, 0.44971588253974915, -0.04135526344180107, 0.4847785532474518, 0.25567081570625305, -0.016198577359318733, 0.5148574113845825, 0.3614386022090912, -0.03019235096871853, 0.5291536450386047, 0.43520575761795044, -0.041069887578487396, 0.5369461178779602, 0.4997648000717163, -0.050533078610897064, 0.4910511374473572, 0.2389160394668579, -0.03128254786133766, 0.5237913727760315, 0.3424515724182129, -0.042922377586364746, 0.5369182825088501, 0.4115508496761322, -0.049281295388936996, 0.5424283146858215, 0.4712989926338196, -0.05571194738149643, 0.503801167011261, 0.20910051465034485, -0.04571332782506943, 0.5298222899436951, 0.2710675001144409, -0.05617976561188698, 0.5428948998451233, 0.3162669241428375, -0.06035254895687103, 0.5535786747932434, 0.3564126491546631, -0.06484390795230865]"
"[0.5155286192893982, 0.06922730803489685, 1.442843569066099e-07, 0.4966694712638855, 0.1271006166934967, -0.010933495126664639, 0.48170092701911926, 0.21889810264110565, -0.013954336754977703, 0.4712589383125305, 0.2927323281764984, -0.01591542735695839, 0.46260878443717957, 0.34168002009391785, -0.017421476542949677, 0.5099175572395325, 0.2870393395423889, -0.012149766087532043, 0.5118101835250854, 0.37819904088974, -0.027316326275467873, 0.5187903642654419, 0.43917548656463623, -0.038237180560827255, 0.5256653428077698, 0.48500847816467285, -0.04595251753926277, 0.5178992748260498, 0.2899002432823181, -0.016219332814216614, 0.5182138681411743, 0.38897833228111267, -0.03370213136076927, 0.5256262421607971, 0.45508068799972534, -0.04700938239693642, 0.5328314900398254, 0.5081153512001038, -0.054821450263261795, 0.5222876667976379, 0.2778039872646332, -0.02149425446987152, 0.5221070051193237, 0.37711167335510254, -0.040391139686107635, 0.523948073387146, 0.4395720064640045, -0.05289361625909805, 0.5255903005599976, 0.4919699430465698, -0.06039661169052124, 0.5248339176177979, 0.25280728936195374, -0.02735256217420101, 0.5180739760398865, 0.30966830253601074, -0.04700497165322304, 0.5146923661231995, 0.3531726002693176, -0.05745192989706993, 0.5111864805221558, 0.39307901263237, -0.06340478360652924]",[]
"[0.5521805286407471, 0.07564689218997955, 1.2493366341459478e-07, 0.5242410898208618, 0.1279241144657135, -0.01059356052428484, 0.5120434165000916, 0.22017903625965118, -0.012064322829246521, 0.5104345679283142, 0.2935468256473541, -0.011820564046502113, 0.5129238367080688, 0.34447425603866577, -0.01128367055207491, 0.5260080695152283, 0.26848793029785156, -0.01588333211839199, 0.5255528092384338, 0.3572917580604553, -0.03161771222949028, 0.5353610515594482, 0.4203348755836487, -0.04380587115883827, 0.5513724088668823, 0.46688327193260193, -0.05172853544354439, 0.5313677787780762, 0.26824989914894104, -0.019106000661849976, 0.5291708111763, 0.36335307359695435, -0.03542588651180267, 0.5346043705940247, 0.43473637104034424, -0.04872949421405792, 0.5404942631721497, 0.4960263967514038, -0.05677548423409462, 0.5319611430168152, 0.2596932351589203, -0.023085951805114746, 0.5143311619758606, 0.3538650572299957, -0.04118328541517258, 0.49707356095314026, 0.41806578636169434, -0.053702883422374725, 0.4824042320251465, 0.4718814492225647, -0.060540348291397095, 0.528194785118103, 0.24231813848018646, -0.02749164216220379, 0.5116410851478577, 0.30593031644821167, -0.045686084777116776, 0.49589088559150696, 0.35046812891960144, -0.05337999761104584, 0.4803246557712555, 0.3865468204021454, -0.05678016319870949]",[]
"[0.5508570075035095, 0.07716509699821472, 1.2597043053119705e-07, 0.5247825384140015, 0.13275021314620972, -0.008794853463768959, 0.5137224793434143, 0.22382314503192902, -0.010199996642768383, 0.5119462013244629, 0.29582053422927856, -0.010141657665371895, 0.5143035650253296, 0.3461388349533081, -0.009854660369455814, 0.5276346802711487, 0.27241915464401245, -0.01575745828449726, 0.5298335552215576, 0.3614756464958191, -0.032445408403873444, 0.5415529608726501, 0.425156831741333, -0.04509241506457329, 0.5588234663009644, 0.4716576039791107, -0.05304434895515442, 0.5312142372131348, 0.2705201208591461, -0.019994713366031647, 0.5274039506912231, 0.36619529128074646, -0.036461785435676575, 0.5303754806518555, 0.4375065565109253, -0.049407437443733215, 0.5332321524620056, 0.49854156374931335, -0.05713115632534027, 0.5304003953933716, 0.25976452231407166, -0.024931373074650764, 0.5116990804672241, 0.3530904948711395, -0.043132178485393524, 0.49292269349098206, 0.41645923256874084, -0.05557301267981529, 0.4764775037765503, 0.4693884551525116, -0.062370650470256805, 0.5252478122711182, 0.2398863285779953, -0.03011350706219673, 0.5082985758781433, 0.30214571952819824, -0.04851112514734268, 0.4920675456523895, 0.34570834040641785, -0.05616943538188934, 0.4759441018104553, 0.38087648153305054, -0.05954566225409508]",[]
[],"[0.4368774890899658, 0.12584568560123444, 2.945862149772438e-07, 0.44477516412734985, 0.1782250702381134, -0.01809491217136383, 0.4541448652744293, 0.2573540508747101, -0.024070577695965767, 0.4571259915828705, 0.322786420583725, -0.025939172133803368, 0.4510563015937805, 0.370362788438797, -0.02717861719429493, 0.4835837483406067, 0.3014102578163147, -0.019511982798576355, 0.5076923370361328, 0.3778004050254822, -0.03218024596571922, 0.5254934430122375, 0.4280036389827728, -0.0421096608042717, 0.538192629814148, 0.46907827258110046, -0.049186043441295624, 0.4893203675746918, 0.3070313632488251, -0.015684261918067932, 0.5181459188461304, 0.38554030656814575, -0.03217533975839615, 0.5394202470779419, 0.4469454288482666, -0.046960312873125076, 0.5521919131278992, 0.5044479370117188, -0.056914493441581726, 0.4903506636619568, 0.29891958832740784, -0.012426606379449368, 0.502665638923645, 0.3830772042274475, -0.0306899044662714, 0.4985494315624237, 0.4419695734977722, -0.04424175247550011, 0.4886791706085205, 0.4935278296470642, -0.05221504718065262, 0.49076130986213684, 0.2786438763141632, -0.009623730555176735, 0.500416100025177, 0.33085325360298157, -0.029081763699650764, 0.4954622685909271, 0.3693377375602722, -0.0388096384704113, 0.4879440665245056, 0.4046398997306824, -0.043907131999731064]"
[],"[0.4493076205253601, 0.11958655714988708, 3.9436866927644587e-07, 0.46375805139541626, 0.15083420276641846, -0.05400613322854042, 0.485219806432724, 0.22353506088256836, -0.0670548602938652, 0.5093947052955627, 0.295768678188324, -0.06902661919593811, 0.5330416560173035, 0.3557319641113281, -0.06816225498914719, 0.5183879137039185, 0.3199257254600525, -0.029504552483558655, 0.55118328332901, 0.40525564551353455, -0.03711447864770889, 0.5745121836662292, 0.4572027921676636, -0.04704563319683075, 0.5914676189422607, 0.4979941248893738, -0.05445442348718643, 0.5093218684196472, 0.3264566659927368, -0.0038823275826871395, 0.5223674178123474, 0.4133272171020508, -0.007239179220050573, 0.5265052914619446, 0.46934348344802856, -0.017954915761947632, 0.5228831171989441, 0.5125480890274048, -0.026305899024009705, 0.4969463646411896, 0.3174878656864166, 0.016708413138985634, 0.5052188038825989, 0.39783209562301636, 0.011555710807442665, 0.5054394006729126, 0.4444761872291565, -0.0011555574601516128, 0.499051034450531, 0.4890507459640503, -0.011177213862538338, 0.48607519268989563, 0.2972314655780792, 0.032754868268966675, 0.48425501585006714, 0.3416687250137329, 0.024817613884806633, 0.4770676791667938, 0.3675749599933624, 0.0163872130215168, 0.46520939469337463, 0.39192652702331543, 0.010733433067798615]"
[],"[0.5508474707603455, 0.13588947057724, 4.814705789613072e-07, 0.5799305438995361, 0.18467766046524048, -0.0349588505923748, 0.5999017357826233, 0.28391391038894653, -0.042104121297597885, 0.6058787107467651, 0.36798664927482605, -0.043655939400196075, 0.620917022228241, 0.4225981831550598, -0.04324823617935181, 0.5814036130905151, 0.35917040705680847, -0.015792440623044968, 0.5692193508148193, 0.44318094849586487, -0.03150565177202225, 0.5510118007659912, 0.49336594343185425, -0.047110628336668015, 0.5332943797111511, 0.5385555624961853, -0.05672856420278549, 0.5740343332290649, 0.3631221055984497, -0.004778075031936169, 0.5710911750793457, 0.4536181092262268, -0.01571294479072094, 0.561772346496582, 0.5154346227645874, -0.026717383414506912, 0.5488353967666626, 0.5656968951225281, -0.034353505820035934, 0.5687601566314697, 0.3540654182434082, 0.0009489702060818672, 0.5691193342208862, 0.4408664405345917, -0.012553504668176174, 0.5616036057472229, 0.5006118416786194, -0.021761009469628334, 0.5496383309364319, 0.55311518907547, -0.02701551839709282, 0.5621609687805176, 0.3365243375301361, 0.0031812782399356365, 0.5613011717796326, 0.4066177010536194, -0.008111781440675259, 0.5535314083099365, 0.4522888660430908, -0.013241047970950603, 0.5434609055519104, 0.4936523139476776, -0.01624431274831295]"
[],"[0.6081762313842773, 0.12640871107578278, 3.39441925234496e-07, 0.6107732653617859, 0.1922546774148941, -0.015020180493593216, 0.6139779090881348, 0.2930082082748413, -0.022042904049158096, 0.6139283776283264, 0.3697943389415741, -0.02818458154797554, 0.6275950074195862, 0.4229447841644287, -0.03454945236444473, 0.5986444354057312, 0.35195887088775635, -0.018778769299387932, 0.5790338516235352, 0.44081103801727295, -0.041709717363119125, 0.5615431070327759, 0.49445992708206177, -0.05934774503111839, 0.5442095398902893, 0.5406457781791687, -0.07146726548671722, 0.593598484992981, 0.35101640224456787, -0.025095505639910698, 0.5778524279594421, 0.4471537470817566, -0.04635412245988846, 0.5627025961875916, 0.5112232565879822, -0.06331846863031387, 0.5442110896110535, 0.5640171766281128, -0.07529433816671371, 0.5885974168777466, 0.3339272439479828, -0.034142740070819855, 0.574082612991333, 0.42738083004951477, -0.05918103829026222, 0.5562050342559814, 0.4838681221008301, -0.0756179541349411, 0.535408616065979, 0.5324143171310425, -0.08606497943401337, 0.581159770488739, 0.3031991720199585, -0.044094592332839966, 0.5634335875511169, 0.35829687118530273, -0.06874155253171921, 0.5468124151229858, 0.39208754897117615, -0.0810365155339241, 0.5285810828208923, 0.4212740361690521, -0.08896788209676743]"
[],"[0.6015517115592957, 0.1277904063463211, 3.4096512990799965e-07, 0.6065872311592102, 0.1896114945411682, -0.01695910468697548, 0.6119940876960754, 0.28959253430366516, -0.024120111018419266, 0.6129924058914185, 0.36771053075790405, -0.029972055926918983, 0.6269373893737793, 0.42225381731987, -0.03561057895421982, 0.5967555642127991, 0.3517555296421051, -0.01859368570148945, 0.577594518661499, 0.4414445757865906, -0.04108869284391403, 0.5602982044219971, 0.49486666917800903, -0.05827882140874863, 0.5432469844818115, 0.5409482717514038, -0.06993240118026733, 0.591621994972229, 0.3528428375720978, -0.023448863998055458, 0.5773478150367737, 0.4497191905975342, -0.04423851892352104, 0.5630115270614624, 0.5134421586990356, -0.06044738367199898, 0.545341968536377, 0.5658051371574402, -0.07167714834213257, 0.5864315629005432, 0.337974488735199, -0.03132478520274162, 0.5728088021278381, 0.4312903583049774, -0.05582268163561821, 0.5552572011947632, 0.48664391040802, -0.07124343514442444, 0.534908652305603, 0.5339092016220093, -0.0807628259062767, 0.5786929726600647, 0.3097137212753296, -0.04038173332810402, 0.5617901086807251, 0.36583226919174194, -0.0641169622540474, 0.5460371971130371, 0.3993525505065918, -0.07561035454273224, 0.5286927223205566, 0.4283919334411621, -0.08285028487443924]"
"[0.5924341678619385, 0.12096650898456573, 2.244158139319552e-07, 0.5837485790252686, 0.201452374458313, -0.00022752709628548473, 0.5915427803993225, 0.30138054490089417, -0.003804525127634406, 0.6005514860153198, 0.3708348870277405, -0.010660762898623943, 0.6172183752059937, 0.41873544454574585, -0.019031310454010963, 0.5678247213363647, 0.3507089614868164, -0.005511170718818903, 0.5574858784675598, 0.4336937665939331, -0.029096418991684914, 0.5400835275650024, 0.4884181618690491, -0.047705523669719696, 0.5224233269691467, 0.5351700782775879, -0.05994739010930061, 0.5711789727210999, 0.3439071476459503, -0.019496595486998558, 0.5575817227363586, 0.43673837184906006, -0.04144729673862457, 0.5387013554573059, 0.4981156587600708, -0.057137083262205124, 0.5191044211387634, 0.548554539680481, -0.06800270080566406, 0.5792192220687866, 0.32408204674720764, -0.03570094704627991, 0.567331075668335, 0.416454553604126, -0.05770299956202507, 0.5465182065963745, 0.47569599747657776, -0.06946635246276855, 0.5259161591529846, 0.5229297876358032, -0.07647023350000381, 0.591078519821167, 0.2924111783504486, -0.05226827785372734, 0.587504506111145, 0.36602404713630676, -0.07079257071018219, 0.5748481154441833, 0.41868850588798523, -0.07964383810758591, 0.5585670471191406, 0.46232566237449646, -0.08600098639726639]",[]
"[0.5899754762649536, 0.09533670544624329, 2.4579506430200126e-07, 0.5700556039810181, 0.16939476132392883, -0.002518608933314681, 0.564457356929779, 0.2656237483024597, -0.006183272693306208, 0.5595646500587463, 0.340334951877594, -0.012187924236059189, 0.5603014826774597, 0.3999866247177124, -0.018800463527441025, 0.5800232887268066, 0.31845277547836304, -0.007218087092041969, 0.5542859435081482, 0.41147348284721375, -0.028930963948369026, 0.5295990109443665, 0.46116015315055847, -0.0449342355132103, 0.5086615085601807, 0.5003117322921753, -0.055420663207769394, 0.5832928419113159, 0.3187673091888428, -0.01843322068452835, 0.5517669916152954, 0.42051345109939575, -0.039752062410116196, 0.5212851166725159, 0.46345362067222595, -0.05409129336476326, 0.49480733275413513, 0.49659639596939087, -0.06274260580539703, 0.5851739048957825, 0.30502840876579285, -0.031698666512966156, 0.5656638145446777, 0.405789315700531, -0.053795862942934036, 0.5407116413116455, 0.45802828669548035, -0.06619562208652496, 0.5181083679199219, 0.49924200773239136, -0.07333452254533768, 0.5851634740829468, 0.27902066707611084, -0.04517555236816406, 0.5830330848693848, 0.3508443832397461, -0.06414258480072021, 0.5774540901184082, 0.3995434641838074, -0.07359303534030914, 0.5698044300079346, 0.44109803438186646, -0.0798758789896965]",[]
[],"[0.47162380814552307, 0.16639962792396545, 2.479876002325909e-07, 0.47955384850502014, 0.22491882741451263, -0.013628960587084293, 0.49032554030418396, 0.30757665634155273, -0.017661120742559433, 0.5012404322624207, 0.3718031048774719, -0.01934344694018364, 0.5138635039329529, 0.4125208258628845, -0.0206387210637331, 0.5094988346099854, 0.3507375717163086, -0.02032722905278206, 0.5378539562225342, 0.4286981225013733, -0.03448087349534035, 0.5630385875701904, 0.4750409722328186, -0.04344712197780609, 0.5819560885429382, 0.5087224841117859, -0.04964231327176094, 0.5080070495605469, 0.3457263708114624, -0.020583409816026688, 0.5011710524559021, 0.4238259792327881, -0.036422256380319595, 0.4886830449104309, 0.4679446816444397, -0.04556242376565933, 0.47221243381500244, 0.5039719343185425, -0.050314221531152725, 0.5039770007133484, 0.32506293058395386, -0.02187538892030716, 0.4933850169181824, 0.3920644223690033, -0.039607804268598557, 0.4724094271659851, 0.4276987314224243, -0.047890253365039825, 0.44965314865112305, 0.4605858027935028, -0.05211050435900688, 0.4977515637874603, 0.29357588291168213, -0.023943781852722168, 0.4910558760166168, 0.32464829087257385, -0.043192632496356964, 0.4761466085910797, 0.34036391973495483, -0.04948728531599045, 0.45946553349494934, 0.356360524892807, -0.05139491707086563]"
"[0.4690887928009033, 0.1301535815000534, 1.9410323659485584e-07, 0.4666999578475952, 0.1751130372285843, -0.014569909311830997, 0.4685131907463074, 0.2599349915981293, -0.020810192450881004, 0.47155988216400146, 0.33095571398735046, -0.02455071546137333, 0.4765055179595947, 0.3778883218765259, -0.027453066781163216, 0.5015116333961487, 0.3248157203197479, -0.021496687084436417, 0.5275546908378601, 0.4126130938529968, -0.03679068759083748, 0.5527933239936829, 0.4680115878582001, -0.04665452614426613, 0.5717424154281616, 0.508243978023529, -0.053292714059352875, 0.506246030330658, 0.3227314054965973, -0.021195748820900917, 0.4997299015522003, 0.4109194278717041, -0.04087241366505623, 0.4786076545715332, 0.4595893621444702, -0.05148625001311302, 0.4554463326931, 0.4968286156654358, -0.05626776069402695, 0.5088395476341248, 0.3092678189277649, -0.021894127130508423, 0.5038281083106995, 0.38806599378585815, -0.040524620562791824, 0.4845882058143616, 0.43216317892074585, -0.0477030873298645, 0.46460962295532227, 0.47099512815475464, -0.050375230610370636, 0.5093963742256165, 0.28812405467033386, -0.023699147626757622, 0.5186417698860168, 0.3412294387817383, -0.039173442870378494, 0.5192162990570068, 0.3757408559322357, -0.044083960354328156, 0.5173704624176025, 0.40578433871269226, -0.04567376896739006]",[]
[],"[0.43358200788497925, 0.10804399847984314, 4.922520702166366e-07, 0.446325421333313, 0.1440269947052002, -0.054931335151195526, 0.47006189823150635, 0.22440212965011597, -0.06908305734395981, 0.4943498969078064, 0.30099785327911377, -0.07182057946920395, 0.5215174555778503, 0.36343953013420105, -0.07127875834703445, 0.4954049587249756, 0.31972891092300415, -0.023529788479208946, 0.509238064289093, 0.4071044921875, -0.02802141010761261, 0.5177000164985657, 0.45315754413604736, -0.036172445863485336, 0.5232208967208862, 0.490518718957901, -0.04318748041987419, 0.49628207087516785, 0.32148459553718567, 0.0022377653513103724, 0.49784332513809204, 0.4192829132080078, -0.0023463028483092785, 0.4865129590034485, 0.46668848395347595, -0.013367753475904465, 0.4676145613193512, 0.5012506246566772, -0.020720969885587692, 0.4951006770133972, 0.3063943386077881, 0.02254621312022209, 0.5007480382919312, 0.390603244304657, 0.0147780766710639, 0.49313297867774963, 0.43411070108413696, 0.00034787619370035827, 0.47741684317588806, 0.4749230742454529, -0.009642994962632656, 0.49281400442123413, 0.27966922521591187, 0.03854278847575188, 0.5008290410041809, 0.32682520151138306, 0.029274597764015198, 0.5003315806388855, 0.34844061732292175, 0.020220620557665825, 0.49500665068626404, 0.3692270815372467, 0.014170910231769085]"
[],"[0.5898785591125488, 0.0765167772769928, 3.521466283018526e-07, 0.5968585014343262, 0.16336366534233093, -0.031237851828336716, 0.5936154127120972, 0.28396040201187134, -0.03896387293934822, 0.5814486145973206, 0.38006263971328735, -0.043087489902973175, 0.5835844874382019, 0.45485347509384155, -0.04500233009457588, 0.5727027654647827, 0.36109083890914917, -0.006829264108091593, 0.543994128704071, 0.4569205939769745, -0.020479828119277954, 0.5204848051071167, 0.5002546310424805, -0.0327441468834877, 0.501421332359314, 0.5318787097930908, -0.0415453165769577, 0.5480365753173828, 0.3340710699558258, -0.0016781670274212956, 0.49998241662979126, 0.4107326567173004, -0.012815000489354134, 0.4670202136039734, 0.44544148445129395, -0.024678910151124, 0.4379991590976715, 0.4756757616996765, -0.03362443670630455, 0.5312016010284424, 0.29416602849960327, -0.0021577610168606043, 0.4958260953426361, 0.36696431040763855, -0.01987297087907791, 0.4672960340976715, 0.40672773122787476, -0.03234602138400078, 0.4408877491950989, 0.44183099269866943, -0.040711186826229095, 0.5175542831420898, 0.24677774310112, -0.005344148259609938, 0.4952341616153717, 0.2857668399810791, -0.023458000272512436, 0.4800935387611389, 0.30059295892715454, -0.029880253598093987, 0.4650614261627197, 0.3144230842590332, -0.03327389806509018]"
"[0.5995566844940186, 0.10657817125320435, 2.3880664912212524e-07, 0.5899231433868408, 0.18028824031352997, -0.019846351817250252, 0.5967580080032349, 0.29145893454551697, -0.02275233156979084, 0.5996487140655518, 0.37889665365219116, -0.02420099265873432, 0.6061841249465942, 0.44196054339408875, -0.023579973727464676, 0.5817493796348572, 0.37344178557395935, 0.0034321399871259928, 0.5558448433876038, 0.46255844831466675, -0.011818187311291695, 0.5286964774131775, 0.498790442943573, -0.026681795716285706, 0.5049158930778503, 0.5236210823059082, -0.03683113679289818, 0.5816396474838257, 0.3654998242855072, 0.0032913510221987963, 0.5566399693489075, 0.46485573053359985, -0.008471141569316387, 0.5309491157531738, 0.5115501880645752, -0.02156839333474636, 0.504770040512085, 0.5471009016036987, -0.030962694436311722, 0.58552485704422, 0.3415302634239197, -0.0019149037543684244, 0.5639908313751221, 0.43097031116485596, -0.017914166674017906, 0.5367692112922668, 0.4734641909599304, -0.02875595912337303, 0.5100550055503845, 0.5054433941841125, -0.035289082676172256, 0.5884180068969727, 0.3067280650138855, -0.00943534355610609, 0.5792139768600464, 0.362964004278183, -0.024540776386857033, 0.567818284034729, 0.3936467170715332, -0.031047046184539795, 0.5548259019851685, 0.4210324287414551, -0.03488023951649666]",[]
"[0.5867279171943665, 0.11820480227470398, 2.4234415718638047e-07, 0.5721267461776733, 0.18993012607097626, -0.008487023413181305, 0.5772154927253723, 0.29338112473487854, -0.011658831499516964, 0.5863822102546692, 0.3698064684867859, -0.015693236142396927, 0.6029455065727234, 0.4248775839805603, -0.020580342039465904, 0.5667855143547058, 0.3523145318031311, -0.006643979344516993, 0.5508350133895874, 0.44103118777275085, -0.02603597566485405, 0.5292741656303406, 0.4891496002674103, -0.04135042428970337, 0.5077064633369446, 0.5250961780548096, -0.05196538195014, 0.5710569620132446, 0.3421047031879425, -0.014762657694518566, 0.5489590764045715, 0.43826931715011597, -0.03439661115407944, 0.5203298330307007, 0.48310625553131104, -0.04982138052582741, 0.49106064438819885, 0.5135266780853271, -0.060025401413440704, 0.5772933959960938, 0.31875234842300415, -0.025302287191152573, 0.5568519234657288, 0.40956225991249084, -0.047375548630952835, 0.5276827812194824, 0.4542715847492218, -0.06074252352118492, 0.4997718930244446, 0.488262414932251, -0.06889703124761581, 0.5839207768440247, 0.2830454707145691, -0.03653198853135109, 0.5736929774284363, 0.3413168787956238, -0.058396730571985245, 0.5519265532493591, 0.37427249550819397, -0.06896085292100906, 0.5281152725219727, 0.40168553590774536, -0.07561597228050232]",[]
"[0.5899455547332764, 0.10740962624549866, 1.9055102029597037e-07, 0.5534276962280273, 0.16893939673900604, 0.0019842309411615133, 0.5424108505249023, 0.2602105736732483, -0.0010897595202550292, 0.5443328619003296, 0.3302181363105774, -0.008045854046940804, 0.5534487366676331, 0.3824935555458069, -0.01684923842549324, 0.5551149249076843, 0.34372448921203613, -0.002683269791305065, 0.5368859767913818, 0.4287087321281433, -0.022384701296687126, 0.5140595436096191, 0.47459298372268677, -0.03805449604988098, 0.4921017289161682, 0.5095773935317993, -0.049628887325525284, 0.5684492588043213, 0.34022071957588196, -0.018611345440149307, 0.5465213656425476, 0.4384514391422272, -0.038444019854068756, 0.5192565321922302, 0.4880524277687073, -0.05455973744392395, 0.4944309592247009, 0.5237453579902649, -0.06605171412229538, 0.5824951529502869, 0.3198658525943756, -0.036006130278110504, 0.5652153491973877, 0.41874387860298157, -0.057088933885097504, 0.5394953489303589, 0.47182199358940125, -0.07056216895580292, 0.5166757702827454, 0.5140447616577148, -0.08001092821359634, 0.5947787165641785, 0.2860741913318634, -0.05331718921661377, 0.5900961756706238, 0.3536054491996765, -0.07440222054719925, 0.5771705508232117, 0.3986559808254242, -0.08576922118663788, 0.5610421895980835, 0.43620848655700684, -0.09373354911804199]",[]
"[0.5652212500572205, 0.12478378415107727, 3.458713138115854e-07, 0.5316694974899292, 0.15503844618797302, -0.017603237181901932, 0.5098968148231506, 0.23059624433517456, -0.026634162291884422, 0.5010370016098022, 0.29494041204452515, -0.03493780270218849, 0.5017095804214478, 0.34618356823921204, -0.04334930703043938, 0.5351041555404663, 0.3091355562210083, -0.017031822353601456, 0.5215230584144592, 0.3923691511154175, -0.038712479174137115, 0.5050872564315796, 0.4446888267993927, -0.055476412177085876, 0.4899870455265045, 0.48243021965026855, -0.06558424234390259, 0.5482465028762817, 0.3141871690750122, -0.020229468122124672, 0.5278626680374146, 0.40399259328842163, -0.04068216308951378, 0.5010519027709961, 0.45312899351119995, -0.0559229701757431, 0.4745318293571472, 0.4870145320892334, -0.06466342508792877, 0.55975341796875, 0.30790746212005615, -0.026063065975904465, 0.5447046160697937, 0.3954741656780243, -0.04690825566649437, 0.5210362672805786, 0.4413907825946808, -0.0582948662340641, 0.49715885519981384, 0.47360241413116455, -0.06364429742097855, 0.5693221688270569, 0.29106274247169495, -0.03344033658504486, 0.5611856579780579, 0.3570479452610016, -0.05037511885166168, 0.5490111112594604, 0.3972925841808319, -0.056769486516714096, 0.5355568528175354, 0.4265381097793579, -0.0595090389251709]",[]
"[0.5219545960426331, 0.0867486298084259, 3.2322205356649647e-07, 0.49730384349823, 0.1075683981180191, -0.022869985550642014, 0.47579705715179443, 0.17813201248645782, -0.034511178731918335, 0.46107766032218933, 0.24196036159992218, -0.044506657868623734, 0.4548431634902954, 0.28441715240478516, -0.05397164449095726, 0.49980106949806213, 0.2830842137336731, -0.02028767392039299, 0.5116958022117615, 0.3769243061542511, -0.03637998551130295, 0.5279737710952759, 0.4357156753540039, -0.047564487904310226, 0.5411933660507202, 0.4792137145996094, -0.05567251145839691, 0.5110120177268982, 0.28784051537513733, -0.01993233524262905, 0.4919491708278656, 0.3795991539955139, -0.04384623095393181, 0.4606335461139679, 0.4185684323310852, -0.059743497520685196, 0.4302288591861725, 0.442760705947876, -0.06775118410587311, 0.5243948101997375, 0.28684201836586, -0.02195601537823677, 0.509423553943634, 0.3721746802330017, -0.04423725605010986, 0.4810737073421478, 0.41389256715774536, -0.056137338280677795, 0.4538087248802185, 0.44470590353012085, -0.06108582019805908, 0.538436770439148, 0.28115445375442505, -0.026159897446632385, 0.5343837141990662, 0.3488909900188446, -0.04199464991688728, 0.5207445621490479, 0.38975396752357483, -0.04904742166399956, 0.5054200887680054, 0.4207010269165039, -0.0524672195315361]",[]
"[0.48723721504211426, 0.32463720440864563, 2.873480582366028e-07, 0.48336705565452576, 0.3922901749610901, -0.008405189029872417, 0.48118969798088074, 0.43355703353881836, -0.028416180983185768, 0.4663456082344055, 0.4552645683288574, -0.04835881292819977, 0.44921886920928955, 0.4713171720504761, -0.07195545732975006, 0.5191407799720764, 0.4341546297073364, -0.058036696165800095, 0.5504990816116333, 0.47071903944015503, -0.08799006044864655, 0.5714491605758667, 0.4947237968444824, -0.1075720340013504, 0.5881905555725098, 0.5125678777694702, -0.12101564556360245, 0.5204383134841919, 0.4101797938346863, -0.07073401659727097, 0.555509090423584, 0.45037776231765747, -0.10230857878923416, 0.5789934992790222, 0.47962087392807007, -0.12152393907308578, 0.5980345606803894, 0.5036457180976868, -0.13610409200191498, 0.5132230520248413, 0.382329523563385, -0.08148173987865448, 0.541342556476593, 0.4200480878353119, -0.11106770485639572, 0.5572311282157898, 0.4464060068130493, -0.12713049352169037, 0.5706214308738708, 0.46848881244659424, -0.13886907696723938, 0.5010443329811096, 0.35284554958343506, -0.0912104919552803, 0.5076397061347961, 0.36908379197120667, -0.11467091739177704, 0.5106444358825684, 0.3839985728263855, -0.123897984623909, 0.5122586488723755, 0.4004749059677124, -0.13171584904193878]",[]
"[0.47395431995391846, 0.27791696786880493, 2.1977903941206023e-07, 0.4848538041114807, 0.3542196750640869, 0.0034485328942537308, 0.49510616064071655, 0.4044893682003021, -0.003786166198551655, 0.4959385395050049, 0.4400451183319092, -0.012594448402523994, 0.4935828745365143, 0.4663025438785553, -0.021539591252803802, 0.5256711840629578, 0.41694551706314087, -0.01930839568376541, 0.5534620881080627, 0.45699557662010193, -0.03604450449347496, 0.5752421021461487, 0.48473304510116577, -0.04774041846394539, 0.5890660881996155, 0.5059508085250854, -0.0562797412276268, 0.5184051394462585, 0.39508047699928284, -0.031408295035362244, 0.506923258304596, 0.4419265389442444, -0.049052644520998, 0.4909377098083496, 0.4705079197883606, -0.058564819395542145, 0.47177600860595703, 0.4916386008262634, -0.0650828406214714, 0.5061331987380981, 0.3633648753166199, -0.0427863709628582, 0.4848366379737854, 0.4031377136707306, -0.06091040000319481, 0.4618818163871765, 0.42592278122901917, -0.06785227358341217, 0.44049710035324097, 0.4484401345252991, -0.07237104326486588, 0.49225378036499023, 0.3290858566761017, -0.053202416747808456, 0.4865557849407196, 0.34289640188217163, -0.06677158176898956, 0.4847433567047119, 0.3505091071128845, -0.06900563091039658, 0.48219287395477295, 0.36137786507606506, -0.07030734419822693]",[]
"[0.47677457332611084, 0.2807310223579407, 2.580787565875653e-07, 0.4858715236186981, 0.3577026128768921, 0.0013062981888651848, 0.49602577090263367, 0.40705132484436035, -0.006479250267148018, 0.4973987340927124, 0.44304195046424866, -0.015436267480254173, 0.4948234260082245, 0.469931036233902, -0.02432183176279068, 0.5271578431129456, 0.41905856132507324, -0.02168765850365162, 0.553997278213501, 0.45826876163482666, -0.039009060710668564, 0.5755019187927246, 0.4862421452999115, -0.05053960904479027, 0.5894071459770203, 0.5076227784156799, -0.05876348167657852, 0.5192207098007202, 0.3959430754184723, -0.03290468454360962, 0.5035399198532104, 0.4408108592033386, -0.051320962607860565, 0.4835742712020874, 0.4702409505844116, -0.060743387788534164, 0.46144428849220276, 0.4921586215496063, -0.06696334481239319, 0.5060440301895142, 0.36205822229385376, -0.04359092563390732, 0.478508859872818, 0.39652055501937866, -0.06332533806562424, 0.45106372237205505, 0.41564610600471497, -0.07053352892398834, 0.4265768527984619, 0.4354301989078522, -0.07462610304355621, 0.49190109968185425, 0.32606083154678345, -0.05340271443128586, 0.4817105829715729, 0.33712905645370483, -0.06792178750038147, 0.47748002409935, 0.34183812141418457, -0.07022929191589355, 0.47306597232818604, 0.35092589259147644, -0.07129691541194916]",[]
[],"[0.4441050887107849, 0.1460164338350296, 3.9905987136990007e-07, 0.46733081340789795, 0.1959414780139923, -0.013337601907551289, 0.492484986782074, 0.26391521096229553, -0.02334793470799923, 0.5085175037384033, 0.3268858790397644, -0.03130577132105827, 0.5215915441513062, 0.37758225202560425, -0.03972608596086502, 0.5105656385421753, 0.31098687648773193, -0.03082939237356186, 0.5385533571243286, 0.39073440432548523, -0.05147188901901245, 0.5634005665779114, 0.4407896399497986, -0.06329293549060822, 0.5824137330055237, 0.47985562682151794, -0.0723113864660263, 0.5032377243041992, 0.30759185552597046, -0.03467417135834694, 0.4955206513404846, 0.3974907100200653, -0.062482718378305435, 0.469404935836792, 0.4385254383087158, -0.07710039615631104, 0.4413397014141083, 0.467159628868103, -0.08434158563613892, 0.4923669099807739, 0.286784291267395, -0.03868328779935837, 0.4856223464012146, 0.36643004417419434, -0.06772046536207199, 0.4579203128814697, 0.40479016304016113, -0.07928450405597687, 0.42897865176200867, 0.43624264001846313, -0.0841301754117012, 0.48140400648117065, 0.2538028657436371, -0.04243186488747597, 0.480620801448822, 0.2979564070701599, -0.07068699598312378, 0.4648015797138214, 0.3209753632545471, -0.08068245649337769, 0.448160856962204, 0.3419613838195801, -0.08469831943511963]"
[],"[0.6033313870429993, 0.08310049772262573, 1.6672686342644738e-07, 0.6087188720703125, 0.1629628986120224, -0.02999979816377163, 0.6052916646003723, 0.28723761439323425, -0.03642968088388443, 0.5944877862930298, 0.3802284896373749, -0.03856537491083145, 0.5981026887893677, 0.45289409160614014, -0.03898373618721962, 0.5774776339530945, 0.37413614988327026, -0.014133274555206299, 0.5541173219680786, 0.46900320053100586, -0.028422120958566666, 0.5329154133796692, 0.5096263289451599, -0.03870536759495735, 0.5120336413383484, 0.5397654175758362, -0.046192921698093414, 0.5490012168884277, 0.34328493475914, -0.010832037776708603, 0.5005970001220703, 0.4157107472419739, -0.02891615591943264, 0.4636799693107605, 0.43948352336883545, -0.04512643814086914, 0.4299345314502716, 0.4609764814376831, -0.055541448295116425, 0.5298902988433838, 0.2962987422943115, -0.012126880697906017, 0.4843282401561737, 0.34350481629371643, -0.04028237611055374, 0.44398781657218933, 0.36171528697013855, -0.06088171526789665, 0.41081365942955017, 0.38079512119293213, -0.07168319821357727, 0.5147884488105774, 0.24197334051132202, -0.014729057438671589, 0.49803370237350464, 0.27235233783721924, -0.03972313180565834, 0.4928576648235321, 0.2875777781009674, -0.05237692594528198, 0.488444060087204, 0.30706486105918884, -0.05962701514363289]"
[],"[0.5987135171890259, 0.09315827488899231, 3.1428325542037783e-07, 0.6104059219360352, 0.16703248023986816, -0.04058665782213211, 0.614918053150177, 0.2808782458305359, -0.047815293073654175, 0.6114659309387207, 0.3752237856388092, -0.04881126433610916, 0.6075878143310547, 0.44903022050857544, -0.04685666784644127, 0.577940821647644, 0.36729729175567627, -0.005570123437792063, 0.5570005178451538, 0.45904579758644104, -0.01529636513441801, 0.5359071493148804, 0.4964246153831482, -0.02678021416068077, 0.5163684487342834, 0.5240964889526367, -0.03514925390481949, 0.5575962066650391, 0.3538456857204437, 0.0066481586545705795, 0.5346053242683411, 0.4505310356616974, 0.0021449350751936436, 0.5142069458961487, 0.49746155738830566, -0.008455292321741581, 0.49100998044013977, 0.529121994972229, -0.01662854664027691, 0.5431678891181946, 0.3215373158454895, 0.012176734395325184, 0.5186751484870911, 0.4044090807437897, 0.0016894477885216475, 0.4981977343559265, 0.44494152069091797, -0.009509621188044548, 0.4747016727924347, 0.47467872500419617, -0.017385805025696754, 0.530387282371521, 0.27424049377441406, 0.013599335215985775, 0.5053693056106567, 0.3145985007286072, 0.001612050924450159, 0.48784908652305603, 0.3353478014469147, -0.004684732295572758, 0.46943140029907227, 0.3536698818206787, -0.008393201045691967]"
[],"[0.5917010307312012, 0.07599177956581116, 4.5442448026733473e-07, 0.5953707695007324, 0.14825034141540527, -0.04383941739797592, 0.5990709662437439, 0.26192644238471985, -0.05108452960848808, 0.5956497192382812, 0.35719239711761475, -0.05148686096072197, 0.5948878526687622, 0.43656814098358154, -0.04853697493672371, 0.570719301700592, 0.33923494815826416, -0.0026017697528004646, 0.5434667468070984, 0.4251592755317688, -0.014196849428117275, 0.5156274437904358, 0.4673726558685303, -0.02737436443567276, 0.4923964738845825, 0.4974578619003296, -0.03547059744596481, 0.5577332377433777, 0.3257640302181244, 0.012001467868685722, 0.5311728715896606, 0.4251992702484131, 0.00731828436255455, 0.5077539086341858, 0.47592541575431824, -0.002683475147932768, 0.4832472503185272, 0.5095614194869995, -0.009269127622246742, 0.5476246476173401, 0.29513245820999146, 0.01886914297938347, 0.516112744808197, 0.372170090675354, 0.006741587538272142, 0.4892541468143463, 0.4103274941444397, -0.005347738973796368, 0.46317458152770996, 0.43566086888313293, -0.012034401297569275, 0.5357035994529724, 0.2544749677181244, 0.02124841883778572, 0.5063548684120178, 0.29647523164749146, 0.007056120317429304, 0.48423364758491516, 0.31866008043289185, -0.0009111049585044384, 0.46215540170669556, 0.338486909866333, -0.004687429405748844]"
"[0.5888708233833313, 0.07793363928794861, 5.104145657242043e-07, 0.589918851852417, 0.14598587155342102, -0.04493892937898636, 0.5942856669425964, 0.2578829526901245, -0.05307392776012421, 0.5937545895576477, 0.3521488904953003, -0.054158855229616165, 0.5932672619819641, 0.431303471326828, -0.05222192779183388, 0.5698196887969971, 0.33518388867378235, -0.0058978525921702385, 0.5440872311592102, 0.42338401079177856, -0.018201662227511406, 0.5149155855178833, 0.46864497661590576, -0.032330285757780075, 0.48989054560661316, 0.4997800290584564, -0.04135042056441307, 0.5605294108390808, 0.32299327850341797, 0.008952297270298004, 0.5363339185714722, 0.42450225353240967, 0.003309392835944891, 0.510840654373169, 0.4768120050430298, -0.007723983842879534, 0.48320168256759644, 0.5091210603713989, -0.015053387731313705, 0.5529549717903137, 0.2944856882095337, 0.01627379097044468, 0.5272719264030457, 0.38032466173171997, 0.004057354759424925, 0.501237690448761, 0.42532163858413696, -0.009146180935204029, 0.4734478294849396, 0.4550826847553253, -0.017162131145596504, 0.5425233840942383, 0.2551526129245758, 0.01909283734858036, 0.5153880715370178, 0.3014261722564697, 0.005071993451565504, 0.49424517154693604, 0.32583490014076233, -0.003215428441762924, 0.4717082381248474, 0.34615835547447205, -0.007733124773949385]",[]
"[0.5763854384422302, 0.053824931383132935, 2.8325405310170026e-07, 0.5318518280982971, 0.1158657819032669, -0.032163698226213455, 0.5130605697631836, 0.21679548919200897, -0.03876280412077904, 0.5130324363708496, 0.299904465675354, -0.041573166847229004, 0.5194602012634277, 0.3678984045982361, -0.04140237346291542, 0.5238985419273376, 0.31509894132614136, -0.0009347295854240656, 0.5106186866760254, 0.4112934470176697, -0.015486192889511585, 0.49105942249298096, 0.45086047053337097, -0.03121928870677948, 0.47735026478767395, 0.47689059376716614, -0.04077045992016792, 0.5351166129112244, 0.31197959184646606, 0.006960979197174311, 0.5071778893470764, 0.40666869282722473, -0.0052668810822069645, 0.4767181873321533, 0.4419507682323456, -0.019753489643335342, 0.450875848531723, 0.45929694175720215, -0.027248093858361244, 0.5500503778457642, 0.29561588168144226, 0.008804138749837875, 0.528887927532196, 0.38240131735801697, -0.003740922315046191, 0.5037270188331604, 0.4302101135253906, -0.01606721617281437, 0.48144128918647766, 0.46263444423675537, -0.022268300876021385, 0.5684337615966797, 0.26330819725990295, 0.007058580871671438, 0.5622048377990723, 0.32310670614242554, -0.004086579196155071, 0.5595189929008484, 0.3671523630619049, -0.010430137626826763, 0.5587847828865051, 0.4034530222415924, -0.012840415351092815]",[]
"[0.5526280403137207, 0.03412158787250519, 1.9222353841996664e-07, 0.5128239393234253, 0.06135761737823486, -0.003771347925066948, 0.4884212911128998, 0.13720820844173431, -0.0047809891402721405, 0.4732504189014435, 0.18799428641796112, -0.009182666428387165, 0.4642336666584015, 0.23018978536128998, -0.013829734176397324, 0.4940128028392792, 0.23895031213760376, 0.006088721565902233, 0.47528737783432007, 0.3082934319972992, -0.011917170137166977, 0.4549576938152313, 0.35202911496162415, -0.029785625636577606, 0.4360859990119934, 0.3877013325691223, -0.04287385940551758, 0.5097796320915222, 0.2498624622821808, -0.007157148793339729, 0.4854346513748169, 0.32802271842956543, -0.02482648566365242, 0.45569902658462524, 0.38046517968177795, -0.041800688952207565, 0.4260063171386719, 0.42608898878097534, -0.053048282861709595, 0.5304829478263855, 0.2524361312389374, -0.02360422909259796, 0.50956791639328, 0.3433948755264282, -0.04360869526863098, 0.48242661356925964, 0.40274539589881897, -0.0597107820212841, 0.45520737767219543, 0.453275203704834, -0.06955306231975555, 0.552474856376648, 0.2422546148300171, -0.040973808616399765, 0.5444007515907288, 0.3109314739704132, -0.06071848422288895, 0.5323373079299927, 0.35998713970184326, -0.0706300362944603, 0.5182504653930664, 0.4013569951057434, -0.07653839141130447]",[]
[],"[0.4228208065032959, 0.09233832359313965, 4.858879378843994e-07, 0.44343844056129456, 0.12921254336833954, -0.038297537714242935, 0.46205735206604004, 0.20535908639431, -0.05002252012491226, 0.4775373041629791, 0.27767008543014526, -0.05302880331873894, 0.4923211634159088, 0.33519116044044495, -0.05389920249581337, 0.4981608986854553, 0.26388096809387207, -0.03648317977786064, 0.5357871055603027, 0.3572472035884857, -0.0511266328394413, 0.5683072805404663, 0.4165515899658203, -0.0614909864962101, 0.5909988880157471, 0.4590434432029724, -0.06902121752500534, 0.4903031885623932, 0.27310919761657715, -0.01875104196369648, 0.49673813581466675, 0.3712667226791382, -0.035603832453489304, 0.47814056277275085, 0.43130913376808167, -0.04841921105980873, 0.452997088432312, 0.47497689723968506, -0.05588598549365997, 0.4787883758544922, 0.2674645483493805, -0.003501026425510645, 0.4847792387008667, 0.35338255763053894, -0.02207154408097267, 0.4613337814807892, 0.39851874113082886, -0.03660961985588074, 0.4337517023086548, 0.4328489899635315, -0.044985052198171616, 0.4689198136329651, 0.2504423260688782, 0.009729422628879547, 0.4749942421913147, 0.30095726251602173, -0.010506215505301952, 0.4664587080478668, 0.3282279968261719, -0.023415321484208107, 0.45601174235343933, 0.3512113690376282, -0.030419278889894485]"
[],"[0.420930415391922, 0.09421129524707794, 5.020541493649944e-07, 0.44190841913223267, 0.1322421133518219, -0.04160065948963165, 0.4617425501346588, 0.20768895745277405, -0.054433032870292664, 0.4769071340560913, 0.27945855259895325, -0.058048222213983536, 0.4908512532711029, 0.3370048999786377, -0.05946999788284302, 0.4960823655128479, 0.2712201774120331, -0.03655455633997917, 0.5333080887794495, 0.3635891377925873, -0.050635140389204025, 0.5671423077583313, 0.4197842478752136, -0.06125275418162346, 0.5911039710044861, 0.46002525091171265, -0.06910286098718643, 0.4877500534057617, 0.2778317630290985, -0.017264721915125847, 0.4961228668689728, 0.375744104385376, -0.03443320468068123, 0.47731727361679077, 0.43293529748916626, -0.048481885343790054, 0.45101597905158997, 0.47245752811431885, -0.05631367862224579, 0.4758882522583008, 0.2689535915851593, -0.0007217265665531158, 0.4830769896507263, 0.35283344984054565, -0.01836545020341873, 0.4605295658111572, 0.3973939120769501, -0.03356903791427612, 0.4332149624824524, 0.4303956925868988, -0.0423368364572525, 0.4663512408733368, 0.2488376349210739, 0.013382833451032639, 0.4734545946121216, 0.29627811908721924, -0.005456253420561552, 0.4671265184879303, 0.32178470492362976, -0.01844898797571659, 0.45825859904289246, 0.34340178966522217, -0.02569313533604145]"
"[0.6033178567886353, 0.05639418959617615, 3.272047024438507e-07, 0.6099788546562195, 0.143591046333313, -0.03072255291044712, 0.613068699836731, 0.25751060247421265, -0.039713867008686066, 0.6126075983047485, 0.3427818715572357, -0.04529905319213867, 0.6093368530273438, 0.41002222895622253, -0.04929269477725029, 0.5646975040435791, 0.32166001200675964, -0.012579010799527168, 0.532310426235199, 0.4090048372745514, -0.026213839650154114, 0.5043984651565552, 0.45058584213256836, -0.03859696909785271, 0.48168233036994934, 0.4863313138484955, -0.04762221500277519, 0.535336434841156, 0.300554484128952, -0.008576306514441967, 0.5005291104316711, 0.38963016867637634, -0.019204704090952873, 0.47497648000717163, 0.43391403555870056, -0.029548032209277153, 0.452522873878479, 0.4695015549659729, -0.03696303814649582, 0.5155897736549377, 0.26302286982536316, -0.0100117027759552, 0.47808390855789185, 0.3380236029624939, -0.02664211578667164, 0.44892221689224243, 0.3733416199684143, -0.03855003044009209, 0.4240386486053467, 0.39622366428375244, -0.045801401138305664, 0.5015578269958496, 0.21347489953041077, -0.014271090738475323, 0.4664955735206604, 0.25551775097846985, -0.03005439229309559, 0.4464053511619568, 0.2732325494289398, -0.03638835996389389, 0.4292594790458679, 0.286090224981308, -0.039834488183259964]","[0.4346243143081665, 0.09036888182163239, 3.696289070376224e-07, 0.4594075083732605, 0.1551111340522766, 0.0030750129371881485, 0.48275572061538696, 0.2306899130344391, -0.001059131813235581, 0.49634498357772827, 0.2944837510585785, -0.005930942017585039, 0.5028889775276184, 0.34528905153274536, -0.011851641349494457, 0.48056265711784363, 0.25721976161003113, -0.020530136302113533, 0.4913087487220764, 0.34128430485725403, -0.04290062561631203, 0.49131831526756287, 0.4010341167449951, -0.057500164955854416, 0.4849035143852234, 0.45142775774002075, -0.06714480370283127, 0.4760608673095703, 0.25821638107299805, -0.031422581523656845, 0.4860324561595917, 0.35230597853660583, -0.05799330770969391, 0.4787365198135376, 0.42115387320518494, -0.07608887553215027, 0.4632941782474518, 0.47920575737953186, -0.0882287323474884, 0.47421693801879883, 0.24227552115917206, -0.04118742793798447, 0.48450174927711487, 0.3320571184158325, -0.06703155487775803, 0.4705856442451477, 0.3850312829017639, -0.08121074736118317, 0.4524940550327301, 0.42627355456352234, -0.08946948498487473, 0.4761140048503876, 0.21495306491851807, -0.04926999285817146, 0.49301066994667053, 0.27087292075157166, -0.07448527961969376, 0.4997844994068146, 0.3108360767364502, -0.08845188468694687, 0.5056011080741882, 0.34762436151504517, -0.09727776795625687]"
"[0.6166214942932129, 0.06230825185775757, 1.4263783043588774e-07, 0.56516033411026, 0.11090800166130066, -0.024289850145578384, 0.5344443321228027, 0.20703929662704468, -0.03442583605647087, 0.5258931517601013, 0.28360599279403687, -0.043094586580991745, 0.5229225754737854, 0.3454231023788452, -0.04993787035346031, 0.5402269959449768, 0.3374881148338318, -0.009483077563345432, 0.5078208446502686, 0.4173836410045624, -0.02957422472536564, 0.4792313873767853, 0.43966346979141235, -0.04747341200709343, 0.4558626413345337, 0.45468804240226746, -0.060393285006284714, 0.5600689649581909, 0.34224483370780945, -0.012856140732765198, 0.5147217512130737, 0.421509325504303, -0.0360272116959095, 0.4795897603034973, 0.4370797276496887, -0.05372925475239754, 0.45184221863746643, 0.44491201639175415, -0.06316538900136948, 0.5858529210090637, 0.32863473892211914, -0.021208930760622025, 0.5599404573440552, 0.4247455596923828, -0.0464789979159832, 0.5308948159217834, 0.47440552711486816, -0.061753757297992706, 0.502998948097229, 0.5166193246841431, -0.07001961767673492, 0.6162025928497314, 0.29429173469543457, -0.031687408685684204, 0.6216040849685669, 0.36022645235061646, -0.055439919233322144, 0.6195081472396851, 0.4078463912010193, -0.06631162762641907, 0.611661434173584, 0.4546041190624237, -0.07220619171857834]",[]
"[0.49298858642578125, 0.2803120017051697, 1.9193312539300678e-07, 0.5301225781440735, 0.30691757798194885, -0.021658295765519142, 0.5492034554481506, 0.36999544501304626, -0.03385292366147041, 0.5604006052017212, 0.4333045482635498, -0.04148999974131584, 0.5744386911392212, 0.48037922382354736, -0.04921087995171547, 0.5198480486869812, 0.4502779543399811, -0.03959549590945244, 0.5447463989257812, 0.5194453597068787, -0.057111117988824844, 0.5638471841812134, 0.5612367391586304, -0.06895282119512558, 0.5779255628585815, 0.5931118726730347, -0.07726909965276718, 0.4905320703983307, 0.45562779903411865, -0.036194995045661926, 0.4891865849494934, 0.5374794006347656, -0.047519393265247345, 0.4881354570388794, 0.5837373733520508, -0.05393068864941597, 0.4868209660053253, 0.6175454258918762, -0.05955696478486061, 0.4680739939212799, 0.43620264530181885, -0.03411867097020149, 0.4526175856590271, 0.5053589940071106, -0.050525009632110596, 0.4394173324108124, 0.5458686351776123, -0.06206512451171875, 0.42659950256347656, 0.5767587423324585, -0.07030279189348221, 0.450502872467041, 0.40145745873451233, -0.032577596604824066, 0.4252792000770569, 0.4254832863807678, -0.05394142493605614, 0.40560758113861084, 0.4348047375679016, -0.0654061958193779, 0.38734614849090576, 0.44090285897254944, -0.0720609575510025]",[]
[],"[0.6034444570541382, 0.0667765736579895, 4.4813685917688417e-07, 0.614973247051239, 0.1440121829509735, -0.04687860235571861, 0.6242596507072449, 0.2574944496154785, -0.05612027645111084, 0.6218746304512024, 0.35228869318962097, -0.05840126797556877, 0.6159182786941528, 0.4312267005443573, -0.057681214064359665, 0.5890604257583618, 0.3471847176551819, -0.008339038118720055, 0.5605782866477966, 0.44056957960128784, -0.018605798482894897, 0.5332446098327637, 0.48444947600364685, -0.028979169204831123, 0.5089379549026489, 0.5152112245559692, -0.03532956913113594, 0.564973771572113, 0.3273434638977051, 0.008238733746111393, 0.5288156270980835, 0.4152219891548157, 0.002659411868080497, 0.5023235082626343, 0.45669060945510864, -0.007685754913836718, 0.47480928897857666, 0.4900873601436615, -0.01499895378947258, 0.545820951461792, 0.2919561266899109, 0.017359886318445206, 0.5032102465629578, 0.35474899411201477, 0.0016989503055810928, 0.47257915139198303, 0.3726364076137543, -0.012822076678276062, 0.44286584854125977, 0.38463571667671204, -0.020279018208384514, 0.5283766388893127, 0.24854697287082672, 0.02243945002555847, 0.4950314164161682, 0.2892796993255615, 0.005886601749807596, 0.4702783226966858, 0.29819145798683167, -0.003292074427008629, 0.4457394480705261, 0.30593642592430115, -0.007368810474872589]"
"[0.5916172862052917, 0.0519673228263855, 2.1584374110261706e-07, 0.5676024556159973, 0.1288442462682724, -0.022950759157538414, 0.5647573471069336, 0.2391161471605301, -0.027163922786712646, 0.5685510039329529, 0.3271144926548004, -0.029705826193094254, 0.572381854057312, 0.39435428380966187, -0.03041505254805088, 0.5596036314964294, 0.3263109624385834, 0.005048174411058426, 0.5303483605384827, 0.41034314036369324, -0.007726195268332958, 0.5033522248268127, 0.4464265704154968, -0.02125314623117447, 0.48041585087776184, 0.46988725662231445, -0.030366631224751472, 0.5579511523246765, 0.3205077052116394, 0.0072315651923418045, 0.528026282787323, 0.41828060150146484, -0.004381182137876749, 0.49910080432891846, 0.4578806161880493, -0.018381012603640556, 0.4721762239933014, 0.485737681388855, -0.02708354964852333, 0.5605819225311279, 0.29957932233810425, 0.003938779700547457, 0.5402804017066956, 0.38673827052116394, -0.012712578289210796, 0.5155714750289917, 0.43235763907432556, -0.027358384802937508, 0.49329671263694763, 0.4622643291950226, -0.0355713851749897, 0.564654529094696, 0.2666498124599457, -0.0015811050543561578, 0.5665972828865051, 0.32916709780693054, -0.016429347917437553, 0.5725804567337036, 0.367990642786026, -0.02503770776093006, 0.576479434967041, 0.40053388476371765, -0.029982944950461388]",[]
"[0.5890839695930481, 0.05245742201805115, 2.3081675237790478e-07, 0.5613250136375427, 0.12301845848560333, -0.02369610220193863, 0.5573335886001587, 0.2298767864704132, -0.029215974733233452, 0.5620951056480408, 0.31755390763282776, -0.03312453255057335, 0.5680877566337585, 0.3862300217151642, -0.035043079406023026, 0.558435320854187, 0.32241392135620117, 0.0022302025463432074, 0.5293304324150085, 0.4074178636074066, -0.011826117523014545, 0.5018411874771118, 0.4437328279018402, -0.025914542376995087, 0.47833746671676636, 0.46776553988456726, -0.034986503422260284, 0.5608757734298706, 0.3209249973297119, 0.004567281808704138, 0.5316982865333557, 0.4201306104660034, -0.008389563299715519, 0.5025554299354553, 0.46046268939971924, -0.02192823216319084, 0.47563081979751587, 0.48776775598526, -0.029661159962415695, 0.5660181045532227, 0.3047328293323517, 0.0015572055708616972, 0.5519875288009644, 0.3949629068374634, -0.015744052827358246, 0.5316876769065857, 0.43785959482192993, -0.029274797067046165, 0.5123955607414246, 0.4647974371910095, -0.03613300248980522, 0.5708168745040894, 0.2761048972606659, -0.0038802181370556355, 0.5730376839637756, 0.3420521318912506, -0.018827224150300026, 0.5789123773574829, 0.38021770119667053, -0.026647696271538734, 0.5819487571716309, 0.4106561541557312, -0.030592547729611397]",[]
"[0.5554381012916565, 0.08776792883872986, 1.9634217096609063e-07, 0.5208572149276733, 0.10154716670513153, -0.01701587252318859, 0.4874187707901001, 0.18556833267211914, -0.020959248766303062, 0.4687139689922333, 0.26065272092819214, -0.02413707785308361, 0.46855974197387695, 0.3123007118701935, -0.026372920721769333, 0.5075000524520874, 0.2795688211917877, -0.003079857910051942, 0.48385491967201233, 0.3502781391143799, -0.015444029122591019, 0.46061769127845764, 0.3786967694759369, -0.026751626282930374, 0.4395287036895752, 0.3955404758453369, -0.03395027294754982, 0.5221738815307617, 0.29690948128700256, -0.0038565092254430056, 0.4929921627044678, 0.38180485367774963, -0.017252296209335327, 0.46000415086746216, 0.4123125672340393, -0.030009310692548752, 0.4294164180755615, 0.42633283138275146, -0.037579286843538284, 0.5413170456886292, 0.30054962635040283, -0.007978045381605625, 0.5183797478675842, 0.3888935148715973, -0.026391496881842613, 0.48719921708106995, 0.4156796932220459, -0.039001159369945526, 0.4596831202507019, 0.42812514305114746, -0.04486444965004921, 0.5639005303382874, 0.29433897137641907, -0.013398987241089344, 0.5622621774673462, 0.36038678884506226, -0.02989273890852928, 0.5563687682151794, 0.3949483036994934, -0.03855182230472565, 0.5495129823684692, 0.4192846417427063, -0.04284222796559334]",[]
"[0.4376063644886017, 0.12812839448451996, 3.478821497537865e-07, 0.44186267256736755, 0.15482304990291595, -0.036348722875118256, 0.44824153184890747, 0.24307480454444885, -0.04136047139763832, 0.4620213210582733, 0.3210596442222595, -0.03966774418950081, 0.4793449938297272, 0.3778836131095886, -0.035637903958559036, 0.4758569598197937, 0.30143648386001587, -0.010030043311417103, 0.4811787009239197, 0.3787615895271301, -0.018775006756186485, 0.4684295654296875, 0.416768878698349, -0.028742941096425056, 0.4513498842716217, 0.44157537817955017, -0.034395731985569, 0.48096802830696106, 0.2995467185974121, 0.0069030579179525375, 0.4828721284866333, 0.3720349371433258, -0.0004789410741068423, 0.47009485960006714, 0.402580201625824, -0.012686527334153652, 0.45028969645500183, 0.41988152265548706, -0.019956618547439575, 0.4868808090686798, 0.2890448272228241, 0.019591208547353745, 0.48821717500686646, 0.3550955057144165, 0.009459832683205605, 0.47512438893318176, 0.3831869959831238, -0.0021293906029313803, 0.45685699582099915, 0.3991292119026184, -0.007868329994380474, 0.49435803294181824, 0.27405649423599243, 0.029310932382941246, 0.5003917813301086, 0.3273744583129883, 0.01933039352297783, 0.49142634868621826, 0.3542649745941162, 0.012537729926407337, 0.4783754348754883, 0.3732278347015381, 0.010015632025897503]",[]
"[0.49132633209228516, 0.26697996258735657, 2.3622872902251402e-07, 0.5006934404373169, 0.3350614607334137, -0.0011781597277149558, 0.5082054734230042, 0.38557934761047363, -0.007957689464092255, 0.5129375457763672, 0.4225427210330963, -0.014985201880335808, 0.518565833568573, 0.4485115110874176, -0.021951179951429367, 0.5261216759681702, 0.4033552408218384, -0.019475989043712616, 0.531829833984375, 0.43494945764541626, -0.032422006130218506, 0.535349428653717, 0.44933798909187317, -0.040312591940164566, 0.533197283744812, 0.4588215947151184, -0.04513169080018997, 0.5153242349624634, 0.38234207034111023, -0.02546781487762928, 0.48920461535453796, 0.4195997416973114, -0.03803163394331932, 0.46389520168304443, 0.4394453167915344, -0.044234249740839005, 0.4381377696990967, 0.4525263011455536, -0.04811222478747368, 0.5004680156707764, 0.3553670644760132, -0.03092452511191368, 0.4679299592971802, 0.38319146633148193, -0.04537125676870346, 0.4386397898197174, 0.4002852141857147, -0.05109572038054466, 0.41308650374412537, 0.41295188665390015, -0.053561802953481674, 0.486571341753006, 0.32729604840278625, -0.03551870957016945, 0.4692492187023163, 0.34287387132644653, -0.04549002647399902, 0.45638734102249146, 0.3445526957511902, -0.04598565772175789, 0.4442707896232605, 0.34634652733802795, -0.04515654221177101]",[]
"[0.5914221405982971, 0.05928492546081543, 3.2521177217859076e-07, 0.5441603660583496, 0.10183277726173401, -0.01801922172307968, 0.504283607006073, 0.1817125678062439, -0.026942556723952293, 0.4810347557067871, 0.24805521965026855, -0.036154694855213165, 0.47642284631729126, 0.3094060719013214, -0.04350699484348297, 0.5266290307044983, 0.3087814748287201, 0.0011241286993026733, 0.49439799785614014, 0.3896952271461487, -0.016060547903180122, 0.4608839750289917, 0.41905683279037476, -0.03197735548019409, 0.4352118968963623, 0.4400603175163269, -0.04298239201307297, 0.546410083770752, 0.3222995698451996, -0.004842451773583889, 0.5281593203544617, 0.4288923740386963, -0.0207584947347641, 0.5016535520553589, 0.4674655497074127, -0.03411169722676277, 0.4800300598144531, 0.48901116847991943, -0.042042165994644165, 0.5688368082046509, 0.3126828074455261, -0.01584451273083687, 0.5616717338562012, 0.4139741361141205, -0.03471347317099571, 0.5560634136199951, 0.46012184023857117, -0.04631133750081062, 0.5507768392562866, 0.49826356768608093, -0.053122829645872116, 0.5898057222366333, 0.28364449739456177, -0.02924167737364769, 0.5818990468978882, 0.3470924496650696, -0.0469144731760025, 0.5768482089042664, 0.3861097991466522, -0.05439750477671623, 0.5724027156829834, 0.42489320039749146, -0.05885526165366173]",[]
"[0.5867938995361328, 0.06207326054573059, 5.000376290809072e-07, 0.5697809457778931, 0.11966484785079956, -0.04776021093130112, 0.5564115643501282, 0.21450966596603394, -0.058530136942863464, 0.5487480163574219, 0.2922009825706482, -0.06060890853404999, 0.5459154844284058, 0.35538119077682495, -0.05849612131714821, 0.5531750321388245, 0.33225858211517334, -0.022961409762501717, 0.5298933982849121, 0.4234645664691925, -0.03405100479722023, 0.5010471343994141, 0.46286138892173767, -0.04443076625466347, 0.4758461117744446, 0.49254411458969116, -0.050741467624902725, 0.5399499535560608, 0.32744696736335754, -0.004028833471238613, 0.5097880363464355, 0.414445161819458, -0.010793684981763363, 0.4788905382156372, 0.45200181007385254, -0.018680887296795845, 0.4491835832595825, 0.475701242685318, -0.02329489402472973, 0.5317970514297485, 0.30367201566696167, 0.008667109534144402, 0.4964096248149872, 0.36578890681266785, -0.0038183005526661873, 0.46720191836357117, 0.3827768564224243, -0.015231573954224586, 0.4408843517303467, 0.390725702047348, -0.020934375002980232, 0.5256329774856567, 0.2651662230491638, 0.016821177676320076, 0.48860836029052734, 0.2880633473396301, 0.0031060122419148684, 0.4639270305633545, 0.29308992624282837, -0.005409818608313799, 0.4430769085884094, 0.2969166040420532, -0.008528422564268112]",[]
"[0.604476273059845, 0.06867009401321411, -3.249976643360242e-08, 0.546359658241272, 0.13152584433555603, -0.0014994853409007192, 0.522957980632782, 0.2180570662021637, -0.002728687133640051, 0.5130220651626587, 0.2882694900035858, -0.00962750893086195, 0.5074676275253296, 0.3488278388977051, -0.01678304374217987, 0.5459081530570984, 0.32522648572921753, 0.021565599367022514, 0.524728536605835, 0.39907950162887573, 0.0027032543439418077, 0.5034652948379517, 0.4251747131347656, -0.016769716516137123, 0.49118852615356445, 0.4401189982891083, -0.02941308543086052, 0.5627567768096924, 0.32772141695022583, 0.007624206133186817, 0.5393754243850708, 0.41987672448158264, -0.011960886418819427, 0.5223300457000732, 0.4379677474498749, -0.030661866068840027, 0.5148234963417053, 0.4410631060600281, -0.0410911999642849, 0.5813313722610474, 0.3203814923763275, -0.01066212821751833, 0.5649898052215576, 0.4092694818973541, -0.029564622789621353, 0.5607380867004395, 0.4411531090736389, -0.04091133549809456, 0.5640369057655334, 0.460068017244339, -0.04635871946811676, 0.5990681052207947, 0.29947125911712646, -0.030322499573230743, 0.590973436832428, 0.36888420581817627, -0.04434964805841446, 0.5906298160552979, 0.4148712158203125, -0.05040847882628441, 0.5941087603569031, 0.452152818441391, -0.05405285209417343]",[]
"[0.5977447032928467, 0.11234548687934875, 4.0103913079292397e-07, 0.5654705762863159, 0.16460217535495758, -0.01668400876224041, 0.5453011989593506, 0.2519230246543884, -0.0284445621073246, 0.5270199775695801, 0.32453346252441406, -0.03978925198316574, 0.5164302587509155, 0.3770884871482849, -0.051030706614255905, 0.5774843096733093, 0.364037424325943, -0.015732092782855034, 0.5600476264953613, 0.45105546712875366, -0.035708941519260406, 0.5402786135673523, 0.4988919496536255, -0.05175264924764633, 0.5211817026138306, 0.5333802103996277, -0.06358028203248978, 0.590559184551239, 0.3610093593597412, -0.022360842674970627, 0.5751800537109375, 0.4628933072090149, -0.041299015283584595, 0.5490412712097168, 0.5131526589393616, -0.05620347335934639, 0.5229464173316956, 0.5482968688011169, -0.06651023775339127, 0.5994017720222473, 0.33880138397216797, -0.03179510310292244, 0.5844957828521729, 0.42116621136665344, -0.05357435345649719, 0.5595918297767639, 0.45403143763542175, -0.06435448676347733, 0.5360950231552124, 0.47480183839797974, -0.07107707113027573, 0.600767970085144, 0.30135226249694824, -0.04281851649284363, 0.5784401893615723, 0.3463965058326721, -0.062197595834732056, 0.5555188655853271, 0.3733130097389221, -0.06906327605247498, 0.5342520475387573, 0.3951868414878845, -0.0731051042675972]",[]
[],"[0.5548982620239258, 0.2101576179265976, 4.05386543889108e-07, 0.5691784024238586, 0.2590317726135254, -0.021284719929099083, 0.5835638642311096, 0.3234351575374603, -0.030199062079191208, 0.5961382389068604, 0.37788107991218567, -0.03624827414751053, 0.6091870069503784, 0.42207783460617065, -0.04199814051389694, 0.5686666369438171, 0.3847891092300415, -0.01720219850540161, 0.5546277761459351, 0.4543895721435547, -0.034323614090681076, 0.5398119688034058, 0.49940499663352966, -0.048089850693941116, 0.525493860244751, 0.5351933240890503, -0.05704226717352867, 0.5685067772865295, 0.3809538185596466, -0.013930275104939938, 0.5536630153656006, 0.45844995975494385, -0.03174476698040962, 0.5368679165840149, 0.5047442317008972, -0.04618586227297783, 0.5185495018959045, 0.5432328581809998, -0.05494069680571556, 0.5697500705718994, 0.3645031452178955, -0.013195504434406757, 0.5619370937347412, 0.4386662244796753, -0.03310487046837807, 0.5497450232505798, 0.485468327999115, -0.04618013650178909, 0.535770058631897, 0.5237417817115784, -0.0530184730887413, 0.572138249874115, 0.33808794617652893, -0.013623771257698536, 0.5748580098152161, 0.38185182213783264, -0.03209816664457321, 0.5755071640014648, 0.41762515902519226, -0.04261353984475136, 0.5725528001785278, 0.45234647393226624, -0.04863104224205017]"
"[0.5456416606903076, 0.2086673080921173, 2.3800039627985825e-07, 0.5235492587089539, 0.26180362701416016, -0.013695823028683662, 0.5103872418403625, 0.35450881719589233, -0.00857944879680872, 0.503345787525177, 0.4252568781375885, -0.0028194328770041466, 0.49795979261398315, 0.4735890030860901, 0.0044447435066103935, 0.5016152858734131, 0.3701789081096649, 0.014199679717421532, 0.47971415519714355, 0.42704686522483826, 0.00692317308858037, 0.45521029829978943, 0.4527096152305603, -0.0022987406700849533, 0.4350275993347168, 0.4733350872993469, -0.007338371593505144, 0.5115006566047668, 0.37048959732055664, 0.017157981172204018, 0.4848444163799286, 0.42104172706604004, 0.01323837973177433, 0.4608768820762634, 0.44787681102752686, 0.006456494797021151, 0.43633833527565, 0.46933650970458984, 0.0026601352728903294, 0.5238586068153381, 0.3741154074668884, 0.01572018302977085, 0.503410816192627, 0.42516928911209106, 0.009795491583645344, 0.4826647639274597, 0.4616430997848511, 0.004041128326207399, 0.4611956477165222, 0.4902305006980896, 0.002095720497891307, 0.5355165600776672, 0.37851405143737793, 0.011982562951743603, 0.5218779444694519, 0.43349236249923706, 0.007929494604468346, 0.5090961456298828, 0.4690500497817993, 0.006717381998896599, 0.49371469020843506, 0.4957127869129181, 0.00710216723382473]",[]
"[0.4621606171131134, 0.1070576012134552, 5.17422108714527e-07, 0.4758371412754059, 0.1481161266565323, -0.04929747059941292, 0.48713794350624084, 0.22981491684913635, -0.06297735869884491, 0.5033636093139648, 0.3088170886039734, -0.06618407368659973, 0.5267617702484131, 0.37647607922554016, -0.06794761121273041, 0.49973297119140625, 0.3154059052467346, -0.02739030309021473, 0.5139762163162231, 0.4138229191303253, -0.03683517500758171, 0.5242394208908081, 0.48100966215133667, -0.04929414391517639, 0.5304492712020874, 0.5352178812026978, -0.0583966039121151, 0.503018856048584, 0.32195720076560974, -0.003602267475798726, 0.5207785964012146, 0.41846388578414917, -0.010079375468194485, 0.530228853225708, 0.4862174391746521, -0.023753564804792404, 0.5339404344558716, 0.5394952297210693, -0.0342472642660141, 0.5057745575904846, 0.314976304769516, 0.015983927994966507, 0.5248659253120422, 0.40269482135772705, 0.009946045465767384, 0.5345189571380615, 0.46261656284332275, -0.002073974348604679, 0.5379675626754761, 0.5134523510932922, -0.011350762099027634, 0.5104861855506897, 0.2994326651096344, 0.03151612728834152, 0.5250835418701172, 0.36313655972480774, 0.025852017104625702, 0.5323275923728943, 0.40524163842201233, 0.019122079014778137, 0.5349624752998352, 0.444896936416626, 0.013929068110883236]",[]
"[0.5545818209648132, 0.21647827327251434, 2.407547583516134e-07, 0.5507646799087524, 0.2822420299053192, -0.009757579304277897, 0.5410165786743164, 0.3656330108642578, -0.007957430556416512, 0.5294734835624695, 0.4317452609539032, -0.006181776523590088, 0.5196170806884766, 0.4805159866809845, -0.0034122075885534286, 0.5173761248588562, 0.3822520673274994, 0.015399708412587643, 0.4916878342628479, 0.4364246726036072, 0.009836097247898579, 0.4749211370944977, 0.4694159924983978, 0.000996923423372209, 0.4650289714336395, 0.4956994652748108, -0.004302689339965582, 0.5166962146759033, 0.37259772419929504, 0.016747938469052315, 0.4896128475666046, 0.42559319734573364, 0.015965288504958153, 0.4778709411621094, 0.46179723739624023, 0.01018749363720417, 0.4684346914291382, 0.4900694787502289, 0.005933615379035473, 0.5183403491973877, 0.3647083640098572, 0.014556213282048702, 0.4936842918395996, 0.4158852696418762, 0.01450685691088438, 0.4836161434650421, 0.4515601098537445, 0.013603701256215572, 0.4744212031364441, 0.48076269030570984, 0.01302075944840908, 0.519339382648468, 0.3534388840198517, 0.010177530348300934, 0.49591168761253357, 0.39573803544044495, 0.012165091000497341, 0.48265719413757324, 0.4226306974887848, 0.015587146393954754, 0.47209611535072327, 0.44383934140205383, 0.018318666145205498]",[]
[],"[0.43319809436798096, 0.21315668523311615, 1.3956206146303884e-07, 0.44522038102149963, 0.25445258617401123, -0.0060544973239302635, 0.4368186295032501, 0.31791985034942627, -0.009298188611865044, 0.4267241656780243, 0.36542636156082153, -0.013111873529851437, 0.4215000867843628, 0.4037516415119171, -0.01682225428521633, 0.43129852414131165, 0.36246609687805176, -0.006615058984607458, 0.4330485463142395, 0.4292964041233063, -0.020357651636004448, 0.43544065952301025, 0.4800402522087097, -0.03189495578408241, 0.43567702174186707, 0.5222355723381042, -0.03969333693385124, 0.4310697615146637, 0.3649989664554596, -0.011576966382563114, 0.43509820103645325, 0.43481960892677307, -0.023945478722453117, 0.4373639225959778, 0.4873225688934326, -0.03430091217160225, 0.4375588893890381, 0.5348820090293884, -0.04136337712407112, 0.43201127648353577, 0.3597595989704132, -0.017571324482560158, 0.4358806014060974, 0.4283237159252167, -0.029566923156380653, 0.438827782869339, 0.4771847724914551, -0.03574514761567116, 0.44087427854537964, 0.5190895795822144, -0.0390697605907917, 0.4344218373298645, 0.34815165400505066, -0.024484697729349136, 0.4350578784942627, 0.40290939807891846, -0.03438340499997139, 0.4361170828342438, 0.4410122036933899, -0.03758276626467705, 0.43773823976516724, 0.4743536114692688, -0.038965534418821335]"
[],"[0.4328218698501587, 0.21384094655513763, 1.41642800599584e-07, 0.4427827298641205, 0.25413596630096436, -0.005528844427317381, 0.43332162499427795, 0.31618911027908325, -0.008591187186539173, 0.42230743169784546, 0.3622328042984009, -0.012329807505011559, 0.41549861431121826, 0.3991445004940033, -0.015966719016432762, 0.4309856593608856, 0.36253833770751953, -0.005855805706232786, 0.43254074454307556, 0.4287075996398926, -0.019268367439508438, 0.4347160756587982, 0.47895556688308716, -0.030569981783628464, 0.43478822708129883, 0.5208492875099182, -0.03819260001182556, 0.43137675523757935, 0.36549195647239685, -0.010954500176012516, 0.434866338968277, 0.4347918927669525, -0.022925101220607758, 0.43659645318984985, 0.4870966076850891, -0.03292466327548027, 0.43617305159568787, 0.5343440771102905, -0.0397411584854126, 0.4328444302082062, 0.3606041669845581, -0.01706528291106224, 0.43606045842170715, 0.4286749064922333, -0.02874991111457348, 0.43844422698020935, 0.4770892858505249, -0.034605659544467926, 0.4398013651371002, 0.518326997756958, -0.03769199550151825, 0.43573546409606934, 0.3492181897163391, -0.02406967058777809, 0.4357393682003021, 0.4037855267524719, -0.03367704898118973, 0.43621331453323364, 0.44176149368286133, -0.036616064608097076, 0.4371243715286255, 0.47494760155677795, -0.037816327065229416]"
"[0.5105689167976379, 0.20193953812122345, 1.5950300280564988e-07, 0.48377346992492676, 0.20940515398979187, -0.00046873505925759673, 0.4636407494544983, 0.2471873015165329, 0.0020753617864102125, 0.4470821022987366, 0.27497023344039917, 0.002029488794505596, 0.43737444281578064, 0.30037063360214233, 0.0028545381501317024, 0.4802497923374176, 0.3221173584461212, 0.017631735652685165, 0.46476396918296814, 0.37457412481307983, 0.012553869746625423, 0.4495774507522583, 0.41369590163230896, 0.005509879440069199, 0.4375469386577606, 0.4434642493724823, 0.00041296533890999854, 0.4895147979259491, 0.33202362060546875, 0.01117988582700491, 0.4746392071247101, 0.38690614700317383, 0.006890957709401846, 0.4607250392436981, 0.42624855041503906, -0.0012551116524264216, 0.4463382959365845, 0.4632592499256134, -0.0070527708157896996, 0.4973059594631195, 0.34360072016716003, 0.002654417883604765, 0.48570963740348816, 0.3989138603210449, -0.003056093817576766, 0.47140949964523315, 0.43848878145217896, -0.00858116801828146, 0.45831298828125, 0.4735282063484192, -0.011684376746416092, 0.5022076964378357, 0.35382890701293945, -0.006887707859277725, 0.4900273382663727, 0.4017835259437561, -0.01150460820645094, 0.4775164723396301, 0.43330222368240356, -0.01247242372483015, 0.4637346565723419, 0.4601900577545166, -0.01264236867427826]",[]
[],"[0.4304448664188385, 0.210509791970253, 4.2064218064297165e-07, 0.44061923027038574, 0.2629079818725586, -0.0319216363132, 0.44688379764556885, 0.3557176887989044, -0.03275179862976074, 0.45409077405929565, 0.4299067556858063, -0.027570359408855438, 0.46499621868133545, 0.48843875527381897, -0.020664220675826073, 0.45670247077941895, 0.37889373302459717, 0.00046276900684461, 0.4577033817768097, 0.45154476165771484, -0.0037448559887707233, 0.4470248520374298, 0.49845442175865173, -0.011984920129179955, 0.43404245376586914, 0.5370574593544006, -0.017097104340791702, 0.453125536441803, 0.3772129416465759, 0.016970200464129448, 0.4506181478500366, 0.44765394926071167, 0.015755748376250267, 0.4400133192539215, 0.49797576665878296, 0.00506890844553709, 0.4243212342262268, 0.5410181283950806, -0.0024898166302591562, 0.4493524730205536, 0.3699868321418762, 0.029225748032331467, 0.4459002614021301, 0.4329100251197815, 0.026673784479498863, 0.4362766742706299, 0.47940802574157715, 0.016510790213942528, 0.4225102365016937, 0.5174077153205872, 0.009613889269530773, 0.44842952489852905, 0.3595768213272095, 0.038419391959905624, 0.4482085406780243, 0.40827661752700806, 0.03577356040477753, 0.44224947690963745, 0.4382602572441101, 0.03135029971599579, 0.4335702657699585, 0.4635470509529114, 0.028667686507105827]"
"[0.5439755916595459, 0.21721041202545166, 2.1078315626255062e-07, 0.5230667591094971, 0.26901063323020935, -0.018206404522061348, 0.5082107782363892, 0.3642750680446625, -0.017543302848935127, 0.5028473734855652, 0.4366800785064697, -0.015154431574046612, 0.49903011322021484, 0.4898972809314728, -0.011214587837457657, 0.5034947395324707, 0.39448994398117065, -0.0008435141644440591, 0.48926210403442383, 0.4627953767776489, -0.014106365852057934, 0.48202988505363464, 0.5118022561073303, -0.026048554107546806, 0.48029854893684387, 0.5550636053085327, -0.033461544662714005, 0.5149886608123779, 0.39853450655937195, 0.0017753626452758908, 0.496030330657959, 0.46123039722442627, -0.009835755452513695, 0.4862271547317505, 0.5095648169517517, -0.019732387736439705, 0.47691428661346436, 0.5565340518951416, -0.025016728788614273, 0.5284538269042969, 0.4024988114833832, 0.0006872896919958293, 0.516694962978363, 0.468883752822876, -0.011741028167307377, 0.510361909866333, 0.520704984664917, -0.018905319273471832, 0.5039401650428772, 0.5692967772483826, -0.021408727392554283, 0.5408469438552856, 0.40205591917037964, -0.0028052355628460646, 0.5300693511962891, 0.4635390043258667, -0.012354964390397072, 0.5251786112785339, 0.5073215961456299, -0.01558705698698759, 0.5192967057228088, 0.5464017391204834, -0.016270214691758156]",[]
"[0.4576209783554077, 0.1520490050315857, 2.1531435834276635e-07, 0.4753604829311371, 0.20085236430168152, -0.014569004066288471, 0.4861539900302887, 0.2849627435207367, -0.02032821998000145, 0.49889424443244934, 0.3578673303127289, -0.02388407476246357, 0.5116519927978516, 0.4171646237373352, -0.027170490473508835, 0.485271155834198, 0.3302047848701477, -0.010454924777150154, 0.5003746747970581, 0.4161924421787262, -0.025054065510630608, 0.5194284319877625, 0.47468239068984985, -0.03791005164384842, 0.5354587435722351, 0.5189614295959473, -0.0461382195353508, 0.4863084852695465, 0.333699494600296, -0.009061481803655624, 0.5050283670425415, 0.4187411665916443, -0.022358126938343048, 0.5266477465629578, 0.48262953758239746, -0.035781316459178925, 0.5463711619377136, 0.5357067584991455, -0.04493842273950577, 0.48951658606529236, 0.33384969830513, -0.009087994694709778, 0.508122980594635, 0.4182531237602234, -0.019308840855956078, 0.525130033493042, 0.478398859500885, -0.025792425498366356, 0.5392476916313171, 0.5273262858390808, -0.029734505340456963, 0.49603909254074097, 0.32898521423339844, -0.01064565870910883, 0.5118625164031982, 0.3972947597503662, -0.017606403678655624, 0.5218560099601746, 0.4468631148338318, -0.01961805298924446, 0.5293929576873779, 0.4888388514518738, -0.02042384073138237]",[]
"[0.45932063460350037, 0.15274015069007874, 2.3285531369765522e-07, 0.47504472732543945, 0.20275191962718964, -0.014720764011144638, 0.48568519949913025, 0.28678882122039795, -0.020496686920523643, 0.4991152286529541, 0.35959264636039734, -0.024251729249954224, 0.5113590955734253, 0.42043304443359375, -0.02771724760532379, 0.48696422576904297, 0.3313165009021759, -0.008642896078526974, 0.49896204471588135, 0.4159623980522156, -0.02361762523651123, 0.5146627426147461, 0.47309303283691406, -0.03693944215774536, 0.5271949172019958, 0.5155587792396545, -0.045337412506341934, 0.4886152148246765, 0.3353525400161743, -0.007275750860571861, 0.5055682063102722, 0.41965413093566895, -0.02037360705435276, 0.5246009230613708, 0.48396754264831543, -0.03398221358656883, 0.5415219068527222, 0.5381391048431396, -0.04340771213173866, 0.49195465445518494, 0.33594727516174316, -0.007666461169719696, 0.5090033411979675, 0.4197463095188141, -0.01817690208554268, 0.5232629776000977, 0.4804222881793976, -0.025476422160863876, 0.5345556735992432, 0.5302967429161072, -0.030016418546438217, 0.49789711833000183, 0.3315436542034149, -0.009624055586755276, 0.5127003192901611, 0.40031689405441284, -0.017000829800963402, 0.521011233329773, 0.45015931129455566, -0.019736552610993385, 0.526727020740509, 0.4927992820739746, -0.02117176540195942]",[]
[],"[0.47119221091270447, 0.1453300565481186, 7.347180712713453e-07, 0.4737929701805115, 0.17853066325187683, -0.06276588141918182, 0.4831036627292633, 0.2533506751060486, -0.08327893912792206, 0.5001121163368225, 0.3303012549877167, -0.0905764251947403, 0.5226951241493225, 0.4008663296699524, -0.0966239795088768, 0.5157890915870667, 0.34407755732536316, -0.03693077713251114, 0.5297462940216064, 0.44092291593551636, -0.04367225617170334, 0.5362164378166199, 0.5075048208236694, -0.05470365285873413, 0.5386685132980347, 0.5589187741279602, -0.06321483105421066, 0.5154904127120972, 0.34999382495880127, -0.005154948215931654, 0.5278330445289612, 0.44194313883781433, -0.009435666725039482, 0.5306199193000793, 0.5089136362075806, -0.024178531020879745, 0.5276645421981812, 0.5615676641464233, -0.03600672259926796, 0.5141953825950623, 0.34735822677612305, 0.021992895752191544, 0.5284321308135986, 0.4319528341293335, 0.01886823959648609, 0.5304347276687622, 0.4878850281238556, 0.006150819826871157, 0.5272953510284424, 0.5355458855628967, -0.004327058792114258, 0.5148380994796753, 0.33523690700531006, 0.04418101906776428, 0.528658390045166, 0.4003147482872009, 0.04083939641714096, 0.5312204957008362, 0.44227221608161926, 0.03383644297719002, 0.5284156203269958, 0.47787147760391235, 0.027998212724924088]"
[],"[0.44047537446022034, 0.17116957902908325, 2.2579349945317517e-07, 0.45964983105659485, 0.22091367840766907, -0.016969500109553337, 0.4680405259132385, 0.30787336826324463, -0.019752489402890205, 0.4743770658969879, 0.38334935903549194, -0.020662544295191765, 0.48227864503860474, 0.4409831762313843, -0.021031901240348816, 0.47831279039382935, 0.34202826023101807, 0.0016543130623176694, 0.4882277250289917, 0.410652756690979, -0.008886114694178104, 0.4969717860221863, 0.4576989710330963, -0.020564712584018707, 0.5029510259628296, 0.49532008171081543, -0.028278212994337082, 0.47918516397476196, 0.33869194984436035, 0.005250319838523865, 0.4900549054145813, 0.4074678421020508, -0.002934701507911086, 0.503754198551178, 0.4609728455543518, -0.015365651808679104, 0.5156325697898865, 0.5107235312461853, -0.023940877988934517, 0.47796767950057983, 0.33276236057281494, 0.006113747600466013, 0.49130743741989136, 0.3994547724723816, -0.0022143637761473656, 0.5036529898643494, 0.4525405466556549, -0.009151576086878777, 0.5129782557487488, 0.4993550181388855, -0.01309984177350998, 0.4775368571281433, 0.3221406936645508, 0.004961106460541487, 0.4899177849292755, 0.3801760673522949, -0.0004081010993104428, 0.4969947338104248, 0.421101838350296, -0.0010789463995024562, 0.5018635392189026, 0.45812129974365234, -0.0007904850062914193]"
"[0.542323112487793, 0.20693853497505188, 1.4972644635236065e-07, 0.5108084678649902, 0.24206188321113586, -0.0034160639625042677, 0.49828675389289856, 0.3124956488609314, 0.0005270149558782578, 0.4953579008579254, 0.3661651313304901, 0.0019861096516251564, 0.49302417039871216, 0.4075486958026886, 0.00420551048591733, 0.5008367896080017, 0.367384672164917, 0.01732492446899414, 0.48649048805236816, 0.4236631393432617, 0.008263017050921917, 0.47223132848739624, 0.46218734979629517, -0.002770021092146635, 0.4611508846282959, 0.4957003593444824, -0.010187475010752678, 0.5114809274673462, 0.37370333075523376, 0.011316179297864437, 0.4930170178413391, 0.42984190583229065, 0.00403932761400938, 0.47747230529785156, 0.4670286476612091, -0.005347957834601402, 0.46126696467399597, 0.5044055581092834, -0.01132128108292818, 0.5223634839057922, 0.38190189003944397, 0.0021799879614263773, 0.5074142217636108, 0.4387211501598358, -0.005774815566837788, 0.49320048093795776, 0.478792667388916, -0.010591049678623676, 0.4790359437465668, 0.515430212020874, -0.012526964768767357, 0.5324602723121643, 0.38723206520080566, -0.008648490533232689, 0.5192530751228333, 0.4415178894996643, -0.0142735056579113, 0.5077236294746399, 0.47875863313674927, -0.014507432468235493, 0.4946742653846741, 0.5099636912345886, -0.013768156059086323]",[]
[],"[0.4272979199886322, 0.21977023780345917, 2.2320546122500673e-07, 0.449089914560318, 0.25259828567504883, -0.011421735398471355, 0.44724318385124207, 0.3249301016330719, -0.012846414931118488, 0.44007301330566406, 0.38480785489082336, -0.013408051803708076, 0.443148672580719, 0.43094903230667114, -0.013611766509711742, 0.4331264793872833, 0.3678586483001709, -0.004217000678181648, 0.4303991198539734, 0.4317702353000641, -0.01663275621831417, 0.4310671389102936, 0.48239290714263916, -0.028223002329468727, 0.4316289722919464, 0.5256664156913757, -0.03585626184940338, 0.42684394121170044, 0.3727503716945648, -0.005396652966737747, 0.42593085765838623, 0.44117292761802673, -0.016068316996097565, 0.4280453324317932, 0.4953593611717224, -0.026847530156373978, 0.42893004417419434, 0.5466634035110474, -0.034016553312540054, 0.4212631285190582, 0.37186625599861145, -0.008609931915998459, 0.42165639996528625, 0.43804991245269775, -0.019535450264811516, 0.4255310297012329, 0.48795413970947266, -0.026625575497746468, 0.42838892340660095, 0.5317554473876953, -0.030113663524389267, 0.4174213409423828, 0.3662931025028229, -0.013390028849244118, 0.4198691248893738, 0.42280787229537964, -0.02167770452797413, 0.423220694065094, 0.4623594880104065, -0.024751147255301476, 0.426226407289505, 0.49654701352119446, -0.026023339480161667]"
[],"[0.42808350920677185, 0.22346122562885284, 2.0421612134668976e-07, 0.4476032257080078, 0.25943732261657715, -0.009862476959824562, 0.4447541832923889, 0.3305255174636841, -0.011161896400153637, 0.43860283493995667, 0.3869140148162842, -0.011889031156897545, 0.4420027732849121, 0.4315292239189148, -0.012237933464348316, 0.43075546622276306, 0.37107187509536743, -0.0035953184124082327, 0.42860761284828186, 0.43382877111434937, -0.015924343839287758, 0.4302001893520355, 0.4835348129272461, -0.027335163205862045, 0.4313057065010071, 0.525860071182251, -0.03486503288149834, 0.42472341656684875, 0.3750147819519043, -0.005471285432577133, 0.4246804714202881, 0.44300577044487, -0.016403574496507645, 0.4268822968006134, 0.49707794189453125, -0.027074771001935005, 0.42757466435432434, 0.547616720199585, -0.03409957140684128, 0.4195420444011688, 0.3733651041984558, -0.009164772927761078, 0.420307993888855, 0.4391915202140808, -0.02016782946884632, 0.42352744936943054, 0.4884045422077179, -0.026859844103455544, 0.4260576665401459, 0.5312963724136353, -0.030017441138625145, 0.4164409339427948, 0.36692968010902405, -0.014257960021495819, 0.4188602864742279, 0.42266353964805603, -0.022535821422934532, 0.4222263991832733, 0.4619089365005493, -0.025414442643523216, 0.42558231949806213, 0.4954344928264618, -0.026517629623413086]"
[],"[0.42956194281578064, 0.22830310463905334, 1.90602733596279e-07, 0.4429088532924652, 0.26577210426330566, -0.011256326921284199, 0.438388466835022, 0.3338910937309265, -0.011609329842031002, 0.43380579352378845, 0.3882310390472412, -0.010804399847984314, 0.43651509284973145, 0.43217697739601135, -0.009401996619999409, 0.4291563034057617, 0.36873483657836914, -0.002338089980185032, 0.42571526765823364, 0.4357934296131134, -0.011785483919084072, 0.4279088079929352, 0.48654067516326904, -0.020505068823695183, 0.43115106225013733, 0.5276542901992798, -0.026171911507844925, 0.42735370993614197, 0.3731808364391327, -0.00162907422054559, 0.4248850643634796, 0.4414709806442261, -0.009777369908988476, 0.42869752645492554, 0.4918472468852997, -0.01860102079808712, 0.4325236678123474, 0.5396333932876587, -0.024377809837460518, 0.4257456660270691, 0.37335580587387085, -0.002754771849140525, 0.4254741072654724, 0.4381260573863983, -0.010990779846906662, 0.4310082793235779, 0.48407062888145447, -0.016375593841075897, 0.4359629154205322, 0.5244309902191162, -0.01888664998114109, 0.42596563696861267, 0.3698344826698303, -0.005335115361958742, 0.42720070481300354, 0.4240109324455261, -0.011558896861970425, 0.4300976097583771, 0.46084195375442505, -0.013424252159893513, 0.4328536093235016, 0.4917251765727997, -0.013802689500153065]"
"[0.5341385006904602, 0.22770412266254425, 1.794239068431125e-07, 0.504352331161499, 0.2362726926803589, 0.001224322011694312, 0.4837648272514343, 0.28711777925491333, 0.005752039607614279, 0.4701693058013916, 0.3266715109348297, 0.006929109338670969, 0.4602244198322296, 0.35599344968795776, 0.00932971853762865, 0.503133237361908, 0.3600010871887207, 0.02532229758799076, 0.48540693521499634, 0.40766265988349915, 0.019109614193439484, 0.46174749732017517, 0.424457311630249, 0.009923005476593971, 0.4433985948562622, 0.4296424090862274, 0.005122032482177019, 0.5148186087608337, 0.37502026557922363, 0.019053110852837563, 0.49445128440856934, 0.4255560040473938, 0.018392721191048622, 0.47124066948890686, 0.44850635528564453, 0.012487917207181454, 0.45003464818000793, 0.46185022592544556, 0.008410980924963951, 0.5267980098724365, 0.39329659938812256, 0.009762315079569817, 0.509520947933197, 0.4471423029899597, 0.009321901015937328, 0.487917959690094, 0.4770117998123169, 0.007662815973162651, 0.46814656257629395, 0.496521532535553, 0.006963915657252073, 0.5369433164596558, 0.40902337431907654, -0.0010657759848982096, 0.5225059986114502, 0.4642690420150757, 0.0010080236243084073, 0.5066924095153809, 0.49557313323020935, 0.004808446392416954, 0.4898395836353302, 0.515322208404541, 0.007727502845227718]",[]
[],"[0.4340212345123291, 0.15109393000602722, 1.2585776687501493e-07, 0.44805651903152466, 0.2110564261674881, -0.008379297330975533, 0.44938573241233826, 0.2988390028476715, -0.008917479775846004, 0.44902968406677246, 0.3732011616230011, -0.009907271713018417, 0.4531877338886261, 0.4304963946342468, -0.009974125772714615, 0.4561517834663391, 0.32299795746803284, 0.008352764882147312, 0.4640779495239258, 0.3939054608345032, -0.0010289006168022752, 0.46904870867729187, 0.43564051389694214, -0.011294892057776451, 0.4728909134864807, 0.4662960171699524, -0.01753360964357853, 0.4560396075248718, 0.32129961252212524, 0.007715572603046894, 0.46432724595069885, 0.3898475170135498, 0.0011736723827198148, 0.46976205706596375, 0.4334832727909088, -0.009125265292823315, 0.47365742921829224, 0.46813663840293884, -0.016026722267270088, 0.4548317790031433, 0.31643426418304443, 0.004818433430045843, 0.4631710648536682, 0.3857491612434387, -0.0011391548905521631, 0.4676356613636017, 0.42441147565841675, -0.0046256487257778645, 0.47084587812423706, 0.45284903049468994, -0.006264230236411095, 0.45405709743499756, 0.30881816148757935, 0.0005088915931992233, 0.4614907503128052, 0.36810097098350525, -0.0015590358525514603, 0.4623790681362152, 0.4027060270309448, 0.00022133676975499839, 0.4626815617084503, 0.42842018604278564, 0.0020804181694984436]"
"[0.5693687796592712, 0.2766730785369873, 1.6549010695143807e-07, 0.54118812084198, 0.298764705657959, -0.007643192075192928, 0.5299503207206726, 0.3509247899055481, -0.008888578973710537, 0.5256456136703491, 0.3889407813549042, -0.011256902478635311, 0.5232062339782715, 0.41662225127220154, -0.013438383117318153, 0.5466399788856506, 0.40896034240722656, -0.0019469886319711804, 0.5354371666908264, 0.472119003534317, -0.01403817255049944, 0.5252535939216614, 0.5185874700546265, -0.024583786725997925, 0.5174963474273682, 0.5556796193122864, -0.03161958232522011, 0.5557429194450378, 0.41597557067871094, -0.006481637712568045, 0.5463113188743591, 0.47978076338768005, -0.017957385629415512, 0.5365932583808899, 0.5257422924041748, -0.028078235685825348, 0.5275877118110657, 0.5674914121627808, -0.03447871655225754, 0.5636783838272095, 0.42104122042655945, -0.012879244983196259, 0.5573404431343079, 0.4846125841140747, -0.02441340684890747, 0.547235369682312, 0.5283973217010498, -0.03160449489951134, 0.5383902192115784, 0.5646854639053345, -0.03505629673600197, 0.5692972540855408, 0.4224281907081604, -0.02059534750878811, 0.5639891028404236, 0.47638386487960815, -0.029937192797660828, 0.5566586256027222, 0.5133600831031799, -0.03317521885037422, 0.5485067367553711, 0.5418553948402405, -0.034385114908218384]",[]
"[0.5685643553733826, 0.27744269371032715, 1.6540710134904657e-07, 0.5409826040267944, 0.30040574073791504, -0.006729728542268276, 0.5286192893981934, 0.35306572914123535, -0.007461946457624435, 0.523014485836029, 0.39188912510871887, -0.009367361664772034, 0.5198063254356384, 0.41962313652038574, -0.011123929172754288, 0.5454722046852112, 0.4083426594734192, -0.0008015708881430328, 0.5345878005027771, 0.47160518169403076, -0.01211341843008995, 0.5246772170066833, 0.5176063179969788, -0.02198011241853237, 0.5171924233436584, 0.5536901950836182, -0.02853701077401638, 0.5549865365028381, 0.41547831892967224, -0.005219239741563797, 0.5450149774551392, 0.4792904257774353, -0.015918560326099396, 0.535191535949707, 0.5238356590270996, -0.025523612275719643, 0.5262517333030701, 0.5637031197547913, -0.0316019169986248, 0.5634755492210388, 0.42079898715019226, -0.011395392008125782, 0.5569042563438416, 0.4845081567764282, -0.02223798632621765, 0.5467894077301025, 0.5279151797294617, -0.02888542227447033, 0.538009524345398, 0.563544750213623, -0.032031696289777756, 0.5699520707130432, 0.4228155016899109, -0.018768200650811195, 0.5642443895339966, 0.47673672437667847, -0.027462715283036232, 0.5565232038497925, 0.5133535265922546, -0.030297163873910904, 0.5481616854667664, 0.5414846539497375, -0.03128048777580261]",[]
"[0.5695347189903259, 0.2830479145050049, 1.495008348229021e-07, 0.5543465614318848, 0.3294052481651306, -0.0046528601087629795, 0.5555921792984009, 0.4039610028266907, -0.0031635465566068888, 0.5606444478034973, 0.46111956238746643, -0.0028693308122456074, 0.5640562176704407, 0.5034986138343811, -0.002839163411408663, 0.5607311725616455, 0.4224606454372406, 0.0018223414663225412, 0.5507293343544006, 0.4843759834766388, -0.010141532868146896, 0.5394386053085327, 0.5287280082702637, -0.019856465980410576, 0.5305300951004028, 0.5649175047874451, -0.02614067867398262, 0.5645747184753418, 0.42183718085289, -0.0027341763488948345, 0.5530408620834351, 0.48630279302597046, -0.014167899265885353, 0.5420765280723572, 0.5304332375526428, -0.022982947528362274, 0.5309481620788574, 0.5711158514022827, -0.02814643085002899, 0.5668379068374634, 0.4194137752056122, -0.0091644786298275, 0.5593364834785461, 0.48466944694519043, -0.020915478467941284, 0.548711359500885, 0.5296945571899414, -0.026731237769126892, 0.5374540686607361, 0.5678713917732239, -0.028829682618379593, 0.5672842860221863, 0.41365382075309753, -0.0165086779743433, 0.5639417767524719, 0.4711742699146271, -0.025594759732484818, 0.5560407638549805, 0.5088603496551514, -0.02862793393433094, 0.5451384782791138, 0.5395872592926025, -0.02975584752857685]","[0.46973761916160583, 0.1461769938468933, 5.175761543796398e-07, 0.47809702157974243, 0.18663553893566132, -0.032088086009025574, 0.4855267107486725, 0.25443223118782043, -0.04333895072340965, 0.49584975838661194, 0.31905725598335266, -0.049278538674116135, 0.5075476765632629, 0.3771299123764038, -0.05433991923928261, 0.5084778070449829, 0.32687288522720337, -0.013103670440614223, 0.5205910205841064, 0.4160553812980652, -0.024193894118070602, 0.5297917723655701, 0.48148322105407715, -0.03680390864610672, 0.5354482531547546, 0.5338872671127319, -0.04527820646762848, 0.5096276998519897, 0.3282049298286438, -0.0013729314086958766, 0.5217185616493225, 0.41653236746788025, -0.010574545711278915, 0.5329368710517883, 0.4867609143257141, -0.025913668796420097, 0.54066401720047, 0.5509557723999023, -0.03684103488922119, 0.5107412934303284, 0.32810449600219727, 0.0072206431068480015, 0.5236241817474365, 0.4108861982822418, 0.00041418298496864736, 0.5362740159034729, 0.4767587184906006, -0.00967501848936081, 0.5438297986984253, 0.5335452556610107, -0.016858570277690887, 0.5137314200401306, 0.3222050964832306, 0.012607989832758904, 0.5266463160514832, 0.3886568546295166, 0.00820175651460886, 0.5359348058700562, 0.4395991563796997, 0.004628049675375223, 0.5411685109138489, 0.48455318808555603, 0.0020233707036823034]"
"[0.5620003342628479, 0.23166531324386597, 7.512172217616353e-09, 0.5375651121139526, 0.2732385993003845, 0.002312134485691786, 0.5323233604431152, 0.3448276221752167, 0.00540019478648901, 0.5327814817428589, 0.39827677607536316, 0.005358840338885784, 0.53263920545578, 0.4391854703426361, 0.005109746940433979, 0.5413893461227417, 0.37985119223594666, 0.010263021104037762, 0.5324448943138123, 0.44085177779197693, -0.0011237472062930465, 0.530631959438324, 0.4861859381198883, -0.012379067949950695, 0.5336127281188965, 0.5205578804016113, -0.0197298601269722, 0.5493242144584656, 0.381365567445755, 0.0017587522743269801, 0.5434840321540833, 0.4471306800842285, -0.009656702168285847, 0.5449206829071045, 0.49343493580818176, -0.020357908681035042, 0.5487038493156433, 0.5325271487236023, -0.026708411052823067, 0.5549752116203308, 0.38247743248939514, -0.008207840844988823, 0.5494544506072998, 0.44929495453834534, -0.01813575066626072, 0.5480504631996155, 0.4956364929676056, -0.023442508652806282, 0.5481080412864685, 0.5340479016304016, -0.025660591199994087, 0.557184636592865, 0.37954041361808777, -0.01878414861857891, 0.5494145750999451, 0.43424898386001587, -0.02592705562710762, 0.5459040999412537, 0.4733388423919678, -0.027130819857120514, 0.5433310866355896, 0.5042644739151001, -0.026977013796567917]",[]
"[0.546284556388855, 0.2028021514415741, 1.3853369296157325e-07, 0.5152422785758972, 0.23684480786323547, 0.005344480276107788, 0.503328263759613, 0.30325791239738464, 0.007326064165681601, 0.4955805540084839, 0.34975606203079224, 0.004843683913350105, 0.4893655478954315, 0.38714396953582764, 0.0016864697681739926, 0.5118824243545532, 0.368872731924057, 0.011829965747892857, 0.4905542731285095, 0.4250340461730957, -0.0031640396919101477, 0.47272899746894836, 0.46540191769599915, -0.01833498664200306, 0.46050867438316345, 0.5000290274620056, -0.028764501214027405, 0.5206542015075684, 0.3751215636730194, -0.0018011825159192085, 0.5017105937004089, 0.4405367374420166, -0.014675232581794262, 0.4891020655632019, 0.49203193187713623, -0.028324319049715996, 0.47914162278175354, 0.5445597767829895, -0.03761964663863182, 0.5303519368171692, 0.3786751329898834, -0.017035098746418953, 0.5165684223175049, 0.44963255524635315, -0.029179876670241356, 0.5064259171485901, 0.5000121593475342, -0.03596344590187073, 0.4976584017276764, 0.5464246869087219, -0.03993896394968033, 0.5389760732650757, 0.3754899203777313, -0.03279653191566467, 0.5302081108093262, 0.42952245473861694, -0.04209481552243233, 0.5210824012756348, 0.46810007095336914, -0.04344823583960533, 0.5108873844146729, 0.5012533664703369, -0.04377022385597229]",[]
[],"[0.4417680501937866, 0.21385300159454346, 2.1961614038445987e-07, 0.45413339138031006, 0.2614061236381531, -0.007616844493895769, 0.44690990447998047, 0.3293515145778656, -0.010849550366401672, 0.4394857883453369, 0.38146406412124634, -0.014159111306071281, 0.43840011954307556, 0.4251631796360016, -0.01795605570077896, 0.4376615583896637, 0.35068386793136597, -0.011117004789412022, 0.43358224630355835, 0.41815268993377686, -0.02630421705543995, 0.4323733150959015, 0.4728345572948456, -0.038230303674936295, 0.43213123083114624, 0.5181674361228943, -0.04587988555431366, 0.43551209568977356, 0.3528282642364502, -0.015063684433698654, 0.4310699999332428, 0.4244881272315979, -0.028488200157880783, 0.43106335401535034, 0.4814389646053314, -0.03973643109202385, 0.43061450123786926, 0.5339282751083374, -0.047326069325208664, 0.4323539137840271, 0.3490922749042511, -0.019999206066131592, 0.42935457825660706, 0.41962799429893494, -0.03243839740753174, 0.4312672019004822, 0.4717996120452881, -0.03968968614935875, 0.4329359829425812, 0.5171374082565308, -0.043590668588876724, 0.4300394058227539, 0.3401758074760437, -0.025790773332118988, 0.42777925729751587, 0.3970775902271271, -0.03502480685710907, 0.4273816645145416, 0.43736469745635986, -0.03823766112327576, 0.4277450442314148, 0.4714614748954773, -0.03985075652599335]"
[],"[0.44309568405151367, 0.2155778408050537, 2.012767765791068e-07, 0.4544063210487366, 0.2627941071987152, -0.008352580480277538, 0.44587528705596924, 0.3314245343208313, -0.012128440663218498, 0.4381221532821655, 0.3843330144882202, -0.01573116146028042, 0.436454176902771, 0.42836493253707886, -0.019744325429201126, 0.4347921311855316, 0.3514716923236847, -0.013617116957902908, 0.4311991035938263, 0.4193660020828247, -0.02935166470706463, 0.43078696727752686, 0.4739437997341156, -0.041341036558151245, 0.4311794936656952, 0.5186553001403809, -0.04904964566230774, 0.4335324764251709, 0.3534144461154938, -0.01714221015572548, 0.42990636825561523, 0.4250148832798004, -0.031274452805519104, 0.43076640367507935, 0.48203277587890625, -0.042715009301900864, 0.43115174770355225, 0.5342383980751038, -0.05047076195478439, 0.4315887689590454, 0.35006701946258545, -0.021579382941126823, 0.4290395975112915, 0.420005738735199, -0.034665871411561966, 0.4318338930606842, 0.47244274616241455, -0.042392440140247345, 0.4344511330127716, 0.5180459022521973, -0.046708978712558746, 0.4309212267398834, 0.34157508611679077, -0.0268231388181448, 0.4284781813621521, 0.39654436707496643, -0.03682111203670502, 0.42857810854911804, 0.43678155541419983, -0.04079405963420868, 0.42951568961143494, 0.4714227318763733, -0.04299008101224899]"
[],"[0.44254571199417114, 0.21186420321464539, 1.683901729165882e-07, 0.4658014476299286, 0.24467653036117554, -0.010390620678663254, 0.46396273374557495, 0.3088495135307312, -0.014010347425937653, 0.4540301263332367, 0.36397257447242737, -0.01754101924598217, 0.4516313970088959, 0.4078657329082489, -0.021085938438773155, 0.4517732262611389, 0.3643493354320526, -0.005544774699956179, 0.44670236110687256, 0.4284583330154419, -0.018911032006144524, 0.44539526104927063, 0.4783681035041809, -0.03083934262394905, 0.44456279277801514, 0.5204097032546997, -0.03909844160079956, 0.44341179728507996, 0.3692149817943573, -0.008500105701386929, 0.4391263425350189, 0.4358386993408203, -0.019958166405558586, 0.43938004970550537, 0.48646044731140137, -0.030455492436885834, 0.43956172466278076, 0.5344398021697998, -0.0378011129796505, 0.4356810748577118, 0.36537301540374756, -0.013396820053458214, 0.4326106905937195, 0.4307457208633423, -0.02434944547712803, 0.43423953652381897, 0.4781823754310608, -0.030489303171634674, 0.4361615777015686, 0.519633412361145, -0.03391997888684273, 0.4292428195476532, 0.35398462414741516, -0.019884658977389336, 0.42710253596305847, 0.4105779528617859, -0.02841162122786045, 0.4278065860271454, 0.449495404958725, -0.031116561964154243, 0.42969629168510437, 0.4821908175945282, -0.03240964189171791]"
"[0.5298427939414978, 0.2809332609176636, 2.4248905106105667e-07, 0.5690354108810425, 0.3385929465293884, -0.008347048424184322, 0.5844515562057495, 0.4190552532672882, -0.015184123069047928, 0.5904625654220581, 0.48584556579589844, -0.021475009620189667, 0.6063089370727539, 0.5329804420471191, -0.02893168292939663, 0.5508118867874146, 0.4869937002658844, -0.017413754016160965, 0.5453736782073975, 0.5618590116500854, -0.029314519837498665, 0.5385670065879822, 0.6059964299201965, -0.038115184754133224, 0.5313297510147095, 0.6423429250717163, -0.04532875865697861, 0.5193566679954529, 0.48074087500572205, -0.023535238578915596, 0.5034219026565552, 0.5673128366470337, -0.03489583358168602, 0.48972654342651367, 0.621006965637207, -0.044340185821056366, 0.4757922291755676, 0.6646704077720642, -0.05177706480026245, 0.4932401478290558, 0.45444256067276, -0.030560165643692017, 0.4700339436531067, 0.5297766327857971, -0.046163544058799744, 0.45117050409317017, 0.5767181515693665, -0.05684305727481842, 0.4334643483161926, 0.6162649989128113, -0.06448240578174591, 0.4703770875930786, 0.41530516743659973, -0.037381041795015335, 0.4431001842021942, 0.454315721988678, -0.05473402142524719, 0.4201260805130005, 0.47727835178375244, -0.0626102089881897, 0.39900970458984375, 0.4984665513038635, -0.06753091514110565]",[]
"[0.5489072799682617, 0.2176155149936676, 2.7478884589982044e-07, 0.5236431360244751, 0.2638985514640808, -0.01223737746477127, 0.5119689106941223, 0.35336917638778687, -0.008582341484725475, 0.5081881284713745, 0.4263978898525238, -0.005141757894307375, 0.5043404698371887, 0.48190510272979736, -0.0007368680089712143, 0.499614953994751, 0.38700151443481445, 0.015629032626748085, 0.4805353283882141, 0.44331300258636475, 0.005964828655123711, 0.45797836780548096, 0.4794386029243469, -0.0054435101337730885, 0.4394260048866272, 0.5098885297775269, -0.01247137226164341, 0.5101184844970703, 0.39126771688461304, 0.015405353158712387, 0.48398590087890625, 0.44714003801345825, 0.008930766023695469, 0.4610496461391449, 0.4829402267932892, 0.0010806701611727476, 0.4367982745170593, 0.5165910720825195, -0.003065094817429781, 0.5248890519142151, 0.3962480425834656, 0.010534768924117088, 0.5045280456542969, 0.45505261421203613, 0.0016116129700094461, 0.48499736189842224, 0.4982180595397949, -0.0033163728658109903, 0.4639614522457123, 0.5362114906311035, -0.004253729246556759, 0.5409162640571594, 0.39895787835121155, 0.00327285029925406, 0.5276681780815125, 0.45457062125205994, -0.003806754481047392, 0.5160523056983948, 0.4944547116756439, -0.005412147846072912, 0.5020896792411804, 0.5280027389526367, -0.00498413760215044]",[]
[],"[0.4505805969238281, 0.1578349471092224, 1.5461408509054309e-07, 0.46596232056617737, 0.21097677946090698, 0.004994523245841265, 0.46867865324020386, 0.29173293709754944, 0.004111084621399641, 0.4685209393501282, 0.3536933958530426, 0.00038487763958983123, 0.47043168544769287, 0.4018382132053375, -0.004116284195333719, 0.47321030497550964, 0.31425362825393677, 0.0013604913838207722, 0.47632020711898804, 0.38352271914482117, -0.012386206537485123, 0.46694934368133545, 0.4291020631790161, -0.0238858200609684, 0.4540286660194397, 0.46146267652511597, -0.030431484803557396, 0.4702792465686798, 0.3140271306037903, -0.008107678033411503, 0.4770347476005554, 0.3873804807662964, -0.0187076423317194, 0.47123169898986816, 0.43560609221458435, -0.027602506801486015, 0.4618462920188904, 0.47021034359931946, -0.03343004733324051, 0.4670475125312805, 0.30757370591163635, -0.017886323854327202, 0.4750709533691406, 0.3851605951786041, -0.027219340205192566, 0.4716484546661377, 0.43154048919677734, -0.031224112957715988, 0.4656762182712555, 0.4633922278881073, -0.03320404514670372, 0.4639725685119629, 0.2965324819087982, -0.027407856658101082, 0.4714708626270294, 0.35975897312164307, -0.03227340430021286, 0.47011110186576843, 0.39862796664237976, -0.03167269751429558, 0.4681110680103302, 0.42641115188598633, -0.03099091164767742]"
"[0.5621052384376526, 0.27903610467910767, 2.3132864157560107e-07, 0.543838381767273, 0.3172859847545624, -0.012790829874575138, 0.5414106249809265, 0.3902769386768341, -0.013974829576909542, 0.5471462607383728, 0.4444315433502197, -0.014081107452511787, 0.5519880652427673, 0.4849090576171875, -0.013922256417572498, 0.5488573312759399, 0.4156171381473541, -0.008161976933479309, 0.541364312171936, 0.4701893627643585, -0.020857173949480057, 0.5334842801094055, 0.5156269669532776, -0.031966980546712875, 0.5272601842880249, 0.5546113848686218, -0.03967782482504845, 0.5611216425895691, 0.416415810585022, -0.008664445020258427, 0.5558684468269348, 0.47496938705444336, -0.020564580336213112, 0.5488269329071045, 0.5255693197250366, -0.031048495322465897, 0.5403169989585876, 0.5748991966247559, -0.0380483902990818, 0.5734845399856567, 0.4137779474258423, -0.011129088699817657, 0.5723102688789368, 0.47370800375938416, -0.02406596578657627, 0.5664061903953552, 0.5216870307922363, -0.03243216127157211, 0.5608175992965698, 0.5647890567779541, -0.03665773943066597, 0.5852046608924866, 0.40632522106170654, -0.014983009546995163, 0.5849626064300537, 0.45607632398605347, -0.027092427015304565, 0.5830205678939819, 0.4941568076610565, -0.03300844505429268, 0.5799821615219116, 0.5268692374229431, -0.03602756932377815]",[]
"[0.563456118106842, 0.27661699056625366, 2.0949934764757927e-07, 0.542814314365387, 0.31150174140930176, -0.01082080602645874, 0.5380917191505432, 0.3794119954109192, -0.011260068975389004, 0.5403361320495605, 0.42870551347732544, -0.01132331881672144, 0.5436868667602539, 0.4656647741794586, -0.011079446412622929, 0.5503807067871094, 0.41365697979927063, -0.004786517471075058, 0.5425474047660828, 0.46826547384262085, -0.016768546774983406, 0.5348349809646606, 0.5134472846984863, -0.027639253064990044, 0.52871173620224, 0.5523852109909058, -0.035320721566677094, 0.562387228012085, 0.41558489203453064, -0.006674111820757389, 0.5577390789985657, 0.47372156381607056, -0.018272019922733307, 0.5512706637382507, 0.5237897038459778, -0.029214441776275635, 0.5436486601829529, 0.5731887817382812, -0.03652897849678993, 0.5741481781005859, 0.4143562912940979, -0.01046812441200018, 0.5729950070381165, 0.4741485118865967, -0.02322554774582386, 0.5675188899040222, 0.5221443772315979, -0.032059069722890854, 0.5625753402709961, 0.5655807256698608, -0.03666890040040016, 0.5847775340080261, 0.4081328213214874, -0.015604213811457157, 0.58439701795578, 0.458406001329422, -0.027674587443470955, 0.5829421877861023, 0.49699899554252625, -0.033617351204156876, 0.580436110496521, 0.5299871563911438, -0.03663501515984535]","[0.46413782238960266, 0.1693558543920517, 3.485691308924288e-07, 0.47064682841300964, 0.19583001732826233, -0.024427618831396103, 0.4716407060623169, 0.25541844964027405, -0.03570804372429848, 0.4661846458911896, 0.30800411105155945, -0.04309457913041115, 0.45241355895996094, 0.3407774269580841, -0.05018407106399536, 0.4988391399383545, 0.3274680972099304, -0.020777776837348938, 0.5158879160881042, 0.40309277176856995, -0.03408867120742798, 0.5261058807373047, 0.4557003378868103, -0.045729853212833405, 0.5290534496307373, 0.49683070182800293, -0.05335115268826485, 0.5047756433486938, 0.3369041979312897, -0.014535469934344292, 0.5216023325920105, 0.41882598400115967, -0.026577575132250786, 0.5340659618377686, 0.4789190888404846, -0.039320915937423706, 0.5403761267662048, 0.5332328677177429, -0.0477517768740654, 0.5065035223960876, 0.3431808650493622, -0.010049790143966675, 0.5218583941459656, 0.4208022654056549, -0.019462374970316887, 0.5339922308921814, 0.4770027995109558, -0.029140057042241096, 0.5396813154220581, 0.5243189334869385, -0.03543296456336975, 0.5064702033996582, 0.3423154652118683, -0.007779968902468681, 0.518588662147522, 0.40325602889060974, -0.01306433416903019, 0.5249473452568054, 0.44214391708374023, -0.015764210373163223, 0.5269752740859985, 0.4765661954879761, -0.017486046999692917]"
"[0.5451515316963196, 0.2931193709373474, 3.512242585657077e-07, 0.5608914494514465, 0.350914865732193, -0.018995538353919983, 0.5663942694664001, 0.4293694794178009, -0.022735927253961563, 0.5651159882545471, 0.4953729212284088, -0.023485349491238594, 0.5631246566772461, 0.5483574271202087, -0.02317792922258377, 0.5600693821907043, 0.44867342710494995, -0.0017216152045875788, 0.5540991425514221, 0.5084044337272644, -0.007620138581842184, 0.5421099662780762, 0.5435516834259033, -0.014180689118802547, 0.5298553109169006, 0.5675642490386963, -0.01893926039338112, 0.5424338579177856, 0.4404393434524536, 0.004983870778232813, 0.5287919044494629, 0.4966399073600769, -6.219514762051404e-05, 0.5145029425621033, 0.5323964357376099, -0.010629452764987946, 0.49664610624313354, 0.5583479404449463, -0.01851661503314972, 0.5242621898651123, 0.4238477349281311, 0.008943765424191952, 0.5022518634796143, 0.4773047864437103, -0.0017803130904212594, 0.48141616582870483, 0.5158461928367615, -0.017127161845564842, 0.4570683240890503, 0.5431340932846069, -0.027645742520689964, 0.5076063275337219, 0.4001169502735138, 0.01221509836614132, 0.48031798005104065, 0.418334037065506, -0.0015410190680995584, 0.4571465849876404, 0.4302346110343933, -0.013365893624722958, 0.4332434833049774, 0.4392557442188263, -0.02077612467110157]",[]
"[0.5493096113204956, 0.23621386289596558, 1.119398049809206e-07, 0.5212729573249817, 0.2614052891731262, -0.004324369598180056, 0.5118053555488586, 0.32701021432876587, -0.0023697237484157085, 0.5080544352531433, 0.3804086446762085, -0.0017454976914450526, 0.5058954358100891, 0.4208170175552368, -0.000668593100272119, 0.5213472843170166, 0.38571837544441223, 0.007635716814547777, 0.5123241543769836, 0.4461764991283417, -0.0018181512132287025, 0.5033658146858215, 0.48837172985076904, -0.011682417243719101, 0.49770238995552063, 0.5211754441261292, -0.0181566271930933, 0.532238245010376, 0.39404556155204773, 0.0038197722751647234, 0.5240010619163513, 0.45564213395118713, -0.003754707518965006, 0.5154320001602173, 0.4970886707305908, -0.01127728633582592, 0.5074663758277893, 0.531342625617981, -0.015977492555975914, 0.5414748787879944, 0.4005007743835449, -0.002136886352673173, 0.5338001251220703, 0.462180495262146, -0.010181342251598835, 0.5249302387237549, 0.503876268863678, -0.013324784114956856, 0.517221212387085, 0.535140872001648, -0.01405906118452549, 0.5484775304794312, 0.4018886685371399, -0.009395843371748924, 0.5396254062652588, 0.4564686715602875, -0.0153666315600276, 0.5318130850791931, 0.4946220815181732, -0.015498521737754345, 0.5236399173736572, 0.5229206085205078, -0.014402606524527073]",[]
"[0.537249743938446, 0.21052131056785583, 1.5813866127700749e-07, 0.5052788853645325, 0.23314112424850464, -0.012409256771206856, 0.48932453989982605, 0.29541462659835815, -0.013081332668662071, 0.480925053358078, 0.35034361481666565, -0.013050327077507973, 0.4769303798675537, 0.3926986753940582, -0.011635943315923214, 0.5182609558105469, 0.355918288230896, -0.00285957264713943, 0.5115270614624023, 0.4280049800872803, -0.014492501504719257, 0.49981069564819336, 0.47433874011039734, -0.023651041090488434, 0.49013853073120117, 0.5101091861724854, -0.02896498143672943, 0.52869713306427, 0.3622536361217499, -0.00267309439368546, 0.5215213894844055, 0.4334931969642639, -0.013311038725078106, 0.5086963176727295, 0.4804195463657379, -0.02128344401717186, 0.49512866139411926, 0.5203200578689575, -0.025362297892570496, 0.5356321930885315, 0.3661172688007355, -0.004883316811174154, 0.5288882851600647, 0.4346213638782501, -0.015755953267216682, 0.5160660743713379, 0.48116183280944824, -0.020342448726296425, 0.5027294754981995, 0.5189155340194702, -0.021129870787262917, 0.5400807857513428, 0.3655763268470764, -0.008829600177705288, 0.5331193208694458, 0.4235510528087616, -0.017450062558054924, 0.5233022570610046, 0.46467146277427673, -0.019521072506904602, 0.5112186670303345, 0.4967920184135437, -0.019117889925837517]",[]
"[0.5063604712486267, 0.21288098394870758, 2.0887711116301944e-07, 0.47593826055526733, 0.22373832762241364, -0.0037222078535705805, 0.45477432012557983, 0.2729778289794922, -0.0009452907834202051, 0.4389864206314087, 0.31274333596229553, -0.0004685454478021711, 0.4312816560268402, 0.34820666909217834, 0.0014388009440153837, 0.4799722731113434, 0.35782235860824585, 0.020801661536097527, 0.46512529253959656, 0.4112664461135864, 0.01409053336828947, 0.44780638813972473, 0.4487849175930023, 0.0050524212419986725, 0.4334811866283417, 0.4771098494529724, -0.0006023591849952936, 0.49342888593673706, 0.36989539861679077, 0.015246675349771976, 0.47830644249916077, 0.42749661207199097, 0.011591422371566296, 0.46185430884361267, 0.4671838879585266, 0.0041790613904595375, 0.4435691237449646, 0.5044270157814026, -0.0008830567239783704, 0.5064547657966614, 0.38319456577301025, 0.006430689245462418, 0.49398553371429443, 0.44061389565467834, 0.0015992122935131192, 0.47777172923088074, 0.4819425046443939, -0.0019845368806272745, 0.46059805154800415, 0.5184213519096375, -0.003629655810073018, 0.5165698528289795, 0.39374250173568726, -0.004197964910417795, 0.5037471055984497, 0.44746699929237366, -0.006951302755624056, 0.490787535905838, 0.48485252261161804, -0.005830025766044855, 0.4751693606376648, 0.5155929327011108, -0.004501586314290762]",[]
"[0.5077565908432007, 0.2132767140865326, 1.9245082683028158e-07, 0.4766939878463745, 0.22609499096870422, -0.0010767504572868347, 0.4574603736400604, 0.27599474787712097, 0.0030497831758111715, 0.44305992126464844, 0.31460171937942505, 0.004269425291568041, 0.43589743971824646, 0.3484859764575958, 0.006877738982439041, 0.4837474226951599, 0.36029917001724243, 0.025004882365465164, 0.46934208273887634, 0.4122844636440277, 0.019681649282574654, 0.45224907994270325, 0.44875970482826233, 0.01121820230036974, 0.4385364353656769, 0.47642597556114197, 0.005854107439517975, 0.496402770280838, 0.37161707878112793, 0.018461663275957108, 0.48124784231185913, 0.42844828963279724, 0.01634768210351467, 0.4645571708679199, 0.46728354692459106, 0.009596450254321098, 0.4465610384941101, 0.5034106969833374, 0.004808536730706692, 0.5083274245262146, 0.38437527418136597, 0.008688409812748432, 0.4959070682525635, 0.44153904914855957, 0.0054456815123558044, 0.47977790236473083, 0.48240238428115845, 0.002288960153236985, 0.4630486071109772, 0.517706573009491, 0.0007010551635175943, 0.5169210433959961, 0.39487743377685547, -0.0027940855361521244, 0.504150390625, 0.4483899474143982, -0.004080817103385925, 0.49148762226104736, 0.4856450855731964, -0.0024122155737131834, 0.4765160381793976, 0.5158945322036743, -0.0009204071830026805]",[]
[],"[0.4348689913749695, 0.22696863114833832, 3.0697668762513786e-07, 0.4460549056529999, 0.2578214406967163, -0.019935546442866325, 0.44188037514686584, 0.33293020725250244, -0.027376892045140266, 0.4345063865184784, 0.39828675985336304, -0.031657397747039795, 0.4326936602592468, 0.4491756558418274, -0.03573960065841675, 0.4430960714817047, 0.36184486746788025, -0.02413405105471611, 0.4434458315372467, 0.43035033345222473, -0.043043091893196106, 0.4361468553543091, 0.4842942953109741, -0.056795623153448105, 0.42739346623420715, 0.5273700952529907, -0.06462781876325607, 0.44258245825767517, 0.3647788465023041, -0.02102120779454708, 0.4418201446533203, 0.43571707606315613, -0.03779143840074539, 0.43514254689216614, 0.49294915795326233, -0.049920838326215744, 0.4258303940296173, 0.5433444380760193, -0.05724617838859558, 0.4422927796840668, 0.36372238397598267, -0.019689645618200302, 0.44209253787994385, 0.4330444037914276, -0.03514963388442993, 0.4361863136291504, 0.48525270819664, -0.04335063323378563, 0.4279133379459381, 0.5293091535568237, -0.047166913747787476, 0.4434753954410553, 0.35857412219047546, -0.020008880645036697, 0.4452461302280426, 0.4141169786453247, -0.031809933483600616, 0.44167810678482056, 0.4536358714103699, -0.03634902462363243, 0.4367343485355377, 0.48740294575691223, -0.038412995636463165]"
[],"[0.5528809428215027, 0.32751333713531494, 3.818622644757852e-07, 0.5825464129447937, 0.36642974615097046, -0.02119927853345871, 0.5959234237670898, 0.4296112060546875, -0.03311903774738312, 0.6027604341506958, 0.49297770857810974, -0.04139593988656998, 0.6167421936988831, 0.5466204881668091, -0.049975574016571045, 0.5597013235092163, 0.49946126341819763, -0.02797132544219494, 0.5549861788749695, 0.5723975896835327, -0.042869243770837784, 0.550864577293396, 0.6199478507041931, -0.05315936729311943, 0.5461695790290833, 0.6625168323516846, -0.06048765406012535, 0.5321100354194641, 0.5028358697891235, -0.0264667347073555, 0.5170689821243286, 0.5842926502227783, -0.04117303714156151, 0.5044625997543335, 0.6382142305374146, -0.052968911826610565, 0.4925537407398224, 0.6845211982727051, -0.06151561811566353, 0.5112483501434326, 0.4828466475009918, -0.026159055531024933, 0.48824307322502136, 0.5455639958381653, -0.04382956027984619, 0.4694806933403015, 0.5930847525596619, -0.05511052906513214, 0.45374682545661926, 0.6331825256347656, -0.06209292262792587, 0.49709632992744446, 0.44983378052711487, -0.026347320526838303, 0.486730694770813, 0.49070504307746887, -0.04343153163790703, 0.4799574911594391, 0.5176347494125366, -0.05015411972999573, 0.47580212354660034, 0.5433195233345032, -0.053914979100227356]"
"[0.5471016764640808, 0.25751426815986633, 1.2843548802266014e-07, 0.5235788822174072, 0.29106390476226807, 0.005323988851159811, 0.5057967305183411, 0.35799700021743774, 0.011568770743906498, 0.495282918214798, 0.40863731503486633, 0.014703373424708843, 0.48917022347450256, 0.44779863953590393, 0.018051300197839737, 0.5124950408935547, 0.40232980251312256, 0.01754206046462059, 0.4908856153488159, 0.4534482955932617, 0.01007293350994587, 0.4692729711532593, 0.4854569137096405, 0.002653365721926093, 0.45333731174468994, 0.5041234493255615, -0.0013079827185720205, 0.5181775689125061, 0.4077225923538208, 0.009915092960000038, 0.4959545135498047, 0.4620770812034607, 0.004018785897642374, 0.47601041197776794, 0.49238377809524536, -0.0020951523911207914, 0.45855098962783813, 0.5161229968070984, -0.005207519046962261, 0.5232084393501282, 0.4139205515384674, 0.0006250349106267095, 0.5061923265457153, 0.47309622168540955, -0.004959124606102705, 0.4899938404560089, 0.5075945258140564, -0.007278496865183115, 0.4750840961933136, 0.5333947539329529, -0.007478015962988138, 0.525475263595581, 0.41870513558387756, -0.00922970287501812, 0.5158884525299072, 0.4739803671836853, -0.013272857293486595, 0.5050579309463501, 0.5084719657897949, -0.013127366080880165, 0.4924874007701874, 0.5334486961364746, -0.011912945657968521]",[]
"[0.559773862361908, 0.2336472123861313, 6.702243382505912e-08, 0.5508378148078918, 0.29357001185417175, -0.007773813791573048, 0.5459822416305542, 0.37455660104751587, -0.009446622803807259, 0.544196367263794, 0.43453624844551086, -0.011410112492740154, 0.5427213907241821, 0.4792543649673462, -0.01335767563432455, 0.5449326038360596, 0.37801533937454224, -0.0075427754782140255, 0.5394101142883301, 0.4456709921360016, -0.022554224357008934, 0.5357171297073364, 0.49672019481658936, -0.03420780971646309, 0.5336699485778809, 0.5398549437522888, -0.04173794016242027, 0.5453029870986938, 0.373064249753952, -0.011470014229416847, 0.539204478263855, 0.43874403834342957, -0.0262050312012434, 0.5344889163970947, 0.49107006192207336, -0.037422776222229004, 0.5294749736785889, 0.5398111343383789, -0.044123873114585876, 0.5446518063545227, 0.3674297332763672, -0.01673378422856331, 0.5433831810951233, 0.4383641183376312, -0.030273562297225, 0.541128933429718, 0.4893420338630676, -0.03690803050994873, 0.5377484560012817, 0.5348106622695923, -0.03970009833574295, 0.5422582030296326, 0.35883253812789917, -0.023068364709615707, 0.5441378951072693, 0.419339120388031, -0.03331281244754791, 0.5436232089996338, 0.4616667628288269, -0.03639030084013939, 0.5403932929039001, 0.49718397855758667, -0.03748435154557228]",[]
[],"[0.4399300217628479, 0.20445957779884338, 1.359569523629034e-07, 0.45135998725891113, 0.2703271806240082, -0.004804053343832493, 0.45286765694618225, 0.3516797423362732, -0.009354079142212868, 0.4516986906528473, 0.41634249687194824, -0.014534291811287403, 0.45642244815826416, 0.46858787536621094, -0.020243266597390175, 0.44604238867759705, 0.37148475646972656, -0.012133658863604069, 0.45554977655410767, 0.4423869252204895, -0.032766278833150864, 0.4677944779396057, 0.5003029108047485, -0.04935675114393234, 0.4795873761177063, 0.5485948920249939, -0.06069500744342804, 0.44423848390579224, 0.36436691880226135, -0.019914371892809868, 0.4470398724079132, 0.43669167160987854, -0.03870605677366257, 0.45034778118133545, 0.49742621183395386, -0.05233817920088768, 0.4512614905834198, 0.5532770752906799, -0.061731353402137756, 0.44433537125587463, 0.34965619444847107, -0.028680460527539253, 0.4487560987472534, 0.42359480261802673, -0.04654582589864731, 0.44882431626319885, 0.4780876040458679, -0.05227579176425934, 0.44600561261177063, 0.5260339975357056, -0.054852597415447235, 0.4466736316680908, 0.32908329367637634, -0.037985920906066895, 0.44863876700401306, 0.38643208146095276, -0.05208977311849594, 0.44731709361076355, 0.4284055829048157, -0.054274361580610275, 0.44371169805526733, 0.46623265743255615, -0.05469859763979912]"
"[0.5092061758041382, 0.2118893265724182, 2.1468831334914285e-07, 0.481773316860199, 0.2295721471309662, -0.005085267126560211, 0.4619574546813965, 0.2908070683479309, -0.0031942359637469053, 0.4481184184551239, 0.3415715992450714, -0.0024144279304891825, 0.4425467848777771, 0.38248690962791443, -0.0010251343483105302, 0.47870934009552, 0.34716323018074036, 0.006789629813283682, 0.4624769687652588, 0.40457990765571594, -0.00384366512298584, 0.44535383582115173, 0.4488515555858612, -0.013540895655751228, 0.43146106600761414, 0.48339664936065674, -0.01965000480413437, 0.48844510316848755, 0.35496312379837036, 0.002177442889660597, 0.46987003087997437, 0.4119705259799957, -0.007293449714779854, 0.45338863134384155, 0.45430266857147217, -0.016293399035930634, 0.4361903667449951, 0.4975072145462036, -0.021519577130675316, 0.4972018897533417, 0.3635703921318054, -0.004567012190818787, 0.4822853207588196, 0.41799646615982056, -0.01465390995144844, 0.4666098654270172, 0.4594154953956604, -0.019079813733696938, 0.45128390192985535, 0.49963438510894775, -0.020513853058218956, 0.5039463639259338, 0.3694192171096802, -0.012691032141447067, 0.4914381802082062, 0.4172455072402954, -0.020313207060098648, 0.4790927767753601, 0.45044004917144775, -0.020923053845763206, 0.4645683765411377, 0.48040571808815, -0.020183533430099487]",[]
[],"[0.44012799859046936, 0.20966112613677979, 2.053488685760385e-07, 0.4566440284252167, 0.25872302055358887, -0.010806146077811718, 0.4516271650791168, 0.336760014295578, -0.014817437157034874, 0.44381439685821533, 0.40085071325302124, -0.018651481717824936, 0.44184166193008423, 0.4520929753780365, -0.022652817890048027, 0.43835264444351196, 0.3577329218387604, -0.009448115713894367, 0.43102434277534485, 0.4257671535015106, -0.02583497017621994, 0.43020331859588623, 0.4829377233982086, -0.039229463785886765, 0.4315619170665741, 0.5305615067481995, -0.048288632184267044, 0.435874342918396, 0.3579671382904053, -0.012606427073478699, 0.4294072091579437, 0.42970964312553406, -0.026796454563736916, 0.4300665855407715, 0.48886147141456604, -0.037908345460891724, 0.430733323097229, 0.5426144599914551, -0.0455729179084301, 0.43528011441230774, 0.3529817461967468, -0.017555641010403633, 0.4304494559764862, 0.42345765233039856, -0.03062320128083229, 0.4315701127052307, 0.47771039605140686, -0.03572246432304382, 0.4326281249523163, 0.5240219235420227, -0.03818490356206894, 0.43731972575187683, 0.34376776218414307, -0.024037878960371017, 0.43433821201324463, 0.4027262032032013, -0.03381604328751564, 0.43250572681427, 0.4443393349647522, -0.035759568214416504, 0.4313157796859741, 0.4798358976840973, -0.03646983578801155]"
[],"[0.4385991394519806, 0.21242952346801758, 1.7880083191812446e-07, 0.45444005727767944, 0.2590051293373108, -0.008739480748772621, 0.4507887661457062, 0.33548855781555176, -0.011984157375991344, 0.4437777101993561, 0.39782363176345825, -0.015259336680173874, 0.44191232323646545, 0.44755005836486816, -0.01874639466404915, 0.4363356828689575, 0.3588147759437561, -0.008235800080001354, 0.4294357895851135, 0.42784783244132996, -0.02333531156182289, 0.4297943115234375, 0.48410260677337646, -0.035500481724739075, 0.4323267638683319, 0.529548704624176, -0.04366537928581238, 0.4342539310455322, 0.3599456548690796, -0.011955758556723595, 0.42825010418891907, 0.4329477846622467, -0.0249768253415823, 0.42966940999031067, 0.4904136657714844, -0.03499805927276611, 0.4314775764942169, 0.5413174629211426, -0.04185022786259651, 0.43425452709198, 0.3553464412689209, -0.01723317801952362, 0.4300096035003662, 0.4269806444644928, -0.029155420139431953, 0.4317762851715088, 0.47958725690841675, -0.03370434790849686, 0.43354541063308716, 0.524000346660614, -0.03593963012099266, 0.4371960163116455, 0.3460003435611725, -0.02378757856786251, 0.4346475303173065, 0.4047812223434448, -0.032646626234054565, 0.4332396984100342, 0.4449935555458069, -0.03413267806172371, 0.4325442910194397, 0.4789242744445801, -0.03457426279783249]"
"[0.43702057003974915, 0.20471307635307312, 4.088728644546791e-07, 0.43411585688591003, 0.24912074208259583, -0.028116025030612946, 0.434282511472702, 0.33597567677497864, -0.030906258150935173, 0.43790286779403687, 0.4077753722667694, -0.028129253536462784, 0.43978703022003174, 0.4606572985649109, -0.024129057303071022, 0.45595452189445496, 0.37611672282218933, -0.0060416474007070065, 0.4525897800922394, 0.4463864862918854, -0.01321378629654646, 0.4392178952693939, 0.4919906258583069, -0.022999845445156097, 0.4241984784603119, 0.5260729193687439, -0.028866814449429512, 0.46197113394737244, 0.37370580434799194, 0.007335004396736622, 0.45830225944519043, 0.44528496265411377, 0.0029559291433542967, 0.4474014639854431, 0.4959990680217743, -0.008947828784584999, 0.4321169853210449, 0.5386768579483032, -0.017127513885498047, 0.46583643555641174, 0.36774033308029175, 0.017578762024641037, 0.4630715847015381, 0.43465059995651245, 0.012962195090949535, 0.4537721574306488, 0.4858473241329193, 0.002230388345196843, 0.4401003420352936, 0.5267958641052246, -0.004884219728410244, 0.4709051251411438, 0.3578217327594757, 0.025265531614422798, 0.472531259059906, 0.4159695506095886, 0.021246718242764473, 0.4691791832447052, 0.45467036962509155, 0.016485270112752914, 0.46153724193573, 0.48710882663726807, 0.01364634744822979]",[]
[],"[0.5652550458908081, 0.33499372005462646, 4.6560575128751225e-07, 0.5895404815673828, 0.3740742802619934, -0.01604635827243328, 0.601590633392334, 0.437227725982666, -0.024793129414319992, 0.6061605215072632, 0.497346967458725, -0.03182969614863396, 0.6175925731658936, 0.5474317073822021, -0.039000269025564194, 0.5716594457626343, 0.49939924478530884, -0.018756724894046783, 0.5616898536682129, 0.5722237825393677, -0.03303205966949463, 0.5548323392868042, 0.6194109320640564, -0.043366048485040665, 0.548629879951477, 0.6604411602020264, -0.050415195524692535, 0.551849365234375, 0.497314453125, -0.019348956644535065, 0.5275616645812988, 0.5797566771507263, -0.031560927629470825, 0.5113826990127563, 0.639965295791626, -0.04088495299220085, 0.4968476891517639, 0.6896449327468872, -0.047333575785160065, 0.5385435819625854, 0.47828033566474915, -0.021775178611278534, 0.5240876078605652, 0.5350778698921204, -0.03547656908631325, 0.5151885151863098, 0.5711793303489685, -0.04283039644360542, 0.505368173122406, 0.604000449180603, -0.047022495418787, 0.5296394228935242, 0.4497571885585785, -0.025281691923737526, 0.5184862613677979, 0.482709676027298, -0.03931165486574173, 0.5103957653045654, 0.5028508901596069, -0.0439252033829689, 0.5038281679153442, 0.523147702217102, -0.046001091599464417]"
[],"[0.4559054374694824, 0.15572454035282135, 2.3712931351838051e-07, 0.4668673872947693, 0.20669184625148773, -0.010609043762087822, 0.4663551449775696, 0.2925649583339691, -0.0167459137737751, 0.4636947810649872, 0.364292711019516, -0.021960683166980743, 0.46281588077545166, 0.41963252425193787, -0.027325991541147232, 0.4608335494995117, 0.3035656809806824, -0.014517949894070625, 0.4673181474208832, 0.37757909297943115, -0.032823871821165085, 0.4667299687862396, 0.43665415048599243, -0.04671869054436684, 0.4633549451828003, 0.4842824339866638, -0.05494662746787071, 0.4621141254901886, 0.3020417094230652, -0.017685377970337868, 0.471790611743927, 0.38059142231941223, -0.03263070061802864, 0.4746522307395935, 0.446969598531723, -0.04373440518975258, 0.4737527370452881, 0.5066654086112976, -0.050978388637304306, 0.46548494696617126, 0.2971259653568268, -0.02221030741930008, 0.4768640697002411, 0.3763801157474518, -0.035486675798892975, 0.47972819209098816, 0.44031891226768494, -0.04071294143795967, 0.4784339368343353, 0.4945930242538452, -0.04289204999804497, 0.47123467922210693, 0.2889637053012848, -0.027904467657208443, 0.481366902589798, 0.3556237816810608, -0.03752501308917999, 0.48324060440063477, 0.4056466817855835, -0.039018236100673676, 0.4825889766216278, 0.4484371840953827, -0.039194345474243164]"
[],"[0.4792124629020691, 0.1490354686975479, 4.2817546841433796e-07, 0.4784349799156189, 0.19562387466430664, -0.02472068928182125, 0.4784139394760132, 0.27034151554107666, -0.03360512852668762, 0.48160043358802795, 0.3303784430027008, -0.03856729343533516, 0.4792052209377289, 0.37197086215019226, -0.04345220327377319, 0.5082276463508606, 0.3198795020580292, -0.016316179186105728, 0.5150629878044128, 0.39700114727020264, -0.031284112483263016, 0.5179805755615234, 0.4528491199016571, -0.04496078938245773, 0.5165961980819702, 0.49566754698753357, -0.0532083623111248, 0.5151082873344421, 0.3185478150844574, -0.008916924707591534, 0.5222461223602295, 0.3975502550601959, -0.02194630540907383, 0.527910590171814, 0.45679357647895813, -0.03680034354329109, 0.5299200415611267, 0.5126723051071167, -0.046588215976953506, 0.5182749629020691, 0.3166133165359497, -0.003708213334903121, 0.5272619724273682, 0.39130717515945435, -0.014799961820244789, 0.5339076519012451, 0.44819802045822144, -0.025457942858338356, 0.5346238613128662, 0.4964876174926758, -0.031852032989263535, 0.5197957754135132, 0.31083381175994873, -0.0008299932815134525, 0.5308353900909424, 0.37262263894081116, -0.008211352862417698, 0.536755383014679, 0.41532251238822937, -0.012265096418559551, 0.5384031534194946, 0.4522517919540405, -0.014482017606496811]"
[],"[0.46254757046699524, 0.12078957259654999, 3.966336237226642e-07, 0.4703530967235565, 0.15883572399616241, -0.04253693297505379, 0.4774244427680969, 0.23838067054748535, -0.05406167730689049, 0.48956528306007385, 0.3121453523635864, -0.056215301156044006, 0.49846500158309937, 0.3747360408306122, -0.05692915990948677, 0.49697935581207275, 0.3144305348396301, -0.02576584741473198, 0.515616238117218, 0.4019334018230438, -0.03522342070937157, 0.5312121510505676, 0.4601365923881531, -0.04620761051774025, 0.5412895679473877, 0.506734311580658, -0.05383826047182083, 0.49947354197502136, 0.32234859466552734, -0.00500299921259284, 0.518143355846405, 0.40754345059394836, -0.01189548522233963, 0.5316502451896667, 0.47044020891189575, -0.02362685278058052, 0.5404870510101318, 0.5237271189689636, -0.032392147928476334, 0.500246524810791, 0.32200247049331665, 0.012251398526132107, 0.518268883228302, 0.4052252769470215, 0.005293064285069704, 0.5302025675773621, 0.45957183837890625, -0.004637748934328556, 0.536998987197876, 0.5079452991485596, -0.011619786731898785, 0.5038167834281921, 0.31517887115478516, 0.026038089767098427, 0.518954873085022, 0.3806488811969757, 0.019823892042040825, 0.5269398093223572, 0.423120379447937, 0.014190551824867725, 0.5313335657119751, 0.461841344833374, 0.010442733764648438]"
[],"[0.4624062180519104, 0.11975856125354767, 4.0782268229122565e-07, 0.47123298048973083, 0.16027213633060455, -0.04592415317893028, 0.4770370423793793, 0.23853658139705658, -0.058316200971603394, 0.4871430993080139, 0.31288665533065796, -0.06064344570040703, 0.4959336519241333, 0.3750198185443878, -0.0615127831697464, 0.4972825348377228, 0.31530651450157166, -0.02817215584218502, 0.5173447132110596, 0.4038623869419098, -0.03721355274319649, 0.5352922677993774, 0.4629514217376709, -0.047982800751924515, 0.5475375056266785, 0.5098094940185547, -0.05570339411497116, 0.49974995851516724, 0.32234641909599304, -0.005483031738549471, 0.5204440355300903, 0.40771180391311646, -0.012449165806174278, 0.5362433195114136, 0.4696851670742035, -0.024485023692250252, 0.5467267036437988, 0.5204410552978516, -0.03346967324614525, 0.5003594756126404, 0.3195483088493347, 0.013561971485614777, 0.520449161529541, 0.402635395526886, 0.006145050749182701, 0.5353409647941589, 0.4552967846393585, -0.0043501779437065125, 0.5442167520523071, 0.5017180442810059, -0.011637081392109394, 0.5035057663917542, 0.31037676334381104, 0.028960546478629112, 0.5208743214607239, 0.37243396043777466, 0.022024966776371002, 0.5314648151397705, 0.4113021492958069, 0.015981560572981834, 0.5379588007926941, 0.44704440236091614, 0.012113410048186779]"
"[0.44633814692497253, 0.12265302240848541, 2.543298194268573e-07, 0.469547837972641, 0.17284958064556122, -0.025341227650642395, 0.476906418800354, 0.26318350434303284, -0.030696265399456024, 0.4840015769004822, 0.34769922494888306, -0.032157279551029205, 0.49376171827316284, 0.4168078899383545, -0.0324980691075325, 0.47311824560165405, 0.3122813105583191, -0.0009562892373651266, 0.49127253890037537, 0.3992618918418884, -0.009872721508145332, 0.5069124698638916, 0.4537425935268402, -0.020794890820980072, 0.5179632902145386, 0.49450090527534485, -0.02817394770681858, 0.47261562943458557, 0.3157748579978943, 0.008379241451621056, 0.4921615719795227, 0.4016586244106293, 0.002044555265456438, 0.511735200881958, 0.4629169702529907, -0.010801365599036217, 0.5254396200180054, 0.5126848220825195, -0.020280417054891586, 0.47376465797424316, 0.31358763575553894, 0.014243386685848236, 0.4903082549571991, 0.3950137794017792, 0.008459490723907948, 0.5080314874649048, 0.449470579624176, 0.001131877419538796, 0.5200144052505493, 0.49510499835014343, -0.003993082791566849, 0.4787943661212921, 0.3061150312423706, 0.01744147017598152, 0.49244925379753113, 0.3722727298736572, 0.014638110063970089, 0.5008761286735535, 0.41351568698883057, 0.013470809906721115, 0.5067226886749268, 0.4494534134864807, 0.012758771888911724]",[]
[],"[0.4460625648498535, 0.20114277303218842, 9.129514033645592e-09, 0.4656323492527008, 0.2501615583896637, -0.0023864845279604197, 0.4672742486000061, 0.31595897674560547, -0.005772312171757221, 0.4663558006286621, 0.368782639503479, -0.011014752089977264, 0.46878039836883545, 0.41265252232551575, -0.01703970693051815, 0.45613980293273926, 0.344534695148468, -0.006084672175347805, 0.45612749457359314, 0.41329818964004517, -0.02120283991098404, 0.46172720193862915, 0.45938172936439514, -0.03341057524085045, 0.4678402841091156, 0.49538618326187134, -0.04167011380195618, 0.4518846273422241, 0.3461434841156006, -0.01355225220322609, 0.45033952593803406, 0.41595926880836487, -0.028030525892972946, 0.4578869044780731, 0.4662306606769562, -0.03896980360150337, 0.46555328369140625, 0.5074228048324585, -0.046539753675460815, 0.447834312915802, 0.3397284746170044, -0.022003183141350746, 0.4459607005119324, 0.40910476446151733, -0.03568367287516594, 0.45284703373908997, 0.4560014307498932, -0.04275665059685707, 0.4598579406738281, 0.4933363199234009, -0.04697990044951439, 0.4448956549167633, 0.32645750045776367, -0.03073882684111595, 0.44221195578575134, 0.37968000769615173, -0.04187137261033058, 0.4447169899940491, 0.41623783111572266, -0.045383188873529434, 0.4486203193664551, 0.44699105620384216, -0.047299135476350784]"
"[0.5192908048629761, 0.1941244900226593, 2.4531064468646946e-07, 0.49356409907341003, 0.229142963886261, -0.0037052163388580084, 0.47352176904678345, 0.30098602175712585, -0.0019987807609140873, 0.461119145154953, 0.35823947191238403, -0.001963926013559103, 0.4560869336128235, 0.40373748540878296, -0.0016270607011392713, 0.4892567992210388, 0.36067408323287964, 0.007669048383831978, 0.4741821885108948, 0.42982128262519836, -0.005192529875785112, 0.4544641077518463, 0.47840023040771484, -0.016621466726064682, 0.43741902709007263, 0.5141857266426086, -0.023370325565338135, 0.49999189376831055, 0.36446040868759155, 0.0013424322241917253, 0.4803604781627655, 0.4345269203186035, -0.00959587562829256, 0.4600665271282196, 0.48119181394577026, -0.019489828497171402, 0.4389664828777313, 0.5238975286483765, -0.02504066377878189, 0.5096582174301147, 0.36810874938964844, -0.007352530490607023, 0.4942774474620819, 0.436931312084198, -0.018280383199453354, 0.4761507511138916, 0.48601919412612915, -0.02304409258067608, 0.45785287022590637, 0.5279206037521362, -0.024506326764822006, 0.5174146890640259, 0.36751407384872437, -0.01743825152516365, 0.5059862732887268, 0.4264991879463196, -0.02522297017276287, 0.4921184182167053, 0.4667736887931824, -0.026010988280177116, 0.4760817587375641, 0.499922513961792, -0.02534918114542961]",[]
"[0.518464207649231, 0.21733315289020538, 1.4746368037776847e-07, 0.4876568913459778, 0.2540775537490845, 0.0059843664057552814, 0.4753381907939911, 0.31831979751586914, 0.01083791721612215, 0.46835869550704956, 0.3684176206588745, 0.011774278245866299, 0.46382275223731995, 0.4073265790939331, 0.012992214411497116, 0.501033365726471, 0.3728804886341095, 0.01915683224797249, 0.48259034752845764, 0.4355889856815338, 0.0106270806863904, 0.46484342217445374, 0.48052212595939636, 0.0014530571643263102, 0.4517648220062256, 0.5125218033790588, -0.004588307812809944, 0.5092275142669678, 0.37883132696151733, 0.009158050641417503, 0.4883553981781006, 0.4441233277320862, 0.001526950509287417, 0.468008428812027, 0.48821690678596497, -0.006897713057696819, 0.44882938265800476, 0.5280722379684448, -0.012241806834936142, 0.511486828327179, 0.38260993361473083, -0.002738791750743985, 0.49372953176498413, 0.44882240891456604, -0.010747546330094337, 0.4746926724910736, 0.4890221953392029, -0.015696952119469643, 0.45732980966567993, 0.521056592464447, -0.017952021211385727, 0.5058422088623047, 0.3819810152053833, -0.015153486281633377, 0.4927298426628113, 0.4340977966785431, -0.020251378417015076, 0.47923874855041504, 0.46648210287094116, -0.020468784496188164, 0.46559053659439087, 0.4906892776489258, -0.020021427422761917]",[]
"[0.5187913179397583, 0.21544060111045837, 1.2154630724126037e-07, 0.4894576370716095, 0.2520754337310791, 0.0035644695162773132, 0.4775030016899109, 0.31808316707611084, 0.007253265008330345, 0.47181758284568787, 0.3714521527290344, 0.007756836712360382, 0.4682460129261017, 0.41167590022087097, 0.0085748927667737, 0.49807578325271606, 0.3729911148548126, 0.014365574344992638, 0.48087093234062195, 0.4362506568431854, 0.004612363874912262, 0.4671080410480499, 0.4818475544452667, -0.005122920498251915, 0.4582309424877167, 0.515218198299408, -0.011534544639289379, 0.5067182779312134, 0.378542959690094, 0.00555369583889842, 0.48695844411849976, 0.44410842657089233, -0.0032770975958555937, 0.47035908699035645, 0.48888713121414185, -0.01191429141908884, 0.4551495313644409, 0.5289510488510132, -0.01736321672797203, 0.5103606581687927, 0.3817967474460602, -0.0051190294325351715, 0.49255606532096863, 0.44812366366386414, -0.014288045465946198, 0.4767507016658783, 0.48979324102401733, -0.019655752927064896, 0.46269491314888, 0.5231648683547974, -0.022137759253382683, 0.5069179534912109, 0.3803049325942993, -0.016359293833374977, 0.49282553791999817, 0.4318288266658783, -0.022754356265068054, 0.4805411100387573, 0.46487748622894287, -0.023702261969447136, 0.4687071144580841, 0.48995375633239746, -0.023611539974808693]",[]
[],"[0.44363856315612793, 0.21342863142490387, 2.8934334750374546e-07, 0.4441976249217987, 0.2574753761291504, -0.01328976359218359, 0.4353112578392029, 0.33303558826446533, -0.01782398857176304, 0.4243996739387512, 0.3931322395801544, -0.02093103900551796, 0.4123360514640808, 0.43481454253196716, -0.02388310432434082, 0.4400588870048523, 0.36625033617019653, -0.01185047347098589, 0.4403514862060547, 0.4340935945510864, -0.02569790743291378, 0.43900251388549805, 0.488626092672348, -0.03722750023007393, 0.4364373981952667, 0.5342170000076294, -0.04480293393135071, 0.4448716640472412, 0.36578506231307983, -0.011790133081376553, 0.4421967566013336, 0.43607646226882935, -0.024088703095912933, 0.43815821409225464, 0.4927878975868225, -0.03473939001560211, 0.432443767786026, 0.5441269874572754, -0.04187736660242081, 0.4512019157409668, 0.36044007539749146, -0.013181645423173904, 0.44830605387687683, 0.4285929203033447, -0.02449425868690014, 0.4467981159687042, 0.4805755317211151, -0.030589692294597626, 0.4438639283180237, 0.524081289768219, -0.033773478120565414, 0.4602603316307068, 0.351281076669693, -0.016052305698394775, 0.45956820249557495, 0.4085865318775177, -0.02461712807416916, 0.45688238739967346, 0.4484160244464874, -0.027400363236665726, 0.4540160298347473, 0.48267173767089844, -0.028651336207985878]"
[],"[0.4886900782585144, 0.32620787620544434, 3.183195076417178e-07, 0.47968459129333496, 0.39954572916030884, 0.006852603517472744, 0.47367188334465027, 0.47279831767082214, 0.0018293408211320639, 0.46927034854888916, 0.5279656648635864, -0.005063940770924091, 0.463840126991272, 0.5735254287719727, -0.013559435494244099, 0.4723943769931793, 0.47928667068481445, -0.023838665336370468, 0.46250519156455994, 0.5442599058151245, -0.043503470718860626, 0.44951727986335754, 0.5738877058029175, -0.05451461672782898, 0.4365990459918976, 0.5948482155799866, -0.061734337359666824, 0.47833529114723206, 0.4636608362197876, -0.04009641334414482, 0.4881395697593689, 0.5559285879135132, -0.062210701406002045, 0.49848324060440063, 0.6171320676803589, -0.07714776694774628, 0.5090261697769165, 0.6609421968460083, -0.08758419752120972, 0.48460081219673157, 0.42835381627082825, -0.05428953468799591, 0.4927724003791809, 0.5017978549003601, -0.07603208720684052, 0.5051627159118652, 0.5551595091819763, -0.08932877331972122, 0.5172304511070251, 0.6015233397483826, -0.09874478727579117, 0.4910496175289154, 0.3848528563976288, -0.06636928766965866, 0.4901594817638397, 0.40688556432724, -0.08708107471466064, 0.4918491840362549, 0.4339645802974701, -0.09630301594734192, 0.4962131977081299, 0.46423181891441345, -0.10283598303794861]"
[],"[0.5531021952629089, 0.33826693892478943, 4.660927288568928e-07, 0.5844637751579285, 0.3746304512023926, -0.021549027413129807, 0.5997293591499329, 0.4366631507873535, -0.035729434341192245, 0.6081446409225464, 0.4984670579433441, -0.045759301632642746, 0.6219850778579712, 0.548050582408905, -0.05626457557082176, 0.5684648156166077, 0.49166396260261536, -0.04265167564153671, 0.5612127780914307, 0.5703766942024231, -0.06148253008723259, 0.5555621385574341, 0.6157389879226685, -0.07233023643493652, 0.549244225025177, 0.6568864583969116, -0.07953941822052002, 0.5421043634414673, 0.48985812067985535, -0.039570096880197525, 0.5229865908622742, 0.5772619843482971, -0.05823252350091934, 0.5085567235946655, 0.6347376108169556, -0.06805919855833054, 0.4946553409099579, 0.6807049512863159, -0.07465270161628723, 0.5220319628715515, 0.4691539704799652, -0.0367535762488842, 0.5048555135726929, 0.5265793800354004, -0.0541650727391243, 0.4971587657928467, 0.5563681125640869, -0.0598079189658165, 0.48802900314331055, 0.5790839791297913, -0.062354233115911484, 0.5068289637565613, 0.44054609537124634, -0.03470601886510849, 0.4944741129875183, 0.47510072588920593, -0.05060258135199547, 0.4894231855869293, 0.49258604645729065, -0.054837461560964584, 0.4853387773036957, 0.5084547996520996, -0.056368399411439896]"
[],"[0.4421667158603668, 0.14912410080432892, 2.2551792255853798e-07, 0.45632317662239075, 0.18399272859096527, -0.006162397097796202, 0.451143741607666, 0.24532882869243622, -0.012905714102089405, 0.4391399621963501, 0.2891935110092163, -0.02043267898261547, 0.4242742359638214, 0.31991279125213623, -0.02806033194065094, 0.4534468352794647, 0.30399423837661743, -0.008846433833241463, 0.46242085099220276, 0.37689900398254395, -0.02473483420908451, 0.46073439717292786, 0.4262678027153015, -0.0377311147749424, 0.4540809988975525, 0.4667472243309021, -0.045719631016254425, 0.4527437686920166, 0.31071996688842773, -0.014673423953354359, 0.4630080759525299, 0.39013493061065674, -0.029029738157987595, 0.4621710777282715, 0.4536018967628479, -0.04089459776878357, 0.4564918279647827, 0.5099926590919495, -0.048552773892879486, 0.4550747275352478, 0.31080272793769836, -0.02160356380045414, 0.4660481810569763, 0.39051422476768494, -0.034266408532857895, 0.46689513325691223, 0.4432676434516907, -0.04154219105839729, 0.4626903235912323, 0.4843499958515167, -0.04509016498923302, 0.46112340688705444, 0.3067035973072052, -0.029327262192964554, 0.4711211621761322, 0.3717491626739502, -0.036566849797964096, 0.47256603837013245, 0.4135257601737976, -0.03769238293170929, 0.4709605574607849, 0.447687566280365, -0.037871088832616806]"
"[0.5586143136024475, 0.2628834843635559, 1.2192974452318595e-07, 0.5370818376541138, 0.3002881109714508, -0.013951068744063377, 0.5249461531639099, 0.36354684829711914, -0.021180380135774612, 0.5138247013092041, 0.41351354122161865, -0.026919681578874588, 0.5012597441673279, 0.447260320186615, -0.032719049602746964, 0.5470320582389832, 0.4044947326183319, -0.02167796902358532, 0.5436503887176514, 0.4735621213912964, -0.03933737799525261, 0.5398011803627014, 0.5204967856407166, -0.052140239626169205, 0.5375866889953613, 0.5586280226707458, -0.060115862637758255, 0.5505685210227966, 0.4084245264530182, -0.022486301138997078, 0.5425822734832764, 0.47733598947525024, -0.03932889178395271, 0.5368491411209106, 0.52652508020401, -0.050603002309799194, 0.5323730111122131, 0.568371593952179, -0.057413890957832336, 0.5523548722267151, 0.4076016843318939, -0.024454394355416298, 0.5489293932914734, 0.47563955187797546, -0.04017634317278862, 0.5438079833984375, 0.5237500667572021, -0.04761751741170883, 0.5402172207832336, 0.5615912079811096, -0.05093033239245415, 0.553558349609375, 0.4005829691886902, -0.027522971853613853, 0.5513439774513245, 0.456648051738739, -0.03944195434451103, 0.5494518876075745, 0.4972051978111267, -0.04307480528950691, 0.5470864176750183, 0.5288686752319336, -0.044413886964321136]","[0.5060011744499207, 0.20206230878829956, 4.1037776554730954e-07, 0.4993762969970703, 0.2596855163574219, -0.006352538242936134, 0.49643898010253906, 0.3321141004562378, -0.009638379327952862, 0.4979097843170166, 0.393144428730011, -0.013596909120678902, 0.504252552986145, 0.44276925921440125, -0.01775517500936985, 0.5183112025260925, 0.3751749098300934, -0.0013668910833075643, 0.5231764316558838, 0.4560770094394684, -0.015727724879980087, 0.5281363129615784, 0.5194059610366821, -0.028757506981492043, 0.530837893486023, 0.573325514793396, -0.03700932115316391, 0.5249752402305603, 0.3779876232147217, -0.006123663857579231, 0.529665470123291, 0.460414320230484, -0.01916426420211792, 0.5318232774734497, 0.5254223346710205, -0.032717570662498474, 0.5318337678909302, 0.5837382078170776, -0.04150291904807091, 0.5304434895515442, 0.3797774612903595, -0.011989091522991657, 0.5372059941291809, 0.4597037434577942, -0.023922419175505638, 0.5398521423339844, 0.5206454396247864, -0.032232291996479034, 0.5402330160140991, 0.5698089003562927, -0.03644198924303055, 0.5323492288589478, 0.3777977228164673, -0.018905794247984886, 0.5393902659416199, 0.44527947902679443, -0.02756209298968315, 0.5419955849647522, 0.49469056725502014, -0.030322320759296417, 0.5414724946022034, 0.537023663520813, -0.03113410994410515]"
[],"[0.4520377218723297, 0.11878444254398346, 5.407281378211337e-07, 0.46718767285346985, 0.16060680150985718, -0.05486186593770981, 0.47828251123428345, 0.2434380203485489, -0.06824443489313126, 0.4920801520347595, 0.3219248354434967, -0.06995689123868942, 0.5093399286270142, 0.39190706610679626, -0.06983962655067444, 0.4972544014453888, 0.3301794230937958, -0.02567226253449917, 0.5124757885932922, 0.4326559007167816, -0.029684778302907944, 0.5255302786827087, 0.49920567870140076, -0.038748446851968765, 0.5352407693862915, 0.5502534508705139, -0.04606947302818298, 0.49619799852371216, 0.33199092745780945, 0.002298359526321292, 0.512582540512085, 0.4279208779335022, 0.0009337211376987398, 0.5245694518089294, 0.49707186222076416, -0.011245254427194595, 0.5314298272132874, 0.5476884841918945, -0.021001353859901428, 0.49454161524772644, 0.3253316283226013, 0.02549712546169758, 0.5131714940071106, 0.4145626425743103, 0.02424033172428608, 0.5255393385887146, 0.47280585765838623, 0.012544362805783749, 0.5325958132743835, 0.5223861336708069, 0.002922910498455167, 0.4948278069496155, 0.3123047649860382, 0.043920502066612244, 0.5091635584831238, 0.37730443477630615, 0.04157552868127823, 0.5174226760864258, 0.4170357584953308, 0.03517892211675644, 0.5213959813117981, 0.452713280916214, 0.02996755950152874]"
[],"[0.4506867229938507, 0.11985571682453156, 5.634886406369333e-07, 0.4662535786628723, 0.1606161892414093, -0.057735625654459, 0.47872841358184814, 0.24199415743350983, -0.07283355295658112, 0.4927770495414734, 0.3206486701965332, -0.07574975490570068, 0.5100904107093811, 0.3929089605808258, -0.07687121629714966, 0.5012754797935486, 0.329115629196167, -0.02840629406273365, 0.5172330141067505, 0.4315583109855652, -0.032700467854738235, 0.5301240086555481, 0.4974643588066101, -0.04222332686185837, 0.5395665764808655, 0.5487931966781616, -0.05002007260918617, 0.498508483171463, 0.33235397934913635, 0.0008625961490906775, 0.5154945850372314, 0.42815133929252625, -0.0010351226665079594, 0.5269346237182617, 0.4971303641796112, -0.01414396520704031, 0.5330765843391418, 0.5478727221488953, -0.024799246340990067, 0.49504026770591736, 0.32732945680618286, 0.025243422016501427, 0.5134450793266296, 0.4175392985343933, 0.02344360761344433, 0.5242726802825928, 0.4758532643318176, 0.010934527963399887, 0.5298277139663696, 0.5254696607589722, 0.0005776352481916547, 0.4933718740940094, 0.3162388205528259, 0.04470717906951904, 0.5068431496620178, 0.3841390609741211, 0.04210468754172325, 0.5134076476097107, 0.42569848895072937, 0.035246752202510834, 0.5156040191650391, 0.4625532031059265, 0.029463650658726692]"
[],"[0.449398398399353, 0.13902558386325836, 4.0723421079746913e-07, 0.4648277759552002, 0.18551191687583923, -0.038070060312747955, 0.47689035534858704, 0.27401024103164673, -0.04402367025613785, 0.4919906556606293, 0.3533826172351837, -0.04245851933956146, 0.5062869191169739, 0.4203260838985443, -0.03945155814290047, 0.4973672330379486, 0.3283495008945465, -0.005640092771500349, 0.5148842334747314, 0.41231006383895874, -0.008951188065111637, 0.5309985876083374, 0.4661366641521454, -0.01741921529173851, 0.5427416563034058, 0.5086562633514404, -0.02387297712266445, 0.4960886836051941, 0.32813337445259094, 0.013930074870586395, 0.5136486887931824, 0.4065377116203308, 0.012837730348110199, 0.5300307869911194, 0.4655936360359192, 0.0005046177539043128, 0.540535032749176, 0.515370786190033, -0.009359020739793777, 0.49282756447792053, 0.3232545852661133, 0.029347693547606468, 0.5089755058288574, 0.39868855476379395, 0.027582714334130287, 0.5220450162887573, 0.4491913616657257, 0.01780709996819496, 0.5288901925086975, 0.4947139322757721, 0.010250640101730824, 0.491329163312912, 0.314805269241333, 0.04115748777985573, 0.5049015879631042, 0.37802737951278687, 0.039541684091091156, 0.5130414366722107, 0.4162242114543915, 0.035778772085905075, 0.5164024829864502, 0.45160359144210815, 0.03294096142053604]"
"[0.5240423679351807, 0.22913768887519836, 3.7394254803757576e-08, 0.5007867217063904, 0.26324576139450073, 0.001082679140381515, 0.4799986779689789, 0.32305580377578735, 0.0004898230545222759, 0.464584082365036, 0.37008634209632874, -0.0025433197151869535, 0.4571852385997772, 0.41157376766204834, -0.004775906912982464, 0.4977530241012573, 0.39407581090927124, 0.007011887151747942, 0.4899958670139313, 0.458695650100708, -0.005794450640678406, 0.4896513819694519, 0.506771445274353, -0.01816231571137905, 0.4948115050792694, 0.5475717186927795, -0.026606258004903793, 0.5040627717971802, 0.3988245129585266, -0.002771829953417182, 0.49062615633010864, 0.4621443450450897, -0.01409455668181181, 0.48273295164108276, 0.5064157843589783, -0.02407572790980339, 0.47729623317718506, 0.5498769879341125, -0.030667465180158615, 0.510178804397583, 0.4015957713127136, -0.01411505974829197, 0.4913771450519562, 0.4621841013431549, -0.02502661943435669, 0.4758836030960083, 0.4975059926509857, -0.027152879163622856, 0.46368351578712463, 0.5310990810394287, -0.02756456658244133, 0.5137836337089539, 0.39905956387519836, -0.026279984042048454, 0.49716901779174805, 0.44838768243789673, -0.03381812199950218, 0.48389339447021484, 0.47831377387046814, -0.031513895839452744, 0.4723988473415375, 0.5030016303062439, -0.02877420000731945]",[]
[],"[0.4336552619934082, 0.21554312109947205, 1.9033926434985915e-07, 0.4448593854904175, 0.24715982377529144, -0.015598313882946968, 0.43796664476394653, 0.3073939085006714, -0.02136705443263054, 0.43292444944381714, 0.36004066467285156, -0.025424428284168243, 0.4364899694919586, 0.40336403250694275, -0.029136808589100838, 0.4191078543663025, 0.3490124046802521, -0.016257410869002342, 0.41294384002685547, 0.41925209760665894, -0.031053192913532257, 0.41666415333747864, 0.4740278124809265, -0.04277818277478218, 0.42157551646232605, 0.5149766802787781, -0.050224319100379944, 0.4250295162200928, 0.357675701379776, -0.014828087761998177, 0.4227500557899475, 0.4291284382343292, -0.02718905732035637, 0.432987779378891, 0.4810349643230438, -0.03690565004944801, 0.4432279169559479, 0.5239549875259399, -0.04327385872602463, 0.43093618750572205, 0.3587239384651184, -0.015062173828482628, 0.43247830867767334, 0.42575809359550476, -0.026326125487685204, 0.4449990391731262, 0.4703253209590912, -0.03258046135306358, 0.4566004276275635, 0.5055454969406128, -0.03587241843342781, 0.4382990002632141, 0.35143765807151794, -0.016924750059843063, 0.44098126888275146, 0.40241172909736633, -0.026236344128847122, 0.4479956030845642, 0.4360901117324829, -0.029677821323275566, 0.4554411470890045, 0.46205079555511475, -0.030982324853539467]"
"[0.511867880821228, 0.20820929110050201, 2.6706262090669952e-08, 0.49003148078918457, 0.22314293682575226, 0.0069055757485330105, 0.47645384073257446, 0.26922398805618286, 0.012545695528388023, 0.465620756149292, 0.304520845413208, 0.013716830871999264, 0.4607153832912445, 0.33374685049057007, 0.014853821136057377, 0.49044591188430786, 0.35042324662208557, 0.02371411770582199, 0.47325772047042847, 0.41226568818092346, 0.020151041448116302, 0.4641139805316925, 0.45638254284858704, 0.013407468795776367, 0.4589962363243103, 0.489210307598114, 0.008072237484157085, 0.49572527408599854, 0.3596263527870178, 0.0135361822322011, 0.48290902376174927, 0.42702072858810425, 0.010564892552793026, 0.47869187593460083, 0.473262220621109, 0.0019897224847227335, 0.4769335389137268, 0.5126335024833679, -0.004531337879598141, 0.4971209466457367, 0.366292268037796, 0.001791712362319231, 0.4850584864616394, 0.4312441647052765, -0.0016571807209402323, 0.4804883301258087, 0.474419504404068, -0.007971031591296196, 0.4787052869796753, 0.5086197853088379, -0.012573475018143654, 0.49302083253860474, 0.3685280680656433, -0.010421493090689182, 0.48223793506622314, 0.4160437285900116, -0.012224306352436543, 0.4759572744369507, 0.44830620288848877, -0.012728656642138958, 0.47112390398979187, 0.47342634201049805, -0.01340280007570982]",[]
"[0.5111513137817383, 0.2112531065940857, 2.5551250004696158e-08, 0.4942111670970917, 0.23763220012187958, 0.004401570651680231, 0.48244670033454895, 0.2973274886608124, 0.009734793566167355, 0.47403445839881897, 0.3488249182701111, 0.011873728595674038, 0.4716655910015106, 0.3878580927848816, 0.014316316694021225, 0.48862478137016296, 0.352962851524353, 0.01825043372809887, 0.4718506336212158, 0.41640526056289673, 0.013685996644198895, 0.46432146430015564, 0.462541401386261, 0.007099738344550133, 0.46180459856987, 0.4964538812637329, 0.0022774282842874527, 0.49349650740623474, 0.36139458417892456, 0.010590652003884315, 0.4807843565940857, 0.42747411131858826, 0.006654724944382906, 0.4774470031261444, 0.4737599790096283, -0.0006019361899234354, 0.47728919982910156, 0.5133485198020935, -0.005724798422306776, 0.4953858554363251, 0.36715075373649597, 0.0014721355400979519, 0.4822922646999359, 0.42921945452690125, -0.002044175285845995, 0.47851940989494324, 0.4724544882774353, -0.006249402649700642, 0.4779188632965088, 0.5067746639251709, -0.00925605371594429, 0.49298611283302307, 0.36844831705093384, -0.008236724883317947, 0.4808546304702759, 0.41369980573654175, -0.009703651070594788, 0.4753965437412262, 0.44552746415138245, -0.009262622334063053, 0.4722106158733368, 0.4696372151374817, -0.008999548852443695]",[]
[],"[0.44281476736068726, 0.1964157223701477, 2.0940802869517938e-07, 0.4471283257007599, 0.23094442486763, -0.010561546310782433, 0.43756550550460815, 0.2981806695461273, -0.015284561552107334, 0.4254882037639618, 0.3515767455101013, -0.01949949562549591, 0.4157080352306366, 0.39193785190582275, -0.023571964353322983, 0.4389559328556061, 0.35121291875839233, -0.009673009626567364, 0.43836259841918945, 0.4182595908641815, -0.024463478475809097, 0.431748628616333, 0.4668736457824707, -0.037123627960681915, 0.42300546169281006, 0.5069122910499573, -0.045130982995033264, 0.4421970248222351, 0.35300806164741516, -0.01197808701545, 0.44213131070137024, 0.4232010841369629, -0.02476731687784195, 0.43567126989364624, 0.47644492983818054, -0.03604641929268837, 0.42695361375808716, 0.524787425994873, -0.04347618296742439, 0.4473303258419037, 0.3493688106536865, -0.015704646706581116, 0.44767582416534424, 0.418352335691452, -0.02765284851193428, 0.4431699514389038, 0.4676293730735779, -0.03445911779999733, 0.43638455867767334, 0.5088958740234375, -0.03792937099933624, 0.4547942578792572, 0.34087300300598145, -0.020736295729875565, 0.456576406955719, 0.3986245095729828, -0.02916250191628933, 0.45386362075805664, 0.43863946199417114, -0.031744979321956635, 0.44983699917793274, 0.47183361649513245, -0.03285694122314453]"
"[0.547731339931488, 0.24977663159370422, 1.572279018091649e-07, 0.5461735725402832, 0.3184816837310791, -0.015527748502790928, 0.5454362034797668, 0.40476393699645996, -0.015445799566805363, 0.5437926650047302, 0.46744173765182495, -0.01407832745462656, 0.5383265614509583, 0.5142426490783691, -0.012178640812635422, 0.539602518081665, 0.4052695035934448, 0.008039778098464012, 0.537762463092804, 0.46523046493530273, 0.0016819400480017066, 0.5365461707115173, 0.5098578929901123, -0.007264462765306234, 0.536846399307251, 0.5468848347663879, -0.013771151192486286, 0.537571907043457, 0.39160656929016113, 0.011888033710420132, 0.5369254350662231, 0.4488966763019562, 0.008142656646668911, 0.5375055074691772, 0.49796754121780396, -0.0007757240091450512, 0.537765383720398, 0.5408162474632263, -0.007508045993745327, 0.5358797311782837, 0.37870121002197266, 0.012555208057165146, 0.5353569388389587, 0.4360661804676056, 0.008542917668819427, 0.5360029339790344, 0.4817468225955963, 0.004836873151361942, 0.5341118574142456, 0.5225082635879517, 0.002537692664191127, 0.5332353115081787, 0.36509400606155396, 0.010967053472995758, 0.533027708530426, 0.41652625799179077, 0.007838604971766472, 0.5330954194068909, 0.45280927419662476, 0.008121784776449203, 0.5301439166069031, 0.48371827602386475, 0.008746895007789135]",[]
"[0.48514094948768616, 0.2928089499473572, 2.526136313463212e-07, 0.529786229133606, 0.32325536012649536, -0.010002168826758862, 0.5572733879089355, 0.3846787214279175, -0.017423830926418304, 0.5760948061943054, 0.4441094994544983, -0.022135719656944275, 0.5933777093887329, 0.4943252503871918, -0.026890521869063377, 0.5377059578895569, 0.45582979917526245, -0.02818102203309536, 0.566626787185669, 0.5330089926719666, -0.040210891515016556, 0.585642397403717, 0.5760559439659119, -0.045214295387268066, 0.6007736325263977, 0.610995352268219, -0.04823705554008484, 0.5101385712623596, 0.47267788648605347, -0.02975435182452202, 0.5240915417671204, 0.5703416466712952, -0.04485812410712242, 0.5346672534942627, 0.6333763599395752, -0.05311661958694458, 0.54285728931427, 0.6835639476776123, -0.057953182607889175, 0.48499053716659546, 0.4672580659389496, -0.03074987418949604, 0.48767992854118347, 0.5539348721504211, -0.04766613990068436, 0.4862893521785736, 0.608487606048584, -0.05507947504520416, 0.48301079869270325, 0.6535986661911011, -0.058007918298244476, 0.46206173300743103, 0.4507187008857727, -0.031131520867347717, 0.46084922552108765, 0.5199853181838989, -0.04636066406965256, 0.45410650968551636, 0.5640230774879456, -0.05097699165344238, 0.44657909870147705, 0.6029876470565796, -0.052225567400455475]",[]
"[0.5037665963172913, 0.31254422664642334, 1.7704481081182166e-07, 0.5478113293647766, 0.3351210951805115, -0.019209066405892372, 0.5758182406425476, 0.39886942505836487, -0.029770856723189354, 0.5948048830032349, 0.4627259075641632, -0.03667576238512993, 0.6067278385162354, 0.520193338394165, -0.04287809133529663, 0.5552768707275391, 0.48535943031311035, -0.030367225408554077, 0.580498218536377, 0.5555489659309387, -0.043263282626867294, 0.5989910364151001, 0.5997451543807983, -0.050019171088933945, 0.6112748384475708, 0.6341553926467896, -0.05410825088620186, 0.5300571918487549, 0.5049980282783508, -0.026652608066797256, 0.5437291860580444, 0.5979045033454895, -0.03780918940901756, 0.5508776307106018, 0.6539464592933655, -0.04173843190073967, 0.5556257367134094, 0.698000967502594, -0.04384981468319893, 0.5051822662353516, 0.5080687999725342, -0.0244434904307127, 0.5085594654083252, 0.5992907285690308, -0.038049593567848206, 0.5051814317703247, 0.6530491709709167, -0.044091884046792984, 0.5011101961135864, 0.6928009986877441, -0.04664897546172142, 0.48211461305618286, 0.5000777840614319, -0.023088116198778152, 0.47467759251594543, 0.5769692659378052, -0.03703305125236511, 0.4639834761619568, 0.620368480682373, -0.04333898425102234, 0.45287397503852844, 0.6551735401153564, -0.045983053743839264]",[]
[],"[0.5665843486785889, 0.36617618799209595, 3.887181776462967e-07, 0.5973107218742371, 0.402784526348114, -0.02259182371199131, 0.6094228625297546, 0.4678821563720703, -0.03390388563275337, 0.6155999302864075, 0.5331487059593201, -0.0405174195766449, 0.6283195614814758, 0.5889682173728943, -0.04724322259426117, 0.5776758193969727, 0.5353797078132629, -0.03356192633509636, 0.5740968585014343, 0.6158143877983093, -0.04517952352762222, 0.5705335140228271, 0.6618309020996094, -0.05087287351489067, 0.5665445923805237, 0.7005265951156616, -0.05473368614912033, 0.5513836145401001, 0.5422461628913879, -0.02913951687514782, 0.537039041519165, 0.6344627141952515, -0.04081348702311516, 0.5245471596717834, 0.6907458305358887, -0.04827957600355148, 0.5127572417259216, 0.7341690063476562, -0.05373169481754303, 0.5310500264167786, 0.5281447172164917, -0.025704611092805862, 0.5090017318725586, 0.5988999605178833, -0.0421954020857811, 0.4894358515739441, 0.6503939032554626, -0.053072813898324966, 0.47178032994270325, 0.6918679475784302, -0.059814974665641785, 0.5179719924926758, 0.5034413933753967, -0.022631602361798286, 0.5017489790916443, 0.545893132686615, -0.03988522291183472, 0.48883056640625, 0.5635792016983032, -0.047326892614364624, 0.4785410165786743, 0.5783761739730835, -0.05164344236254692]"
[],"[0.5512264370918274, 0.37515997886657715, 3.1218877438732306e-07, 0.5835045576095581, 0.40533214807510376, -0.021690601482987404, 0.6002699732780457, 0.4671528935432434, -0.031315628439188004, 0.608471155166626, 0.5284189581871033, -0.036941081285476685, 0.6223877668380737, 0.579928994178772, -0.04249630495905876, 0.5659293532371521, 0.5453477501869202, -0.02813623659312725, 0.5639061331748962, 0.6139276623725891, -0.039343152195215225, 0.5626480579376221, 0.6547268629074097, -0.046153195202350616, 0.5596230030059814, 0.6902642846107483, -0.051225531846284866, 0.5411942005157471, 0.5522171258926392, -0.02434585429728031, 0.5309391021728516, 0.6331393718719482, -0.03580538555979729, 0.5209699869155884, 0.6857106685638428, -0.044604167342185974, 0.5098391771316528, 0.7288787364959717, -0.05103326961398125, 0.5216897130012512, 0.5365400314331055, -0.0218757726252079, 0.5030199289321899, 0.5971919298171997, -0.037179023027420044, 0.48435676097869873, 0.6422724723815918, -0.04824073612689972, 0.46684008836746216, 0.6813169121742249, -0.055347684770822525, 0.509014368057251, 0.508524477481842, -0.020089130848646164, 0.49212515354156494, 0.5375277996063232, -0.036453746259212494, 0.47930100560188293, 0.5501230359077454, -0.04400630295276642, 0.4683240056037903, 0.5632712244987488, -0.048411495983600616]"
[],"[0.5660057067871094, 0.3668025732040405, 4.6147746957103664e-07, 0.5886328220367432, 0.4127591550350189, -0.021003970876336098, 0.5983572602272034, 0.4743970036506653, -0.03489714488387108, 0.6061736345291138, 0.5285343527793884, -0.044544994831085205, 0.6189318895339966, 0.5755155086517334, -0.05481373146176338, 0.5719547271728516, 0.5285602807998657, -0.040682192891836166, 0.5625028610229492, 0.6025675535202026, -0.05754855275154114, 0.5561237335205078, 0.6480566263198853, -0.0680326297879219, 0.5507115721702576, 0.6880049109458923, -0.07524657249450684, 0.5551300644874573, 0.5288949012756348, -0.037918467074632645, 0.5341517925262451, 0.6173453330993652, -0.05648598447442055, 0.5174611806869507, 0.6733576059341431, -0.06854082643985748, 0.5028907656669617, 0.7196831107139587, -0.07696639001369476, 0.543145477771759, 0.511093258857727, -0.03505760803818703, 0.5255584716796875, 0.576521635055542, -0.05361495539546013, 0.5066967010498047, 0.6210806369781494, -0.06335300952196121, 0.4883437156677246, 0.6586118340492249, -0.06922624260187149, 0.5383397936820984, 0.4850519597530365, -0.03264421597123146, 0.5313538908958435, 0.5251968502998352, -0.048833493143320084, 0.5227766036987305, 0.5433825850486755, -0.05454787611961365, 0.5152052640914917, 0.5589602589607239, -0.05799022689461708]"
"[0.49645867943763733, 0.30383047461509705, 4.5244712509884266e-07, 0.5491334199905396, 0.3453826606273651, -0.027463708072900772, 0.5745697617530823, 0.4204823076725006, -0.04317280277609825, 0.5864549279212952, 0.5013773441314697, -0.04720872640609741, 0.602749764919281, 0.569321870803833, -0.04966570436954498, 0.5396790504455566, 0.4752079248428345, -0.07534297555685043, 0.5432925224304199, 0.5749351382255554, -0.08643855899572372, 0.5446360111236572, 0.6289346814155579, -0.08577024936676025, 0.5437027215957642, 0.6711609959602356, -0.0839419737458229, 0.5073493719100952, 0.4823674261569977, -0.05741409584879875, 0.5034438967704773, 0.598617672920227, -0.07713384181261063, 0.49691587686538696, 0.6639878749847412, -0.0814036875963211, 0.48729658126831055, 0.7089402675628662, -0.08283823728561401, 0.48291829228401184, 0.4736431837081909, -0.03517909348011017, 0.475547194480896, 0.5659542679786682, -0.04999968409538269, 0.4649996757507324, 0.6207699775695801, -0.05381208658218384, 0.4496951103210449, 0.6570873260498047, -0.054418351501226425, 0.4664245843887329, 0.4575679302215576, -0.011925145983695984, 0.4625724256038666, 0.5117964744567871, -0.018064234405755997, 0.4534715414047241, 0.5347017645835876, -0.018039645627141, 0.4412781596183777, 0.5526298880577087, -0.017395121976733208]",[]
"[0.5219207406044006, 0.2924845218658447, 4.5203495346868294e-07, 0.5683768391609192, 0.33980420231819153, -0.031454551964998245, 0.5859607458114624, 0.41776061058044434, -0.04838249832391739, 0.5893739461898804, 0.49800819158554077, -0.056106820702552795, 0.6022697687149048, 0.5680540800094604, -0.06335493177175522, 0.5460625290870667, 0.4671584665775299, -0.06233977898955345, 0.5450332164764404, 0.5556321740150452, -0.07804641872644424, 0.5386767387390137, 0.6070402264595032, -0.08529558777809143, 0.5304677486419678, 0.6525599360466003, -0.08962022513151169, 0.5141357183456421, 0.47599995136260986, -0.04923589900135994, 0.5065318942070007, 0.5790585279464722, -0.07056406140327454, 0.49485450983047485, 0.6474542617797852, -0.08291180431842804, 0.480741947889328, 0.6997774243354797, -0.09140530973672867, 0.49161481857299805, 0.46476978063583374, -0.03438730910420418, 0.4797418713569641, 0.5513042211532593, -0.054110560566186905, 0.46365582942962646, 0.6106758117675781, -0.06484712660312653, 0.4453383684158325, 0.6522085070610046, -0.07087401300668716, 0.4784490764141083, 0.44559091329574585, -0.01963525265455246, 0.4747253954410553, 0.5025714635848999, -0.0342196561396122, 0.4692423343658447, 0.5329180359840393, -0.04029961675405502, 0.46284884214401245, 0.5577472448348999, -0.0442207045853138]",[]
"[0.5134373307228088, 0.2983566224575043, 4.794395067619917e-07, 0.5592484474182129, 0.33664464950561523, -0.032503459602594376, 0.5831488370895386, 0.41230112314224243, -0.05407789349555969, 0.590969443321228, 0.49116820096969604, -0.06725846976041794, 0.6035841703414917, 0.5655695199966431, -0.08083819597959518, 0.5525016784667969, 0.4514959454536438, -0.07402880489826202, 0.5489767789840698, 0.5456347465515137, -0.09903661906719208, 0.5406945943832397, 0.6014695167541504, -0.11118151992559433, 0.5299568772315979, 0.6458557844161987, -0.11817369610071182, 0.5188038945198059, 0.4559729993343353, -0.06614027917385101, 0.5094314217567444, 0.5672698616981506, -0.09356742352247238, 0.49692556262016296, 0.6399732828140259, -0.10779521614313126, 0.4821872115135193, 0.6945260763168335, -0.11776872724294662, 0.4927941858768463, 0.445777028799057, -0.05709332972764969, 0.4750564396381378, 0.5439640283584595, -0.08403854817152023, 0.45397502183914185, 0.6064727902412415, -0.09693926572799683, 0.43265455961227417, 0.651503324508667, -0.10454435646533966, 0.47464385628700256, 0.4289729595184326, -0.04803447425365448, 0.4589166045188904, 0.4910815954208374, -0.07149598747491837, 0.4405657947063446, 0.524133026599884, -0.0807635635137558, 0.42476433515548706, 0.5501028299331665, -0.0863344669342041]",[]
"[0.5216352343559265, 0.3088811933994293, 4.0909094423113856e-07, 0.5614534020423889, 0.34555113315582275, -0.02691529132425785, 0.5815824270248413, 0.4190751016139984, -0.043424323201179504, 0.58973628282547, 0.48855096101760864, -0.05398300662636757, 0.5989288091659546, 0.5540379285812378, -0.06527964770793915, 0.5524806380271912, 0.47429752349853516, -0.05087977275252342, 0.545609712600708, 0.5501087307929993, -0.07164287567138672, 0.5384975075721741, 0.5963999032974243, -0.08426389843225479, 0.5295094847679138, 0.6321845054626465, -0.09237657487392426, 0.520504355430603, 0.4754865765571594, -0.04711774364113808, 0.5081661343574524, 0.5699726343154907, -0.0666140541434288, 0.4950847327709198, 0.6314981579780579, -0.07898714393377304, 0.48069190979003906, 0.6800864338874817, -0.08811190724372864, 0.4947706162929535, 0.4597703218460083, -0.04396188259124756, 0.4740369915962219, 0.544044554233551, -0.06648388504981995, 0.45222315192222595, 0.5959327816963196, -0.07976964861154556, 0.43151143193244934, 0.6347771883010864, -0.08815352618694305, 0.4758133590221405, 0.43313902616500854, -0.04107466712594032, 0.45407605171203613, 0.47950783371925354, -0.06344753503799438, 0.4327508509159088, 0.5022690892219543, -0.07271737605333328, 0.4145740270614624, 0.5199357867240906, -0.07809004932641983]",[]
"[0.5201219320297241, 0.38839906454086304, 3.412089597532031e-07, 0.5536985397338867, 0.4044642150402069, -0.032071229070425034, 0.5729224681854248, 0.44653239846229553, -0.05170241370797157, 0.5801472067832947, 0.4929791986942291, -0.06577365845441818, 0.5915100574493408, 0.5469022393226624, -0.08068114519119263, 0.545638918876648, 0.5141656994819641, -0.0518125481903553, 0.5387304425239563, 0.5618588328361511, -0.07355562597513199, 0.53154057264328, 0.5915157794952393, -0.08806519210338593, 0.5222194194793701, 0.6177666783332825, -0.09894493967294693, 0.5124962329864502, 0.516460120677948, -0.048345405608415604, 0.4976883828639984, 0.5850313901901245, -0.06903618574142456, 0.48652029037475586, 0.6273449659347534, -0.08438316732645035, 0.4741947650909424, 0.665938675403595, -0.09671143442392349, 0.4875136613845825, 0.4981355667114258, -0.046506572514772415, 0.4670872092247009, 0.5559521317481995, -0.07213093340396881, 0.4492858648300171, 0.5923036932945251, -0.08876582235097885, 0.43067437410354614, 0.6246472001075745, -0.10066742449998856, 0.4678526520729065, 0.46493881940841675, -0.04561859369277954, 0.44546544551849365, 0.4775897264480591, -0.07300178706645966, 0.42602983117103577, 0.48626232147216797, -0.08699283003807068, 0.4084165394306183, 0.49732398986816406, -0.09640291333198547]",[]
"[0.5134491920471191, 0.2642492949962616, 3.689924028549285e-07, 0.553327202796936, 0.31426817178726196, -0.023227723315358162, 0.5704604983329773, 0.3937110900878906, -0.03612833097577095, 0.5748594403266907, 0.46931126713752747, -0.04336792230606079, 0.584111213684082, 0.5367234349250793, -0.05062693729996681, 0.5360062718391418, 0.4438753128051758, -0.043157968670129776, 0.5321128964424133, 0.5210994482040405, -0.05770076438784599, 0.5238444209098816, 0.5655204653739929, -0.06491462141275406, 0.5139904022216797, 0.5979474782943726, -0.06947524845600128, 0.5069084763526917, 0.4443945586681366, -0.0381060428917408, 0.4962437152862549, 0.5365980267524719, -0.0535903200507164, 0.48219171166419983, 0.5924344658851624, -0.06290488690137863, 0.465619295835495, 0.6304784417152405, -0.06982624530792236, 0.4836234748363495, 0.4278354048728943, -0.033081017434597015, 0.4670035243034363, 0.5127589106559753, -0.05033619701862335, 0.44940152764320374, 0.5622926950454712, -0.059644680470228195, 0.43057963252067566, 0.5963117480278015, -0.06562181562185287, 0.4646139442920685, 0.4000122547149658, -0.028393028303980827, 0.4438523054122925, 0.4511847496032715, -0.04466274753212929, 0.4255096912384033, 0.47674301266670227, -0.051328085362911224, 0.40889066457748413, 0.49597835540771484, -0.05530119687318802]",[]
"[0.4505905210971832, 0.31230372190475464, 2.4698385914234677e-07, 0.4977450966835022, 0.3409753739833832, -0.003966731484979391, 0.5311599373817444, 0.3969777226448059, -0.0066818855702877045, 0.5552318096160889, 0.4522857666015625, -0.006863151676952839, 0.5642033815383911, 0.4997738003730774, -0.006313555408269167, 0.5128350853919983, 0.4707377254962921, -0.017766233533620834, 0.5443190336227417, 0.5391139388084412, -0.023255176842212677, 0.5653467774391174, 0.572812020778656, -0.023254908621311188, 0.5797372460365295, 0.5991630554199219, -0.0219870638102293, 0.48831138014793396, 0.486664354801178, -0.015499039553105831, 0.49988529086112976, 0.5695949792861938, -0.020375054329633713, 0.5033411383628845, 0.6076070070266724, -0.01822659932076931, 0.5014818906784058, 0.6271952390670776, -0.015029625967144966, 0.4645543396472931, 0.4834764003753662, -0.012427392415702343, 0.46513891220092773, 0.5587118268013, -0.020436525344848633, 0.46226614713668823, 0.6013144254684448, -0.0226825550198555, 0.457023561000824, 0.6297879219055176, -0.02182363159954548, 0.4439036548137665, 0.46790581941604614, -0.008095817640423775, 0.4367489516735077, 0.5241830348968506, -0.01363978162407875, 0.42743057012557983, 0.5567441582679749, -0.013761859387159348, 0.41693371534347534, 0.5806533694267273, -0.011792580597102642]",[]
"[0.4631441533565521, 0.3149321675300598, 3.7100869576534024e-07, 0.5076407790184021, 0.3459969162940979, -0.0076742577366530895, 0.540038526058197, 0.3992641568183899, -0.01599789224565029, 0.5576392412185669, 0.4565064609050751, -0.022192656993865967, 0.5660479068756104, 0.5064747929573059, -0.028980042785406113, 0.5203666687011719, 0.47186416387557983, -0.028254644945263863, 0.5369259119033813, 0.5446438789367676, -0.03995441645383835, 0.5426970720291138, 0.5846077799797058, -0.04601604491472244, 0.544849157333374, 0.6153985857963562, -0.04935324192047119, 0.49304065108299255, 0.4846411347389221, -0.029426978901028633, 0.4907340407371521, 0.5668595433235168, -0.04127902537584305, 0.4841706454753876, 0.6172614097595215, -0.046317119151353836, 0.475138396024704, 0.6514233350753784, -0.049043647944927216, 0.46810054779052734, 0.48014378547668457, -0.029674353078007698, 0.4662855267524719, 0.5624889731407166, -0.04313446208834648, 0.46269676089286804, 0.6123144626617432, -0.04807861149311066, 0.4568525552749634, 0.6480863690376282, -0.04983212798833847, 0.4462425112724304, 0.46612223982810974, -0.029011258855462074, 0.44432222843170166, 0.53216552734375, -0.04110907018184662, 0.4368892312049866, 0.5712437033653259, -0.04318365082144737, 0.42696741223335266, 0.6010992527008057, -0.042549390345811844]",[]
[],"[0.4907526671886444, 0.254547655582428, 3.2057019438980205e-07, 0.5378789901733398, 0.28769466280937195, -0.028843127191066742, 0.5634680390357971, 0.35761404037475586, -0.04602659493684769, 0.5694221258163452, 0.4321889877319336, -0.055256135761737823, 0.5609868168830872, 0.4941242039203644, -0.06400731205940247, 0.533629834651947, 0.44225314259529114, -0.057846225798130035, 0.5338296294212341, 0.5299498438835144, -0.0763104185461998, 0.5312799215316772, 0.581045389175415, -0.0865769013762474, 0.5257716774940491, 0.6215593814849854, -0.09340368956327438, 0.5034054517745972, 0.45155614614486694, -0.047883883118629456, 0.49723872542381287, 0.546751856803894, -0.06674837321043015, 0.48699426651000977, 0.5970139503479004, -0.07516027987003326, 0.47698062658309937, 0.6317986845970154, -0.0807153582572937, 0.47631126642227173, 0.44214722514152527, -0.03782603144645691, 0.46593719720840454, 0.5243067741394043, -0.055724941194057465, 0.4530169665813446, 0.572746753692627, -0.06320550292730331, 0.4385829567909241, 0.6042479276657104, -0.06750405579805374, 0.4533710479736328, 0.4214548170566559, -0.02855163812637329, 0.44241631031036377, 0.48376578092575073, -0.04577703773975372, 0.4265201687812805, 0.5213820338249207, -0.05393549054861069, 0.4102489948272705, 0.5505734086036682, -0.058360446244478226]"
"[0.4966315031051636, 0.25264936685562134, 2.9333108386708773e-07, 0.5425949692726135, 0.2947627305984497, -0.01959303766489029, 0.5639477968215942, 0.3718070983886719, -0.027215519919991493, 0.5755614042282104, 0.4433514475822449, -0.029728693887591362, 0.5825409293174744, 0.5029430985450745, -0.03116663731634617, 0.5406274795532227, 0.46101561188697815, -0.02339995466172695, 0.53662109375, 0.537312924861908, -0.03225705772638321, 0.5313392877578735, 0.581934928894043, -0.03933160379528999, 0.5236050486564636, 0.6157270669937134, -0.04453819990158081, 0.5091715455055237, 0.467077374458313, -0.016438376158475876, 0.5020053386688232, 0.5601100325584412, -0.02289479225873947, 0.49036747217178345, 0.6135624647140503, -0.027759630233049393, 0.477485716342926, 0.6535620093345642, -0.031886160373687744, 0.48347756266593933, 0.45225387811660767, -0.01097364816814661, 0.4666452705860138, 0.5357621312141418, -0.02151075005531311, 0.4495927691459656, 0.5818068981170654, -0.030253691598773003, 0.43161770701408386, 0.6139072179794312, -0.03647628054022789, 0.4609816372394562, 0.42307114601135254, -0.006082094274461269, 0.4386192262172699, 0.4614245891571045, -0.01839759759604931, 0.41993558406829834, 0.4753778278827667, -0.0255112424492836, 0.40257054567337036, 0.4863155782222748, -0.029950948432087898]",[]
