Left,Right
"[0.6047307252883911, 0.6537947654724121, 4.1578522314011934e-07, 0.6343202590942383, 0.5991238355636597, -0.025174841284751892, 0.6421179175376892, 0.5221222639083862, -0.037356019020080566, 0.6447448134422302, 0.45417943596839905, -0.046902310103178024, 0.6676222681999207, 0.4077090620994568, -0.05627686530351639, 0.5805533528327942, 0.44543299078941345, -0.01982104778289795, 0.5638262033462524, 0.37094971537590027, -0.03348816931247711, 0.5517030954360962, 0.32369089126586914, -0.04545382782816887, 0.5410171747207642, 0.2835036516189575, -0.05471552163362503, 0.5540305376052856, 0.460779070854187, -0.017625009641051292, 0.5320520401000977, 0.37853026390075684, -0.03043556399643421, 0.5190065503120422, 0.3220539093017578, -0.04203508049249649, 0.5082437992095947, 0.27342745661735535, -0.05004025250673294, 0.5340338945388794, 0.49180367588996887, -0.0182066448032856, 0.5099465250968933, 0.416833758354187, -0.0316372811794281, 0.49860894680023193, 0.36793118715286255, -0.04184907302260399, 0.49005842208862305, 0.3239116966724396, -0.048039935529232025, 0.5199993848800659, 0.5367125868797302, -0.020998764783143997, 0.49598953127861023, 0.48476243019104004, -0.033831752836704254, 0.4836865961551666, 0.4484728276729584, -0.04056456685066223, 0.47404322028160095, 0.41112056374549866, -0.04422794654965401]",[]
"[0.600749671459198, 0.6435761451721191, 4.0220098185272946e-07, 0.630900502204895, 0.5931334495544434, -0.025975147262215614, 0.6383883953094482, 0.5173115730285645, -0.038175590336322784, 0.6406590342521667, 0.44826236367225647, -0.04769594594836235, 0.6629738211631775, 0.4002956449985504, -0.05695689469575882, 0.575633704662323, 0.4403693974018097, -0.020582012832164764, 0.5599312782287598, 0.36387351155281067, -0.0345340333878994, 0.5484837889671326, 0.31501007080078125, -0.0462554395198822, 0.5386251211166382, 0.27483779191970825, -0.054941575974226, 0.5506207346916199, 0.45574334263801575, -0.018027272075414658, 0.5306006669998169, 0.3705040216445923, -0.030793406069278717, 0.5176653861999512, 0.3130916953086853, -0.041596416383981705, 0.5074338912963867, 0.265531063079834, -0.048840753734111786, 0.5322273969650269, 0.4858919382095337, -0.018415657803416252, 0.509426474571228, 0.4086295962333679, -0.03136889263987541, 0.497351735830307, 0.3577977120876312, -0.04118400812149048, 0.4888686239719391, 0.31324732303619385, -0.04711443558335304, 0.5186305046081543, 0.5299540758132935, -0.021206200122833252, 0.49508631229400635, 0.4781547486782074, -0.033292997628450394, 0.4820888936519623, 0.44299042224884033, -0.0394696407020092, 0.4720280170440674, 0.40755894780158997, -0.04281988367438316]",[]
"[0.5844674706459045, 0.610508143901825, 4.121987444705155e-07, 0.6136545538902283, 0.5680283904075623, -0.02753985859453678, 0.6244622468948364, 0.5036360621452332, -0.043199677020311356, 0.6328142881393433, 0.44466832280158997, -0.055879950523376465, 0.6548484563827515, 0.4020323157310486, -0.06883876025676727, 0.5685029029846191, 0.4274776875972748, -0.03290785849094391, 0.5532882213592529, 0.3512910008430481, -0.052197594195604324, 0.5426764488220215, 0.3017526865005493, -0.06555116176605225, 0.533650815486908, 0.2605806887149811, -0.07510725408792496, 0.5437123775482178, 0.44168245792388916, -0.03169141709804535, 0.5253106951713562, 0.3579659163951874, -0.05086948350071907, 0.5136091113090515, 0.2986282706260681, -0.06447570770978928, 0.5046340823173523, 0.24798190593719482, -0.0737789198756218, 0.5248506665229797, 0.47220391035079956, -0.033122386783361435, 0.5039737820625305, 0.3967377245426178, -0.052571214735507965, 0.4924617409706116, 0.3452538847923279, -0.06498786807060242, 0.48500457406044006, 0.2994604706764221, -0.07224570214748383, 0.5110809206962585, 0.5143642425537109, -0.03654634207487106, 0.48815426230430603, 0.4641125798225403, -0.05507316812872887, 0.4745299816131592, 0.427175372838974, -0.06515584141016006, 0.4631546437740326, 0.3886968493461609, -0.07092271000146866]",[]
"[0.5924218893051147, 0.6864230632781982, 2.7037182803724136e-07, 0.6217747926712036, 0.628385603427887, -0.018615327775478363, 0.6299430131912231, 0.5447071194648743, -0.02477152645587921, 0.6351003050804138, 0.471941202878952, -0.030222633853554726, 0.6552388668060303, 0.4259588122367859, -0.035011496394872665, 0.5709496736526489, 0.4652206599712372, -0.001633646315895021, 0.5515746474266052, 0.38963937759399414, -0.010918539948761463, 0.5400179624557495, 0.3447846472263336, -0.02119411528110504, 0.5309184193611145, 0.3069177269935608, -0.02911665290594101, 0.545745313167572, 0.4787145256996155, -0.0009948353981599212, 0.5218329429626465, 0.39684563875198364, -0.009173017926514149, 0.5080596804618835, 0.3412656784057617, -0.019731763750314713, 0.4975084066390991, 0.29476606845855713, -0.02726004645228386, 0.5259788036346436, 0.5054425597190857, -0.003662051633000374, 0.5012956857681274, 0.432231068611145, -0.013035678304731846, 0.4890962839126587, 0.3840218484401703, -0.021808620542287827, 0.4804532527923584, 0.34255945682525635, -0.027411529794335365, 0.5108472108840942, 0.5440656542778015, -0.008542831987142563, 0.4876463711261749, 0.4961659908294678, -0.017417078837752342, 0.4758414328098297, 0.4617021977901459, -0.022271865978837013, 0.4673486649990082, 0.4274060130119324, -0.0249314047396183]",[]
"[0.5832563638687134, 0.6669751405715942, 2.6077597681251063e-07, 0.619247317314148, 0.6158809661865234, -0.0209044162184, 0.6316254734992981, 0.5340315699577332, -0.028089802712202072, 0.6392008066177368, 0.4619152843952179, -0.03415767848491669, 0.6595123410224915, 0.4160315692424774, -0.03984029218554497, 0.5748002529144287, 0.44905179738998413, -0.008206873200833797, 0.5570458769798279, 0.3740862011909485, -0.01991739310324192, 0.5460231900215149, 0.3277612626552582, -0.03054164908826351, 0.537375271320343, 0.28992170095443726, -0.03864114731550217, 0.5488695502281189, 0.4613396227359772, -0.0073302933014929295, 0.5274911522865295, 0.379495233297348, -0.018646404147148132, 0.5151342749595642, 0.3234482407569885, -0.029740512371063232, 0.5054532885551453, 0.27632951736450195, -0.03751371055841446, 0.5294005870819092, 0.4896928369998932, -0.00982588343322277, 0.5071057081222534, 0.4172554314136505, -0.022415954619646072, 0.4960592985153198, 0.3709014654159546, -0.03184258192777634, 0.48773375153541565, 0.32937389612197876, -0.03753434866666794, 0.5152463912963867, 0.5309289693832397, -0.014639409258961678, 0.4939286708831787, 0.48261600732803345, -0.027040906250476837, 0.48197948932647705, 0.44666358828544617, -0.03416335955262184, 0.4722635746002197, 0.40865713357925415, -0.03826792165637016]",[]
"[0.578195333480835, 0.6524708271026611, 3.871528519994172e-07, 0.617501437664032, 0.6013873219490051, -0.023177601397037506, 0.6321715116500854, 0.5281059741973877, -0.03491121530532837, 0.640741229057312, 0.4580145478248596, -0.044290363788604736, 0.662109911441803, 0.4100615680217743, -0.05360545217990875, 0.5762561559677124, 0.44883856177330017, -0.021725043654441833, 0.5588040947914124, 0.36862021684646606, -0.034969571977853775, 0.5457836389541626, 0.3187100887298584, -0.0447462797164917, 0.5347269177436829, 0.2780478596687317, -0.05199845880270004, 0.5486992001533508, 0.46274253726005554, -0.019406050443649292, 0.5289273262023926, 0.37568870186805725, -0.033674027770757675, 0.5157331824302673, 0.31746166944503784, -0.04493559151887894, 0.5054325461387634, 0.2690815329551697, -0.052270010113716125, 0.5273846387863159, 0.4918055534362793, -0.019154753535985947, 0.5080386996269226, 0.4134024381637573, -0.03257310763001442, 0.49705076217651367, 0.3623626232147217, -0.041600219905376434, 0.48925524950027466, 0.3190087676048279, -0.04668320715427399, 0.510753333568573, 0.5318699479103088, -0.02079739235341549, 0.4920581579208374, 0.47595176100730896, -0.03265102580189705, 0.481607049703598, 0.4385051429271698, -0.0387064591050148, 0.4729308784008026, 0.40265974402427673, -0.04175352305173874]","[0.49078649282455444, 0.8150240182876587, 9.736348971500774e-08, 0.5333484411239624, 0.802280068397522, 0.0006702736136503518, 0.5619590878486633, 0.7488985657691956, -0.0041998629458248615, 0.5703713893890381, 0.6875080466270447, -0.0073172347620129585, 0.562188982963562, 0.6430638432502747, -0.010366772301495075, 0.5526959300041199, 0.7306607961654663, -0.033402036875486374, 0.5814728140830994, 0.633959174156189, -0.04229948669672012, 0.5874622464179993, 0.6366414427757263, -0.039824631065130234, 0.5831887125968933, 0.6621494889259338, -0.03453120216727257, 0.52892005443573, 0.7049697041511536, -0.03473420441150665, 0.5588733553886414, 0.5994815826416016, -0.04222320765256882, 0.5686078071594238, 0.6065115332603455, -0.037871506065130234, 0.5646539330482483, 0.6337595582008362, -0.03287646919488907, 0.5066631436347961, 0.6850965619087219, -0.03345637395977974, 0.5357912182807922, 0.585911750793457, -0.036191146820783615, 0.5483598113059998, 0.5968278646469116, -0.029189983382821083, 0.5485174655914307, 0.6223727464675903, -0.023543912917375565, 0.48856601119041443, 0.6750892400741577, -0.030860554426908493, 0.511162519454956, 0.6055822372436523, -0.03171095997095108, 0.5250710248947144, 0.6115965843200684, -0.02566903457045555, 0.5296258330345154, 0.6312655210494995, -0.02001020684838295]"
"[0.5722655057907104, 0.6576614379882812, 3.8656858691865637e-07, 0.6135197877883911, 0.6072861552238464, -0.024367794394493103, 0.6284637451171875, 0.5324264764785767, -0.036531463265419006, 0.6368345022201538, 0.4613421857357025, -0.04647016525268555, 0.6599016785621643, 0.41255223751068115, -0.0564824640750885, 0.5726884603500366, 0.45112255215644836, -0.021035004407167435, 0.5556245446205139, 0.3727882206439972, -0.03464418649673462, 0.5427229404449463, 0.3229725956916809, -0.04499353468418121, 0.5314369797706604, 0.2833084762096405, -0.05267300084233284, 0.5448458194732666, 0.46551379561424255, -0.01875322498381138, 0.5252803564071655, 0.3799710273742676, -0.03252046927809715, 0.5119953155517578, 0.32185304164886475, -0.043774526566267014, 0.5009285807609558, 0.2736418843269348, -0.05119313672184944, 0.5235728621482849, 0.49513480067253113, -0.018977176398038864, 0.5040616393089294, 0.41867369413375854, -0.03223949670791626, 0.49299392104148865, 0.3679354786872864, -0.04149749502539635, 0.48474618792533875, 0.3242243826389313, -0.04686993360519409, 0.5074177980422974, 0.5364174842834473, -0.021336665377020836, 0.4882429838180542, 0.48247215151786804, -0.03350329026579857, 0.47755417227745056, 0.4449732303619385, -0.03999411687254906, 0.4687454104423523, 0.40856921672821045, -0.0433923602104187]",[]
"[0.576227068901062, 0.6662224531173706, 3.2360810564568965e-07, 0.6135261058807373, 0.6147521138191223, -0.02136402018368244, 0.6252766251564026, 0.5329276919364929, -0.0302235446870327, 0.6315819025039673, 0.46180960536003113, -0.03763069584965706, 0.6540237069129944, 0.4141671657562256, -0.04490821436047554, 0.5663308501243591, 0.4537786543369293, -0.013081771321594715, 0.5478377342224121, 0.3758605718612671, -0.02529189921915531, 0.5356590151786804, 0.32729285955429077, -0.03551515191793442, 0.5255948901176453, 0.2873857617378235, -0.04327785596251488, 0.5399800539016724, 0.4696734547615051, -0.012205165810883045, 0.5182982683181763, 0.3849434554576874, -0.0249872338026762, 0.5048366785049438, 0.32777369022369385, -0.03652850165963173, 0.49429434537887573, 0.2799741327762604, -0.04414546862244606, 0.5198875069618225, 0.5003206133842468, -0.014075483195483685, 0.4980747699737549, 0.4225441515445709, -0.027159443125128746, 0.4861997365951538, 0.37204545736312866, -0.03659326955676079, 0.47721946239471436, 0.3277342617511749, -0.04193631559610367, 0.5048242807388306, 0.5431441068649292, -0.018009208142757416, 0.4835185110569, 0.4895537793636322, -0.030300995334982872, 0.47135186195373535, 0.452176570892334, -0.03672738000750542, 0.4607532024383545, 0.4150005280971527, -0.04003281891345978]","[0.4768112897872925, 0.8110968470573425, -7.294824744263906e-09, 0.5167257785797119, 0.796825647354126, -0.003643445437774062, 0.5469022393226624, 0.7443878650665283, -0.009312286041676998, 0.5578537583351135, 0.682483434677124, -0.013580421917140484, 0.5483159422874451, 0.6377819180488586, -0.017738522961735725, 0.5438278913497925, 0.7157961130142212, -0.025448426604270935, 0.571567177772522, 0.6280624866485596, -0.038723260164260864, 0.5709844827651978, 0.6259035468101501, -0.0437798872590065, 0.5623661875724792, 0.6457623839378357, -0.04383649304509163, 0.524031400680542, 0.6921207904815674, -0.026255620643496513, 0.5495023727416992, 0.5933597683906555, -0.03631497174501419, 0.5490915775299072, 0.6061372756958008, -0.036524806171655655, 0.5410442352294922, 0.6395586133003235, -0.034556660801172256, 0.5044466853141785, 0.675396740436554, -0.026148522272706032, 0.530218780040741, 0.5860655307769775, -0.032398421317338943, 0.5340068936347961, 0.6012638807296753, -0.028231827542185783, 0.5296933054924011, 0.6311817765235901, -0.024030514061450958, 0.4881512224674225, 0.6643717885017395, -0.02547900192439556, 0.5080181360244751, 0.5995173454284668, -0.029715703800320625, 0.5133227705955505, 0.6111008524894714, -0.02550162374973297, 0.5125656723976135, 0.6336112022399902, -0.0208382997661829]"
"[0.57553631067276, 0.6848387718200684, 3.008263718129456e-07, 0.6087515354156494, 0.6284759044647217, -0.01968628168106079, 0.6182258129119873, 0.541003942489624, -0.025233875960111618, 0.621839165687561, 0.46861740946769714, -0.029646463692188263, 0.6414042711257935, 0.4226745069026947, -0.033573050051927567, 0.5580883622169495, 0.4623604714870453, -0.0037578188348561525, 0.5391066074371338, 0.3860786557197571, -0.012704825960099697, 0.5271220803260803, 0.3398068845272064, -0.021946338936686516, 0.5177609920501709, 0.30212509632110596, -0.029260260984301567, 0.5319386720657349, 0.47819963097572327, -0.002754030516371131, 0.5085403323173523, 0.3949297368526459, -0.011137806810438633, 0.49451953172683716, 0.3383525311946869, -0.021501449868083, 0.4838296175003052, 0.2926516532897949, -0.028724126517772675, 0.5123775601387024, 0.5080991983413696, -0.005053396336734295, 0.48866021633148193, 0.4327811300754547, -0.015274622477591038, 0.47691610455513, 0.3841772675514221, -0.024993127211928368, 0.4682908058166504, 0.3424034118652344, -0.030992915853857994, 0.49820318818092346, 0.5518730878829956, -0.00952330231666565, 0.4751649498939514, 0.5045152902603149, -0.019996756687760353, 0.46287965774536133, 0.46890684962272644, -0.026533279567956924, 0.45356085896492004, 0.4318726658821106, -0.030267897993326187]","[0.47422367334365845, 0.7856398820877075, 1.4856136942853482e-07, 0.518348217010498, 0.7655593752861023, -0.0044057611376047134, 0.5540571808815002, 0.7057074308395386, -0.011324813589453697, 0.5729062557220459, 0.6381001472473145, -0.016160564497113228, 0.5698330998420715, 0.5830184817314148, -0.022666364908218384, 0.5535565614700317, 0.6926375031471252, -0.036233946681022644, 0.579169511795044, 0.5957194566726685, -0.04912058264017105, 0.5899607539176941, 0.5346688032150269, -0.05384264886379242, 0.5926629900932312, 0.49662262201309204, -0.05565265938639641, 0.5249312520027161, 0.6695201992988586, -0.038262732326984406, 0.5466310977935791, 0.5581741333007812, -0.0514986477792263, 0.549920916557312, 0.5620671510696411, -0.050979133695364, 0.5461991429328918, 0.592430830001831, -0.04871588572859764, 0.4969303011894226, 0.6518760919570923, -0.03812095522880554, 0.5226544737815857, 0.5482808351516724, -0.046578604727983475, 0.5243322849273682, 0.5601456165313721, -0.03776217997074127, 0.5186611413955688, 0.5916264653205872, -0.030671991407871246, 0.4743068814277649, 0.6400756239891052, -0.037550631910562515, 0.49720120429992676, 0.5615822076797485, -0.04291551560163498, 0.50055330991745, 0.5727659463882446, -0.03506907448172569, 0.4959697127342224, 0.5989488363265991, -0.028028544038534164]"
[],"[0.4871598184108734, 0.7450555562973022, 1.5924219098906178e-07, 0.5473920702934265, 0.7032290697097778, -0.021846119314432144, 0.5870234370231628, 0.6062479615211487, -0.037333447486162186, 0.6065453886985779, 0.5079797506332397, -0.047952450811862946, 0.6278084516525269, 0.4374692738056183, -0.06065012514591217, 0.5540968179702759, 0.5889592170715332, -0.06021774187684059, 0.538762092590332, 0.4601389169692993, -0.08407541364431381, 0.5237102508544922, 0.3821554481983185, -0.09569418430328369, 0.508847713470459, 0.32511356472969055, -0.10255291312932968, 0.5185814499855042, 0.593310534954071, -0.05873795971274376, 0.5033379197120667, 0.45848923921585083, -0.07996847480535507, 0.48779845237731934, 0.3770595192909241, -0.08958947658538818, 0.47654426097869873, 0.3201836943626404, -0.09731007367372513, 0.48881790041923523, 0.6014743447303772, -0.05682048946619034, 0.48076069355010986, 0.48471882939338684, -0.07598767429590225, 0.4658336043357849, 0.4114995002746582, -0.08343338966369629, 0.45390620827674866, 0.3587772250175476, -0.08852826803922653, 0.46679696440696716, 0.6160189509391785, -0.05523417145013809, 0.46449312567710876, 0.5352662801742554, -0.0725727304816246, 0.4537825286388397, 0.48435699939727783, -0.07845304906368256, 0.44311219453811646, 0.44329020380973816, -0.08165860176086426]"
"[0.5664315819740295, 0.7083790898323059, 3.482411159438925e-07, 0.598587155342102, 0.648959755897522, -0.026198554784059525, 0.6089515686035156, 0.5635713338851929, -0.035679563879966736, 0.6127866506576538, 0.48916709423065186, -0.0422799251973629, 0.6310546398162842, 0.4387083351612091, -0.0477927029132843, 0.5459225177764893, 0.4921075999736786, -0.012269600294530392, 0.5228498578071594, 0.41244974732398987, -0.021865949034690857, 0.5075848698616028, 0.3661079704761505, -0.03155694529414177, 0.4946252405643463, 0.3270677626132965, -0.03886834904551506, 0.5194668769836426, 0.5080905556678772, -0.006850038189440966, 0.49361032247543335, 0.4230465888977051, -0.015131927095353603, 0.477169007062912, 0.36585187911987305, -0.025268489494919777, 0.4645065665245056, 0.3178269863128662, -0.032451730221509933, 0.498889297246933, 0.5361870527267456, -0.004659560509026051, 0.47476404905319214, 0.46331971883773804, -0.01264204178005457, 0.4627830684185028, 0.41614416241645813, -0.02089221216738224, 0.4534410238265991, 0.3746178150177002, -0.026202771812677383, 0.4827175736427307, 0.5737789273262024, -0.005274041090160608, 0.4621559977531433, 0.5237542390823364, -0.012432538904249668, 0.45128563046455383, 0.49227210879325867, -0.01668272353708744, 0.4415282905101776, 0.4609283208847046, -0.01896253414452076]",[]
"[0.5723867416381836, 0.7014974355697632, 2.829514187396853e-07, 0.6031985282897949, 0.6438779830932617, -0.02051839604973793, 0.6110010147094727, 0.5607185959815979, -0.02699725143611431, 0.6150138974189758, 0.4887664020061493, -0.032199595123529434, 0.6336342692375183, 0.4407120943069458, -0.03679990395903587, 0.5486424565315247, 0.4880090653896332, -0.006628437899053097, 0.5272629857063293, 0.41083377599716187, -0.016504447907209396, 0.5134373307228088, 0.36340975761413574, -0.02583060786128044, 0.5021483302116394, 0.3243870139122009, -0.03287886828184128, 0.521960973739624, 0.5044087767601013, -0.004572579637169838, 0.49788394570350647, 0.42104509472846985, -0.013471093028783798, 0.48287826776504517, 0.36307257413864136, -0.02328062616288662, 0.47145724296569824, 0.3159934878349304, -0.030219752341508865, 0.5022107362747192, 0.5342679619789124, -0.005629320628941059, 0.47891613841056824, 0.46165457367897034, -0.015039016492664814, 0.4670029878616333, 0.412543922662735, -0.02304931730031967, 0.45817604660987854, 0.37092703580856323, -0.02816118858754635, 0.48756447434425354, 0.5753874778747559, -0.008969936519861221, 0.46674174070358276, 0.5280138254165649, -0.01810895837843418, 0.4555462896823883, 0.49213939905166626, -0.023080900311470032, 0.4465956389904022, 0.4561731517314911, -0.025807784870266914]",[]
"[0.5756039619445801, 0.6999737620353699, 2.6983386192114267e-07, 0.6098396182060242, 0.6377565860748291, -0.01880389265716076, 0.6179724931716919, 0.5519590377807617, -0.02470746450126171, 0.6208586692810059, 0.4792851507663727, -0.029985807836055756, 0.6410812735557556, 0.4317702353000641, -0.034919172525405884, 0.5548719167709351, 0.47607967257499695, -0.0032762782648205757, 0.5346264839172363, 0.400437593460083, -0.013204566203057766, 0.521671712398529, 0.3557113707065582, -0.023398354649543762, 0.511297881603241, 0.3179629445075989, -0.03137943521142006, 0.5291821956634521, 0.4936622381210327, -0.0033312966115772724, 0.5043980479240417, 0.41158053278923035, -0.012839608825743198, 0.4899892508983612, 0.35662055015563965, -0.02402997389435768, 0.47899729013442993, 0.3095833957195282, -0.03185763582587242, 0.5107879638671875, 0.5251483917236328, -0.0065762936137616634, 0.48586058616638184, 0.4517812132835388, -0.017408709973096848, 0.47382688522338867, 0.40342316031455994, -0.026616811752319336, 0.46539828181266785, 0.35994601249694824, -0.032247789204120636, 0.4979695975780487, 0.5696105360984802, -0.012041756883263588, 0.4733538031578064, 0.521513819694519, -0.02260950393974781, 0.46038442850112915, 0.4850544035434723, -0.028331756591796875, 0.4504398703575134, 0.4465806484222412, -0.03147222101688385]",[]
"[0.5891432762145996, 0.5932663679122925, 3.376694621692877e-07, 0.6145358681678772, 0.5537712574005127, -0.023687178269028664, 0.6238037943840027, 0.4876130521297455, -0.037574201822280884, 0.6326010227203369, 0.4325679540634155, -0.048816509544849396, 0.649093747138977, 0.3904763460159302, -0.061051130294799805, 0.5719588398933411, 0.41906827688217163, -0.031500522047281265, 0.5550327301025391, 0.3416023552417755, -0.049236636608839035, 0.543031632900238, 0.28987377882003784, -0.06243696063756943, 0.5325875282287598, 0.2479528784751892, -0.07234363257884979, 0.5482621192932129, 0.4329403042793274, -0.030945414677262306, 0.5266754627227783, 0.3499041795730591, -0.049166467040777206, 0.512518584728241, 0.29059767723083496, -0.06439265608787537, 0.5012299418449402, 0.2429599016904831, -0.07575935125350952, 0.531347930431366, 0.4588477611541748, -0.03201916441321373, 0.5087167024612427, 0.3864382803440094, -0.04975307360291481, 0.49381065368652344, 0.3359922766685486, -0.06144674867391586, 0.4836944043636322, 0.2947423458099365, -0.06910349428653717, 0.5210988521575928, 0.494896799325943, -0.03466655686497688, 0.4976992607116699, 0.44585898518562317, -0.05099853500723839, 0.4846237897872925, 0.41465261578559875, -0.05890969559550285, 0.474117636680603, 0.3852759897708893, -0.06375354528427124]",[]
"[0.580974280834198, 0.6788392066955566, 2.940591627975664e-07, 0.6155380606651306, 0.6202183365821838, -0.01712612621486187, 0.6254160404205322, 0.5377125144004822, -0.02338295616209507, 0.6298704743385315, 0.4682781994342804, -0.029145242646336555, 0.6500339508056641, 0.42201969027519226, -0.0348430797457695, 0.5626380443572998, 0.46130701899528503, -0.005535430740565062, 0.5448088645935059, 0.38787147402763367, -0.015230532735586166, 0.5328693389892578, 0.3426787555217743, -0.024750884622335434, 0.5232516527175903, 0.30482548475265503, -0.03218759596347809, 0.5375271439552307, 0.47798797488212585, -0.006239140406250954, 0.5149706602096558, 0.3962956368923187, -0.015458952635526657, 0.5015660524368286, 0.3413298428058624, -0.02522670105099678, 0.4908113479614258, 0.29516780376434326, -0.0320260114967823, 0.519108772277832, 0.5088894367218018, -0.00973890908062458, 0.4951704740524292, 0.43533027172088623, -0.02005758322775364, 0.48315390944480896, 0.38737961649894714, -0.027998533099889755, 0.4741366505622864, 0.34530794620513916, -0.032898999750614166, 0.5059613585472107, 0.5521324872970581, -0.015205931849777699, 0.4831637144088745, 0.503452479839325, -0.025457406416535378, 0.4707878828048706, 0.4677921235561371, -0.030478138476610184, 0.46043431758880615, 0.4318326711654663, -0.03311586380004883]",[]
"[0.5810136198997498, 0.6563655734062195, 4.2909539388347184e-07, 0.619462788105011, 0.6028416752815247, -0.024932334199547768, 0.6311280727386475, 0.5311445593833923, -0.037551142275333405, 0.6357134580612183, 0.4632539749145508, -0.04823215678334236, 0.6595621109008789, 0.416482150554657, -0.059184033423662186, 0.5708475708961487, 0.45453697443008423, -0.01918354630470276, 0.5529384016990662, 0.37743881344795227, -0.033383797854185104, 0.5404406785964966, 0.32962214946746826, -0.04493085667490959, 0.5295745134353638, 0.29009681940078735, -0.05344884470105171, 0.5448403358459473, 0.470401793718338, -0.017118021845817566, 0.5220712423324585, 0.38584938645362854, -0.030606653541326523, 0.5084716081619263, 0.3286718726158142, -0.04218948259949684, 0.4975432753562927, 0.28001976013183594, -0.04988102242350578, 0.5249865651130676, 0.501859188079834, -0.017967138439416885, 0.5025991201400757, 0.42673397064208984, -0.03208916261792183, 0.4911348819732666, 0.3772391974925995, -0.042334478348493576, 0.4826947748661041, 0.3331553339958191, -0.048147015273571014, 0.5095838904380798, 0.5453913807868958, -0.02099171280860901, 0.4879995584487915, 0.49101218581199646, -0.03391645848751068, 0.47680360078811646, 0.4551262855529785, -0.04065106809139252, 0.46760690212249756, 0.4195387363433838, -0.04417538270354271]",[]
"[0.5820328593254089, 0.6691929697990417, 3.7966552213219984e-07, 0.6203917860984802, 0.6106361150741577, -0.021733488887548447, 0.6314429640769958, 0.531043529510498, -0.032207559794187546, 0.6360009908676147, 0.45904457569122314, -0.0414927639067173, 0.6578288078308105, 0.41016685962677, -0.05106643959879875, 0.5701613426208496, 0.4559178650379181, -0.014843584038317204, 0.5517194271087646, 0.3778045177459717, -0.026696808636188507, 0.5392475128173828, 0.3306241035461426, -0.03657020628452301, 0.5291529893875122, 0.29242727160453796, -0.04409649595618248, 0.5443034172058105, 0.4723273813724518, -0.01420060358941555, 0.5208065509796143, 0.38716787099838257, -0.025204654783010483, 0.5065640211105347, 0.3311028778553009, -0.035384565591812134, 0.4950580596923828, 0.2823125123977661, -0.042425092309713364, 0.5252673625946045, 0.5034169554710388, -0.016349056735634804, 0.5014198422431946, 0.4281403720378876, -0.027910787612199783, 0.48873984813690186, 0.37953391671180725, -0.03686361014842987, 0.47899410128593445, 0.3356596529483795, -0.04248121753334999, 0.5110054612159729, 0.5470964908599854, -0.020638583227992058, 0.4876464903354645, 0.49577635526657104, -0.032204676419496536, 0.4748237133026123, 0.4588947594165802, -0.038533277809619904, 0.4644264280796051, 0.42160266637802124, -0.04205672815442085]",[]
[],"[0.49016818404197693, 0.7927566766738892, -1.3667121834259888e-07, 0.5339773893356323, 0.7919558882713318, -0.0019544109236449003, 0.56816565990448, 0.7472673654556274, -0.007565912324935198, 0.5808753967285156, 0.6893563270568848, -0.012123310938477516, 0.5764509439468384, 0.648614227771759, -0.01615232788026333, 0.5721296072006226, 0.7077125906944275, -0.028907036408782005, 0.6071515679359436, 0.6272919178009033, -0.04361894354224205, 0.6001724004745483, 0.6438459753990173, -0.04725704714655876, 0.5893233418464661, 0.6707578301429749, -0.046624556183815, 0.5492611527442932, 0.6740951538085938, -0.031998053193092346, 0.5829033255577087, 0.586415708065033, -0.04604686424136162, 0.5767819285392761, 0.6104429960250854, -0.04525025188922882, 0.5667805075645447, 0.6437203288078308, -0.04142243415117264, 0.5271040201187134, 0.6529729962348938, -0.03387683629989624, 0.5578416585922241, 0.5747292041778564, -0.04220128059387207, 0.557431697845459, 0.5970190763473511, -0.034700892865657806, 0.5510575771331787, 0.6236859560012817, -0.02736266702413559, 0.5083197355270386, 0.6427456736564636, -0.03492817282676697, 0.5315784215927124, 0.5795136094093323, -0.03708755224943161, 0.5341697335243225, 0.5935717225074768, -0.02845865488052368, 0.5307119488716125, 0.615696132183075, -0.020612265914678574]"
"[0.5738793611526489, 0.6948102712631226, 2.1227864976935962e-07, 0.6121711730957031, 0.6392573118209839, -0.02168956957757473, 0.6251674890518188, 0.5490475296974182, -0.028587788343429565, 0.6278120875358582, 0.47239696979522705, -0.03394705429673195, 0.6459037661552429, 0.4238516390323639, -0.03950662538409233, 0.560477614402771, 0.46855440735816956, -0.012702463194727898, 0.5386834740638733, 0.39182621240615845, -0.02583819255232811, 0.5248851180076599, 0.34445053339004517, -0.03755396604537964, 0.5131986141204834, 0.30702149868011475, -0.04645697772502899, 0.5328360199928284, 0.48574966192245483, -0.01214883103966713, 0.5070466995239258, 0.4012874364852905, -0.023359546437859535, 0.49213558435440063, 0.34601208567619324, -0.03524991124868393, 0.48019126057624817, 0.30034810304641724, -0.04441031813621521, 0.5142194628715515, 0.5199862122535706, -0.014735477976500988, 0.48908308148384094, 0.44396430253982544, -0.027595490217208862, 0.4757094085216522, 0.3951919674873352, -0.038141049444675446, 0.46557116508483887, 0.3511340022087097, -0.04530918970704079, 0.5024268627166748, 0.5677565932273865, -0.01940228044986725, 0.4774656593799591, 0.5209587812423706, -0.03232317417860031, 0.4644397497177124, 0.4848422408103943, -0.039677347987890244, 0.454870343208313, 0.44769027829170227, -0.044324841350317]",[]
[],"[0.5722274780273438, 0.6842318773269653, 2.9161472525629506e-07, 0.6062301993370056, 0.6272364854812622, -0.018062645569443703, 0.6136731505393982, 0.551644504070282, -0.027123475447297096, 0.6176742315292358, 0.4821152687072754, -0.034380316734313965, 0.6388129591941833, 0.43717169761657715, -0.04162430763244629, 0.5524280667304993, 0.4867595434188843, -0.01741989515721798, 0.529556393623352, 0.40824052691459656, -0.027432691305875778, 0.5143594741821289, 0.3612634241580963, -0.034400999546051025, 0.5025929808616638, 0.3247136175632477, -0.039742570370435715, 0.5261647701263428, 0.5052912831306458, -0.015551862306892872, 0.5000331997871399, 0.4224089980125427, -0.025396933779120445, 0.48335400223731995, 0.36601272225379944, -0.033549726009368896, 0.4705396294593811, 0.3204360008239746, -0.03963194414973259, 0.5076583623886108, 0.5366409420967102, -0.015174158848822117, 0.48285961151123047, 0.4669433832168579, -0.02446078322827816, 0.46808192133903503, 0.4190236032009125, -0.03143136948347092, 0.4574533998966217, 0.3777230978012085, -0.036308303475379944, 0.496385782957077, 0.5753823518753052, -0.016240781173110008, 0.4704821705818176, 0.5323993563652039, -0.02549538016319275, 0.4567335247993469, 0.4986688494682312, -0.030742187052965164, 0.446216344833374, 0.4650650918483734, -0.03378178924322128]"
[],"[0.49648112058639526, 0.719785213470459, 1.1150898160394718e-07, 0.555006206035614, 0.6792351603507996, -0.013524978421628475, 0.5857434868812561, 0.5897223949432373, -0.022884072735905647, 0.6069696545600891, 0.4998483657836914, -0.02966112084686756, 0.6314654350280762, 0.4423384666442871, -0.03820652514696121, 0.554631769657135, 0.5611391067504883, -0.03855825588107109, 0.5381450057029724, 0.4512138068675995, -0.055455002933740616, 0.5221924781799316, 0.38480836153030396, -0.0637008473277092, 0.5060145854949951, 0.337108314037323, -0.06881655007600784, 0.5225533246994019, 0.563717782497406, -0.038897451013326645, 0.5048722624778748, 0.4493061304092407, -0.0540955550968647, 0.48886239528656006, 0.3803485631942749, -0.06231198087334633, 0.47442391514778137, 0.33239278197288513, -0.0685620903968811, 0.4953421652317047, 0.5785896182060242, -0.03866437450051308, 0.4805455207824707, 0.48062023520469666, -0.05282554030418396, 0.46549052000045776, 0.4208056628704071, -0.06082996726036072, 0.45166483521461487, 0.379912793636322, -0.06620581448078156, 0.47700539231300354, 0.6011720299720764, -0.03832181915640831, 0.46404966711997986, 0.5378214120864868, -0.05016767606139183, 0.4520803987979889, 0.49623778462409973, -0.05542735010385513, 0.44122540950775146, 0.4644690752029419, -0.05856269225478172]"
[],"[0.4974801540374756, 0.7206887006759644, 1.4725557662131905e-07, 0.5570509433746338, 0.6818145513534546, -0.01620412990450859, 0.591778039932251, 0.5947479605674744, -0.025409365072846413, 0.6129637360572815, 0.5071330666542053, -0.0319773405790329, 0.6360154747962952, 0.446268767118454, -0.040072713047266006, 0.5518680810928345, 0.5450007915496826, -0.03232917562127113, 0.5341576337814331, 0.43829721212387085, -0.0472220741212368, 0.517366886138916, 0.37508073449134827, -0.055105749517679214, 0.5020385384559631, 0.3303758203983307, -0.06026287004351616, 0.5225976705551147, 0.5530209541320801, -0.03160007670521736, 0.5039087533950806, 0.4429762363433838, -0.04584726318717003, 0.48688581585884094, 0.3740804195404053, -0.055298399180173874, 0.47325247526168823, 0.32486531138420105, -0.06229674816131592, 0.49865901470184326, 0.5727698802947998, -0.03114127553999424, 0.4818948209285736, 0.477134644985199, -0.04384525492787361, 0.4657142460346222, 0.4177360534667969, -0.05182766541838646, 0.4529877305030823, 0.37582194805145264, -0.05727184936404228, 0.48271363973617554, 0.6000268459320068, -0.03129498288035393, 0.4675406515598297, 0.5353149175643921, -0.042780984193086624, 0.4542252719402313, 0.4930293560028076, -0.048519592732191086, 0.4442310929298401, 0.45909279584884644, -0.05177556350827217]"
[],"[0.5735573768615723, 0.6911482214927673, 3.4097917023245827e-07, 0.6079626679420471, 0.6337390542030334, -0.019290735945105553, 0.616911768913269, 0.5542624592781067, -0.02813134901225567, 0.6221533417701721, 0.48407500982284546, -0.03494907543063164, 0.6425564289093018, 0.4381173551082611, -0.041648395359516144, 0.5568163394927979, 0.4900910258293152, -0.017354128882288933, 0.5341509580612183, 0.41020631790161133, -0.027299433946609497, 0.5189248919487, 0.3613041341304779, -0.03436986356973648, 0.5068885087966919, 0.3236770033836365, -0.03963509202003479, 0.5297773480415344, 0.5072989463806152, -0.014688750728964806, 0.5054430961608887, 0.42073193192481995, -0.02352013997733593, 0.48926734924316406, 0.3628089129924774, -0.030685942620038986, 0.4769337773323059, 0.31620317697525024, -0.035703208297491074, 0.5104007720947266, 0.5371398329734802, -0.01387370377779007, 0.48654797673225403, 0.4636463522911072, -0.02227715589106083, 0.4725916087627411, 0.4133361577987671, -0.028979407623410225, 0.4624445140361786, 0.37125033140182495, -0.03338446840643883, 0.4975839853286743, 0.5752233266830444, -0.01473329495638609, 0.47612327337265015, 0.5280575752258301, -0.023198138922452927, 0.4635191559791565, 0.49359482526779175, -0.028005387634038925, 0.4538555145263672, 0.4604383111000061, -0.030540795996785164]"
[],"[0.465523362159729, 0.7702471017837524, -1.8873445029043978e-08, 0.5128591060638428, 0.7638532519340515, -0.003846969222649932, 0.5443149209022522, 0.7083222270011902, -0.009727297350764275, 0.5536569356918335, 0.635478138923645, -0.013138503767549992, 0.5466094613075256, 0.5859217047691345, -0.016505364328622818, 0.5498887896537781, 0.6704879403114319, -0.03365321457386017, 0.5719595551490784, 0.5725712776184082, -0.04565081745386124, 0.5739021897315979, 0.5580545663833618, -0.04763197898864746, 0.570538341999054, 0.5646279454231262, -0.04643002152442932, 0.5214113593101501, 0.6409358978271484, -0.03463200479745865, 0.5452063083648682, 0.5347096920013428, -0.046943359076976776, 0.5483798384666443, 0.5367987155914307, -0.04564101621508598, 0.5444591045379639, 0.5615993738174438, -0.04189839959144592, 0.493579626083374, 0.6200768351554871, -0.03380892425775528, 0.5174198150634766, 0.5275987982749939, -0.040411897003650665, 0.5227943658828735, 0.5278648734092712, -0.0350271537899971, 0.5198841691017151, 0.54543137550354, -0.029807835817337036, 0.46999073028564453, 0.610267698764801, -0.03229805454611778, 0.48766738176345825, 0.5415522456169128, -0.03529449924826622, 0.49364399909973145, 0.526321530342102, -0.031019214540719986, 0.4925062656402588, 0.5232625007629395, -0.026439009234309196]"
"[0.5735895037651062, 0.603790283203125, 2.4481443006152404e-07, 0.6044143438339233, 0.5623074769973755, -0.02095399610698223, 0.618135929107666, 0.4908219277858734, -0.03303556889295578, 0.6274741291999817, 0.4315139949321747, -0.04271445795893669, 0.6443292498588562, 0.38813844323158264, -0.05368119478225708, 0.5697271227836609, 0.4251571595668793, -0.0290073174983263, 0.5511476993560791, 0.34926891326904297, -0.045216821134090424, 0.5385676622390747, 0.2982516288757324, -0.057421863079071045, 0.5281598567962646, 0.25770795345306396, -0.06693266332149506, 0.5462583899497986, 0.4351756274700165, -0.02902463637292385, 0.5253095030784607, 0.35534048080444336, -0.04549023136496544, 0.5123839378356934, 0.29853323101997375, -0.06019366905093193, 0.5014230012893677, 0.25201624631881714, -0.07195069640874863, 0.5292244553565979, 0.45873045921325684, -0.03034397028386593, 0.5094367861747742, 0.3939187824726105, -0.046569328755140305, 0.4973384141921997, 0.347589373588562, -0.05780097469687462, 0.4896051585674286, 0.30901914834976196, -0.06587835401296616, 0.5181869864463806, 0.49186524748802185, -0.03298120200634003, 0.4984448552131653, 0.4469296932220459, -0.0484059639275074, 0.4879629611968994, 0.41530153155326843, -0.05605858936905861, 0.47980648279190063, 0.38552993535995483, -0.06132657825946808]",[]
"[0.6013047695159912, 0.6637606620788574, 3.2521361958970374e-07, 0.6281344890594482, 0.6097196340560913, -0.025780584663152695, 0.6360588669776917, 0.53584885597229, -0.03763827309012413, 0.6418973207473755, 0.4678311347961426, -0.04696088284254074, 0.6627272367477417, 0.4210500121116638, -0.055911485105752945, 0.5759681463241577, 0.4587692320346832, -0.018962372094392776, 0.5560774207115173, 0.38264980912208557, -0.03258104994893074, 0.5437533855438232, 0.33575692772865295, -0.04417717829346657, 0.5331496596336365, 0.2957228124141693, -0.052896056324243546, 0.5511759519577026, 0.4741540551185608, -0.015935486182570457, 0.5286483764648438, 0.3936128616333008, -0.028502684086561203, 0.5148376226425171, 0.33847305178642273, -0.03973621502518654, 0.5039113163948059, 0.2917519211769104, -0.047594428062438965, 0.5328653454780579, 0.5036443471908569, -0.016026964411139488, 0.5088450312614441, 0.4317663609981537, -0.028722207993268967, 0.4961180090904236, 0.38267630338668823, -0.03847014158964157, 0.48722782731056213, 0.33932578563690186, -0.04465640336275101, 0.5199445486068726, 0.5450103282928467, -0.018560927361249924, 0.4952627420425415, 0.4990854263305664, -0.030638234689831734, 0.4822711646556854, 0.4640665352344513, -0.03734785318374634, 0.47264882922172546, 0.4274744987487793, -0.04123665764927864]",[]
"[0.47028130292892456, 0.794851541519165, 6.179115530358104e-08, 0.5145731568336487, 0.7825349569320679, -0.00027356410282664, 0.5427936315536499, 0.7282097339630127, -0.003306135768070817, 0.5468008518218994, 0.6648064851760864, -0.004805399104952812, 0.5403424501419067, 0.6227747201919556, -0.00620832247659564, 0.5359615087509155, 0.7024344205856323, -0.027426160871982574, 0.5559704303741455, 0.6131041646003723, -0.03487563133239746, 0.5587674379348755, 0.6177994608879089, -0.03184027597308159, 0.5543491840362549, 0.6429034471511841, -0.027070939540863037, 0.5118244290351868, 0.6780778765678406, -0.02932240441441536, 0.5348350405693054, 0.5818050503730774, -0.03739805519580841, 0.5395515561103821, 0.5936951041221619, -0.03450234606862068, 0.535692572593689, 0.6239513754844666, -0.030521096661686897, 0.48833760619163513, 0.6618459820747375, -0.029337849467992783, 0.5118979811668396, 0.5699708461761475, -0.034551795572042465, 0.5196509957313538, 0.5879354476928711, -0.029116373509168625, 0.5198976397514343, 0.6161553859710693, -0.024170096963644028, 0.4675471782684326, 0.6587726473808289, -0.028248360380530357, 0.4897553324699402, 0.5928743481636047, -0.032332662492990494, 0.500214695930481, 0.6024366617202759, -0.02800179272890091, 0.503875732421875, 0.6216487884521484, -0.023398786783218384]","[0.6055040955543518, 0.6615946292877197, 3.0965122732595773e-07, 0.6330774426460266, 0.6070094704627991, -0.023970909416675568, 0.6407272815704346, 0.5294477939605713, -0.03454405814409256, 0.6462322473526001, 0.46085312962532043, -0.04330362007021904, 0.6670440435409546, 0.4138908088207245, -0.05159229412674904, 0.579176664352417, 0.4506613314151764, -0.013473398983478546, 0.5602781176567078, 0.37519580125808716, -0.02581736072897911, 0.5483583807945251, 0.3284749388694763, -0.03726205974817276, 0.5382229089736938, 0.2891612648963928, -0.0461604930460453, 0.5541430115699768, 0.4657800793647766, -0.011650304310023785, 0.531613290309906, 0.3837437629699707, -0.023571746423840523, 0.5181050300598145, 0.3272133469581604, -0.03528943285346031, 0.5075300931930542, 0.2790736258029938, -0.04356090724468231, 0.5357497930526733, 0.49593687057495117, -0.012986568734049797, 0.5123892426490784, 0.42100590467453003, -0.02563684619963169, 0.5007961988449097, 0.37188029289245605, -0.035339273512363434, 0.4923001527786255, 0.32825523614883423, -0.041412048041820526, 0.5228019952774048, 0.5395573377609253, -0.016725270077586174, 0.4994015395641327, 0.49063220620155334, -0.02931954525411129, 0.4864078760147095, 0.45497941970825195, -0.03604525327682495, 0.4760129451751709, 0.4181235432624817, -0.03978536278009415]"
"[0.6041499972343445, 0.6566438674926758, 3.5040707757616474e-07, 0.6302985548973083, 0.6054169535636902, -0.02715202420949936, 0.6371515393257141, 0.5322912931442261, -0.040017299354076385, 0.6409062147140503, 0.46422532200813293, -0.050118133425712585, 0.6607248783111572, 0.4144987165927887, -0.05972721055150032, 0.5764538049697876, 0.4553353488445282, -0.02136893756687641, 0.5569069385528564, 0.3797895610332489, -0.0356409065425396, 0.5437944531440735, 0.3324792981147766, -0.04748153313994408, 0.5324313640594482, 0.29190897941589355, -0.05649185925722122, 0.5506875514984131, 0.4697721004486084, -0.018294325098395348, 0.5278226733207703, 0.3883078396320343, -0.0322192944586277, 0.5135124921798706, 0.33281761407852173, -0.044363245368003845, 0.5025571584701538, 0.2858944535255432, -0.052774578332901, 0.5320917367935181, 0.49966758489608765, -0.018159199506044388, 0.5079020261764526, 0.4284903109073639, -0.03172409534454346, 0.49558818340301514, 0.3792212903499603, -0.041530005633831024, 0.48707544803619385, 0.33534204959869385, -0.04772306606173515, 0.5189905166625977, 0.5428945422172546, -0.020550820976495743, 0.4947219491004944, 0.4957287311553955, -0.03313978388905525, 0.481742262840271, 0.46068572998046875, -0.03963888809084892, 0.47153812646865845, 0.4243088364601135, -0.04335711523890495]","[0.4713114798069, 0.7939658164978027, 1.0165280173168867e-07, 0.5147129893302917, 0.7819863557815552, -0.0017805172828957438, 0.5429590344429016, 0.7302302122116089, -0.006589104887098074, 0.5461440086364746, 0.6680194139480591, -0.008893398568034172, 0.5412852764129639, 0.6268718838691711, -0.01006517093628645, 0.5336102247238159, 0.7108272314071655, -0.035485126078128815, 0.5571103096008301, 0.6177601218223572, -0.04285353049635887, 0.559464693069458, 0.6276283264160156, -0.03726281225681305, 0.5525379776954651, 0.6552573442459106, -0.029882241040468216, 0.5066878795623779, 0.6871641278266907, -0.03571038693189621, 0.5330566763877869, 0.5831597447395325, -0.044489163905382156, 0.542104959487915, 0.5959198474884033, -0.03885268419981003, 0.5379221439361572, 0.6267608404159546, -0.03239159658551216, 0.48306015133857727, 0.6695917248725891, -0.033403534442186356, 0.5083649158477783, 0.573330283164978, -0.03761240839958191, 0.5212828516960144, 0.5909683108329773, -0.03005474992096424, 0.5209822058677673, 0.6197860240936279, -0.023366551846265793, 0.46401721239089966, 0.6631309390068054, -0.030024362727999687, 0.4886537194252014, 0.5926374197006226, -0.031933315098285675, 0.503165602684021, 0.6025574803352356, -0.025850912556052208, 0.5060197114944458, 0.624158501625061, -0.019993700087070465]"
"[0.599078893661499, 0.65489262342453, 3.8706122040821356e-07, 0.6253354549407959, 0.6032778024673462, -0.02739553712308407, 0.6311678886413574, 0.5319327116012573, -0.04081489518284798, 0.6334623694419861, 0.46457454562187195, -0.05134827271103859, 0.6541922092437744, 0.41598615050315857, -0.06134498491883278, 0.5681226253509521, 0.45918458700180054, -0.021947231143712997, 0.5484914779663086, 0.38641655445098877, -0.03584572300314903, 0.5346657037734985, 0.3404533863067627, -0.047057244926691055, 0.5229274034500122, 0.3011379837989807, -0.055527303367853165, 0.5431827306747437, 0.4745813310146332, -0.018179945647716522, 0.5189151167869568, 0.39587026834487915, -0.032227374613285065, 0.5036119222640991, 0.34181398153305054, -0.04389738291501999, 0.49148792028427124, 0.29383230209350586, -0.05172864347696304, 0.5256529450416565, 0.5041313767433167, -0.017214041203260422, 0.500655472278595, 0.43483665585517883, -0.03079165518283844, 0.48744821548461914, 0.38767412304878235, -0.04027499631047249, 0.47772878408432007, 0.34552904963493347, -0.04588687792420387, 0.5137479901313782, 0.5461756587028503, -0.018735522404313087, 0.48802822828292847, 0.5003663897514343, -0.030943261459469795, 0.474470853805542, 0.46621325612068176, -0.037361495196819305, 0.4635225832462311, 0.4306066036224365, -0.04088981822133064]",[]
"[0.5871111750602722, 0.6666104197502136, 3.4318387065468414e-07, 0.6163814067840576, 0.6127688884735107, -0.022904034703969955, 0.6235235929489136, 0.5342807173728943, -0.03323526307940483, 0.627941906452179, 0.46620774269104004, -0.041739221662282944, 0.648261547088623, 0.41986769437789917, -0.05003758892416954, 0.5600095987319946, 0.4610353410243988, -0.01563519984483719, 0.540847659111023, 0.38815850019454956, -0.028617369011044502, 0.5272837281227112, 0.34231966733932495, -0.039624813944101334, 0.5157546401023865, 0.30469685792922974, -0.04781555384397507, 0.5355740189552307, 0.4789741039276123, -0.014129864051938057, 0.5122672319412231, 0.3990587294101715, -0.026790088042616844, 0.4974675178527832, 0.3448534607887268, -0.03784918040037155, 0.4854031503200531, 0.29818034172058105, -0.045292556285858154, 0.5178963541984558, 0.5105156302452087, -0.015462922863662243, 0.49414682388305664, 0.4391061067581177, -0.028150878846645355, 0.48125016689300537, 0.39127522706985474, -0.037154681980609894, 0.47126060724258423, 0.3494250774383545, -0.042506683617830276, 0.5055544972419739, 0.554463267326355, -0.019036147743463516, 0.4814521074295044, 0.5066649913787842, -0.030923286452889442, 0.46766018867492676, 0.4715324342250824, -0.036987874656915665, 0.45582377910614014, 0.4357583224773407, -0.040223486721515656]",[]
"[0.5729397535324097, 0.6744897961616516, 3.1110326403904764e-07, 0.6069992184638977, 0.6132590770721436, -0.01923953741788864, 0.615846574306488, 0.5373554229736328, -0.027929993346333504, 0.6191022396087646, 0.4689067006111145, -0.035382095724344254, 0.636689305305481, 0.4218420088291168, -0.04294535890221596, 0.5543673634529114, 0.4661564826965332, -0.013922673650085926, 0.5320479869842529, 0.3934552073478699, -0.025722218677401543, 0.5172891616821289, 0.34941840171813965, -0.03559722378849983, 0.5046479105949402, 0.3120150566101074, -0.04330693930387497, 0.5289965867996216, 0.484874963760376, -0.014086191542446613, 0.5031284689903259, 0.40407025814056396, -0.02633197419345379, 0.4869385361671448, 0.35201430320739746, -0.037492260336875916, 0.4739592671394348, 0.3081653118133545, -0.04508071765303612, 0.5105491280555725, 0.519050121307373, -0.016491692513227463, 0.4848286509513855, 0.4487251341342926, -0.02913799323141575, 0.4702953100204468, 0.40094929933547974, -0.03842281922698021, 0.4592953324317932, 0.3585498332977295, -0.0440438836812973, 0.4971495270729065, 0.5656036138534546, -0.02066505327820778, 0.47270506620407104, 0.5199083685874939, -0.032604388892650604, 0.45922985672950745, 0.4868919253349304, -0.03844982013106346, 0.4480183720588684, 0.4523460865020752, -0.041557539254426956]","[0.4737227261066437, 0.8234481811523438, -6.042300526587496e-08, 0.5190457701683044, 0.8114653825759888, 0.0002296976890647784, 0.5486899614334106, 0.7621474266052246, -0.0036868518218398094, 0.5569367408752441, 0.701118528842926, -0.006675289012491703, 0.5483092665672302, 0.6584702134132385, -0.009098412469029427, 0.5508412718772888, 0.7366246581077576, -0.022463509812951088, 0.5742862820625305, 0.6479776501655579, -0.032346732914447784, 0.5674740076065063, 0.6530067324638367, -0.03441924229264259, 0.5565719604492188, 0.6809338331222534, -0.03283136710524559, 0.5265296697616577, 0.7059155702590942, -0.024252083152532578, 0.5494930148124695, 0.6067629456520081, -0.032402630895376205, 0.5481864809989929, 0.6175662875175476, -0.031208211556077003, 0.5394604802131653, 0.6505106091499329, -0.028474291786551476, 0.5034311413764954, 0.6801990866661072, -0.02457492984831333, 0.528149425983429, 0.5967134237289429, -0.02756519801914692, 0.531161904335022, 0.6101498007774353, -0.02318904548883438, 0.5257413983345032, 0.6377608180046082, -0.019466007128357887, 0.4852292835712433, 0.6641143560409546, -0.02408604510128498, 0.5045146942138672, 0.6047621369361877, -0.02406562864780426, 0.5084124207496643, 0.6152889132499695, -0.0186245609074831, 0.5047308802604675, 0.6375217437744141, -0.01376908365637064]"
"[0.568244457244873, 0.6669164896011353, 3.770774696931767e-07, 0.6021981239318848, 0.6086571216583252, -0.020404977723956108, 0.610671877861023, 0.5347079038619995, -0.03023262321949005, 0.6131836175918579, 0.46783778071403503, -0.038632504642009735, 0.6313811540603638, 0.42182818055152893, -0.0472429022192955, 0.5469701886177063, 0.4687448740005493, -0.016124112531542778, 0.5242968797683716, 0.3960733413696289, -0.027138501405715942, 0.5086246728897095, 0.3510475158691406, -0.0358610674738884, 0.4959436357021332, 0.31599676609039307, -0.04245800897479057, 0.5208423137664795, 0.4894053041934967, -0.015036555007100105, 0.4943825602531433, 0.407498300075531, -0.025362875312566757, 0.4781026542186737, 0.35380613803863525, -0.034140512347221375, 0.4656832218170166, 0.3101401925086975, -0.04005353897809982, 0.5027080178260803, 0.5227717161178589, -0.016317037865519524, 0.4770257771015167, 0.45024028420448303, -0.027505194768309593, 0.46273940801620483, 0.4045723080635071, -0.036059677600860596, 0.45187830924987793, 0.36489322781562805, -0.041303616017103195, 0.49032261967658997, 0.5664516687393188, -0.019425077363848686, 0.46625199913978577, 0.5213103294372559, -0.03102947399020195, 0.4525443911552429, 0.48890212178230286, -0.03758057951927185, 0.441307008266449, 0.45535096526145935, -0.04105307534337044]","[0.4827190339565277, 0.8296230435371399, -6.127169172032154e-08, 0.4788602888584137, 0.7551352977752686, 0.005114241968840361, 0.4980847239494324, 0.695439875125885, 0.0025580222718417645, 0.5265438556671143, 0.6691141724586487, -0.0016576764173805714, 0.551584005355835, 0.6667996644973755, -0.005739893298596144, 0.5026577115058899, 0.6842069029808044, -0.012663975358009338, 0.537450909614563, 0.6122360825538635, -0.02309964969754219, 0.5466861724853516, 0.6015360355377197, -0.026055531576275826, 0.5448639988899231, 0.6043152213096619, -0.025644591078162193, 0.5244755744934082, 0.7052549123764038, -0.020793413743376732, 0.5632376074790955, 0.6142601370811462, -0.03227156028151512, 0.5701892971992493, 0.628962516784668, -0.03309781476855278, 0.5620265603065491, 0.6609408855438232, -0.029993146657943726, 0.5456178784370422, 0.736739456653595, -0.027700277045369148, 0.5820342898368835, 0.6529765129089355, -0.03526531904935837, 0.5856685042381287, 0.6631966233253479, -0.03039085492491722, 0.5774851441383362, 0.6860813498497009, -0.024382533505558968, 0.5635244846343994, 0.7709422707557678, -0.03367339074611664, 0.5916064381599426, 0.7069512605667114, -0.03646756336092949, 0.5924968123435974, 0.7109453678131104, -0.029728934168815613, 0.5855585336685181, 0.7279943227767944, -0.022991495206952095]"
"[0.5738022923469543, 0.6782033443450928, 3.3937865850930393e-07, 0.6051867008209229, 0.6119382381439209, -0.018635869026184082, 0.6102943420410156, 0.5339348912239075, -0.02624872513115406, 0.6109578013420105, 0.4674156904220581, -0.03310365974903107, 0.627956211566925, 0.4210367202758789, -0.04002297297120094, 0.5428344011306763, 0.4703493118286133, -0.009920120239257812, 0.5201205611228943, 0.39891988039016724, -0.020657598972320557, 0.5051328539848328, 0.35568588972091675, -0.030457478016614914, 0.4923592507839203, 0.31987956166267395, -0.03802182897925377, 0.5179932117462158, 0.49150508642196655, -0.009969200007617474, 0.49178165197372437, 0.40969184041023254, -0.019799016416072845, 0.4751534163951874, 0.3570505380630493, -0.02939952351152897, 0.46211761236190796, 0.3124336004257202, -0.036190215498209, 0.5013088583946228, 0.5256256461143494, -0.012742521241307259, 0.47459089756011963, 0.45522573590278625, -0.023391110822558403, 0.4600691795349121, 0.40876802802085876, -0.03175133839249611, 0.4489164352416992, 0.3673056960105896, -0.037091005593538284, 0.4901750087738037, 0.5716121792793274, -0.017522059381008148, 0.4647623300552368, 0.5269907712936401, -0.02836036868393421, 0.45068806409835815, 0.4940655529499054, -0.03401642292737961, 0.4391653537750244, 0.45961469411849976, -0.03712557256221771]","[0.48858121037483215, 0.8251959085464478, -3.634549017306199e-08, 0.5384731292724609, 0.8210135698318481, -0.0010945816757157445, 0.5776008367538452, 0.7783398032188416, -0.005595104303210974, 0.5944312810897827, 0.7180925607681274, -0.00946055632084608, 0.5918362736701965, 0.6754900217056274, -0.012524439021945, 0.573796272277832, 0.7421247959136963, -0.02236812375485897, 0.6045845746994019, 0.6550083160400391, -0.03507986664772034, 0.6093250513076782, 0.66411292552948, -0.03911035880446434, 0.6038761734962463, 0.6846686601638794, -0.03859543800354004, 0.5501683950424194, 0.7078480124473572, -0.025649581104516983, 0.5852426290512085, 0.615443229675293, -0.03663798049092293, 0.5918775796890259, 0.6353476047515869, -0.03713443875312805, 0.5841692686080933, 0.6673923134803772, -0.03450971841812134, 0.5279155373573303, 0.6831192970275879, -0.027672341093420982, 0.5607128143310547, 0.6023154258728027, -0.03371215984225273, 0.5692245960235596, 0.6249082684516907, -0.027599968016147614, 0.5640742778778076, 0.6534848213195801, -0.021623000502586365, 0.5097903609275818, 0.6663104295730591, -0.029171420261263847, 0.5376636981964111, 0.6067644357681274, -0.031208904460072517, 0.5448973774909973, 0.6227145195007324, -0.023881997913122177, 0.541217565536499, 0.645907998085022, -0.01688479632139206]"
"[0.4941672682762146, 0.8123270273208618, 1.7527066020761595e-08, 0.507719874382019, 0.7605657577514648, -0.004151357337832451, 0.5322567820549011, 0.6978886127471924, -0.011879106983542442, 0.5565442442893982, 0.6522727608680725, -0.01837647520005703, 0.5754166841506958, 0.6388711929321289, -0.02567083202302456, 0.5278587937355042, 0.6784466505050659, -0.02990337274968624, 0.5473098158836365, 0.5919204950332642, -0.04357738792896271, 0.552803099155426, 0.5391162037849426, -0.04928518086671829, 0.5548465251922607, 0.49460938572883606, -0.05287504196166992, 0.5382727980613708, 0.6820971965789795, -0.03442005813121796, 0.5736702680587769, 0.5876205563545227, -0.05146440491080284, 0.5784102082252502, 0.6093607544898987, -0.05258231610059738, 0.5739606618881226, 0.6447560787200928, -0.0491187646985054, 0.5471951961517334, 0.6966015100479126, -0.03724370524287224, 0.5781556367874146, 0.6066616177558899, -0.04876980185508728, 0.5789633989334106, 0.6224099397659302, -0.03976923227310181, 0.5722195506095886, 0.6483509540557861, -0.030395396053791046, 0.5544744729995728, 0.7129074335098267, -0.039892833679914474, 0.5765844583511353, 0.6368584036827087, -0.044746510684490204, 0.5752535462379456, 0.6366624236106873, -0.035946790128946304, 0.5694507360458374, 0.6476276516914368, -0.027789277955889702]",[]
"[0.5627064108848572, 0.6953175067901611, 2.560343546065269e-07, 0.6018770337104797, 0.6301644444465637, -0.018421826884150505, 0.6124013662338257, 0.5465086698532104, -0.023803692311048508, 0.6142708659172058, 0.471608430147171, -0.02849666215479374, 0.6309776902198792, 0.42070358991622925, -0.0328872911632061, 0.5452483892440796, 0.47206637263298035, -0.003941312897950411, 0.5223370790481567, 0.39687150716781616, -0.01306846272200346, 0.507046639919281, 0.35336342453956604, -0.022309044376015663, 0.49398788809776306, 0.31742051243782043, -0.029699215665459633, 0.5200642943382263, 0.4929916560649872, -0.0036410538014024496, 0.4938161373138428, 0.4118223190307617, -0.01211733091622591, 0.47704923152923584, 0.3567257821559906, -0.02302081510424614, 0.4628085494041443, 0.3124026358127594, -0.03113936074078083, 0.5028398036956787, 0.5284053087234497, -0.006327326875180006, 0.4771778881549835, 0.45715367794036865, -0.01629324071109295, 0.4628855884075165, 0.41062894463539124, -0.025315625593066216, 0.45108431577682495, 0.36991435289382935, -0.031168492510914803, 0.49101606011390686, 0.5748805403709412, -0.011068768799304962, 0.46509838104248047, 0.5295336842536926, -0.02167804352939129, 0.45088252425193787, 0.495514452457428, -0.02776818722486496, 0.4385465979576111, 0.4604179561138153, -0.031174881383776665]",[]
[],"[0.5375117063522339, 0.7147937417030334, 1.6579258499405114e-07, 0.5895103216171265, 0.6648476719856262, -0.017987988889217377, 0.6081210970878601, 0.5740113258361816, -0.024047652259469032, 0.6156971454620361, 0.48864734172821045, -0.028043396770954132, 0.6321951746940613, 0.4312516748905182, -0.032256659120321274, 0.5491564273834229, 0.5003917217254639, -0.013566740788519382, 0.5256622433662415, 0.4134340286254883, -0.02299734577536583, 0.5092536211013794, 0.3622073531150818, -0.0319015234708786, 0.4945884644985199, 0.3232635259628296, -0.0391332171857357, 0.5200581550598145, 0.5169961452484131, -0.011450855992734432, 0.4944891631603241, 0.42496058344841003, -0.020497901365160942, 0.47745323181152344, 0.36373966932296753, -0.03173677250742912, 0.46261006593704224, 0.31559813022613525, -0.04103543981909752, 0.4991183578968048, 0.5489334464073181, -0.010975131765007973, 0.4773476719856262, 0.46846625208854675, -0.021168772131204605, 0.4615849256515503, 0.4139822721481323, -0.03151113912463188, 0.4482094645500183, 0.3696175217628479, -0.03914319723844528, 0.48833906650543213, 0.5903151631355286, -0.0117275919765234, 0.4648934006690979, 0.5382475256919861, -0.02285916544497013, 0.4494616687297821, 0.49884966015815735, -0.029996898025274277, 0.43797630071640015, 0.4628225862979889, -0.03457188978791237]"
[],"[0.5625550746917725, 0.6889758706092834, 3.522352187701472e-07, 0.5984745025634766, 0.6314100623130798, -0.01986798271536827, 0.6085195541381836, 0.5506916642189026, -0.030550645664334297, 0.6149434447288513, 0.47861871123313904, -0.0386611707508564, 0.634320855140686, 0.42852291464805603, -0.04710707813501358, 0.5539127588272095, 0.5019693374633789, -0.025405431166291237, 0.5283492207527161, 0.41844844818115234, -0.038036782294511795, 0.5104600191116333, 0.36802709102630615, -0.0456869974732399, 0.49561449885368347, 0.32901453971862793, -0.051397521048784256, 0.5240770578384399, 0.5202972292900085, -0.023731058463454247, 0.49598920345306396, 0.42795267701148987, -0.03764614090323448, 0.4772515594959259, 0.36680519580841064, -0.04757394641637802, 0.4633026123046875, 0.3192385137081146, -0.05416141450405121, 0.5023607611656189, 0.5506460070610046, -0.02323451265692711, 0.47755807638168335, 0.47096729278564453, -0.036079347133636475, 0.46088162064552307, 0.41713422536849976, -0.044874407351017, 0.44829440116882324, 0.37255653738975525, -0.05010493844747543, 0.4885888695716858, 0.5869424343109131, -0.023906975984573364, 0.46531370282173157, 0.5339481234550476, -0.03577258065342903, 0.4510051906108856, 0.4985395073890686, -0.04195451736450195, 0.439279168844223, 0.46485114097595215, -0.04513457044959068]"
[],"[0.5081115961074829, 0.7009069919586182, 1.0560876262388774e-07, 0.5608699917793274, 0.6482905745506287, -0.009942207485437393, 0.5872749090194702, 0.56742262840271, -0.016720933839678764, 0.6076292991638184, 0.49061596393585205, -0.022449109703302383, 0.627336323261261, 0.43846192955970764, -0.02940458059310913, 0.5485085248947144, 0.515692949295044, -0.022718356922268867, 0.5287984013557434, 0.41760796308517456, -0.03566635772585869, 0.5120300054550171, 0.3641372323036194, -0.04364835470914841, 0.49544376134872437, 0.32470059394836426, -0.04872909188270569, 0.5180639028549194, 0.5266400575637817, -0.024401143193244934, 0.49939683079719543, 0.42437320947647095, -0.03636384755373001, 0.48231959342956543, 0.3614271879196167, -0.0457119382917881, 0.466030091047287, 0.31580695509910583, -0.05253852903842926, 0.4934091567993164, 0.5496407151222229, -0.025960151106119156, 0.47713392972946167, 0.46733641624450684, -0.03610106557607651, 0.46330544352531433, 0.4132940471172333, -0.04378124326467514, 0.4506627917289734, 0.3719136118888855, -0.04916390776634216, 0.47708752751350403, 0.5805530548095703, -0.027771197259426117, 0.46226584911346436, 0.5254937410354614, -0.036479584872722626, 0.45105454325675964, 0.4904715418815613, -0.04035352170467377, 0.4411405920982361, 0.461490273475647, -0.04244990646839142]"
"[0.5765277743339539, 0.6750442981719971, 4.515628404533345e-07, 0.6080489158630371, 0.6211672425270081, -0.027834724634885788, 0.6169062256813049, 0.5444546341896057, -0.04199853166937828, 0.6199381351470947, 0.4741078317165375, -0.052410244941711426, 0.636151909828186, 0.4202788174152374, -0.06270454823970795, 0.5579708218574524, 0.4944179356098175, -0.028068596497178078, 0.5310287475585938, 0.4126933217048645, -0.04267323389649391, 0.5129430294036865, 0.3600294589996338, -0.05229763686656952, 0.49852970242500305, 0.3188694417476654, -0.059260137379169464, 0.5305647253990173, 0.5122947096824646, -0.02276408113539219, 0.49981942772865295, 0.42456531524658203, -0.03843230381608009, 0.4812089502811432, 0.3626776933670044, -0.05084085091948509, 0.4684600234031677, 0.31250739097595215, -0.05901554971933365, 0.5098875761032104, 0.5425058007240295, -0.019526971504092216, 0.4826808273792267, 0.4651610851287842, -0.03470950201153755, 0.4662832021713257, 0.41033872961997986, -0.04601022228598595, 0.45571133494377136, 0.36353904008865356, -0.05249518156051636, 0.49677586555480957, 0.5791606307029724, -0.018070537596940994, 0.47158893942832947, 0.5291354656219482, -0.03258925676345825, 0.4559204578399658, 0.4957994222640991, -0.041046809405088425, 0.4429871439933777, 0.4622589945793152, -0.04545164480805397]",[]
"[0.5747959613800049, 0.6798142194747925, 3.3469484606030164e-07, 0.6079809069633484, 0.6232514977455139, -0.021608909592032433, 0.6176451444625854, 0.542492687702179, -0.03020722232758999, 0.6232037544250488, 0.4725337028503418, -0.037164270877838135, 0.642686665058136, 0.42403024435043335, -0.04384265094995499, 0.5551881194114685, 0.4696894586086273, -0.01177618931978941, 0.534399688243866, 0.397392213344574, -0.022299807518720627, 0.5203970074653625, 0.35311001539230347, -0.03132673352956772, 0.508914053440094, 0.3161233365535736, -0.03845997527241707, 0.5282368063926697, 0.48756811022758484, -0.01002816017717123, 0.5040351748466492, 0.4069274663925171, -0.020044812932610512, 0.4887206554412842, 0.3531394600868225, -0.029638485983014107, 0.4766737222671509, 0.3075074553489685, -0.036489278078079224, 0.508364200592041, 0.5199025273323059, -0.011236986145377159, 0.48463699221611023, 0.4475286602973938, -0.022605817764997482, 0.4716373085975647, 0.4015331268310547, -0.03139866515994072, 0.46180957555770874, 0.3606339693069458, -0.036948371678590775, 0.4944010078907013, 0.56301349401474, -0.014525622129440308, 0.4723435640335083, 0.5185393691062927, -0.02584710717201233, 0.46094056963920593, 0.48536932468414307, -0.03224058449268341, 0.4515993893146515, 0.4506828784942627, -0.03598570078611374]",[]
"[0.47562098503112793, 0.7595378160476685, 1.0793577587264735e-07, 0.5187019109725952, 0.7469496130943298, -0.004096534568816423, 0.550238311290741, 0.6892490386962891, -0.01019140426069498, 0.5577315092086792, 0.6214274764060974, -0.014056702144443989, 0.548533022403717, 0.5730657577514648, -0.01783977635204792, 0.5519712567329407, 0.6663520336151123, -0.03225420042872429, 0.5725089907646179, 0.5658708810806274, -0.04399073123931885, 0.5761668086051941, 0.5601650476455688, -0.04641052708029747, 0.5736568570137024, 0.5783671140670776, -0.04481951892375946, 0.5237709283828735, 0.6405364871025085, -0.033068884164094925, 0.5454539060592651, 0.5263962745666504, -0.0425843670964241, 0.5536977648735046, 0.524936854839325, -0.04065345600247383, 0.5517134070396423, 0.5467489361763, -0.037698522210121155, 0.49727317690849304, 0.6221857070922852, -0.03232073411345482, 0.521584689617157, 0.5217617154121399, -0.03838708624243736, 0.5307687520980835, 0.5336441397666931, -0.032238420099020004, 0.5291735529899597, 0.558896541595459, -0.02676786296069622, 0.4756584167480469, 0.6124876141548157, -0.030947525054216385, 0.5008447766304016, 0.5428802371025085, -0.03439709171652794, 0.5116234421730042, 0.5538754463195801, -0.027916083112359047, 0.5121138095855713, 0.5752729177474976, -0.021767478436231613]","[0.5910456776618958, 0.667868971824646, 3.5043197499362577e-07, 0.6203165054321289, 0.6134706735610962, -0.020723436027765274, 0.6274979710578918, 0.5317816734313965, -0.029104767367243767, 0.6315498948097229, 0.4626912474632263, -0.03597956895828247, 0.6514635682106018, 0.4139520525932312, -0.042574528604745865, 0.5645011067390442, 0.45877715945243835, -0.010330839082598686, 0.543906569480896, 0.38417357206344604, -0.021126097068190575, 0.5308592915534973, 0.33709660172462463, -0.030993567779660225, 0.5201908946037292, 0.2983415722846985, -0.03871123492717743, 0.5388292670249939, 0.47721895575523376, -0.009285934269428253, 0.5146122574806213, 0.3963795304298401, -0.018922479823231697, 0.5001973509788513, 0.3414697051048279, -0.029159193858504295, 0.48935481905937195, 0.29630139470100403, -0.03661556541919708, 0.5202526450157166, 0.5093914866447449, -0.011200486682355404, 0.49528732895851135, 0.43628016114234924, -0.02155732922255993, 0.48222285509109497, 0.3875591456890106, -0.030616536736488342, 0.47267621755599976, 0.34581416845321655, -0.03656638786196709, 0.5077688097953796, 0.5530128479003906, -0.015236735343933105, 0.4839300811290741, 0.5068696141242981, -0.025568265467882156, 0.47047340869903564, 0.47075164318084717, -0.03191636875271797, 0.459494948387146, 0.4337030351161957, -0.03571173548698425]"
"[0.5954968333244324, 0.6562535166740417, 3.2972272379083734e-07, 0.6260032057762146, 0.60374915599823, -0.024495651945471764, 0.6348316073417664, 0.5265482068061829, -0.03543410450220108, 0.6392782926559448, 0.45692092180252075, -0.0442340224981308, 0.6588152050971985, 0.40835249423980713, -0.05259127542376518, 0.5734562873840332, 0.4494176506996155, -0.016326241195201874, 0.5529574155807495, 0.37237513065338135, -0.02914924919605255, 0.5403108596801758, 0.3257746696472168, -0.04041671007871628, 0.5294872522354126, 0.2867668867111206, -0.04897661879658699, 0.5477339625358582, 0.4655282199382782, -0.014100897125899792, 0.5241081714630127, 0.3839348554611206, -0.026331471279263496, 0.5097529292106628, 0.32899361848831177, -0.03788989782333374, 0.4983946979045868, 0.28254830837249756, -0.045931003987789154, 0.5287098288536072, 0.4955633580684662, -0.014878150075674057, 0.505325973033905, 0.422701358795166, -0.027025794610381126, 0.49288153648376465, 0.37319156527519226, -0.036635998636484146, 0.48341870307922363, 0.3294767141342163, -0.04266556352376938, 0.5150814652442932, 0.5383536219596863, -0.018084613606333733, 0.4920775294303894, 0.48932382464408875, -0.029825348407030106, 0.47831857204437256, 0.4546573758125305, -0.03621119633316994, 0.4665883183479309, 0.4198921024799347, -0.03973058983683586]","[0.477666974067688, 0.7865967750549316, 5.0118348582373073e-08, 0.5209675431251526, 0.7736225128173828, -0.004199115559458733, 0.5482895374298096, 0.7128337025642395, -0.010973173193633556, 0.54958176612854, 0.6463178992271423, -0.015274467878043652, 0.5366747379302979, 0.600821316242218, -0.01889958791434765, 0.552544891834259, 0.7021403312683105, -0.0341506265103817, 0.5754914283752441, 0.6061850786209106, -0.0448763370513916, 0.5718715786933899, 0.6085501909255981, -0.04473769664764404, 0.5634077787399292, 0.6310503482818604, -0.04144319146871567, 0.5254303812980652, 0.6755117774009705, -0.03471623733639717, 0.5486810207366943, 0.5667701959609985, -0.044068437069654465, 0.5522602796554565, 0.5697184801101685, -0.041252344846725464, 0.5482625365257263, 0.5925396084785461, -0.037459373474121094, 0.4994746446609497, 0.6547703742980957, -0.033464230597019196, 0.5226123929023743, 0.5573740005493164, -0.03836369886994362, 0.5292884111404419, 0.5735083818435669, -0.03196849301457405, 0.5268436670303345, 0.6006802916526794, -0.02658533677458763, 0.47893744707107544, 0.6422361135482788, -0.031481947749853134, 0.5021464228630066, 0.5749301314353943, -0.033348605036735535, 0.5104174613952637, 0.5897292494773865, -0.026625631377100945, 0.5096901655197144, 0.6132645606994629, -0.020693108439445496]"
"[0.5983597636222839, 0.6466485857963562, 3.7924795037724834e-07, 0.6280645728111267, 0.5944641828536987, -0.025792866945266724, 0.6361066102981567, 0.5231109261512756, -0.03880798816680908, 0.64040607213974, 0.4563387334346771, -0.04927468299865723, 0.6592072248458862, 0.40623968839645386, -0.05934958904981613, 0.5744743347167969, 0.4491780996322632, -0.021617410704493523, 0.5547765493392944, 0.37411990761756897, -0.03559162840247154, 0.5412958860397339, 0.32708489894866943, -0.04666454717516899, 0.5294450521469116, 0.28749144077301025, -0.05504917353391647, 0.5487200021743774, 0.4666517376899719, -0.01888485625386238, 0.5256882905960083, 0.3860166370868683, -0.03352558612823486, 0.5112708806991577, 0.33068597316741943, -0.04561839997768402, 0.4996621310710907, 0.2829304337501526, -0.05380263552069664, 0.5299690961837769, 0.49795234203338623, -0.018785281106829643, 0.5069986581802368, 0.42605265974998474, -0.032793913036584854, 0.49444305896759033, 0.37678027153015137, -0.04253777116537094, 0.48493117094039917, 0.33360928297042847, -0.048336733132600784, 0.5168133974075317, 0.5409569144248962, -0.020953483879566193, 0.49382781982421875, 0.4910876452922821, -0.03374834731221199, 0.4805487096309662, 0.4558373987674713, -0.0404898039996624, 0.46904343366622925, 0.4202272295951843, -0.04416210949420929]","[0.4822002351284027, 0.8050717115402222, 3.4639665358326965e-08, 0.5232744812965393, 0.7904228568077087, -1.198895915877074e-05, 0.5503559112548828, 0.7352538704872131, -0.003910588100552559, 0.553709089756012, 0.6729092001914978, -0.006870314944535494, 0.5440450310707092, 0.6318197250366211, -0.009492816403508186, 0.5442035794258118, 0.714192271232605, -0.02295568585395813, 0.5679102540016174, 0.6218199133872986, -0.0318809449672699, 0.570541501045227, 0.6336323618888855, -0.03231573477387428, 0.5650160908699036, 0.6640975475311279, -0.029503051191568375, 0.5224675536155701, 0.6889019012451172, -0.025026539340615273, 0.5476479530334473, 0.5830274224281311, -0.03191756829619408, 0.552319347858429, 0.6026879549026489, -0.029503971338272095, 0.5458782315254211, 0.6383549571037292, -0.02583119086921215, 0.5016849637031555, 0.671221911907196, -0.025454021990299225, 0.5283061861991882, 0.5751399993896484, -0.029720723628997803, 0.5364944934844971, 0.6003194451332092, -0.023853007704019547, 0.5339862108230591, 0.6323375701904297, -0.018676381558179855, 0.48429521918296814, 0.6621849536895752, -0.024841485545039177, 0.5078171491622925, 0.5953815579414368, -0.028477927669882774, 0.5164556503295898, 0.6162354946136475, -0.022549089044332504, 0.5157064199447632, 0.6433779001235962, -0.016626447439193726]"
"[0.5953437685966492, 0.6567009687423706, 3.7196349467194523e-07, 0.625115692615509, 0.6033067107200623, -0.026172921061515808, 0.6322466731071472, 0.5298720002174377, -0.039102934300899506, 0.6351534128189087, 0.4622476398944855, -0.0495515875518322, 0.6545929908752441, 0.4112527370452881, -0.059720661491155624, 0.5699171423912048, 0.4567657709121704, -0.02089788392186165, 0.5501653552055359, 0.38357996940612793, -0.035385698080062866, 0.5365806221961975, 0.3370983600616455, -0.04704521596431732, 0.5247945785522461, 0.29727703332901, -0.05592337250709534, 0.5447714328765869, 0.4736514389514923, -0.018331002444028854, 0.521351158618927, 0.3940296173095703, -0.03327857702970505, 0.5066099762916565, 0.340477854013443, -0.04573825001716614, 0.4948986768722534, 0.29433393478393555, -0.05413937568664551, 0.5267090797424316, 0.5055780410766602, -0.01856919750571251, 0.5025870203971863, 0.43488356471061707, -0.03343275189399719, 0.4891601800918579, 0.38700759410858154, -0.043727513402700424, 0.47905439138412476, 0.3440282642841339, -0.049806710332632065, 0.5141004323959351, 0.549562931060791, -0.02111700363457203, 0.490047425031662, 0.5028599500656128, -0.0345529280602932, 0.4765051603317261, 0.4694114625453949, -0.04158875718712807, 0.4647752046585083, 0.43494102358818054, -0.045511193573474884]",[]
"[0.5840203762054443, 0.6653813719749451, 3.8890519249434874e-07, 0.614404559135437, 0.6135921478271484, -0.02718188799917698, 0.6234918236732483, 0.5393730401992798, -0.0404929555952549, 0.628808319568634, 0.47160831093788147, -0.05095735192298889, 0.647817075252533, 0.42188969254493713, -0.061161696910858154, 0.561122715473175, 0.4645688533782959, -0.02217676118016243, 0.5413591265678406, 0.39163529872894287, -0.03632745519280434, 0.5272094011306763, 0.34545111656188965, -0.047673966735601425, 0.5148695707321167, 0.30789199471473694, -0.055907271802425385, 0.5361200571060181, 0.48317450284957886, -0.018732480704784393, 0.5129575133323669, 0.40364870429039, -0.03166388347744942, 0.4972493648529053, 0.34976810216903687, -0.04262590780854225, 0.48381736874580383, 0.30303511023521423, -0.0500924326479435, 0.5179497003555298, 0.5152181386947632, -0.01825863867998123, 0.495292603969574, 0.4440179467201233, -0.030851086601614952, 0.4819464087486267, 0.3963056206703186, -0.0399395227432251, 0.4712001085281372, 0.3545888364315033, -0.04546033963561058, 0.5048385262489319, 0.5597373843193054, -0.020308660343289375, 0.48171618580818176, 0.5128287076950073, -0.03205326572060585, 0.4684554934501648, 0.478396475315094, -0.038130540400743484, 0.45713263750076294, 0.44388315081596375, -0.04137983173131943]",[]
[],"[0.5533567667007446, 0.6875076293945312, 8.29873698648953e-08, 0.5830463171005249, 0.6173654794692993, -0.02047952078282833, 0.5915931463241577, 0.5261670351028442, -0.042051613330841064, 0.5981868505477905, 0.45616644620895386, -0.058509211987257004, 0.6175491809844971, 0.4078766703605652, -0.07707812637090683, 0.5609573721885681, 0.5688082575798035, -0.07192397862672806, 0.5464587211608887, 0.4953309893608093, -0.10440230369567871, 0.5325002670288086, 0.4854438304901123, -0.12272366881370544, 0.517400324344635, 0.48983272910118103, -0.13251221179962158, 0.5305809378623962, 0.5900833606719971, -0.0721801221370697, 0.5109381675720215, 0.4898390769958496, -0.10404855757951736, 0.4969465434551239, 0.44410037994384766, -0.12061860412359238, 0.48641809821128845, 0.42117828130722046, -0.13111048936843872, 0.5065864324569702, 0.6059983372688293, -0.07113064080476761, 0.4844786524772644, 0.4991700053215027, -0.0979546308517456, 0.46564820408821106, 0.43130606412887573, -0.11219506710767746, 0.4496031403541565, 0.3814903497695923, -0.12078799307346344, 0.4915996193885803, 0.6171691417694092, -0.06916879862546921, 0.4704294800758362, 0.5455760359764099, -0.0893164873123169, 0.4557309150695801, 0.5020252466201782, -0.09775368124246597, 0.4417344927787781, 0.471225768327713, -0.10312604904174805]"
"[0.575394868850708, 0.6796033978462219, 3.12411373215582e-07, 0.6067504286766052, 0.6230814456939697, -0.02078276500105858, 0.6142708659172058, 0.5460424423217773, -0.029962072148919106, 0.6174973845481873, 0.4766976833343506, -0.03754262626171112, 0.6357331275939941, 0.4281942546367645, -0.04520850628614426, 0.5524288415908813, 0.4739375710487366, -0.013649502769112587, 0.5317990779876709, 0.40170907974243164, -0.02524680644273758, 0.5181714296340942, 0.3580763339996338, -0.03551005199551582, 0.5066691637039185, 0.32073840498924255, -0.04348957911133766, 0.5273204445838928, 0.4919673502445221, -0.013100000098347664, 0.501392662525177, 0.4131477475166321, -0.02396303229033947, 0.4845131039619446, 0.36190053820610046, -0.034856829792261124, 0.470369815826416, 0.3171103596687317, -0.042497970163822174, 0.5091058015823364, 0.5248903632164001, -0.015096084214746952, 0.4842648208141327, 0.4547803997993469, -0.026421185582876205, 0.470005601644516, 0.41016045212745667, -0.03562263771891594, 0.45851415395736694, 0.369185209274292, -0.04149330034852028, 0.4961737394332886, 0.5712686777114868, -0.01912747696042061, 0.47214359045028687, 0.5274831652641296, -0.030156319960951805, 0.45927125215530396, 0.4955383837223053, -0.03585491329431534, 0.4488241672515869, 0.46115097403526306, -0.03899279981851578]",[]
"[0.5673549771308899, 0.7039395570755005, 2.5103909706558625e-07, 0.6022542715072632, 0.6409861445426941, -0.01741766557097435, 0.6097064018249512, 0.5531139969825745, -0.022299548611044884, 0.6125324368476868, 0.4792907238006592, -0.02654394693672657, 0.6307623386383057, 0.4304717779159546, -0.030264345929026604, 0.544050931930542, 0.4791768491268158, -0.0017441270174458623, 0.5218794941902161, 0.4083918333053589, -0.010134153068065643, 0.5075972676277161, 0.3680647611618042, -0.019215911626815796, 0.496025949716568, 0.33386319875717163, -0.026652341708540916, 0.5184112191200256, 0.49890628457069397, -0.0017846409464254975, 0.4917224049568176, 0.422145813703537, -0.010464943014085293, 0.4746146500110626, 0.3702946603298187, -0.02136184647679329, 0.46065348386764526, 0.3253495395183563, -0.029197007417678833, 0.5006829500198364, 0.5331714749336243, -0.004758269991725683, 0.4740544855594635, 0.46557894349098206, -0.01476870384067297, 0.45952895283699036, 0.42154282331466675, -0.023830560967326164, 0.4479074776172638, 0.38060814142227173, -0.029660098254680634, 0.4890873432159424, 0.5790830254554749, -0.009799218736588955, 0.4642970561981201, 0.5368656516075134, -0.019949348643422127, 0.4496377110481262, 0.5065783262252808, -0.02570481412112713, 0.43708497285842896, 0.4726521372795105, -0.029068749397993088]",[]
"[0.5724570751190186, 0.7061070203781128, 2.3733592513508484e-07, 0.6041238307952881, 0.6381974220275879, -0.017700746655464172, 0.609713613986969, 0.5554189085960388, -0.02446948178112507, 0.6122400760650635, 0.4841201901435852, -0.03084605187177658, 0.6307355165481567, 0.4340008497238159, -0.03703807666897774, 0.5420225858688354, 0.48624464869499207, -0.005169401876628399, 0.5181183815002441, 0.4141668975353241, -0.015356127172708511, 0.5025007128715515, 0.3726194500923157, -0.025365643203258514, 0.48929280042648315, 0.33652734756469727, -0.033457670360803604, 0.5175727009773254, 0.5075405240058899, -0.00581450667232275, 0.48949718475341797, 0.42936497926712036, -0.015455846674740314, 0.4724026322364807, 0.37736761569976807, -0.026098445057868958, 0.4583897590637207, 0.3327662944793701, -0.0339544378221035, 0.5014177560806274, 0.5430214405059814, -0.009386081248521805, 0.47372889518737793, 0.4754992127418518, -0.01995687372982502, 0.45927685499191284, 0.42919737100601196, -0.02830689772963524, 0.44774338603019714, 0.387417733669281, -0.03390515223145485, 0.4918994903564453, 0.5891764163970947, -0.015024465508759022, 0.46449771523475647, 0.5482512712478638, -0.02599310129880905, 0.44865068793296814, 0.5154024362564087, -0.0316876620054245, 0.43529951572418213, 0.4803496301174164, -0.03497420251369476]",[]
"[0.5713920593261719, 0.7090710997581482, 2.3591243802911777e-07, 0.6044551134109497, 0.641494870185852, -0.018846094608306885, 0.6114875078201294, 0.5597866773605347, -0.026168258860707283, 0.6156358122825623, 0.48828592896461487, -0.03301146626472473, 0.6344987154006958, 0.437991738319397, -0.03946333006024361, 0.545383095741272, 0.48631125688552856, -0.004243129398673773, 0.5222916603088379, 0.4145462214946747, -0.014746371656656265, 0.5077070593833923, 0.3721133768558502, -0.02507692202925682, 0.49559253454208374, 0.33574679493904114, -0.033361367881298065, 0.5203620195388794, 0.5056858062744141, -0.004337788559496403, 0.4933919906616211, 0.42832523584365845, -0.014686062932014465, 0.47670841217041016, 0.3752615451812744, -0.026218313723802567, 0.4629327654838562, 0.3296821713447571, -0.03465232998132706, 0.5030932426452637, 0.5398263335227966, -0.0076325698755681515, 0.47564050555229187, 0.4726545214653015, -0.019420694559812546, 0.4609891474246979, 0.4278095066547394, -0.029276013374328613, 0.4493189752101898, 0.38623324036598206, -0.0356491319835186, 0.4925045669078827, 0.584807276725769, -0.013034535571932793, 0.46607428789138794, 0.5439693331718445, -0.02531960792839527, 0.45077869296073914, 0.511832058429718, -0.0324079655110836, 0.43795016407966614, 0.47728773951530457, -0.036512065678834915]",[]
"[0.5797541737556458, 0.6921645402908325, 2.545965287481522e-07, 0.6119781136512756, 0.6283683180809021, -0.017144829034805298, 0.6175636053085327, 0.5471876263618469, -0.023940524086356163, 0.6195363998413086, 0.477227121591568, -0.03035961277782917, 0.6392253637313843, 0.4299657344818115, -0.036736078560352325, 0.5513225197792053, 0.4768621623516083, -0.006138241849839687, 0.5282149910926819, 0.4049244225025177, -0.016175881028175354, 0.5131555199623108, 0.362313449382782, -0.025600343942642212, 0.500789225101471, 0.32557040452957153, -0.033251382410526276, 0.5262542366981506, 0.4979822039604187, -0.007031938061118126, 0.49832260608673096, 0.41849103569984436, -0.017094530165195465, 0.48203444480895996, 0.36494117975234985, -0.02774004638195038, 0.4693898558616638, 0.3190051019191742, -0.035458724945783615, 0.5096147060394287, 0.5327044725418091, -0.010584374889731407, 0.4820232093334198, 0.4648573100566864, -0.02146250009536743, 0.4682762622833252, 0.4166513681411743, -0.030080491676926613, 0.45804494619369507, 0.3737158179283142, -0.035725388675928116, 0.49943864345550537, 0.5779337882995605, -0.016034750267863274, 0.4721639156341553, 0.5353456735610962, -0.027226807549595833, 0.4573480486869812, 0.5004488229751587, -0.033182866871356964, 0.44512808322906494, 0.46343329548835754, -0.036603622138500214]",[]
[],"[0.4762611985206604, 0.7639715671539307, -1.4044526608358865e-07, 0.5273861885070801, 0.7423228025436401, -0.008454403840005398, 0.5706344842910767, 0.6678369641304016, -0.016401257365942, 0.5928401947021484, 0.5821666121482849, -0.020786546170711517, 0.5993892550468445, 0.5191433429718018, -0.023629184812307358, 0.5553510189056396, 0.6687664985656738, -0.045175522565841675, 0.5749218463897705, 0.5552034974098206, -0.06035862863063812, 0.5711416006088257, 0.5852500796318054, -0.061549268662929535, 0.561511754989624, 0.6239392161369324, -0.05824265256524086, 0.521555483341217, 0.6491141319274902, -0.0437631718814373, 0.5453844666481018, 0.5301738977432251, -0.05521264299750328, 0.5423343777656555, 0.5587447881698608, -0.05136590451002121, 0.532613217830658, 0.5997158885002136, -0.04708196967840195, 0.49317467212677, 0.6306601762771606, -0.04089561477303505, 0.5185369849205017, 0.5265426635742188, -0.04595181345939636, 0.5176298022270203, 0.5485060811042786, -0.03826368972659111, 0.5098353028297424, 0.5815090537071228, -0.033069126307964325, 0.47179752588272095, 0.615088939666748, -0.037905097007751465, 0.4882344901561737, 0.5457172393798828, -0.040689438581466675, 0.4858563542366028, 0.5536834001541138, -0.03657384216785431, 0.47689151763916016, 0.5683636665344238, -0.033358775079250336]"
[],"[0.46955499053001404, 0.7605272531509399, -1.5230583017000754e-07, 0.5138352513313293, 0.7423789501190186, -0.007142039481550455, 0.550428032875061, 0.6783098578453064, -0.014478168450295925, 0.5665310025215149, 0.6004490256309509, -0.019302990287542343, 0.5689578652381897, 0.5452992916107178, -0.022902583703398705, 0.5451533198356628, 0.6610680818557739, -0.03865437209606171, 0.5613539218902588, 0.5545430183410645, -0.05354106426239014, 0.5566359758377075, 0.5726918578147888, -0.05640468746423721, 0.5486308336257935, 0.6053770780563354, -0.05470754951238632, 0.5162283778190613, 0.6399568319320679, -0.038015216588974, 0.5327857136726379, 0.530855119228363, -0.0514887273311615, 0.5299385786056519, 0.5462640523910522, -0.051613204181194305, 0.5233705043792725, 0.5791400671005249, -0.049664583057165146, 0.4899674654006958, 0.6216537356376648, -0.03619534894824028, 0.5060597658157349, 0.5223171710968018, -0.044524066150188446, 0.5044265985488892, 0.5280287265777588, -0.042778968811035156, 0.49784594774246216, 0.5510299801826477, -0.040663957595825195, 0.4695698916912079, 0.6077231764793396, -0.03389594703912735, 0.4775259494781494, 0.5320158004760742, -0.039749301970005035, 0.4731055200099945, 0.5001155138015747, -0.041067954152822495, 0.4639033079147339, 0.4802880883216858, -0.04125746712088585]"
"[0.5860897302627563, 0.6780611872673035, 3.285767036231846e-07, 0.6161784529685974, 0.617881715297699, -0.019657429307699203, 0.6227217316627502, 0.535798192024231, -0.026128951460123062, 0.6266965866088867, 0.46348837018013, -0.031276799738407135, 0.6459176540374756, 0.4170922338962555, -0.03560364618897438, 0.560979962348938, 0.46423041820526123, -0.0040095956064760685, 0.5380427241325378, 0.38838109374046326, -0.011849753558635712, 0.5234606266021729, 0.34386783838272095, -0.020468411967158318, 0.5117658376693726, 0.30601567029953003, -0.027325360104441643, 0.5356774926185608, 0.48211389780044556, -0.0018681271467357874, 0.5097533464431763, 0.40046384930610657, -0.008759085088968277, 0.4938543438911438, 0.34595006704330444, -0.01845761202275753, 0.4817045331001282, 0.3008871078491211, -0.0255001001060009, 0.5166702270507812, 0.51241534948349, -0.0027164907660335302, 0.49220502376556396, 0.44118595123291016, -0.01058017648756504, 0.4785176217556, 0.393155962228775, -0.019612304866313934, 0.4680324196815491, 0.3535006046295166, -0.02562624402344227, 0.5031004548072815, 0.5527219772338867, -0.005705897696316242, 0.4809826612472534, 0.5070967674255371, -0.013258382678031921, 0.4689173996448517, 0.4752156734466553, -0.018220597878098488, 0.4590722918510437, 0.4437595009803772, -0.0212000273168087]","[0.457413911819458, 0.7724739909172058, -5.370548805672115e-08, 0.5008917450904846, 0.7514982223510742, 0.0005244469502940774, 0.5274506211280823, 0.6973405480384827, -0.0013540502404794097, 0.5348722338676453, 0.635585606098175, -0.002429962856695056, 0.5296615362167358, 0.5944547057151794, -0.0027455126401036978, 0.5310730338096619, 0.6624636650085449, -0.016978658735752106, 0.5506662130355835, 0.5737622976303101, -0.02381129190325737, 0.550132155418396, 0.5755968689918518, -0.024186257272958755, 0.5459262728691101, 0.5956923961639404, -0.022679315879940987, 0.5046850442886353, 0.6348222494125366, -0.018691441044211388, 0.522486686706543, 0.5384175777435303, -0.026700960472226143, 0.5243057608604431, 0.5384963750839233, -0.028123965486884117, 0.5197660326957703, 0.559393048286438, -0.02730715274810791, 0.47908908128738403, 0.6158259510993958, -0.019287893548607826, 0.495516836643219, 0.5253166556358337, -0.024733025580644608, 0.49917322397232056, 0.50634765625, -0.028055204078555107, 0.4952948987483978, 0.5055071115493774, -0.029674388468265533, 0.45956555008888245, 0.6063406467437744, -0.018683429807424545, 0.4734811782836914, 0.5398887991905212, -0.0242007989436388, 0.4756801426410675, 0.5085090398788452, -0.028007064014673233, 0.471428245306015, 0.48764994740486145, -0.029865173622965813]"
"[0.45938917994499207, 0.7726671695709229, 4.228190775279472e-08, 0.5015210509300232, 0.7498297691345215, -0.00011820869258372113, 0.526454508304596, 0.6896056532859802, -0.0024097354616969824, 0.5320085883140564, 0.6222963333129883, -0.0031777566764503717, 0.5265522003173828, 0.5784318447113037, -0.0032359284814447165, 0.5297958850860596, 0.6682992577552795, -0.0222014207392931, 0.548239529132843, 0.5731667280197144, -0.028062468394637108, 0.5500169992446899, 0.5702549815177917, -0.026122573763132095, 0.5484943389892578, 0.5868433713912964, -0.02286325767636299, 0.5029692053794861, 0.6421749591827393, -0.02329527959227562, 0.5196162462234497, 0.5390366911888123, -0.02967282012104988, 0.5259180068969727, 0.532069742679596, -0.02841823361814022, 0.526517927646637, 0.5467132925987244, -0.02602498233318329, 0.4769079089164734, 0.6250060796737671, -0.022730205208063126, 0.49294161796569824, 0.5338761210441589, -0.026491224765777588, 0.5005419254302979, 0.5238655209541321, -0.026018938049674034, 0.5011135339736938, 0.5307945013046265, -0.02497789077460766, 0.45727238059043884, 0.6172827482223511, -0.021083056926727295, 0.4729364216327667, 0.5518470406532288, -0.024243803694844246, 0.4809097647666931, 0.5329883694648743, -0.024332091212272644, 0.4825352728366852, 0.5260897278785706, -0.02336340956389904]","[0.585279107093811, 0.6795326471328735, 3.475802827779262e-07, 0.615972101688385, 0.6197874546051025, -0.022598231211304665, 0.6237622499465942, 0.5381667017936707, -0.03064732626080513, 0.6280314922332764, 0.463554710149765, -0.03707851469516754, 0.6477585434913635, 0.4141703248023987, -0.04235757142305374, 0.5593286752700806, 0.4613361656665802, -0.002008279552683234, 0.5369673371315002, 0.3855687081813812, -0.008420365862548351, 0.5227986574172974, 0.3415861129760742, -0.016606291756033897, 0.5115886926651001, 0.30657660961151123, -0.023129811510443687, 0.5338665843009949, 0.4796445667743683, 0.0018983710324391723, 0.50852370262146, 0.3988209664821625, -0.0028093454893678427, 0.492728590965271, 0.3457258939743042, -0.01148830633610487, 0.48085904121398926, 0.3011178970336914, -0.017952004447579384, 0.5146565437316895, 0.5099511742591858, 0.002260972745716572, 0.491163969039917, 0.4394756257534027, -0.0037231191527098417, 0.478321373462677, 0.3938430845737457, -0.011469705030322075, 0.4687166213989258, 0.3552664518356323, -0.016815291717648506, 0.5011552572250366, 0.5500764846801758, -2.2170717784320004e-05, 0.4793173372745514, 0.5043753385543823, -0.006369685288518667, 0.4673633277416229, 0.4741542339324951, -0.010506314225494862, 0.4578326940536499, 0.44328737258911133, -0.012909378856420517]"
"[0.5858415365219116, 0.6766923666000366, 3.339317231620953e-07, 0.6147565841674805, 0.619725227355957, -0.022456591948866844, 0.6215280294418335, 0.5384787321090698, -0.03112604096531868, 0.6256590485572815, 0.46478068828582764, -0.038011033087968826, 0.6467061042785645, 0.41536635160446167, -0.04416527599096298, 0.5602763891220093, 0.4643356502056122, -0.008431980386376381, 0.5388414263725281, 0.38977479934692383, -0.018154287710785866, 0.5241907238960266, 0.34511494636535645, -0.02763381041586399, 0.5117540955543518, 0.30823469161987305, -0.03512870892882347, 0.5345467925071716, 0.4816303551197052, -0.006007129326462746, 0.5107306241989136, 0.40071535110473633, -0.014840277843177319, 0.4955206513404846, 0.3460504412651062, -0.02501773089170456, 0.483035147190094, 0.299172043800354, -0.03240542486310005, 0.5159752368927002, 0.5128687024116516, -0.0068014757707715034, 0.49228692054748535, 0.44093260169029236, -0.01662471331655979, 0.47925254702568054, 0.39433252811431885, -0.02554103545844555, 0.4685860574245453, 0.35335996747016907, -0.03132474049925804, 0.5032526850700378, 0.5554770827293396, -0.009919502772390842, 0.47976475954055786, 0.5098671913146973, -0.019494816660881042, 0.46659037470817566, 0.4762057363986969, -0.02518099918961525, 0.455668568611145, 0.44001930952072144, -0.02855784073472023]",[]
[],"[0.5475279688835144, 0.6831140518188477, 3.348719701534719e-07, 0.5791139006614685, 0.6256572604179382, -0.021352512761950493, 0.5848551988601685, 0.5446653962135315, -0.034614115953445435, 0.5871623158454895, 0.47205621004104614, -0.044005244970321655, 0.6055389642715454, 0.42368102073669434, -0.054493602365255356, 0.5365983247756958, 0.5158847570419312, -0.04294370114803314, 0.5095193386077881, 0.42238104343414307, -0.060899652540683746, 0.4892125129699707, 0.36121708154678345, -0.07046002149581909, 0.47302836179733276, 0.31529635190963745, -0.07703988254070282, 0.5064641833305359, 0.5293528437614441, -0.04123661667108536, 0.4768840968608856, 0.42706912755966187, -0.05948703736066818, 0.4569900929927826, 0.3574294447898865, -0.07070732861757278, 0.4424731731414795, 0.3028024435043335, -0.07804255932569504, 0.4839998185634613, 0.5541484355926514, -0.039350781589746475, 0.45696988701820374, 0.46367406845092773, -0.056832972913980484, 0.43820640444755554, 0.40280938148498535, -0.06802074611186981, 0.4240069091320038, 0.35405898094177246, -0.07474440336227417, 0.4703006148338318, 0.5857738256454468, -0.03795557841658592, 0.4451653063297272, 0.5311372876167297, -0.05583758279681206, 0.4270261228084564, 0.4945067763328552, -0.06476685404777527, 0.41150644421577454, 0.46112585067749023, -0.06912117451429367]"
"[0.5860688090324402, 0.6715673208236694, 3.4003471682808595e-07, 0.6159472465515137, 0.6146447658538818, -0.022194892168045044, 0.62272047996521, 0.5333640575408936, -0.03152164816856384, 0.6268988847732544, 0.4624635875225067, -0.0393550843000412, 0.6464301347732544, 0.41237953305244446, -0.04684365168213844, 0.5574470162391663, 0.4583463966846466, -0.011907524429261684, 0.5368697047233582, 0.3841429352760315, -0.024009449407458305, 0.522682785987854, 0.3389931619167328, -0.03491266071796417, 0.5102245211601257, 0.3001667857170105, -0.043238356709480286, 0.5333751440048218, 0.4765813648700714, -0.010842414572834969, 0.5094095468521118, 0.3955623209476471, -0.022864749655127525, 0.49406492710113525, 0.34074878692626953, -0.034206539392471313, 0.48143771290779114, 0.29358381032943726, -0.04190876707434654, 0.5158297419548035, 0.5099710822105408, -0.012773827649652958, 0.4910399317741394, 0.4377262592315674, -0.025275003165006638, 0.47821760177612305, 0.3904711604118347, -0.0340227447450161, 0.46809226274490356, 0.34847110509872437, -0.03908814862370491, 0.5034942030906677, 0.5558594465255737, -0.01701766811311245, 0.4801875948905945, 0.5067391395568848, -0.028659451752901077, 0.46725013852119446, 0.4716278910636902, -0.03417553752660751, 0.45582276582717896, 0.43579360842704773, -0.03696732595562935]",[]
"[0.5732768774032593, 0.6609405279159546, 4.078303845744813e-07, 0.6109659075737, 0.605987012386322, -0.024400850757956505, 0.6214563846588135, 0.5327227711677551, -0.035864681005477905, 0.6247287392616272, 0.46192666888237, -0.04514893516898155, 0.64467453956604, 0.4132142961025238, -0.05442805215716362, 0.5575190782546997, 0.45868539810180664, -0.0183880552649498, 0.5373411774635315, 0.3852497339248657, -0.030626974999904633, 0.5222688317298889, 0.33944249153137207, -0.04047657549381256, 0.5093989372253418, 0.30154651403427124, -0.048074670135974884, 0.5308214426040649, 0.47637319564819336, -0.015520838089287281, 0.5070075988769531, 0.395346999168396, -0.028135571628808975, 0.49140235781669617, 0.3411376178264618, -0.03897017985582352, 0.47883141040802, 0.29384809732437134, -0.046234436333179474, 0.5115249752998352, 0.5095645189285278, -0.015208053402602673, 0.48798802495002747, 0.4372712969779968, -0.02826637402176857, 0.47559359669685364, 0.39032885432243347, -0.03737945109605789, 0.46621572971343994, 0.34879863262176514, -0.042561259120702744, 0.4972397983074188, 0.55434250831604, -0.017010312527418137, 0.4756820797920227, 0.5041365027427673, -0.029089834541082382, 0.46398571133613586, 0.4704424738883972, -0.035279780626297, 0.4538520574569702, 0.43634727597236633, -0.03848666325211525]","[0.48173195123672485, 0.8408775329589844, -3.794102809706601e-08, 0.5238474607467651, 0.830447793006897, -0.003440934931859374, 0.5544557571411133, 0.777701735496521, -0.008715466596186161, 0.5627549886703491, 0.7147981524467468, -0.011955883353948593, 0.5544162392616272, 0.6707000732421875, -0.014314473606646061, 0.5541312098503113, 0.7600332498550415, -0.03030696138739586, 0.5808534622192383, 0.6626625657081604, -0.040889497846364975, 0.5743659138679504, 0.6720912456512451, -0.04118208959698677, 0.5626255869865417, 0.7021080255508423, -0.03820832073688507, 0.5293546319007874, 0.730602502822876, -0.030648238956928253, 0.555303692817688, 0.6251282095909119, -0.039737518876791, 0.5532154440879822, 0.6438470482826233, -0.0362965352833271, 0.54360431432724, 0.6783351898193359, -0.03194808214902878, 0.5060592889785767, 0.7059680223464966, -0.02966928482055664, 0.5339863300323486, 0.6179282665252686, -0.034006860107183456, 0.5369724631309509, 0.6375720500946045, -0.027173733338713646, 0.5307933688163757, 0.6649954319000244, -0.021742520853877068, 0.4874332547187805, 0.6891208291053772, -0.02811237797141075, 0.5128611326217651, 0.6267308592796326, -0.029863936826586723, 0.5182676911354065, 0.644025981426239, -0.023384056985378265, 0.5137147307395935, 0.667345404624939, -0.01784159243106842]"
"[0.5704216957092285, 0.6558862328529358, 4.5200076215223817e-07, 0.6067701578140259, 0.602516233921051, -0.02605690248310566, 0.6160886883735657, 0.5328425765037537, -0.03976961225271225, 0.6205567717552185, 0.464190274477005, -0.05112316459417343, 0.6393769979476929, 0.413118451833725, -0.06271212548017502, 0.5534135699272156, 0.46154457330703735, -0.023838939145207405, 0.5306684374809265, 0.3863578140735626, -0.038176730275154114, 0.5161956548690796, 0.3406931459903717, -0.04878663644194603, 0.5046301484107971, 0.30391913652420044, -0.05645996332168579, 0.5277310013771057, 0.48096027970314026, -0.02123248763382435, 0.502023458480835, 0.3980064392089844, -0.034724488854408264, 0.4864003658294678, 0.3426293730735779, -0.04554399102926254, 0.4751499891281128, 0.296069860458374, -0.05286862701177597, 0.5091173648834229, 0.5149182677268982, -0.021359728649258614, 0.48450008034706116, 0.4390566349029541, -0.03535807505249977, 0.4701182246208191, 0.39134231209754944, -0.04567370563745499, 0.4596288204193115, 0.34868913888931274, -0.05193017050623894, 0.4957156777381897, 0.5593270659446716, -0.02362644299864769, 0.47316932678222656, 0.5097455382347107, -0.037552278488874435, 0.460288405418396, 0.47581788897514343, -0.04545218124985695, 0.44971007108688354, 0.44076505303382874, -0.04988064616918564]",[]
"[0.563636302947998, 0.6582989692687988, 4.479388167055731e-07, 0.6044748425483704, 0.6039977669715881, -0.023008303716778755, 0.6151925921440125, 0.5332303047180176, -0.03437702730298042, 0.6191112399101257, 0.4643658399581909, -0.043729670345783234, 0.6378253102302551, 0.4144808351993561, -0.05331327021121979, 0.552691638469696, 0.46499133110046387, -0.019394025206565857, 0.5295866131782532, 0.38989484310150146, -0.031055334955453873, 0.5144475698471069, 0.3442908525466919, -0.03967393562197685, 0.5018971562385559, 0.30864107608795166, -0.04601230099797249, 0.526675283908844, 0.48478424549102783, -0.016921091824769974, 0.5011724233627319, 0.4018029570579529, -0.028274476528167725, 0.4847593903541565, 0.34682953357696533, -0.03793540969491005, 0.472159743309021, 0.30239081382751465, -0.04435998573899269, 0.5074647665023804, 0.5180598497390747, -0.016822166740894318, 0.4831054210662842, 0.4445458650588989, -0.0288686603307724, 0.4685545265674591, 0.39840683341026306, -0.038171593099832535, 0.45768845081329346, 0.35789310932159424, -0.04359260946512222, 0.4936675429344177, 0.5605722665786743, -0.0185965895652771, 0.4713515043258667, 0.5120980143547058, -0.030439462512731552, 0.45900553464889526, 0.47970589995384216, -0.03718307614326477, 0.448773056268692, 0.44629982113838196, -0.04075515642762184]",[]
"[0.5687386393547058, 0.6782129406929016, 3.7424200627356186e-07, 0.6078072190284729, 0.621464192867279, -0.02128572203218937, 0.6175691485404968, 0.5420719981193542, -0.030583912506699562, 0.6212610602378845, 0.4695369005203247, -0.03850525990128517, 0.6423475742340088, 0.41936516761779785, -0.046544212847948074, 0.5539138317108154, 0.4663681089878082, -0.013108785264194012, 0.5328359007835388, 0.392409086227417, -0.02443852089345455, 0.5178317427635193, 0.34605100750923157, -0.03370752930641174, 0.5058118104934692, 0.30892592668533325, -0.04071559011936188, 0.5278974175453186, 0.4851115942001343, -0.01199065987020731, 0.5041859745979309, 0.4033352732658386, -0.023396097123622894, 0.4887409806251526, 0.3486020267009735, -0.033716537058353424, 0.476847380399704, 0.30161070823669434, -0.040463466197252274, 0.5093249678611755, 0.5178348422050476, -0.013571545481681824, 0.4853701591491699, 0.44408637285232544, -0.025888390839099884, 0.4721662104129791, 0.3971915543079376, -0.034993819892406464, 0.4625706076622009, 0.35474127531051636, -0.040222201496362686, 0.4964847266674042, 0.5627896785736084, -0.017189811915159225, 0.47324973344802856, 0.5158271789550781, -0.02951287291944027, 0.46051567792892456, 0.48162031173706055, -0.03620536997914314, 0.45001113414764404, 0.4456094205379486, -0.039618972688913345]","[0.47994399070739746, 0.8163295984268188, -1.7573954735894404e-08, 0.5216479301452637, 0.8019735813140869, -0.0022069469559937716, 0.5517114996910095, 0.748380720615387, -0.006805679760873318, 0.5630055069923401, 0.6872469782829285, -0.010152171365916729, 0.5575096011161804, 0.6429409980773926, -0.013127699494361877, 0.5559768080711365, 0.7262928485870361, -0.024992506951093674, 0.5831727385520935, 0.6337695121765137, -0.03643089905381203, 0.5779500007629395, 0.6281148791313171, -0.03933541849255562, 0.5664799213409424, 0.6484547853469849, -0.038292575627565384, 0.5314201712608337, 0.7008938789367676, -0.026369083672761917, 0.5531083345413208, 0.5980291366577148, -0.03504561260342598, 0.5512478351593018, 0.6064595580101013, -0.033703092485666275, 0.5435596108436584, 0.637557864189148, -0.03116934932768345, 0.5071818828582764, 0.6820825934410095, -0.026763159781694412, 0.5285965204238892, 0.5972629189491272, -0.030746005475521088, 0.5306009650230408, 0.6080202460289001, -0.02592744678258896, 0.5260539054870605, 0.6331428289413452, -0.022158510982990265, 0.4871135354042053, 0.6710050106048584, -0.026653649285435677, 0.5058018565177917, 0.6099332571029663, -0.02783656306564808, 0.5083017349243164, 0.622749924659729, -0.02206241711974144, 0.504188597202301, 0.6469419002532959, -0.017136862501502037]"
"[0.5812768936157227, 0.6903435587882996, 3.4378550139990693e-07, 0.6121789216995239, 0.6334474682807922, -0.022090865299105644, 0.6194627285003662, 0.5524240732192993, -0.03175193443894386, 0.6226588487625122, 0.48007965087890625, -0.039725080132484436, 0.6422019004821777, 0.4282945990562439, -0.04731006175279617, 0.5562727451324463, 0.4806317389011383, -0.01371079683303833, 0.5336090326309204, 0.403550922870636, -0.025982685387134552, 0.5180013179779053, 0.3567313551902771, -0.03627639263868332, 0.5047498941421509, 0.3171886205673218, -0.04388595372438431, 0.5309674143791199, 0.4998152256011963, -0.012463784776628017, 0.50504469871521, 0.4152768850326538, -0.024376744404435158, 0.4889739155769348, 0.35867804288864136, -0.03531287610530853, 0.4763266146183014, 0.3099757134914398, -0.04260695353150368, 0.5126874446868896, 0.5323267579078674, -0.013939913362264633, 0.4869197607040405, 0.45708391070365906, -0.02548922412097454, 0.4730395972728729, 0.4075329601764679, -0.03359442949295044, 0.4627613127231598, 0.3646630048751831, -0.03831612318754196, 0.49944373965263367, 0.5770920515060425, -0.017681390047073364, 0.47482365369796753, 0.5265229940414429, -0.0281816516071558, 0.46189987659454346, 0.49063658714294434, -0.03292031213641167, 0.4508826732635498, 0.453590452671051, -0.03512381762266159]",[]
[],"[0.45729100704193115, 0.7701295018196106, -1.5905727934750757e-07, 0.49835294485092163, 0.7536063194274902, -0.0010269159683957696, 0.5244773030281067, 0.6965891718864441, -0.004879668354988098, 0.5332102179527283, 0.6289730668067932, -0.008442058227956295, 0.5270960330963135, 0.5850865840911865, -0.011033115908503532, 0.5309605598449707, 0.6556552648544312, -0.019635211676359177, 0.5440990924835205, 0.5529390573501587, -0.03271391987800598, 0.5403188467025757, 0.5614555478096008, -0.03817114233970642, 0.5325317978858948, 0.5923582911491394, -0.03829966112971306, 0.5054776072502136, 0.6314387917518616, -0.021154703572392464, 0.5191051959991455, 0.5303991436958313, -0.03264922276139259, 0.5155128836631775, 0.5436357259750366, -0.03528021275997162, 0.5081836581230164, 0.5771478414535522, -0.034465596079826355, 0.4812352955341339, 0.6132808923721313, -0.022006776183843613, 0.495989590883255, 0.5199611186981201, -0.028087621554732323, 0.49346303939819336, 0.5228236317634583, -0.028496811166405678, 0.4870244264602661, 0.5455461740493774, -0.027591558173298836, 0.4607580006122589, 0.6034116148948669, -0.02229088358581066, 0.4696463644504547, 0.5331206917762756, -0.02509152516722679, 0.4652915298938751, 0.4991739094257355, -0.02615555189549923, 0.4568832218647003, 0.4780200719833374, -0.026214703917503357]"
[],"[0.4564161002635956, 0.7610207796096802, -6.562946452959295e-08, 0.5012274980545044, 0.7431001663208008, -0.0009068522485904396, 0.5231355428695679, 0.675731897354126, -0.005559559911489487, 0.5232521295547485, 0.6010804772377014, -0.008712385781109333, 0.512873649597168, 0.5529873967170715, -0.0113516915589571, 0.5297818779945374, 0.6448596119880676, -0.0287927258759737, 0.5417160987854004, 0.5365511775016785, -0.039258167147636414, 0.5411284565925598, 0.5452782511711121, -0.04041063413023949, 0.5366032123565674, 0.5723037123680115, -0.038628824055194855, 0.5002129673957825, 0.623560905456543, -0.030912984162569046, 0.5138436555862427, 0.509983479976654, -0.0416330061852932, 0.5172039866447449, 0.5238234996795654, -0.04155436158180237, 0.5139099955558777, 0.5587644577026367, -0.03916443511843681, 0.4720994234085083, 0.6109046339988708, -0.03129180520772934, 0.48822590708732605, 0.5132787823677063, -0.03781702369451523, 0.4955609440803528, 0.5150721669197083, -0.03731698915362358, 0.49428585171699524, 0.5354167222976685, -0.03593990579247475, 0.44978561997413635, 0.608160674571991, -0.030553143471479416, 0.46723437309265137, 0.5440427660942078, -0.03495578095316887, 0.4751577079296112, 0.5239790678024292, -0.035629916936159134, 0.4739663004875183, 0.5150434970855713, -0.03535595163702965]"
"[0.5837610363960266, 0.6879690885543823, 3.1879696393843915e-07, 0.6152743697166443, 0.6315765380859375, -0.022566845640540123, 0.623680830001831, 0.5496042370796204, -0.03114609606564045, 0.6265937685966492, 0.4762766361236572, -0.037788085639476776, 0.6455084085464478, 0.4259794354438782, -0.04353218153119087, 0.5646594166755676, 0.47558480501174927, -0.01032541785389185, 0.5431152582168579, 0.3955644369125366, -0.021007411181926727, 0.5282769799232483, 0.34841012954711914, -0.03085380047559738, 0.5161566734313965, 0.31069934368133545, -0.038047876209020615, 0.5371642112731934, 0.49122509360313416, -0.007245943881571293, 0.5120603442192078, 0.405924528837204, -0.01696818321943283, 0.4965971112251282, 0.3482687771320343, -0.027348075062036514, 0.4847627878189087, 0.30113500356674194, -0.03445490449666977, 0.5163031816482544, 0.5188456177711487, -0.007182515226304531, 0.4933798611164093, 0.4435293674468994, -0.017046721652150154, 0.480730801820755, 0.3938063681125641, -0.025584839284420013, 0.47135400772094727, 0.3518267869949341, -0.030884582549333572, 0.5010775923728943, 0.5561027526855469, -0.009431674145162106, 0.480759859085083, 0.5053960680961609, -0.01834828592836857, 0.46975886821746826, 0.47137364745140076, -0.023146163672208786, 0.461005300283432, 0.43798255920410156, -0.025667700916528702]","[0.4620053470134735, 0.7707650661468506, -1.1795499688105338e-07, 0.5039238929748535, 0.7483984231948853, 0.0004897384205833077, 0.5265519022941589, 0.6890242099761963, -0.004367674235254526, 0.5297898650169373, 0.623586893081665, -0.008984318003058434, 0.519203782081604, 0.5802301168441772, -0.012917413376271725, 0.5340274572372437, 0.6546184420585632, -0.019624842330813408, 0.5493469834327698, 0.5569871068000793, -0.03393719345331192, 0.5438205599784851, 0.5630508065223694, -0.03984320908784866, 0.5358189344406128, 0.5893451571464539, -0.04070371016860008, 0.506260871887207, 0.6316137909889221, -0.023151546716690063, 0.5197265148162842, 0.5262584090232849, -0.03644098713994026, 0.5151308178901672, 0.5291808843612671, -0.03926651179790497, 0.5093976855278015, 0.5557426810264587, -0.038012392818927765, 0.4794740676879883, 0.6151372194290161, -0.026283487677574158, 0.49205413460731506, 0.5171380043029785, -0.034418076276779175, 0.4897835850715637, 0.4837533235549927, -0.03736213594675064, 0.48444628715515137, 0.47325265407562256, -0.03789462149143219, 0.45793062448501587, 0.6084197163581848, -0.02835775539278984, 0.4715789258480072, 0.5395779609680176, -0.03318150341510773, 0.4716990888118744, 0.5014060735702515, -0.03544621169567108, 0.46705392003059387, 0.47500112652778625, -0.0360955186188221]"
"[0.5901153087615967, 0.679473340511322, 2.3315084263231256e-07, 0.6204206943511963, 0.623202919960022, -0.01907709427177906, 0.6285229921340942, 0.5405956506729126, -0.025699829682707787, 0.6323740482330322, 0.4691123366355896, -0.031245214864611626, 0.6508481502532959, 0.42064690589904785, -0.0363929346203804, 0.5716906189918518, 0.46536147594451904, -0.006935620214790106, 0.5534597039222717, 0.39061710238456726, -0.01782308891415596, 0.5413852334022522, 0.34625646471977234, -0.028316566720604897, 0.5307327508926392, 0.30951955914497375, -0.03632326424121857, 0.545933723449707, 0.47820308804512024, -0.00651873042806983, 0.5226799845695496, 0.39653152227401733, -0.016567138954997063, 0.508368730545044, 0.33996862173080444, -0.02758823335170746, 0.4964677095413208, 0.29226183891296387, -0.03557225316762924, 0.5261727571487427, 0.5050098299980164, -0.00916794128715992, 0.502407431602478, 0.43216386437416077, -0.020279882475733757, 0.4901273250579834, 0.3840424418449402, -0.02956501953303814, 0.4805232882499695, 0.34240663051605225, -0.035562340170145035, 0.5116046071052551, 0.5436599254608154, -0.01384518388658762, 0.48822227120399475, 0.495717853307724, -0.024738594889640808, 0.4754764139652252, 0.4598522484302521, -0.0307631678879261, 0.4654257595539093, 0.4238554835319519, -0.03425605222582817]","[0.47277018427848816, 0.7771927118301392, -5.229495414482699e-08, 0.515246570110321, 0.7593554258346558, -0.004400383215397596, 0.5430877208709717, 0.7033678293228149, -0.010998237878084183, 0.5490559339523315, 0.6358048319816589, -0.01620519533753395, 0.5382982492446899, 0.5900437831878662, -0.020652391016483307, 0.5484521389007568, 0.6796000003814697, -0.023619603365659714, 0.561351478099823, 0.5834362506866455, -0.038965512067079544, 0.5567233562469482, 0.5868255496025085, -0.04632165655493736, 0.5480225086212158, 0.6114795804023743, -0.04759296402335167, 0.5215796828269958, 0.6543595790863037, -0.024632791057229042, 0.5349035859107971, 0.5479312539100647, -0.036482203751802444, 0.5328318476676941, 0.5596908926963806, -0.03878476843237877, 0.5262570381164551, 0.595385730266571, -0.037749502807855606, 0.49539780616760254, 0.6347792744636536, -0.02502388320863247, 0.5127571225166321, 0.5447818040847778, -0.03290314972400665, 0.5140535235404968, 0.5583581328392029, -0.029701286926865578, 0.5084815621376038, 0.5881954431533813, -0.025606732815504074, 0.47336092591285706, 0.6214020848274231, -0.024988949298858643, 0.4908375144004822, 0.5622091293334961, -0.029813461005687714, 0.4935254454612732, 0.5703591704368591, -0.02592814899981022, 0.4891951382160187, 0.5872036814689636, -0.021187813952565193]"
[],"[0.5486610531806946, 0.7005327343940735, 2.0156386426606332e-07, 0.5823956727981567, 0.6414898037910461, -0.010909459553658962, 0.5909491777420044, 0.5530403852462769, -0.021012352779507637, 0.5926564931869507, 0.4815204441547394, -0.0295402854681015, 0.6113158464431763, 0.4330611228942871, -0.03939439356327057, 0.5509613156318665, 0.5460325479507446, -0.02778778225183487, 0.5357595086097717, 0.4786408245563507, -0.045013345777988434, 0.5206649899482727, 0.4505523145198822, -0.056025583297014236, 0.5088518261909485, 0.43000805377960205, -0.06314316391944885, 0.5201541185379028, 0.5475578904151917, -0.03152065724134445, 0.5014608502388, 0.4491671919822693, -0.04798862338066101, 0.48058390617370605, 0.3807681202888489, -0.05851348116993904, 0.4627510905265808, 0.3283621072769165, -0.06618655472993851, 0.4925329089164734, 0.5579866766929626, -0.03543419390916824, 0.4738384187221527, 0.45423364639282227, -0.05094705522060394, 0.45658040046691895, 0.38869714736938477, -0.05878211557865143, 0.4416685104370117, 0.3385324776172638, -0.06345823407173157, 0.47155582904815674, 0.5773277282714844, -0.039342135190963745, 0.4515269696712494, 0.49821802973747253, -0.05262209102511406, 0.43710091710090637, 0.44511809945106506, -0.05791386961936951, 0.4231584668159485, 0.4011933207511902, -0.060881126672029495]"
"[0.5764405131340027, 0.6778631806373596, 1.5784675611030252e-07, 0.6187341213226318, 0.6256849765777588, -0.01884722150862217, 0.6334137320518494, 0.534848690032959, -0.024694431573152542, 0.6361856460571289, 0.45890113711357117, -0.02935941517353058, 0.6539451479911804, 0.4104524254798889, -0.03434653580188751, 0.5800886154174805, 0.4540408253669739, -0.011485484428703785, 0.5623155236244202, 0.37609463930130005, -0.02374570444226265, 0.5507079362869263, 0.32963651418685913, -0.034797750413417816, 0.5402483940124512, 0.29027891159057617, -0.04367589205503464, 0.5524644255638123, 0.4673682153224945, -0.012252862565219402, 0.5308944582939148, 0.3809601664543152, -0.02424435317516327, 0.519235372543335, 0.3226473927497864, -0.03675132989883423, 0.5084071159362793, 0.2732534408569336, -0.0463695302605629, 0.5324910879135132, 0.49648958444595337, -0.015705330297350883, 0.5102318525314331, 0.4182164669036865, -0.028882790356874466, 0.4988337457180023, 0.36826565861701965, -0.03906632214784622, 0.48878026008605957, 0.32240137457847595, -0.04608558863401413, 0.5181596279144287, 0.5392889976501465, -0.020987819880247116, 0.49554938077926636, 0.48704418540000916, -0.034527864307165146, 0.482749342918396, 0.44883033633232117, -0.04203728586435318, 0.4713820219039917, 0.4083516299724579, -0.04685655236244202]","[0.4813927412033081, 0.8029220104217529, -5.661231483600204e-08, 0.46561360359191895, 0.7328343391418457, 0.003044631564989686, 0.4793145954608917, 0.6639536023139954, 0.0010922654764726758, 0.5051866769790649, 0.6204527020454407, -0.0012964161578565836, 0.5276557207107544, 0.6027613282203674, -0.004545382224023342, 0.49187591671943665, 0.6540346741676331, -0.014654361642897129, 0.5197964310646057, 0.5706758499145508, -0.021194210276007652, 0.5331820249557495, 0.5239750742912292, -0.021058011800050735, 0.5408269166946411, 0.4947788715362549, -0.02004517801105976, 0.5171983242034912, 0.6656853556632996, -0.019943801686167717, 0.5444357991218567, 0.5699443817138672, -0.03096708655357361, 0.5431331992149353, 0.579280436038971, -0.02969489060342312, 0.5359026193618774, 0.6113942265510559, -0.025155138224363327, 0.5396479964256287, 0.6837707161903381, -0.02369854785501957, 0.5632237792015076, 0.5898964405059814, -0.03139049559831619, 0.5584399104118347, 0.5984229445457458, -0.0249217227101326, 0.5512521862983704, 0.6266618967056274, -0.01785850152373314, 0.5580147504806519, 0.7027432918548584, -0.02660025656223297, 0.5737128853797913, 0.624833345413208, -0.030246390029788017, 0.56892991065979, 0.6259542107582092, -0.024394473060965538, 0.5630965232849121, 0.6454895734786987, -0.01829429343342781]"
"[0.5836670398712158, 0.6437574625015259, 3.467360727427149e-07, 0.6196230053901672, 0.5942957997322083, -0.027429942041635513, 0.6318652033805847, 0.5220359563827515, -0.04182913526892662, 0.6379322409629822, 0.4544520378112793, -0.05344274267554283, 0.6571786403656006, 0.40221652388572693, -0.06535311788320541, 0.5791903138160706, 0.4486248195171356, -0.03098328970372677, 0.5634344220161438, 0.3696463406085968, -0.04934944957494736, 0.5519694685935974, 0.31892308592796326, -0.06204533204436302, 0.5413870811462402, 0.2760409712791443, -0.07120127230882645, 0.551682710647583, 0.4642772972583771, -0.029044341295957565, 0.5322102308273315, 0.37713268399238586, -0.04817779362201691, 0.5198381543159485, 0.31695181131362915, -0.06170913949608803, 0.5091094374656677, 0.2640889286994934, -0.0707044005393982, 0.530599057674408, 0.4954160451889038, -0.029667410999536514, 0.5107098817825317, 0.4165158271789551, -0.04822595790028572, 0.4994905889034271, 0.36279746890068054, -0.05948571115732193, 0.49115443229675293, 0.31515467166900635, -0.06595383584499359, 0.5147797465324402, 0.5366686582565308, -0.032407552003860474, 0.49439021944999695, 0.48248645663261414, -0.04943752661347389, 0.4824032783508301, 0.4427146911621094, -0.05835477262735367, 0.471935510635376, 0.40311092138290405, -0.06335300207138062]","[0.4890110194683075, 0.7984710931777954, -6.124332685431e-08, 0.5258046984672546, 0.7792901992797852, 0.0014943090500310063, 0.5537267923355103, 0.7292988896369934, -0.0020915749482810497, 0.5636962652206421, 0.6721102595329285, -0.004723735619336367, 0.556670069694519, 0.6312375664710999, -0.006521560251712799, 0.5515633225440979, 0.7061671018600464, -0.022838793694972992, 0.5799728631973267, 0.6155592799186707, -0.03515596315264702, 0.5799849033355713, 0.6160723567008972, -0.037547215819358826, 0.5699504613876343, 0.6441476941108704, -0.034565310925245285, 0.5329034924507141, 0.6822401285171509, -0.02499978244304657, 0.5583930015563965, 0.5729365348815918, -0.034727100282907486, 0.5605261325836182, 0.5855340957641602, -0.032381776720285416, 0.5534436702728271, 0.623065173625946, -0.027323760092258453, 0.5156795382499695, 0.663091778755188, -0.02554796263575554, 0.5410065054893494, 0.5722986459732056, -0.030563032254576683, 0.5469931960105896, 0.5869960188865662, -0.024220269173383713, 0.5435650944709778, 0.6172335743904114, -0.017683887854218483, 0.5018661618232727, 0.6496662497520447, -0.025026924908161163, 0.5226742625236511, 0.58073890209198, -0.026843607425689697, 0.529627799987793, 0.5944636464118958, -0.019804231822490692, 0.5292384624481201, 0.6201754808425903, -0.012548897415399551]"
"[0.4902929663658142, 0.794050931930542, -1.3855661507022887e-07, 0.5108188986778259, 0.7618670463562012, 0.004232737701386213, 0.5299283266067505, 0.7038508653640747, 0.0028476002626121044, 0.5446141958236694, 0.6503849029541016, 0.0020031218882650137, 0.5471540093421936, 0.6175289750099182, 0.0020234945695847273, 0.53441321849823, 0.6846684217453003, -0.02071254327893257, 0.568055272102356, 0.592593252658844, -0.02886386215686798, 0.5708483457565308, 0.5993517637252808, -0.027653183788061142, 0.5664321780204773, 0.626215398311615, -0.023173348978161812, 0.5309864282608032, 0.6723639369010925, -0.023517003282904625, 0.561090350151062, 0.5697561502456665, -0.030734732747077942, 0.5635794997215271, 0.5826148390769958, -0.026470055803656578, 0.5590221285820007, 0.6151757836341858, -0.02052421309053898, 0.5292850136756897, 0.6648825407028198, -0.024325305595993996, 0.5546578168869019, 0.5762175917625427, -0.026964861899614334, 0.5593155026435852, 0.5895289182662964, -0.020198222249746323, 0.557022213935852, 0.6156589984893799, -0.013905534520745277, 0.5298059582710266, 0.6641799807548523, -0.023953352123498917, 0.5514459013938904, 0.592434287071228, -0.02331913821399212, 0.55498868227005, 0.603337287902832, -0.015869785100221634, 0.5539434552192688, 0.627497136592865, -0.008905274793505669]","[0.581635594367981, 0.6471108794212341, 3.35774672066691e-07, 0.6173532605171204, 0.5962169766426086, -0.025189414620399475, 0.6286923885345459, 0.5204808115959167, -0.03797980025410652, 0.6343348622322083, 0.4504615068435669, -0.04844668135046959, 0.6543295383453369, 0.3976863622665405, -0.05917365849018097, 0.5731348991394043, 0.44561538100242615, -0.025574838742613792, 0.5563527941703796, 0.3675587773323059, -0.04207710176706314, 0.544521689414978, 0.3171040415763855, -0.0538189671933651, 0.5340257883071899, 0.2748706340789795, -0.06246533989906311, 0.5457860827445984, 0.46169427037239075, -0.024339647963643074, 0.5260790586471558, 0.3759547173976898, -0.04139702767133713, 0.5139877796173096, 0.31684696674346924, -0.05403217300772667, 0.504003643989563, 0.26443976163864136, -0.062430210411548615, 0.5254865884780884, 0.49290382862091064, -0.025713572278618813, 0.5036229491233826, 0.4151439964771271, -0.04262501001358032, 0.4919186532497406, 0.36252361536026, -0.05308443680405617, 0.48361706733703613, 0.3151106834411621, -0.05919220298528671, 0.511145293712616, 0.5356963276863098, -0.029169559478759766, 0.4880605936050415, 0.4849175810813904, -0.0450279600918293, 0.475089967250824, 0.447204053401947, -0.053216129541397095, 0.46417856216430664, 0.40779218077659607, -0.057759836316108704]"
[],"[0.48800814151763916, 0.780838131904602, -2.1692258656003105e-07, 0.5358135104179382, 0.7708569765090942, -0.001411628327332437, 0.571729302406311, 0.708931028842926, -0.005641686264425516, 0.5895999073982239, 0.6302698254585266, -0.00831692200154066, 0.5932464599609375, 0.5815847516059875, -0.010705139487981796, 0.5667325854301453, 0.6781209707260132, -0.03257432207465172, 0.5927965044975281, 0.5878304243087769, -0.04669647663831711, 0.5872459411621094, 0.5991161465644836, -0.048142559826374054, 0.5801824927330017, 0.6219402551651001, -0.04599389433860779, 0.5378914475440979, 0.6518555879592896, -0.0344901904463768, 0.5598469972610474, 0.5532323122024536, -0.05142659321427345, 0.5541168451309204, 0.5700143575668335, -0.05107087641954422, 0.5481681227684021, 0.6022558808326721, -0.04671990126371384, 0.5105133056640625, 0.6328976154327393, -0.03490757197141647, 0.5256993174552917, 0.5398739576339722, -0.047962963581085205, 0.5212668180465698, 0.5437098741531372, -0.0456429049372673, 0.5145281553268433, 0.56059730052948, -0.04082338884472847, 0.487342894077301, 0.6234952211380005, -0.033655207604169846, 0.4909246265888214, 0.539402961730957, -0.040878042578697205, 0.48358237743377686, 0.5140995979309082, -0.039247896522283554, 0.4747733473777771, 0.5012596845626831, -0.03596657142043114]"
[],"[0.48387956619262695, 0.7769410610198975, -7.019673375907587e-08, 0.5288992524147034, 0.7587888836860657, -6.275656778598204e-05, 0.5579988360404968, 0.7014208436012268, -0.0046847821213305, 0.5670198798179626, 0.6360795497894287, -0.008106277324259281, 0.5606303215026855, 0.5895296931266785, -0.010662649758160114, 0.5585012435913086, 0.6721323132514954, -0.02724849060177803, 0.579167366027832, 0.5702581405639648, -0.038296833634376526, 0.5769628286361694, 0.5889534950256348, -0.039798688143491745, 0.5701343417167664, 0.6226797699928284, -0.03733697906136513, 0.5296925902366638, 0.648764967918396, -0.02939574606716633, 0.5536296963691711, 0.5413848161697388, -0.03792601451277733, 0.5548148155212402, 0.560256838798523, -0.03478419780731201, 0.5483234524726868, 0.596037745475769, -0.030695753172039986, 0.5028586983680725, 0.6312519907951355, -0.029863182455301285, 0.5269308686256409, 0.537736713886261, -0.0329192690551281, 0.5312291979789734, 0.5559147000312805, -0.025621436536312103, 0.5270634293556213, 0.5872728228569031, -0.01997339352965355, 0.4811512231826782, 0.6208279728889465, -0.029642146080732346, 0.5029447078704834, 0.5536935925483704, -0.02947617508471012, 0.5084325671195984, 0.5681933164596558, -0.022117188200354576, 0.5058190226554871, 0.5943294763565063, -0.015953755006194115]"
[],"[0.4942271411418915, 0.7493836283683777, 1.6932062862906605e-07, 0.5556301474571228, 0.7068706154823303, -0.019719472154974937, 0.5948246717453003, 0.602480947971344, -0.03291280195116997, 0.6158667206764221, 0.4986650347709656, -0.04156540706753731, 0.6384068727493286, 0.42704030871391296, -0.05208902806043625, 0.5640943050384521, 0.600602924823761, -0.054611723870038986, 0.5526033043861389, 0.4670476019382477, -0.07583283632993698, 0.5372230410575867, 0.3860783278942108, -0.08468537777662277, 0.5225317478179932, 0.32647833228111267, -0.0898212194442749, 0.529082715511322, 0.5963243246078491, -0.05316994711756706, 0.516009509563446, 0.45589756965637207, -0.07244843244552612, 0.5008853673934937, 0.37228599190711975, -0.08109693229198456, 0.4900375306606293, 0.314719021320343, -0.08737688511610031, 0.4988851547241211, 0.5999459028244019, -0.05104687064886093, 0.48859554529190063, 0.478348046541214, -0.06779323518276215, 0.4722341001033783, 0.40363258123397827, -0.0756942555308342, 0.4599817097187042, 0.3497352600097656, -0.08115717023611069, 0.47777560353279114, 0.6109252572059631, -0.04907179996371269, 0.4701530933380127, 0.5320789217948914, -0.06451267749071121, 0.4555136263370514, 0.48455601930618286, -0.07099257409572601, 0.4423395097255707, 0.44617557525634766, -0.07464198023080826]"
"[0.5505928993225098, 0.7149695158004761, 2.1975924369144195e-07, 0.5934128761291504, 0.6515476107597351, -0.018035506829619408, 0.6105391383171082, 0.5654246211051941, -0.026412272825837135, 0.6210115551948547, 0.4877385199069977, -0.03354658558964729, 0.6419109106063843, 0.43136918544769287, -0.04098702594637871, 0.5560441017150879, 0.49348020553588867, -0.015253052115440369, 0.534927248954773, 0.4083361327648163, -0.027182430028915405, 0.5196906924247742, 0.3577401638031006, -0.03647485002875328, 0.5071988105773926, 0.3158244490623474, -0.04359712824225426, 0.5264589786529541, 0.5086787939071655, -0.015408473089337349, 0.5028321146965027, 0.4161946177482605, -0.02663949877023697, 0.48776108026504517, 0.35450345277786255, -0.037460219115018845, 0.475746214389801, 0.3033410906791687, -0.04544523358345032, 0.5040400624275208, 0.5397976636886597, -0.01750306226313114, 0.4829934239387512, 0.45925819873809814, -0.029019158333539963, 0.4694713056087494, 0.4062621593475342, -0.03788153454661369, 0.45855480432510376, 0.3602232336997986, -0.04397294297814369, 0.48862606287002563, 0.5814101099967957, -0.02116686850786209, 0.46715813875198364, 0.5281857848167419, -0.033032748848199844, 0.4542164206504822, 0.491502970457077, -0.03888523578643799, 0.44303905963897705, 0.45511627197265625, -0.04215436056256294]",[]
[],"[0.4817255139350891, 0.7489464282989502, 9.461753336381662e-08, 0.5385425090789795, 0.712912917137146, -0.003720451146364212, 0.5702381730079651, 0.6246693730354309, -0.010136215016245842, 0.5934308767318726, 0.5331960320472717, -0.01483308244496584, 0.6150583028793335, 0.47189125418663025, -0.02166961506009102, 0.5576574206352234, 0.6033914089202881, -0.04054320231080055, 0.5483277440071106, 0.46918943524360657, -0.057385195046663284, 0.5355526208877563, 0.3894214630126953, -0.062200434505939484, 0.5220715999603271, 0.33314433693885803, -0.06436111032962799, 0.5255736708641052, 0.5946990251541138, -0.04550284892320633, 0.5163787603378296, 0.4533820152282715, -0.06353706121444702, 0.5034840106964111, 0.3720704913139343, -0.06927703320980072, 0.4931738078594208, 0.31565800309181213, -0.07243978977203369, 0.4937222898006439, 0.5966297388076782, -0.048497769981622696, 0.4871060848236084, 0.47437354922294617, -0.06460755318403244, 0.4747456908226013, 0.40383610129356384, -0.07067741453647614, 0.46297937631607056, 0.35386019945144653, -0.07387247681617737, 0.4688695967197418, 0.6102339625358582, -0.05004622042179108, 0.466922402381897, 0.5300514101982117, -0.06380964070558548, 0.45809340476989746, 0.48316675424575806, -0.06834892183542252, 0.4483950436115265, 0.4450063109397888, -0.0702785849571228]"
"[0.582100510597229, 0.6750733852386475, 3.081899251355935e-07, 0.6143000721931458, 0.6176990866661072, -0.02126842364668846, 0.6250019073486328, 0.5373159646987915, -0.029919501394033432, 0.6311755776405334, 0.46786126494407654, -0.03712160885334015, 0.6506993770599365, 0.41996651887893677, -0.04387194290757179, 0.5638732314109802, 0.4716280400753021, -0.012938527390360832, 0.5426786541938782, 0.3912467658519745, -0.025105681270360947, 0.5289402604103088, 0.34344667196273804, -0.03516823425889015, 0.5178612470626831, 0.30634772777557373, -0.042392417788505554, 0.5363212823867798, 0.48748672008514404, -0.011648787185549736, 0.5108128786087036, 0.4010162949562073, -0.02274167910218239, 0.49540722370147705, 0.3425058126449585, -0.03386034816503525, 0.48350921273231506, 0.2945657968521118, -0.041641347110271454, 0.5154035687446594, 0.5157263278961182, -0.013270348310470581, 0.4916684627532959, 0.4417771100997925, -0.02491729147732258, 0.47872307896614075, 0.39125916361808777, -0.0351644866168499, 0.46903812885284424, 0.3477897644042969, -0.041710417717695236, 0.4999329745769501, 0.5537576675415039, -0.016936028376221657, 0.47788888216018677, 0.5068979263305664, -0.027974767610430717, 0.4648796617984772, 0.47265714406967163, -0.03446618467569351, 0.45409151911735535, 0.4379788935184479, -0.03830214589834213]",[]
"[0.5900532603263855, 0.664757490158081, 3.2890918078010145e-07, 0.6208487749099731, 0.6087397933006287, -0.021029824391007423, 0.6300321817398071, 0.5265149474143982, -0.029149949550628662, 0.6363418102264404, 0.4565806984901428, -0.03586588054895401, 0.6580992937088013, 0.4095146954059601, -0.04202931374311447, 0.5690284967422485, 0.4557318091392517, -0.00897906068712473, 0.5486723184585571, 0.3781346082687378, -0.019703460857272148, 0.536414384841919, 0.33178192377090454, -0.029755784198641777, 0.5261660218238831, 0.2929835915565491, -0.037364523857831955, 0.5427221655845642, 0.4721539616584778, -0.007867233827710152, 0.5182737708091736, 0.38727790117263794, -0.0174607764929533, 0.5040099024772644, 0.3294733762741089, -0.028176024556159973, 0.49260491132736206, 0.2815597653388977, -0.03580357879400253, 0.5228816270828247, 0.5022131204605103, -0.009878969751298428, 0.4987122416496277, 0.4296130836009979, -0.020256930962204933, 0.4861753284931183, 0.38036203384399414, -0.02962508238852024, 0.4766094386577606, 0.3378751277923584, -0.035579483956098557, 0.5085518956184387, 0.5433353781700134, -0.014124909415841103, 0.4855808913707733, 0.495099276304245, -0.024005498737096786, 0.4723753333091736, 0.46058520674705505, -0.029571479186415672, 0.46134740114212036, 0.42515990138053894, -0.032793961465358734]",[]
[],"[0.4395965337753296, 0.6711828112602234, 8.011611818403708e-09, 0.4857484996318817, 0.655146598815918, 0.005198750179260969, 0.5106189846992493, 0.5958824157714844, 0.003667808836326003, 0.5220555663108826, 0.5324155688285828, 0.002144900616258383, 0.5212682485580444, 0.4842590391635895, -0.00036485071177594364, 0.5207363367080688, 0.5732017755508423, -0.020565494894981384, 0.5348703861236572, 0.4794025719165802, -0.02822173945605755, 0.5309332013130188, 0.43678519129753113, -0.02794671431183815, 0.5204330086708069, 0.41538602113723755, -0.026464233174920082, 0.49496349692344666, 0.5451082587242126, -0.027103323489427567, 0.5044690370559692, 0.437257319688797, -0.03580007702112198, 0.49989575147628784, 0.38020360469818115, -0.03886259347200394, 0.49007296562194824, 0.3423007130622864, -0.04060086980462074, 0.4669746160507202, 0.5266236066818237, -0.031551994383335114, 0.47059187293052673, 0.4258401095867157, -0.03908112645149231, 0.46578332781791687, 0.3689017593860626, -0.043682944029569626, 0.45717525482177734, 0.3268907070159912, -0.04718358814716339, 0.44164618849754333, 0.5207619071006775, -0.03411884605884552, 0.4434908628463745, 0.4496607780456543, -0.04244009032845497, 0.4384118914604187, 0.4097449779510498, -0.045843977481126785, 0.4305501878261566, 0.37800154089927673, -0.047379590570926666]"
"[0.5898180603981018, 0.6491867303848267, 3.1850248660703073e-07, 0.6217965483665466, 0.5986362099647522, -0.022646553814411163, 0.6322938203811646, 0.517450749874115, -0.0329822413623333, 0.6397148370742798, 0.4464113712310791, -0.04146141558885574, 0.6618615984916687, 0.3971221446990967, -0.049983810633420944, 0.5716034173965454, 0.44498082995414734, -0.017774712294340134, 0.5520117282867432, 0.3660758137702942, -0.030628815293312073, 0.5394746661186218, 0.3161930441856384, -0.04097180441021919, 0.5287737250328064, 0.27560555934906006, -0.04895611107349396, 0.545453667640686, 0.460721880197525, -0.016801059246063232, 0.5214736461639404, 0.3756851851940155, -0.028707778081297874, 0.50831538438797, 0.317431777715683, -0.0397479273378849, 0.49771982431411743, 0.269744873046875, -0.04784206300973892, 0.5261861681938171, 0.4907534122467041, -0.01857706904411316, 0.5022539496421814, 0.4154658913612366, -0.03089449740946293, 0.4904369115829468, 0.36497336626052856, -0.04066292569041252, 0.4813082218170166, 0.32158899307250977, -0.047083400189876556, 0.5127916932106018, 0.5317460298538208, -0.022444304078817368, 0.4880494177341461, 0.4823465347290039, -0.0347425676882267, 0.4738903343677521, 0.4462607800960541, -0.04177941754460335, 0.46148329973220825, 0.40991753339767456, -0.04600442945957184]",[]
"[0.5806365609169006, 0.6426165699958801, 3.353051454269007e-07, 0.616944432258606, 0.5922436714172363, -0.02378562092781067, 0.6295356154441833, 0.5126474499702454, -0.0350378192961216, 0.6362967491149902, 0.44206517934799194, -0.04411706328392029, 0.6571120023727417, 0.39200228452682495, -0.05316486209630966, 0.5678268671035767, 0.43984779715538025, -0.02172650396823883, 0.5478676557540894, 0.3635598421096802, -0.03608030825853348, 0.5351294875144958, 0.315416157245636, -0.0466986820101738, 0.5240886211395264, 0.27568596601486206, -0.054417937994003296, 0.540803849697113, 0.457093209028244, -0.0200655460357666, 0.5163996815681458, 0.372559517621994, -0.033864665776491165, 0.5021611452102661, 0.3164478540420532, -0.044211648404598236, 0.4903246760368347, 0.2690715789794922, -0.05101332813501358, 0.5208534598350525, 0.4889357089996338, -0.020993325859308243, 0.4968562722206116, 0.41507822275161743, -0.03446251526474953, 0.4841766357421875, 0.3666950762271881, -0.04287716746330261, 0.4743802547454834, 0.32452183961868286, -0.04767616093158722, 0.5068418383598328, 0.5326260924339294, -0.024086466059088707, 0.4839836359024048, 0.4831186830997467, -0.03649295121431351, 0.4707806408405304, 0.44776201248168945, -0.04253629967570305, 0.4590643048286438, 0.41225749254226685, -0.045616477727890015]",[]
"[0.5788329839706421, 0.6278841495513916, 4.4669968701782636e-07, 0.6103548407554626, 0.5817084312438965, -0.026830928400158882, 0.6202329993247986, 0.5119537115097046, -0.04246274009346962, 0.6262151598930359, 0.4485321640968323, -0.05534236878156662, 0.6477083563804626, 0.3992665410041809, -0.06868036836385727, 0.5583910942077637, 0.4485190510749817, -0.03187308460474014, 0.5376899242401123, 0.37251782417297363, -0.05124184861779213, 0.5256525874137878, 0.3249851167201996, -0.06468861550092697, 0.5155520439147949, 0.2852522134780884, -0.07383010536432266, 0.5329353213310242, 0.4666469097137451, -0.030110644176602364, 0.5069180130958557, 0.3841066062450409, -0.04803607240319252, 0.49182891845703125, 0.326107382774353, -0.060765985399484634, 0.47964853048324585, 0.27625250816345215, -0.06917940825223923, 0.5140484571456909, 0.4988737106323242, -0.03085504099726677, 0.4886283576488495, 0.4262574315071106, -0.047916822135448456, 0.47496575117111206, 0.3765738308429718, -0.058493729680776596, 0.4647536873817444, 0.3317989408969879, -0.06451583653688431, 0.5012596249580383, 0.542021632194519, -0.0336366631090641, 0.47585707902908325, 0.49389275908470154, -0.0486428327858448, 0.4623962640762329, 0.46059489250183105, -0.055718936026096344, 0.4512788951396942, 0.4260886311531067, -0.05942361429333687]",[]
"[0.5759545564651489, 0.6669323444366455, 3.0762859637434303e-07, 0.6082758903503418, 0.6043813228607178, -0.018974754959344864, 0.6160396337509155, 0.522348940372467, -0.027462637051939964, 0.6203784346580505, 0.45267584919929504, -0.034794244915246964, 0.6395689845085144, 0.4049969017505646, -0.042292192578315735, 0.5519869327545166, 0.4589993357658386, -0.014885742217302322, 0.5279274582862854, 0.3827800452709198, -0.02712828852236271, 0.5125688314437866, 0.33689892292022705, -0.03681410849094391, 0.49956926703453064, 0.29823464155197144, -0.044237229973077774, 0.5262017846107483, 0.480123370885849, -0.015581779181957245, 0.4982247054576874, 0.3973492383956909, -0.02812311239540577, 0.48098671436309814, 0.34211936593055725, -0.039289604872465134, 0.4669102430343628, 0.2947775423526764, -0.04696366563439369, 0.5079823136329651, 0.5153353214263916, -0.018536780029535294, 0.4805426001548767, 0.44296568632125854, -0.030988216400146484, 0.465659499168396, 0.3936195969581604, -0.0402948297560215, 0.45405685901641846, 0.34931305050849915, -0.04609598591923714, 0.49619707465171814, 0.5615500211715698, -0.023288697004318237, 0.46894600987434387, 0.516400933265686, -0.035291846841573715, 0.4535439610481262, 0.48126333951950073, -0.04153408855199814, 0.4403754472732544, 0.44360727071762085, -0.04501767456531525]",[]
"[0.5670729279518127, 0.6965824961662292, 2.7666442292684224e-07, 0.6046541333198547, 0.6292454600334167, -0.018590204417705536, 0.6142416596412659, 0.5409136414527893, -0.025264015421271324, 0.6194965839385986, 0.46513283252716064, -0.03112855553627014, 0.6366395354270935, 0.4128866493701935, -0.036722805351018906, 0.549098789691925, 0.4693125784397125, -0.007625112310051918, 0.5239717960357666, 0.392402708530426, -0.01735103689134121, 0.508080780506134, 0.3488169312477112, -0.02644420601427555, 0.4948303699493408, 0.31168484687805176, -0.03365964815020561, 0.5222002863883972, 0.48991018533706665, -0.007915958762168884, 0.49378302693367004, 0.4055224061012268, -0.017387760803103447, 0.4755612313747406, 0.350870817899704, -0.027884570881724358, 0.4605790674686432, 0.3047853112220764, -0.03546404093503952, 0.503330409526825, 0.5249952673912048, -0.010975508950650692, 0.47635287046432495, 0.45221564173698425, -0.020916013047099113, 0.4603562355041504, 0.40386131405830383, -0.02954409085214138, 0.44771698117256165, 0.36070185899734497, -0.035272061824798584, 0.4909491240978241, 0.5711236000061035, -0.016157323494553566, 0.46459269523620605, 0.5244396924972534, -0.025827238336205482, 0.4491281509399414, 0.4907970130443573, -0.030777763575315475, 0.43621015548706055, 0.45468586683273315, -0.03375104069709778]",[]
"[0.5642511248588562, 0.6996389627456665, 1.985249014069268e-07, 0.6043609976768494, 0.6291527152061462, -0.018475515767931938, 0.6187357306480408, 0.545478105545044, -0.0249494481831789, 0.6199327111244202, 0.4714638590812683, -0.030526643618941307, 0.6366216540336609, 0.42119303345680237, -0.03611667826771736, 0.5483759045600891, 0.47547727823257446, -0.009010224603116512, 0.5235247015953064, 0.3970003128051758, -0.019916066899895668, 0.5079559683799744, 0.35434192419052124, -0.030158843845129013, 0.4942498803138733, 0.31810009479522705, -0.03805089369416237, 0.5211981534957886, 0.49796921014785767, -0.00908395741134882, 0.49193692207336426, 0.41254860162734985, -0.0185697041451931, 0.47478747367858887, 0.3562476634979248, -0.030231261625885963, 0.4593883454799652, 0.3105100691318512, -0.03955861181020737, 0.5045830011367798, 0.5346070528030396, -0.011743977665901184, 0.4741235673427582, 0.4634130299091339, -0.021770287305116653, 0.45939889550209045, 0.41624540090560913, -0.03091243840754032, 0.4476832449436188, 0.37374353408813477, -0.0378347672522068, 0.4950588047504425, 0.5818831920623779, -0.01635180041193962, 0.46441298723220825, 0.537481427192688, -0.026607250794768333, 0.4495464265346527, 0.5023043751716614, -0.03216728940606117, 0.4379224479198456, 0.4660380780696869, -0.035930369049310684]",[]
"[0.5759884715080261, 0.6976794004440308, 1.9799115591467853e-07, 0.6107189655303955, 0.6264455914497375, -0.01726132445037365, 0.6221712827682495, 0.5420841574668884, -0.024220459163188934, 0.6255244612693787, 0.47100573778152466, -0.030891085043549538, 0.6433062553405762, 0.4207765758037567, -0.03744473308324814, 0.5536400079727173, 0.4705184996128082, -0.0066579775884747505, 0.5284928679466248, 0.39462125301361084, -0.01760651171207428, 0.5127317309379578, 0.352436363697052, -0.027935443446040154, 0.4996486306190491, 0.31629565358161926, -0.035975489765405655, 0.5274032354354858, 0.49373945593833923, -0.008021252229809761, 0.4979746639728546, 0.4103955924510956, -0.01788431406021118, 0.48026829957962036, 0.3554661273956299, -0.029182838276028633, 0.464743435382843, 0.31009575724601746, -0.03784544765949249, 0.5100157260894775, 0.530694305896759, -0.012178460136055946, 0.47956010699272156, 0.4601594805717468, -0.02311709150671959, 0.46446841955184937, 0.4122161865234375, -0.03191022947430611, 0.45169180631637573, 0.3699229955673218, -0.038140829652547836, 0.49946048855781555, 0.5769751071929932, -0.018287330865859985, 0.4703274965286255, 0.5339633822441101, -0.02937103435397148, 0.4547581076622009, 0.5007085800170898, -0.03476397693157196, 0.4414508640766144, 0.4665676951408386, -0.038068946450948715]",[]
"[0.583309531211853, 0.6818332076072693, 2.7405548053138773e-07, 0.6155332326889038, 0.6188778877258301, -0.020844392478466034, 0.6239011287689209, 0.5364831686019897, -0.02968634106218815, 0.6269097328186035, 0.46493205428123474, -0.037268295884132385, 0.6468770503997803, 0.4141150414943695, -0.044696591794490814, 0.5568002462387085, 0.4682319164276123, -0.012400317005813122, 0.5327809453010559, 0.3931015729904175, -0.023819919675588608, 0.5175169110298157, 0.3486770689487457, -0.0335816964507103, 0.5044514536857605, 0.3108775019645691, -0.04127663001418114, 0.5292351245880127, 0.48870614171028137, -0.012002496048808098, 0.5014259219169617, 0.4046117067337036, -0.022729380056262016, 0.4849684238433838, 0.34828072786331177, -0.033420756459236145, 0.47114118933677673, 0.3009340167045593, -0.04120487719774246, 0.5107017755508423, 0.523508608341217, -0.014382537454366684, 0.48395100235939026, 0.450492262840271, -0.026142826303839684, 0.46929603815078735, 0.4024313688278198, -0.035458922386169434, 0.4571787714958191, 0.3600004315376282, -0.041629474610090256, 0.49911999702453613, 0.5676782131195068, -0.01878243312239647, 0.47200947999954224, 0.5234432220458984, -0.030993474647402763, 0.4567857086658478, 0.4896828234195709, -0.03751350939273834, 0.4439297318458557, 0.4542692303657532, -0.04127548262476921]",[]
"[0.5842384099960327, 0.6666547060012817, 2.943893377960194e-07, 0.6155626773834229, 0.6041257977485657, -0.019167108461260796, 0.6220705509185791, 0.5269274711608887, -0.029294755309820175, 0.6284818649291992, 0.4565366208553314, -0.03848881646990776, 0.6497141122817993, 0.4063246250152588, -0.047915540635585785, 0.5589669942855835, 0.46199068427085876, -0.017054405063390732, 0.5359960198402405, 0.3839489817619324, -0.030179418623447418, 0.5207851529121399, 0.3382960557937622, -0.039700642228126526, 0.5078142285346985, 0.30105844140052795, -0.04692427068948746, 0.5318254828453064, 0.4830988347530365, -0.0181429386138916, 0.5047224760055542, 0.3953453302383423, -0.03154315426945686, 0.48802649974823, 0.33752357959747314, -0.04233619570732117, 0.47409170866012573, 0.28934580087661743, -0.04980383813381195, 0.5131227374076843, 0.5188062191009521, -0.021483588963747025, 0.4870372414588928, 0.4437360167503357, -0.03513280302286148, 0.47228193283081055, 0.3933567404747009, -0.04434209689497948, 0.46047261357307434, 0.34875085949897766, -0.05011105164885521, 0.5015700459480286, 0.5638885498046875, -0.02649172767996788, 0.4757298529148102, 0.516780436038971, -0.04006550833582878, 0.4612899720668793, 0.480658620595932, -0.04690280929207802, 0.4488162696361542, 0.4428093731403351, -0.05078458786010742]",[]
"[0.5663244724273682, 0.6657407879829407, 2.0214633877913002e-07, 0.6090754270553589, 0.6082146167755127, -0.018803974613547325, 0.6242655515670776, 0.526889979839325, -0.026992136612534523, 0.6310127973556519, 0.4550488293170929, -0.034001629799604416, 0.6528345942497253, 0.4057791829109192, -0.04134756699204445, 0.5646385550498962, 0.460920512676239, -0.017511041834950447, 0.5406611561775208, 0.3762670159339905, -0.030050963163375854, 0.5249805450439453, 0.3288577198982239, -0.03919209539890289, 0.5120677351951599, 0.2924056649208069, -0.04590905085206032, 0.5355406999588013, 0.4809972643852234, -0.017575688660144806, 0.5080351233482361, 0.38895660638809204, -0.029371801763772964, 0.49181312322616577, 0.32935816049575806, -0.04015738517045975, 0.4782610833644867, 0.28308820724487305, -0.04823331534862518, 0.5155333280563354, 0.5152158141136169, -0.01966557465493679, 0.49021103978157043, 0.4377964735031128, -0.03227342665195465, 0.47484588623046875, 0.38655123114585876, -0.04149264097213745, 0.46268707513809204, 0.34365350008010864, -0.047768689692020416, 0.5035982131958008, 0.5576183199882507, -0.023247243836522102, 0.4782392680644989, 0.5081756711006165, -0.03597573935985565, 0.46455830335617065, 0.47307267785072327, -0.042322784662246704, 0.45329535007476807, 0.4381067156791687, -0.046139009296894073]",[]
"[0.5852580666542053, 0.6572830080986023, 2.5965243821701733e-07, 0.6204943656921387, 0.6018589735031128, -0.019318772479891777, 0.6300721764564514, 0.5185301303863525, -0.026126373559236526, 0.6346738934516907, 0.4470365345478058, -0.03199663758277893, 0.6560519933700562, 0.39912718534469604, -0.037606123834848404, 0.5682244896888733, 0.4480762183666229, -0.007881189696490765, 0.5467685461044312, 0.3718816637992859, -0.01743205264210701, 0.5325484275817871, 0.3269891142845154, -0.025948181748390198, 0.5207404494285583, 0.29086312651634216, -0.032785847783088684, 0.5394829511642456, 0.46588388085365295, -0.007238182704895735, 0.5135445594787598, 0.3816816210746765, -0.0164557546377182, 0.49864932894706726, 0.3250887393951416, -0.026808828115463257, 0.4861270785331726, 0.2797776162624359, -0.03427315130829811, 0.5200321674346924, 0.49804919958114624, -0.009480312466621399, 0.49380096793174744, 0.4257292151451111, -0.019941627979278564, 0.4803968667984009, 0.37853550910949707, -0.029288113117218018, 0.46940723061561584, 0.3365247845649719, -0.03545685485005379, 0.5082805156707764, 0.5393451452255249, -0.01365540362894535, 0.4828870892524719, 0.49324026703834534, -0.024399973452091217, 0.46827974915504456, 0.4602939486503601, -0.030837135389447212, 0.45603156089782715, 0.4247533082962036, -0.03472951799631119]",[]
"[0.5858592987060547, 0.6521691083908081, 2.2881243921801797e-07, 0.6194892525672913, 0.5988156795501709, -0.019626285880804062, 0.6299101114273071, 0.517604649066925, -0.028281185775995255, 0.6351696252822876, 0.44662991166114807, -0.03558652102947235, 0.656149685382843, 0.3985389769077301, -0.04285285994410515, 0.573962390422821, 0.44088447093963623, -0.014167689718306065, 0.5528878569602966, 0.36671721935272217, -0.02717204950749874, 0.5395500659942627, 0.3218989372253418, -0.038005728274583817, 0.5283016562461853, 0.2840801775455475, -0.0462673157453537, 0.5468732118606567, 0.45688119530677795, -0.014458714984357357, 0.5213976502418518, 0.37464356422424316, -0.027328042313456535, 0.5062316060066223, 0.31826430559158325, -0.038970597088336945, 0.4934752583503723, 0.2704852819442749, -0.04719022661447525, 0.5268064737319946, 0.48811283707618713, -0.01732485182583332, 0.501327633857727, 0.4143548905849457, -0.030637793242931366, 0.4870745837688446, 0.3672463893890381, -0.040088340640068054, 0.4757084846496582, 0.32418644428253174, -0.045933887362480164, 0.5133083462715149, 0.5308343172073364, -0.02204594761133194, 0.4882909655570984, 0.48261189460754395, -0.03467155992984772, 0.474172443151474, 0.44780221581459045, -0.041249923408031464, 0.462593674659729, 0.41057825088500977, -0.04496380314230919]",[]
"[0.5877776145935059, 0.6464817523956299, 1.9023080710667273e-07, 0.621118426322937, 0.5947295427322388, -0.02082161419093609, 0.6319712400436401, 0.5131545662879944, -0.029938552528619766, 0.6355240345001221, 0.4429926872253418, -0.037492215633392334, 0.6529706716537476, 0.3927278220653534, -0.04513179883360863, 0.5784235000610352, 0.43672725558280945, -0.01690126210451126, 0.5591707825660706, 0.3674161732196808, -0.031823743134737015, 0.5462372303009033, 0.3247544467449188, -0.04423179849982262, 0.5342752933502197, 0.288288414478302, -0.053445253521203995, 0.5527042150497437, 0.44867008924484253, -0.01703498139977455, 0.5300421714782715, 0.3673161268234253, -0.030773736536502838, 0.5163068175315857, 0.312192440032959, -0.04211745411157608, 0.5038397312164307, 0.2642877697944641, -0.050062719732522964, 0.5331403017044067, 0.47703877091407776, -0.019924543797969818, 0.5093874931335449, 0.4031847417354584, -0.03417002037167549, 0.49602586030960083, 0.35673660039901733, -0.042800210416316986, 0.48451489210128784, 0.31437259912490845, -0.04798184335231781, 0.5189782977104187, 0.5189842581748962, -0.02482999674975872, 0.4955710768699646, 0.4683532118797302, -0.03838547691702843, 0.48233476281166077, 0.43090686202049255, -0.0447349026799202, 0.4707709848880768, 0.3928295075893402, -0.04815319925546646]",[]
"[0.5926930904388428, 0.6352763772010803, 1.7325194789918896e-07, 0.6239749193191528, 0.5947651863098145, -0.015827476978302002, 0.6337939500808716, 0.5072574615478516, -0.01972041465342045, 0.6299885511398315, 0.44059014320373535, -0.02220180816948414, 0.6398922204971313, 0.39173996448516846, -0.024430403485894203, 0.5867424607276917, 0.439201682806015, -0.010046461597084999, 0.5700783729553223, 0.3851895332336426, -0.02125820331275463, 0.5541313886642456, 0.33963435888290405, -0.029987135902047157, 0.5398111939430237, 0.30348166823387146, -0.03743584081530571, 0.5596373081207275, 0.447176069021225, -0.012311679311096668, 0.5412123799324036, 0.3694956600666046, -0.030070185661315918, 0.5255104303359985, 0.3124244213104248, -0.04341967776417732, 0.5101832747459412, 0.2587718963623047, -0.051471367478370667, 0.5420569777488708, 0.4704357087612152, -0.016255084425210953, 0.5230448246002197, 0.40469789505004883, -0.03593001142144203, 0.5087236166000366, 0.3561520278453827, -0.043261244893074036, 0.4952407479286194, 0.3048550486564636, -0.045136403292417526, 0.5287860035896301, 0.5086749196052551, -0.021303676068782806, 0.5076602697372437, 0.4562031626701355, -0.037511441856622696, 0.4955596923828125, 0.42059963941574097, -0.04147052764892578, 0.4837178587913513, 0.3829350471496582, -0.04183391481637955]",[]
"[0.5810375213623047, 0.6532058715820312, 1.0852215837076074e-07, 0.6162964105606079, 0.5995102524757385, -0.01808580569922924, 0.6261723637580872, 0.5119715929031372, -0.025021828711032867, 0.6175023317337036, 0.44302576780319214, -0.030545782297849655, 0.6259011030197144, 0.38844069838523865, -0.03681942820549011, 0.5802379846572876, 0.45023199915885925, -0.01934039779007435, 0.5653634667396545, 0.39193862676620483, -0.03566025197505951, 0.5561129450798035, 0.3558087646961212, -0.04866068810224533, 0.54730224609375, 0.3221464157104492, -0.058554306626319885, 0.5553516149520874, 0.4599379301071167, -0.021980034187436104, 0.536394476890564, 0.3799007833003998, -0.037350963801145554, 0.5267105102539062, 0.3253120481967926, -0.05000726878643036, 0.517126202583313, 0.273445188999176, -0.059775449335575104, 0.5370135307312012, 0.48756250739097595, -0.026981744915246964, 0.5149962902069092, 0.4145210087299347, -0.04420830309391022, 0.503790020942688, 0.36758071184158325, -0.05415836349129677, 0.4935563802719116, 0.31720787286758423, -0.06093118339776993, 0.5228133797645569, 0.5291197896003723, -0.03333892300724983, 0.49984410405158997, 0.47826385498046875, -0.050459668040275574, 0.48954713344573975, 0.44089215993881226, -0.058119531720876694, 0.4794282913208008, 0.39839863777160645, -0.06310616433620453]",[]
"[0.5764114856719971, 0.6551283597946167, 1.6698635363354697e-07, 0.6079626083374023, 0.605717658996582, -0.020965352654457092, 0.6162720322608948, 0.5227168202400208, -0.02987399324774742, 0.6093434691429138, 0.45380899310112, -0.03666818514466286, 0.6190282702445984, 0.3971264958381653, -0.043909236788749695, 0.575222909450531, 0.4656318128108978, -0.020990701392292976, 0.5625892877578735, 0.40921473503112793, -0.03773440420627594, 0.5523763298988342, 0.3739326000213623, -0.05075368285179138, 0.5419877767562866, 0.3413909673690796, -0.06027846038341522, 0.5490180253982544, 0.4738244414329529, -0.02186005376279354, 0.5325827598571777, 0.3955225348472595, -0.03651708364486694, 0.5226041078567505, 0.34522563219070435, -0.04768447205424309, 0.5132176280021667, 0.297768771648407, -0.055947788059711456, 0.5289491415023804, 0.49957770109176636, -0.025463871657848358, 0.5095630288124084, 0.428300678730011, -0.04204840213060379, 0.49861881136894226, 0.38441359996795654, -0.05094186216592789, 0.4891034960746765, 0.339059054851532, -0.056438323110342026, 0.5129599571228027, 0.5398059487342834, -0.03065527230501175, 0.49266743659973145, 0.4887503683567047, -0.04661436006426811, 0.48238903284072876, 0.45355287194252014, -0.05306544154882431, 0.47259753942489624, 0.415682852268219, -0.05685664713382721]",[]
"[0.5580776929855347, 0.6705302000045776, 1.7750095082647022e-07, 0.5996577143669128, 0.628437340259552, -0.027686893939971924, 0.613506019115448, 0.5490747094154358, -0.04192905128002167, 0.6078357696533203, 0.4775204658508301, -0.05313817784190178, 0.6141244769096375, 0.41115322709083557, -0.06566346436738968, 0.5707581043243408, 0.47947239875793457, -0.03989160805940628, 0.5537087917327881, 0.41932448744773865, -0.06558797508478165, 0.539400577545166, 0.3811527490615845, -0.08455526828765869, 0.5249115824699402, 0.34879881143569946, -0.09768766909837723, 0.5425870418548584, 0.49270135164260864, -0.040719617158174515, 0.5255418419837952, 0.4144023358821869, -0.06539858877658844, 0.511869490146637, 0.3632804751396179, -0.08454236388206482, 0.5001243948936462, 0.31584370136260986, -0.09886938333511353, 0.5223203301429749, 0.5241816639900208, -0.04393370449542999, 0.5031668543815613, 0.4554051160812378, -0.06917379796504974, 0.48819607496261597, 0.40537017583847046, -0.0843253955245018, 0.47508493065834045, 0.35773327946662903, -0.09440091252326965, 0.506963849067688, 0.5676836967468262, -0.04881073534488678, 0.4857332110404968, 0.5206371545791626, -0.07198657840490341, 0.47299474477767944, 0.4827407896518707, -0.08314462006092072, 0.4616030752658844, 0.44369572401046753, -0.09044663608074188]",[]
[],"[0.5133160352706909, 0.7398511171340942, 9.308642745509133e-08, 0.5684288740158081, 0.691326916217804, -0.01805904321372509, 0.5940478444099426, 0.5977771878242493, -0.029112430289387703, 0.6011856198310852, 0.5009533762931824, -0.03669057786464691, 0.6105175018310547, 0.4260194003582001, -0.04601115733385086, 0.5607636570930481, 0.5650623440742493, -0.04273495823144913, 0.5459225177764893, 0.4639855921268463, -0.061829324811697006, 0.5315322279930115, 0.405727744102478, -0.07118935137987137, 0.5169926881790161, 0.3632088303565979, -0.07711351662874222, 0.5304729342460632, 0.5706833600997925, -0.04279521852731705, 0.5125827193260193, 0.45510977506637573, -0.061340607702732086, 0.49837300181388855, 0.3859071135520935, -0.07160961627960205, 0.48736515641212463, 0.33211296796798706, -0.07916447520256042, 0.5063151717185974, 0.5875809788703918, -0.04292386770248413, 0.4900844991207123, 0.4842098653316498, -0.060556069016456604, 0.47605836391448975, 0.42225536704063416, -0.06984049081802368, 0.46393364667892456, 0.3702181577682495, -0.07614494860172272, 0.48930490016937256, 0.6139955520629883, -0.04331258311867714, 0.47442930936813354, 0.5432899594306946, -0.060367535799741745, 0.4617011845111847, 0.4999270737171173, -0.06852197647094727, 0.4495816230773926, 0.45929235219955444, -0.0735015720129013]"
[],"[0.5297077894210815, 0.7154921293258667, 1.3202895843278384e-07, 0.5780637860298157, 0.6591154336929321, -0.020645519718527794, 0.5973344445228577, 0.5747034549713135, -0.03442690894007683, 0.6048235893249512, 0.49341294169425964, -0.044344838708639145, 0.6179177761077881, 0.42797863483428955, -0.05538986623287201, 0.5599684119224548, 0.5452257990837097, -0.04816985875368118, 0.5421833992004395, 0.4616144895553589, -0.06865914165973663, 0.5255613923072815, 0.41071391105651855, -0.07873708009719849, 0.5091511607170105, 0.3703360855579376, -0.0856594368815422, 0.5296896696090698, 0.5536542534828186, -0.047491300851106644, 0.5111692547798157, 0.45623302459716797, -0.06958135962486267, 0.49629661440849304, 0.391726016998291, -0.08124211430549622, 0.4821542799472809, 0.33710938692092896, -0.08929349482059479, 0.5066133141517639, 0.5746797919273376, -0.04656213894486427, 0.48847541213035583, 0.48844411969184875, -0.06657902896404266, 0.47348207235336304, 0.43103277683258057, -0.07658445090055466, 0.45913609862327576, 0.379372775554657, -0.08285514265298843, 0.4914672374725342, 0.6040071249008179, -0.046139173209667206, 0.473099946975708, 0.54673171043396, -0.06476428359746933, 0.4597427546977997, 0.5070507526397705, -0.07363584637641907, 0.4466649293899536, 0.46906551718711853, -0.0788571760058403]"
"[0.5468609929084778, 0.7022124528884888, 1.2822927430988784e-07, 0.5925444960594177, 0.6489041447639465, -0.022725019603967667, 0.6090730428695679, 0.5698912143707275, -0.03639945015311241, 0.6107370853424072, 0.49450480937957764, -0.04704233258962631, 0.6226974129676819, 0.43091362714767456, -0.05854552239179611, 0.5628815293312073, 0.5222148299217224, -0.03776197507977486, 0.54371178150177, 0.4489283263683319, -0.05842601880431175, 0.5270708203315735, 0.40426746010780334, -0.07115504145622253, 0.5105552673339844, 0.3688773512840271, -0.07983650267124176, 0.5321084260940552, 0.5321989059448242, -0.03711060434579849, 0.5129455327987671, 0.4444427192211151, -0.057827044278383255, 0.4983612596988678, 0.38546425104141235, -0.07095225900411606, 0.48475000262260437, 0.33273494243621826, -0.08021862059831619, 0.5098503828048706, 0.5570880174636841, -0.03763695806264877, 0.49073994159698486, 0.4795351028442383, -0.056975968182086945, 0.47778043150901794, 0.42822402715682983, -0.06660878658294678, 0.4654787480831146, 0.37767449021339417, -0.07277176529169083, 0.4949783682823181, 0.591227650642395, -0.03937570005655289, 0.4760071933269501, 0.5389100313186646, -0.05727243423461914, 0.4643511474132538, 0.5039778351783752, -0.06501349806785583, 0.4524083733558655, 0.4670371413230896, -0.06951243430376053]",[]
"[0.5707088708877563, 0.658458411693573, 1.3833532364060375e-07, 0.6027200818061829, 0.6098322868347168, -0.021928908303380013, 0.6130722165107727, 0.5220937132835388, -0.03140711784362793, 0.6205683946609497, 0.4562039077281952, -0.03854324296116829, 0.6395938396453857, 0.41588735580444336, -0.046903952956199646, 0.5636498332023621, 0.4543481469154358, -0.0223510954529047, 0.5398610830307007, 0.395720899105072, -0.040750157088041306, 0.5213736295700073, 0.36210566759109497, -0.05670587718486786, 0.5054378509521484, 0.34042829275131226, -0.06785561889410019, 0.5368829369544983, 0.46047690510749817, -0.021315407007932663, 0.5135005712509155, 0.3886318802833557, -0.03799624741077423, 0.49779975414276123, 0.34510523080825806, -0.052675358951091766, 0.4849817752838135, 0.31545376777648926, -0.06292609125375748, 0.5157594084739685, 0.4808920621871948, -0.02301407977938652, 0.4911465048789978, 0.41187167167663574, -0.04018104821443558, 0.4769827127456665, 0.373382031917572, -0.053640831261873245, 0.4657019376754761, 0.3442363142967224, -0.062486499547958374, 0.5002551674842834, 0.5139235854148865, -0.026347296312451363, 0.4797956943511963, 0.47051700949668884, -0.04227272421121597, 0.46619221568107605, 0.4510810077190399, -0.050849929451942444, 0.45439067482948303, 0.4348379075527191, -0.056238219141960144]",[]
"[0.5587952136993408, 0.6875, 1.006303946837761e-07, 0.6023306250572205, 0.6345599293708801, -0.026233458891510963, 0.619077205657959, 0.555596113204956, -0.03876340016722679, 0.6173532009124756, 0.4869599938392639, -0.04901386797428131, 0.6273442506790161, 0.42534705996513367, -0.0598512664437294, 0.5660750269889832, 0.492713987827301, -0.027219684794545174, 0.545772910118103, 0.4360635578632355, -0.04779500514268875, 0.5309303998947144, 0.3994240164756775, -0.06341194361448288, 0.5172023177146912, 0.3659323453903198, -0.07490788400173187, 0.538112223148346, 0.5043197274208069, -0.02676760032773018, 0.5147038698196411, 0.4318046271800995, -0.04645723104476929, 0.500577449798584, 0.380717933177948, -0.06222714111208916, 0.48774540424346924, 0.33018600940704346, -0.0740470141172409, 0.5184745192527771, 0.5332582592964172, -0.029353467747569084, 0.4943616986274719, 0.4678039252758026, -0.05016015097498894, 0.48124292492866516, 0.4219948649406433, -0.06266491115093231, 0.4689018428325653, 0.3717081546783447, -0.07111173123121262, 0.5050816535949707, 0.5745738744735718, -0.03391486778855324, 0.48104485869407654, 0.5334198474884033, -0.05355701968073845, 0.46854180097579956, 0.502601146697998, -0.06297791004180908, 0.456248939037323, 0.4660618007183075, -0.06918174773454666]",[]
"[0.5678713917732239, 0.6915696859359741, 1.2750265909744485e-07, 0.608140230178833, 0.6329753398895264, -0.024922866374254227, 0.622170090675354, 0.5501987934112549, -0.035796839743852615, 0.6197984218597412, 0.4784584939479828, -0.04449991136789322, 0.6330745220184326, 0.4209250509738922, -0.05376990884542465, 0.5729466676712036, 0.49592724442481995, -0.02355627343058586, 0.5514835119247437, 0.43581485748291016, -0.04191276803612709, 0.5340875387191772, 0.3967595100402832, -0.056074660271406174, 0.5186046361923218, 0.3612474501132965, -0.06689836084842682, 0.5441416501998901, 0.5091665983200073, -0.02307911589741707, 0.520467221736908, 0.43209129571914673, -0.041116226464509964, 0.505745530128479, 0.3771405816078186, -0.05599668622016907, 0.49333417415618896, 0.324665367603302, -0.06688889116048813, 0.5234846472740173, 0.5376555323600769, -0.025604816153645515, 0.5005499124526978, 0.46745923161506653, -0.04534343257546425, 0.4878195822238922, 0.41839921474456787, -0.058541301637887955, 0.47657713294029236, 0.36922648549079895, -0.06670009344816208, 0.5097581148147583, 0.5769140720367432, -0.03007575124502182, 0.48740482330322266, 0.5286405682563782, -0.04921067878603935, 0.4740549921989441, 0.49402010440826416, -0.05956590920686722, 0.4612569212913513, 0.4568904638290405, -0.06594961136579514]",[]
"[0.5742108225822449, 0.6917678117752075, 9.375030884939406e-08, 0.6134276986122131, 0.6316479444503784, -0.020301688462495804, 0.6254273653030396, 0.5446809530258179, -0.028201919049024582, 0.6223250031471252, 0.47157302498817444, -0.03483054041862488, 0.6356338858604431, 0.41628214716911316, -0.04190318286418915, 0.5749933123588562, 0.48682063817977905, -0.015074926428496838, 0.5547476410865784, 0.42138782143592834, -0.030683483928442, 0.5396090149879456, 0.3827579617500305, -0.044229332357645035, 0.5249587297439575, 0.3469894230365753, -0.05449486896395683, 0.5486621260643005, 0.49890875816345215, -0.015667246654629707, 0.5258631110191345, 0.41849976778030396, -0.029160665348172188, 0.5120438933372498, 0.3649430274963379, -0.04170198366045952, 0.4994990825653076, 0.3147561550140381, -0.051324181258678436, 0.5291390419006348, 0.5258650779724121, -0.019221605733036995, 0.5058642029762268, 0.4527483284473419, -0.03384779393672943, 0.49373650550842285, 0.4053567945957184, -0.04367605596780777, 0.4832838773727417, 0.358265221118927, -0.05034434795379639, 0.5147125720977783, 0.5652103424072266, -0.024708274751901627, 0.4916294515132904, 0.5167533159255981, -0.038497194647789, 0.47939249873161316, 0.4824307858943939, -0.04492699354887009, 0.46820247173309326, 0.446514755487442, -0.04905473440885544]",[]
"[0.574962317943573, 0.6818118095397949, 1.6168488059520314e-07, 0.6116295456886292, 0.6227549314498901, -0.02138524129986763, 0.6244676113128662, 0.5373691916465759, -0.03173098713159561, 0.6243716478347778, 0.4653126299381256, -0.04047191143035889, 0.6407914161682129, 0.40853747725486755, -0.049790170043706894, 0.5770022869110107, 0.4784955680370331, -0.02027912437915802, 0.5563883185386658, 0.41443145275115967, -0.03789380565285683, 0.5406994223594666, 0.37532734870910645, -0.051913533359766006, 0.5261387228965759, 0.34040701389312744, -0.062483638525009155, 0.55070561170578, 0.4908432960510254, -0.021429939195513725, 0.5277500152587891, 0.41271457076072693, -0.03845721110701561, 0.513292670249939, 0.35811668634414673, -0.052715178579092026, 0.5003075003623962, 0.30803483724594116, -0.0630713701248169, 0.5303390622138977, 0.518420398235321, -0.025317924097180367, 0.5065886974334717, 0.4477752447128296, -0.04305354878306389, 0.4938201606273651, 0.4004111588001251, -0.05458829179406166, 0.4828764796257019, 0.35427743196487427, -0.06184316799044609, 0.5150445103645325, 0.5577975511550903, -0.030968250706791878, 0.4915425777435303, 0.5087285041809082, -0.04726939648389816, 0.47860801219940186, 0.47269344329833984, -0.05576005205512047, 0.46666061878204346, 0.43402183055877686, -0.06105247884988785]",[]
"[0.5772791504859924, 0.6767802834510803, 1.421695543513124e-07, 0.6131447553634644, 0.6155325174331665, -0.022040627896785736, 0.6232502460479736, 0.5332373976707458, -0.03267688304185867, 0.6219696402549744, 0.4618191719055176, -0.04138759523630142, 0.6373026967048645, 0.4057384729385376, -0.05077822133898735, 0.5719009637832642, 0.4791967272758484, -0.023454876616597176, 0.5495701432228088, 0.4148035943508148, -0.040957435965538025, 0.5336458683013916, 0.3765407204627991, -0.05436944216489792, 0.5187123417854309, 0.34111785888671875, -0.06450209766626358, 0.5458698868751526, 0.49412649869918823, -0.02386309579014778, 0.5206331014633179, 0.4144796133041382, -0.041170381009578705, 0.505490243434906, 0.3594822287559509, -0.05426005646586418, 0.49210530519485474, 0.3088376522064209, -0.06365741044282913, 0.5266624093055725, 0.5242375731468201, -0.026834076270461082, 0.5014483332633972, 0.4517905116081238, -0.04472888261079788, 0.48732760548591614, 0.4036579132080078, -0.0556422658264637, 0.4754416346549988, 0.3567698895931244, -0.06227787584066391, 0.5134198069572449, 0.5651142597198486, -0.03160526603460312, 0.4892439842224121, 0.5151664614677429, -0.04849414899945259, 0.4756867289543152, 0.4794832170009613, -0.057011961936950684, 0.46342355012893677, 0.4422643482685089, -0.06215222552418709]",[]
"[0.5752924680709839, 0.6830157041549683, 1.5744275572160404e-07, 0.6079686284065247, 0.6197189092636108, -0.022920215502381325, 0.6179578304290771, 0.5375797748565674, -0.033739857375621796, 0.6170570850372314, 0.4677400290966034, -0.04288575053215027, 0.6317306756973267, 0.4112798571586609, -0.05269434303045273, 0.5644487738609314, 0.48006919026374817, -0.020731931552290916, 0.5397944450378418, 0.41673436760902405, -0.038684628903865814, 0.5224326848983765, 0.3780927062034607, -0.053585052490234375, 0.5063182711601257, 0.34399980306625366, -0.0647580623626709, 0.5384699702262878, 0.49611666798591614, -0.02120213769376278, 0.5119903087615967, 0.4170527756214142, -0.037850815802812576, 0.49574950337409973, 0.361846387386322, -0.05228317156434059, 0.48177310824394226, 0.3117329478263855, -0.06293391436338425, 0.5197723507881165, 0.5279544591903687, -0.024652747437357903, 0.4933231472969055, 0.45639026165008545, -0.042291831225156784, 0.47862133383750916, 0.407268226146698, -0.05420916900038719, 0.46674978733062744, 0.3594399094581604, -0.06193912401795387, 0.506881058216095, 0.5712722539901733, -0.030114198103547096, 0.4822585880756378, 0.5234804749488831, -0.04689466953277588, 0.46819067001342773, 0.48750317096710205, -0.05556128919124603, 0.4556579291820526, 0.4489521384239197, -0.06106514111161232]",[]
"[0.5748906135559082, 0.6842381954193115, 2.081810208665047e-07, 0.6071897149085999, 0.62107253074646, -0.021923581138253212, 0.6139471530914307, 0.5382161736488342, -0.0318748839199543, 0.6124016046524048, 0.46890148520469666, -0.04004229977726936, 0.6278958916664124, 0.4148944020271301, -0.048481203615665436, 0.5601474642753601, 0.4841603934764862, -0.01910821534693241, 0.5366255044937134, 0.419228732585907, -0.03437285125255585, 0.5192480087280273, 0.38097095489501953, -0.04684476554393768, 0.5028505325317383, 0.34652233123779297, -0.05657279118895531, 0.534555971622467, 0.5006177425384521, -0.019286977127194405, 0.5090360045433044, 0.4233618974685669, -0.034940868616104126, 0.49129411578178406, 0.3697364628314972, -0.048645008355379105, 0.47515374422073364, 0.3205966353416443, -0.05843593552708626, 0.5155853629112244, 0.530495822429657, -0.022067101672291756, 0.49053332209587097, 0.45963171124458313, -0.038162149488925934, 0.4750842750072479, 0.410530149936676, -0.049898989498615265, 0.4615563452243805, 0.3647751808166504, -0.057300202548503876, 0.5018594861030579, 0.5717848539352417, -0.0266957376152277, 0.47671273350715637, 0.5238947868347168, -0.04172275960445404, 0.4615944027900696, 0.49018222093582153, -0.04976222664117813, 0.447222501039505, 0.4552178680896759, -0.054696448147296906]",[]
"[0.5783312916755676, 0.6942330002784729, 1.875248187843681e-07, 0.6102167367935181, 0.6264615058898926, -0.019228940829634666, 0.6150806546211243, 0.542707085609436, -0.027758436277508736, 0.615433931350708, 0.4718014597892761, -0.035356227308511734, 0.6321102380752563, 0.4174315333366394, -0.04333160072565079, 0.5586504340171814, 0.4869520366191864, -0.014275611378252506, 0.534151017665863, 0.42308786511421204, -0.028630323708057404, 0.5168710947036743, 0.3853658437728882, -0.04102189093828201, 0.500668466091156, 0.3514416515827179, -0.050716329365968704, 0.5336996912956238, 0.5044821500778198, -0.015708010643720627, 0.5066909193992615, 0.42824605107307434, -0.03011450171470642, 0.48836588859558105, 0.3749368190765381, -0.043267522007226944, 0.47178301215171814, 0.32624003291130066, -0.05274469405412674, 0.5156718492507935, 0.5366082191467285, -0.019774610176682472, 0.4892382025718689, 0.4659793972969055, -0.034762926399707794, 0.4736449122428894, 0.4180523455142975, -0.04544321447610855, 0.4601841866970062, 0.372261106967926, -0.05228136107325554, 0.5034933090209961, 0.5804505944252014, -0.02566664107143879, 0.4775524437427521, 0.5336487889289856, -0.03987511247396469, 0.4621484875679016, 0.5002054572105408, -0.04696231335401535, 0.44793108105659485, 0.4642576277256012, -0.051319461315870285]",[]
"[0.5771883130073547, 0.7025560736656189, 1.6391797430514998e-07, 0.6117154359817505, 0.6334944367408752, -0.01880037412047386, 0.6201736330986023, 0.5482086539268494, -0.026898767799139023, 0.6214746832847595, 0.4765274226665497, -0.034310150891542435, 0.6390039324760437, 0.4235306680202484, -0.04224549978971481, 0.5624605417251587, 0.4911390244960785, -0.012559985741972923, 0.5371122360229492, 0.426906019449234, -0.02632012777030468, 0.5198843479156494, 0.38891443610191345, -0.038605861365795135, 0.5040494799613953, 0.3540368676185608, -0.048337869346141815, 0.537426769733429, 0.5101816654205322, -0.014243164099752903, 0.5088933706283569, 0.43300682306289673, -0.027614882215857506, 0.4911021590232849, 0.3786100745201111, -0.040317680686712265, 0.4753285348415375, 0.32919642329216003, -0.04968416690826416, 0.5197955965995789, 0.5436462759971619, -0.018687639385461807, 0.4916798174381256, 0.4730183184146881, -0.03344879671931267, 0.4762430787086487, 0.4256366491317749, -0.043720826506614685, 0.46322381496429443, 0.3799722492694855, -0.05029429867863655, 0.5083985924720764, 0.587992787361145, -0.024990877136588097, 0.4814092516899109, 0.5417526960372925, -0.039499010890722275, 0.46552518010139465, 0.5081009864807129, -0.046554628759622574, 0.45136237144470215, 0.4710727632045746, -0.05084208771586418]",[]
"[0.5727890729904175, 0.7113357186317444, 1.0084912815955249e-07, 0.6138825416564941, 0.6432569026947021, -0.021291248500347137, 0.6277756094932556, 0.5522172451019287, -0.030208617448806763, 0.6301642656326294, 0.47850102186203003, -0.03776802495121956, 0.6468654274940491, 0.4302496910095215, -0.04605322331190109, 0.5690668821334839, 0.499083548784256, -0.020199790596961975, 0.5427340269088745, 0.43402591347694397, -0.03656835854053497, 0.5251069664955139, 0.3934066891670227, -0.050091616809368134, 0.5092260837554932, 0.3563644289970398, -0.060733504593372345, 0.542624294757843, 0.5163989663124084, -0.020761150866746902, 0.5135988593101501, 0.43815845251083374, -0.036669645458459854, 0.49602776765823364, 0.3809717893600464, -0.050714198499917984, 0.48078081011772156, 0.3287208676338196, -0.061611708253622055, 0.5243127942085266, 0.547400951385498, -0.02386440709233284, 0.4959917664527893, 0.47664615511894226, -0.04063356667757034, 0.48087066411972046, 0.4271506071090698, -0.05217929556965828, 0.46786564588546753, 0.3785440921783447, -0.06016186252236366, 0.5122103691101074, 0.5897675156593323, -0.028938237577676773, 0.48492443561553955, 0.5433366298675537, -0.04520392790436745, 0.46929165720939636, 0.5080490112304688, -0.05389932543039322, 0.4552052617073059, 0.4693647027015686, -0.05983184278011322]",[]
"[0.5931352376937866, 0.6514143347740173, 3.7671415498152783e-07, 0.6216037273406982, 0.595660388469696, -0.02250237762928009, 0.6278066635131836, 0.5162591934204102, -0.03310799598693848, 0.6309709548950195, 0.44703158736228943, -0.04212018474936485, 0.6542969942092896, 0.4010556638240814, -0.05111651495099068, 0.5649943947792053, 0.4454973638057709, -0.012706616893410683, 0.5478972792625427, 0.3741896152496338, -0.02508763037621975, 0.5365804433822632, 0.3289877772331238, -0.03632693737745285, 0.5275132656097412, 0.291650652885437, -0.044795431196689606, 0.5405401587486267, 0.4631883502006531, -0.011541631072759628, 0.5176252722740173, 0.3834420442581177, -0.022624343633651733, 0.5039488077163696, 0.33076655864715576, -0.03312033787369728, 0.4936172068119049, 0.285606324672699, -0.040281977504491806, 0.5223135948181152, 0.494515597820282, -0.01343278493732214, 0.49690601229667664, 0.4229500889778137, -0.024807266891002655, 0.48360782861709595, 0.3759886920452118, -0.033714670687913895, 0.47412624955177307, 0.3336254954338074, -0.039253056049346924, 0.5097640752792358, 0.5390477776527405, -0.017639735713601112, 0.48461151123046875, 0.4928968548774719, -0.02793370932340622, 0.4710104465484619, 0.4594055116176605, -0.0333065502345562, 0.4601459503173828, 0.4247840940952301, -0.03639112412929535]","[0.44820111989974976, 0.7785421013832092, 1.599770484972396e-07, 0.49525928497314453, 0.7724968194961548, 0.00026835640892386436, 0.5286209583282471, 0.7264220118522644, -0.003685746109113097, 0.5412451028823853, 0.6675162315368652, -0.006019650027155876, 0.537018895149231, 0.6223887801170349, -0.00834149681031704, 0.5265750885009766, 0.7101250290870667, -0.02948969230055809, 0.5603160262107849, 0.6284902691841125, -0.038132332265377045, 0.569202721118927, 0.601106584072113, -0.037083279341459274, 0.566024661064148, 0.5973609089851379, -0.033129073679447174, 0.5022493600845337, 0.6748146414756775, -0.030636154115200043, 0.5371022820472717, 0.5788648128509521, -0.03754663094878197, 0.549351155757904, 0.5742082595825195, -0.03286755830049515, 0.5483956933021545, 0.5935313701629639, -0.027815083041787148, 0.48005053400993347, 0.6469452977180481, -0.02968408167362213, 0.5158726572990417, 0.5722565054893494, -0.03184707835316658, 0.5282771587371826, 0.5818509459495544, -0.025594646111130714, 0.5284411311149597, 0.6030239462852478, -0.02072722651064396, 0.46396350860595703, 0.6305316090583801, -0.027764679864048958, 0.4954274296760559, 0.5845087766647339, -0.026793185621500015, 0.506781280040741, 0.5999435186386108, -0.019725056365132332, 0.5056002140045166, 0.6234621405601501, -0.013652240857481956]"
"[0.5767036080360413, 0.6401857137680054, 2.282682345366993e-07, 0.6076964735984802, 0.5893374085426331, -0.018325399607419968, 0.6213067173957825, 0.5093609094619751, -0.025345534086227417, 0.6312306523323059, 0.44473719596862793, -0.031478799879550934, 0.6508639454841614, 0.4039337933063507, -0.03793494030833244, 0.5666151642799377, 0.4293663799762726, -0.011768622323870659, 0.5509268641471863, 0.35398194193840027, -0.024034583941102028, 0.5414602756500244, 0.3066512942314148, -0.03448447585105896, 0.5330501794815063, 0.26953834295272827, -0.04225185886025429, 0.540773868560791, 0.4417298138141632, -0.01302109844982624, 0.5222365856170654, 0.35643792152404785, -0.023982105776667595, 0.5117663741111755, 0.3003668189048767, -0.034546300768852234, 0.5033800005912781, 0.2532620429992676, -0.04227150231599808, 0.5211056470870972, 0.4705173075199127, -0.0169829074293375, 0.5011695623397827, 0.3947981894016266, -0.02925618551671505, 0.4902780055999756, 0.3437424898147583, -0.038522057235240936, 0.48241278529167175, 0.29908138513565063, -0.044545937329530716, 0.5066093802452087, 0.5131382346153259, -0.022788813337683678, 0.48541706800460815, 0.4625625014305115, -0.035136740654706955, 0.47346991300582886, 0.42516180872917175, -0.04118528962135315, 0.46370506286621094, 0.3873550593852997, -0.044710416346788406]",[]
"[0.5779205560684204, 0.703681468963623, 1.7085511672121356e-07, 0.6170761585235596, 0.6421284675598145, -0.02220207452774048, 0.629530131816864, 0.5538676977157593, -0.03237546235322952, 0.6311199069023132, 0.48180055618286133, -0.04074248671531677, 0.6499580144882202, 0.43003711104393005, -0.04965332895517349, 0.5697365403175354, 0.4965287744998932, -0.022259311750531197, 0.5445951223373413, 0.42984575033187866, -0.038564570248126984, 0.5270547866821289, 0.3879031538963318, -0.051483623683452606, 0.5112545490264893, 0.35072004795074463, -0.06165340542793274, 0.5430426597595215, 0.514077365398407, -0.022863397374749184, 0.5156357288360596, 0.43454042077064514, -0.03898276761174202, 0.49951228499412537, 0.37815165519714355, -0.052939482033252716, 0.4853414297103882, 0.32700127363204956, -0.06347008049488068, 0.5252049565315247, 0.5462656021118164, -0.02584339864552021, 0.49795395135879517, 0.4748700261116028, -0.042728085070848465, 0.48298120498657227, 0.42597752809524536, -0.0539192259311676, 0.469596266746521, 0.37807607650756836, -0.06145909056067467, 0.5133911371231079, 0.5898034572601318, -0.030672337859869003, 0.48636001348495483, 0.5421161651611328, -0.047093626111745834, 0.4716283082962036, 0.5066875219345093, -0.055451229214668274, 0.45762819051742554, 0.46753594279289246, -0.06084135174751282]",[]
"[0.5712539553642273, 0.7097897529602051, 1.0146230522423139e-07, 0.6138612031936646, 0.6512802243232727, -0.023962905630469322, 0.6293876767158508, 0.5609286427497864, -0.03403623774647713, 0.6322511434555054, 0.4856190085411072, -0.04187723249197006, 0.651012659072876, 0.43154066801071167, -0.04996911808848381, 0.5703573226928711, 0.49910253286361694, -0.02236129902303219, 0.5456697940826416, 0.4294843375682831, -0.03897262364625931, 0.5284984707832336, 0.3879128694534302, -0.05237363651394844, 0.512505829334259, 0.3506983518600464, -0.06262969970703125, 0.5423041582107544, 0.5152955651283264, -0.021479034796357155, 0.5151188373565674, 0.4350975453853607, -0.037145838141441345, 0.49863201379776, 0.3783351480960846, -0.05092834681272507, 0.4837527275085449, 0.3272165060043335, -0.06148252263665199, 0.5232611298561096, 0.5461824536323547, -0.023299850523471832, 0.49691855907440186, 0.4754560589790344, -0.03944266587495804, 0.48385077714920044, 0.4256039261817932, -0.0501045361161232, 0.47204816341400146, 0.37668168544769287, -0.05743620544672012, 0.5108041763305664, 0.5878037810325623, -0.02723429910838604, 0.48536330461502075, 0.5403606295585632, -0.04251449182629585, 0.47206640243530273, 0.5052376985549927, -0.05001436546444893, 0.4601893126964569, 0.4668707549571991, -0.05494815856218338]",[]
"[0.5770415663719177, 0.7013195753097534, 1.501717434848615e-07, 0.6184948682785034, 0.6438278555870056, -0.02657509595155716, 0.6325110197067261, 0.5578707456588745, -0.03753210976719856, 0.6350644826889038, 0.48333504796028137, -0.04600314423441887, 0.6542556881904602, 0.42800670862197876, -0.054450858384370804, 0.5715465545654297, 0.4955413043498993, -0.021063584834337234, 0.5454978346824646, 0.42518413066864014, -0.03704984858632088, 0.5283783078193665, 0.3826727271080017, -0.050187233835458755, 0.5134645700454712, 0.3449694514274597, -0.060234688222408295, 0.543131947517395, 0.5110863447189331, -0.018595928326249123, 0.5151644349098206, 0.4302012026309967, -0.03360508009791374, 0.4990431070327759, 0.37327224016189575, -0.047001197934150696, 0.48539236187934875, 0.32247012853622437, -0.05688059329986572, 0.5234593749046326, 0.5409361124038696, -0.019355731084942818, 0.4974035918712616, 0.4685693085193634, -0.03540351614356041, 0.4836491346359253, 0.41829371452331543, -0.04633296653628349, 0.47205987572669983, 0.37107908725738525, -0.05333258584141731, 0.5114235877990723, 0.5806719064712524, -0.022512761875987053, 0.4874420464038849, 0.5314501523971558, -0.037578143179416656, 0.47388318181037903, 0.49742960929870605, -0.045000024139881134, 0.46214985847473145, 0.4620536267757416, -0.04952766001224518]",[]
"[0.5814154148101807, 0.6954331398010254, 1.3482872418535408e-07, 0.6203144192695618, 0.6386213302612305, -0.022845136001706123, 0.6318072080612183, 0.5500838160514832, -0.03180308640003204, 0.6347580552101135, 0.47593697905540466, -0.038609784096479416, 0.6536535024642944, 0.42581796646118164, -0.045458097010850906, 0.57232266664505, 0.48992404341697693, -0.020474998280405998, 0.5448306798934937, 0.42035967111587524, -0.034691035747528076, 0.5268073678016663, 0.37768372893333435, -0.046261973679065704, 0.5117819905281067, 0.34002137184143066, -0.055356379598379135, 0.5430546402931213, 0.5036922097206116, -0.01871398836374283, 0.514664888381958, 0.42490798234939575, -0.03295116499066353, 0.49789267778396606, 0.3683471381664276, -0.04563397914171219, 0.4837348759174347, 0.31768855452537537, -0.05507740378379822, 0.5224183797836304, 0.5313628911972046, -0.019326165318489075, 0.4966253638267517, 0.4614867866039276, -0.033590152859687805, 0.4829626679420471, 0.41270941495895386, -0.04366685822606087, 0.4710623323917389, 0.36701950430870056, -0.05040493980050087, 0.508974552154541, 0.5701445937156677, -0.021969756111502647, 0.4867381751537323, 0.5227503776550293, -0.03496495261788368, 0.4740132689476013, 0.49060171842575073, -0.04127872362732887, 0.4620911478996277, 0.45796453952789307, -0.045204829424619675]",[]
"[0.577208399772644, 0.6948526501655579, 1.7515033334802865e-07, 0.6144500374794006, 0.6326264142990112, -0.023204827681183815, 0.6264778971672058, 0.5457507967948914, -0.033116165548563004, 0.6295837163925171, 0.47264349460601807, -0.041126713156700134, 0.6483129858970642, 0.42164847254753113, -0.04923642426729202, 0.5666192770004272, 0.49006161093711853, -0.02030073292553425, 0.539865255355835, 0.41975754499435425, -0.03581540659070015, 0.5218238830566406, 0.3771807551383972, -0.048125822097063065, 0.5060192346572876, 0.33993473649024963, -0.057500991970300674, 0.5392118692398071, 0.5064471364021301, -0.019419921562075615, 0.5108784437179565, 0.4253319501876831, -0.03481351584196091, 0.49337083101272583, 0.36833804845809937, -0.048266299068927765, 0.4789188504219055, 0.3179003596305847, -0.05801289901137352, 0.5190852880477905, 0.5362553000450134, -0.021221164613962173, 0.492811381816864, 0.4653976857662201, -0.036937978118658066, 0.4791039824485779, 0.41589853167533875, -0.04823106527328491, 0.46813827753067017, 0.3704039454460144, -0.055314771831035614, 0.5049858689308167, 0.5761290192604065, -0.025097670033574104, 0.4817149043083191, 0.5262697339057922, -0.039461005479097366, 0.46903905272483826, 0.4913712441921234, -0.04708578810095787, 0.4580463767051697, 0.4563102722167969, -0.05173791944980621]",[]
"[0.5771602392196655, 0.6941039562225342, 1.6029828486807673e-07, 0.6125545501708984, 0.6329452991485596, -0.02129199728369713, 0.6223167777061462, 0.5444982647895813, -0.02973386086523533, 0.625354528427124, 0.47181159257888794, -0.036750711500644684, 0.6433300375938416, 0.42054471373558044, -0.04382975772023201, 0.5615336298942566, 0.48545587062835693, -0.01566578820347786, 0.5352513194084167, 0.41546520590782166, -0.029612138867378235, 0.5177997350692749, 0.3736167848110199, -0.041604045778512955, 0.5017119646072388, 0.3367789387702942, -0.05103504657745361, 0.5346919298171997, 0.5034499764442444, -0.01551885437220335, 0.506415069103241, 0.423876017332077, -0.028664853423833847, 0.48949283361434937, 0.3682892620563507, -0.04114295914769173, 0.4749048352241516, 0.3191682994365692, -0.05056792125105858, 0.5159791111946106, 0.5343747138977051, -0.018235137686133385, 0.4889393448829651, 0.46364113688468933, -0.0321110300719738, 0.47525322437286377, 0.4145983159542084, -0.04271497577428818, 0.46397894620895386, 0.3693042993545532, -0.049811411648988724, 0.50406813621521, 0.5754950046539307, -0.023052996024489403, 0.4792622923851013, 0.5281257629394531, -0.036320578306913376, 0.46534574031829834, 0.49339035153388977, -0.04362013190984726, 0.45376595854759216, 0.4572797417640686, -0.048347730189561844]",[]
"[0.5745668411254883, 0.696770429611206, 1.6902878030577995e-07, 0.6104872226715088, 0.6330317258834839, -0.021640146151185036, 0.6224115490913391, 0.5460700988769531, -0.030894547700881958, 0.6255374550819397, 0.4733767807483673, -0.03878796100616455, 0.6425164937973022, 0.42072057723999023, -0.046778809279203415, 0.56214839220047, 0.483099102973938, -0.01625375635921955, 0.536384642124176, 0.4116199314594269, -0.031484454870224, 0.5195115208625793, 0.3700003921985626, -0.044566549360752106, 0.5041757822036743, 0.3329259753227234, -0.05452956631779671, 0.5353399515151978, 0.5004470944404602, -0.01681802235543728, 0.5063126683235168, 0.4187888503074646, -0.031184425577521324, 0.48970431089401245, 0.3627246022224426, -0.04475988447666168, 0.4755735397338867, 0.3127022385597229, -0.05477942153811455, 0.5167943835258484, 0.5312749147415161, -0.02021855115890503, 0.48933035135269165, 0.4584469199180603, -0.03508196771144867, 0.4752286672592163, 0.4096331000328064, -0.04531393200159073, 0.4637855291366577, 0.363711416721344, -0.05188042297959328, 0.5045161247253418, 0.5735952258110046, -0.02577126771211624, 0.4788491129875183, 0.5254083275794983, -0.039341021329164505, 0.465400367975235, 0.48998674750328064, -0.04584489390254021, 0.4540051221847534, 0.4523368179798126, -0.04977932199835777]","[0.4803265929222107, 0.8061100244522095, 1.7458694401284447e-07, 0.5255545377731323, 0.7784557938575745, -0.00414018239825964, 0.5500078797340393, 0.7033031582832336, -0.010402465239167213, 0.5536320805549622, 0.6206474900245667, -0.01385416928678751, 0.5437348484992981, 0.5650623440742493, -0.0187482051551342, 0.5566649436950684, 0.6876604557037354, -0.040173668414354324, 0.5644953846931458, 0.5733926892280579, -0.05178094655275345, 0.563712477684021, 0.5214090347290039, -0.05299825221300125, 0.562099814414978, 0.4933305084705353, -0.05244496464729309, 0.5245882272720337, 0.670595109462738, -0.042415421456098557, 0.5286064147949219, 0.5430690050125122, -0.057065464556217194, 0.5249978303909302, 0.4785161018371582, -0.061744384467601776, 0.5200920701026917, 0.43930885195732117, -0.06374602019786835, 0.49492692947387695, 0.6605626940727234, -0.04224860668182373, 0.4970684051513672, 0.5422346591949463, -0.05598825216293335, 0.49033915996551514, 0.47394371032714844, -0.06306745111942291, 0.48042961955070496, 0.4296831786632538, -0.06661508977413177, 0.47196727991104126, 0.6595964431762695, -0.04040706530213356, 0.48501941561698914, 0.5808647871017456, -0.05274222791194916, 0.48542752861976624, 0.5420368909835815, -0.057905182242393494, 0.4801461696624756, 0.5142762660980225, -0.06000060588121414]"
"[0.4781241714954376, 0.8309637308120728, -5.479912701389367e-08, 0.5232633948326111, 0.8099367618560791, -0.001108595635741949, 0.5440717935562134, 0.7442352771759033, -0.00510155875235796, 0.5424070954322815, 0.6721438765525818, -0.007078975904732943, 0.5246737003326416, 0.6310666799545288, -0.00916160736232996, 0.5569005012512207, 0.7105541229248047, -0.031068095937371254, 0.5643233060836792, 0.6005846261978149, -0.0396936759352684, 0.5561647415161133, 0.5898628830909729, -0.03861908242106438, 0.5498961210250854, 0.6059200167655945, -0.036037128418684006, 0.5280556082725525, 0.6909924149513245, -0.03269930183887482, 0.5328735113143921, 0.5774226784706116, -0.043839842081069946, 0.5273042917251587, 0.575104832649231, -0.04200492054224014, 0.5229125022888184, 0.5975516438484192, -0.03844825550913811, 0.498610258102417, 0.679628849029541, -0.03226542845368385, 0.5068146586418152, 0.5853363871574402, -0.0405409000813961, 0.5044150948524475, 0.5761175155639648, -0.03739462420344353, 0.4997982978820801, 0.5854124426841736, -0.03376012668013573, 0.4739430248737335, 0.679408073425293, -0.030530516058206558, 0.4906214475631714, 0.6181389689445496, -0.035023897886276245, 0.49591049551963806, 0.6213136911392212, -0.030928699299693108, 0.4960572421550751, 0.6364430785179138, -0.026461923494935036]","[0.5672692060470581, 0.6916117668151855, 2.0038173431657924e-07, 0.6067655086517334, 0.6329116225242615, -0.02343815192580223, 0.6207138895988464, 0.5432147979736328, -0.03215626999735832, 0.6251660585403442, 0.4653460681438446, -0.03871896117925644, 0.6429464817047119, 0.4113740921020508, -0.04534986987709999, 0.5617596507072449, 0.47612136602401733, -0.015889517962932587, 0.5369842052459717, 0.4045431613922119, -0.028965584933757782, 0.5200105309486389, 0.36254993081092834, -0.040588025003671646, 0.5043174624443054, 0.3262956440448761, -0.04977405443787575, 0.5353710055351257, 0.49223342537879944, -0.01446237787604332, 0.5078688263893127, 0.41163092851638794, -0.02700161188840866, 0.49150657653808594, 0.3556981682777405, -0.039884183555841446, 0.4773222506046295, 0.3063867688179016, -0.04972411319613457, 0.5164468288421631, 0.5223308801651001, -0.01597847230732441, 0.49070924520492554, 0.4504414200782776, -0.02962566912174225, 0.4764341115951538, 0.40210288763046265, -0.04004829004406929, 0.4638371169567108, 0.35659176111221313, -0.04698726162314415, 0.5036553144454956, 0.5643713474273682, -0.019719332456588745, 0.47917282581329346, 0.5140132308006287, -0.032642606645822525, 0.4649854600429535, 0.4789207875728607, -0.039529070258140564, 0.45197588205337524, 0.4411037564277649, -0.043958988040685654]"
"[0.5766726732254028, 0.6684364080429077, 2.755866432835319e-07, 0.6101272106170654, 0.6126312017440796, -0.02626093290746212, 0.6195142865180969, 0.5338392853736877, -0.03943120315670967, 0.623492956161499, 0.4630787968635559, -0.050050683319568634, 0.6416295170783997, 0.40821224451065063, -0.06095040962100029, 0.5613400936126709, 0.47304385900497437, -0.027428852394223213, 0.5364672541618347, 0.40422672033309937, -0.04537025839090347, 0.5197083353996277, 0.36089420318603516, -0.0587596520781517, 0.5047003626823425, 0.3228720426559448, -0.06867437809705734, 0.5353993773460388, 0.4909982979297638, -0.025938864797353745, 0.5075833797454834, 0.4123988747596741, -0.04382449761033058, 0.4907079339027405, 0.3561681807041168, -0.05730707198381424, 0.4763864278793335, 0.3052390515804291, -0.06663665920495987, 0.5162753462791443, 0.5233232378959656, -0.027233213186264038, 0.4893963932991028, 0.45229092240333557, -0.045135434716939926, 0.4751218259334564, 0.40291574597358704, -0.05657123401761055, 0.46383774280548096, 0.3572061359882355, -0.06336481869220734, 0.5029624104499817, 0.5652912259101868, -0.030689675360918045, 0.478048175573349, 0.516791820526123, -0.047083064913749695, 0.46334534883499146, 0.4809316098690033, -0.05587268993258476, 0.45027345418930054, 0.44329917430877686, -0.06102844700217247]",[]
"[0.5775875449180603, 0.6725138425827026, 2.5447832285863115e-07, 0.6093267202377319, 0.6146038770675659, -0.02505491115152836, 0.6170225739479065, 0.5349048376083374, -0.037053752690553665, 0.6199093461036682, 0.4646301567554474, -0.04679827764630318, 0.6382691860198975, 0.41368013620376587, -0.0567469485104084, 0.5569549798965454, 0.4750007092952728, -0.02365902252495289, 0.5308693051338196, 0.4077743887901306, -0.04013526067137718, 0.5138918161392212, 0.36668941378593445, -0.05325212702155113, 0.4988285005092621, 0.3304901719093323, -0.06302981823682785, 0.5312628149986267, 0.4936136305332184, -0.02254602313041687, 0.5028361082077026, 0.4156559705734253, -0.03851475566625595, 0.4848215579986572, 0.36174920201301575, -0.051518939435482025, 0.46951115131378174, 0.3134307265281677, -0.06059266999363899, 0.5125542283058167, 0.5258665084838867, -0.02421167679131031, 0.48563602566719055, 0.4542238116264343, -0.03988947346806526, 0.47067347168922424, 0.40470805764198303, -0.050555139780044556, 0.45851659774780273, 0.35950982570648193, -0.05711102485656738, 0.49903619289398193, 0.5690523982048035, -0.028132803738117218, 0.4731167256832123, 0.5194920897483826, -0.04230199009180069, 0.4581831097602844, 0.48368293046951294, -0.04962841793894768, 0.44516798853874207, 0.44720083475112915, -0.05391363054513931]",[]
"[0.5800366997718811, 0.6124162673950195, 2.6372305228505866e-07, 0.6096866130828857, 0.5666396021842957, -0.021816616877913475, 0.6223288774490356, 0.4935252070426941, -0.03358415141701698, 0.6320725679397583, 0.4333140552043915, -0.04305007681250572, 0.648942768573761, 0.38980668783187866, -0.053494617342948914, 0.5707162618637085, 0.42253053188323975, -0.024748433381319046, 0.5516619086265564, 0.3472324013710022, -0.03947523981332779, 0.5382855534553528, 0.2954610586166382, -0.05145338177680969, 0.5270911455154419, 0.2533201277256012, -0.06139594689011574, 0.5465696454048157, 0.4345015287399292, -0.025063980370759964, 0.5254958868026733, 0.3539203405380249, -0.04129428416490555, 0.5119996070861816, 0.29581233859062195, -0.057306792587041855, 0.5004704594612122, 0.24854783713817596, -0.0700678825378418, 0.5294504761695862, 0.46020635962486267, -0.02697606384754181, 0.5073613524436951, 0.3913670778274536, -0.04396103695034981, 0.49321818351745605, 0.3415781855583191, -0.056924186646938324, 0.48389962315559387, 0.30134618282318115, -0.06618065387010574, 0.5191258788108826, 0.49665671586990356, -0.03039637953042984, 0.49559566378593445, 0.4520658552646637, -0.047479625791311264, 0.48228418827056885, 0.4197956621646881, -0.0568503700196743, 0.471402108669281, 0.387783408164978, -0.0632467120885849]","[0.46227777004241943, 0.7435629963874817, -3.969726947161689e-08, 0.5064871907234192, 0.7344259023666382, 0.0011143237352371216, 0.5392960906028748, 0.690394401550293, -0.0026727616786956787, 0.5470989942550659, 0.6304793357849121, -0.0054658688604831696, 0.5387798547744751, 0.5880153179168701, -0.0074377236887812614, 0.5450010895729065, 0.6727422475814819, -0.023015040904283524, 0.5673328042030334, 0.5834416151046753, -0.029686952009797096, 0.5634765028953552, 0.594808042049408, -0.028044434264302254, 0.5533798933029175, 0.6223987936973572, -0.024330416694283485, 0.5204035639762878, 0.6405094861984253, -0.0259246826171875, 0.5472469329833984, 0.5398774147033691, -0.032374996691942215, 0.5482016801834106, 0.5563576817512512, -0.02963656559586525, 0.5376626253128052, 0.5881271958351135, -0.025844184681773186, 0.4966903328895569, 0.6139360666275024, -0.026832392439246178, 0.5246016979217529, 0.5289777517318726, -0.02840505912899971, 0.5278913378715515, 0.5498732924461365, -0.02213575318455696, 0.5205545425415039, 0.5770118236541748, -0.017391996458172798, 0.4771791696548462, 0.5964395999908447, -0.026867801323533058, 0.5031609535217285, 0.5383123159408569, -0.026126867160201073, 0.5080973505973816, 0.5552486181259155, -0.019135601818561554, 0.5030419826507568, 0.5774784684181213, -0.01341079082340002]"
"[0.5706571340560913, 0.6835483312606812, 2.625283173074422e-07, 0.6048065423965454, 0.6190416216850281, -0.022953849285840988, 0.6129613518714905, 0.539620578289032, -0.033230263739824295, 0.6139764189720154, 0.469612717628479, -0.041712455451488495, 0.6304819583892822, 0.41974687576293945, -0.05042840167880058, 0.5489763021469116, 0.48221781849861145, -0.018802106380462646, 0.522766649723053, 0.4157704710960388, -0.032914891839027405, 0.5056555271148682, 0.37499839067459106, -0.04473351687192917, 0.4904305636882782, 0.3379574120044708, -0.053957995027303696, 0.523093581199646, 0.5010983347892761, -0.017870420590043068, 0.4946845471858978, 0.42319783568382263, -0.03198907524347305, 0.4770749807357788, 0.3706403970718384, -0.04430641233921051, 0.4621809720993042, 0.32315534353256226, -0.05300792306661606, 0.5048619508743286, 0.5339270234107971, -0.019561050459742546, 0.4780876636505127, 0.463355153799057, -0.033759236335754395, 0.4627801775932312, 0.41521117091178894, -0.04371609166264534, 0.4507097601890564, 0.371105819940567, -0.04993535578250885, 0.4919455051422119, 0.5773888230323792, -0.02339773252606392, 0.46598756313323975, 0.5297834873199463, -0.03613371029496193, 0.4517190754413605, 0.4954649806022644, -0.042440202087163925, 0.43991851806640625, 0.4598665237426758, -0.04619532451033592]",[]
"[0.5691755414009094, 0.6943966746330261, 2.5196604269694944e-07, 0.6011252403259277, 0.6210474967956543, -0.020105436444282532, 0.6059562563896179, 0.5423046946525574, -0.029030898585915565, 0.6064058542251587, 0.4743397831916809, -0.03695068508386612, 0.6225001811981201, 0.4244241416454315, -0.045203711837530136, 0.5428562760353088, 0.48859256505966187, -0.014832943677902222, 0.5155010223388672, 0.4194575548171997, -0.02842077612876892, 0.4970598816871643, 0.37683534622192383, -0.04010697081685066, 0.48024022579193115, 0.3388422131538391, -0.04929844290018082, 0.5181983113288879, 0.5098655819892883, -0.015409723855555058, 0.48878103494644165, 0.43241390585899353, -0.029216554015874863, 0.4700465798377991, 0.37934285402297974, -0.04174681380391121, 0.4542698860168457, 0.3313915729522705, -0.05068854242563248, 0.5011629462242126, 0.5446515679359436, -0.01855366677045822, 0.47268006205558777, 0.473619282245636, -0.032604366540908813, 0.45611080527305603, 0.4244435727596283, -0.04244835302233696, 0.4428229331970215, 0.3785380423069, -0.048658862709999084, 0.4898570775985718, 0.5894436240196228, -0.023707106709480286, 0.46233946084976196, 0.5416573882102966, -0.0366535447537899, 0.4465509057044983, 0.5061148405075073, -0.043002329766750336, 0.433010458946228, 0.46826815605163574, -0.046779993921518326]",[]
"[0.5727241039276123, 0.710299551486969, 2.3014125360987236e-07, 0.6006664633750916, 0.6373047828674316, -0.02068261057138443, 0.6038198471069336, 0.5498730540275574, -0.030484633520245552, 0.6045200228691101, 0.47969862818717957, -0.03934454917907715, 0.62178635597229, 0.42948272824287415, -0.04869011789560318, 0.5399436950683594, 0.49565187096595764, -0.017751295119524002, 0.5126606822013855, 0.42952799797058105, -0.03276901692152023, 0.4951697885990143, 0.38900864124298096, -0.045461151748895645, 0.4796126186847687, 0.351226270198822, -0.05538184568285942, 0.5152320265769958, 0.5170986652374268, -0.018696513026952744, 0.4845438301563263, 0.43884381651878357, -0.03318122774362564, 0.46569404006004333, 0.38583987951278687, -0.04540518671274185, 0.44971224665641785, 0.3361835479736328, -0.05443258956074715, 0.4986616373062134, 0.5525156855583191, -0.022243980318307877, 0.46892252564430237, 0.4814196825027466, -0.03655623272061348, 0.45320752263069153, 0.43067115545272827, -0.04546486586332321, 0.44021299481391907, 0.38187354803085327, -0.051507845520973206, 0.4875820577144623, 0.5989982485771179, -0.027967875823378563, 0.4599554240703583, 0.5508162379264832, -0.04061311483383179, 0.4445423483848572, 0.5152309536933899, -0.04604298621416092, 0.4309333562850952, 0.4773522615432739, -0.04961492493748665]",[]
"[0.5500569939613342, 0.7240117788314819, 2.471777804657904e-07, 0.5885137915611267, 0.6494918465614319, -0.017043812200427055, 0.6001126170158386, 0.5633758306503296, -0.02472931519150734, 0.6066412329673767, 0.48597246408462524, -0.03150801360607147, 0.6217843294143677, 0.42743608355522156, -0.038559507578611374, 0.5385958552360535, 0.4997316002845764, -0.007861572317779064, 0.5103052258491516, 0.4329506456851959, -0.018402591347694397, 0.4905615448951721, 0.3939628005027771, -0.029971888288855553, 0.4726841151714325, 0.35863614082336426, -0.03907756134867668, 0.5120843052864075, 0.5220018029212952, -0.008599800989031792, 0.47856515645980835, 0.4430471658706665, -0.016909079626202583, 0.45862674713134766, 0.39049822092056274, -0.028590446338057518, 0.44253236055374146, 0.34241822361946106, -0.03848021477460861, 0.49330973625183105, 0.5580762028694153, -0.011691057123243809, 0.46247896552085876, 0.488395631313324, -0.021389584988355637, 0.44391974806785583, 0.44063490629196167, -0.02978549711406231, 0.42940813302993774, 0.3959490656852722, -0.036119893193244934, 0.4835001230239868, 0.6043665409088135, -0.016600530594587326, 0.4551214277744293, 0.5561529994010925, -0.02626139111816883, 0.4375966489315033, 0.5227541327476501, -0.030467849224805832, 0.422632098197937, 0.48648661375045776, -0.033161308616399765]",[]
"[0.5390908718109131, 0.7318475842475891, 2.090775979013415e-07, 0.5844007134437561, 0.6660065054893494, -0.02272079512476921, 0.6007170081138611, 0.5804212093353271, -0.032477967441082, 0.6043549180030823, 0.5006988644599915, -0.04041668027639389, 0.6183802485466003, 0.4398924708366394, -0.048292022198438644, 0.5393220782279968, 0.5032383799552917, -0.012621188536286354, 0.5106510519981384, 0.4343391954898834, -0.02558290958404541, 0.4903597831726074, 0.3937099277973175, -0.03797384724020958, 0.4723033905029297, 0.35890334844589233, -0.047409962862730026, 0.511768639087677, 0.5224045515060425, -0.01069381833076477, 0.4796406626701355, 0.4442857503890991, -0.021193554624915123, 0.45944929122924805, 0.39077797532081604, -0.032767653465270996, 0.4417349398136139, 0.34504836797714233, -0.04192883148789406, 0.4923763573169708, 0.5562990307807922, -0.01193354744464159, 0.46249502897262573, 0.48692867159843445, -0.023652786388993263, 0.445581316947937, 0.4408860206604004, -0.032871540635824203, 0.43108850717544556, 0.3977513015270233, -0.039260730147361755, 0.48047876358032227, 0.6011172533035278, -0.015428309328854084, 0.4528440833091736, 0.5553175806999207, -0.027034293860197067, 0.4361790716648102, 0.5207499265670776, -0.03341225907206535, 0.4224168062210083, 0.4849439859390259, -0.037284720689058304]",[]
[],"[0.5230503678321838, 0.7406088709831238, 1.1277884226501556e-07, 0.5775294303894043, 0.6753109693527222, -0.01749558374285698, 0.601378858089447, 0.5837580561637878, -0.027132894843816757, 0.6102153658866882, 0.4958769679069519, -0.03450968489050865, 0.6260692477226257, 0.4322082996368408, -0.04303707182407379, 0.5422268509864807, 0.5148187279701233, -0.024239229038357735, 0.5122597813606262, 0.43412864208221436, -0.03802526742219925, 0.4912298321723938, 0.38789522647857666, -0.048875972628593445, 0.47274646162986755, 0.351276695728302, -0.05708703398704529, 0.5134683847427368, 0.5361762046813965, -0.024037335067987442, 0.4792144298553467, 0.44484785199165344, -0.03575814515352249, 0.4589528739452362, 0.3864792287349701, -0.04615633189678192, 0.4438008666038513, 0.3391876816749573, -0.05539054796099663, 0.49305036664009094, 0.5690335035324097, -0.0251254141330719, 0.46281203627586365, 0.4866006076335907, -0.03769693896174431, 0.4444507956504822, 0.435403048992157, -0.04620664566755295, 0.4308270514011383, 0.39126497507095337, -0.052837520837783813, 0.4826935827732086, 0.6106570363044739, -0.027378028258681297, 0.45428526401519775, 0.5542057156562805, -0.04038912430405617, 0.43692725896835327, 0.5144324898719788, -0.04731862619519234, 0.4240477979183197, 0.47412338852882385, -0.05197841301560402]"
"[0.5275489687919617, 0.7393752336502075, 7.081791153495942e-08, 0.581337034702301, 0.6733193397521973, -0.01698896661400795, 0.6054753661155701, 0.578003466129303, -0.02347242459654808, 0.6106313467025757, 0.4914132356643677, -0.028557049110531807, 0.6277713775634766, 0.4297337532043457, -0.03396324813365936, 0.5461578965187073, 0.5020032525062561, -0.009210338816046715, 0.5172498226165771, 0.42650750279426575, -0.021395143121480942, 0.49704721570014954, 0.3842982053756714, -0.033456288278102875, 0.4783773124217987, 0.3477611541748047, -0.04250279441475868, 0.5175889730453491, 0.5222989320755005, -0.009029380045831203, 0.48532819747924805, 0.4360184967517853, -0.01918409951031208, 0.4658198058605194, 0.3796159029006958, -0.03159673511981964, 0.4493677020072937, 0.33259424567222595, -0.04178589582443237, 0.49734845757484436, 0.5561838150024414, -0.01116169709712267, 0.4682762324810028, 0.47961029410362244, -0.02232508920133114, 0.4513712525367737, 0.42905473709106445, -0.03170306980609894, 0.437503457069397, 0.3847842216491699, -0.03865126147866249, 0.4859444499015808, 0.5998848080635071, -0.014849049970507622, 0.45830997824668884, 0.5466123223304749, -0.025763677433133125, 0.4428044557571411, 0.5091555714607239, -0.0315265879034996, 0.4307582974433899, 0.47134432196617126, -0.03521772101521492]",[]
"[0.5636498928070068, 0.6953862905502319, 1.8303647664197342e-07, 0.6017360687255859, 0.6355586051940918, -0.021462898701429367, 0.612780749797821, 0.5502585768699646, -0.029892446473240852, 0.6140311360359192, 0.4784412086009979, -0.03668510168790817, 0.6321348547935486, 0.42884835600852966, -0.043611686676740646, 0.5493399500846863, 0.48943889141082764, -0.01606849767267704, 0.5222996473312378, 0.41634607315063477, -0.029723605141043663, 0.5044379830360413, 0.3730422258377075, -0.04117059335112572, 0.4884859323501587, 0.33707332611083984, -0.04990924894809723, 0.5217576622962952, 0.5092953443527222, -0.015693599358201027, 0.49222102761268616, 0.4275417923927307, -0.028406241908669472, 0.47501346468925476, 0.37076476216316223, -0.04094339907169342, 0.4606229364871979, 0.32329028844833374, -0.05022914707660675, 0.5036001801490784, 0.5410476326942444, -0.018013542518019676, 0.4754774868488312, 0.46859365701675415, -0.031014010310173035, 0.46130818128585815, 0.41944757103919983, -0.041081998497247696, 0.4499778151512146, 0.37566936016082764, -0.04771846905350685, 0.4932790696620941, 0.5824323892593384, -0.02243027277290821, 0.4663638174533844, 0.534666895866394, -0.034764815121889114, 0.4515610337257385, 0.49941134452819824, -0.041418060660362244, 0.43931567668914795, 0.46287015080451965, -0.04551365226507187]",[]
"[0.5844812393188477, 0.6921351552009583, 2.7025461690755037e-07, 0.6127995848655701, 0.6290308237075806, -0.023146560415625572, 0.6203615069389343, 0.5477051734924316, -0.03385467827320099, 0.6241889595985413, 0.47610804438591003, -0.04278721660375595, 0.6426775455474854, 0.4244195818901062, -0.051525767892599106, 0.558225691318512, 0.48311421275138855, -0.016519838944077492, 0.5319808721542358, 0.4101192355155945, -0.030892495065927505, 0.5146856904029846, 0.36736419796943665, -0.04343068227171898, 0.49909406900405884, 0.329824298620224, -0.05301124230027199, 0.5327910780906677, 0.5023998618125916, -0.016083315014839172, 0.5040732026100159, 0.42157888412475586, -0.029346909373998642, 0.48639535903930664, 0.36553752422332764, -0.042049337178468704, 0.4714154005050659, 0.3152604103088379, -0.05142490565776825, 0.5148411989212036, 0.5344870686531067, -0.018700813874602318, 0.48780518770217896, 0.4603843688964844, -0.03230182081460953, 0.4729146957397461, 0.41070568561553955, -0.042712390422821045, 0.46079111099243164, 0.3655364513397217, -0.049437761306762695, 0.5028989315032959, 0.5778540968894958, -0.023570433259010315, 0.475752055644989, 0.5275286436080933, -0.036191798746585846, 0.46087419986724854, 0.491262823343277, -0.042796943336725235, 0.44810912013053894, 0.4527992904186249, -0.046769723296165466]","[0.47349634766578674, 0.7945030331611633, 2.6948046638608503e-07, 0.5157826542854309, 0.7707923650741577, -0.008389591239392757, 0.5413802266120911, 0.7009824514389038, -0.014937780797481537, 0.5387036800384521, 0.6282095313072205, -0.018551509827375412, 0.5247620344161987, 0.579616904258728, -0.022454621270298958, 0.5430723428726196, 0.6844472289085388, -0.028998810797929764, 0.5537278652191162, 0.585761547088623, -0.03789595514535904, 0.5582988262176514, 0.5464001893997192, -0.04029446840286255, 0.560696542263031, 0.5314830541610718, -0.04021410644054413, 0.5133703351020813, 0.6659479737281799, -0.027834206819534302, 0.524355411529541, 0.559391975402832, -0.03523111343383789, 0.5335360765457153, 0.5187382102012634, -0.03593284636735916, 0.5394012928009033, 0.5003271102905273, -0.035881418734788895, 0.4859476089477539, 0.6536888480186462, -0.025728506967425346, 0.5010703802108765, 0.5603952407836914, -0.031516265124082565, 0.5124078392982483, 0.535748302936554, -0.030201692134141922, 0.5188555121421814, 0.5278010368347168, -0.028716882690787315, 0.4654347002506256, 0.6474882960319519, -0.023422179743647575, 0.4865105450153351, 0.5887935757637024, -0.027528857812285423, 0.5011182427406311, 0.5846633911132812, -0.024435201659798622, 0.5092152953147888, 0.5907314419746399, -0.021114211529493332]"
"[0.5894535183906555, 0.691002607345581, 2.9986816230120894e-07, 0.61759352684021, 0.6281608939170837, -0.025642093271017075, 0.6250476241111755, 0.5450657606124878, -0.03652938827872276, 0.6293678283691406, 0.4720989465713501, -0.04525604844093323, 0.646756112575531, 0.4185657501220703, -0.05340966209769249, 0.5625448226928711, 0.4808211028575897, -0.01568114198744297, 0.5362176299095154, 0.4072190225124359, -0.02903096005320549, 0.5183363556861877, 0.36500993371009827, -0.04103599488735199, 0.5026300549507141, 0.32807299494743347, -0.05026839300990105, 0.5370947122573853, 0.49897295236587524, -0.013430316932499409, 0.5081968307495117, 0.41611772775650024, -0.025347214192152023, 0.49067726731300354, 0.35830312967300415, -0.0375622883439064, 0.47618868947029114, 0.30679306387901306, -0.046713292598724365, 0.5190186500549316, 0.530430257320404, -0.01464060042053461, 0.49140334129333496, 0.45617738366127014, -0.027719929814338684, 0.4768725633621216, 0.40451735258102417, -0.03890730068087578, 0.46472200751304626, 0.358461856842041, -0.0462845154106617, 0.5068303346633911, 0.5726869702339172, -0.018357599154114723, 0.48139479756355286, 0.5220270752906799, -0.03076598420739174, 0.4668140113353729, 0.48618587851524353, -0.038033001124858856, 0.4535064101219177, 0.44866329431533813, -0.04270605370402336]","[0.4699055552482605, 0.804826557636261, 1.57721288474022e-07, 0.512931227684021, 0.7819066047668457, -0.004394521936774254, 0.53672194480896, 0.713962733745575, -0.009369371458888054, 0.5344493985176086, 0.6447198390960693, -0.011944005265831947, 0.5237709283828735, 0.6017787456512451, -0.013730598613619804, 0.5323888063430786, 0.6969862580299377, -0.027679311111569405, 0.5448232889175415, 0.5955626964569092, -0.03425676375627518, 0.548944354057312, 0.5939623117446899, -0.03212178498506546, 0.5490195751190186, 0.6172432899475098, -0.028159646317362785, 0.5027853846549988, 0.6787934899330139, -0.027174824848771095, 0.5177114009857178, 0.5681209564208984, -0.03323658928275108, 0.5266120433807373, 0.5680102705955505, -0.030947474762797356, 0.5279661417007446, 0.5907061696052551, -0.028025003150105476, 0.47569161653518677, 0.6667947769165039, -0.02503124438226223, 0.4926154911518097, 0.5624770522117615, -0.028942061588168144, 0.5052086114883423, 0.572005033493042, -0.025393038988113403, 0.5101046562194824, 0.5953071117401123, -0.02225317619740963, 0.45517390966415405, 0.662752628326416, -0.022198902443051338, 0.47398313879966736, 0.5943731069564819, -0.026012862101197243, 0.48716235160827637, 0.6049749851226807, -0.02267570234835148, 0.49308645725250244, 0.6262202262878418, -0.018915891647338867]"
[],"[0.4712608754634857, 0.7385478019714355, -3.973462980866316e-08, 0.5144284963607788, 0.7298067212104797, 0.0014876442728564143, 0.5470200181007385, 0.6852273941040039, -0.0003955136053264141, 0.5571855902671814, 0.6262215375900269, -0.000999035662971437, 0.5496854782104492, 0.5844624042510986, -0.0008310534758493304, 0.5517165064811707, 0.667208731174469, -0.020517930388450623, 0.5758618116378784, 0.5826852917671204, -0.025333207100629807, 0.5695655941963196, 0.5856431722640991, -0.02210249751806259, 0.5592943429946899, 0.6108804941177368, -0.017708709463477135, 0.5280545353889465, 0.6335722804069519, -0.022741539403796196, 0.5546182990074158, 0.5403621792793274, -0.028469141572713852, 0.5539535880088806, 0.5502604842185974, -0.02518506348133087, 0.5444337129592896, 0.5794180631637573, -0.02086077630519867, 0.5037269592285156, 0.6073484420776367, -0.023000003769993782, 0.5288404226303101, 0.5291919708251953, -0.023931587114930153, 0.5329132080078125, 0.5431403517723083, -0.017924118787050247, 0.5281779170036316, 0.5672675967216492, -0.0132469292730093, 0.48253709077835083, 0.5914390087127686, -0.02228662557899952, 0.5047951340675354, 0.5317872762680054, -0.020328979939222336, 0.5101496577262878, 0.5423672795295715, -0.013072799891233444, 0.5076031684875488, 0.5622282028198242, -0.007191039621829987]"
"[0.5887984037399292, 0.6859830021858215, 2.6710367251325806e-07, 0.6157642006874084, 0.6258406043052673, -0.023013131693005562, 0.6214742660522461, 0.5429805517196655, -0.03324440121650696, 0.6251026391983032, 0.4711039662361145, -0.0417296327650547, 0.6443110108375549, 0.4194856584072113, -0.049963489174842834, 0.5597888231277466, 0.4777156114578247, -0.015023402869701385, 0.5337812304496765, 0.40815162658691406, -0.028767310082912445, 0.5166266560554504, 0.3674919307231903, -0.04092258960008621, 0.5016911625862122, 0.33248382806777954, -0.05027312412858009, 0.5347642302513123, 0.4961588382720947, -0.014282148331403732, 0.5060781240463257, 0.4179152846336365, -0.02716730535030365, 0.48846787214279175, 0.3623107671737671, -0.03961432725191116, 0.4738154113292694, 0.3129552900791168, -0.048743415623903275, 0.517101526260376, 0.5286011099815369, -0.016708802431821823, 0.4892345368862152, 0.4574885666370392, -0.03053814359009266, 0.47417306900024414, 0.4096616208553314, -0.04136907681822777, 0.46186351776123047, 0.3661799132823944, -0.04827718809247017, 0.5056425333023071, 0.5731139183044434, -0.021332167088985443, 0.4785214960575104, 0.524979829788208, -0.03451753407716751, 0.463492751121521, 0.49017637968063354, -0.041864145547151566, 0.4505144953727722, 0.4528029263019562, -0.04633674398064613]","[0.4672406315803528, 0.8241987824440002, 5.195644092736984e-08, 0.5090556740760803, 0.8044727444648743, -0.005506487097591162, 0.5329775214195251, 0.7384311556816101, -0.010576506145298481, 0.5320801138877869, 0.6678969264030457, -0.012990923598408699, 0.5174437165260315, 0.6267334818840027, -0.015633786097168922, 0.5359572768211365, 0.7194857597351074, -0.030217984691262245, 0.5471208095550537, 0.6201266050338745, -0.03845781460404396, 0.5477441549301147, 0.6083322763442993, -0.03878489509224892, 0.5481167435646057, 0.6190215945243835, -0.037038642913103104, 0.5097864270210266, 0.6979030966758728, -0.028743533417582512, 0.5186460614204407, 0.595321774482727, -0.03564303368330002, 0.51929771900177, 0.589600682258606, -0.03467431664466858, 0.5183456540107727, 0.6068598628044128, -0.03300098329782486, 0.4839860796928406, 0.6821372509002686, -0.025575479492545128, 0.4947568476200104, 0.5910524129867554, -0.03044971451163292, 0.4989646077156067, 0.598928689956665, -0.027881741523742676, 0.498983234167099, 0.623500645160675, -0.02541443705558777, 0.4628084599971771, 0.6735028028488159, -0.021665100008249283, 0.4746183753013611, 0.6103662848472595, -0.026448849588632584, 0.4810538589954376, 0.6215264797210693, -0.02382953278720379, 0.48317044973373413, 0.6441627144813538, -0.02032984420657158]"
"[0.5749428868293762, 0.6950869560241699, 2.2750914752123208e-07, 0.6084556579589844, 0.6353924870491028, -0.02355566807091236, 0.618323802947998, 0.5506339073181152, -0.033703193068504333, 0.6225773692131042, 0.47679004073143005, -0.04197435826063156, 0.6409569382667542, 0.4229581356048584, -0.05019119754433632, 0.5567210912704468, 0.48369237780570984, -0.017741622403264046, 0.5309574604034424, 0.41270872950553894, -0.03255090489983559, 0.5136744976043701, 0.3696231245994568, -0.04504029452800751, 0.4988498389720917, 0.3327248692512512, -0.05465609207749367, 0.5309599041938782, 0.5020689368247986, -0.01709912158548832, 0.501493513584137, 0.42348435521125793, -0.031572576612234116, 0.4844694137573242, 0.3677104711532593, -0.044543251395225525, 0.4707350730895996, 0.31846606731414795, -0.054007090628147125, 0.5132392644882202, 0.5339526534080505, -0.01948796771466732, 0.48604580760002136, 0.4616389572620392, -0.03478832170367241, 0.4715512990951538, 0.4145164489746094, -0.04497210681438446, 0.4597613513469696, 0.37078648805618286, -0.051201462745666504, 0.5018537640571594, 0.5773224234580994, -0.024135645478963852, 0.47536614537239075, 0.5280473232269287, -0.03874089568853378, 0.46057021617889404, 0.4924365282058716, -0.04619934409856796, 0.44739043712615967, 0.45388105511665344, -0.05049923062324524]",[]
"[0.5755805969238281, 0.683117151260376, 2.8575340138559113e-07, 0.6087653636932373, 0.6274679899215698, -0.028201553970575333, 0.6166248917579651, 0.5494841933250427, -0.04182644188404083, 0.619343638420105, 0.4780214726924896, -0.05259179696440697, 0.6379761099815369, 0.42497143149375916, -0.06331110745668411, 0.5545844435691833, 0.48502930998802185, -0.02796768583357334, 0.5277822613716125, 0.41652241349220276, -0.04525420069694519, 0.5102017521858215, 0.37322527170181274, -0.058455660939216614, 0.4944882094860077, 0.3352110981941223, -0.06819652765989304, 0.5280677676200867, 0.5040730237960815, -0.02515689842402935, 0.49866437911987305, 0.42563173174858093, -0.04197663068771362, 0.4803677797317505, 0.3708271086215973, -0.05465146154165268, 0.4649580717086792, 0.32173651456832886, -0.06335168331861496, 0.5091848969459534, 0.537341833114624, -0.02522941306233406, 0.48197463154792786, 0.4663740396499634, -0.041491586714982986, 0.4671042263507843, 0.4172571003437042, -0.05173521861433983, 0.45535725355148315, 0.3720959424972534, -0.05781117454171181, 0.49611565470695496, 0.581013023853302, -0.027856849133968353, 0.47066816687583923, 0.5311899185180664, -0.042435478419065475, 0.45545923709869385, 0.49626511335372925, -0.04990188404917717, 0.44207632541656494, 0.4598654806613922, -0.054168716073036194]",[]
"[0.573237955570221, 0.6821609735488892, 3.591749191400595e-07, 0.6078284382820129, 0.6206567287445068, -0.028005091473460197, 0.6161742210388184, 0.5480173826217651, -0.04109516739845276, 0.6176124811172485, 0.4788990318775177, -0.051546595990657806, 0.6366602182388306, 0.4271950423717499, -0.06207440048456192, 0.5505152344703674, 0.487525075674057, -0.023299550637602806, 0.524986982345581, 0.4202980697154999, -0.0385928601026535, 0.5072535276412964, 0.37778419256210327, -0.0508742481470108, 0.49151837825775146, 0.34030401706695557, -0.060139741748571396, 0.5252095460891724, 0.5078471899032593, -0.019955400377511978, 0.4968262016773224, 0.431363046169281, -0.03583201393485069, 0.47817257046699524, 0.3770761489868164, -0.04910507798194885, 0.46248769760131836, 0.3274710476398468, -0.05818503350019455, 0.5074120759963989, 0.5411698818206787, -0.019608324393630028, 0.48088616132736206, 0.47105172276496887, -0.03559602051973343, 0.46475642919540405, 0.4224253296852112, -0.04701000079512596, 0.45217660069465637, 0.3773862421512604, -0.05364522337913513, 0.49461206793785095, 0.5841658711433411, -0.02172570861876011, 0.4688473343849182, 0.5359951257705688, -0.03627845644950867, 0.4542357325553894, 0.5015251040458679, -0.04447568207979202, 0.44180935621261597, 0.464743047952652, -0.049174729734659195]",[]
"[0.5750432014465332, 0.6992301344871521, 2.71227747816738e-07, 0.608235239982605, 0.6345305442810059, -0.022677544504404068, 0.6169110536575317, 0.5520314574241638, -0.032888345420360565, 0.6189096570014954, 0.48135504126548767, -0.04146488383412361, 0.635958194732666, 0.4310302436351776, -0.05018952116370201, 0.5511755347251892, 0.4905092120170593, -0.018656009808182716, 0.5251045823097229, 0.4238462448120117, -0.031980082392692566, 0.5080816149711609, 0.38361918926239014, -0.043119076639413834, 0.49316415190696716, 0.34676992893218994, -0.05189214274287224, 0.5255910158157349, 0.5099475383758545, -0.0178668349981308, 0.49562135338783264, 0.4303922653198242, -0.030826210975646973, 0.47771307826042175, 0.3776034712791443, -0.04177265241742134, 0.4624451696872711, 0.33023685216903687, -0.04961959272623062, 0.5086123943328857, 0.5427342653274536, -0.019748562946915627, 0.47900429368019104, 0.47249484062194824, -0.032769978046417236, 0.46367284655570984, 0.4239131212234497, -0.04150955379009247, 0.4509206712245941, 0.3791085481643677, -0.047137416899204254, 0.49780410528182983, 0.5859559178352356, -0.023954268544912338, 0.4701341688632965, 0.5394619703292847, -0.03586948662996292, 0.45497918128967285, 0.5056498646736145, -0.04166629537940025, 0.4417228698730469, 0.47085604071617126, -0.04517969489097595]",[]
"[0.5748346447944641, 0.7088398933410645, 2.3155379835770873e-07, 0.6103804111480713, 0.6387090682983398, -0.01952514797449112, 0.6200754642486572, 0.5547878742218018, -0.027412578463554382, 0.6217430830001831, 0.48343926668167114, -0.03456084430217743, 0.6382251381874084, 0.43132343888282776, -0.04177376255393028, 0.5551049113273621, 0.49102145433425903, -0.009875503368675709, 0.5289554595947266, 0.4216998219490051, -0.02183380350470543, 0.5119196772575378, 0.38116440176963806, -0.03290089592337608, 0.4973266124725342, 0.3451313376426697, -0.041569262742996216, 0.5297585725784302, 0.5108126997947693, -0.01057865098118782, 0.5000609159469604, 0.4315755367279053, -0.02232442796230316, 0.4820086658000946, 0.37903493642807007, -0.03411075472831726, 0.46662601828575134, 0.33285605907440186, -0.04250567406415939, 0.5125277042388916, 0.5445115566253662, -0.01416604034602642, 0.4845784306526184, 0.4738883674144745, -0.026508843526244164, 0.46897971630096436, 0.42590487003326416, -0.0356808640062809, 0.45578518509864807, 0.3810168504714966, -0.04156521335244179, 0.5012086629867554, 0.589057207107544, -0.019934585317969322, 0.47519412636756897, 0.5411581993103027, -0.03144531697034836, 0.46055907011032104, 0.5071709752082825, -0.03702346980571747, 0.44729238748550415, 0.4711045026779175, -0.04033977910876274]",[]
"[0.5688261389732361, 0.7225660085678101, 1.2641343971608876e-07, 0.6095900535583496, 0.6549866199493408, -0.019874148070812225, 0.6232892870903015, 0.5638020038604736, -0.026675380766391754, 0.6253193616867065, 0.48970499634742737, -0.03255461901426315, 0.6429266929626465, 0.4388516843318939, -0.0384923480451107, 0.5587999820709229, 0.49488818645477295, -0.010240012779831886, 0.5319569706916809, 0.4257877469062805, -0.022816305980086327, 0.514376699924469, 0.3853320777416229, -0.03470718115568161, 0.4987792670726776, 0.3497315049171448, -0.0440855547785759, 0.5315645933151245, 0.5121839046478271, -0.010212631896138191, 0.5022010207176208, 0.43276602029800415, -0.02181452326476574, 0.48477664589881897, 0.3778725862503052, -0.03401452302932739, 0.469329297542572, 0.3298938274383545, -0.04329372197389603, 0.5132337808609009, 0.5439954400062561, -0.013113413006067276, 0.48507505655288696, 0.4748477637767792, -0.025437742471694946, 0.4713500142097473, 0.4278172552585602, -0.03495657071471214, 0.45929473638534546, 0.3829740881919861, -0.04151883348822594, 0.5017992854118347, 0.5876664519309998, -0.01825847662985325, 0.47565990686416626, 0.5422007441520691, -0.03025449812412262, 0.46099331974983215, 0.5094949007034302, -0.0363612025976181, 0.4479070007801056, 0.47437408566474915, -0.040239471942186356]",[]
"[0.48623186349868774, 0.8184711933135986, -4.048847657145416e-08, 0.5229376554489136, 0.7932549118995667, -0.008101499639451504, 0.5468581914901733, 0.723614513874054, -0.016217589378356934, 0.5482587218284607, 0.6494942903518677, -0.021554816514253616, 0.5306696891784668, 0.603875458240509, -0.027076061815023422, 0.5562112331390381, 0.7053908705711365, -0.0344167985022068, 0.5592887997627258, 0.5949773788452148, -0.04852510616183281, 0.5456783175468445, 0.5806845426559448, -0.05308559536933899, 0.5356894731521606, 0.5937312245368958, -0.05374668166041374, 0.5339241027832031, 0.690273106098175, -0.0338338240981102, 0.5367032885551453, 0.5779741406440735, -0.04574301093816757, 0.5258338451385498, 0.5748730301856995, -0.04626225680112839, 0.5183913111686707, 0.5979756116867065, -0.045147258788347244, 0.5080684423446655, 0.6768036484718323, -0.03253430873155594, 0.5113924741744995, 0.5735918283462524, -0.042717620730400085, 0.5038772225379944, 0.5664729475975037, -0.04172952473163605, 0.49587950110435486, 0.5813935399055481, -0.039767228066921234, 0.483760267496109, 0.6649197340011597, -0.030606713145971298, 0.48827192187309265, 0.5942570567131042, -0.03944464400410652, 0.48394498229026794, 0.5894330739974976, -0.03928631916642189, 0.4773963987827301, 0.5972868204116821, -0.03746767342090607]","[0.5814759135246277, 0.709665060043335, 2.189015049225418e-07, 0.613658607006073, 0.6486326456069946, -0.022542594000697136, 0.622536301612854, 0.5633406043052673, -0.03167550265789032, 0.6240799427032471, 0.4913709759712219, -0.03913995251059532, 0.6428287029266357, 0.44048887491226196, -0.04631652683019638, 0.5575002431869507, 0.504713237285614, -0.015033967792987823, 0.531575083732605, 0.43056029081344604, -0.028497159481048584, 0.5145033001899719, 0.3866339921951294, -0.039957836270332336, 0.4998418986797333, 0.3490525484085083, -0.04873490333557129, 0.5308263897895813, 0.5227677822113037, -0.014058045111596584, 0.5009756684303284, 0.44081878662109375, -0.026569779962301254, 0.4842946529388428, 0.3833351135253906, -0.03849432244896889, 0.47100284695625305, 0.3335551917552948, -0.04726257175207138, 0.513209342956543, 0.5528087615966797, -0.016003450378775597, 0.48469823598861694, 0.4811267852783203, -0.02896188199520111, 0.47084978222846985, 0.43138450384140015, -0.03810461610555649, 0.45968806743621826, 0.38613981008529663, -0.04402345046401024, 0.5024248361587524, 0.5925652980804443, -0.020199107006192207, 0.4752618074417114, 0.5443688631057739, -0.03244338929653168, 0.4608425498008728, 0.5084362030029297, -0.038435615599155426, 0.4483579397201538, 0.4707587957382202, -0.041980329900979996]"
"[0.5749499201774597, 0.7079590559005737, 2.72110042942586e-07, 0.6073360443115234, 0.646442174911499, -0.024469617754220963, 0.6172578930854797, 0.5663933753967285, -0.03608640655875206, 0.6226547360420227, 0.4946260452270508, -0.04529841989278793, 0.6418163180351257, 0.44324272871017456, -0.05400582775473595, 0.5544901490211487, 0.5090969204902649, -0.021220535039901733, 0.5270369052886963, 0.43264609575271606, -0.03529679775238037, 0.5085099339485168, 0.3880106508731842, -0.04635728895664215, 0.49242857098579407, 0.3507612347602844, -0.05436692759394646, 0.5279572010040283, 0.5261938571929932, -0.018445182591676712, 0.4987959861755371, 0.4410296380519867, -0.031194763258099556, 0.4805637300014496, 0.38348817825317383, -0.04213947430253029, 0.46590685844421387, 0.33458513021469116, -0.050020910799503326, 0.5082929134368896, 0.5549339652061462, -0.01833506114780903, 0.4818519353866577, 0.4794319272041321, -0.030430592596530914, 0.4672505557537079, 0.42942526936531067, -0.039309773594141006, 0.4561241567134857, 0.3864806294441223, -0.04499455913901329, 0.4944601058959961, 0.592192530632019, -0.020505961030721664, 0.47020602226257324, 0.5426896810531616, -0.031134599819779396, 0.4566167891025543, 0.5074736475944519, -0.036641959100961685, 0.4454529881477356, 0.4728776812553406, -0.03988485038280487]","[0.4760032296180725, 0.7861787676811218, -1.0195073230079288e-07, 0.5210919976234436, 0.7642593383789062, -0.005843906197696924, 0.5455161333084106, 0.6970031261444092, -0.01275930181145668, 0.5471591353416443, 0.6174038052558899, -0.01708410307765007, 0.5367807745933533, 0.5671560764312744, -0.020202770829200745, 0.546721339225769, 0.6668813228607178, -0.033868659287691116, 0.5573239922523499, 0.5603626370429993, -0.048676613718271255, 0.5494374632835388, 0.5764156579971313, -0.05113796889781952, 0.5435493588447571, 0.6091463565826416, -0.050121162086725235, 0.5166939496994019, 0.6445335149765015, -0.035065907984972, 0.5271484851837158, 0.5282237529754639, -0.05434386059641838, 0.5192524790763855, 0.545573890209198, -0.056845709681510925, 0.5131030082702637, 0.5790941715240479, -0.05325290560722351, 0.4887981116771698, 0.6305711269378662, -0.035486578941345215, 0.49206453561782837, 0.5167713761329651, -0.04855510964989662, 0.484466552734375, 0.47575584053993225, -0.0537019744515419, 0.47507983446121216, 0.45619767904281616, -0.05474453046917915, 0.4661461114883423, 0.627316415309906, -0.034671392291784286, 0.4675481617450714, 0.5498738288879395, -0.043090589344501495, 0.4609019160270691, 0.5144798755645752, -0.04762531444430351, 0.45128464698791504, 0.48889288306236267, -0.04964172840118408]"
"[0.572192907333374, 0.7036029100418091, 2.748842291566689e-07, 0.6062995195388794, 0.6416910886764526, -0.02585577219724655, 0.6169838905334473, 0.5619370341300964, -0.0380697064101696, 0.6218093633651733, 0.49078014492988586, -0.047360751777887344, 0.639335036277771, 0.43810704350471497, -0.05603400990366936, 0.5547045469284058, 0.5064578056335449, -0.024304961785674095, 0.5268137454986572, 0.4282113313674927, -0.038623105734586716, 0.5080626606941223, 0.38284537196159363, -0.049542952328920364, 0.4918440580368042, 0.34532666206359863, -0.05738122761249542, 0.5269336700439453, 0.5240989923477173, -0.020416738465428352, 0.4978032410144806, 0.43779969215393066, -0.03377955034375191, 0.4792480766773224, 0.3791438341140747, -0.045295972377061844, 0.4642772376537323, 0.3292955458164215, -0.05361107364296913, 0.5066116452217102, 0.552207887172699, -0.019038213416934013, 0.4810458719730377, 0.47603896260261536, -0.031424380838871, 0.46624594926834106, 0.4252368211746216, -0.041384391486644745, 0.45469534397125244, 0.3813982903957367, -0.04786952957510948, 0.49284595251083374, 0.5876718163490295, -0.019926397129893303, 0.4695523679256439, 0.5371347069740295, -0.03081713430583477, 0.45588570833206177, 0.5021811723709106, -0.03722754120826721, 0.44412779808044434, 0.4680047035217285, -0.04118698090314865]",[]
"[0.5639543533325195, 0.6181142330169678, 3.155515742037096e-07, 0.5956944227218628, 0.5679966807365417, -0.01866723783314228, 0.605233907699585, 0.4966188371181488, -0.028281724080443382, 0.6131114363670349, 0.43489310145378113, -0.036784589290618896, 0.6326203346252441, 0.39221495389938354, -0.04586000740528107, 0.5504835247993469, 0.42860379815101624, -0.019592629745602608, 0.5341478586196899, 0.35179591178894043, -0.03353678062558174, 0.5228812098503113, 0.3034042418003082, -0.043419092893600464, 0.5134762525558472, 0.26430457830429077, -0.050670552998781204, 0.5249882340431213, 0.4433830976486206, -0.02090286649763584, 0.5039090514183044, 0.3584078550338745, -0.0346578024327755, 0.490882933139801, 0.30014657974243164, -0.04510384052991867, 0.4808858036994934, 0.2525935173034668, -0.05221843719482422, 0.5061248540878296, 0.4734274744987488, -0.024373754858970642, 0.4835435748100281, 0.3961096704006195, -0.03835420683026314, 0.47218865156173706, 0.3455529808998108, -0.047567278146743774, 0.4645390510559082, 0.3027413487434387, -0.05317818000912666, 0.4929202198982239, 0.5156604647636414, -0.029416505247354507, 0.46891677379608154, 0.46699774265289307, -0.043185632675886154, 0.4555184245109558, 0.42945337295532227, -0.05027712881565094, 0.4447767436504364, 0.3917117118835449, -0.05425000935792923]",[]
"[0.5771450400352478, 0.6982955932617188, 2.6550628717814106e-07, 0.608476459980011, 0.6367454528808594, -0.024029523134231567, 0.617631196975708, 0.55548095703125, -0.03515419363975525, 0.6221607327461243, 0.4835769534111023, -0.04427747800946236, 0.6403862833976746, 0.4317406117916107, -0.05300016701221466, 0.5548957586288452, 0.4960918426513672, -0.019368741661310196, 0.527912974357605, 0.4203798174858093, -0.033994171768426895, 0.5099884867668152, 0.3760681748390198, -0.0454610250890255, 0.4946654736995697, 0.3385918438434601, -0.05386396870017052, 0.528783917427063, 0.5138244032859802, -0.017527060583233833, 0.4996432662010193, 0.43000712990760803, -0.03169013559818268, 0.4811484217643738, 0.3726258873939514, -0.043971240520477295, 0.4663931131362915, 0.32311663031578064, -0.05258255824446678, 0.5099075436592102, 0.5441029071807861, -0.018481463193893433, 0.4832681119441986, 0.470365434885025, -0.03211360052227974, 0.4680081307888031, 0.420867919921875, -0.04225746914744377, 0.4563470482826233, 0.37759026885032654, -0.04855308681726456, 0.4973539710044861, 0.5838456153869629, -0.021702749654650688, 0.4724223017692566, 0.5359230637550354, -0.03394624963402748, 0.4579346776008606, 0.5004414319992065, -0.04075552523136139, 0.44562798738479614, 0.46446692943573, -0.04476682096719742]",[]
"[0.5789052844047546, 0.6973037719726562, 2.652854504958668e-07, 0.6104193925857544, 0.6377381682395935, -0.02406580187380314, 0.6188352108001709, 0.5524452328681946, -0.03408653661608696, 0.6214198470115662, 0.47856006026268005, -0.04205574095249176, 0.6400229930877686, 0.42805296182632446, -0.04971136525273323, 0.5555869340896606, 0.490675687789917, -0.017679084092378616, 0.5278905034065247, 0.4180870056152344, -0.03190772607922554, 0.5095306038856506, 0.3743927478790283, -0.04367670789361, 0.4938930869102478, 0.3372143507003784, -0.05245932564139366, 0.528846263885498, 0.5089415311813354, -0.01605825684964657, 0.4985712170600891, 0.42786872386932373, -0.029369458556175232, 0.4796820878982544, 0.371377557516098, -0.041403140872716904, 0.4643103778362274, 0.32163935899734497, -0.04985282942652702, 0.5098183155059814, 0.5401803255081177, -0.0174017995595932, 0.48219361901283264, 0.46870845556259155, -0.030466673895716667, 0.4667947292327881, 0.41966041922569275, -0.04032719135284424, 0.45469287037849426, 0.3762508034706116, -0.04648353531956673, 0.49699467420578003, 0.5826103091239929, -0.021160650998353958, 0.47135069966316223, 0.5361112952232361, -0.03276704624295235, 0.45690056681632996, 0.5013031959533691, -0.038986437022686005, 0.44484421610832214, 0.46537861227989197, -0.04261371120810509]",[]
"[0.5623477101325989, 0.7142079472541809, 1.6739836894430482e-07, 0.6021843552589417, 0.6493312120437622, -0.017929330468177795, 0.6149201393127441, 0.5594663619995117, -0.023485254496335983, 0.6178693175315857, 0.4847119152545929, -0.02830676920711994, 0.63372403383255, 0.430891215801239, -0.03311009332537651, 0.5478286743164062, 0.48430946469306946, -0.004128387663513422, 0.5209605097770691, 0.41557154059410095, -0.014382836408913136, 0.5029652714729309, 0.3759125769138336, -0.025911374017596245, 0.4863250255584717, 0.3429770767688751, -0.035076070576906204, 0.5202527046203613, 0.5043334364891052, -0.004737040027976036, 0.48936447501182556, 0.4265807271003723, -0.012970156036317348, 0.47159531712532043, 0.37337541580200195, -0.0250468160957098, 0.45652514696121216, 0.32881951332092285, -0.03489701822400093, 0.5024216771125793, 0.5381981134414673, -0.00834740325808525, 0.47291281819343567, 0.4690767526626587, -0.017260976135730743, 0.4574680030345917, 0.4237006604671478, -0.026308320462703705, 0.4452340006828308, 0.38116273283958435, -0.03330789506435394, 0.49286866188049316, 0.5837408304214478, -0.014168716967105865, 0.4654249846935272, 0.540099561214447, -0.02329123020172119, 0.4505139887332916, 0.50667804479599, -0.028580868616700172, 0.43881702423095703, 0.4700741767883301, -0.03232045844197273]",[]
"[0.5691861510276794, 0.7155892252922058, 2.215411143424717e-07, 0.6012634634971619, 0.646399736404419, -0.01975693367421627, 0.6090595126152039, 0.5573018789291382, -0.02775377407670021, 0.6094290018081665, 0.48430460691452026, -0.034554075449705124, 0.6252465844154358, 0.4322313368320465, -0.04128805547952652, 0.5402703285217285, 0.4915030002593994, -0.011794978752732277, 0.5111976265907288, 0.42362815141677856, -0.023587344214320183, 0.4915506839752197, 0.3847745656967163, -0.034733954817056656, 0.4746876060962677, 0.35099461674690247, -0.04333261772990227, 0.5143783688545227, 0.5143958330154419, -0.011964233592152596, 0.4832170009613037, 0.4355584979057312, -0.02228941209614277, 0.4634803831577301, 0.3840295076370239, -0.03296341001987457, 0.44676780700683594, 0.338675320148468, -0.04074237868189812, 0.497739315032959, 0.550075113773346, -0.014808599837124348, 0.46781125664711, 0.4807307720184326, -0.02506868727505207, 0.45198166370391846, 0.43317243456840515, -0.032667335122823715, 0.43892595171928406, 0.38981109857559204, -0.037845853716135025, 0.4876376986503601, 0.5978186726570129, -0.019920118153095245, 0.46001702547073364, 0.5505262017250061, -0.0292857326567173, 0.4450927972793579, 0.5165967345237732, -0.033069904893636703, 0.4320513904094696, 0.48118919134140015, -0.035228122025728226]",[]
"[0.5674322247505188, 0.7160892486572266, 2.638042246871919e-07, 0.5973778367042542, 0.6421106457710266, -0.017731623724102974, 0.6005148887634277, 0.5602754354476929, -0.025094691663980484, 0.6007710099220276, 0.49000123143196106, -0.03203068673610687, 0.6150782704353333, 0.43759453296661377, -0.03914188593626022, 0.5327999591827393, 0.5051038265228271, -0.008652090094983578, 0.503656268119812, 0.4380777180194855, -0.020674198865890503, 0.4848768413066864, 0.3967258632183075, -0.03182949870824814, 0.46855828166007996, 0.360002726316452, -0.04058179631829262, 0.5088120698928833, 0.5283693075180054, -0.01004105620086193, 0.47672227025032043, 0.4539773464202881, -0.0219503715634346, 0.4574046730995178, 0.401752769947052, -0.033869802951812744, 0.4411146640777588, 0.35506850481033325, -0.04229959100484848, 0.49264276027679443, 0.5641947984695435, -0.01416068710386753, 0.4610409736633301, 0.49831536412239075, -0.026672083884477615, 0.4441256821155548, 0.4515729546546936, -0.03583291918039322, 0.4304256737232208, 0.40831923484802246, -0.041426289826631546, 0.482656329870224, 0.6096591949462891, -0.020272118970751762, 0.4537513852119446, 0.5637385845184326, -0.03167888522148132, 0.43839776515960693, 0.5296024680137634, -0.03699668124318123, 0.4253062605857849, 0.4941304326057434, -0.03993560001254082]","[0.48914268612861633, 0.8877061009407043, -1.857478508782151e-07, 0.4881475865840912, 0.8180002570152283, 0.000969108019489795, 0.5064396262168884, 0.7463895678520203, -0.0026711083482950926, 0.5339073538780212, 0.699118971824646, -0.006297647021710873, 0.5568202137947083, 0.6800939440727234, -0.009445135481655598, 0.5267478823661804, 0.7438194155693054, -0.01917998678982258, 0.5538170337677002, 0.6562666296958923, -0.030374236404895782, 0.5530375838279724, 0.6580266952514648, -0.03395354375243187, 0.5486788749694824, 0.6797453165054321, -0.033577773720026016, 0.5424233675003052, 0.7544825077056885, -0.02271706983447075, 0.5638633370399475, 0.6580330729484558, -0.031178157776594162, 0.5599969029426575, 0.6654192209243774, -0.030430609360337257, 0.553488552570343, 0.6959855556488037, -0.027689896523952484, 0.5559799671173096, 0.7699432969093323, -0.0251131821423769, 0.5730780959129333, 0.6816023588180542, -0.029257342219352722, 0.5666418075561523, 0.6872428059577942, -0.02307013049721718, 0.5597187280654907, 0.7116464376449585, -0.01769215613603592, 0.566704273223877, 0.785574734210968, -0.026934219524264336, 0.5786352753639221, 0.7139023542404175, -0.02746625430881977, 0.5708075761795044, 0.7158188223838806, -0.020201707258820534, 0.5651317238807678, 0.73412024974823, -0.013570979237556458]"
"[0.565497636795044, 0.7072105407714844, 3.6801321812163224e-07, 0.5932984948158264, 0.6394792199134827, -0.024584820494055748, 0.5958432555198669, 0.5658354759216309, -0.03635326027870178, 0.5948746204376221, 0.49828168749809265, -0.04605216160416603, 0.6098571419715881, 0.4442965090274811, -0.05563871189951897, 0.525132954120636, 0.5114125609397888, -0.017672596499323845, 0.49607473611831665, 0.44832342863082886, -0.030393240973353386, 0.47607821226119995, 0.41030675172805786, -0.04152937978506088, 0.45863503217697144, 0.3770639896392822, -0.05010763555765152, 0.5014964938163757, 0.5371481776237488, -0.015494533814489841, 0.46876099705696106, 0.466280460357666, -0.02789733000099659, 0.44785845279693604, 0.4160310626029968, -0.03892776370048523, 0.43043434619903564, 0.3707253336906433, -0.046537499874830246, 0.48592567443847656, 0.5744879245758057, -0.01631072163581848, 0.45394402742385864, 0.51032555103302, -0.029346035793423653, 0.43702688813209534, 0.46625661849975586, -0.03855104744434357, 0.4235683083534241, 0.4253121614456177, -0.04385163262486458, 0.4763775169849396, 0.6202053427696228, -0.019467255100607872, 0.44716474413871765, 0.5753011107444763, -0.031441859900951385, 0.43162018060684204, 0.543350338935852, -0.03726258501410484, 0.41875407099723816, 0.5087617039680481, -0.04037749022245407]",[]
"[0.5671588182449341, 0.7121954560279846, 3.2228800250777567e-07, 0.5932974219322205, 0.6378217339515686, -0.02081802673637867, 0.5936093330383301, 0.5631675124168396, -0.030427459627389908, 0.5918477773666382, 0.4958893060684204, -0.03895248845219612, 0.6055882573127747, 0.44274207949638367, -0.047712504863739014, 0.5228704214096069, 0.5180962085723877, -0.013651181943714619, 0.4924370050430298, 0.45552366971969604, -0.026555143296718597, 0.47178488969802856, 0.41708266735076904, -0.03783052787184715, 0.4534893035888672, 0.38260847330093384, -0.04645828530192375, 0.5002509951591492, 0.5436715483665466, -0.013434810563921928, 0.4663501977920532, 0.47197043895721436, -0.026405759155750275, 0.44419288635253906, 0.4210529625415802, -0.03829514980316162, 0.42551350593566895, 0.3747258186340332, -0.04658124968409538, 0.48569998145103455, 0.5808137655258179, -0.015967534855008125, 0.4532439410686493, 0.5181043148040771, -0.029400933533906937, 0.434426486492157, 0.47236689925193787, -0.03909953311085701, 0.41953784227371216, 0.4296859800815582, -0.04482131078839302, 0.4770379960536957, 0.6268860697746277, -0.020586924627423286, 0.44712772965431213, 0.5832363367080688, -0.03312817960977554, 0.43000921607017517, 0.5514898896217346, -0.039284415543079376, 0.41526317596435547, 0.5178156495094299, -0.042584601789712906]",[]
[],"[0.4820232391357422, 0.8759015798568726, -2.4422652344924245e-08, 0.5310050249099731, 0.8633341789245605, -0.003849162720143795, 0.5668507218360901, 0.8073406219482422, -0.009980243630707264, 0.5749845504760742, 0.739535391330719, -0.013913021422922611, 0.5641104578971863, 0.6942737102508545, -0.018294336274266243, 0.571955680847168, 0.7707229256629944, -0.031816743314266205, 0.5950672030448914, 0.6719993352890015, -0.0444088838994503, 0.5937719941139221, 0.6380072236061096, -0.04785419628024101, 0.5923198461532593, 0.6216378211975098, -0.048878349363803864, 0.5443055629730225, 0.7463703751564026, -0.03361990675330162, 0.5629309415817261, 0.6434339284896851, -0.04835278540849686, 0.5578888058662415, 0.6564186215400696, -0.04757107049226761, 0.5547379851341248, 0.6847177743911743, -0.04372662305831909, 0.5177808403968811, 0.7317000031471252, -0.03341033682227135, 0.5360329747200012, 0.6460530757904053, -0.04309583455324173, 0.5346411466598511, 0.6651959419250488, -0.033412761986255646, 0.5324128270149231, 0.6928178071975708, -0.02454231120646, 0.4946416914463043, 0.7250938415527344, -0.03262427821755409, 0.5094012022018433, 0.6645171046257019, -0.03652706369757652, 0.5101888179779053, 0.6829747557640076, -0.02654658630490303, 0.5088086128234863, 0.7088053226470947, -0.017308654263615608]"
"[0.5639324188232422, 0.7195216417312622, 2.32787513709809e-07, 0.5958783626556396, 0.6522051692008972, -0.023395972326397896, 0.6016751527786255, 0.5662649869918823, -0.03301190212368965, 0.5994712710380554, 0.49318286776542664, -0.040740400552749634, 0.6124345064163208, 0.4385552704334259, -0.048344485461711884, 0.530383288860321, 0.5093793869018555, -0.017769036814570427, 0.49969160556793213, 0.44292575120925903, -0.03172019124031067, 0.48007315397262573, 0.4045063555240631, -0.04359695687890053, 0.46284598112106323, 0.3712396025657654, -0.05251843482255936, 0.5049512982368469, 0.5327040553092957, -0.01648186706006527, 0.47133415937423706, 0.45572298765182495, -0.028296951204538345, 0.4511984586715698, 0.40458133816719055, -0.03890791907906532, 0.4341560900211334, 0.3610507845878601, -0.04674310237169266, 0.4900693893432617, 0.5684810876846313, -0.018180212005972862, 0.45746803283691406, 0.5044943690299988, -0.030180662870407104, 0.4399147629737854, 0.4597446918487549, -0.03835557401180267, 0.42538025975227356, 0.4190620183944702, -0.04379962012171745, 0.48233893513679504, 0.6150230169296265, -0.02234845608472824, 0.45257407426834106, 0.5735433101654053, -0.03367109224200249, 0.4360455274581909, 0.5425693988800049, -0.03889450803399086, 0.42160695791244507, 0.5101718902587891, -0.04198629409074783]",[]
[],"[0.48017606139183044, 0.8014864325523376, -3.1728035310152336e-08, 0.5251950025558472, 0.7810375690460205, -0.007147497497498989, 0.5620560646057129, 0.705745279788971, -0.01618329808115959, 0.5742944478988647, 0.6196172833442688, -0.022745665162801743, 0.5574532151222229, 0.5650772452354431, -0.03004186972975731, 0.5665526986122131, 0.7112912535667419, -0.039306338876485825, 0.5777203440666199, 0.6060676574707031, -0.05598045885562897, 0.5708727836608887, 0.5979504585266113, -0.062248874455690384, 0.564850926399231, 0.6148257851600647, -0.06355826556682587, 0.5350581407546997, 0.698717474937439, -0.041249167174100876, 0.5442428588867188, 0.5757198929786682, -0.05741480737924576, 0.5374565720558167, 0.5846474170684814, -0.05955652892589569, 0.5306462645530701, 0.6242160201072693, -0.058224909007549286, 0.5039465427398682, 0.6848911046981812, -0.04158191755414009, 0.5150562524795532, 0.5738775730133057, -0.05396147072315216, 0.5121801495552063, 0.5883270502090454, -0.04921440780162811, 0.5070229768753052, 0.6285844445228577, -0.043149664998054504, 0.47563302516937256, 0.6692303419113159, -0.041186004877090454, 0.48494142293930054, 0.5827347040176392, -0.0500074103474617, 0.4843514859676361, 0.5903295874595642, -0.045496027916669846, 0.48082372546195984, 0.617021918296814, -0.03979939594864845]"
"[0.5653581023216248, 0.6985185146331787, 2.4590275415903307e-07, 0.5945996046066284, 0.6347019672393799, -0.02108835242688656, 0.5976503491401672, 0.5566497445106506, -0.03156470134854317, 0.5991168022155762, 0.4857103228569031, -0.040703415870666504, 0.6155980229377747, 0.4333254098892212, -0.05005442723631859, 0.5335670709609985, 0.5018393993377686, -0.01779443770647049, 0.5047405958175659, 0.4343954622745514, -0.032540034502744675, 0.4842497408390045, 0.3943672478199005, -0.044066835194826126, 0.4664650857448578, 0.3600459396839142, -0.05275587737560272, 0.5081197023391724, 0.524851381778717, -0.017820142209529877, 0.47579461336135864, 0.4498502314090729, -0.032670360058546066, 0.45493966341018677, 0.39660558104515076, -0.04482690244913101, 0.4376145005226135, 0.349580317735672, -0.053164079785346985, 0.49198630452156067, 0.5608019232749939, -0.020328814163804054, 0.46159058809280396, 0.49470964074134827, -0.03497150540351868, 0.44395703077316284, 0.44592511653900146, -0.04443246126174927, 0.42996108531951904, 0.4020195007324219, -0.050174809992313385, 0.48401689529418945, 0.6049649119377136, -0.0247893575578928, 0.45537322759628296, 0.5647047758102417, -0.038644589483737946, 0.43933138251304626, 0.5305472612380981, -0.045343607664108276, 0.42575860023498535, 0.49453204870224, -0.049029696732759476]",[]
"[0.5661740303039551, 0.7044916152954102, 2.3034121454656997e-07, 0.594386100769043, 0.6385946273803711, -0.020357050001621246, 0.5965794324874878, 0.5544384121894836, -0.029144950211048126, 0.5962774753570557, 0.4832167625427246, -0.03633657470345497, 0.6130182147026062, 0.43184757232666016, -0.043513793498277664, 0.5305271744728088, 0.5005667805671692, -0.016898510977625847, 0.5014312267303467, 0.43444007635116577, -0.02994764968752861, 0.4810202419757843, 0.39372891187667847, -0.0407307967543602, 0.4635413885116577, 0.3594703674316406, -0.04932548105716705, 0.5050641298294067, 0.5225115418434143, -0.01693863607943058, 0.4731423556804657, 0.44983088970184326, -0.03049871325492859, 0.45217281579971313, 0.39756208658218384, -0.04259490221738815, 0.43455204367637634, 0.3528060019016266, -0.051237981766462326, 0.4891994297504425, 0.556812584400177, -0.01922343485057354, 0.4586189389228821, 0.4933593273162842, -0.03241664916276932, 0.44117864966392517, 0.4474033713340759, -0.04206719249486923, 0.4263083040714264, 0.4050476551055908, -0.04834871366620064, 0.4807892143726349, 0.6016062498092651, -0.023488707840442657, 0.452485591173172, 0.5612902641296387, -0.03628265857696533, 0.4364408552646637, 0.5289899110794067, -0.043042056262493134, 0.4216920733451843, 0.4952182173728943, -0.046986550092697144]",[]
[],"[0.46739283204078674, 0.8080946207046509, -8.98026755180581e-08, 0.5196710824966431, 0.7816292643547058, -0.0051295701414346695, 0.5614273548126221, 0.7042907476425171, -0.010790289379656315, 0.5800471901893616, 0.6159664392471313, -0.01359894685447216, 0.5805429220199585, 0.5546165704727173, -0.015581215731799603, 0.548087477684021, 0.6974058747291565, -0.03958984091877937, 0.5583634972572327, 0.5816575884819031, -0.05222724750638008, 0.5557917356491089, 0.6018604636192322, -0.05321572721004486, 0.5530779957771301, 0.6363901495933533, -0.05071517080068588, 0.5128031373023987, 0.6811501383781433, -0.039364043623209, 0.5301443934440613, 0.5675116181373596, -0.04856295511126518, 0.5292880535125732, 0.5940787196159363, -0.04421025514602661, 0.5245984196662903, 0.6329658031463623, -0.04043227806687355, 0.4823654592037201, 0.6679702997207642, -0.03732246160507202, 0.503902792930603, 0.5623010396957397, -0.04290589690208435, 0.5061495304107666, 0.5918950438499451, -0.03388959541916847, 0.5023747682571411, 0.6310483813285828, -0.027665024623274803, 0.4576823115348816, 0.6584851741790771, -0.03484728932380676, 0.48198896646499634, 0.5908026695251465, -0.03989853337407112, 0.48840248584747314, 0.6122205257415771, -0.034829672425985336, 0.4884365499019623, 0.6385703682899475, -0.03026164509356022]"
[],"[0.4651075303554535, 0.825501561164856, -7.61557927830836e-10, 0.5135310292243958, 0.8024206161499023, 0.0019558712374418974, 0.5451909899711609, 0.7277477979660034, -0.0010304253082722425, 0.5502945184707642, 0.645097017288208, -0.0025307107716798782, 0.5413001179695129, 0.5964300632476807, -0.004899981897324324, 0.5440335869789124, 0.7030044794082642, -0.03180886432528496, 0.5527783632278442, 0.5996609926223755, -0.04097102954983711, 0.5521593689918518, 0.5803988575935364, -0.04095510393381119, 0.5513818860054016, 0.5830907225608826, -0.039788901805877686, 0.5105495452880859, 0.689601480960846, -0.03588816896080971, 0.5233899354934692, 0.5789834856987, -0.047716304659843445, 0.5263920426368713, 0.5779424905776978, -0.045569829642772675, 0.5268852710723877, 0.5985891819000244, -0.04225057363510132, 0.4799797534942627, 0.6819320917129517, -0.03750002384185791, 0.4979484975337982, 0.5772956013679504, -0.04646454378962517, 0.5036693215370178, 0.573708713054657, -0.041365109384059906, 0.5042595267295837, 0.5879722237586975, -0.03659911826252937, 0.45471373200416565, 0.6810263395309448, -0.03758874535560608, 0.47228506207466125, 0.6097471714019775, -0.044023580849170685, 0.4789608120918274, 0.6061481833457947, -0.040481798350811005, 0.48041537404060364, 0.6140459775924683, -0.03644634038209915]"
"[0.573255717754364, 0.6837031245231628, 2.8220259196132247e-07, 0.5996801257133484, 0.6224668622016907, -0.025541281327605247, 0.6024346947669983, 0.545930802822113, -0.037688061594963074, 0.6017590165138245, 0.47710976004600525, -0.047376878559589386, 0.6172332167625427, 0.42327308654785156, -0.05680914968252182, 0.5348106622695923, 0.4887562096118927, -0.02195742353796959, 0.505734920501709, 0.42159342765808105, -0.037293482571840286, 0.48704519867897034, 0.3816636800765991, -0.049220193177461624, 0.47089511156082153, 0.3472069799900055, -0.058052908629179, 0.5108686089515686, 0.5114157795906067, -0.019839592278003693, 0.47859999537467957, 0.4352570176124573, -0.034742455929517746, 0.4590429961681366, 0.3827715218067169, -0.04655863344669342, 0.4432634711265564, 0.3358534574508667, -0.05476291477680206, 0.49499350786209106, 0.5459175705909729, -0.02066890150308609, 0.46433576941490173, 0.4778338372707367, -0.03539703041315079, 0.4481217861175537, 0.430047869682312, -0.04511374980211258, 0.43587425351142883, 0.3867148756980896, -0.05099446699023247, 0.4853338301181793, 0.5901824831962585, -0.02386404760181904, 0.45686429738998413, 0.5459644794464111, -0.03730138763785362, 0.44116994738578796, 0.5123827457427979, -0.044181372970342636, 0.42774608731269836, 0.4766479432582855, -0.0481373555958271]","[0.4590190649032593, 0.8481042981147766, 5.516502099567333e-08, 0.5029221177101135, 0.8215434551239014, -0.0008846871205605567, 0.5268692970275879, 0.7553775310516357, -0.005572187248617411, 0.5251973271369934, 0.6852725148200989, -0.00874412152916193, 0.5115324258804321, 0.6418916583061218, -0.011675647459924221, 0.5287131667137146, 0.7339109182357788, -0.02731494978070259, 0.5390962362289429, 0.6266931891441345, -0.03518131002783775, 0.5402371287345886, 0.6214274168014526, -0.03407466411590576, 0.5383129119873047, 0.6404973268508911, -0.030689112842082977, 0.4993184804916382, 0.7152360081672668, -0.02898140624165535, 0.5110697150230408, 0.6021906137466431, -0.03594592213630676, 0.517634928226471, 0.6040796637535095, -0.03314729407429695, 0.5179558396339417, 0.6290677189826965, -0.02971923165023327, 0.4714415967464447, 0.7027657628059387, -0.028735578060150146, 0.48484140634536743, 0.5952833294868469, -0.03271561488509178, 0.4962354600429535, 0.6034336090087891, -0.02783503197133541, 0.49992701411247253, 0.6289011240005493, -0.023829039186239243, 0.4484264850616455, 0.6982299089431763, -0.027568409219384193, 0.4651188254356384, 0.6259658932685852, -0.031099945306777954, 0.47835731506347656, 0.6312570571899414, -0.02698216773569584, 0.4847582280635834, 0.6491886377334595, -0.022644642740488052]"
"[0.5834453701972961, 0.6808039546012878, 3.0336178724610363e-07, 0.6049416065216064, 0.6177379488945007, -0.025662871077656746, 0.6049649715423584, 0.5382339358329773, -0.037119992077350616, 0.6054058074951172, 0.4685610234737396, -0.046372488141059875, 0.6209864616394043, 0.415515661239624, -0.05511433631181717, 0.5359891057014465, 0.4807334542274475, -0.01820477284491062, 0.5081371068954468, 0.41348981857299805, -0.03265564888715744, 0.49006327986717224, 0.3723892569541931, -0.04496288299560547, 0.4744783639907837, 0.3351069688796997, -0.054406650364398956, 0.5132282376289368, 0.502769410610199, -0.016134675592184067, 0.4805496633052826, 0.42844390869140625, -0.0305752195417881, 0.46139729022979736, 0.3767795264720917, -0.04306896775960922, 0.446071058511734, 0.3296399712562561, -0.05173947289586067, 0.4987870454788208, 0.5380496382713318, -0.01720157079398632, 0.46744808554649353, 0.47283223271369934, -0.03192621469497681, 0.45129844546318054, 0.42498230934143066, -0.04200010746717453, 0.43867015838623047, 0.3799583315849304, -0.04814701899886131, 0.4904502332210541, 0.5836309194564819, -0.02081892266869545, 0.4621011018753052, 0.5398313403129578, -0.034198515117168427, 0.44651156663894653, 0.5068509578704834, -0.040961042046546936, 0.433245450258255, 0.4704020023345947, -0.04489627107977867]","[0.4541667401790619, 0.8681675791740417, -4.8641101813018395e-08, 0.49980428814888, 0.84161376953125, -0.002839370397850871, 0.5250004529953003, 0.7707414031028748, -0.006950563285499811, 0.5201889276504517, 0.7001736760139465, -0.009027006104588509, 0.5030032992362976, 0.6620803475379944, -0.010014460422098637, 0.5229300856590271, 0.7472261786460876, -0.026279903948307037, 0.533722996711731, 0.6429577469825745, -0.03395036980509758, 0.5302047729492188, 0.6551441550254822, -0.03329814597964287, 0.5271387696266174, 0.6853747963905334, -0.03030434064567089, 0.49289682507514954, 0.7289948463439941, -0.026547666639089584, 0.5067058205604553, 0.619759202003479, -0.03202836960554123, 0.5093850493431091, 0.6317334175109863, -0.02832004800438881, 0.5084435343742371, 0.6635900735855103, -0.024524826556444168, 0.46548646688461304, 0.7171407341957092, -0.025332828983664513, 0.4809207320213318, 0.6155908703804016, -0.027890589088201523, 0.4893049895763397, 0.6286630034446716, -0.022544145584106445, 0.49117642641067505, 0.6568540334701538, -0.01858639530837536, 0.4442448318004608, 0.7115752696990967, -0.023519007489085197, 0.4631692171096802, 0.6416447758674622, -0.025151584297418594, 0.47428300976753235, 0.6509509682655334, -0.02035924792289734, 0.47798600792884827, 0.671637237071991, -0.01612512581050396]"
"[0.5816674828529358, 0.6794267892837524, 3.0044475352042355e-07, 0.6029160022735596, 0.6205307841300964, -0.02627156302332878, 0.6031430959701538, 0.5419212579727173, -0.03897739574313164, 0.6020509600639343, 0.4714016914367676, -0.04912562295794487, 0.6188492178916931, 0.4196945130825043, -0.05885206162929535, 0.5364391207695007, 0.48350265622138977, -0.02316661924123764, 0.5074233412742615, 0.4146833121776581, -0.03873511403799057, 0.4895666241645813, 0.3735973834991455, -0.05118099972605705, 0.47413212060928345, 0.33620887994766235, -0.06066508591175079, 0.5130903720855713, 0.5042470097541809, -0.021289391443133354, 0.4805796146392822, 0.42698565125465393, -0.03713740035891533, 0.46091604232788086, 0.3747924566268921, -0.04996378719806671, 0.4449778199195862, 0.3274591565132141, -0.05888399854302406, 0.4979420304298401, 0.5388681888580322, -0.022207478061318398, 0.4656851291656494, 0.4710830748081207, -0.037662431597709656, 0.4485849142074585, 0.42302459478378296, -0.04786742851138115, 0.43535083532333374, 0.37817129492759705, -0.054222047328948975, 0.48832768201828003, 0.5851135849952698, -0.025564515963196754, 0.45926472544670105, 0.5386928915977478, -0.03927147015929222, 0.44365864992141724, 0.5057786703109741, -0.045865729451179504, 0.43020159006118774, 0.4701806604862213, -0.049834005534648895]",[]
"[0.5757101774215698, 0.6813271045684814, 3.419769143420126e-07, 0.5976788997650146, 0.62143474817276, -0.02748456411063671, 0.59773850440979, 0.5460546612739563, -0.04113222658634186, 0.5953378081321716, 0.4766377806663513, -0.05185849592089653, 0.6123063564300537, 0.42256712913513184, -0.062040578573942184, 0.5304433107376099, 0.48878639936447144, -0.023682082071900368, 0.5016220808029175, 0.42117995023727417, -0.038856636732816696, 0.48326796293258667, 0.3804442882537842, -0.05123310908675194, 0.4670937657356262, 0.3440067172050476, -0.06065579876303673, 0.5061346888542175, 0.5113723278045654, -0.020739706233143806, 0.4744848608970642, 0.4352065622806549, -0.035991743206977844, 0.4550895094871521, 0.383554071187973, -0.04855944588780403, 0.4395434856414795, 0.3377583622932434, -0.05723899230360985, 0.49051788449287415, 0.5472373962402344, -0.020614882931113243, 0.45999205112457275, 0.4795994758605957, -0.035382188856601715, 0.44379445910453796, 0.432289719581604, -0.045287586748600006, 0.43172866106033325, 0.3894670903682709, -0.05130758881568909, 0.481215238571167, 0.5937669277191162, -0.022983331233263016, 0.4531862735748291, 0.5469921231269836, -0.03590505197644234, 0.43769964575767517, 0.5147846341133118, -0.04205029085278511, 0.4244226813316345, 0.48079171776771545, -0.04556731507182121]",[]
"[0.5595144629478455, 0.6943843960762024, 2.2996719906132057e-07, 0.5884566307067871, 0.6301695108413696, -0.02201364003121853, 0.5911182165145874, 0.5476112961769104, -0.03151920810341835, 0.5892544984817505, 0.4766528308391571, -0.03928481414914131, 0.6050026416778564, 0.42452776432037354, -0.046899739652872086, 0.5224543213844299, 0.4900307357311249, -0.017461298033595085, 0.49350985884666443, 0.4217747747898102, -0.03097456693649292, 0.47493308782577515, 0.38069501519203186, -0.04214755818247795, 0.4585716128349304, 0.34547632932662964, -0.050688233226537704, 0.4992254376411438, 0.5130149126052856, -0.01676027663052082, 0.467598557472229, 0.4375423789024353, -0.030073249712586403, 0.44816339015960693, 0.38623207807540894, -0.04135720804333687, 0.43189316987991333, 0.34119319915771484, -0.04925151541829109, 0.4844020903110504, 0.5482391715049744, -0.01865771785378456, 0.4541228711605072, 0.4820365309715271, -0.03174682706594467, 0.4374788701534271, 0.43653786182403564, -0.040249042212963104, 0.4239422082901001, 0.39435869455337524, -0.04554009437561035, 0.47593042254447937, 0.5940552949905396, -0.02280852012336254, 0.44767045974731445, 0.5503173470497131, -0.03503357246518135, 0.43140560388565063, 0.5186600089073181, -0.04061219468712807, 0.416897714138031, 0.48525920510292053, -0.04370032623410225]",[]
"[0.5520184636116028, 0.6899551153182983, 3.1536978895019274e-07, 0.5817627310752869, 0.6265857219696045, -0.023969639092683792, 0.5840893983840942, 0.5486104488372803, -0.03459847345948219, 0.5814664363861084, 0.4789668023586273, -0.04302886128425598, 0.5958693027496338, 0.4254360795021057, -0.051321450620889664, 0.5136061906814575, 0.49445927143096924, -0.019364850595593452, 0.4852830171585083, 0.42980852723121643, -0.03257140889763832, 0.4667789041996002, 0.3894401788711548, -0.043229714035987854, 0.4511420428752899, 0.35447242856025696, -0.05135045200586319, 0.48971620202064514, 0.5196384787559509, -0.01737564243376255, 0.4584370255470276, 0.44577446579933167, -0.03087889403104782, 0.4388388395309448, 0.39452433586120605, -0.041825614869594574, 0.4229443669319153, 0.3493369221687317, -0.04927100986242294, 0.47487539052963257, 0.5558689832687378, -0.0181149672716856, 0.44445204734802246, 0.4907590448856354, -0.031716182827949524, 0.42845022678375244, 0.4451819658279419, -0.040723767131567, 0.41610705852508545, 0.4033263027667999, -0.046017155051231384, 0.466501384973526, 0.6006337404251099, -0.021142952144145966, 0.4386604428291321, 0.5570025444030762, -0.033695969730615616, 0.42378705739974976, 0.5244454741477966, -0.04017554223537445, 0.411130428314209, 0.48954349756240845, -0.04378616064786911]","[0.46638479828834534, 0.8857989311218262, -9.916444554392001e-08, 0.5118916034698486, 0.8605527877807617, 0.0010732760420069098, 0.5393511652946472, 0.8038890361785889, -0.003475005505606532, 0.5429943799972534, 0.7391725182533264, -0.007775611709803343, 0.5279661417007446, 0.6968421339988708, -0.011835447512567043, 0.5389909744262695, 0.7751754522323608, -0.020250169560313225, 0.557586133480072, 0.6773799657821655, -0.032816387712955475, 0.5499832630157471, 0.6784811615943909, -0.03728746250271797, 0.5396308302879333, 0.7079200744628906, -0.037009347230196, 0.5131275057792664, 0.7510931491851807, -0.0234800036996603, 0.528693675994873, 0.6417057514190674, -0.033463217318058014, 0.5259132981300354, 0.6532389521598816, -0.033438172191381454, 0.519537627696991, 0.6922532916069031, -0.031145380809903145, 0.4881298542022705, 0.7327104806900024, -0.025517022237181664, 0.50638347864151, 0.6349055171012878, -0.031645625829696655, 0.5085929036140442, 0.6504888534545898, -0.02725278027355671, 0.5042513012886047, 0.6860899329185486, -0.022877145558595657, 0.4682588577270508, 0.7212627530097961, -0.02663547731935978, 0.4800390303134918, 0.6514592170715332, -0.03063567355275154, 0.48243460059165955, 0.6635147929191589, -0.026010552421212196, 0.4800502359867096, 0.6901273727416992, -0.02089237980544567]"
[],"[0.47517669200897217, 0.7132192254066467, 7.31472766801744e-08, 0.5332802534103394, 0.6883231401443481, -0.008372579701244831, 0.5711441040039062, 0.6068649291992188, -0.01681709848344326, 0.5935130715370178, 0.510237991809845, -0.022627007216215134, 0.6110201478004456, 0.43797871470451355, -0.029163237661123276, 0.564510703086853, 0.6317089796066284, -0.03140183538198471, 0.591456949710846, 0.5521124005317688, -0.04637135937809944, 0.5985831618309021, 0.5181745290756226, -0.05162516236305237, 0.5967933535575867, 0.4963088929653168, -0.053376179188489914, 0.5385311841964722, 0.6165664196014404, -0.03234090283513069, 0.5709102749824524, 0.5130614042282104, -0.050941351801157, 0.5718444585800171, 0.5191824436187744, -0.0548592247068882, 0.5608918070793152, 0.5492426156997681, -0.05386655032634735, 0.513127863407135, 0.6017099618911743, -0.031985003501176834, 0.5409619212150574, 0.5058466792106628, -0.046038102358579636, 0.5441235899925232, 0.5172527432441711, -0.04096975177526474, 0.5366264581680298, 0.5468072295188904, -0.03395193815231323, 0.4906095564365387, 0.5848585963249207, -0.03092879056930542, 0.5074242353439331, 0.5010331869125366, -0.04046892374753952, 0.511224627494812, 0.4971100986003876, -0.03723971173167229, 0.5097598433494568, 0.5085915923118591, -0.03230433166027069]"
"[0.5499656200408936, 0.6877189874649048, 3.483956163563562e-07, 0.5795662999153137, 0.6235960721969604, -0.024829665198922157, 0.5812508463859558, 0.5493773818016052, -0.036486078053712845, 0.5785465240478516, 0.48084890842437744, -0.04595392197370529, 0.5937399864196777, 0.4268728494644165, -0.055412907153367996, 0.511323869228363, 0.4979739487171173, -0.020490674301981926, 0.4818614721298218, 0.43358314037323, -0.03427198901772499, 0.4619637131690979, 0.39315134286880493, -0.04494655132293701, 0.4454071819782257, 0.35915297269821167, -0.05289647355675697, 0.48765480518341064, 0.5242846012115479, -0.018027422949671745, 0.4549753963947296, 0.45159515738487244, -0.03200944513082504, 0.43416541814804077, 0.4008403718471527, -0.04295499622821808, 0.4174346923828125, 0.3563057780265808, -0.05018245801329613, 0.472950279712677, 0.5607025027275085, -0.018392885103821754, 0.4415605664253235, 0.4956815242767334, -0.03265140578150749, 0.42413511872291565, 0.45104649662971497, -0.04226887226104736, 0.4107453227043152, 0.41046905517578125, -0.04763844981789589, 0.46482276916503906, 0.6046223044395447, -0.021011095494031906, 0.4367823302745819, 0.5611768364906311, -0.034205153584480286, 0.42089879512786865, 0.5291336178779602, -0.041461918503046036, 0.40753743052482605, 0.4955970346927643, -0.04539038985967636]","[0.4761996567249298, 0.8864287734031677, -6.025786802865696e-08, 0.5272664427757263, 0.8656618595123291, -0.0035397266037762165, 0.5574476718902588, 0.8062176704406738, -0.008762426674365997, 0.5592329502105713, 0.738068699836731, -0.011893186718225479, 0.5423022508621216, 0.6991262435913086, -0.013694334775209427, 0.5538018345832825, 0.7701751589775085, -0.029878562316298485, 0.5717672109603882, 0.668576180934906, -0.041427675634622574, 0.5716592669487, 0.6865667104721069, -0.04271303117275238, 0.5659347176551819, 0.7199538946151733, -0.040347155183553696, 0.5240793228149414, 0.746422290802002, -0.03095632791519165, 0.5443097949028015, 0.6359249353408813, -0.04051285982131958, 0.5489817261695862, 0.6531635522842407, -0.037825025618076324, 0.5449638962745667, 0.6894158720970154, -0.03359859064221382, 0.4970390200614929, 0.731586754322052, -0.030584493651986122, 0.5193898677825928, 0.6402485370635986, -0.03525729477405548, 0.5283737778663635, 0.6580495238304138, -0.02909557707607746, 0.5270456075668335, 0.6884275078773499, -0.023982567712664604, 0.4762662649154663, 0.7239425778388977, -0.02978687174618244, 0.5006539225578308, 0.666193962097168, -0.031189417466521263, 0.5097636580467224, 0.6808167695999146, -0.025221699848771095, 0.509575366973877, 0.7039092779159546, -0.019995568320155144]"
[],"[0.4868924617767334, 0.8574745059013367, -1.2435414475930884e-07, 0.5440363883972168, 0.8222786784172058, -0.007735729683190584, 0.5752080678939819, 0.7268179655075073, -0.013982206583023071, 0.5800260305404663, 0.6214125752449036, -0.01615036278963089, 0.5885453820228577, 0.553433358669281, -0.01662404090166092, 0.5618332624435425, 0.7163176536560059, -0.04233361780643463, 0.5699014663696289, 0.5990521311759949, -0.05034664273262024, 0.5625450015068054, 0.6015801429748535, -0.04378801956772804, 0.5536324381828308, 0.6177278757095337, -0.03768419846892357, 0.5263662934303284, 0.7093572020530701, -0.04051431640982628, 0.5384668111801147, 0.5895274877548218, -0.05007937178015709, 0.5351311564445496, 0.5955360531806946, -0.04376380145549774, 0.5277714133262634, 0.6170112490653992, -0.038294434547424316, 0.49637478590011597, 0.7084715366363525, -0.036693159490823746, 0.5118241906166077, 0.604408860206604, -0.043140556663274765, 0.509278416633606, 0.6049414873123169, -0.036002520471811295, 0.49799755215644836, 0.616145133972168, -0.03138483315706253, 0.4731614291667938, 0.7159220576286316, -0.032067157328128815, 0.49392446875572205, 0.6420848965644836, -0.03665154427289963, 0.49767160415649414, 0.641193151473999, -0.03269625082612038, 0.49078428745269775, 0.6467640399932861, -0.02965109795331955]"
"[0.5532588362693787, 0.6996708512306213, 2.815136781464389e-07, 0.5866031050682068, 0.6257593035697937, -0.017898958176374435, 0.5896332263946533, 0.5451816320419312, -0.024958865717053413, 0.5885285139083862, 0.47544965147972107, -0.03131859004497528, 0.6027837991714478, 0.4221133589744568, -0.03776681050658226, 0.5212171673774719, 0.48985016345977783, -0.008890108205378056, 0.49222612380981445, 0.42163562774658203, -0.019250473007559776, 0.4732784330844879, 0.38182321190834045, -0.02862265333533287, 0.45673108100891113, 0.34806638956069946, -0.03605116903781891, 0.49756699800491333, 0.5146861672401428, -0.009492307901382446, 0.4660308361053467, 0.43898409605026245, -0.020605485886335373, 0.44639766216278076, 0.38787007331848145, -0.03186695650219917, 0.4296979308128357, 0.34398913383483887, -0.03966869041323662, 0.48239007592201233, 0.5516059994697571, -0.012589016929268837, 0.4518817365169525, 0.48529109358787537, -0.024441009387373924, 0.4350723922252655, 0.44022291898727417, -0.03326728567481041, 0.4212146997451782, 0.39937493205070496, -0.03849972411990166, 0.47343695163726807, 0.5974574685096741, -0.017552290111780167, 0.4449632465839386, 0.5516660213470459, -0.028704673051834106, 0.4300074279308319, 0.5187720060348511, -0.03398919478058815, 0.4171665608882904, 0.4840813875198364, -0.03677530959248543]",[]
"[0.5629741549491882, 0.6895613670349121, 3.331484776936122e-07, 0.591617226600647, 0.6268129944801331, -0.024810340255498886, 0.5950859785079956, 0.5476089119911194, -0.03585512936115265, 0.5945536494255066, 0.477285236120224, -0.044807370752096176, 0.6115596294403076, 0.4243042767047882, -0.053494907915592194, 0.5275012254714966, 0.4915187358856201, -0.01778934709727764, 0.49921131134033203, 0.4235747456550598, -0.03160838037729263, 0.4802646040916443, 0.3822679817676544, -0.04269276186823845, 0.46413910388946533, 0.3459473252296448, -0.05118654668331146, 0.5024231672286987, 0.5146627426147461, -0.015708062797784805, 0.4710201025009155, 0.43850380182266235, -0.030270377174019814, 0.45166364312171936, 0.38544827699661255, -0.04268305376172066, 0.4362470209598541, 0.33836448192596436, -0.0510137602686882, 0.4861606955528259, 0.5499432682991028, -0.016578052192926407, 0.4558719992637634, 0.4821193218231201, -0.03130720928311348, 0.440623015165329, 0.43396660685539246, -0.0416334867477417, 0.4290447533130646, 0.390112042427063, -0.04755735769867897, 0.4767626225948334, 0.5935578346252441, -0.01972806267440319, 0.4495329260826111, 0.548003613948822, -0.033073779195547104, 0.4342270493507385, 0.5136168003082275, -0.04031854495406151, 0.42084580659866333, 0.476605087518692, -0.044336069375276566]","[0.4806078374385834, 0.7834530472755432, 9.539853351725469e-08, 0.5208081007003784, 0.7583847641944885, -0.006639378610998392, 0.5464284420013428, 0.6942739486694336, -0.01515770610421896, 0.5509205460548401, 0.6260532140731812, -0.021567728370428085, 0.5326064229011536, 0.5811618566513062, -0.02913922630250454, 0.5495203137397766, 0.684903621673584, -0.03314891830086708, 0.5586981773376465, 0.5878448486328125, -0.04744591936469078, 0.5566641092300415, 0.5574727654457092, -0.05303985998034477, 0.5537248253822327, 0.5493234395980835, -0.054961539804935455, 0.5221291780471802, 0.6714264750480652, -0.03498716652393341, 0.5270698070526123, 0.5609839558601379, -0.0475955493748188, 0.524562656879425, 0.549026370048523, -0.048954322934150696, 0.5222434401512146, 0.5570998787879944, -0.04857204854488373, 0.49406662583351135, 0.6610705852508545, -0.035779207944869995, 0.49863100051879883, 0.5583940744400024, -0.0459551177918911, 0.49839505553245544, 0.5571433305740356, -0.04149802401661873, 0.49775540828704834, 0.5689041614532471, -0.037148367613554, 0.4697760343551636, 0.65327388048172, -0.03612563759088516, 0.4733974039554596, 0.5773820877075195, -0.04379650950431824, 0.47325399518013, 0.575802206993103, -0.03943765535950661, 0.4717756509780884, 0.583629846572876, -0.034733228385448456]"
[],"[0.4747573733329773, 0.752147912979126, 8.86582807169134e-09, 0.5244831442832947, 0.7014859914779663, -0.0014034596970304847, 0.5455127358436584, 0.6159895062446594, -0.004309406969696283, 0.5587992668151855, 0.5358850955963135, -0.007754657883197069, 0.5736162662506104, 0.48206210136413574, -0.013369772583246231, 0.5213698148727417, 0.5592250227928162, -0.01953049935400486, 0.4978681802749634, 0.4565339982509613, -0.03350156173110008, 0.47932347655296326, 0.39680325984954834, -0.042185746133327484, 0.46134400367736816, 0.3522834777832031, -0.04758887737989426, 0.4965039789676666, 0.5654995441436768, -0.025028033182024956, 0.46943333745002747, 0.46049001812934875, -0.03770511597394943, 0.4504384994506836, 0.39367198944091797, -0.04605414718389511, 0.43409425020217896, 0.34457069635391235, -0.05230294167995453, 0.4733356833457947, 0.5859661102294922, -0.029860807582736015, 0.452441930770874, 0.4953209161758423, -0.04158282279968262, 0.436786025762558, 0.4382559657096863, -0.048740968108177185, 0.42201757431030273, 0.3953065872192383, -0.05364811792969704, 0.45603030920028687, 0.6178804636001587, -0.033998746424913406, 0.44308361411094666, 0.5565908551216125, -0.04397979751229286, 0.43076834082603455, 0.5179898738861084, -0.04756511375308037, 0.4187212586402893, 0.4868742823600769, -0.04944252595305443]"
[],"[0.46016818284988403, 0.7507141828536987, 3.330401909806824e-08, 0.5094025731086731, 0.7153655290603638, 0.0018740383675321937, 0.5278614163398743, 0.6504625678062439, -0.0018516582204028964, 0.5336273312568665, 0.5812169313430786, -0.00444066384807229, 0.5309138894081116, 0.5308467745780945, -0.008012734353542328, 0.522163450717926, 0.5944057106971741, -0.03243189677596092, 0.5055697560310364, 0.4716571271419525, -0.04597267135977745, 0.4868362247943878, 0.4062834084033966, -0.04929683357477188, 0.4689052402973175, 0.36307698488235474, -0.04976735636591911, 0.4945574998855591, 0.5893846154212952, -0.037242744117975235, 0.47617119550704956, 0.4600543677806854, -0.05394260212779045, 0.45725753903388977, 0.39255404472351074, -0.058363087475299835, 0.44191214442253113, 0.34648483991622925, -0.058989521116018295, 0.46811163425445557, 0.5946941375732422, -0.03920053690671921, 0.45474979281425476, 0.4852265417575836, -0.0516962856054306, 0.4388730227947235, 0.42755478620529175, -0.05520348995923996, 0.42467573285102844, 0.38850152492523193, -0.05547386407852173, 0.44777604937553406, 0.6104849576950073, -0.039482586085796356, 0.44098034501075745, 0.5426754355430603, -0.04718545451760292, 0.4307507872581482, 0.506625235080719, -0.04733065143227577, 0.4201480746269226, 0.48272204399108887, -0.04532449319958687]"
[],"[0.45808205008506775, 0.7631474137306213, 3.332267084488194e-08, 0.5055167078971863, 0.7244718074798584, 0.0034313632640987635, 0.5203917026519775, 0.6583076119422913, -0.00041874070302583277, 0.5219426155090332, 0.5915481448173523, -0.003891177009791136, 0.516872763633728, 0.5436234474182129, -0.009277601726353168, 0.5208677053451538, 0.6118640303611755, -0.032791122794151306, 0.5067909955978394, 0.48677539825439453, -0.049179140478372574, 0.4903404116630554, 0.416002094745636, -0.05524297058582306, 0.47311827540397644, 0.3670918345451355, -0.057515691965818405, 0.49360814690589905, 0.6053012609481812, -0.03977735713124275, 0.4807041883468628, 0.4755589962005615, -0.05705006793141365, 0.4648957848548889, 0.40344053506851196, -0.06256162375211716, 0.4516483247280121, 0.35380691289901733, -0.06449860334396362, 0.466146856546402, 0.6097257733345032, -0.04427926242351532, 0.45684096217155457, 0.4967529773712158, -0.059309303760528564, 0.4420033395290375, 0.43362677097320557, -0.06547393649816513, 0.42740195989608765, 0.391605406999588, -0.06763336062431335, 0.44392064213752747, 0.6231245398521423, -0.04674028605222702, 0.4403301477432251, 0.5504430532455444, -0.05835966765880585, 0.43225884437561035, 0.5062031745910645, -0.06147205829620361, 0.42288947105407715, 0.4736628234386444, -0.061577897518873215]"
[],"[0.46014025807380676, 0.7779298424720764, -2.1131789651462896e-07, 0.5000854134559631, 0.7507634162902832, 0.0005722949281334877, 0.521158754825592, 0.6910245418548584, -0.004010121338069439, 0.5190390944480896, 0.6255819201469421, -0.00836042407900095, 0.5046770572662354, 0.5855477452278137, -0.011706358753144741, 0.5262241363525391, 0.6534304022789001, -0.024345600977540016, 0.531844973564148, 0.5434538125991821, -0.03629152849316597, 0.5252893567085266, 0.5653253793716431, -0.0381322018802166, 0.5199377536773682, 0.6029040217399597, -0.03667623922228813, 0.4985664188861847, 0.6391021609306335, -0.027819588780403137, 0.5028212666511536, 0.5281026363372803, -0.04250399023294449, 0.49834105372428894, 0.5535838603973389, -0.044316887855529785, 0.49495729804039, 0.5939950346946716, -0.04210259020328522, 0.4714997708797455, 0.6304651498794556, -0.02993440441787243, 0.4750772714614868, 0.5244895815849304, -0.038763727992773056, 0.4717927575111389, 0.5330995917320251, -0.038779184222221375, 0.46766236424446106, 0.5584799647331238, -0.03693992272019386, 0.4484444558620453, 0.628229558467865, -0.03100287914276123, 0.4488656520843506, 0.5515753626823425, -0.0372830331325531, 0.44135725498199463, 0.5152960419654846, -0.04021038860082626, 0.43139609694480896, 0.49112004041671753, -0.04119684547185898]"
"[0.5718162059783936, 0.6932857036590576, 2.153935696469489e-07, 0.5993818044662476, 0.6270445585250854, -0.01870509423315525, 0.6029934287071228, 0.5417507886886597, -0.025846127420663834, 0.604171633720398, 0.469952791929245, -0.03225402161478996, 0.6211470365524292, 0.4200291335582733, -0.03848275542259216, 0.5361828207969666, 0.47962015867233276, -0.00738870445638895, 0.5086145997047424, 0.4087625741958618, -0.018600191920995712, 0.4909878671169281, 0.367976576089859, -0.02958841435611248, 0.4757707118988037, 0.3325938582420349, -0.038272958248853683, 0.5116496086120605, 0.5019564032554626, -0.007895096205174923, 0.4810648560523987, 0.4241082966327667, -0.018695775419473648, 0.4621129631996155, 0.3708466589450836, -0.030511941760778427, 0.4468337297439575, 0.3246355354785919, -0.03924722224473953, 0.4947982430458069, 0.5358406901359558, -0.011325380764901638, 0.46523594856262207, 0.4659954607486725, -0.023173276335000992, 0.4500563144683838, 0.41924458742141724, -0.03295670449733734, 0.4382878541946411, 0.37737637758255005, -0.039309993386268616, 0.4847714900970459, 0.5794159173965454, -0.016812480986118317, 0.4584355056285858, 0.5328928232192993, -0.028331121429800987, 0.44407957792282104, 0.5001525282859802, -0.034397199749946594, 0.4323749542236328, 0.4663635194301605, -0.03794226050376892]","[0.4643154740333557, 0.8030648827552795, 2.498682931673102e-07, 0.506560206413269, 0.7789136171340942, -0.00988312903791666, 0.5261767506599426, 0.7072869539260864, -0.01613612286746502, 0.5236371755599976, 0.6369955539703369, -0.019251886755228043, 0.5070465803146362, 0.5905913710594177, -0.02354135364294052, 0.5277059674263, 0.6752403378486633, -0.03142089769244194, 0.541878342628479, 0.5890522599220276, -0.04150337725877762, 0.5465304851531982, 0.5341759324073792, -0.04632866382598877, 0.5467820763587952, 0.49712812900543213, -0.04897050932049751, 0.49824804067611694, 0.6579990983009338, -0.030506981536746025, 0.49895423650741577, 0.5493196845054626, -0.04000508040189743, 0.4944201707839966, 0.48706382513046265, -0.043766193091869354, 0.4877157509326935, 0.4484478235244751, -0.04631614312529564, 0.47182929515838623, 0.6520324349403381, -0.028583982959389687, 0.4782642424106598, 0.5594674348831177, -0.0383770577609539, 0.4775402247905731, 0.5220429301261902, -0.04189281538128853, 0.47158515453338623, 0.5046715140342712, -0.043478384613990784, 0.4527794122695923, 0.6568043828010559, -0.02646363154053688, 0.47064459323883057, 0.6045858263969421, -0.03580800071358681, 0.47607186436653137, 0.5995937585830688, -0.036920927464962006, 0.4744614362716675, 0.605364203453064, -0.0361408069729805]"
"[0.4681452214717865, 0.7025514841079712, -1.8991876515883632e-07, 0.5031156539916992, 0.6523671746253967, -0.0020436423365026712, 0.5407105684280396, 0.5720429420471191, -0.009729092940688133, 0.5704354643821716, 0.49581629037857056, -0.015612363815307617, 0.5928903818130493, 0.4417864680290222, -0.020435770973563194, 0.5330950021743774, 0.5598738789558411, -0.033252958208322525, 0.5666221976280212, 0.4956550598144531, -0.04768086224794388, 0.5636354684829712, 0.516768217086792, -0.05174729973077774, 0.5518988966941833, 0.5343225598335266, -0.05130438134074211, 0.5276830196380615, 0.5779399275779724, -0.03580142557621002, 0.5612781047821045, 0.5009725689888, -0.04797683283686638, 0.5594325661659241, 0.5138074159622192, -0.04742613807320595, 0.547034740447998, 0.5385656356811523, -0.045654524117708206, 0.5202741026878357, 0.5937217473983765, -0.03658471256494522, 0.5479952096939087, 0.5101098418235779, -0.04374019801616669, 0.5497464537620544, 0.5100153088569641, -0.037358358502388, 0.5399108529090881, 0.5275243520736694, -0.031883604824543, 0.5122844576835632, 0.6042615175247192, -0.03644658252596855, 0.5329356789588928, 0.5184012055397034, -0.040631003677845, 0.5411620140075684, 0.467063307762146, -0.038387198001146317, 0.5417136549949646, 0.43158262968063354, -0.03599417582154274]",[]
"[0.570936918258667, 0.6856024265289307, 2.394332909716468e-07, 0.6011515259742737, 0.6203099489212036, -0.019492289051413536, 0.6068422794342041, 0.5347225666046143, -0.027014771476387978, 0.6072997450828552, 0.4638223946094513, -0.0335250198841095, 0.6237959861755371, 0.41234561800956726, -0.039779938757419586, 0.5412071347236633, 0.4693739414215088, -0.009165733121335506, 0.5141589641571045, 0.4001505970954895, -0.020836196839809418, 0.4964858591556549, 0.35893023014068604, -0.031769365072250366, 0.4811437726020813, 0.3222309947013855, -0.04021184891462326, 0.5175856351852417, 0.4901718199253082, -0.009331997483968735, 0.4877939522266388, 0.41216281056404114, -0.020553402602672577, 0.4695407450199127, 0.3592327833175659, -0.031569499522447586, 0.45426976680755615, 0.312417209148407, -0.03920784592628479, 0.5014641284942627, 0.5236246585845947, -0.012395322322845459, 0.47263121604919434, 0.4548949897289276, -0.02388087473809719, 0.45773831009864807, 0.40733423829078674, -0.03204347938299179, 0.44542163610458374, 0.36340296268463135, -0.037001509219408035, 0.49103355407714844, 0.5683966279029846, -0.01773895137012005, 0.4644399881362915, 0.5204426646232605, -0.028132617473602295, 0.44974440336227417, 0.4860435426235199, -0.03286365419626236, 0.43647515773773193, 0.44979187846183777, -0.03538062050938606]","[0.472231388092041, 0.8405014276504517, 1.9409435481065884e-07, 0.5172767639160156, 0.8191103935241699, -0.002109561813995242, 0.5373488068580627, 0.7526519298553467, -0.005746183451265097, 0.5338079929351807, 0.687123715877533, -0.007706524804234505, 0.5163360238075256, 0.6461508274078369, -0.00955639686435461, 0.5447975993156433, 0.7183204889297485, -0.022180717438459396, 0.5571488738059998, 0.6257715821266174, -0.02867973782122135, 0.556443452835083, 0.6092221736907959, -0.029386529698967934, 0.5537803769111633, 0.6104745268821716, -0.028097275644540787, 0.5162472724914551, 0.6969693303108215, -0.023410050198435783, 0.5295387506484985, 0.5915849804878235, -0.02781768888235092, 0.5372152328491211, 0.552513599395752, -0.027560653164982796, 0.5416701436042786, 0.529352605342865, -0.027498502284288406, 0.48775774240493774, 0.6863653063774109, -0.02303302474319935, 0.4994750916957855, 0.5914649963378906, -0.02898450940847397, 0.5054419636726379, 0.6032708883285522, -0.026844751089811325, 0.5059142708778381, 0.6287120580673218, -0.02421952411532402, 0.4654885530471802, 0.6866186857223511, -0.021820826455950737, 0.48274245858192444, 0.632070779800415, -0.027306552976369858, 0.4903092682361603, 0.6533982753753662, -0.023486677557229996, 0.4925192594528198, 0.683230996131897, -0.01899157650768757]"
"[0.5731486678123474, 0.6634879112243652, 3.218439132979256e-07, 0.6016050577163696, 0.6068586707115173, -0.027429385110735893, 0.6065706014633179, 0.5300971269607544, -0.04035872220993042, 0.6081648468971252, 0.460383802652359, -0.050510913133621216, 0.6257479190826416, 0.4083525538444519, -0.06043967977166176, 0.5404781103134155, 0.467490553855896, -0.02477225475013256, 0.5141273140907288, 0.3992341160774231, -0.040551409125328064, 0.49701714515686035, 0.35681086778640747, -0.052909668534994125, 0.48172497749328613, 0.3190338611602783, -0.06216687336564064, 0.5161362290382385, 0.4889715611934662, -0.021913398057222366, 0.48696234822273254, 0.41131913661956787, -0.0378449410200119, 0.4693171977996826, 0.3587425947189331, -0.05024974048137665, 0.45487114787101746, 0.3116164803504944, -0.05871737003326416, 0.4998643398284912, 0.5235521793365479, -0.02193249575793743, 0.47229138016700745, 0.45516034960746765, -0.03726402297616005, 0.45783692598342896, 0.4066908359527588, -0.047017987817525864, 0.446479856967926, 0.36205604672431946, -0.05281231924891472, 0.48926249146461487, 0.5680760145187378, -0.024524111300706863, 0.4636620879173279, 0.5199673175811768, -0.037942349910736084, 0.449125736951828, 0.4858492314815521, -0.04467560723423958, 0.43600982427597046, 0.44952183961868286, -0.048569899052381516]",[]
"[0.5658180713653564, 0.6728273630142212, 3.115393099051289e-07, 0.5963699817657471, 0.6134571433067322, -0.02502703107893467, 0.601929783821106, 0.5358495116233826, -0.03676721081137657, 0.6027870774269104, 0.4663957357406616, -0.04632556810975075, 0.6212671995162964, 0.4169321060180664, -0.055905770510435104, 0.5357257723808289, 0.4740505814552307, -0.021268874406814575, 0.5096006393432617, 0.40536755323410034, -0.035659123212099075, 0.4919818937778473, 0.3645155429840088, -0.04710680618882179, 0.4767894744873047, 0.32971709966659546, -0.055892545729875565, 0.5119028091430664, 0.49636226892471313, -0.01960018463432789, 0.482862651348114, 0.41964513063430786, -0.034672755748033524, 0.4644015431404114, 0.3682454824447632, -0.04709024354815483, 0.4493614733219147, 0.3230634927749634, -0.05555462837219238, 0.4960763156414032, 0.5317869782447815, -0.02064383216202259, 0.4681776165962219, 0.4636554419994354, -0.03565271943807602, 0.45241355895996094, 0.41746985912323, -0.045855678617954254, 0.4399891197681427, 0.374528706073761, -0.052026793360710144, 0.48609188199043274, 0.5775831937789917, -0.023966781795024872, 0.45993879437446594, 0.5327176451683044, -0.037661682814359665, 0.445524662733078, 0.5006586909294128, -0.04465886950492859, 0.4326934814453125, 0.4659903943538666, -0.04871686175465584]",[]
"[0.5586578249931335, 0.6833651065826416, 2.831376093581639e-07, 0.5876978039741516, 0.6227710247039795, -0.023076312616467476, 0.5917403101921082, 0.5454700589179993, -0.033722396939992905, 0.5907027125358582, 0.47633686661720276, -0.04245566949248314, 0.6068795323371887, 0.42515915632247925, -0.05126931145787239, 0.5260643362998962, 0.48595234751701355, -0.019929131492972374, 0.49869680404663086, 0.41856226325035095, -0.0343611054122448, 0.4800589382648468, 0.3778145909309387, -0.04592353105545044, 0.4633904695510864, 0.34289270639419556, -0.054711151868104935, 0.5018506646156311, 0.5084772706031799, -0.01897139474749565, 0.4726869463920593, 0.4338478744029999, -0.03347093239426613, 0.45430833101272583, 0.38421985507011414, -0.045331090688705444, 0.43865397572517395, 0.3402901589870453, -0.05345607548952103, 0.48543694615364075, 0.5438034534454346, -0.020606739446520805, 0.4570915400981903, 0.4765627384185791, -0.03520897403359413, 0.441661536693573, 0.4320240318775177, -0.04441525787115097, 0.42913398146629333, 0.3912907838821411, -0.04988624528050423, 0.4747730493545532, 0.5897945165634155, -0.024392882362008095, 0.44841712713241577, 0.5434451103210449, -0.03757750988006592, 0.4344715476036072, 0.5110614895820618, -0.04358470439910889, 0.42238643765449524, 0.4770973324775696, -0.04687207192182541]","[0.486305832862854, 0.8872673511505127, -7.886002961754457e-09, 0.5337488651275635, 0.8647390007972717, -0.0008309759432449937, 0.5624095797538757, 0.8058151006698608, -0.004213319160044193, 0.5700687766075134, 0.7430393099784851, -0.005831695627421141, 0.5619837045669556, 0.7020637392997742, -0.006051821168512106, 0.5576551556587219, 0.7709246277809143, -0.02668270654976368, 0.5753808617591858, 0.6778066158294678, -0.033519744873046875, 0.5816164612770081, 0.6923321485519409, -0.031174229457974434, 0.5778841376304626, 0.7207872867584229, -0.026725860312581062, 0.5295466184616089, 0.7469154000282288, -0.027803851291537285, 0.5499133467674255, 0.6435610055923462, -0.03370383009314537, 0.5607818365097046, 0.6622204184532166, -0.029591508209705353, 0.5579639673233032, 0.6977930665016174, -0.02506422996520996, 0.5042217373847961, 0.7315993309020996, -0.026942946016788483, 0.5266086459159851, 0.6441813707351685, -0.028167976066470146, 0.5410008430480957, 0.6628865003585815, -0.022207893431186676, 0.5414717197418213, 0.6933396458625793, -0.018087467178702354, 0.4851371943950653, 0.7248066663742065, -0.025507852435112, 0.5095916986465454, 0.671725332736969, -0.025426190346479416, 0.5233395099639893, 0.6840671300888062, -0.02025420591235161, 0.5251944065093994, 0.7059260010719299, -0.01586941070854664]"
"[0.5578349232673645, 0.6938067674636841, 2.6367771965851716e-07, 0.5800297856330872, 0.6241808533668518, -0.018488768488168716, 0.5796443223953247, 0.5478810667991638, -0.027400510385632515, 0.5769011378288269, 0.4815691411495209, -0.0356048159301281, 0.5913715958595276, 0.4336540102958679, -0.04410415515303612, 0.5125294327735901, 0.498031884431839, -0.01416449248790741, 0.48385751247406006, 0.43220359086990356, -0.027291588485240936, 0.46503856778144836, 0.3922387361526489, -0.03876710683107376, 0.44817477464675903, 0.3572288155555725, -0.04746925085783005, 0.4896303117275238, 0.5237165093421936, -0.01534570474177599, 0.4586055874824524, 0.45032942295074463, -0.027550499886274338, 0.43821799755096436, 0.40079689025878906, -0.038277074694633484, 0.42087647318840027, 0.35619935393333435, -0.04590985178947449, 0.47471725940704346, 0.5602864623069763, -0.01903010718524456, 0.4445820152759552, 0.4949670732021332, -0.03122672624886036, 0.4271926283836365, 0.44953882694244385, -0.03959912061691284, 0.4134175479412079, 0.4078940153121948, -0.0449245423078537, 0.46546125411987305, 0.6068116426467896, -0.024697942659258842, 0.4377102851867676, 0.5612473487854004, -0.03567388653755188, 0.4220026731491089, 0.5286519527435303, -0.04031030461192131, 0.408893346786499, 0.49538886547088623, -0.04295659065246582]","[0.4892408549785614, 0.8738161325454712, -9.758303498585974e-09, 0.5381787419319153, 0.8563375473022461, 5.708679600502364e-05, 0.5697247982025146, 0.8049480319023132, -0.003163655987009406, 0.578470766544342, 0.7447876930236816, -0.0054428549483418465, 0.5712867379188538, 0.7036000490188599, -0.00641745375469327, 0.5628998279571533, 0.7655981779098511, -0.018649190664291382, 0.5867916941642761, 0.6829731464385986, -0.027773618698120117, 0.5884340405464172, 0.7004594206809998, -0.029962463304400444, 0.5820382237434387, 0.730582058429718, -0.028263656422495842, 0.5365802645683289, 0.737581729888916, -0.020461658015847206, 0.5610209107398987, 0.6431078314781189, -0.026138072833418846, 0.5671794414520264, 0.6638678908348083, -0.02429811842739582, 0.5620260834693909, 0.6988884806632996, -0.021035201847553253, 0.5131438374519348, 0.7203202843666077, -0.020891189575195312, 0.5371832847595215, 0.6434074640274048, -0.02270645461976528, 0.5475457906723022, 0.6653056144714355, -0.016873782500624657, 0.5463162660598755, 0.6943680644035339, -0.01217368058860302, 0.4963862895965576, 0.7125353217124939, -0.02070690132677555, 0.520264744758606, 0.6598101854324341, -0.020017627626657486, 0.5296803116798401, 0.676242470741272, -0.012871567159891129, 0.5293968915939331, 0.6983733177185059, -0.006608062889426947]"
"[0.5478648543357849, 0.7055946588516235, 3.6852912899121293e-07, 0.5713118314743042, 0.6350518465042114, -0.020838262513279915, 0.5715668797492981, 0.5608605146408081, -0.030774688348174095, 0.5681669116020203, 0.49292421340942383, -0.03951745480298996, 0.583492636680603, 0.44208845496177673, -0.04828914627432823, 0.5006365776062012, 0.5145226716995239, -0.013058116659522057, 0.47208911180496216, 0.4498829245567322, -0.024955496191978455, 0.45311078429222107, 0.41092395782470703, -0.035765230655670166, 0.4367913007736206, 0.3767769932746887, -0.043952133506536484, 0.4778084456920624, 0.5401738882064819, -0.012526574544608593, 0.44547611474990845, 0.46873509883880615, -0.02352754771709442, 0.42445480823516846, 0.41936564445495605, -0.03394080325961113, 0.40700650215148926, 0.3746013641357422, -0.04118139669299126, 0.46297818422317505, 0.5767463445663452, -0.01475882064551115, 0.43092525005340576, 0.5131920576095581, -0.025905724614858627, 0.41426074504852295, 0.4694702625274658, -0.03416433930397034, 0.40134572982788086, 0.42829445004463196, -0.039157602936029434, 0.45393258333206177, 0.6222506761550903, -0.019185077399015427, 0.4254549741744995, 0.5787057280540466, -0.029098620638251305, 0.41031599044799805, 0.5476009845733643, -0.03351300582289696, 0.3981534242630005, 0.5141592621803284, -0.035874564200639725]",[]
"[0.5395658016204834, 0.7099356651306152, 4.11417516943402e-07, 0.5647004842758179, 0.6351824402809143, -0.017451347783207893, 0.5643345713615417, 0.5601690411567688, -0.0256198663264513, 0.5639196634292603, 0.4949866533279419, -0.03325717896223068, 0.5786955952644348, 0.44471275806427, -0.04104273021221161, 0.4974472224712372, 0.5204474925994873, -0.008596884086728096, 0.4664613902568817, 0.457707941532135, -0.019113700836896896, 0.4456591010093689, 0.4186331033706665, -0.029056856408715248, 0.42830008268356323, 0.3859899044036865, -0.03661898523569107, 0.47428128123283386, 0.5487768650054932, -0.009420453570783138, 0.43958553671836853, 0.4780229330062866, -0.018794309347867966, 0.41790449619293213, 0.4283650517463684, -0.0290046576410532, 0.4010673761367798, 0.3870772123336792, -0.03615231066942215, 0.45928680896759033, 0.5877521634101868, -0.012800895608961582, 0.42729347944259644, 0.5250757336616516, -0.02405027486383915, 0.40911680459976196, 0.4833897352218628, -0.03310532867908478, 0.39475148916244507, 0.44561469554901123, -0.038247980177402496, 0.45243948698043823, 0.6350266933441162, -0.017889907583594322, 0.4251411557197571, 0.590983510017395, -0.028398284688591957, 0.4096171259880066, 0.5611988306045532, -0.03333383426070213, 0.3961997330188751, 0.5302378535270691, -0.03567343205213547]",[]
"[0.5240771174430847, 0.7442478537559509, 2.4566753609178704e-07, 0.5635342597961426, 0.6764949560165405, -0.023444870486855507, 0.5754086971282959, 0.5866146683692932, -0.031365204602479935, 0.5732697248458862, 0.5084384083747864, -0.03734535351395607, 0.5842819809913635, 0.4508199095726013, -0.042868975549936295, 0.5050973296165466, 0.5201807022094727, -0.008706190623342991, 0.47346818447113037, 0.45559805631637573, -0.02025507017970085, 0.4526510238647461, 0.41727882623672485, -0.031861647963523865, 0.43518689274787903, 0.3856143355369568, -0.040499817579984665, 0.4782029092311859, 0.5442922115325928, -0.0053801569156348705, 0.44431057572364807, 0.4731901288032532, -0.014660225249826908, 0.4225597381591797, 0.42458391189575195, -0.02591228112578392, 0.4044911563396454, 0.3839206099510193, -0.03434164449572563, 0.46093258261680603, 0.5800790786743164, -0.005517291370779276, 0.43035829067230225, 0.5170378684997559, -0.01633273810148239, 0.4128633737564087, 0.47502294182777405, -0.025226619094610214, 0.39888185262680054, 0.43859946727752686, -0.03085615485906601, 0.4523634612560272, 0.6258217096328735, -0.00808621197938919, 0.4257563352584839, 0.5841750502586365, -0.01860799267888069, 0.40935656428337097, 0.5540238618850708, -0.024163009598851204, 0.3958766460418701, 0.5246837735176086, -0.027063244953751564]",[]
[],"[0.5352248549461365, 0.7206991314888, 3.2898273616410734e-07, 0.5729730129241943, 0.6548247933387756, -0.02282167412340641, 0.5843079090118408, 0.5725114941596985, -0.037546489387750626, 0.5871582627296448, 0.49704015254974365, -0.048535093665122986, 0.5982486009597778, 0.4374493956565857, -0.060381293296813965, 0.5337767601013184, 0.5575073957443237, -0.04381280019879341, 0.5013835430145264, 0.47068607807159424, -0.062293365597724915, 0.47756585478782654, 0.41458165645599365, -0.07217881083488464, 0.45778411626815796, 0.3713463544845581, -0.07868819683790207, 0.5041249394416809, 0.5787419080734253, -0.04132590815424919, 0.47219809889793396, 0.48523491621017456, -0.06016393005847931, 0.4495061933994293, 0.42415860295295715, -0.07126405090093613, 0.4317777752876282, 0.37623870372772217, -0.07837030291557312, 0.4832214415073395, 0.6054792404174805, -0.038865670561790466, 0.4546871483325958, 0.5193018913269043, -0.055440131574869156, 0.4326065182685852, 0.46501514315605164, -0.0645272508263588, 0.41544485092163086, 0.4224192500114441, -0.06966060400009155, 0.47195738554000854, 0.6334068775177002, -0.037401456385850906, 0.44534844160079956, 0.5789863467216492, -0.052912045270204544, 0.4249911606311798, 0.5443593859672546, -0.060066286474466324, 0.40830448269844055, 0.5141499042510986, -0.06325149536132812]"
[],"[0.48077234625816345, 0.7672994136810303, -2.014717104259489e-08, 0.5324884653091431, 0.7299879789352417, -0.005011982750147581, 0.5686593055725098, 0.6473615765571594, -0.011749055236577988, 0.582321286201477, 0.5610530376434326, -0.017063964158296585, 0.5805756449699402, 0.5041044354438782, -0.022015303373336792, 0.5572955012321472, 0.6714915037155151, -0.030370276421308517, 0.5657162070274353, 0.5732240676879883, -0.04552697017788887, 0.5702234506607056, 0.589251697063446, -0.051589302718639374, 0.5702378153800964, 0.6158865094184875, -0.052388571202754974, 0.5235962271690369, 0.6599968671798706, -0.03259674087166786, 0.5420507192611694, 0.5452899932861328, -0.046755991876125336, 0.5448144674301147, 0.569214940071106, -0.048289455473423004, 0.5376525521278381, 0.6105948686599731, -0.046950094401836395, 0.4926389157772064, 0.6440019011497498, -0.03349713236093521, 0.5129055976867676, 0.536871612071991, -0.042691316455602646, 0.5172543525695801, 0.5612428188323975, -0.03609951585531235, 0.5125376582145691, 0.6009958982467651, -0.029682014137506485, 0.4656028151512146, 0.6249914765357971, -0.03406885638833046, 0.4873928427696228, 0.5409113764762878, -0.039200447499752045, 0.4916198253631592, 0.5602917075157166, -0.03252658620476723, 0.48710712790489197, 0.593461275100708, -0.026303131133317947]"
[],"[0.4689315855503082, 0.7067307829856873, -1.6103930633448726e-08, 0.5290023684501648, 0.7003527879714966, -0.004322977736592293, 0.5733060836791992, 0.6225537061691284, -0.010050276294350624, 0.5986796021461487, 0.524082601070404, -0.013881550170481205, 0.6136682629585266, 0.44979870319366455, -0.018229633569717407, 0.5603179335594177, 0.6279367208480835, -0.03159453719854355, 0.5858675241470337, 0.5303519368171692, -0.042969249188899994, 0.5896703004837036, 0.5124149322509766, -0.04399201646447182, 0.5860646367073059, 0.5087694525718689, -0.042423419654369354, 0.5273604989051819, 0.5975768566131592, -0.03294166177511215, 0.5629414319992065, 0.4984985589981079, -0.043371498584747314, 0.5662369728088379, 0.5090502500534058, -0.04231072589755058, 0.5552471280097961, 0.5378425717353821, -0.04028483107686043, 0.4970969259738922, 0.5705007910728455, -0.03276139497756958, 0.5330238342285156, 0.4768819808959961, -0.03897762671113014, 0.5383033156394958, 0.4902757406234741, -0.033089812844991684, 0.5302594304084778, 0.516427218914032, -0.02871771715581417, 0.47180935740470886, 0.5493819117546082, -0.03182254359126091, 0.4994913935661316, 0.4628284275531769, -0.03616534173488617, 0.5113677978515625, 0.45674121379852295, -0.033303454518318176, 0.5144534707069397, 0.4617864489555359, -0.030771790072321892]"
"[0.5712571740150452, 0.6903513073921204, 2.693451790491963e-07, 0.5987129211425781, 0.6273224353790283, -0.021269269287586212, 0.6030773520469666, 0.5454939007759094, -0.030298035591840744, 0.6036855578422546, 0.475252240896225, -0.03764190152287483, 0.6187640428543091, 0.4237295985221863, -0.044896602630615234, 0.5387553572654724, 0.49034494161605835, -0.016079427674412727, 0.5115295648574829, 0.4169769585132599, -0.029130736365914345, 0.4931369125843048, 0.3755922019481659, -0.039780888706445694, 0.47705474495887756, 0.3419959545135498, -0.047828786075115204, 0.5132399201393127, 0.5124321579933167, -0.015535548329353333, 0.48361366987228394, 0.43174904584884644, -0.028153344988822937, 0.4642062783241272, 0.3778042793273926, -0.040217287838459015, 0.44767674803733826, 0.3317931890487671, -0.048937853425741196, 0.49557244777679443, 0.5468846559524536, -0.01763431914150715, 0.46708136796951294, 0.474211186170578, -0.03077300265431404, 0.4509790539741516, 0.42659953236579895, -0.041733115911483765, 0.43761536478996277, 0.38389554619789124, -0.048854902386665344, 0.4845099151134491, 0.5915296077728271, -0.021628916263580322, 0.4582864046096802, 0.544107973575592, -0.034629493951797485, 0.4431169629096985, 0.5107418298721313, -0.042149852961301804, 0.4294430911540985, 0.47574809193611145, -0.04671427980065346]","[0.4638136029243469, 0.7902638912200928, -5.727497054408559e-08, 0.5111311674118042, 0.7657569050788879, -0.00017077851225621998, 0.5386524796485901, 0.7009148001670837, -0.0038152257911860943, 0.5413187742233276, 0.6326656341552734, -0.006385060492902994, 0.5305737257003784, 0.589033842086792, -0.008048673160374165, 0.5365705490112305, 0.6693898439407349, -0.022649522870779037, 0.5475002527236938, 0.5647125244140625, -0.03208989277482033, 0.5458068251609802, 0.5842493176460266, -0.03371870517730713, 0.5415454506874084, 0.6168072819709778, -0.0322471484541893, 0.505897581577301, 0.64902263879776, -0.024842532351613045, 0.5225816369056702, 0.5397456884384155, -0.03173055127263069, 0.5241851806640625, 0.5637189745903015, -0.028893327340483665, 0.5191091895103455, 0.59982830286026, -0.025417689234018326, 0.4785720705986023, 0.6365920901298523, -0.025597423315048218, 0.49725279211997986, 0.5397680997848511, -0.029155168682336807, 0.5013629198074341, 0.5639456510543823, -0.023019244894385338, 0.4984143078327179, 0.5972621440887451, -0.01836494542658329, 0.4577062726020813, 0.6318410038948059, -0.02583051100373268, 0.47816330194473267, 0.576625645160675, -0.02867968939244747, 0.48308151960372925, 0.5965352058410645, -0.02426113933324814, 0.48102426528930664, 0.6202477812767029, -0.020126448944211006]"
"[0.5809793472290039, 0.6854678988456726, 3.459554420714994e-07, 0.60700523853302, 0.6203575730323792, -0.022114479914307594, 0.610406756401062, 0.5380098223686218, -0.03200944885611534, 0.611789345741272, 0.4668104946613312, -0.040329474955797195, 0.6301085352897644, 0.4152351915836334, -0.048387691378593445, 0.5458992719650269, 0.477590948343277, -0.012013488449156284, 0.5194449424743652, 0.40697285532951355, -0.02376096323132515, 0.5025935769081116, 0.3647553324699402, -0.03451687470078468, 0.4885503649711609, 0.327143132686615, -0.043042708188295364, 0.5213066339492798, 0.5004922747612, -0.0110866604372859, 0.49141302704811096, 0.4225572347640991, -0.022593902423977852, 0.47336846590042114, 0.3678671717643738, -0.034393008798360825, 0.4593314230442047, 0.3198718726634979, -0.042845942080020905, 0.503890872001648, 0.5356786251068115, -0.013162512332201004, 0.4748302400112152, 0.46528124809265137, -0.025416620075702667, 0.4598759412765503, 0.4161786735057831, -0.03566683456301689, 0.4488028883934021, 0.3721354305744171, -0.04219259321689606, 0.4926052689552307, 0.5808062553405762, -0.017408927902579308, 0.466064989566803, 0.5337173938751221, -0.02879013493657112, 0.4516991078853607, 0.4990082085132599, -0.03526994585990906, 0.4394832253456116, 0.4621115028858185, -0.03921016305685043]","[0.4656987488269806, 0.7942548990249634, 7.803155455121669e-08, 0.509409487247467, 0.7682848572731018, -0.002237076871097088, 0.5332750678062439, 0.704035758972168, -0.006496467161923647, 0.5307437777519226, 0.6353564262390137, -0.008967706002295017, 0.5165033936500549, 0.5936574339866638, -0.010954173281788826, 0.5334895253181458, 0.6809455156326294, -0.024373529478907585, 0.5442079901695251, 0.5807909965515137, -0.03202837333083153, 0.5412859916687012, 0.5818788409233093, -0.03279983997344971, 0.5371418595314026, 0.6061074137687683, -0.030919333919882774, 0.5028707981109619, 0.6604927778244019, -0.02471725270152092, 0.5134952664375305, 0.5534043908119202, -0.030699318274855614, 0.5188918709754944, 0.5444952845573425, -0.03051808476448059, 0.5191004276275635, 0.5584263801574707, -0.029410984367132187, 0.47490769624710083, 0.6479618549346924, -0.02350779063999653, 0.4876454770565033, 0.5497807264328003, -0.02664661779999733, 0.4964517652988434, 0.5481789112091064, -0.025655576959252357, 0.4981536567211151, 0.564782977104187, -0.024539344012737274, 0.45489323139190674, 0.6434428691864014, -0.021490437909960747, 0.4706006348133087, 0.5801972150802612, -0.02346734330058098, 0.48017147183418274, 0.5821553468704224, -0.02126031182706356, 0.48328131437301636, 0.5967730283737183, -0.018711470067501068]"
"[0.5860743522644043, 0.6756294965744019, 2.950232556031551e-07, 0.6117438673973083, 0.6140629053115845, -0.022957351058721542, 0.6155155897140503, 0.5328376889228821, -0.032831933349370956, 0.6171914339065552, 0.46094590425491333, -0.0408141054213047, 0.6354528069496155, 0.41055062413215637, -0.0483262725174427, 0.550723671913147, 0.46805068850517273, -0.013719583861529827, 0.5247185230255127, 0.39704495668411255, -0.025890009477734566, 0.5081326365470886, 0.3556613326072693, -0.036988094449043274, 0.4941752552986145, 0.31984955072402954, -0.04565200209617615, 0.5259842872619629, 0.4880622923374176, -0.012138268910348415, 0.4962756633758545, 0.4097018837928772, -0.024033015593886375, 0.4779631495475769, 0.3553822934627533, -0.03581993281841278, 0.4631474018096924, 0.30773377418518066, -0.04431493952870369, 0.5088654160499573, 0.5215952396392822, -0.013553198426961899, 0.4806641638278961, 0.4525379538536072, -0.026232611387968063, 0.46574750542640686, 0.40603750944137573, -0.03648955747485161, 0.4538841247558594, 0.3640211522579193, -0.04295595362782478, 0.49795520305633545, 0.566705584526062, -0.017199797555804253, 0.4714440703392029, 0.520993709564209, -0.029282785952091217, 0.4567551612854004, 0.4885258376598358, -0.03594430908560753, 0.44419825077056885, 0.4541396200656891, -0.0398319847881794]","[0.46757373213768005, 0.8098256587982178, 4.322218671859446e-08, 0.5103930830955505, 0.7849594354629517, -0.002094281604513526, 0.5328892469406128, 0.7214141488075256, -0.006711847148835659, 0.5322728157043457, 0.6556048393249512, -0.009246657602488995, 0.5199128985404968, 0.6155945062637329, -0.010977938771247864, 0.5314660668373108, 0.6983453035354614, -0.029744870960712433, 0.5432000756263733, 0.5982269048690796, -0.0370921716094017, 0.5418804287910461, 0.6108555197715759, -0.03414192795753479, 0.5384072065353394, 0.6428411602973938, -0.029309136793017387, 0.5035035014152527, 0.679116427898407, -0.03025183267891407, 0.5157574415206909, 0.5720335245132446, -0.0371132530272007, 0.5198380947113037, 0.5808864235877991, -0.03368839994072914, 0.5192354321479797, 0.6086179614067078, -0.0296695027500391, 0.47678589820861816, 0.6677233576774597, -0.02870878018438816, 0.4896341562271118, 0.5695176124572754, -0.03238115832209587, 0.49750280380249023, 0.58448326587677, -0.0271561611443758, 0.4995949864387512, 0.6120136380195618, -0.022798163816332817, 0.4548967182636261, 0.6670277118682861, -0.02622327208518982, 0.4686008095741272, 0.6007404327392578, -0.02867710590362549, 0.4779961109161377, 0.6113706827163696, -0.023770425468683243, 0.481945663690567, 0.6328648924827576, -0.018920263275504112]"
"[0.5915095210075378, 0.6674121618270874, 3.1772299280419247e-07, 0.6152794361114502, 0.6064148545265198, -0.024676604196429253, 0.617485523223877, 0.5281105041503906, -0.03587806224822998, 0.6183000206947327, 0.4584638178348541, -0.044931117445230484, 0.6354038715362549, 0.40670573711395264, -0.053394801914691925, 0.5525590181350708, 0.46278685331344604, -0.01769479364156723, 0.5277605652809143, 0.39398688077926636, -0.03162137046456337, 0.5117311477661133, 0.3509756624698639, -0.043209899216890335, 0.49779197573661804, 0.31245988607406616, -0.05218733847141266, 0.5284509062767029, 0.48267436027526855, -0.01621445082128048, 0.49841630458831787, 0.4044366776943207, -0.030364036560058594, 0.4813109338283539, 0.34923064708709717, -0.04213004559278488, 0.4673967957496643, 0.2992897927761078, -0.05024643614888191, 0.5123209953308105, 0.5168659687042236, -0.017832111567258835, 0.4827536642551422, 0.44904521107673645, -0.033011965453624725, 0.46801185607910156, 0.3999599814414978, -0.0432981476187706, 0.4563259184360504, 0.35431724786758423, -0.04934272915124893, 0.5026364326477051, 0.5627840161323547, -0.021766239777207375, 0.4750205874443054, 0.5179265737533569, -0.035882167518138885, 0.45964866876602173, 0.4835931360721588, -0.043237414211034775, 0.4454692304134369, 0.4461439251899719, -0.04744904488325119]","[0.4630749225616455, 0.8309152722358704, -3.5731666514493554e-08, 0.5074057579040527, 0.8095546960830688, -0.0014111620839685202, 0.5310853719711304, 0.7439906001091003, -0.005233901087194681, 0.5299692153930664, 0.6768322587013245, -0.007704801857471466, 0.5158665776252747, 0.6353830099105835, -0.009546673856675625, 0.5324689745903015, 0.7171921730041504, -0.023914869874715805, 0.5443329215049744, 0.6178542375564575, -0.03253766894340515, 0.5433992743492126, 0.6312080025672913, -0.03287697955965996, 0.5392230153083801, 0.6650551557540894, -0.030260387808084488, 0.504778265953064, 0.6953765749931335, -0.02504037134349346, 0.5175721645355225, 0.5896016359329224, -0.03163610398769379, 0.5204336643218994, 0.6077081561088562, -0.029146842658519745, 0.5163574814796448, 0.644209086894989, -0.025819817557930946, 0.4779829680919647, 0.6825941205024719, -0.024674786254763603, 0.492553174495697, 0.5849506258964539, -0.027730414643883705, 0.4983658492565155, 0.6069637537002563, -0.021887226030230522, 0.49627798795700073, 0.6392936706542969, -0.017252076417207718, 0.4556790888309479, 0.6803372502326965, -0.02358759008347988, 0.47186461091041565, 0.6108490228652954, -0.025299541652202606, 0.47869226336479187, 0.6266571879386902, -0.019343767315149307, 0.4779818654060364, 0.6524976491928101, -0.013920746743679047]"
"[0.5908317565917969, 0.6648491024971008, 3.276767870374897e-07, 0.6148201823234558, 0.6044861078262329, -0.025169270113110542, 0.616790235042572, 0.5286649465560913, -0.03765282779932022, 0.618535578250885, 0.46076875925064087, -0.047924257814884186, 0.6375212669372559, 0.409436970949173, -0.0579499788582325, 0.5532352924346924, 0.4655708968639374, -0.02097945287823677, 0.5276138782501221, 0.39444440603256226, -0.03597892075777054, 0.5110952854156494, 0.3505130410194397, -0.04826612398028374, 0.4964185357093811, 0.31233298778533936, -0.05779526010155678, 0.5284591913223267, 0.4873133599758148, -0.019797736778855324, 0.49834203720092773, 0.40873873233795166, -0.03536783531308174, 0.4802201986312866, 0.3530997037887573, -0.048523783683776855, 0.4654245972633362, 0.30403029918670654, -0.057724516838788986, 0.5115599632263184, 0.5229735374450684, -0.021491847932338715, 0.48243170976638794, 0.45166054368019104, -0.03733100742101669, 0.4674406945705414, 0.4013773202896118, -0.048625484108924866, 0.45555081963539124, 0.35535258054733276, -0.05546439066529274, 0.5009178519248962, 0.5696666240692139, -0.025441238656640053, 0.47338590025901794, 0.5209208726882935, -0.04038526862859726, 0.45753729343414307, 0.48558756709098816, -0.04861106723546982, 0.4430416226387024, 0.4476349353790283, -0.05343295633792877]",[]
"[0.5873695015907288, 0.6630736589431763, 3.4604053666953405e-07, 0.6106476187705994, 0.6066557765007019, -0.027435733005404472, 0.6125594973564148, 0.5325507521629333, -0.04102032259106636, 0.6148133873939514, 0.46433204412460327, -0.05173924192786217, 0.6321948170661926, 0.4115297496318817, -0.06205334514379501, 0.5468710660934448, 0.47152233123779297, -0.025088103488087654, 0.5212741494178772, 0.4028868079185486, -0.04058763012290001, 0.505053699016571, 0.3603406548500061, -0.05242638289928436, 0.4907993972301483, 0.32322290539741516, -0.06132656708359718, 0.5224973559379578, 0.493108332157135, -0.022435380145907402, 0.4922645092010498, 0.41433462500572205, -0.037919871509075165, 0.4745692014694214, 0.3595660924911499, -0.049669936299324036, 0.4600948691368103, 0.31115180253982544, -0.05775263532996178, 0.5068681240081787, 0.5278358459472656, -0.02275019697844982, 0.47745707631111145, 0.46065834164619446, -0.03825109824538231, 0.462110698223114, 0.41218921542167664, -0.04836241900920868, 0.45013174414634705, 0.3677467107772827, -0.05439465492963791, 0.49779143929481506, 0.573226809501648, -0.025515848770737648, 0.470175176858902, 0.5286272168159485, -0.03969934582710266, 0.4545188248157501, 0.4954040050506592, -0.04714098572731018, 0.44031739234924316, 0.45899105072021484, -0.051498062908649445]",[]
"[0.5759066343307495, 0.6780205965042114, 2.989518463891727e-07, 0.6018851399421692, 0.6199637055397034, -0.02467241883277893, 0.6055060029029846, 0.5433545112609863, -0.03668352589011192, 0.6070066690444946, 0.4749964773654938, -0.04635467007756233, 0.6240857243537903, 0.4216754138469696, -0.05593564733862877, 0.5404772162437439, 0.4808956980705261, -0.0217546708881855, 0.5147734880447388, 0.41203534603118896, -0.036898594349622726, 0.4977682828903198, 0.3708001971244812, -0.04890407249331474, 0.4828585982322693, 0.3352917432785034, -0.05794409289956093, 0.516474723815918, 0.5029457807540894, -0.020317766815423965, 0.48739898204803467, 0.42588603496551514, -0.03557860478758812, 0.46891653537750244, 0.37345993518829346, -0.04801672324538231, 0.45363566279411316, 0.32723820209503174, -0.0566803477704525, 0.5001661777496338, 0.5379905104637146, -0.021660182625055313, 0.4719223380088806, 0.4692539870738983, -0.03656981512904167, 0.45686691999435425, 0.42154523730278015, -0.0467238575220108, 0.44513577222824097, 0.377207487821579, -0.053034789860248566, 0.4898121654987335, 0.5832765102386475, -0.025242768228054047, 0.46265465021133423, 0.5383257269859314, -0.039050742983818054, 0.44738274812698364, 0.5045543313026428, -0.04631735384464264, 0.4339469373226166, 0.46722301840782166, -0.050613269209861755]",[]
"[0.5603110194206238, 0.7030819654464722, 2.398715253093542e-07, 0.5906810164451599, 0.6389150619506836, -0.02073719911277294, 0.5958214402198792, 0.5547932386398315, -0.030140191316604614, 0.5966581702232361, 0.483553946018219, -0.037997618317604065, 0.6132428646087646, 0.4305144250392914, -0.046044252812862396, 0.5318307280540466, 0.4955163896083832, -0.017442611977458, 0.5048171877861023, 0.4257173538208008, -0.031106598675251007, 0.48643797636032104, 0.38455289602279663, -0.04200995713472366, 0.4709228575229645, 0.3502052426338196, -0.05023214966058731, 0.5073573589324951, 0.5181400179862976, -0.017678897827863693, 0.4773891270160675, 0.44217461347579956, -0.03111322596669197, 0.4582468867301941, 0.39154139161109924, -0.04256577417254448, 0.4425484836101532, 0.3475537598133087, -0.050501856952905655, 0.4910198748111725, 0.5536642074584961, -0.020394494757056236, 0.46242469549179077, 0.4841203987598419, -0.033438779413700104, 0.4462311267852783, 0.4380553662776947, -0.042131394147872925, 0.4332609176635742, 0.39544495940208435, -0.04763514921069145, 0.48136046528816223, 0.5999425053596497, -0.02514515444636345, 0.45331308245658875, 0.5561886429786682, -0.03721540421247482, 0.43779969215393066, 0.5229621529579163, -0.04284839704632759, 0.42463186383247375, 0.4870990216732025, -0.04597891867160797]",[]
[],"[0.4900270998477936, 0.8112176656723022, 1.1611768968577962e-07, 0.5521130561828613, 0.7434446215629578, -0.00715405261144042, 0.5807579755783081, 0.6340617537498474, -0.013057167641818523, 0.5933752059936523, 0.5247828364372253, -0.016205573454499245, 0.6090362071990967, 0.45202863216400146, -0.02063336968421936, 0.5466381907463074, 0.6181877851486206, -0.034959811717271805, 0.5225437879562378, 0.4913392663002014, -0.04723643139004707, 0.5021926164627075, 0.4207407832145691, -0.05055510252714157, 0.4830818772315979, 0.3717920184135437, -0.05173788592219353, 0.5140688419342041, 0.6274964213371277, -0.03531001880764961, 0.48867371678352356, 0.5030626058578491, -0.04665577411651611, 0.46650803089141846, 0.42755287885665894, -0.05022280290722847, 0.4491507411003113, 0.37628525495529175, -0.05315462127327919, 0.48388442397117615, 0.6433660984039307, -0.03436317667365074, 0.46374887228012085, 0.5332457423210144, -0.04572863131761551, 0.443451851606369, 0.4635336101055145, -0.04993179813027382, 0.4264586269855499, 0.4144778847694397, -0.0522286593914032, 0.46355873346328735, 0.6659342646598816, -0.03240477293729782, 0.4513126015663147, 0.5807605981826782, -0.041079308837652206, 0.4367201626300812, 0.5363683700561523, -0.04232834279537201, 0.42282333970069885, 0.5018059015274048, -0.04220909625291824]"
"[0.568963885307312, 0.7124267816543579, 2.5452618501731195e-07, 0.5965947508811951, 0.6460987329483032, -0.020562954246997833, 0.5988330841064453, 0.5651439428329468, -0.029994621872901917, 0.5988178253173828, 0.4948118329048157, -0.03821638599038124, 0.6155494451522827, 0.442441463470459, -0.04654964432120323, 0.5335816144943237, 0.5078481435775757, -0.0150670874863863, 0.5047992467880249, 0.4390518069267273, -0.028370752930641174, 0.4859865605831146, 0.39825522899627686, -0.039269402623176575, 0.4696756899356842, 0.3633916974067688, -0.047670137137174606, 0.5089223384857178, 0.5313538312911987, -0.015375891700387001, 0.47669628262519836, 0.4548921585083008, -0.028787866234779358, 0.45644357800483704, 0.40227511525154114, -0.04072551056742668, 0.43943777680397034, 0.35610222816467285, -0.04898854345083237, 0.49290966987609863, 0.5674881935119629, -0.018256407231092453, 0.4616433382034302, 0.5011184215545654, -0.03152233362197876, 0.44425123929977417, 0.4546872079372406, -0.04078087583184242, 0.4300380349159241, 0.41208547353744507, -0.04652867838740349, 0.48393937945365906, 0.6136385202407837, -0.023186558857560158, 0.4558062255382538, 0.5705704689025879, -0.03576873242855072, 0.4398549199104309, 0.5370887517929077, -0.04193084314465523, 0.425645112991333, 0.5015649795532227, -0.045313760638237]",[]
[],"[0.5444725751876831, 0.6893503069877625, 5.900308153172773e-08, 0.5869974493980408, 0.6426132321357727, -0.025903744623064995, 0.6022858619689941, 0.5542498230934143, -0.04865192621946335, 0.6083052754402161, 0.47204113006591797, -0.06321340054273605, 0.6287134885787964, 0.4156871438026428, -0.07700886577367783, 0.5618135333061218, 0.6056041121482849, -0.08270382881164551, 0.5724282264709473, 0.5356341600418091, -0.11066335439682007, 0.5728614330291748, 0.5398041605949402, -0.11815639585256577, 0.5670654773712158, 0.5584080815315247, -0.12047620862722397, 0.5269571542739868, 0.6010758876800537, -0.0778498500585556, 0.5345431566238403, 0.49109381437301636, -0.10978773981332779, 0.5316848158836365, 0.47425663471221924, -0.11925287544727325, 0.5266202092170715, 0.4780852496623993, -0.12326771020889282, 0.4997372031211853, 0.590094268321991, -0.07134108245372772, 0.493110328912735, 0.46916377544403076, -0.09531213343143463, 0.481950581073761, 0.40408384799957275, -0.10717113316059113, 0.4692443311214447, 0.3611263632774353, -0.11473716795444489, 0.4830119013786316, 0.5793529152870178, -0.06412229686975479, 0.46672019362449646, 0.49718812108039856, -0.0805356502532959, 0.4529567360877991, 0.4532357156276703, -0.09001114964485168, 0.43771684169769287, 0.42097169160842896, -0.0976124107837677]"
"[0.5705101490020752, 0.7154194116592407, 2.3175543617526273e-07, 0.6007557511329651, 0.6465072631835938, -0.019736895337700844, 0.6051425337791443, 0.5616379380226135, -0.028478480875492096, 0.6051607131958008, 0.4887271225452423, -0.03626027703285217, 0.6232657432556152, 0.4365348219871521, -0.04401463270187378, 0.5393735766410828, 0.5003919005393982, -0.01223838422447443, 0.5114739537239075, 0.43005305528640747, -0.02516775019466877, 0.4929215610027313, 0.389435350894928, -0.03642430901527405, 0.4772249460220337, 0.354034960269928, -0.04510306939482689, 0.5146341919898987, 0.5237637758255005, -0.01276114210486412, 0.48308950662612915, 0.4468272924423218, -0.025205273181200027, 0.4632858335971832, 0.3944301903247833, -0.03684905171394348, 0.4469262957572937, 0.34823572635650635, -0.04516061767935753, 0.49798455834388733, 0.5599084496498108, -0.016007911413908005, 0.467805951833725, 0.4931308925151825, -0.028420032933354378, 0.45107316970825195, 0.4474220275878906, -0.03704395890235901, 0.4377307891845703, 0.4056659936904907, -0.04243437573313713, 0.488198459148407, 0.6066571474075317, -0.021400868892669678, 0.4605361223220825, 0.5626220107078552, -0.032968033105134964, 0.4442906677722931, 0.5291396975517273, -0.038436152040958405, 0.4298659861087799, 0.49411800503730774, -0.04140694439411163]",[]
"[0.5775316953659058, 0.6948516964912415, 3.1368946906695783e-07, 0.6054884791374207, 0.6318041682243347, -0.021680720150470734, 0.6100273728370667, 0.5526741743087769, -0.0324360728263855, 0.610737681388855, 0.4828616678714752, -0.04162438213825226, 0.6286462545394897, 0.43125128746032715, -0.05079943686723709, 0.5460724234580994, 0.49417856335639954, -0.016905229538679123, 0.5183793306350708, 0.42122745513916016, -0.030454222112894058, 0.5001463294029236, 0.37867236137390137, -0.041391950100660324, 0.4844339191913605, 0.3424321413040161, -0.04971284791827202, 0.5214875340461731, 0.5170081853866577, -0.01673288643360138, 0.49086692929267883, 0.43814966082572937, -0.03041248954832554, 0.471197247505188, 0.3854352533817291, -0.04242081195116043, 0.4551047682762146, 0.3395220637321472, -0.05061426758766174, 0.5041464567184448, 0.5516602396965027, -0.019115151837468147, 0.4750218987464905, 0.4817965030670166, -0.03239194676280022, 0.45852482318878174, 0.4337612986564636, -0.04189576953649521, 0.44553110003471375, 0.39017045497894287, -0.04767356440424919, 0.49272581934928894, 0.5970269441604614, -0.02357494831085205, 0.4657823145389557, 0.549932599067688, -0.03559611737728119, 0.4509820342063904, 0.5162228941917419, -0.041511230170726776, 0.43803897500038147, 0.480639785528183, -0.04470234736800194]",[]
"[0.5831137299537659, 0.6752766966819763, 2.873582616302883e-07, 0.6099384427070618, 0.6181241273880005, -0.024999942630529404, 0.6147733330726624, 0.5448303818702698, -0.03759736195206642, 0.6152144074440002, 0.47672900557518005, -0.04757816717028618, 0.6305956244468689, 0.42406532168388367, -0.057326529175043106, 0.5513972640037537, 0.48599109053611755, -0.023321541026234627, 0.5245062708854675, 0.41562044620513916, -0.038548413664102554, 0.5069520473480225, 0.3738577961921692, -0.05029153451323509, 0.49183234572410583, 0.3375636339187622, -0.059113264083862305, 0.526904821395874, 0.5058619379997253, -0.021321995183825493, 0.4966355264186859, 0.42925694584846497, -0.03666698932647705, 0.477967768907547, 0.37751704454421997, -0.049307193607091904, 0.46262282133102417, 0.33115190267562866, -0.058100055903196335, 0.5099241733551025, 0.5376315712928772, -0.02183041349053383, 0.48139554262161255, 0.468923419713974, -0.0364614836871624, 0.46552950143814087, 0.4200882613658905, -0.04676605761051178, 0.4530368447303772, 0.37562206387519836, -0.05323156714439392, 0.49885278940200806, 0.5792884230613708, -0.024482499808073044, 0.47176849842071533, 0.5347294807434082, -0.03779659792780876, 0.45709821581840515, 0.5008441209793091, -0.04483507573604584, 0.4445759356021881, 0.46491339802742004, -0.04893471300601959]",[]
"[0.5840327739715576, 0.6681181192398071, 2.7098684540760587e-07, 0.6121125221252441, 0.611601710319519, -0.027243031188845634, 0.616622269153595, 0.5406019687652588, -0.041261423379182816, 0.6136913299560547, 0.47401633858680725, -0.05210902914404869, 0.6272469162940979, 0.4194198250770569, -0.06287313997745514, 0.5576871037483215, 0.48575443029403687, -0.028911227360367775, 0.5316499471664429, 0.4178168773651123, -0.046430982649326324, 0.5142150521278381, 0.377011239528656, -0.05943841114640236, 0.49902093410491943, 0.34027427434921265, -0.0691668763756752, 0.5327475070953369, 0.5033767819404602, -0.02612205408513546, 0.503861665725708, 0.42741265892982483, -0.0440576896071434, 0.48503080010414124, 0.3741307556629181, -0.057962458580732346, 0.4694925546646118, 0.3260595202445984, -0.06768491119146347, 0.5149897336959839, 0.5333260893821716, -0.02584541030228138, 0.48748332262039185, 0.46421322226524353, -0.04300854727625847, 0.4713223874568939, 0.4149426519870758, -0.0547446683049202, 0.45855510234832764, 0.36958059668540955, -0.061991553753614426, 0.5031160712242126, 0.573246419429779, -0.027688954025506973, 0.4762125015258789, 0.5266880393028259, -0.043465595692396164, 0.4611281156539917, 0.49156686663627625, -0.05238435044884682, 0.44815656542778015, 0.45481032133102417, -0.05773679539561272]",[]
"[0.5854472517967224, 0.6757820844650269, 1.9587227484407777e-07, 0.6131462454795837, 0.6159043312072754, -0.023932375013828278, 0.6167969107627869, 0.538064181804657, -0.035136666148900986, 0.6117708086967468, 0.4694347679615021, -0.04398293420672417, 0.6243158578872681, 0.4134737253189087, -0.052887123078107834, 0.5614563226699829, 0.48475927114486694, -0.023687109351158142, 0.53764808177948, 0.41981539130210876, -0.040441468358039856, 0.5207439661026001, 0.3802357017993927, -0.05311965197324753, 0.5051484107971191, 0.3442675471305847, -0.06289535015821457, 0.536207914352417, 0.5010107755661011, -0.022846054285764694, 0.5092899799346924, 0.4250173568725586, -0.04041699320077896, 0.49149903655052185, 0.37164971232414246, -0.05405768007040024, 0.4762389361858368, 0.3225879669189453, -0.06372256577014923, 0.5183131694793701, 0.5315406918525696, -0.02457687258720398, 0.49168750643730164, 0.4622347056865692, -0.04242369905114174, 0.4757310152053833, 0.4140642285346985, -0.054056018590927124, 0.4626219868659973, 0.36801549792289734, -0.06118306890130043, 0.5064855217933655, 0.5735479593276978, -0.02822200395166874, 0.48103880882263184, 0.5263091921806335, -0.04521065205335617, 0.4662247598171234, 0.49099287390708923, -0.05448578670620918, 0.45278820395469666, 0.45311301946640015, -0.06006544083356857]",[]
"[0.575859546661377, 0.6723203063011169, 1.9793094452325022e-07, 0.6070559620857239, 0.6150921583175659, -0.02369561605155468, 0.6128655672073364, 0.5387297868728638, -0.03517827019095421, 0.6090666055679321, 0.46891048550605774, -0.04429991915822029, 0.6223779916763306, 0.4113399088382721, -0.053946416825056076, 0.5617897510528564, 0.4860255718231201, -0.025135427713394165, 0.539897620677948, 0.4210865795612335, -0.04256957024335861, 0.5243304371833801, 0.38157081604003906, -0.05559144541621208, 0.5093981623649597, 0.3454674780368805, -0.06561984121799469, 0.5361759662628174, 0.5014638304710388, -0.024465519934892654, 0.5108748078346252, 0.4255082309246063, -0.04207739979028702, 0.49463701248168945, 0.3725924491882324, -0.055545624345541, 0.480253130197525, 0.3231688439846039, -0.06527651101350784, 0.5171725153923035, 0.5314698219299316, -0.02642056904733181, 0.4917171895503998, 0.46121007204055786, -0.045007478445768356, 0.47596055269241333, 0.41399267315864563, -0.057229455560445786, 0.4626680612564087, 0.3679141402244568, -0.06477469950914383, 0.5042824745178223, 0.5720528364181519, -0.030127085745334625, 0.47967538237571716, 0.5246208906173706, -0.04813903197646141, 0.46530860662460327, 0.4901665449142456, -0.058317914605140686, 0.4524272382259369, 0.4530876874923706, -0.06457366794347763]",[]
"[0.5667051076889038, 0.677067220211029, 1.6668923308316153e-07, 0.6017388701438904, 0.6144293546676636, -0.02268059365451336, 0.6098936200141907, 0.5368332862854004, -0.03336384519934654, 0.6063613891601562, 0.46743980050086975, -0.04188574478030205, 0.6195648908615112, 0.41087964177131653, -0.05088767781853676, 0.5587570071220398, 0.48442742228507996, -0.0231168270111084, 0.536274254322052, 0.4196699261665344, -0.0391729511320591, 0.5208348035812378, 0.38148820400238037, -0.05125540494918823, 0.5065129995346069, 0.3459993004798889, -0.0606374591588974, 0.5325779914855957, 0.5014729499816895, -0.02250916324555874, 0.5059396624565125, 0.4265082776546478, -0.039017386734485626, 0.4892825484275818, 0.3758912980556488, -0.05167175829410553, 0.47461867332458496, 0.32948052883148193, -0.060772594064474106, 0.5135974884033203, 0.5324990749359131, -0.024430610239505768, 0.48736438155174255, 0.4632394015789032, -0.04171557351946831, 0.4720575213432312, 0.4179903566837311, -0.052768126130104065, 0.4592885375022888, 0.3738993704319, -0.059527650475502014, 0.5008713006973267, 0.5736935138702393, -0.028131630271673203, 0.47501522302627563, 0.5276472568511963, -0.04492532089352608, 0.460427850484848, 0.49474263191223145, -0.05402400344610214, 0.44743719696998596, 0.4589345455169678, -0.059487342834472656]",[]
"[0.5595684051513672, 0.6937528848648071, 1.7470770785621426e-07, 0.5969319939613342, 0.6276960968971252, -0.023041807115077972, 0.6084682941436768, 0.5434215068817139, -0.03267238661646843, 0.6062804460525513, 0.47126898169517517, -0.040441811084747314, 0.6200180649757385, 0.4144676625728607, -0.048479318618774414, 0.5536413192749023, 0.48867538571357727, -0.018307486549019814, 0.5304925441741943, 0.4235871434211731, -0.033433180302381516, 0.5146529674530029, 0.38418638706207275, -0.04564948379993439, 0.5005674362182617, 0.34897446632385254, -0.05496744066476822, 0.5270677804946899, 0.5065803527832031, -0.017359666526317596, 0.4995820224285126, 0.4317132532596588, -0.0321040078997612, 0.48231860995292664, 0.38131213188171387, -0.04509291425347328, 0.46738332509994507, 0.3354606330394745, -0.05453003570437431, 0.5078251957893372, 0.5377566814422607, -0.019300788640975952, 0.4814898371696472, 0.47044041752815247, -0.03465835377573967, 0.4663069546222687, 0.4257022738456726, -0.04539495334029198, 0.4538462162017822, 0.382449746131897, -0.05214633047580719, 0.4946920871734619, 0.579391360282898, -0.02334446646273136, 0.46852126717567444, 0.5351618528366089, -0.037855371832847595, 0.4534032344818115, 0.5026731491088867, -0.04579460993409157, 0.4404100179672241, 0.4667048454284668, -0.05062391608953476]",[]
"[0.5905282497406006, 0.653396725654602, 2.1310711417754646e-07, 0.6142818927764893, 0.5779796838760376, -0.01578076183795929, 0.6162440776824951, 0.5006396770477295, -0.023384639993309975, 0.6173507571220398, 0.43485933542251587, -0.031113790348172188, 0.6318427920341492, 0.3856923282146454, -0.039197102189064026, 0.5546366572380066, 0.4538200795650482, -0.007963492535054684, 0.5266814231872559, 0.39149707555770874, -0.019913632422685623, 0.508179783821106, 0.357048362493515, -0.03124438226222992, 0.49134111404418945, 0.3256804049015045, -0.040203630924224854, 0.5317947268486023, 0.4762052297592163, -0.01055489107966423, 0.5013195872306824, 0.4052985906600952, -0.02167133241891861, 0.4807320237159729, 0.35829195380210876, -0.03326033055782318, 0.462230920791626, 0.3158578872680664, -0.042019717395305634, 0.5169156193733215, 0.5111468434333801, -0.015766983851790428, 0.4862120747566223, 0.4483761787414551, -0.02720957249403, 0.4681309461593628, 0.40477484464645386, -0.03594186156988144, 0.45268091559410095, 0.3635255992412567, -0.04208218306303024, 0.5080521106719971, 0.5560680627822876, -0.022824883460998535, 0.48032310605049133, 0.5145862102508545, -0.03343142569065094, 0.4639025330543518, 0.482951283454895, -0.03810754045844078, 0.4496217370033264, 0.44916418194770813, -0.04123110696673393]",[]
"[0.5931510329246521, 0.6531449556350708, 2.226196897936461e-07, 0.6164842844009399, 0.5796539783477783, -0.015555798076093197, 0.617186963558197, 0.5027477741241455, -0.023285917937755585, 0.6175985336303711, 0.43744856119155884, -0.03110826574265957, 0.632301926612854, 0.38824307918548584, -0.03958750516176224, 0.5557414293289185, 0.4572373628616333, -0.010523414239287376, 0.526836633682251, 0.3969747722148895, -0.023078199476003647, 0.508417546749115, 0.3618102967739105, -0.03435155376791954, 0.4921058416366577, 0.3298560380935669, -0.04327542707324028, 0.5331963896751404, 0.48112383484840393, -0.013723747804760933, 0.5012060403823853, 0.41312849521636963, -0.025751011446118355, 0.48050323128700256, 0.3660541772842407, -0.03746894747018814, 0.4623571038246155, 0.32220280170440674, -0.04632371664047241, 0.5183027386665344, 0.5175171494483948, -0.019435826689004898, 0.48667192459106445, 0.4564136266708374, -0.03233787417411804, 0.4684246778488159, 0.4136609137058258, -0.042252808809280396, 0.45280489325523376, 0.3720337450504303, -0.04895075783133507, 0.5095081925392151, 0.5635351538658142, -0.026809724047780037, 0.4807406961917877, 0.522304117679596, -0.03916582837700844, 0.46363261342048645, 0.49149587750434875, -0.045376505702733994, 0.447903037071228, 0.45696255564689636, -0.04953146353363991]",[]
[],"[0.4582647681236267, 0.7064624428749084, -1.8622201025664253e-07, 0.5072306990623474, 0.6972340941429138, -0.0017317439196631312, 0.5492801666259766, 0.643187403678894, -0.007253915071487427, 0.5798141956329346, 0.5718942284584045, -0.010901590809226036, 0.59529709815979, 0.512657105922699, -0.014828246086835861, 0.5478869676589966, 0.6248116493225098, -0.03752925992012024, 0.5710645914077759, 0.5281315445899963, -0.051526814699172974, 0.5642668008804321, 0.5352636575698853, -0.05319245532155037, 0.5531695485115051, 0.5613365173339844, -0.051751136779785156, 0.5203775763511658, 0.5945180654525757, -0.040391553193330765, 0.5453287363052368, 0.4977943003177643, -0.05409174785017967, 0.5396134853363037, 0.5037516951560974, -0.05468825623393059, 0.5290630459785461, 0.5279690623283386, -0.0539700873196125, 0.4920790195465088, 0.5703025460243225, -0.0416727252304554, 0.515562891960144, 0.47193577885627747, -0.05140520632266998, 0.5099565982818604, 0.46067315340042114, -0.05321655049920082, 0.5000982880592346, 0.46618351340293884, -0.05483248457312584, 0.467451274394989, 0.5557734966278076, -0.04143917188048363, 0.4710594713687897, 0.48429328203201294, -0.0514645054936409, 0.464385986328125, 0.4554230868816376, -0.056835468858480453, 0.4562038481235504, 0.43591129779815674, -0.06020650267601013]"
"[0.5929930210113525, 0.6682365536689758, 1.2471627997001633e-07, 0.6171875, 0.5956093668937683, -0.016478080302476883, 0.6226825714111328, 0.5116680860519409, -0.023596160113811493, 0.6246267557144165, 0.4411185383796692, -0.030497640371322632, 0.6381546258926392, 0.3896777033805847, -0.03779006004333496, 0.5601222515106201, 0.4590795636177063, -0.008184006437659264, 0.5304914712905884, 0.39643335342407227, -0.019507868215441704, 0.5113930702209473, 0.3617651164531708, -0.03093160130083561, 0.4947681128978729, 0.33044570684432983, -0.040074609220027924, 0.5365617275238037, 0.482231467962265, -0.009885335341095924, 0.5035738348960876, 0.41203272342681885, -0.01988978497684002, 0.4835529327392578, 0.3637748956680298, -0.03150895610451698, 0.4668816924095154, 0.3201509118080139, -0.040984682738780975, 0.5217286348342896, 0.516740083694458, -0.014218678697943687, 0.48923277854919434, 0.4552901089191437, -0.02440168336033821, 0.47269824147224426, 0.41234079003334045, -0.03316199779510498, 0.45925289392471313, 0.3696877956390381, -0.040131352841854095, 0.513847291469574, 0.5601882934570312, -0.02058129571378231, 0.4849417805671692, 0.5228744745254517, -0.03073844127357006, 0.46810197830200195, 0.493928462266922, -0.03599586337804794, 0.4538971483707428, 0.45996028184890747, -0.03996983543038368]",[]
"[0.5924518704414368, 0.6658068299293518, 1.555597464175662e-07, 0.6193023920059204, 0.5926178097724915, -0.017556799575686455, 0.6251933574676514, 0.5082716345787048, -0.024837546050548553, 0.6274335980415344, 0.43730494379997253, -0.031816840171813965, 0.6408381462097168, 0.38567331433296204, -0.03889181837439537, 0.5627161860466003, 0.4534289538860321, -0.007447628770023584, 0.535392165184021, 0.38900649547576904, -0.01910114288330078, 0.5170999765396118, 0.35373979806900024, -0.03073881007730961, 0.5007792711257935, 0.322243869304657, -0.0398513488471508, 0.5393450260162354, 0.47472524642944336, -0.008689763024449348, 0.5083050727844238, 0.40369275212287903, -0.018886588513851166, 0.48844948410987854, 0.3562747538089752, -0.030161695554852486, 0.47140738368034363, 0.31442350149154663, -0.038776565343141556, 0.5240932106971741, 0.5084646940231323, -0.012794794514775276, 0.4930519759654999, 0.44517260789871216, -0.023120498284697533, 0.47657379508018494, 0.4034191966056824, -0.03086918219923973, 0.46287399530410767, 0.3627111613750458, -0.03656449168920517, 0.5151910185813904, 0.5523315668106079, -0.01909412257373333, 0.4877941608428955, 0.5130215287208557, -0.029188070446252823, 0.47125399112701416, 0.48309236764907837, -0.03360424563288689, 0.45736798644065857, 0.44891759753227234, -0.03647933900356293]",[]
"[0.5859323740005493, 0.6741108894348145, 7.788823097598652e-08, 0.6222020983695984, 0.6000380516052246, -0.016082027927041054, 0.6301848292350769, 0.5092682242393494, -0.020199060440063477, 0.6302656531333923, 0.43497365713119507, -0.024068424478173256, 0.6446418762207031, 0.38607528805732727, -0.028103293851017952, 0.5668140649795532, 0.44654136896133423, -0.002400293480604887, 0.5391365885734558, 0.38017168641090393, -0.01114276610314846, 0.5218238830566406, 0.3451101779937744, -0.021313004195690155, 0.5061888098716736, 0.313937783241272, -0.029983896762132645, 0.542564868927002, 0.4676729738712311, -0.003186439163982868, 0.5118234753608704, 0.39410340785980225, -0.01093298476189375, 0.4936295747756958, 0.34405434131622314, -0.02258392423391342, 0.476885050535202, 0.30080366134643555, -0.032332681119441986, 0.5272042155265808, 0.5015519261360168, -0.00692345667630434, 0.49621737003326416, 0.4363088011741638, -0.016311228275299072, 0.48084819316864014, 0.3907308876514435, -0.026904435828328133, 0.4668349027633667, 0.3473314642906189, -0.03518490865826607, 0.5181645750999451, 0.5468330383300781, -0.012518825009465218, 0.4907728433609009, 0.5061555504798889, -0.02292911522090435, 0.474956214427948, 0.47397899627685547, -0.029786067083477974, 0.4613341689109802, 0.4391458034515381, -0.03496703878045082]",[]
"[0.580149233341217, 0.6659837961196899, 7.680910840690558e-08, 0.6194605231285095, 0.5964411497116089, -0.019002875313162804, 0.632500171661377, 0.5036463141441345, -0.023368483409285545, 0.6345846652984619, 0.42675721645355225, -0.026679890230298042, 0.6491533517837524, 0.37513670325279236, -0.02991654723882675, 0.5708419680595398, 0.4380657970905304, -0.0025466885417699814, 0.5436500906944275, 0.3696197271347046, -0.010151871480047703, 0.5265980362892151, 0.33423560857772827, -0.019845128059387207, 0.5115084648132324, 0.30234912037849426, -0.028148513287305832, 0.5452831983566284, 0.45800548791885376, -0.0012554253917187452, 0.5157284140586853, 0.3825562596321106, -0.0073081799782812595, 0.4977189302444458, 0.3335544466972351, -0.018544115126132965, 0.48147860169410706, 0.29221028089523315, -0.028090467676520348, 0.5283023715019226, 0.4907788038253784, -0.0031899826135486364, 0.4998454451560974, 0.4241190552711487, -0.010892665944993496, 0.48436951637268066, 0.37998291850090027, -0.020551785826683044, 0.4703969359397888, 0.3376704454421997, -0.02837928757071495, 0.517608106136322, 0.5349168181419373, -0.007315158378332853, 0.49288228154182434, 0.4909769296646118, -0.01590314880013466, 0.4780861735343933, 0.45889928936958313, -0.021566275507211685, 0.4647374153137207, 0.42413589358329773, -0.025999868288636208]",[]
"[0.5838533639907837, 0.6528834104537964, 1.0084474411087285e-07, 0.6210750937461853, 0.5839195251464844, -0.0170990452170372, 0.6340169906616211, 0.49313101172447205, -0.022463591769337654, 0.6392910480499268, 0.4165821075439453, -0.02699008397758007, 0.6566509008407593, 0.3670211434364319, -0.03180113062262535, 0.5742828845977783, 0.4319620728492737, -0.00742963096126914, 0.5474163293838501, 0.3596298396587372, -0.016981001943349838, 0.529265820980072, 0.32079583406448364, -0.026621440425515175, 0.5135297179222107, 0.28893136978149414, -0.03427185118198395, 0.5475865006446838, 0.4519723951816559, -0.007432673126459122, 0.5193303227424622, 0.37174975872039795, -0.015287461690604687, 0.501472532749176, 0.3200357258319855, -0.025596046820282936, 0.48598480224609375, 0.2763494849205017, -0.03387904167175293, 0.5288306474685669, 0.4841592609882355, -0.010102319531142712, 0.5033603310585022, 0.4118487238883972, -0.018959568813443184, 0.48960214853286743, 0.36516329646110535, -0.0276262816041708, 0.47766223549842834, 0.32308390736579895, -0.034165285527706146, 0.5160240530967712, 0.5260995626449585, -0.014611632563173771, 0.493253231048584, 0.4773100018501282, -0.023684604093432426, 0.48066475987434387, 0.444913774728775, -0.02842426300048828, 0.4701387286186218, 0.41171735525131226, -0.03171778842806816]",[]
"[0.5883713960647583, 0.6404813528060913, 1.1811017230911602e-07, 0.6255312561988831, 0.5669225454330444, -0.01671511121094227, 0.6358307600021362, 0.4768299162387848, -0.021772898733615875, 0.6400872468948364, 0.4040767550468445, -0.026332305744290352, 0.6581904888153076, 0.35788074135780334, -0.03131281957030296, 0.574133574962616, 0.42200031876564026, -0.007335761096328497, 0.5479965806007385, 0.3518730700016022, -0.016683831810951233, 0.531000018119812, 0.3125564455986023, -0.025899847969412804, 0.5161820650100708, 0.27815091609954834, -0.03363729268312454, 0.5484656095504761, 0.4427662789821625, -0.008085244335234165, 0.5196602940559387, 0.36469966173171997, -0.01684739999473095, 0.5022989511489868, 0.3134513795375824, -0.02734409086406231, 0.4875927269458771, 0.26946574449539185, -0.035568058490753174, 0.530623197555542, 0.4748162031173706, -0.011426730081439018, 0.5036119818687439, 0.40368539094924927, -0.02100534178316593, 0.4894930422306061, 0.3575763702392578, -0.03005106747150421, 0.477725625038147, 0.3157672882080078, -0.036614790558815, 0.5190579891204834, 0.5163118243217468, -0.01662573404610157, 0.49466559290885925, 0.46913814544677734, -0.02611812762916088, 0.4810396432876587, 0.4354945421218872, -0.03144403547048569, 0.4700552225112915, 0.4011041522026062, -0.035159748047590256]",[]
"[0.5889979600906372, 0.6343580484390259, 1.7358802040234877e-07, 0.6267658472061157, 0.5634877681732178, -0.01929793879389763, 0.6363022923469543, 0.47515374422073364, -0.02489185705780983, 0.6389703154563904, 0.4014244079589844, -0.029358232393860817, 0.6563288569450378, 0.3538919985294342, -0.03388669341802597, 0.5732724666595459, 0.41698795557022095, -0.0072701675817370415, 0.5470200777053833, 0.347432941198349, -0.016154728829860687, 0.5297654271125793, 0.30825942754745483, -0.025381145998835564, 0.5149790644645691, 0.27328529953956604, -0.03318259119987488, 0.547726035118103, 0.43747180700302124, -0.006433119997382164, 0.5187446475028992, 0.3610181212425232, -0.01500534638762474, 0.5010032057762146, 0.3095534145832062, -0.025817835703492165, 0.48654210567474365, 0.26517921686172485, -0.03413389250636101, 0.5299533605575562, 0.4701678454875946, -0.008493072353303432, 0.5027598738670349, 0.4011278748512268, -0.018365321680903435, 0.48846304416656494, 0.3557671308517456, -0.02816721983253956, 0.47690826654434204, 0.31463712453842163, -0.034919485449790955, 0.5189180374145508, 0.5130642056465149, -0.012648680247366428, 0.4948149621486664, 0.4658125638961792, -0.022703666239976883, 0.4804609417915344, 0.43273240327835083, -0.028883446007966995, 0.46868616342544556, 0.39810436964035034, -0.03297349065542221]",[]
"[0.6320956945419312, 0.7093133926391602, 2.4814235644043947e-07, 0.6600161790847778, 0.6419835090637207, -0.020950045436620712, 0.6650528311729431, 0.5578423738479614, -0.03116466850042343, 0.6661058068275452, 0.48821133375167847, -0.04002653434872627, 0.6835935115814209, 0.43536603450775146, -0.04940139129757881, 0.6016110777854919, 0.5142159461975098, -0.020102249458432198, 0.574870228767395, 0.4467563033103943, -0.0346011258661747, 0.5578315854072571, 0.40674448013305664, -0.04568874463438988, 0.542394757270813, 0.37196189165115356, -0.05425792559981346, 0.5765932202339172, 0.5392832159996033, -0.02082822099328041, 0.544072687625885, 0.4652823209762573, -0.0356297567486763, 0.5238965749740601, 0.41438543796539307, -0.048188481479883194, 0.5062316656112671, 0.3693172335624695, -0.05715884640812874, 0.5598034858703613, 0.575646162033081, -0.023879973217844963, 0.5276948809623718, 0.5123573541641235, -0.03890110179781914, 0.50983726978302, 0.4683336615562439, -0.04918026924133301, 0.49494895339012146, 0.4273531436920166, -0.055748019367456436, 0.5498839020729065, 0.6195240616798401, -0.028753774240612984, 0.5197926759719849, 0.5804266929626465, -0.04282904043793678, 0.5022145509719849, 0.5492711067199707, -0.05011778697371483, 0.4865131378173828, 0.5151684284210205, -0.05456790700554848]",[]
"[0.6333248019218445, 0.7107532024383545, 2.3151314110236854e-07, 0.6628150939941406, 0.6418527364730835, -0.01983516477048397, 0.6684266328811646, 0.5547704100608826, -0.028405066579580307, 0.669792890548706, 0.48181265592575073, -0.035809945315122604, 0.6864178776741028, 0.4285256266593933, -0.04338996112346649, 0.6047523617744446, 0.5088099241256714, -0.015159194357693195, 0.5776292681694031, 0.43797144293785095, -0.028105193749070168, 0.5605273842811584, 0.3972243070602417, -0.03881426900625229, 0.5455911159515381, 0.3633948266506195, -0.04703555256128311, 0.5787449479103088, 0.5312117338180542, -0.015567542985081673, 0.5472774505615234, 0.4538841247558594, -0.02809317409992218, 0.5276418328285217, 0.4016687870025635, -0.04023529589176178, 0.510897159576416, 0.35715651512145996, -0.04917056858539581, 0.5607221722602844, 0.5653654336929321, -0.018496530130505562, 0.5296080708503723, 0.49819931387901306, -0.031631745398044586, 0.5124208331108093, 0.4529935121536255, -0.04221389815211296, 0.49830129742622375, 0.41202688217163086, -0.049264244735240936, 0.5493975877761841, 0.608044445514679, -0.023236025124788284, 0.5197028517723083, 0.5671934485435486, -0.03601285442709923, 0.5019329786300659, 0.5376490354537964, -0.04306299239397049, 0.486457884311676, 0.5059806108474731, -0.04741453006863594]",[]
"[0.6384291648864746, 0.6999146342277527, 3.027811317224405e-07, 0.6657525300979614, 0.6336747407913208, -0.022428415715694427, 0.6694480776786804, 0.5486686825752258, -0.032523784786462784, 0.6701282858848572, 0.47499409317970276, -0.04083211347460747, 0.6873173713684082, 0.41961756348609924, -0.04907853156328201, 0.6054056882858276, 0.49861839413642883, -0.016781946644186974, 0.5777403116226196, 0.4274703860282898, -0.02959779091179371, 0.5599144697189331, 0.3859366476535797, -0.04001343250274658, 0.5441797971725464, 0.35097283124923706, -0.04812774807214737, 0.5796393156051636, 0.5223576426506042, -0.015968935564160347, 0.5471280813217163, 0.4454381763935089, -0.02884656749665737, 0.5274937152862549, 0.3930822014808655, -0.04082915186882019, 0.5108758211135864, 0.3480796217918396, -0.049309730529785156, 0.5615528225898743, 0.5581580996513367, -0.01784786954522133, 0.5299906134605408, 0.4913390278816223, -0.03151024505496025, 0.5125954151153564, 0.44542497396469116, -0.0421074703335762, 0.49862876534461975, 0.4042831063270569, -0.048771314322948456, 0.5504776835441589, 0.6027398705482483, -0.021715864539146423, 0.5212258100509644, 0.5614266395568848, -0.0347161740064621, 0.5040279626846313, 0.5305760502815247, -0.041899003088474274, 0.4889427423477173, 0.4972226023674011, -0.046116650104522705]",[]
"[0.5875921845436096, 0.6743966937065125, 3.7815752307324146e-07, 0.6144786477088928, 0.6112370491027832, -0.020329119637608528, 0.6183357834815979, 0.5263300538063049, -0.029556913301348686, 0.622003972530365, 0.45566555857658386, -0.03763351961970329, 0.6448607444763184, 0.40840497612953186, -0.04600296914577484, 0.5556244254112244, 0.4619513750076294, -0.013452538289129734, 0.5362164378166199, 0.3856639564037323, -0.026059137657284737, 0.522953987121582, 0.3393540382385254, -0.037425003945827484, 0.5115708112716675, 0.30018875002861023, -0.046102963387966156, 0.5313597917556763, 0.4844724237918854, -0.01394331268966198, 0.5067588090896606, 0.4011651277542114, -0.025216028094291687, 0.4919412136077881, 0.34621039032936096, -0.036308653652668, 0.48013943433761597, 0.29937392473220825, -0.044256314635276794, 0.5133237838745117, 0.5203962326049805, -0.01713929884135723, 0.4883798360824585, 0.4422938823699951, -0.028963807970285416, 0.47590652108192444, 0.3914146423339844, -0.03806472569704056, 0.4669099748134613, 0.3468098044395447, -0.043917376548051834, 0.49965280294418335, 0.5687952041625977, -0.022435251623392105, 0.4757472574710846, 0.5157614350318909, -0.033813923597335815, 0.46334928274154663, 0.4791308343410492, -0.0392720103263855, 0.45324891805648804, 0.44270268082618713, -0.04227958247065544]",[]
"[0.5808201432228088, 0.6403715014457703, 2.649130976806191e-07, 0.6077412366867065, 0.590056300163269, -0.02104865200817585, 0.6176822781562805, 0.5155476331710815, -0.031119029968976974, 0.6263003349304199, 0.453152596950531, -0.03897480666637421, 0.6418584585189819, 0.4093616008758545, -0.046982910484075546, 0.5634325742721558, 0.4478195309638977, -0.016819674521684647, 0.5430014133453369, 0.371098130941391, -0.028015928342938423, 0.5294687747955322, 0.3199787735939026, -0.03806537762284279, 0.5182890295982361, 0.2792794704437256, -0.046046577394008636, 0.5399230718612671, 0.4595866799354553, -0.014723881147801876, 0.5136358141899109, 0.3808841407299042, -0.02534102462232113, 0.49810048937797546, 0.3215276598930359, -0.03711085021495819, 0.4861953556537628, 0.2752086818218231, -0.04668703302741051, 0.5241552591323853, 0.47957322001457214, -0.014875912107527256, 0.49983295798301697, 0.4096945822238922, -0.025632448494434357, 0.4844539761543274, 0.3572031259536743, -0.03555256500840187, 0.47403666377067566, 0.3159754276275635, -0.042795028537511826, 0.5160449743270874, 0.507616400718689, -0.01701628789305687, 0.4950370788574219, 0.452810138463974, -0.02819168008863926, 0.4810918867588043, 0.41423946619033813, -0.03529445827007294, 0.4702097475528717, 0.3786393702030182, -0.04019584506750107]",[]
"[0.6356607675552368, 0.6952016949653625, 3.156588661568094e-07, 0.6635768413543701, 0.6295132637023926, -0.023551426827907562, 0.6675040125846863, 0.5446064472198486, -0.034143611788749695, 0.6680536866188049, 0.4709143042564392, -0.04269466921687126, 0.6850760579109192, 0.41545867919921875, -0.05121967941522598, 0.6021899580955505, 0.49572867155075073, -0.01840571127831936, 0.5743191242218018, 0.42596399784088135, -0.031176529824733734, 0.5561540722846985, 0.3842221200466156, -0.041244689375162125, 0.5400341749191284, 0.3489108085632324, -0.04913349449634552, 0.5766513347625732, 0.5196948051452637, -0.01712128333747387, 0.5432103276252747, 0.4425467848777771, -0.029833193868398666, 0.5231163501739502, 0.3900008797645569, -0.041235584765672684, 0.5062825679779053, 0.3447634279727936, -0.049194544553756714, 0.5593863725662231, 0.5554375648498535, -0.018570661544799805, 0.5272775888442993, 0.4892582595348358, -0.0321165956556797, 0.5097869038581848, 0.4431511163711548, -0.04253286495804787, 0.4958494007587433, 0.401549756526947, -0.0490013025701046, 0.5493401885032654, 0.5997410416603088, -0.022099755704402924, 0.5192779898643494, 0.559641420841217, -0.03498098626732826, 0.5016644597053528, 0.5296227335929871, -0.042135145515203476, 0.48633813858032227, 0.49672624468803406, -0.04632393643260002]",[]
"[0.628390371799469, 0.7023649215698242, 2.3837667129100737e-07, 0.6580748558044434, 0.6324678659439087, -0.019582321867346764, 0.6638108491897583, 0.5455133318901062, -0.02773604914546013, 0.664188802242279, 0.4718380868434906, -0.03471067175269127, 0.6799458265304565, 0.41708773374557495, -0.041627466678619385, 0.5985660552978516, 0.4939787983894348, -0.012891681864857674, 0.5705050230026245, 0.4229639172554016, -0.025103915482759476, 0.5529401302337646, 0.38188713788986206, -0.03519350290298462, 0.5383986830711365, 0.34811699390411377, -0.0429912768304348, 0.5732412338256836, 0.5168951749801636, -0.01324060745537281, 0.5403702855110168, 0.43993282318115234, -0.025420615449547768, 0.5206289887428284, 0.388217955827713, -0.03726738318800926, 0.5043306350708008, 0.34429633617401123, -0.04577890783548355, 0.5562225580215454, 0.5521986484527588, -0.016212819144129753, 0.5237311720848083, 0.4868810772895813, -0.02925040014088154, 0.5061877965927124, 0.4426070749759674, -0.03940693289041519, 0.4919697046279907, 0.4020954966545105, -0.04602823406457901, 0.5460602641105652, 0.5966917872428894, -0.021026698872447014, 0.514849841594696, 0.559517502784729, -0.03405511751770973, 0.49648672342300415, 0.5298069715499878, -0.04132165014743805, 0.48061490058898926, 0.4957823157310486, -0.045677438378334045]",[]
"[0.6208450794219971, 0.7012296319007874, 2.009966095783966e-07, 0.6532266736030579, 0.6322754621505737, -0.02029237151145935, 0.6619049310684204, 0.5419493317604065, -0.028649963438510895, 0.6617348790168762, 0.4672693610191345, -0.035594433546066284, 0.6776102781295776, 0.4135415256023407, -0.04268644005060196, 0.5942797660827637, 0.49233704805374146, -0.017103103920817375, 0.56742924451828, 0.42220383882522583, -0.03054650127887726, 0.5497732162475586, 0.38078832626342773, -0.041100431233644485, 0.5351213216781616, 0.3470025062561035, -0.04924725741147995, 0.5683007836341858, 0.5157297253608704, -0.017369680106639862, 0.5361176133155823, 0.4395916163921356, -0.03078395314514637, 0.516269326210022, 0.38813745975494385, -0.042707037180662155, 0.499421626329422, 0.34444814920425415, -0.051408007740974426, 0.551880419254303, 0.551345944404602, -0.020025622099637985, 0.519279956817627, 0.48627153038978577, -0.03362848237156868, 0.5017910599708557, 0.44319814443588257, -0.04287443682551384, 0.4871823787689209, 0.40276899933815, -0.048996541649103165, 0.5424093008041382, 0.5967351198196411, -0.024585962295532227, 0.5108153223991394, 0.558505654335022, -0.037832386791706085, 0.4924190044403076, 0.5285940170288086, -0.04471757262945175, 0.4759821891784668, 0.49410203099250793, -0.048905469477176666]",[]
"[0.6132118701934814, 0.6993488073348999, 2.387912729773234e-07, 0.6448562741279602, 0.6282803416252136, -0.02205647900700569, 0.6543653011322021, 0.542022168636322, -0.0327659510076046, 0.6530466079711914, 0.47053128480911255, -0.041661057621240616, 0.6689666509628296, 0.4158397614955902, -0.05092263221740723, 0.5880497694015503, 0.4956895709037781, -0.02270897664129734, 0.5586117506027222, 0.4291742444038391, -0.03780989721417427, 0.5402498245239258, 0.3882729709148407, -0.04892938956618309, 0.5250499844551086, 0.35372963547706604, -0.057168591767549515, 0.5612618327140808, 0.5210472345352173, -0.022813143208622932, 0.5273215174674988, 0.4438241124153137, -0.03727748990058899, 0.5072884559631348, 0.39297598600387573, -0.048592183738946915, 0.49104276299476624, 0.34931087493896484, -0.05648822337388992, 0.5443577766418457, 0.5583808422088623, -0.025190452113747597, 0.5114368796348572, 0.49246805906295776, -0.03974916785955429, 0.4927864074707031, 0.44984161853790283, -0.048590466380119324, 0.4779565632343292, 0.4099816083908081, -0.054182473570108414, 0.5343635678291321, 0.6048246622085571, -0.029513655230402946, 0.5030501484870911, 0.5668511986732483, -0.04332000017166138, 0.48501741886138916, 0.5383318066596985, -0.04956948757171631, 0.4689326584339142, 0.5066656470298767, -0.0530419796705246]",[]
"[0.6106400489807129, 0.704427182674408, 2.563500345331704e-07, 0.6423668265342712, 0.6252215504646301, -0.018986526876688004, 0.6469727754592896, 0.5451934337615967, -0.028838058933615685, 0.6457781195640564, 0.4750720262527466, -0.037908926606178284, 0.659723162651062, 0.4193570017814636, -0.047523047775030136, 0.5796346664428711, 0.5028557181358337, -0.01795271597802639, 0.5496009588241577, 0.43603119254112244, -0.03243785724043846, 0.5304328203201294, 0.39499491453170776, -0.04355401545763016, 0.5142754912376404, 0.3602842688560486, -0.051962003111839294, 0.555111289024353, 0.5298606753349304, -0.01946057379245758, 0.5202286839485168, 0.45599284768104553, -0.03437063843011856, 0.49862465262413025, 0.4060297906398773, -0.04676930233836174, 0.48037010431289673, 0.36179569363594055, -0.055501122027635574, 0.5391518473625183, 0.5693256855010986, -0.023149626329541206, 0.5057872533798218, 0.5045079588890076, -0.03822830691933632, 0.4857386648654938, 0.4596978425979614, -0.04807977005839348, 0.4694612920284271, 0.41770973801612854, -0.05418480187654495, 0.5297611951828003, 0.617276668548584, -0.028541596606373787, 0.49785247445106506, 0.5799879431724548, -0.042837563902139664, 0.47838443517684937, 0.549837052822113, -0.04979638010263443, 0.4610308110713959, 0.5170904397964478, -0.05378055199980736]",[]
"[0.6104077696800232, 0.7062557935714722, 2.389434712313232e-07, 0.639686107635498, 0.6295830607414246, -0.018680086359381676, 0.6412110924720764, 0.5520316958427429, -0.02842811867594719, 0.6386798024177551, 0.48231634497642517, -0.037208441644907, 0.6535561084747314, 0.4282848536968231, -0.04665498062968254, 0.574588418006897, 0.5125390291213989, -0.019858650863170624, 0.5430619716644287, 0.44514113664627075, -0.03413980081677437, 0.5229234099388123, 0.404346764087677, -0.04472821205854416, 0.5058278441429138, 0.37033963203430176, -0.05282573029398918, 0.5502145290374756, 0.5398002862930298, -0.0210261307656765, 0.5143343210220337, 0.46717017889022827, -0.03584372252225876, 0.491953045129776, 0.4179859757423401, -0.04769141972064972, 0.47306662797927856, 0.37497690320014954, -0.056090470403432846, 0.5342741012573242, 0.5789960026741028, -0.02412218600511551, 0.4994906783103943, 0.5153260231018066, -0.038983795791864395, 0.4791836142539978, 0.47148260474205017, -0.04887005314230919, 0.4626781940460205, 0.430137038230896, -0.055099375545978546, 0.5252372622489929, 0.6257140636444092, -0.02877337858080864, 0.49235260486602783, 0.5893405675888062, -0.043295491486787796, 0.4724200963973999, 0.5607086420059204, -0.050714533776044846, 0.4549191892147064, 0.5291457772254944, -0.054956529289484024]",[]
"[0.6067407727241516, 0.7194049954414368, 2.4437369461338676e-07, 0.6361280083656311, 0.642625629901886, -0.01816829852759838, 0.6382796764373779, 0.5611120462417603, -0.027427084743976593, 0.6365324258804321, 0.4901343286037445, -0.03580763190984726, 0.6494523286819458, 0.434086412191391, -0.044691964983940125, 0.5713916420936584, 0.5227026343345642, -0.01836659014225006, 0.5389432311058044, 0.4568929672241211, -0.03252308443188667, 0.5186264514923096, 0.41691914200782776, -0.04307933896780014, 0.5014078617095947, 0.38320794701576233, -0.051085494458675385, 0.5472323298454285, 0.5516327023506165, -0.01983622834086418, 0.5105150938034058, 0.48104214668273926, -0.03477761894464493, 0.4878792464733124, 0.4323177933692932, -0.046959616243839264, 0.4685021936893463, 0.38935256004333496, -0.05553436651825905, 0.5318667888641357, 0.5917215943336487, -0.023278700187802315, 0.497369647026062, 0.5299462676048279, -0.03807173669338226, 0.4765770435333252, 0.48613810539245605, -0.0477106086909771, 0.4592730402946472, 0.44492408633232117, -0.05368052423000336, 0.5238730311393738, 0.6384692192077637, -0.02831559255719185, 0.49085181951522827, 0.6019307971000671, -0.0424065962433815, 0.47065556049346924, 0.5729103684425354, -0.049359794706106186, 0.45252296328544617, 0.5409040451049805, -0.05328267812728882]",[]
"[0.602977454662323, 0.743041455745697, 1.7107626604229154e-07, 0.6321950554847717, 0.662595272064209, -0.018894705921411514, 0.6364414095878601, 0.5731337070465088, -0.02799377590417862, 0.6327812075614929, 0.502238392829895, -0.036295369267463684, 0.6468906402587891, 0.4478136897087097, -0.04517148435115814, 0.5678048133850098, 0.5301934480667114, -0.016519198194146156, 0.5346996784210205, 0.46748724579811096, -0.03041469119489193, 0.5137916803359985, 0.4313325881958008, -0.041839830577373505, 0.4962104856967926, 0.39980462193489075, -0.05079027637839317, 0.5426284074783325, 0.560758650302887, -0.01801423728466034, 0.5048204064369202, 0.48993444442749023, -0.031379133462905884, 0.482361376285553, 0.4430605471134186, -0.0430024079978466, 0.4635746479034424, 0.4012008607387543, -0.05160422623157501, 0.5273610353469849, 0.600933313369751, -0.021887164562940598, 0.4905838370323181, 0.5386789441108704, -0.03568825125694275, 0.47054624557495117, 0.49782899022102356, -0.04435305297374725, 0.45408153533935547, 0.45842936635017395, -0.05017483979463577, 0.5202748775482178, 0.6480252742767334, -0.02769211307168007, 0.4864013195037842, 0.6129228472709656, -0.041186247020959854, 0.4659455418586731, 0.5860990285873413, -0.04726714268326759, 0.4480523467063904, 0.5553839802742004, -0.05084359645843506]",[]
"[0.5989071130752563, 0.7577131986618042, 1.4373594581229554e-07, 0.6288110613822937, 0.6796671152114868, -0.01998458243906498, 0.632900059223175, 0.5883262157440186, -0.02866250090301037, 0.6278828978538513, 0.5161682367324829, -0.03617917746305466, 0.6400853395462036, 0.4612228572368622, -0.04397987201809883, 0.5616984367370605, 0.5467855930328369, -0.01618959754705429, 0.5268316268920898, 0.4834456443786621, -0.030158372595906258, 0.5046793818473816, 0.4489821195602417, -0.04160057753324509, 0.48583242297172546, 0.42048996686935425, -0.050384268164634705, 0.5371546745300293, 0.5782195925712585, -0.017027199268341064, 0.4986121356487274, 0.5074552297592163, -0.030198827385902405, 0.4749716818332672, 0.46038734912872314, -0.04235014691948891, 0.45451682806015015, 0.42045819759368896, -0.051496583968400955, 0.5228257179260254, 0.6186335682868958, -0.02043161913752556, 0.48557591438293457, 0.5578235983848572, -0.034161269664764404, 0.4659540057182312, 0.5155426859855652, -0.043606698513031006, 0.44943106174468994, 0.47724878787994385, -0.04999144375324249, 0.5166332721710205, 0.6658225059509277, -0.025806952267885208, 0.48351889848709106, 0.6292527318000793, -0.03908074274659157, 0.46403002738952637, 0.6000189781188965, -0.04551083967089653, 0.44712960720062256, 0.5689404010772705, -0.04945420101284981]",[]
"[0.6078593134880066, 0.7458181977272034, 2.1357897139751003e-07, 0.6313463449478149, 0.6746965050697327, -0.023244306445121765, 0.6307756900787354, 0.594484269618988, -0.033793188631534576, 0.6240113377571106, 0.5260396599769592, -0.04261988773941994, 0.6374636292457581, 0.4730965495109558, -0.05127376690506935, 0.5584920644760132, 0.5594700574874878, -0.018814407289028168, 0.5232676267623901, 0.4973949193954468, -0.032856207340955734, 0.5009593963623047, 0.4620911180973053, -0.043986398726701736, 0.48244136571884155, 0.433136910200119, -0.05248243734240532, 0.5343359112739563, 0.5903784036636353, -0.017635121941566467, 0.4954412579536438, 0.5240686535835266, -0.03177493438124657, 0.47057804465293884, 0.47704941034317017, -0.0441092923283577, 0.44958174228668213, 0.43717437982559204, -0.05297181382775307, 0.5210589170455933, 0.6295197606086731, -0.019144130870699883, 0.48388954997062683, 0.5726743340492249, -0.033459290862083435, 0.4635128378868103, 0.5300204157829285, -0.04352416843175888, 0.4464849531650543, 0.491024911403656, -0.04994598403573036, 0.5160964131355286, 0.6740315556526184, -0.022757738828659058, 0.482772558927536, 0.640953004360199, -0.03653469309210777, 0.46277284622192383, 0.6130678057670593, -0.04389404505491257, 0.445007860660553, 0.5827635526657104, -0.048288438469171524]",[]
"[0.5803442597389221, 0.6365630626678467, 3.3893849149535527e-07, 0.6086664795875549, 0.5899443030357361, -0.01985069550573826, 0.6186590194702148, 0.5114538073539734, -0.028856655582785606, 0.6270216703414917, 0.44733524322509766, -0.03637026250362396, 0.6464403867721558, 0.40620148181915283, -0.04428749531507492, 0.5639907717704773, 0.4381626844406128, -0.017598140984773636, 0.5484316349029541, 0.35998937487602234, -0.03057135082781315, 0.5364924669265747, 0.30897125601768494, -0.041184525936841965, 0.5248711705207825, 0.2673279643058777, -0.04962365701794624, 0.538204550743103, 0.45329344272613525, -0.018650472164154053, 0.5184191465377808, 0.3656764626502991, -0.031236039474606514, 0.5064166784286499, 0.3065152168273926, -0.04383591189980507, 0.49661219120025635, 0.2588547468185425, -0.053434208035469055, 0.5196502208709717, 0.4838118553161621, -0.021935144439339638, 0.4996125102043152, 0.4080519378185272, -0.03614466264843941, 0.4868249297142029, 0.35716110467910767, -0.04783384129405022, 0.47713470458984375, 0.31552308797836304, -0.055458344519138336, 0.5075805187225342, 0.5269251465797424, -0.026835385710000992, 0.48568499088287354, 0.47740277647972107, -0.041113968938589096, 0.47198978066444397, 0.4442708194255829, -0.04948264732956886, 0.46017080545425415, 0.41128671169281006, -0.054645929485559464]","[0.45728224515914917, 0.7144362926483154, -2.827517597836504e-08, 0.5027867555618286, 0.7127116918563843, 0.002087370026856661, 0.532431423664093, 0.6700632572174072, -0.0006616801838390529, 0.5401601195335388, 0.6079380512237549, -0.0021231963764876127, 0.5317338109016418, 0.5657429695129395, -0.003759822342544794, 0.5380344986915588, 0.6524472236633301, -0.02414722740650177, 0.5631377696990967, 0.5755762457847595, -0.030310500413179398, 0.5601016879081726, 0.565438449382782, -0.028220681473612785, 0.5509504079818726, 0.5771809816360474, -0.024700341746211052, 0.5152307748794556, 0.6136696338653564, -0.026245173066854477, 0.5419742465019226, 0.5226221680641174, -0.03319975361227989, 0.5419259667396545, 0.5242497324943542, -0.030568569898605347, 0.5327402353286743, 0.5479177236557007, -0.026608839631080627, 0.4914049804210663, 0.5838268995285034, -0.02596934884786606, 0.5169774889945984, 0.4990015923976898, -0.0280794408172369, 0.5192496180534363, 0.5065403580665588, -0.023361869156360626, 0.5123741626739502, 0.5261563062667847, -0.019501058384776115, 0.4701024293899536, 0.568422794342041, -0.024307405576109886, 0.48464056849479675, 0.5018436908721924, -0.02387852966785431, 0.4865387976169586, 0.5016021132469177, -0.01889011077582836, 0.4817531108856201, 0.5122966170310974, -0.014397005550563335]"
"[0.6075773239135742, 0.7476059198379517, 2.228323552344591e-07, 0.6310129761695862, 0.67722487449646, -0.024609364569187164, 0.6288426518440247, 0.5977396368980408, -0.037041496485471725, 0.622125506401062, 0.5281623005867004, -0.047313909977674484, 0.638324499130249, 0.473771333694458, -0.05760367959737778, 0.560134768486023, 0.5621355772018433, -0.023880133405327797, 0.5237263441085815, 0.5008418560028076, -0.03882943093776703, 0.5008437037467957, 0.464684396982193, -0.04979638382792473, 0.48191893100738525, 0.4352891445159912, -0.05814133211970329, 0.5360130071640015, 0.5931885838508606, -0.021964507177472115, 0.495836466550827, 0.5259259939193726, -0.03697631135582924, 0.47078055143356323, 0.4782557785511017, -0.04844648018479347, 0.4502585530281067, 0.437922865152359, -0.056604381650686264, 0.5218847393989563, 0.6333134770393372, -0.02260459214448929, 0.4840039014816284, 0.573650062084198, -0.03780825063586235, 0.4626355469226837, 0.5317058563232422, -0.047533683478832245, 0.4453657567501068, 0.49338433146476746, -0.05364692211151123, 0.5160202980041504, 0.6777870059013367, -0.025312136858701706, 0.4825308322906494, 0.6421116590499878, -0.03989386558532715, 0.4630506634712219, 0.6140033006668091, -0.047573450952768326, 0.44629254937171936, 0.5832816958427429, -0.05223312973976135]",[]
[],"[0.5276501178741455, 0.8723275661468506, -7.475438934534395e-08, 0.5774427056312561, 0.819983959197998, -0.007180293556302786, 0.6104925274848938, 0.7140954732894897, -0.014902171678841114, 0.6236954927444458, 0.610200822353363, -0.019737938418984413, 0.6316335201263428, 0.5307682752609253, -0.024630270898342133, 0.5999199151992798, 0.7389460206031799, -0.044840361922979355, 0.6022000908851624, 0.6147275567054749, -0.060171835124492645, 0.6003060340881348, 0.6268240809440613, -0.06236742064356804, 0.5973264575004578, 0.6593470573425293, -0.060037024319171906, 0.5638906955718994, 0.7397693395614624, -0.044950950890779495, 0.5711198449134827, 0.6091482043266296, -0.054087743163108826, 0.5727643370628357, 0.6334232091903687, -0.04926014691591263, 0.5699521899223328, 0.6771124005317688, -0.046154897660017014, 0.5308365225791931, 0.7394953966140747, -0.04341783747076988, 0.5437294840812683, 0.6188480854034424, -0.048440709710121155, 0.5479482412338257, 0.6432629823684692, -0.03728165850043297, 0.5464015007019043, 0.6836398839950562, -0.030538976192474365, 0.5022324323654175, 0.7364580035209656, -0.04153405874967575, 0.5180901885032654, 0.6419512033462524, -0.045288749039173126, 0.5255425572395325, 0.6580929756164551, -0.037693094462156296, 0.525629997253418, 0.6869837045669556, -0.032261304557323456]"
"[0.6087438464164734, 0.7505459785461426, 2.0342758944025263e-07, 0.6355865597724915, 0.6728380918502808, -0.022016415372490883, 0.635073721408844, 0.5901603698730469, -0.03172767534852028, 0.6280599236488342, 0.5197696685791016, -0.040090594440698624, 0.641216516494751, 0.46425819396972656, -0.048218511044979095, 0.5625377893447876, 0.551868200302124, -0.015059703029692173, 0.5282387137413025, 0.48853111267089844, -0.028469229117035866, 0.5066672563552856, 0.45236286520957947, -0.03943818062543869, 0.4887124300003052, 0.4213481545448303, -0.04787936061620712, 0.5386995673179626, 0.5818730592727661, -0.014425232075154781, 0.49968141317367554, 0.5137227177619934, -0.02780815027654171, 0.47573041915893555, 0.46623891592025757, -0.039467886090278625, 0.4559568762779236, 0.42476576566696167, -0.047730617225170135, 0.524635910987854, 0.6204051375389099, -0.016688434407114983, 0.48781490325927734, 0.5613950490951538, -0.030653521418571472, 0.46742740273475647, 0.5186543464660645, -0.03970649838447571, 0.4510507583618164, 0.47901180386543274, -0.04523297771811485, 0.5186852812767029, 0.6648384928703308, -0.021155212074518204, 0.48547524213790894, 0.6305882334709167, -0.03452209010720253, 0.465658962726593, 0.6025419235229492, -0.04091005399823189, 0.44869816303253174, 0.5723483562469482, -0.044436581432819366]",[]
"[0.5967761278152466, 0.762336254119873, 1.035760490708526e-07, 0.6315888166427612, 0.6868661642074585, -0.021961398422718048, 0.6398065686225891, 0.5948253870010376, -0.03150654584169388, 0.6344931721687317, 0.5194219946861267, -0.03935087099671364, 0.6481845378875732, 0.46167075634002686, -0.04729565978050232, 0.5691418647766113, 0.5482466220855713, -0.01761838048696518, 0.5346551537513733, 0.4821023643016815, -0.03170711174607277, 0.5132724642753601, 0.4459836781024933, -0.043256912380456924, 0.49490463733673096, 0.4148244261741638, -0.052264031022787094, 0.543704092502594, 0.576787531375885, -0.01705440692603588, 0.505584716796875, 0.5045208930969238, -0.03043028712272644, 0.48253849148750305, 0.45608481764793396, -0.04309849068522453, 0.4620487093925476, 0.4134328067302704, -0.052805691957473755, 0.5284010171890259, 0.6143072247505188, -0.019132563844323158, 0.4918820858001709, 0.5522626638412476, -0.03334759548306465, 0.47234290838241577, 0.509019672870636, -0.04345797002315521, 0.4552605152130127, 0.4679267108440399, -0.05041394755244255, 0.521112859249115, 0.6592805981636047, -0.023239340633153915, 0.48854875564575195, 0.6219519376754761, -0.03716302663087845, 0.4695277214050293, 0.5934070348739624, -0.0442243255674839, 0.4524596929550171, 0.562477707862854, -0.04861556366086006]",[]
"[0.6029822826385498, 0.7495390176773071, 1.7725598411288956e-07, 0.6355817317962646, 0.6711618900299072, -0.019158553332090378, 0.6410717964172363, 0.5809280872344971, -0.02721838839352131, 0.6379522085189819, 0.5068219900131226, -0.03432665765285492, 0.6534110903739929, 0.45163601636886597, -0.041648682206869125, 0.5726739168167114, 0.5360854268074036, -0.012945691123604774, 0.5409532189369202, 0.4712042808532715, -0.025594742968678474, 0.5204602479934692, 0.4352858364582062, -0.03625035658478737, 0.5034940838813782, 0.4046710729598999, -0.04463401064276695, 0.5476524233818054, 0.5628319382667542, -0.013583757914602757, 0.5110514760017395, 0.4925055205821991, -0.02644255757331848, 0.4885167181491852, 0.4451354146003723, -0.038487788289785385, 0.46958839893341064, 0.4033162593841553, -0.04707831144332886, 0.5321914553642273, 0.600775957107544, -0.01673874817788601, 0.49670061469078064, 0.5384705066680908, -0.030189912766218185, 0.4770738184452057, 0.4978865385055542, -0.039745621383190155, 0.46064263582229614, 0.4589144289493561, -0.045828986912965775, 0.525479257106781, 0.6468949913978577, -0.02180204913020134, 0.49274203181266785, 0.610963761806488, -0.03495749458670616, 0.47270289063453674, 0.5835503935813904, -0.041649315506219864, 0.45482537150382996, 0.5522083640098572, -0.045470092445611954]",[]
"[0.6155184507369995, 0.7129515409469604, 2.9412970548037265e-07, 0.644119918346405, 0.6441487073898315, -0.026206109672784805, 0.6473367214202881, 0.5681156516075134, -0.039410851895809174, 0.6453007459640503, 0.49877703189849854, -0.05017296224832535, 0.6592282652854919, 0.4415878355503082, -0.06098334118723869, 0.5760878920555115, 0.5252180099487305, -0.025228425860404968, 0.5464010834693909, 0.4609873592853546, -0.04087426885962486, 0.5265939831733704, 0.42187732458114624, -0.0525951161980629, 0.5096719861030579, 0.38813257217407227, -0.0614306665956974, 0.5519638657569885, 0.5525302886962891, -0.023056456819176674, 0.5166667699813843, 0.48225101828575134, -0.03945385292172432, 0.4941980242729187, 0.4330991506576538, -0.052073780447244644, 0.4753047227859497, 0.38843047618865967, -0.06071040406823158, 0.5374264717102051, 0.5907585024833679, -0.023526927456259727, 0.5033849477767944, 0.5284394025802612, -0.04003073647618294, 0.4838901460170746, 0.48366934061050415, -0.05045255273580551, 0.46819961071014404, 0.441317617893219, -0.056591298431158066, 0.530436635017395, 0.6354657411575317, -0.02622123993933201, 0.49884089827537537, 0.5987604856491089, -0.04157477989792824, 0.4793888330459595, 0.5701865553855896, -0.049441948533058167, 0.4615958333015442, 0.5385616421699524, -0.05386365205049515]",[]
"[0.6190700531005859, 0.7105024456977844, 3.02208576385965e-07, 0.6465161442756653, 0.6389049291610718, -0.023874346166849136, 0.6487069129943848, 0.5603123307228088, -0.036351416260004044, 0.6465603113174438, 0.48971590399742126, -0.04683202505111694, 0.661030650138855, 0.4334968626499176, -0.05746281147003174, 0.5786812901496887, 0.5224410891532898, -0.025301000103354454, 0.5471507906913757, 0.45588093996047974, -0.04114849492907524, 0.5271335244178772, 0.4151821732521057, -0.052508216351270676, 0.5099489092826843, 0.38009896874427795, -0.061082251369953156, 0.554696798324585, 0.5494883060455322, -0.024755951017141342, 0.5184360146522522, 0.47643041610717773, -0.041591666638851166, 0.49586188793182373, 0.4271548390388489, -0.05451619625091553, 0.4769807755947113, 0.38326990604400635, -0.06346374750137329, 0.5398318767547607, 0.5880123376846313, -0.026427011936903, 0.50560462474823, 0.5250130295753479, -0.042742446064949036, 0.4850779175758362, 0.48052677512168884, -0.05308132246136665, 0.4683367908000946, 0.43891093134880066, -0.05935194343328476, 0.5317257642745972, 0.6344010233879089, -0.030116820707917213, 0.49979329109191895, 0.5957227945327759, -0.0450349785387516, 0.48057350516319275, 0.5666018724441528, -0.0523667111992836, 0.46276798844337463, 0.5350842475891113, -0.05658169090747833]",[]
"[0.6141878366470337, 0.7100568413734436, 3.569531941138848e-07, 0.6438416838645935, 0.6388055682182312, -0.02622988075017929, 0.647179901599884, 0.5622993111610413, -0.03947430104017258, 0.6437534093856812, 0.49385225772857666, -0.050205912441015244, 0.6562555432319641, 0.43778273463249207, -0.06092474237084389, 0.573785662651062, 0.524673581123352, -0.026585513725876808, 0.5431563258171082, 0.46137237548828125, -0.042024772614240646, 0.5222067832946777, 0.42275771498680115, -0.05321327596902847, 0.5038167834281921, 0.38981717824935913, -0.061663918197155, 0.5491805672645569, 0.5536086559295654, -0.024335939437150955, 0.5127528309822083, 0.4840857982635498, -0.04069554805755615, 0.48984894156455994, 0.4361562430858612, -0.05285816639661789, 0.4704052805900574, 0.39299383759498596, -0.06108127161860466, 0.5342592000961304, 0.5931544899940491, -0.024531954899430275, 0.4997953772544861, 0.5330438613891602, -0.040554653853178024, 0.48077380657196045, 0.48997876048088074, -0.05032915249466896, 0.4654078185558319, 0.449707955121994, -0.05587166175246239, 0.5264190435409546, 0.6393985152244568, -0.026957817375659943, 0.4947774112224579, 0.6017783284187317, -0.04134993255138397, 0.47650793194770813, 0.5743256211280823, -0.04835827648639679, 0.4601871371269226, 0.5439987778663635, -0.052175313234329224]",[]
"[0.6104899644851685, 0.712443470954895, 3.546987272784463e-07, 0.6415997743606567, 0.6405632495880127, -0.02560829371213913, 0.6455808877944946, 0.5656133890151978, -0.03874686732888222, 0.6418880224227905, 0.4973030984401703, -0.049587082117795944, 0.6540306806564331, 0.44138920307159424, -0.060484372079372406, 0.5707329511642456, 0.5298250317573547, -0.02550703100860119, 0.5385255217552185, 0.46672022342681885, -0.040414467453956604, 0.5167784094810486, 0.42852547764778137, -0.050950706005096436, 0.49881672859191895, 0.39666903018951416, -0.058785438537597656, 0.5466359257698059, 0.5592060685157776, -0.02327856793999672, 0.5089455842971802, 0.49002304673194885, -0.03893847018480301, 0.48495209217071533, 0.44323107600212097, -0.05058573931455612, 0.4649960994720459, 0.40175434947013855, -0.05840649828314781, 0.5320774912834167, 0.5981537699699402, -0.02347133867442608, 0.49677592515945435, 0.5378602147102356, -0.038814350962638855, 0.4762304723262787, 0.49666741490364075, -0.04865390807390213, 0.45960259437561035, 0.4587346911430359, -0.054324544966220856, 0.524724006652832, 0.6435433030128479, -0.02580205909907818, 0.49261561036109924, 0.6083177924156189, -0.03978713974356651, 0.4735602140426636, 0.5819631218910217, -0.04707182198762894, 0.45674437284469604, 0.5531173348426819, -0.051119159907102585]",[]
"[0.6102953553199768, 0.7275775671005249, 3.3046384828594455e-07, 0.6409812569618225, 0.6497847437858582, -0.022809654474258423, 0.6436656713485718, 0.5709055662155151, -0.03443732112646103, 0.6400883197784424, 0.5016250610351562, -0.04427473619580269, 0.6519604325294495, 0.4438273310661316, -0.0542445071041584, 0.5711737275123596, 0.5355552434921265, -0.022600572556257248, 0.5382331013679504, 0.4712734520435333, -0.03688010945916176, 0.516701877117157, 0.4330906867980957, -0.04696020483970642, 0.49828067421913147, 0.40096694231033325, -0.0546368807554245, 0.5475090742111206, 0.5668692588806152, -0.022049522027373314, 0.5087748765945435, 0.4961886405944824, -0.03783741220831871, 0.4849006235599518, 0.4485130310058594, -0.049771495163440704, 0.4648835062980652, 0.4068010151386261, -0.05775129050016403, 0.533525288105011, 0.6076624393463135, -0.023777490481734276, 0.49697911739349365, 0.5492973327636719, -0.039412613958120346, 0.4761439859867096, 0.505526602268219, -0.049278564751148224, 0.4593338966369629, 0.4649047255516052, -0.05481467768549919, 0.527006208896637, 0.6544291973114014, -0.02745666354894638, 0.49295979738235474, 0.6190682053565979, -0.041311170905828476, 0.4732844829559326, 0.5916961431503296, -0.048080846667289734, 0.4557928740978241, 0.5616980195045471, -0.05181565135717392]",[]
[],"[0.5685781240463257, 0.6362736821174622, 1.770927156030666e-07, 0.604219913482666, 0.5875886678695679, -0.01571129634976387, 0.6213020086288452, 0.5126796364784241, -0.023447763174772263, 0.6296464204788208, 0.4474588930606842, -0.029858935624361038, 0.6457899808883667, 0.4049212634563446, -0.037527527660131454, 0.5731201767921448, 0.43462100625038147, -0.018268002197146416, 0.5508909821510315, 0.35423845052719116, -0.030823849141597748, 0.5363544821739197, 0.3037753701210022, -0.04223344847559929, 0.5231108069419861, 0.2619054913520813, -0.0513315312564373, 0.5471193194389343, 0.4482850134372711, -0.020271575078368187, 0.5242915749549866, 0.35921257734298706, -0.032033953815698624, 0.5086913108825684, 0.2999924421310425, -0.045907437801361084, 0.49364733695983887, 0.2524638772010803, -0.05751316249370575, 0.5266692042350769, 0.47652751207351685, -0.023446600884199142, 0.5041385293006897, 0.40044885873794556, -0.03603389486670494, 0.489063560962677, 0.3465868830680847, -0.04757307842373848, 0.4767094850540161, 0.3032596707344055, -0.05632433667778969, 0.511172354221344, 0.5138363242149353, -0.027599528431892395, 0.48527687788009644, 0.46227914094924927, -0.04014916718006134, 0.4701000452041626, 0.42385348677635193, -0.04688006266951561, 0.4582383334636688, 0.3886033296585083, -0.051553674042224884]"
"[0.6143319010734558, 0.7310260534286499, 2.9993819339324546e-07, 0.6433296203613281, 0.6534526348114014, -0.021543197333812714, 0.6446824073791504, 0.5739880800247192, -0.032524093985557556, 0.641391396522522, 0.5035034418106079, -0.042196955531835556, 0.6543061137199402, 0.4458458423614502, -0.052107978612184525, 0.5712182521820068, 0.5394660830497742, -0.020565910264849663, 0.5375854969024658, 0.4757842421531677, -0.03535602614283562, 0.5157071948051453, 0.4377877712249756, -0.04601744934916496, 0.4974098205566406, 0.4058140814304352, -0.053997304290533066, 0.5478005409240723, 0.57159024477005, -0.02074306830763817, 0.5085556507110596, 0.5020511150360107, -0.03646998852491379, 0.48462462425231934, 0.45466384291648865, -0.048357341438531876, 0.464626669883728, 0.412820041179657, -0.05639300495386124, 0.5345166921615601, 0.613238513469696, -0.023329151794314384, 0.4977494776248932, 0.5555053949356079, -0.03890993073582649, 0.4764653742313385, 0.5119601488113403, -0.04857901856303215, 0.45908528566360474, 0.47137850522994995, -0.05412398278713226, 0.5293144583702087, 0.6603318452835083, -0.02787255123257637, 0.49573609232902527, 0.6256537437438965, -0.04191991686820984, 0.47530171275138855, 0.5979152917861938, -0.048844125121831894, 0.4569188058376312, 0.567638099193573, -0.05270625278353691]",[]
"[0.6105266213417053, 0.745032787322998, 2.2102287289271771e-07, 0.6425365805625916, 0.6615089774131775, -0.019587218761444092, 0.645817220211029, 0.5774286389350891, -0.02882295474410057, 0.6414742469787598, 0.5062341690063477, -0.03712291643023491, 0.6557869911193848, 0.449370414018631, -0.04583148658275604, 0.5739181637763977, 0.5416140556335449, -0.01625225320458412, 0.5392419099807739, 0.47580486536026, -0.029360132291913033, 0.5173871517181396, 0.43723440170288086, -0.03960374742746353, 0.4992806017398834, 0.4045354127883911, -0.04762488603591919, 0.5500811338424683, 0.5732356309890747, -0.016791267320513725, 0.5105708837509155, 0.5035709142684937, -0.030633503571152687, 0.48618197441101074, 0.45591026544570923, -0.042420197278261185, 0.46592429280281067, 0.41432803869247437, -0.05080506578087807, 0.5365450978279114, 0.6139837503433228, -0.019645072519779205, 0.4994357228279114, 0.5536094903945923, -0.0337296761572361, 0.47758880257606506, 0.5116096138954163, -0.042988136410713196, 0.4594631493091583, 0.47163861989974976, -0.04878048971295357, 0.5313857197761536, 0.6602769494056702, -0.02439938858151436, 0.49685272574424744, 0.6264782547950745, -0.038184039294719696, 0.47555238008499146, 0.5986663699150085, -0.045029327273368835, 0.45648282766342163, 0.5670517683029175, -0.0489022471010685]",[]
"[0.611268162727356, 0.7456189393997192, 2.202956750352314e-07, 0.6427723169326782, 0.6649802327156067, -0.02224046364426613, 0.6466929912567139, 0.5791962742805481, -0.033444635570049286, 0.6424434185028076, 0.5075289607048035, -0.04331611841917038, 0.655820906162262, 0.44855889678001404, -0.05362081155180931, 0.5731979012489319, 0.5409125685691833, -0.02069362811744213, 0.5393292903900146, 0.4765951633453369, -0.03599770367145538, 0.517640233039856, 0.438205361366272, -0.04763197898864746, 0.4998249411582947, 0.40614980459213257, -0.05637890100479126, 0.5498809218406677, 0.5724560022354126, -0.02091214247047901, 0.5107574462890625, 0.5032363533973694, -0.036059290170669556, 0.48643118143081665, 0.4560307264328003, -0.04862416908144951, 0.4659622013568878, 0.41443198919296265, -0.05763537436723709, 0.5367650985717773, 0.6137168407440186, -0.02363031543791294, 0.5005792379379272, 0.5533431768417358, -0.03878651559352875, 0.478762686252594, 0.5110554695129395, -0.048787377774715424, 0.46065589785575867, 0.47125956416130066, -0.05515533313155174, 0.5316596031188965, 0.6616173982620239, -0.028419915586709976, 0.4979943037033081, 0.6273012161254883, -0.04282408580183983, 0.4770561754703522, 0.5988258123397827, -0.050116561353206635, 0.4581744074821472, 0.5680734515190125, -0.05443950369954109]",[]
"[0.6186214089393616, 0.7500043511390686, 1.99773040776563e-07, 0.6461691856384277, 0.6698160171508789, -0.020751871168613434, 0.646944522857666, 0.5843596458435059, -0.03069065697491169, 0.6433210968971252, 0.5114001035690308, -0.0397241972386837, 0.6579979658126831, 0.4537968933582306, -0.04881990700960159, 0.575749397277832, 0.5433663725852966, -0.015870999544858932, 0.5412153005599976, 0.4778136909008026, -0.030061403289437294, 0.5190873742103577, 0.4406699240207672, -0.041266318410634995, 0.5010961294174194, 0.40986168384552, -0.04973846673965454, 0.5524311065673828, 0.573125958442688, -0.016619578003883362, 0.5124304890632629, 0.5036426186561584, -0.03048885427415371, 0.48794373869895935, 0.4558027386665344, -0.042307425290346146, 0.46768316626548767, 0.4148859679698944, -0.05066090449690819, 0.5386595726013184, 0.6133211255073547, -0.02011953480541706, 0.500361442565918, 0.5528569221496582, -0.034391917288303375, 0.47912609577178955, 0.5111403465270996, -0.043527256697416306, 0.4618832468986511, 0.47232863306999207, -0.0492054745554924, 0.5330141186714172, 0.6608156561851501, -0.025746241211891174, 0.4986404776573181, 0.6277371048927307, -0.03965390473604202, 0.47727930545806885, 0.6016422510147095, -0.046255648136138916, 0.4582590162754059, 0.5732542872428894, -0.0499044731259346]",[]
"[0.6217517256736755, 0.7509005665779114, 1.8721505057328613e-07, 0.6499726176261902, 0.6707106828689575, -0.02154952846467495, 0.649917721748352, 0.5829101800918579, -0.030713126063346863, 0.642751932144165, 0.5103676319122314, -0.03865837678313255, 0.6585659384727478, 0.45662418007850647, -0.04662155732512474, 0.577530562877655, 0.5442848801612854, -0.015702394768595695, 0.5425258874893188, 0.4792395532131195, -0.029658377170562744, 0.5204365253448486, 0.4410228729248047, -0.040943942964076996, 0.5024203062057495, 0.4092322885990143, -0.04970196262001991, 0.5531857013702393, 0.5745729207992554, -0.015690624713897705, 0.5124079585075378, 0.5041442513465881, -0.02969762124121189, 0.4881404936313629, 0.4543135166168213, -0.041925929486751556, 0.46814560890197754, 0.41113829612731934, -0.05060960724949837, 0.5388991832733154, 0.614173412322998, -0.01847751811146736, 0.5003237128257751, 0.5517799258232117, -0.03339004889130592, 0.47981762886047363, 0.5091373920440674, -0.04336342215538025, 0.4629901945590973, 0.4693836271762848, -0.04949666187167168, 0.5329663157463074, 0.6608761548995972, -0.02336116135120392, 0.4993945062160492, 0.6256036162376404, -0.037859052419662476, 0.47958052158355713, 0.5983226299285889, -0.04508879408240318, 0.46217960119247437, 0.5683290362358093, -0.04917203634977341]",[]
"[0.6222500801086426, 0.7481361031532288, 1.9140998119837604e-07, 0.6496883630752563, 0.6679597496986389, -0.0201403945684433, 0.6493405103683472, 0.5809244513511658, -0.02902003936469555, 0.6439290046691895, 0.507766604423523, -0.03705569729208946, 0.6587917804718018, 0.45236092805862427, -0.0450601764023304, 0.5775396823883057, 0.5405383110046387, -0.014065536670386791, 0.5431661605834961, 0.4746265411376953, -0.0274893157184124, 0.5216253995895386, 0.4364566206932068, -0.03828194737434387, 0.5041260123252869, 0.40433698892593384, -0.04659466817975044, 0.5538941025733948, 0.5707758069038391, -0.01479695551097393, 0.5139665603637695, 0.5004069805145264, -0.02834249474108219, 0.48983660340309143, 0.45085370540618896, -0.040040403604507446, 0.4700457453727722, 0.40787428617477417, -0.048271700739860535, 0.5399720072746277, 0.6102870106697083, -0.018267633393406868, 0.5022848844528198, 0.5489515662193298, -0.03232062608003616, 0.48152226209640503, 0.5054804682731628, -0.04141202196478844, 0.46481192111968994, 0.46506422758102417, -0.04697999358177185, 0.5341547131538391, 0.6565897464752197, -0.02382618561387062, 0.5000573992729187, 0.6219747066497803, -0.03758490830659866, 0.47937923669815063, 0.5943552255630493, -0.04416700080037117, 0.4612431824207306, 0.5644868016242981, -0.0477689690887928]",[]
"[0.6123149991035461, 0.7492706179618835, 2.223400912271245e-07, 0.6444551348686218, 0.6712723970413208, -0.021931089460849762, 0.647577702999115, 0.5831754207611084, -0.03169955313205719, 0.6443548202514648, 0.5079761147499084, -0.04012443870306015, 0.658703088760376, 0.4490172564983368, -0.0485839806497097, 0.5775277614593506, 0.5414084196090698, -0.016908768564462662, 0.5443251729011536, 0.4732857942581177, -0.0310300774872303, 0.5226002335548401, 0.43436217308044434, -0.04182368516921997, 0.5048514008522034, 0.4023599624633789, -0.04992780461907387, 0.5532729625701904, 0.5699379444122314, -0.01672704517841339, 0.5152572393417358, 0.49773862957954407, -0.031012441962957382, 0.4911002218723297, 0.44902700185775757, -0.04328545928001404, 0.4712637960910797, 0.4069761633872986, -0.051785655319690704, 0.5383543372154236, 0.6091848611831665, -0.01925593987107277, 0.5029819011688232, 0.5461028218269348, -0.03377646207809448, 0.48219719529151917, 0.5019525289535522, -0.043659552931785583, 0.4655469059944153, 0.4615822434425354, -0.04966755211353302, 0.5310311317443848, 0.6565585136413574, -0.023881835862994194, 0.4988366961479187, 0.6204909682273865, -0.03774099424481392, 0.4787670373916626, 0.5911650061607361, -0.04488075524568558, 0.4610476791858673, 0.5594701766967773, -0.048872604966163635]",[]
"[0.6173247694969177, 0.7455725073814392, 2.1900083879700105e-07, 0.6471436619758606, 0.6666005849838257, -0.020710229873657227, 0.6489017605781555, 0.5789565443992615, -0.029815759509801865, 0.6457681059837341, 0.5052571296691895, -0.03792905434966087, 0.6606932878494263, 0.4483272433280945, -0.0460406132042408, 0.578834056854248, 0.5380187034606934, -0.014405278488993645, 0.5459379553794861, 0.47033149003982544, -0.027796097099781036, 0.5247189402580261, 0.4312521815299988, -0.0384574756026268, 0.5075105428695679, 0.398403137922287, -0.04668368026614189, 0.5545395016670227, 0.5661848187446594, -0.015041964128613472, 0.5161094069480896, 0.4934140741825104, -0.02852163277566433, 0.4923824667930603, 0.44405248761177063, -0.040575042366981506, 0.47313857078552246, 0.400936484336853, -0.04900354519486427, 0.5396487712860107, 0.6050933599472046, -0.01842818781733513, 0.5032729506492615, 0.5413596034049988, -0.032723523676395416, 0.4832957088947296, 0.49747011065483093, -0.04253377765417099, 0.4675058126449585, 0.45673882961273193, -0.048552244901657104, 0.5324015021324158, 0.6525298953056335, -0.023884698748588562, 0.4997101426124573, 0.6166777610778809, -0.03788040205836296, 0.47976329922676086, 0.5882000923156738, -0.04490546137094498, 0.4622429609298706, 0.5567052364349365, -0.04887016862630844]",[]
"[0.6147292256355286, 0.7482149600982666, 1.8064930884520436e-07, 0.6473478078842163, 0.6722383499145508, -0.020342718809843063, 0.6529313921928406, 0.5802950263023376, -0.027951600030064583, 0.6502459049224854, 0.5041070580482483, -0.03429366275668144, 0.664802610874176, 0.4487380087375641, -0.04053380712866783, 0.5839723944664001, 0.5333938002586365, -0.011840389110147953, 0.5524048805236816, 0.4665892720222473, -0.0235909391194582, 0.5320518612861633, 0.4288231432437897, -0.03387424349784851, 0.5146602988243103, 0.3965998888015747, -0.042054496705532074, 0.5579628348350525, 0.5570476651191711, -0.011596167460083961, 0.5211408138275146, 0.4839620590209961, -0.02339351922273636, 0.49903976917266846, 0.43518733978271484, -0.035051651298999786, 0.4804381728172302, 0.3930388391017914, -0.04337479546666145, 0.5408415794372559, 0.5922282338142395, -0.01406312920153141, 0.50516676902771, 0.5284676551818848, -0.026500578969717026, 0.48630815744400024, 0.48650211095809937, -0.035865750163793564, 0.4708508253097534, 0.44750505685806274, -0.04187145456671715, 0.5319667458534241, 0.6368879675865173, -0.018610868602991104, 0.49960947036743164, 0.6002628207206726, -0.030503956601023674, 0.48070991039276123, 0.5724642872810364, -0.036529961973428726, 0.464506059885025, 0.5419824123382568, -0.039938777685165405]",[]
"[0.6325814127922058, 0.7262483835220337, 2.834644305949041e-07, 0.6568412780761719, 0.6543506979942322, -0.022758780047297478, 0.6584942936897278, 0.57072514295578, -0.03302627056837082, 0.6564300656318665, 0.4978218674659729, -0.041436173021793365, 0.6713394522666931, 0.44320714473724365, -0.04939333349466324, 0.5891819000244141, 0.5259486436843872, -0.01580921933054924, 0.5587571263313293, 0.455446720123291, -0.028498036786913872, 0.5393890142440796, 0.4152746796607971, -0.03911686688661575, 0.5228495001792908, 0.38317281007766724, -0.046978071331977844, 0.564057469367981, 0.5511420369148254, -0.01415388286113739, 0.5293443202972412, 0.47369620203971863, -0.025752414017915726, 0.5073261260986328, 0.42266160249710083, -0.036739740520715714, 0.4892522096633911, 0.3799781799316406, -0.04467826336622238, 0.5476429462432861, 0.5868331789970398, -0.015320365317165852, 0.5143790245056152, 0.5196852684020996, -0.02700168453156948, 0.4960547983646393, 0.4759681820869446, -0.0361642949283123, 0.4816630482673645, 0.43805384635925293, -0.04215673357248306, 0.5383287668228149, 0.6304284334182739, -0.01868661493062973, 0.5072802305221558, 0.5903704762458801, -0.029697423800826073, 0.48894205689430237, 0.5618786811828613, -0.03542817756533623, 0.4730832576751709, 0.5318171977996826, -0.038765426725149155]","[0.5202645659446716, 0.8858830332756042, 2.5506312795187114e-07, 0.5638241171836853, 0.8545096516609192, -0.004278602544218302, 0.5867287516593933, 0.7863004207611084, -0.010646562092006207, 0.5856773853302002, 0.7150189876556396, -0.014324811287224293, 0.5736804008483887, 0.6690834164619446, -0.018970614299178123, 0.5843273997306824, 0.7573937177658081, -0.0335715226829052, 0.5867709517478943, 0.6451017260551453, -0.043511636555194855, 0.5889061093330383, 0.5884449481964111, -0.04539824277162552, 0.5911467671394348, 0.5511550307273865, -0.04487382248044014, 0.5515648126602173, 0.7482388615608215, -0.03416263684630394, 0.5562092065811157, 0.6344101428985596, -0.04407914727926254, 0.5617863535881042, 0.5784565806388855, -0.04503760114312172, 0.5677058696746826, 0.5448018312454224, -0.04427194967865944, 0.5228323936462402, 0.7420305609703064, -0.03276821970939636, 0.5304399728775024, 0.6418918371200562, -0.039639171212911606, 0.5378627777099609, 0.591562807559967, -0.04007912799715996, 0.5432087182998657, 0.5635756254196167, -0.0395626425743103, 0.5017163753509521, 0.7398558855056763, -0.030605176463723183, 0.5166082382202148, 0.6708183288574219, -0.035418618470430374, 0.5275039076805115, 0.6457827687263489, -0.03395065292716026, 0.5340121388435364, 0.6323278546333313, -0.03140943869948387]"
"[0.6447064280509949, 0.7126914262771606, 2.639743570398423e-07, 0.6658526659011841, 0.6421526670455933, -0.023363059386610985, 0.6649263501167297, 0.5609322190284729, -0.03317159041762352, 0.6622028350830078, 0.4893540143966675, -0.04122832417488098, 0.6769397258758545, 0.4347127676010132, -0.048593539744615555, 0.5946111679077148, 0.5132572650909424, -0.013020447455346584, 0.5641670823097229, 0.4436942934989929, -0.024782953783869743, 0.5453524589538574, 0.4034395217895508, -0.03553623706102371, 0.5293565392494202, 0.3685768246650696, -0.043860599398612976, 0.5713123679161072, 0.5371466875076294, -0.011028781533241272, 0.5344991683959961, 0.46348410844802856, -0.022254200652241707, 0.5122213363647461, 0.4143211841583252, -0.03338982164859772, 0.4940071105957031, 0.372542142868042, -0.04132897034287453, 0.5558977127075195, 0.5716601610183716, -0.012106570415198803, 0.5205357670783997, 0.5078346133232117, -0.023815877735614777, 0.5010722875595093, 0.46571242809295654, -0.03304171562194824, 0.48560795187950134, 0.42730849981307983, -0.038957227021455765, 0.5473471283912659, 0.6144191026687622, -0.015617165714502335, 0.514435887336731, 0.5776007771492004, -0.0268890131264925, 0.49482211470603943, 0.553525447845459, -0.03263619914650917, 0.47776100039482117, 0.5272303223609924, -0.03582173213362694]","[0.5169223546981812, 0.883161723613739, 1.8520384514886246e-07, 0.5603455901145935, 0.8514618873596191, -0.00365959363989532, 0.5850332975387573, 0.7811487317085266, -0.008088994771242142, 0.585659921169281, 0.7083296775817871, -0.009851532988250256, 0.5760956406593323, 0.6615874767303467, -0.011528055183589458, 0.5754053592681885, 0.7562771439552307, -0.03134511783719063, 0.5757732391357422, 0.6415448188781738, -0.037777096033096313, 0.5749469995498657, 0.6126669049263, -0.035773321986198425, 0.5749543905258179, 0.609233021736145, -0.032416440546512604, 0.5417589545249939, 0.7472129464149475, -0.031001869589090347, 0.5472155809402466, 0.6284424066543579, -0.036965273320674896, 0.5518520474433899, 0.5968332290649414, -0.034750137478113174, 0.5535068511962891, 0.5850419998168945, -0.032572902739048004, 0.5125476121902466, 0.7428138256072998, -0.02837013453245163, 0.5221677422523499, 0.6335790157318115, -0.03324117511510849, 0.5322290658950806, 0.62798011302948, -0.028932293877005577, 0.5364181995391846, 0.6412871479988098, -0.0252685546875, 0.49163204431533813, 0.7423398494720459, -0.02492983266711235, 0.5086853504180908, 0.6720970273017883, -0.029613632708787918, 0.5216256976127625, 0.6743482351303101, -0.025909502059221268, 0.5279075503349304, 0.6888555884361267, -0.02176542393863201]"
"[0.6468003988265991, 0.7006200551986694, 3.4573992024888867e-07, 0.6690837144851685, 0.6347489953041077, -0.025921864435076714, 0.6672236323356628, 0.5564205646514893, -0.038197968155145645, 0.6632007360458374, 0.4856133460998535, -0.04791230335831642, 0.6791051030158997, 0.4298732876777649, -0.05706002935767174, 0.5969594717025757, 0.509386420249939, -0.020564785227179527, 0.5663596391677856, 0.44264093041419983, -0.03375989943742752, 0.5467985272407532, 0.4021283984184265, -0.04464918375015259, 0.530063807964325, 0.3663281798362732, -0.053232524544000626, 0.5729029774665833, 0.5321747064590454, -0.017851024866104126, 0.5363811254501343, 0.46109676361083984, -0.031309325248003006, 0.5142122507095337, 0.41150835156440735, -0.04299972951412201, 0.4963923692703247, 0.36726149916648865, -0.051163677126169205, 0.5573391914367676, 0.5666972398757935, -0.017868399620056152, 0.5217297077178955, 0.5055431127548218, -0.03128735348582268, 0.503017008304596, 0.4610714912414551, -0.04113783687353134, 0.48819848895072937, 0.41951820254325867, -0.04721642658114433, 0.5488845109939575, 0.6110197901725769, -0.0202855933457613, 0.5159081816673279, 0.5748701691627502, -0.032639700919389725, 0.4969950318336487, 0.5480771064758301, -0.03906705603003502, 0.48026344180107117, 0.5187287926673889, -0.04277009144425392]","[0.5165622234344482, 0.8947951793670654, 1.5455451318757696e-07, 0.5599910020828247, 0.8601065874099731, -0.0007110544247552752, 0.5833063721656799, 0.7893761992454529, -0.004203686956316233, 0.587660014629364, 0.7168897390365601, -0.005749703384935856, 0.583056628704071, 0.6672073602676392, -0.006659534759819508, 0.5737619996070862, 0.762927234172821, -0.028803527355194092, 0.5772287845611572, 0.6474618911743164, -0.03748682886362076, 0.5816667079925537, 0.6396209597587585, -0.03692018613219261, 0.5862351655960083, 0.6565161347389221, -0.03327826038002968, 0.5415926575660706, 0.7544113993644714, -0.02945057488977909, 0.547579288482666, 0.6332032084465027, -0.03670855984091759, 0.5569307208061218, 0.6125602722167969, -0.03332912176847458, 0.5631552338600159, 0.6155665516853333, -0.02932625636458397, 0.5134462118148804, 0.7499326467514038, -0.028010191395878792, 0.5231661796569824, 0.6415926218032837, -0.032073408365249634, 0.5366203784942627, 0.6324385404586792, -0.025300631299614906, 0.5440614819526672, 0.6437422633171082, -0.019259948283433914, 0.4932033121585846, 0.7511264681816101, -0.02568884752690792, 0.5081605911254883, 0.6714562177658081, -0.026667041704058647, 0.5234456062316895, 0.6648518443107605, -0.019445499405264854, 0.5326083898544312, 0.6741854548454285, -0.012640225701034069]"
"[0.6459329128265381, 0.6913928389549255, 3.8364908050425583e-07, 0.6683473587036133, 0.6262208223342896, -0.02737870253622532, 0.666695237159729, 0.5521777868270874, -0.0414637066423893, 0.6625964045524597, 0.4844815731048584, -0.05276833102107048, 0.6779046058654785, 0.42785146832466125, -0.06349416822195053, 0.5955625176429749, 0.5079299211502075, -0.02444874681532383, 0.5657540559768677, 0.44137316942214966, -0.03928246721625328, 0.5461721420288086, 0.4007416367530823, -0.05097419396042824, 0.5294299721717834, 0.3652069568634033, -0.059880584478378296, 0.5714464783668518, 0.5316380858421326, -0.021344032138586044, 0.5358297228813171, 0.46119922399520874, -0.03597121685743332, 0.5133508443832397, 0.4117143154144287, -0.04790196567773819, 0.49457842111587524, 0.3671841621398926, -0.05616852641105652, 0.5563146471977234, 0.5667788982391357, -0.020979750901460648, 0.5218288898468018, 0.5055553913116455, -0.035276830196380615, 0.5029048919677734, 0.462765634059906, -0.04552173987030983, 0.48759961128234863, 0.42308539152145386, -0.05178696662187576, 0.5488784313201904, 0.6108204126358032, -0.02303255908191204, 0.5169903635978699, 0.5752958059310913, -0.03606206178665161, 0.49777111411094666, 0.5491384267807007, -0.04304474964737892, 0.4803515076637268, 0.5209547281265259, -0.04707658290863037]",[]
"[0.6435114145278931, 0.6869488954544067, 4.079619486674346e-07, 0.6656088829040527, 0.6229202151298523, -0.02965024672448635, 0.6648213267326355, 0.5513328313827515, -0.045202724635601044, 0.6609100699424744, 0.48540520668029785, -0.05752743408083916, 0.6757690906524658, 0.4286041259765625, -0.06930173188447952, 0.5929202437400818, 0.5078439712524414, -0.028378158807754517, 0.563606858253479, 0.44112470746040344, -0.044510144740343094, 0.5442479252815247, 0.4003138840198517, -0.05686188116669655, 0.5273624062538147, 0.3646068274974823, -0.06603265553712845, 0.56868577003479, 0.5327873826026917, -0.0244563277810812, 0.5338383913040161, 0.4616090953350067, -0.03976460546255112, 0.5115529298782349, 0.412273645401001, -0.05165133997797966, 0.49268004298210144, 0.3676873743534088, -0.059871405363082886, 0.5534682273864746, 0.5692237615585327, -0.023407813161611557, 0.5195086002349854, 0.5066823959350586, -0.038373913615942, 0.5008277297019958, 0.46395912766456604, -0.048592567443847656, 0.48571711778640747, 0.4244382381439209, -0.05475073680281639, 0.5455367565155029, 0.6144288778305054, -0.024929095059633255, 0.5143746137619019, 0.5763288140296936, -0.03849277272820473, 0.49561598896980286, 0.5495930910110474, -0.04557768255472183, 0.47869378328323364, 0.5214571356773376, -0.04960376024246216]",[]
"[0.6383700966835022, 0.6874018907546997, 4.0924126665231597e-07, 0.6620957255363464, 0.6217327117919922, -0.028877921402454376, 0.661623477935791, 0.5489014983177185, -0.04382358863949776, 0.6573460102081299, 0.48172950744628906, -0.055636126548051834, 0.6736646294593811, 0.42626065015792847, -0.06721274554729462, 0.590095043182373, 0.5069950819015503, -0.029363645240664482, 0.5606249570846558, 0.4407627284526825, -0.04575042799115181, 0.5413062572479248, 0.4004765748977661, -0.0580301359295845, 0.5245645046234131, 0.36535316705703735, -0.06721822917461395, 0.5662435293197632, 0.5320430994033813, -0.025959111750125885, 0.5306577682495117, 0.4613840878009796, -0.04164590314030647, 0.5082303881645203, 0.4123632609844208, -0.05360053852200508, 0.4892779588699341, 0.36876797676086426, -0.06194167211651802, 0.5513277649879456, 0.5694226026535034, -0.02531345561146736, 0.5162110924720764, 0.5077509880065918, -0.04086911305785179, 0.49722814559936523, 0.4642413556575775, -0.05168268829584122, 0.48187506198883057, 0.4239416718482971, -0.05827297642827034, 0.5432540774345398, 0.6161665320396423, -0.027111025527119637, 0.5113674402236938, 0.5790812969207764, -0.041464872658252716, 0.49205976724624634, 0.5515143275260925, -0.04945153743028641, 0.47500941157341003, 0.5216390490531921, -0.054203134030103683]",[]
"[0.6278045773506165, 0.6964529752731323, 3.689166589992965e-07, 0.6556176543235779, 0.6280050277709961, -0.026437247171998024, 0.65733402967453, 0.5500332713127136, -0.03908958658576012, 0.6533991098403931, 0.47992080450057983, -0.0491047278046608, 0.6691866517066956, 0.4250575304031372, -0.05894147977232933, 0.5850228667259216, 0.5065957903862, -0.023910341784358025, 0.5559055805206299, 0.44124191999435425, -0.038237642496824265, 0.5367012619972229, 0.4023914337158203, -0.049549803137779236, 0.5201531648635864, 0.36851292848587036, -0.0580989271402359, 0.5607990622520447, 0.5319610834121704, -0.02108084224164486, 0.5254138112068176, 0.4607601761817932, -0.03473193943500519, 0.5033590793609619, 0.41322648525238037, -0.045885954052209854, 0.48464059829711914, 0.37083005905151367, -0.053697578608989716, 0.5454230308532715, 0.5695385336875916, -0.020960180088877678, 0.5106489658355713, 0.506779134273529, -0.0347459502518177, 0.49112290143966675, 0.46516314148902893, -0.044573236256837845, 0.47495487332344055, 0.426746129989624, -0.05060291290283203, 0.5367317199707031, 0.6167515516281128, -0.023206336423754692, 0.5054867267608643, 0.5784040093421936, -0.03602402284741402, 0.48654279112815857, 0.5512886047363281, -0.042819421738386154, 0.4697113037109375, 0.5218726396560669, -0.04676970839500427]",[]
"[0.6222569346427917, 0.6944679021835327, 4.195265432827e-07, 0.6503744125366211, 0.6288827657699585, -0.028398647904396057, 0.6519518494606018, 0.5533241629600525, -0.042519740760326385, 0.647875189781189, 0.48452913761138916, -0.05358503386378288, 0.6621689200401306, 0.42633917927742004, -0.06457865238189697, 0.5799981951713562, 0.5093884468078613, -0.027107972651720047, 0.5505513548851013, 0.44406944513320923, -0.042379725724458694, 0.5300721526145935, 0.4045730233192444, -0.0539364367723465, 0.512118399143219, 0.37131935358047485, -0.06232532858848572, 0.5559864640235901, 0.5355909466743469, -0.02331443317234516, 0.5209558010101318, 0.46379297971725464, -0.03722795099020004, 0.4978935718536377, 0.413632333278656, -0.04783352464437485, 0.47860395908355713, 0.37013769149780273, -0.05511348694562912, 0.5406010746955872, 0.5741968750953674, -0.0224409531801939, 0.5057723522186279, 0.5110148787498474, -0.03652019798755646, 0.4862571358680725, 0.46810591220855713, -0.04653536528348923, 0.4707545340061188, 0.4289567768573761, -0.05251330882310867, 0.531684160232544, 0.621938943862915, -0.023994572460651398, 0.4997783601284027, 0.5834200978279114, -0.036866333335638046, 0.4814607799053192, 0.5565258860588074, -0.043613631278276443, 0.46558815240859985, 0.5277658104896545, -0.0474759116768837]",[]
"[0.6174131035804749, 0.6955451965332031, 4.000685578375851e-07, 0.6452597975730896, 0.6255776286125183, -0.027399741113185883, 0.6476385593414307, 0.5525484085083008, -0.041231341660022736, 0.6438556909561157, 0.48670071363449097, -0.052354421466588974, 0.6568717360496521, 0.43015772104263306, -0.06335635483264923, 0.5740806460380554, 0.5124296545982361, -0.02489124797284603, 0.5436485409736633, 0.4484688341617584, -0.039841633290052414, 0.5231509804725647, 0.4098321199417114, -0.051421575248241425, 0.5052641034126282, 0.3762536644935608, -0.060043372213840485, 0.5500909686088562, 0.5406553149223328, -0.02172982692718506, 0.5147329568862915, 0.47154921293258667, -0.0365164577960968, 0.49148404598236084, 0.4240971803665161, -0.04862666130065918, 0.4716852605342865, 0.38126620650291443, -0.056909918785095215, 0.5346477031707764, 0.5794755220413208, -0.02130429446697235, 0.5004007816314697, 0.5189080238342285, -0.035920921713113785, 0.4806364178657532, 0.47714799642562866, -0.046225711703300476, 0.46453675627708435, 0.437839537858963, -0.05232226476073265, 0.5256634950637817, 0.6261786222457886, -0.023206856101751328, 0.4940020740032196, 0.5886604189872742, -0.03640490025281906, 0.4755866527557373, 0.5619637966156006, -0.04323114827275276, 0.4592117369174957, 0.5319769382476807, -0.04705319553613663]",[]
"[0.6158869862556458, 0.7015800476074219, 3.72595565067968e-07, 0.645189642906189, 0.6279588341712952, -0.0249966848641634, 0.6472046971321106, 0.5531483292579651, -0.03666159510612488, 0.642163872718811, 0.485723614692688, -0.04615256190299988, 0.6554771065711975, 0.4314495027065277, -0.055565524846315384, 0.5730260610580444, 0.513531506061554, -0.02059580571949482, 0.5423317551612854, 0.450614869594574, -0.03381802514195442, 0.5210087895393372, 0.4131530225276947, -0.04435957223176956, 0.5028569102287292, 0.38079556822776794, -0.05255790799856186, 0.548485517501831, 0.5411456227302551, -0.018191738054156303, 0.5122421979904175, 0.4714389443397522, -0.032112643122673035, 0.488839715719223, 0.42431655526161194, -0.04390444606542587, 0.4691976308822632, 0.3821642994880676, -0.05203156918287277, 0.5330730676651001, 0.5802257061004639, -0.018399961292743683, 0.4984695017337799, 0.5189778208732605, -0.03294280171394348, 0.4785037934780121, 0.4779827296733856, -0.04331851750612259, 0.46225112676620483, 0.4403097629547119, -0.049412909895181656, 0.524206817150116, 0.6273838877677917, -0.020744364708662033, 0.4932273030281067, 0.5895994901657104, -0.03438665717840195, 0.47470614314079285, 0.5633965730667114, -0.04164786636829376, 0.45820826292037964, 0.5344691276550293, -0.045703984797000885]",[]
"[0.6148378849029541, 0.7026565074920654, 3.690413734602771e-07, 0.6450803875923157, 0.6298714280128479, -0.023815765976905823, 0.6477258801460266, 0.554012656211853, -0.03525369614362717, 0.6428369283676147, 0.4859864115715027, -0.04468809440732002, 0.6564094424247742, 0.4316117763519287, -0.05411883816123009, 0.5746681094169617, 0.5118875503540039, -0.02016092650592327, 0.5438306927680969, 0.44770723581314087, -0.03334139287471771, 0.5224229097366333, 0.40954113006591797, -0.043658435344696045, 0.5044431090354919, 0.377005398273468, -0.05167592689394951, 0.5503434538841248, 0.5394518971443176, -0.018518909811973572, 0.514082670211792, 0.4691072106361389, -0.03225570544600487, 0.4910738170146942, 0.4216306805610657, -0.04377245530486107, 0.47171682119369507, 0.3792217969894409, -0.051691148430109024, 0.5346911549568176, 0.5784506797790527, -0.01941443607211113, 0.49988365173339844, 0.5161442160606384, -0.03395334631204605, 0.48042523860931396, 0.4749121069908142, -0.044270433485507965, 0.4644978940486908, 0.43695855140686035, -0.05030427500605583, 0.525422990322113, 0.625679612159729, -0.022317716851830482, 0.4941604733467102, 0.5871099233627319, -0.03600884601473808, 0.47603529691696167, 0.5602463483810425, -0.04333946108818054, 0.45998382568359375, 0.5308560132980347, -0.047426335513591766]",[]
"[0.613257884979248, 0.7286018133163452, 2.1640987313276128e-07, 0.6439490914344788, 0.6487516164779663, -0.018786517903208733, 0.646481454372406, 0.5629758238792419, -0.027737675234675407, 0.6422010660171509, 0.49124568700790405, -0.03586524724960327, 0.656106173992157, 0.4340912997722626, -0.044312600046396255, 0.5744200944900513, 0.5188107490539551, -0.015335718169808388, 0.5421513915061951, 0.4538751244544983, -0.028667178004980087, 0.5212787389755249, 0.4151238799095154, -0.03921503201127052, 0.5038542747497559, 0.38167452812194824, -0.0474487841129303, 0.5508379936218262, 0.5471982955932617, -0.016595544293522835, 0.5142734050750732, 0.4765520691871643, -0.030872952193021774, 0.4914971590042114, 0.4286623001098633, -0.042916908860206604, 0.47228968143463135, 0.3852924108505249, -0.05131843686103821, 0.5366979241371155, 0.5868282318115234, -0.02011309377849102, 0.5019537210464478, 0.525735080242157, -0.03460642695426941, 0.48113110661506653, 0.48125869035720825, -0.044098079204559326, 0.46373850107192993, 0.4383983612060547, -0.050028927624225616, 0.529871940612793, 0.6343180537223816, -0.025425510480999947, 0.49716055393218994, 0.5980761051177979, -0.03922457993030548, 0.47686678171157837, 0.5692270994186401, -0.04592594504356384, 0.4582940340042114, 0.537017285823822, -0.0497308149933815]",[]
"[0.6149218082427979, 0.7340719699859619, 2.409371973044472e-07, 0.6436812877655029, 0.6571612358093262, -0.02315581776201725, 0.6451553106307983, 0.5714114308357239, -0.034188032150268555, 0.639649510383606, 0.4981449246406555, -0.04369134083390236, 0.6544570922851562, 0.44034624099731445, -0.053388312458992004, 0.5739085674285889, 0.5338492393493652, -0.02045527473092079, 0.541007399559021, 0.4687078297138214, -0.035757940262556076, 0.5196717977523804, 0.43034225702285767, -0.04705217480659485, 0.5015907287597656, 0.3970183730125427, -0.05570913478732109, 0.5508796572685242, 0.560671865940094, -0.020542895421385765, 0.5122187733650208, 0.4893239438533783, -0.03645899146795273, 0.48857682943344116, 0.441062331199646, -0.04912421107292175, 0.4685090482234955, 0.3977207541465759, -0.057961899787187576, 0.5365656018257141, 0.5992063879966736, -0.02329361066222191, 0.49966302514076233, 0.538070023059845, -0.03944960609078407, 0.4785509407520294, 0.4932768642902374, -0.04967170208692551, 0.4610437750816345, 0.45136559009552, -0.05593366548418999, 0.5289440155029297, 0.6472049951553345, -0.028180129826068878, 0.4956616163253784, 0.6096755266189575, -0.04288571700453758, 0.47583967447280884, 0.579612135887146, -0.05011388659477234, 0.45785653591156006, 0.5476474761962891, -0.054441649466753006]",[]
"[0.6192663908004761, 0.7240891456604004, 2.5334151132483385e-07, 0.6435655951499939, 0.6489524245262146, -0.023729979991912842, 0.6416788697242737, 0.5691224932670593, -0.03494060039520264, 0.6351481676101685, 0.49980902671813965, -0.044551100581884384, 0.6515465974807739, 0.4479673504829407, -0.05430780351161957, 0.5709571242332458, 0.536507785320282, -0.02097960188984871, 0.5367083549499512, 0.471752792596817, -0.03649191930890083, 0.5144346952438354, 0.43423575162887573, -0.04796351119875908, 0.49616897106170654, 0.4035305380821228, -0.0564819797873497, 0.5481438040733337, 0.5664888024330139, -0.02031330019235611, 0.5089806318283081, 0.4970057010650635, -0.03659292310476303, 0.48385968804359436, 0.44870319962501526, -0.04951624199748039, 0.46347057819366455, 0.40654534101486206, -0.05827382579445839, 0.5342893004417419, 0.6056039929389954, -0.022335492074489594, 0.49769917130470276, 0.5443242788314819, -0.038694631308317184, 0.47583240270614624, 0.4993289113044739, -0.04970238357782364, 0.45870980620384216, 0.4590093195438385, -0.056204505264759064, 0.527050793170929, 0.6519653797149658, -0.026432272046804428, 0.49360209703445435, 0.6173068881034851, -0.04148745536804199, 0.4733436107635498, 0.5875259637832642, -0.04956257715821266, 0.45574238896369934, 0.5558827519416809, -0.054266829043626785]",[]
"[0.6182582378387451, 0.7349298000335693, 2.2124751808405563e-07, 0.6437761187553406, 0.657477617263794, -0.02434650808572769, 0.641834557056427, 0.5761598348617554, -0.03523395210504532, 0.6349455118179321, 0.5055742263793945, -0.04450264573097229, 0.6489361524581909, 0.44958508014678955, -0.05368790775537491, 0.5687316656112671, 0.5346031785011292, -0.018708374351263046, 0.5339211225509644, 0.4701254665851593, -0.033739279955625534, 0.5108308792114258, 0.433480441570282, -0.045473404228687286, 0.4914373755455017, 0.40325456857681274, -0.05428466945886612, 0.5458596348762512, 0.564750075340271, -0.017323510721325874, 0.5071263313293457, 0.4960852861404419, -0.0323156900703907, 0.48170557618141174, 0.44741249084472656, -0.04455259069800377, 0.4605867266654968, 0.40573906898498535, -0.052999574691057205, 0.5321895480155945, 0.6046135425567627, -0.019016437232494354, 0.4952360987663269, 0.5429794192314148, -0.03450175002217293, 0.4741235375404358, 0.49935775995254517, -0.04452216252684593, 0.456758588552475, 0.45934391021728516, -0.05050237476825714, 0.5253666639328003, 0.6517768502235413, -0.02300729788839817, 0.49261581897735596, 0.6176904439926147, -0.03784991055727005, 0.4725963771343231, 0.5897294282913208, -0.04539445415139198, 0.4551560878753662, 0.5596644878387451, -0.049630992114543915]",[]
"[0.6190550923347473, 0.7332586050033569, 1.96611651404055e-07, 0.6436368227005005, 0.6582328081130981, -0.023867305368185043, 0.6423137187957764, 0.5759724378585815, -0.034588899463415146, 0.6357980966567993, 0.5051016211509705, -0.04373076558113098, 0.649996817111969, 0.4508298337459564, -0.05284884199500084, 0.5705975294113159, 0.5349764227867126, -0.019068730995059013, 0.5357454419136047, 0.47155383229255676, -0.03386281803250313, 0.5129945874214172, 0.43453148007392883, -0.04566207155585289, 0.49407732486724854, 0.40296316146850586, -0.054765064269304276, 0.5468753576278687, 0.5643388032913208, -0.018054725602269173, 0.5073896050453186, 0.49678847193717957, -0.03286341205239296, 0.48271581530570984, 0.4487130045890808, -0.04535261541604996, 0.46257826685905457, 0.4066612124443054, -0.0543871708214283, 0.5325778722763062, 0.6033102869987488, -0.019973549991846085, 0.4955882728099823, 0.5431020855903625, -0.035209350287914276, 0.47520333528518677, 0.500449001789093, -0.04540370777249336, 0.4586571455001831, 0.4609484374523163, -0.05184974521398544, 0.5256808996200562, 0.6492570638656616, -0.024179356172680855, 0.4925149083137512, 0.61395663022995, -0.03880906105041504, 0.47285813093185425, 0.586633563041687, -0.04638545960187912, 0.455613374710083, 0.5568336248397827, -0.050906576216220856]",[]
"[0.6187231540679932, 0.7316917181015015, 2.2786797160279093e-07, 0.6429134607315063, 0.6552673578262329, -0.023069314658641815, 0.6412080526351929, 0.5748749375343323, -0.03416026383638382, 0.6359246373176575, 0.504827082157135, -0.04377307742834091, 0.6501586437225342, 0.4497082829475403, -0.05339069664478302, 0.5695229768753052, 0.5368710160255432, -0.019893616437911987, 0.5344529747962952, 0.47178131341934204, -0.034825630486011505, 0.511749804019928, 0.43380069732666016, -0.046119604259729385, 0.4931104779243469, 0.4023292064666748, -0.05458804965019226, 0.5464878082275391, 0.5664032101631165, -0.01928166300058365, 0.5075738430023193, 0.49721890687942505, -0.03410140052437782, 0.4824516475200653, 0.4483943581581116, -0.04588479548692703, 0.4622906446456909, 0.4068674147129059, -0.05412978306412697, 0.532634973526001, 0.6056284308433533, -0.021456561982631683, 0.4960325062274933, 0.5443230867385864, -0.03650956228375435, 0.4746930003166199, 0.499985933303833, -0.046116918325424194, 0.45787784457206726, 0.45986586809158325, -0.05205564200878143, 0.5259362459182739, 0.6519737839698792, -0.02578517608344555, 0.49325865507125854, 0.6182399392127991, -0.04010510817170143, 0.47335925698280334, 0.5899079442024231, -0.0472581647336483, 0.45620065927505493, 0.5595492720603943, -0.051418568938970566]",[]
"[0.6171189546585083, 0.7344450950622559, 2.161200995942636e-07, 0.6406991481781006, 0.6575271487236023, -0.021894069388508797, 0.6395418047904968, 0.5766423940658569, -0.03275053948163986, 0.6347854137420654, 0.5061598420143127, -0.04235764965415001, 0.6496303081512451, 0.45249277353286743, -0.05213412269949913, 0.5691379308700562, 0.5386620759963989, -0.02027060091495514, 0.533266007900238, 0.47317415475845337, -0.03554540127515793, 0.5097014904022217, 0.4357047975063324, -0.04695172980427742, 0.4900115430355072, 0.4047703742980957, -0.055487677454948425, 0.5460696816444397, 0.5687050819396973, -0.0205412358045578, 0.5071088671684265, 0.4984154999256134, -0.03593191131949425, 0.48118695616722107, 0.4503793716430664, -0.048192478716373444, 0.4600757360458374, 0.409037709236145, -0.056754980236291885, 0.5319761037826538, 0.608101487159729, -0.023343395441770554, 0.4957105219364166, 0.546055018901825, -0.038397084921598434, 0.47453489899635315, 0.5015525221824646, -0.04817776009440422, 0.45763203501701355, 0.4610680341720581, -0.054297640919685364, 0.5245862603187561, 0.655013918876648, -0.028214547783136368, 0.49212363362312317, 0.619472086429596, -0.04241422936320305, 0.47241511940956116, 0.5907758474349976, -0.049429334700107574, 0.45508629083633423, 0.5601060390472412, -0.05352408066391945]",[]
"[0.6171802282333374, 0.7274259328842163, 2.548411828229291e-07, 0.6413638591766357, 0.6539860963821411, -0.02309228479862213, 0.6397292017936707, 0.5755652189254761, -0.03399573266506195, 0.6334972977638245, 0.506365180015564, -0.043193284422159195, 0.647458553314209, 0.4529534578323364, -0.05213078111410141, 0.5670124888420105, 0.5392876267433167, -0.018550029024481773, 0.5323705673217773, 0.47377121448516846, -0.03289974108338356, 0.5102729797363281, 0.43556466698646545, -0.043834712356328964, 0.491864413022995, 0.4048018455505371, -0.051991477608680725, 0.5441107153892517, 0.5686237812042236, -0.017624439671635628, 0.5055513381958008, 0.4987252950668335, -0.03234317526221275, 0.4808162450790405, 0.4503495693206787, -0.04463852569460869, 0.4606921672821045, 0.40867865085601807, -0.052996788173913956, 0.5304127335548401, 0.6063950657844543, -0.01937606744468212, 0.4945613443851471, 0.5457477569580078, -0.034223977476358414, 0.47283002734184265, 0.5005195736885071, -0.044721122831106186, 0.4554884135723114, 0.459915429353714, -0.0510513111948967, 0.5244125723838806, 0.650926411151886, -0.023201754316687584, 0.49209871888160706, 0.6173519492149353, -0.03735515475273132, 0.472273588180542, 0.5895541906356812, -0.04480860382318497, 0.45471885800361633, 0.5598245859146118, -0.048958975821733475]",[]
"[0.6131747961044312, 0.7313477993011475, 2.5578171403140004e-07, 0.638862669467926, 0.6573639512062073, -0.023392263799905777, 0.6395053863525391, 0.5773200988769531, -0.033880144357681274, 0.6327962875366211, 0.506585955619812, -0.04260139539837837, 0.6465545892715454, 0.45163190364837646, -0.05096355825662613, 0.5666221976280212, 0.5390922427177429, -0.016741154715418816, 0.5325276851654053, 0.4721596837043762, -0.030619198456406593, 0.5104807615280151, 0.4336504340171814, -0.041581422090530396, 0.49234655499458313, 0.4023471474647522, -0.04972263425588608, 0.543570876121521, 0.5671542882919312, -0.015317708253860474, 0.5054227113723755, 0.4962318539619446, -0.02934686839580536, 0.48091915249824524, 0.44746625423431396, -0.04149739071726799, 0.4615502953529358, 0.4056495428085327, -0.04962935298681259, 0.5293965339660645, 0.6043024063110352, -0.016711721196770668, 0.49362531304359436, 0.5420942306518555, -0.031029537320137024, 0.47247257828712463, 0.49791213870048523, -0.04114394262433052, 0.4560583531856537, 0.4580439627170563, -0.04703696817159653, 0.5224699378013611, 0.6492499709129333, -0.020275630056858063, 0.4907659888267517, 0.614012598991394, -0.0338069312274456, 0.47105127573013306, 0.5859308838844299, -0.040807344019412994, 0.4536782503128052, 0.5555532574653625, -0.04446921497583389]",[]
"[0.6166014075279236, 0.7347341179847717, 1.7523289841392398e-07, 0.6412124037742615, 0.6574337482452393, -0.021332625299692154, 0.6414867639541626, 0.5731567740440369, -0.0304697435349226, 0.6361649632453918, 0.5015871524810791, -0.03834144026041031, 0.6496444940567017, 0.44755053520202637, -0.04618292301893234, 0.5705864429473877, 0.5312691926956177, -0.014457806013524532, 0.5365713834762573, 0.4685135781764984, -0.027792036533355713, 0.5147829651832581, 0.43277981877326965, -0.039368562400341034, 0.496449738740921, 0.40142199397087097, -0.0483187735080719, 0.5463846325874329, 0.5583069324493408, -0.01413842011243105, 0.5078514218330383, 0.4901546835899353, -0.02694956585764885, 0.48395437002182007, 0.4434701204299927, -0.03900951147079468, 0.46472474932670593, 0.4012373089790344, -0.047831568866968155, 0.5311949849128723, 0.5951074957847595, -0.016590522602200508, 0.4956393241882324, 0.5341975092887878, -0.029800593852996826, 0.47608014941215515, 0.494061142206192, -0.03906683251261711, 0.4602792263031006, 0.4557473659515381, -0.04509464278817177, 0.5233023166656494, 0.640669047832489, -0.02123284339904785, 0.49159491062164307, 0.6038345694541931, -0.0336412638425827, 0.47327059507369995, 0.5779874324798584, -0.039373625069856644, 0.4570721983909607, 0.5494784116744995, -0.04263918474316597]",[]
"[0.48688560724258423, 0.7499510049819946, 1.0527605098786808e-07, 0.5330561399459839, 0.7537850737571716, -0.0012937897117808461, 0.5684686303138733, 0.7107836604118347, -0.004413234069943428, 0.5822709798812866, 0.6519808769226074, -0.005571017041802406, 0.5802432894706726, 0.6100901365280151, -0.0070204902440309525, 0.5671178102493286, 0.6925769448280334, -0.025251857936382294, 0.5962416529655457, 0.6184569001197815, -0.030287005007267, 0.6067558526992798, 0.5977817177772522, -0.028095725923776627, 0.6069467663764954, 0.5890466570854187, -0.02530514821410179, 0.5435746908187866, 0.6514101028442383, -0.026371661573648453, 0.5791921019554138, 0.571195125579834, -0.03287835419178009, 0.5887053608894348, 0.5843534469604492, -0.030270565301179886, 0.5816254019737244, 0.6091387271881104, -0.02672804333269596, 0.520300030708313, 0.6196038722991943, -0.02535308338701725, 0.5550779104232788, 0.5459644198417664, -0.02734210528433323, 0.5657025575637817, 0.5673277378082275, -0.021891485899686813, 0.5614221692085266, 0.593353271484375, -0.01791464537382126, 0.5012245774269104, 0.5997827649116516, -0.02364012785255909, 0.5319627523422241, 0.5504080653190613, -0.024314746260643005, 0.5431693196296692, 0.5648930668830872, -0.019298939034342766, 0.5422812700271606, 0.5831701159477234, -0.015079944394528866]","[0.5648626685142517, 0.6313403844833374, 2.743887250744592e-07, 0.5983676910400391, 0.5810784101486206, -0.015149072743952274, 0.6141149997711182, 0.5081445574760437, -0.025537248700857162, 0.6222184896469116, 0.4455410838127136, -0.03424045443534851, 0.6382858753204346, 0.402760773897171, -0.044128093868494034, 0.5667531490325928, 0.4446013867855072, -0.021516159176826477, 0.5441673994064331, 0.3602004945278168, -0.033976614475250244, 0.5273870825767517, 0.30730897188186646, -0.04437870904803276, 0.5139344930648804, 0.2659838795661926, -0.052565254271030426, 0.5422815680503845, 0.45944833755493164, -0.022763552144169807, 0.5168325901031494, 0.36701515316963196, -0.03537106141448021, 0.5006884932518005, 0.3071306347846985, -0.048991940915584564, 0.4870416224002838, 0.26206424832344055, -0.06060030683875084, 0.5227588415145874, 0.482837975025177, -0.024488437920808792, 0.4995373785495758, 0.4079209268093109, -0.03679477423429489, 0.48252877593040466, 0.35286831855773926, -0.0454898439347744, 0.47139737010002136, 0.31285202503204346, -0.0524291954934597, 0.5090150237083435, 0.5131727457046509, -0.027078816667199135, 0.4887906312942505, 0.4541332721710205, -0.03779971972107887, 0.47742128372192383, 0.4147288501262665, -0.04220826178789139, 0.46857142448425293, 0.379772424697876, -0.04572167620062828]"
"[0.6265984177589417, 0.7203713655471802, 2.740138711487816e-07, 0.6482685804367065, 0.6504108905792236, -0.025031279772520065, 0.6470884084701538, 0.5691004395484924, -0.036063071340322495, 0.6411129832267761, 0.49604517221450806, -0.04470677301287651, 0.6565132737159729, 0.4419054090976715, -0.052729878574609756, 0.5779269337654114, 0.523826003074646, -0.01711115799844265, 0.5430796146392822, 0.4556232988834381, -0.029946215450763702, 0.5212880969047546, 0.4178583323955536, -0.04093218967318535, 0.5028970241546631, 0.3867649435997009, -0.049184154719114304, 0.5540714263916016, 0.550175666809082, -0.014090120792388916, 0.5154033303260803, 0.47783055901527405, -0.02610739693045616, 0.4916628897190094, 0.43028944730758667, -0.03751150146126747, 0.47249776124954224, 0.3894997835159302, -0.045517146587371826, 0.5384604334831238, 0.5859283804893494, -0.014035242609679699, 0.5025529265403748, 0.5214333534240723, -0.026127589866518974, 0.4826536178588867, 0.47840896248817444, -0.03593149036169052, 0.46718600392341614, 0.440221905708313, -0.042166952043771744, 0.5301838517189026, 0.6291369199752808, -0.01638229377567768, 0.4978506565093994, 0.5905828475952148, -0.027557117864489555, 0.47886332869529724, 0.5640659928321838, -0.03360717371106148, 0.4624907076358795, 0.5358141660690308, -0.0370408333837986]","[0.5153127312660217, 0.8874204754829407, 2.0347449947166751e-07, 0.5590328574180603, 0.849882185459137, 0.0016512287547811866, 0.5780990719795227, 0.7802043557167053, 0.0006166976527310908, 0.5756955742835999, 0.7118290662765503, 0.000736099376808852, 0.5656000375747681, 0.6706308126449585, 0.0002286195958731696, 0.572854220867157, 0.750247597694397, -0.0200244951993227, 0.5728000998497009, 0.6436011791229248, -0.026311367750167847, 0.5736305713653564, 0.6030786633491516, -0.026245703920722008, 0.5756050944328308, 0.5853738188743591, -0.024105099961161613, 0.5426144599914551, 0.7418193817138672, -0.02209307812154293, 0.5450946092605591, 0.6317450404167175, -0.028254540637135506, 0.5488113164901733, 0.5828620195388794, -0.02779126912355423, 0.5529981851577759, 0.5545122027397156, -0.026014503091573715, 0.5156593322753906, 0.7383034825325012, -0.02229367010295391, 0.5230945348739624, 0.6390634775161743, -0.02640697732567787, 0.5306231379508972, 0.5979812145233154, -0.02488206885755062, 0.5373548865318298, 0.5749582648277283, -0.022980740293860435, 0.49545615911483765, 0.7408466339111328, -0.021352248266339302, 0.5098188519477844, 0.668507993221283, -0.022960273548960686, 0.5225814580917358, 0.6468584537506104, -0.018743110820651054, 0.5326448082923889, 0.6370987892150879, -0.01440653670579195]"
"[0.6360819339752197, 0.7119976282119751, 2.2950969480461936e-07, 0.6553133726119995, 0.6393322348594666, -0.02213153801858425, 0.6528857946395874, 0.5605862140655518, -0.03179234266281128, 0.648628294467926, 0.49062708020210266, -0.039999570697546005, 0.6617909073829651, 0.43740934133529663, -0.04761606827378273, 0.5815114974975586, 0.5113493800163269, -0.012763069011271, 0.5490777492523193, 0.44475257396698, -0.024973753839731216, 0.5288944244384766, 0.4063730537891388, -0.03610779717564583, 0.5118006467819214, 0.37336277961730957, -0.04465761035680771, 0.559116542339325, 0.5354788303375244, -0.011597712524235249, 0.5221560597419739, 0.4641251266002655, -0.022528257220983505, 0.49950313568115234, 0.41697776317596436, -0.032966844737529755, 0.4813361167907715, 0.3756285309791565, -0.04048066958785057, 0.5448326468467712, 0.5706431865692139, -0.013484258204698563, 0.5093470811843872, 0.5078238248825073, -0.024789059534668922, 0.4896450340747833, 0.4668336510658264, -0.0332413949072361, 0.4742271602153778, 0.42841604351997375, -0.03882420435547829, 0.5370877385139465, 0.6158019304275513, -0.017789950594305992, 0.504332423210144, 0.5805997252464294, -0.029061973094940186, 0.48457956314086914, 0.5555121898651123, -0.034545738250017166, 0.46753984689712524, 0.5279342532157898, -0.03759317472577095]",[]
"[0.6362447738647461, 0.6916163563728333, 3.586279433420714e-07, 0.6559791564941406, 0.6278537511825562, -0.028494322672486305, 0.6539061069488525, 0.5527005791664124, -0.042541295289993286, 0.6497278809547424, 0.4849206209182739, -0.053744617849588394, 0.6648736596107483, 0.4293673634529114, -0.06442943215370178, 0.5836425423622131, 0.5067597031593323, -0.024744778871536255, 0.5543911457061768, 0.4413125514984131, -0.04011940956115723, 0.5346232056617737, 0.40144386887550354, -0.052211083471775055, 0.5168911814689636, 0.3670252561569214, -0.0613364540040493, 0.5605217814445496, 0.5304757952690125, -0.021851513534784317, 0.5261591672897339, 0.4578937292098999, -0.036571718752384186, 0.5037460327148438, 0.40802061557769775, -0.04808744415640831, 0.4850814938545227, 0.36327797174453735, -0.05606992170214653, 0.5460669994354248, 0.5664722323417664, -0.022105615586042404, 0.5118946433067322, 0.5023012757301331, -0.037075795233249664, 0.49241089820861816, 0.4578314423561096, -0.04732571542263031, 0.4770379066467285, 0.41698744893074036, -0.05351186543703079, 0.537891149520874, 0.6134068965911865, -0.024972867220640182, 0.5060062408447266, 0.5743101239204407, -0.0386851504445076, 0.4865814447402954, 0.5458016395568848, -0.04571369290351868, 0.4692780375480652, 0.5154775381088257, -0.0498121902346611]",[]
"[0.6292397379875183, 0.6839743852615356, 4.003025253496162e-07, 0.6524533033370972, 0.6211557984352112, -0.02864505536854267, 0.6522735357284546, 0.548050582408905, -0.0432407408952713, 0.6476089954376221, 0.4820360839366913, -0.05475984886288643, 0.6620307564735413, 0.42602163553237915, -0.06566772609949112, 0.580020546913147, 0.5018066167831421, -0.026541506871581078, 0.5513882040977478, 0.4359501302242279, -0.041782304644584656, 0.5313264727592468, 0.3967808783054352, -0.053326454013586044, 0.5136698484420776, 0.3633532226085663, -0.06189166381955147, 0.5560911893844604, 0.5261678695678711, -0.022871511057019234, 0.5221348404884338, 0.4535541534423828, -0.037913355976343155, 0.4993424117565155, 0.4036473333835602, -0.049275726079940796, 0.48064711689949036, 0.35963088274002075, -0.05697958543896675, 0.5409836769104004, 0.5627965331077576, -0.022023450583219528, 0.507131040096283, 0.4993537366390228, -0.03668525815010071, 0.4884423613548279, 0.45711666345596313, -0.04636651277542114, 0.4739975333213806, 0.41873520612716675, -0.05203717201948166, 0.5324470400810242, 0.6096755862236023, -0.02369910292327404, 0.5021623969078064, 0.570351779460907, -0.036818165332078934, 0.483915239572525, 0.5429733991622925, -0.04356742650270462, 0.4675593376159668, 0.5140841603279114, -0.047379959374666214]",[]
"[0.627034068107605, 0.6876271367073059, 3.843518072699226e-07, 0.6497206091880798, 0.6232488751411438, -0.029026798903942108, 0.6487393975257874, 0.5484545230865479, -0.04347945377230644, 0.6435320377349854, 0.48061618208885193, -0.054763175547122955, 0.6583840250968933, 0.4242208003997803, -0.06543149799108505, 0.5770718455314636, 0.5033187866210938, -0.02647588960826397, 0.547956109046936, 0.43824347853660583, -0.04189685359597206, 0.5270957946777344, 0.39951789379119873, -0.05358630046248436, 0.5087663531303406, 0.3660958409309387, -0.062424708157777786, 0.5535780787467957, 0.5276647210121155, -0.02280028909444809, 0.5185664296150208, 0.45770537853240967, -0.0386064313352108, 0.4953193664550781, 0.4096679091453552, -0.05067507550120354, 0.47604990005493164, 0.36592936515808105, -0.05883729085326195, 0.5390443205833435, 0.5643618702888489, -0.021932044997811317, 0.5041467547416687, 0.5029427409172058, -0.0371742844581604, 0.4845241904258728, 0.46129581332206726, -0.047150544822216034, 0.46892279386520386, 0.4221649467945099, -0.05299093946814537, 0.5310279726982117, 0.6114243865013123, -0.023635156452655792, 0.49949711561203003, 0.5749858617782593, -0.03717294707894325, 0.48080670833587646, 0.5482665300369263, -0.044151753187179565, 0.4637758135795593, 0.5187729001045227, -0.04811355471611023]",[]
"[0.6235340237617493, 0.6889317631721497, 3.644785238066106e-07, 0.6480388045310974, 0.6225742101669312, -0.026966702193021774, 0.6472293734550476, 0.5482073426246643, -0.04024439677596092, 0.6414119005203247, 0.4810180366039276, -0.05080566555261612, 0.6572337746620178, 0.42727309465408325, -0.06101970002055168, 0.5749089121818542, 0.5053818225860596, -0.025272255763411522, 0.5449717044830322, 0.44170281291007996, -0.04027513414621353, 0.5240049362182617, 0.4032995402812958, -0.05152539908885956, 0.5062646865844727, 0.369986891746521, -0.060139767825603485, 0.5512593388557434, 0.5302976965904236, -0.022281737998127937, 0.5150113105773926, 0.460744708776474, -0.03818240389227867, 0.4919370412826538, 0.41314423084259033, -0.050383906811475754, 0.4731862545013428, 0.36929959058761597, -0.058685578405857086, 0.5366633534431458, 0.5674583911895752, -0.02180338092148304, 0.5015314817428589, 0.5063603520393372, -0.03727153688669205, 0.48177415132522583, 0.4637778401374817, -0.04737924784421921, 0.46636325120925903, 0.42375272512435913, -0.053370390087366104, 0.528432309627533, 0.6141844391822815, -0.023649603128433228, 0.4974309206008911, 0.5778483152389526, -0.03767027333378792, 0.4786815345287323, 0.5505571961402893, -0.04506264254450798, 0.4618668556213379, 0.5203031301498413, -0.049294985830783844]",[]
"[0.6115558743476868, 0.6990693807601929, 3.735445091024303e-07, 0.6409499645233154, 0.6283517479896545, -0.024578826501965523, 0.6429993510246277, 0.5531179904937744, -0.03739173710346222, 0.6376655101776123, 0.48504751920700073, -0.047812364995479584, 0.6532183289527893, 0.4308849573135376, -0.058289241045713425, 0.5719972252845764, 0.5112611651420593, -0.025418855249881744, 0.5406906008720398, 0.4473407566547394, -0.040104515850543976, 0.5192487835884094, 0.40935465693473816, -0.050560951232910156, 0.5014898777008057, 0.377139687538147, -0.05843539908528328, 0.5480476021766663, 0.5382036566734314, -0.02345031313598156, 0.5118721127510071, 0.46817243099212646, -0.038423024117946625, 0.4884740114212036, 0.42073607444763184, -0.04937266930937767, 0.4692079424858093, 0.3784709870815277, -0.05673997104167938, 0.5331950783729553, 0.5771486759185791, -0.023762108758091927, 0.4979197680950165, 0.5162749290466309, -0.0386052206158638, 0.4780160188674927, 0.4747582674026489, -0.04810735583305359, 0.4623942971229553, 0.436142235994339, -0.05358762666583061, 0.5250334739685059, 0.6246399283409119, -0.02610062062740326, 0.49334093928337097, 0.5872518420219421, -0.03986857831478119, 0.4746978282928467, 0.5590612888336182, -0.047068554908037186, 0.45858511328697205, 0.5283628702163696, -0.05103578791022301]",[]
"[0.6030435562133789, 0.7176189422607422, 3.1220790219776973e-07, 0.6360459923744202, 0.6445029377937317, -0.024492280557751656, 0.6400729417800903, 0.5626289248466492, -0.03624297305941582, 0.6352927684783936, 0.49019965529441833, -0.04612907022237778, 0.6496238112449646, 0.4330379366874695, -0.05617469921708107, 0.5669160485267639, 0.5172722935676575, -0.021677495911717415, 0.5354834794998169, 0.4525327682495117, -0.03588700667023659, 0.514042317867279, 0.4146549105644226, -0.04629720002412796, 0.4961482882499695, 0.3824421465396881, -0.054236266762018204, 0.5430142879486084, 0.5447184443473816, -0.020249715074896812, 0.5063709020614624, 0.47324225306510925, -0.03450891748070717, 0.48347175121307373, 0.4262795150279999, -0.04558725655078888, 0.4642062187194824, 0.383928507566452, -0.05317176505923271, 0.5284915566444397, 0.5836288332939148, -0.021490082144737244, 0.49276304244995117, 0.5219992399215698, -0.03607423976063728, 0.47297149896621704, 0.48033854365348816, -0.04526830464601517, 0.45695728063583374, 0.44099748134613037, -0.050719693303108215, 0.5207443833351135, 0.6303512454032898, -0.024988099932670593, 0.4888368546962738, 0.5956395268440247, -0.03887687250971794, 0.4695575535297394, 0.5682216286659241, -0.04590204730629921, 0.45257002115249634, 0.5371589660644531, -0.04986622929573059]",[]
"[0.6022498607635498, 0.7320362329483032, 2.1634869540321233e-07, 0.6350031495094299, 0.654784619808197, -0.022609567269682884, 0.6402714848518372, 0.5684950947761536, -0.03316006064414978, 0.6340140700340271, 0.4968407154083252, -0.042237985879182816, 0.6493529677391052, 0.44114431738853455, -0.05159010738134384, 0.567289412021637, 0.5242908000946045, -0.01792544312775135, 0.5341770648956299, 0.4592605233192444, -0.03217263147234917, 0.5124284029006958, 0.422647088766098, -0.04345950484275818, 0.4943406879901886, 0.39149683713912964, -0.05220376327633858, 0.5437906980514526, 0.5541951060295105, -0.017880797386169434, 0.5051356554031372, 0.4832136332988739, -0.03214963153004646, 0.4815051853656769, 0.4348379671573639, -0.04435307905077934, 0.4619672894477844, 0.3926827311515808, -0.052894048392772675, 0.5302512049674988, 0.5944128632545471, -0.020587868988513947, 0.49253785610198975, 0.5324121117591858, -0.03562542423605919, 0.47180017828941345, 0.4886847734451294, -0.04542306065559387, 0.4551962614059448, 0.44758230447769165, -0.05142877995967865, 0.5242767333984375, 0.6426277160644531, -0.025402698665857315, 0.490103155374527, 0.6076163649559021, -0.03999626636505127, 0.4693044126033783, 0.5789806842803955, -0.04714483767747879, 0.45116037130355835, 0.5467290878295898, -0.051154013723134995]",[]
"[0.607250452041626, 0.7266208529472351, 2.2452572068232257e-07, 0.6382107734680176, 0.6517705321311951, -0.02567106857895851, 0.6410394310951233, 0.5707656741142273, -0.036840081214904785, 0.6329228281974792, 0.500144898891449, -0.04593465104699135, 0.6493459939956665, 0.44498690962791443, -0.054913975298404694, 0.5684465765953064, 0.5287662744522095, -0.01868726871907711, 0.535571813583374, 0.46328285336494446, -0.03333727642893791, 0.5140641927719116, 0.425889253616333, -0.0448450967669487, 0.49591612815856934, 0.3941504657268524, -0.053742919117212296, 0.545303225517273, 0.5574045181274414, -0.01683984138071537, 0.5069205164909363, 0.48892346024513245, -0.03195855766534805, 0.48347947001457214, 0.4405842125415802, -0.04487653076648712, 0.4636269807815552, 0.39741048216819763, -0.053826313465833664, 0.5316436886787415, 0.5962504744529724, -0.018133115023374557, 0.4945520758628845, 0.5378298163414001, -0.034442950040102005, 0.473704993724823, 0.4948701858520508, -0.045636843889951706, 0.4565526843070984, 0.4534120559692383, -0.0522608645260334, 0.525169849395752, 0.6428120136260986, -0.021746410056948662, 0.49050185084342957, 0.6119205355644226, -0.03777359426021576, 0.4695153832435608, 0.584534764289856, -0.04645100608468056, 0.4511377215385437, 0.5532338619232178, -0.051362376660108566]",[]
"[0.5992750525474548, 0.7332903146743774, 1.8397776102574426e-07, 0.6336264610290527, 0.6604822278022766, -0.027405643835663795, 0.6391758918762207, 0.5773559212684631, -0.040204521268606186, 0.6335801482200623, 0.5033964514732361, -0.05066297948360443, 0.6511536836624146, 0.44759368896484375, -0.06135926768183708, 0.5705777406692505, 0.5270532369613647, -0.022963816300034523, 0.5384841561317444, 0.46370819211006165, -0.03944524750113487, 0.51662677526474, 0.42641180753707886, -0.05191979929804802, 0.4989970922470093, 0.39522790908813477, -0.06147439405322075, 0.5458147525787354, 0.5552172660827637, -0.02070809155702591, 0.5079942345619202, 0.48511409759521484, -0.037269070744514465, 0.4850691556930542, 0.43670138716697693, -0.05054692178964615, 0.4661073088645935, 0.39386147260665894, -0.0599021390080452, 0.5311182141304016, 0.5943464636802673, -0.021604452282190323, 0.49512067437171936, 0.5337425470352173, -0.039349231868982315, 0.4745006859302521, 0.49274012446403503, -0.05067100375890732, 0.4573686718940735, 0.45264285802841187, -0.057609379291534424, 0.5247334837913513, 0.6411328911781311, -0.024896252900362015, 0.49163636565208435, 0.6096910238265991, -0.04201536998152733, 0.4725034534931183, 0.58427494764328, -0.05096971243619919, 0.45602184534072876, 0.5544919371604919, -0.05629406496882439]",[]
"[0.6065391898155212, 0.7181320190429688, 2.4030734380176e-07, 0.6371302604675293, 0.650631308555603, -0.027893507853150368, 0.6412603855133057, 0.5698602795600891, -0.040686119347810745, 0.6353289484977722, 0.4983682632446289, -0.05080953240394592, 0.6522371768951416, 0.4435160756111145, -0.060874078422784805, 0.5735278129577637, 0.5236315131187439, -0.024059468880295753, 0.5428468585014343, 0.4587401747703552, -0.040416136384010315, 0.522175669670105, 0.42058947682380676, -0.052088987082242966, 0.5050697326660156, 0.38900047540664673, -0.06086655333638191, 0.5487760305404663, 0.5499709844589233, -0.021467680111527443, 0.5117971897125244, 0.478857159614563, -0.038504257798194885, 0.4894610047340393, 0.43020761013031006, -0.05135153606534004, 0.4707587957382202, 0.38710349798202515, -0.05989489704370499, 0.5338707566261292, 0.5881342887878418, -0.02202119119465351, 0.49828052520751953, 0.5278007984161377, -0.04012172296643257, 0.47842395305633545, 0.48659276962280273, -0.051636844873428345, 0.4621046185493469, 0.44673794507980347, -0.05822538584470749, 0.526961088180542, 0.6340802311897278, -0.024912415072321892, 0.4935433864593506, 0.601638913154602, -0.04215008765459061, 0.4740964472293854, 0.5757747888565063, -0.0514276921749115, 0.4568406343460083, 0.5454106330871582, -0.05670344457030296]",[]
"[0.6074276566505432, 0.7281495332717896, 2.1059901200715103e-07, 0.6415712833404541, 0.6532512307167053, -0.024234481155872345, 0.6442466974258423, 0.5691109299659729, -0.03500096872448921, 0.6381253600120544, 0.4969233572483063, -0.04396446421742439, 0.6522113084793091, 0.44033104181289673, -0.052909478545188904, 0.5767737627029419, 0.5208723545074463, -0.020794127136468887, 0.5448129773139954, 0.4529132544994354, -0.03643415868282318, 0.5235310196876526, 0.41399651765823364, -0.04778960719704628, 0.5062862038612366, 0.3815253674983978, -0.05627124011516571, 0.5529729127883911, 0.5468239784240723, -0.0198359452188015, 0.5154556035995483, 0.47529321908950806, -0.03603394702076912, 0.4921245872974396, 0.42645999789237976, -0.04872264340519905, 0.47253191471099854, 0.38316845893859863, -0.05719444155693054, 0.5386068820953369, 0.584904670715332, -0.02169572375714779, 0.5021170377731323, 0.5241946578025818, -0.038630161434412, 0.48114341497421265, 0.4810594618320465, -0.04963630065321922, 0.46406880021095276, 0.44010594487190247, -0.05606616660952568, 0.5315726399421692, 0.6320353150367737, -0.025701111182570457, 0.4987158179283142, 0.6009737849235535, -0.04207387566566467, 0.47847917675971985, 0.5740035772323608, -0.0506540946662426, 0.46051377058029175, 0.5439779162406921, -0.055492497980594635]",[]
"[0.6122755408287048, 0.7240898609161377, 2.4935675924098177e-07, 0.6445779204368591, 0.6513279676437378, -0.021953627467155457, 0.6471596360206604, 0.5682232975959778, -0.03193012624979019, 0.6411446332931519, 0.4970071315765381, -0.040451109409332275, 0.656502366065979, 0.4414485692977905, -0.04910219460725784, 0.5788587331771851, 0.5199276208877563, -0.0184042789041996, 0.5490026473999023, 0.4517276883125305, -0.03309501335024834, 0.5286914110183716, 0.41122597455978394, -0.04401981830596924, 0.5114041566848755, 0.3764221668243408, -0.05249274894595146, 0.555618941783905, 0.5458479523658752, -0.018756192177534103, 0.5203637480735779, 0.47318315505981445, -0.03450890630483627, 0.4982652962207794, 0.4228176474571228, -0.04726506397128105, 0.47928258776664734, 0.37747788429260254, -0.05605708062648773, 0.5413637757301331, 0.5840135812759399, -0.021714070811867714, 0.5067120790481567, 0.5229028463363647, -0.038133058696985245, 0.486213743686676, 0.47719764709472656, -0.04914115369319916, 0.46926793456077576, 0.43410801887512207, -0.05579189211130142, 0.5338466167449951, 0.631778359413147, -0.026606155559420586, 0.5005202293395996, 0.5990407466888428, -0.04238385707139969, 0.48032575845718384, 0.5698704719543457, -0.05073140934109688, 0.46218109130859375, 0.5372473001480103, -0.05559647083282471]",[]
"[0.611452579498291, 0.724481999874115, 2.221414376890607e-07, 0.6454088091850281, 0.6529463529586792, -0.0240324679762125, 0.6498745679855347, 0.5691543221473694, -0.03465338423848152, 0.6439241170883179, 0.49656403064727783, -0.04336801543831825, 0.6577997207641602, 0.4398204982280731, -0.05222964659333229, 0.5825329422950745, 0.5166548490524292, -0.020312335342168808, 0.5539467334747314, 0.44754675030708313, -0.03540975973010063, 0.5347740054130554, 0.40688836574554443, -0.046918753534555435, 0.5182385444641113, 0.3725404739379883, -0.055764954537153244, 0.5582773089408875, 0.5419875979423523, -0.019602486863732338, 0.523385226726532, 0.46812355518341064, -0.03504004329442978, 0.501750111579895, 0.41830217838287354, -0.04765217378735542, 0.483155757188797, 0.3740922212600708, -0.05636105686426163, 0.5429501533508301, 0.5800690054893494, -0.02168424427509308, 0.5083851218223572, 0.5157170295715332, -0.03785981982946396, 0.48892849683761597, 0.4710316061973572, -0.04867633432149887, 0.47279584407806396, 0.427897572517395, -0.05528871715068817, 0.5348675847053528, 0.6280532479286194, -0.025912951678037643, 0.5021164417266846, 0.5940104126930237, -0.041960544884204865, 0.4822119474411011, 0.5653554797172546, -0.050527602434158325, 0.46442466974258423, 0.5326808094978333, -0.05542651563882828]",[]
"[0.6117890477180481, 0.7258658409118652, 2.03286958821991e-07, 0.6462470293045044, 0.6528635621070862, -0.02225579135119915, 0.6507173180580139, 0.5653603672981262, -0.03222185745835304, 0.645933985710144, 0.492664098739624, -0.04064614325761795, 0.6612922549247742, 0.43729910254478455, -0.049315523356199265, 0.5843002796173096, 0.5088101625442505, -0.019303759559988976, 0.5545638799667358, 0.43971025943756104, -0.033351004123687744, 0.5357199907302856, 0.4003901481628418, -0.0437857024371624, 0.5210177898406982, 0.3677912950515747, -0.051798541098833084, 0.5600491762161255, 0.5353685617446899, -0.019431348890066147, 0.5243033170700073, 0.4587753713130951, -0.032975610345602036, 0.5018898248672485, 0.40956008434295654, -0.04395841807126999, 0.4839364290237427, 0.3668254613876343, -0.051821764558553696, 0.5453540086746216, 0.5741655230522156, -0.022332433611154556, 0.5096539258956909, 0.5081053972244263, -0.03732464835047722, 0.4902779459953308, 0.46522092819213867, -0.04731190204620361, 0.47560304403305054, 0.4247656762599945, -0.053592633455991745, 0.5372584462165833, 0.624138593673706, -0.02727694809436798, 0.5039046406745911, 0.5885706543922424, -0.04266802594065666, 0.4838801920413971, 0.5600475668907166, -0.050685133785009384, 0.46652162075042725, 0.5271783471107483, -0.05550248175859451]",[]
"[0.612534761428833, 0.7254387736320496, 2.2180206826760696e-07, 0.6467323303222656, 0.6556531190872192, -0.02407738007605076, 0.6516079902648926, 0.5672626495361328, -0.034339893609285355, 0.6468108892440796, 0.4929972290992737, -0.04264051467180252, 0.6610063910484314, 0.4367341697216034, -0.05110923945903778, 0.5845492482185364, 0.5093359351158142, -0.021107716485857964, 0.555431604385376, 0.43744322657585144, -0.03588864207267761, 0.536519467830658, 0.39568567276000977, -0.04700241610407829, 0.5209510922431946, 0.36078745126724243, -0.0555390901863575, 0.5602948069572449, 0.5342048406600952, -0.020440835505723953, 0.5261940956115723, 0.45578140020370483, -0.03445503115653992, 0.5041497349739075, 0.404790997505188, -0.04600865766406059, 0.4859934151172638, 0.36052483320236206, -0.054421570152044296, 0.5451264381408691, 0.5721842646598816, -0.0226795244961977, 0.5108169317245483, 0.5043576955795288, -0.03806541860103607, 0.4910193979740143, 0.46025216579437256, -0.04871617257595062, 0.47555071115493774, 0.41908806562423706, -0.055585142225027084, 0.5358639359474182, 0.6224192976951599, -0.027119828388094902, 0.5041989684104919, 0.5854201316833496, -0.04282385855913162, 0.48460108041763306, 0.5562388300895691, -0.05124504119157791, 0.4673534333705902, 0.5233123302459717, -0.056448545306921005]",[]
"[0.61400306224823, 0.7318753004074097, 1.7968029908388417e-07, 0.6479865908622742, 0.6552583575248718, -0.0198521725833416, 0.6513442397117615, 0.5677603483200073, -0.02733023278415203, 0.6450009942054749, 0.4926688075065613, -0.03382883220911026, 0.6591494679450989, 0.437587708234787, -0.04019056633114815, 0.5829330682754517, 0.5069352388381958, -0.011448077857494354, 0.5541256666183472, 0.4344249367713928, -0.023598669096827507, 0.5355410575866699, 0.3939664959907532, -0.03366101160645485, 0.5209429264068604, 0.3610805869102478, -0.04146885871887207, 0.5582070350646973, 0.5322298407554626, -0.011649267747998238, 0.5235177278518677, 0.4544970393180847, -0.02354148030281067, 0.5023127794265747, 0.4041847288608551, -0.03436204791069031, 0.4852801561355591, 0.36078834533691406, -0.04201040789484978, 0.5429879426956177, 0.5695064663887024, -0.014711977913975716, 0.5076271295547485, 0.5016072392463684, -0.02824796736240387, 0.4883229434490204, 0.4576079845428467, -0.03783446177840233, 0.47366267442703247, 0.4164927005767822, -0.04385150223970413, 0.5348454713821411, 0.6178428530693054, -0.019801011309027672, 0.5022749304771423, 0.5835481882095337, -0.03392941504716873, 0.48251307010650635, 0.5549452304840088, -0.041416700929403305, 0.46587374806404114, 0.5228158831596375, -0.045708395540714264]",[]
"[0.6122701168060303, 0.729895830154419, 1.5572508971217758e-07, 0.6470419764518738, 0.6529232263565063, -0.02094341814517975, 0.6514142155647278, 0.5648907423019409, -0.02873927168548107, 0.643767237663269, 0.4907319247722626, -0.035406988114118576, 0.6580160856246948, 0.43588781356811523, -0.04212703928351402, 0.5811998844146729, 0.5054528713226318, -0.012355996295809746, 0.5523087978363037, 0.43558865785598755, -0.02521171234548092, 0.533237636089325, 0.39510273933410645, -0.03608393669128418, 0.5181138515472412, 0.3617869019508362, -0.04464538395404816, 0.5553686022758484, 0.5327118635177612, -0.012175651267170906, 0.520046591758728, 0.4561748504638672, -0.0247995313256979, 0.49894726276397705, 0.405323326587677, -0.03668828681111336, 0.4816521406173706, 0.36123454570770264, -0.045306816697120667, 0.5399824380874634, 0.571435809135437, -0.014887139201164246, 0.5059006810188293, 0.5042082071304321, -0.029372161254286766, 0.48727118968963623, 0.46063530445098877, -0.039573583751916885, 0.47217005491256714, 0.4192303717136383, -0.046087514609098434, 0.5325959920883179, 0.6204298734664917, -0.01963440701365471, 0.5013707876205444, 0.5845697522163391, -0.03484073653817177, 0.4825703799724579, 0.556857705116272, -0.04269029200077057, 0.46609047055244446, 0.5255053043365479, -0.04715530201792717]",[]
"[0.6076605916023254, 0.7294294834136963, 1.546421515286056e-07, 0.6433035731315613, 0.6522176861763, -0.020875653252005577, 0.6489401459693909, 0.5644562840461731, -0.02859889157116413, 0.6402092576026917, 0.48972856998443604, -0.03503498435020447, 0.6551466584205627, 0.4343075156211853, -0.041479773819446564, 0.5790117979049683, 0.5039592385292053, -0.012092570774257183, 0.5498594045639038, 0.4335985481739044, -0.024338282644748688, 0.5305842161178589, 0.39342939853668213, -0.034646715968847275, 0.515448272228241, 0.3603048324584961, -0.042817480862140656, 0.5525992512702942, 0.530612587928772, -0.011470130644738674, 0.517307460308075, 0.45324015617370605, -0.023557694628834724, 0.4962674379348755, 0.40331748127937317, -0.035096701234579086, 0.47902625799179077, 0.3597745895385742, -0.043446071445941925, 0.5366364121437073, 0.5684112310409546, -0.013635658659040928, 0.5030304193496704, 0.5013435482978821, -0.027454202994704247, 0.48426443338394165, 0.45894646644592285, -0.03736615926027298, 0.4688994288444519, 0.4183022081851959, -0.043707475066185, 0.5283468961715698, 0.6167205572128296, -0.01778545044362545, 0.497634619474411, 0.5796819925308228, -0.032114434987306595, 0.4795869290828705, 0.5526638627052307, -0.03951256349682808, 0.4636692404747009, 0.5219888091087341, -0.043679747730493546]",[]
"[0.5513387322425842, 0.6857650279998779, 1.1384295817151724e-07, 0.5982222557067871, 0.6371989250183105, -0.018981391564011574, 0.6156584024429321, 0.5492899417877197, -0.02346136048436165, 0.624272346496582, 0.4737154245376587, -0.0261367354542017, 0.6429005265235901, 0.4250040352344513, -0.02862238511443138, 0.5616846084594727, 0.45982635021209717, -0.009380737319588661, 0.542984664440155, 0.3728039264678955, -0.019743699580430984, 0.5293086767196655, 0.32374054193496704, -0.03053605742752552, 0.5158895254135132, 0.2819635272026062, -0.038447506725788116, 0.5329503417015076, 0.4711238145828247, -0.007012128829956055, 0.5133457779884338, 0.3799251914024353, -0.01364734023809433, 0.5003408789634705, 0.32159852981567383, -0.024115290492773056, 0.48730984330177307, 0.27381277084350586, -0.033085063099861145, 0.5126249194145203, 0.5008034110069275, -0.007160494104027748, 0.4930960536003113, 0.42403721809387207, -0.014296164736151695, 0.4813627302646637, 0.37139225006103516, -0.022961467504501343, 0.46986109018325806, 0.3254563808441162, -0.030001383274793625, 0.49997544288635254, 0.5425335168838501, -0.009243875741958618, 0.4760873317718506, 0.4913436472415924, -0.016450785100460052, 0.46325141191482544, 0.4551749527454376, -0.020337408408522606, 0.45285093784332275, 0.42100057005882263, -0.02314635179936886]",[]
"[0.6082035303115845, 0.7252274751663208, 1.1540471689386322e-07, 0.6422879099845886, 0.6522391438484192, -0.02146422304213047, 0.6485044360160828, 0.5648549199104309, -0.02968093752861023, 0.6393094062805176, 0.4898996949195862, -0.03641972318291664, 0.6530194282531738, 0.4340999126434326, -0.043234340846538544, 0.579630434513092, 0.5015111565589905, -0.013170591555535793, 0.5501130223274231, 0.4331575632095337, -0.025534629821777344, 0.530367374420166, 0.39384180307388306, -0.03623230755329132, 0.5144761204719543, 0.3613443672657013, -0.04484938830137253, 0.5523324012756348, 0.5280595421791077, -0.012358772568404675, 0.5155790448188782, 0.4527992308139801, -0.024373842403292656, 0.4939696788787842, 0.40465840697288513, -0.036100104451179504, 0.47556737065315247, 0.36297526955604553, -0.04475227743387222, 0.5361770987510681, 0.5655251145362854, -0.014316937886178493, 0.5010892152786255, 0.4995492696762085, -0.02862808294594288, 0.4809909760951996, 0.4575352668762207, -0.039125390350818634, 0.46386975049972534, 0.4171474277973175, -0.04598221555352211, 0.5281445980072021, 0.6126533150672913, -0.01819925382733345, 0.4961269795894623, 0.5770151615142822, -0.03349786624312401, 0.4772644340991974, 0.5507188439369202, -0.041533201932907104, 0.46068358421325684, 0.5200623869895935, -0.04612435773015022]",[]
"[0.6068741083145142, 0.7271578311920166, 8.93179361582952e-08, 0.641360878944397, 0.6537202596664429, -0.020529823377728462, 0.6475633382797241, 0.5654975175857544, -0.02787971682846546, 0.6384050846099854, 0.4903695583343506, -0.03392874449491501, 0.6520951986312866, 0.4344329535961151, -0.03992917388677597, 0.5790396332740784, 0.4989140033721924, -0.010725690051913261, 0.5495692491531372, 0.42871224880218506, -0.022042032331228256, 0.529567301273346, 0.3899992108345032, -0.0323793888092041, 0.5133087635040283, 0.35933971405029297, -0.040682729333639145, 0.5515444874763489, 0.5266990065574646, -0.009675861336290836, 0.5146501064300537, 0.4523259699344635, -0.02026640996336937, 0.49221283197402954, 0.40628236532211304, -0.03174279257655144, 0.4726434051990509, 0.3670375347137451, -0.04045296460390091, 0.5358859896659851, 0.5645934343338013, -0.01138172298669815, 0.5007346868515015, 0.5018960237503052, -0.02386399731040001, 0.48030662536621094, 0.4615979790687561, -0.03388308733701706, 0.46265721321105957, 0.42243945598602295, -0.04078708961606026, 0.5287633538246155, 0.6116938591003418, -0.015079849399626255, 0.4962899684906006, 0.5767155885696411, -0.028821799904108047, 0.47747603058815, 0.5499258041381836, -0.03647978603839874, 0.4610472023487091, 0.5179616212844849, -0.04104728251695633]",[]
"[0.6086426973342896, 0.7280272245407104, 1.0859626797810051e-07, 0.6427323222160339, 0.6504862904548645, -0.019909553229808807, 0.6480370163917542, 0.5653534531593323, -0.026341961696743965, 0.6388672590255737, 0.48950907588005066, -0.032009053975343704, 0.6521823406219482, 0.43300607800483704, -0.037479858845472336, 0.5786632895469666, 0.4992208480834961, -0.005080788396298885, 0.550460934638977, 0.4281594455242157, -0.01534111425280571, 0.5304781198501587, 0.3900356590747833, -0.02578381635248661, 0.513762354850769, 0.35761481523513794, -0.03454957529902458, 0.5523506999015808, 0.5261033773422241, -0.0045477598905563354, 0.516126275062561, 0.4543972313404083, -0.01482108049094677, 0.49317845702171326, 0.40900325775146484, -0.027046658098697662, 0.4729057848453522, 0.3684174418449402, -0.03624935448169708, 0.5366191864013672, 0.5642041563987732, -0.007113627158105373, 0.5012233257293701, 0.5030962824821472, -0.01985345035791397, 0.48049959540367126, 0.46356362104415894, -0.03038853593170643, 0.46257078647613525, 0.4248846769332886, -0.03730497136712074, 0.5296662449836731, 0.6122267246246338, -0.011739625595510006, 0.49805378913879395, 0.576138973236084, -0.025562914088368416, 0.4798887372016907, 0.5479956865310669, -0.033293165266513824, 0.4638579785823822, 0.5161299109458923, -0.037718649953603745]",[]
"[0.6152353882789612, 0.7168996930122375, 1.3888777061765722e-07, 0.6457306742668152, 0.6439021825790405, -0.020682360976934433, 0.6492028832435608, 0.5616446137428284, -0.02734156884253025, 0.6401734948158264, 0.48888054490089417, -0.0327722504734993, 0.6524654626846313, 0.43357139825820923, -0.037850867956876755, 0.5809734463691711, 0.4945174753665924, -0.006640524137765169, 0.5526583194732666, 0.4243168532848358, -0.01634788326919079, 0.5327138900756836, 0.38689345121383667, -0.026137903332710266, 0.5160104036331177, 0.3561047911643982, -0.034258995205163956, 0.5550307631492615, 0.5212737321853638, -0.004895328544080257, 0.5184470415115356, 0.45218247175216675, -0.014712478965520859, 0.4947282075881958, 0.4091544449329376, -0.026219703257083893, 0.4739287793636322, 0.37206175923347473, -0.03479470685124397, 0.5396378040313721, 0.5596731901168823, -0.00616826256737113, 0.5034826993942261, 0.5011863112449646, -0.01820979081094265, 0.4817430078983307, 0.46488842368125916, -0.02804725617170334, 0.4627301096916199, 0.42974036931991577, -0.03444940969347954, 0.53328537940979, 0.6074600219726562, -0.009507715702056885, 0.5024328231811523, 0.5697832703590393, -0.022498609498143196, 0.4839869737625122, 0.5434811115264893, -0.02961030974984169, 0.46716514229774475, 0.5130984783172607, -0.03357953205704689]",[]
"[0.6151087880134583, 0.6942329406738281, 2.8266427420930995e-07, 0.6454637050628662, 0.6242090463638306, -0.023576244711875916, 0.6477112174034119, 0.5522639155387878, -0.03465735912322998, 0.6406195163726807, 0.4878333806991577, -0.04413031041622162, 0.6538258194923401, 0.4318201541900635, -0.053396277129650116, 0.5818510055541992, 0.489484578371048, -0.013096937909722328, 0.5540807843208313, 0.4213916063308716, -0.02398875169456005, 0.5347816944122314, 0.3832992911338806, -0.03366509824991226, 0.517947793006897, 0.3522037863731384, -0.04176989570260048, 0.5579562187194824, 0.5163489580154419, -0.010835487395524979, 0.5216488242149353, 0.4515231251716614, -0.022409159690141678, 0.49738845229148865, 0.4102512300014496, -0.03390442952513695, 0.47576043009757996, 0.37582454085350037, -0.04204107075929642, 0.5434900522232056, 0.5540775060653687, -0.011632394045591354, 0.5067247152328491, 0.50179523229599, -0.02514026127755642, 0.4845634698867798, 0.4689772129058838, -0.03605503588914871, 0.4650798439979553, 0.4374888837337494, -0.042621124535799026, 0.5374661087989807, 0.5981346368789673, -0.014579562470316887, 0.5057032108306885, 0.5643252730369568, -0.0286391731351614, 0.48661237955093384, 0.5395876169204712, -0.03744564950466156, 0.46910661458969116, 0.5111035108566284, -0.04249294847249985]",[]
[],"[0.7279277443885803, 0.7540593147277832, 4.5714688923226277e-08, 0.7938324213027954, 0.6581584811210632, -0.007010250352323055, 0.802606999874115, 0.5402740240097046, -0.002196667483076453, 0.7813199162483215, 0.4499686062335968, 0.00043869565706700087, 0.7858028411865234, 0.3826735317707062, 0.003199179656803608, 0.717750608921051, 0.4441409409046173, 0.035290930420160294, 0.6789786219596863, 0.3644793629646301, 0.03589937835931778, 0.6527196168899536, 0.32780078053474426, 0.026190416887402534, 0.6316321492195129, 0.3035449981689453, 0.018351081758737564, 0.6635919809341431, 0.46762773394584656, 0.03469323366880417, 0.62481689453125, 0.3932204246520996, 0.04068400710821152, 0.6046044230461121, 0.3670938014984131, 0.032301582396030426, 0.5911346673965454, 0.34978345036506653, 0.024882974103093147, 0.6210458278656006, 0.5008369088172913, 0.030220160260796547, 0.5823673009872437, 0.4325132668018341, 0.034027718007564545, 0.5694111585617065, 0.41198083758354187, 0.031929902732372284, 0.562706708908081, 0.3976157307624817, 0.028558386489748955, 0.5867335796356201, 0.5451285243034363, 0.023675549775362015, 0.5558177828788757, 0.49787288904190063, 0.026363464072346687, 0.5436110496520996, 0.47970476746559143, 0.03081366792321205, 0.535384476184845, 0.46594008803367615, 0.0342295840382576]"
[],"[0.7366259694099426, 0.7393956780433655, 9.480245211079819e-08, 0.802645206451416, 0.6474484801292419, -0.005999392364174128, 0.8136394023895264, 0.5345612168312073, -0.0011941547272726893, 0.7884728908538818, 0.4455176293849945, -5.8117973821936175e-05, 0.7927953600883484, 0.38127845525741577, 0.0010987140703946352, 0.7255430817604065, 0.4356422424316406, 0.041538771241903305, 0.6889572739601135, 0.35964149236679077, 0.041982103139162064, 0.6629543304443359, 0.3200831413269043, 0.03261088579893112, 0.6434051394462585, 0.2933603823184967, 0.024968354031443596, 0.6739171147346497, 0.45918548107147217, 0.03925880044698715, 0.6364700794219971, 0.3874543607234955, 0.04661279544234276, 0.6162699460983276, 0.35671094059944153, 0.04009910672903061, 0.6028992533683777, 0.3300776481628418, 0.03407779708504677, 0.6347739696502686, 0.4933713972568512, 0.032296158373355865, 0.5973426103591919, 0.423855721950531, 0.03660333529114723, 0.5838219523429871, 0.39701414108276367, 0.036740563809871674, 0.5760659575462341, 0.3776465356349945, 0.03530857712030411, 0.6012403964996338, 0.5421939492225647, 0.02277376875281334, 0.5694572329521179, 0.4957064986228943, 0.02567671425640583, 0.5581192970275879, 0.4738437831401825, 0.031096691265702248, 0.5497046709060669, 0.4590705335140228, 0.03564920648932457]"
"[0.5929830074310303, 0.7307435274124146, -4.746949944234302e-09, 0.6264222860336304, 0.7360308170318604, 0.00219825841486454, 0.6403910517692566, 0.6668201088905334, 0.00921628624200821, 0.6493734121322632, 0.6165702939033508, 0.009196222759783268, 0.6505089998245239, 0.5628886222839355, 0.011185229755938053, 0.6328314542770386, 0.5363512635231018, 0.05103406682610512, 0.6462733149528503, 0.473610520362854, 0.0611979141831398, 0.6504632830619812, 0.4278305172920227, 0.06460677087306976, 0.6467357277870178, 0.40544864535331726, 0.06545377522706985, 0.6337883472442627, 0.5051618218421936, 0.040666382759809494, 0.6406630277633667, 0.42270880937576294, 0.05114135518670082, 0.6344130039215088, 0.3835839033126831, 0.05454999580979347, 0.6244218349456787, 0.3519213795661926, 0.05839214473962784, 0.6426752805709839, 0.48872876167297363, 0.025225790217518806, 0.6456336975097656, 0.40760621428489685, 0.029868457466363907, 0.6389870643615723, 0.368256151676178, 0.03050811216235161, 0.6273653507232666, 0.3364918828010559, 0.031236810609698296, 0.6532703638076782, 0.49369174242019653, 0.007497468963265419, 0.6565765142440796, 0.4428095817565918, 0.011447412893176079, 0.6507821679115295, 0.41148924827575684, 0.016290463507175446, 0.6377407312393188, 0.3948476314544678, 0.020153408870100975]",[]
[],"[0.5882701873779297, 0.7385624647140503, 1.9361799274975056e-07, 0.6696093082427979, 0.7302201986312866, -0.0054284343495965, 0.7100910544395447, 0.6388713717460632, 0.003261886304244399, 0.7278761863708496, 0.5649055242538452, 0.0075473058968782425, 0.7381938099861145, 0.49506306648254395, 0.013365782797336578, 0.6781750917434692, 0.5016539692878723, 0.04807228967547417, 0.6825186610221863, 0.42446067929267883, 0.055226702243089676, 0.6785020232200623, 0.3642233610153198, 0.054815348237752914, 0.6651265621185303, 0.3290247321128845, 0.05434838682413101, 0.6453118920326233, 0.4865785837173462, 0.04329847916960716, 0.6493328213691711, 0.40577229857444763, 0.05564216151833534, 0.6430626511573792, 0.3612199127674103, 0.0560133159160614, 0.6329517364501953, 0.3263174891471863, 0.05814655125141144, 0.6186586618423462, 0.4911215901374817, 0.033298309892416, 0.6209474205970764, 0.41444212198257446, 0.03742238134145737, 0.6163392066955566, 0.3803129196166992, 0.038361962884664536, 0.6080618500709534, 0.35158416628837585, 0.040423743426799774, 0.5953414440155029, 0.5184298753738403, 0.020679961889982224, 0.5983133912086487, 0.4772278666496277, 0.02070845663547516, 0.5959697365760803, 0.4550853371620178, 0.025361856445670128, 0.5874013304710388, 0.44411540031433105, 0.03142964094877243]"
[],"[0.5715996026992798, 0.7266520261764526, -2.3764351908539538e-07, 0.6289668679237366, 0.7463744878768921, 0.002953201299533248, 0.6648584008216858, 0.7080427408218384, 0.005847780965268612, 0.6805202960968018, 0.6778900623321533, 0.003397902473807335, 0.6868553161621094, 0.6414685249328613, 0.003270263783633709, 0.6068971753120422, 0.5669335126876831, 0.03631464019417763, 0.6406059861183167, 0.5639487504959106, 0.03275444358587265, 0.6559946537017822, 0.602671205997467, 0.023379363119602203, 0.65459805727005, 0.6309704184532166, 0.017993710935115814, 0.5944045782089233, 0.5238521695137024, 0.02931453473865986, 0.6339151859283447, 0.5047520399093628, 0.03214604780077934, 0.64508056640625, 0.5430144667625427, 0.02749386802315712, 0.645803689956665, 0.5721548199653625, 0.023905912414193153, 0.5922712683677673, 0.49745920300483704, 0.0190480537712574, 0.6301819682121277, 0.46313056349754333, 0.021149910986423492, 0.6402995586395264, 0.501768171787262, 0.022549042478203773, 0.6433827877044678, 0.5307124257087708, 0.023351728916168213, 0.5992012619972229, 0.4895079731941223, 0.007917690090835094, 0.6331788301467896, 0.4565512239933014, 0.01577661745250225, 0.6428368091583252, 0.4739602208137512, 0.02639150619506836, 0.644416868686676, 0.4938051402568817, 0.033505648374557495]"
[],"[0.5355163812637329, 0.6778926849365234, 1.161592209086848e-07, 0.5816032290458679, 0.6322776079177856, -0.011193879880011082, 0.6053335666656494, 0.5533914566040039, -0.01435455959290266, 0.6213045120239258, 0.48180046677589417, -0.0170399509370327, 0.6385794878005981, 0.43441876769065857, -0.020110292360186577, 0.558214545249939, 0.4721316993236542, -0.00603523151949048, 0.542130708694458, 0.3811197876930237, -0.01577652245759964, 0.5299745202064514, 0.33101895451545715, -0.02505866251885891, 0.5176602602005005, 0.29349958896636963, -0.03148629888892174, 0.5296581983566284, 0.47721439599990845, -0.007068323437124491, 0.5111038088798523, 0.38457828760147095, -0.013941158540546894, 0.49913519620895386, 0.3265353739261627, -0.023965993896126747, 0.4885540008544922, 0.282041072845459, -0.03217679634690285, 0.5056747794151306, 0.4992736279964447, -0.009688174352049828, 0.4874725341796875, 0.4220910966396332, -0.01698247902095318, 0.4771656394004822, 0.3701897859573364, -0.025301678106188774, 0.46855273842811584, 0.3283546566963196, -0.031930893659591675, 0.4892088770866394, 0.5349161028862, -0.013206014409661293, 0.46988049149513245, 0.48425617814064026, -0.020317357033491135, 0.4604666829109192, 0.45096683502197266, -0.023780114948749542, 0.4532749652862549, 0.4216785430908203, -0.026015760377049446]"
"[0.5424376726150513, 0.7605096101760864, -2.8320366496359384e-08, 0.5909863114356995, 0.7304742932319641, 0.013179818168282509, 0.6090880632400513, 0.6743954420089722, 0.014620944857597351, 0.6178370118141174, 0.6377282738685608, 0.007257386110723019, 0.6164764165878296, 0.5921958088874817, 0.001709198229946196, 0.537592351436615, 0.5399507284164429, 0.043734110891819, 0.5578938722610474, 0.49728095531463623, 0.0439816489815712, 0.5712940692901611, 0.49007514119148254, 0.04067063704133034, 0.5775249600410461, 0.48763689398765564, 0.03754262253642082, 0.5444288849830627, 0.5095668435096741, 0.02587730623781681, 0.551711916923523, 0.45983466506004333, 0.03135468438267708, 0.561871349811554, 0.4441133141517639, 0.03271269425749779, 0.5722650289535522, 0.4349772036075592, 0.03283006325364113, 0.5681503415107727, 0.49543002247810364, 0.004515336826443672, 0.5861735343933105, 0.45227518677711487, 5.263528146315366e-05, 0.598418116569519, 0.44558703899383545, -0.0017398333875462413, 0.6104027628898621, 0.44463902711868286, -0.0029469679575413465, 0.6121920347213745, 0.49860039353370667, -0.017543453723192215, 0.6516242623329163, 0.5045536160469055, -0.0215374194085598, 0.6669369339942932, 0.5194894671440125, -0.020335309207439423, 0.6772857904434204, 0.5430001616477966, -0.018778644502162933]","[0.7286897897720337, 0.7352796792984009, -1.5626453375716665e-07, 0.7400370836257935, 0.6594796180725098, -0.019193630665540695, 0.7361031770706177, 0.572474479675293, -0.025527242571115494, 0.7194668054580688, 0.495868444442749, -0.029281023889780045, 0.7176609039306641, 0.4387134313583374, -0.03141253814101219, 0.7421427369117737, 0.5765187740325928, -0.010371181182563305, 0.6966676712036133, 0.5086819529533386, -0.026137754321098328, 0.6860337257385254, 0.514033854007721, -0.03669995442032814, 0.6910709142684937, 0.5309627652168274, -0.040735043585300446, 0.7231094241142273, 0.5907182693481445, -0.002567308722063899, 0.684137225151062, 0.5293866395950317, -0.016617562621831894, 0.6773330569267273, 0.5456624031066895, -0.025955483317375183, 0.68269944190979, 0.5683658719062805, -0.029493317008018494, 0.7072274684906006, 0.6053615212440491, 0.002699999837204814, 0.6741280555725098, 0.5536527633666992, -0.010786125436425209, 0.6707704067230225, 0.576349139213562, -0.01387595385313034, 0.6795165538787842, 0.6025161743164062, -0.012072555720806122, 0.6935037970542908, 0.619780421257019, 0.00695383595302701, 0.6665679216384888, 0.5849557518959045, -0.0018901487346738577, 0.6652718782424927, 0.5984801054000854, -0.002322110114619136, 0.6719225645065308, 0.6182715892791748, 0.0005407610442489386]"
"[0.5391606688499451, 0.781582236289978, -1.3747334826064161e-08, 0.6503920555114746, 0.7224898934364319, -0.01880541443824768, 0.6861979961395264, 0.6334651112556458, -0.016951296478509903, 0.6879808306694031, 0.570034921169281, -0.014959697611629963, 0.6855373978614807, 0.5178113579750061, -0.011071671731770039, 0.6120920777320862, 0.48609668016433716, 0.02024869993329048, 0.5818268060684204, 0.4223010540008545, 0.018998241052031517, 0.5552780032157898, 0.38926059007644653, 0.010353583842515945, 0.5327643156051636, 0.3682863116264343, 0.0034737184178084135, 0.5667765140533447, 0.5080783367156982, 0.024962808936834335, 0.535498321056366, 0.4446660280227661, 0.02894478663802147, 0.5122057199478149, 0.4018462002277374, 0.022045794874429703, 0.49043330550193787, 0.37214165925979614, 0.016143523156642914, 0.5338241457939148, 0.5491111278533936, 0.025007857009768486, 0.5104953646659851, 0.48997578024864197, 0.024127306416630745, 0.49532178044319153, 0.4519101679325104, 0.01878901943564415, 0.4800528585910797, 0.4202519655227661, 0.015302563086152077, 0.5146734714508057, 0.6037915349006653, 0.02205643616616726, 0.4981628656387329, 0.5598658919334412, 0.01658625155687332, 0.4886225163936615, 0.5261979103088379, 0.013897854834794998, 0.4791069030761719, 0.5025120377540588, 0.013996118679642677]","[0.6579546928405762, 0.7752975225448608, 1.1894592688577177e-07, 0.7249389290809631, 0.6903205513954163, -0.022289501503109932, 0.7226549386978149, 0.5747489929199219, -0.023105688393115997, 0.7030953764915466, 0.4904320240020752, -0.020949475467205048, 0.7115340828895569, 0.42234188318252563, -0.016146758571267128, 0.6361300349235535, 0.5360540747642517, 0.012882615439593792, 0.6384146809577942, 0.4937707483768463, 0.008570905774831772, 0.6494699716567993, 0.5194953680038452, -0.0009719800436869264, 0.6521703600883484, 0.5457351207733154, -0.008599083870649338, 0.5937373638153076, 0.5630595684051514, 0.021536115556955338, 0.5888717174530029, 0.5206656455993652, 0.01771758869290352, 0.5931515097618103, 0.5184778571128845, 0.005701825488358736, 0.5951674580574036, 0.5250516533851624, -0.002667789813131094, 0.5631838440895081, 0.5952547192573547, 0.02623295597732067, 0.5519113540649414, 0.5426416397094727, 0.01691935770213604, 0.5526465773582458, 0.5273239612579346, 0.008535079658031464, 0.5493097901344299, 0.5154600143432617, 0.004333361517637968, 0.5457136631011963, 0.6286630034446716, 0.029302936047315598, 0.526578962802887, 0.5831145644187927, 0.019582383334636688, 0.5210121870040894, 0.5669355988502502, 0.015786664560437202, 0.5152918696403503, 0.5560352802276611, 0.015429862774908543]"
[],"[0.5404489636421204, 0.7858480215072632, -2.705783685996721e-08, 0.6542130708694458, 0.72049480676651, -0.013713146559894085, 0.6867834329605103, 0.6217536926269531, -0.008215959183871746, 0.6864047050476074, 0.5537465810775757, -0.003862132551148534, 0.6846287846565247, 0.49825045466423035, 0.0020154821686446667, 0.6123976111412048, 0.48606985807418823, 0.030097683891654015, 0.5832059979438782, 0.42156463861465454, 0.031765423715114594, 0.5574120879173279, 0.38788118958473206, 0.024364763870835304, 0.5355686545372009, 0.3677346706390381, 0.018206791952252388, 0.5673971176147461, 0.5102674961090088, 0.03270436078310013, 0.5362801551818848, 0.4449869692325592, 0.03961780294775963, 0.5141063928604126, 0.4013265371322632, 0.03339280188083649, 0.4931820333003998, 0.3716568946838379, 0.028124216943979263, 0.5343561172485352, 0.5519378185272217, 0.03076188452541828, 0.510493814945221, 0.48821404576301575, 0.0319226048886776, 0.495893657207489, 0.44764986634254456, 0.027712782844901085, 0.48106640577316284, 0.41450247168540955, 0.024941833689808846, 0.5149070024490356, 0.6081320643424988, 0.02610710822045803, 0.4980226755142212, 0.5612989068031311, 0.021894147619605064, 0.48824021220207214, 0.5258117318153381, 0.020308151841163635, 0.47815945744514465, 0.5005990862846375, 0.02126377448439598]"
[],"[0.5185874700546265, 0.7791184186935425, 1.3692790901131957e-07, 0.6318086981773376, 0.7144100666046143, -0.007419999688863754, 0.6671521663665771, 0.6060631275177002, 0.0010289408965036273, 0.6741359233856201, 0.5278835892677307, 0.007104598451405764, 0.6734015941619873, 0.4683528542518616, 0.01480198372155428, 0.6068639755249023, 0.4740125238895416, 0.041831307113170624, 0.5901178121566772, 0.41469794511795044, 0.049160804599523544, 0.5673828125, 0.37688589096069336, 0.046114686876535416, 0.5441370606422424, 0.35471677780151367, 0.042606353759765625, 0.5601401329040527, 0.4889521300792694, 0.043823905289173126, 0.5409272909164429, 0.4291122257709503, 0.05719766393303871, 0.5223220586776733, 0.3881177008152008, 0.0586625374853611, 0.5015125274658203, 0.3547806143760681, 0.05955502390861511, 0.5210514068603516, 0.5227570533752441, 0.04155471548438072, 0.5083958506584167, 0.46412894129753113, 0.0492803230881691, 0.49819162487983704, 0.4201084077358246, 0.05712772533297539, 0.48470649123191833, 0.38717055320739746, 0.06322161108255386, 0.49529701471328735, 0.5740367770195007, 0.03632894158363342, 0.49331584572792053, 0.5274251103401184, 0.041235391050577164, 0.49046212434768677, 0.49395036697387695, 0.05049861595034599, 0.4830196499824524, 0.47477126121520996, 0.05975085869431496]"
[],"[0.6223044395446777, 0.8089332580566406, 2.0657586219385848e-07, 0.7108035683631897, 0.7117135524749756, 0.0008863303228281438, 0.7243704199790955, 0.5744912028312683, 0.01340324617922306, 0.7111971974372864, 0.477279394865036, 0.02218133769929409, 0.7107445597648621, 0.3982645273208618, 0.03208297863602638, 0.6321834325790405, 0.46243801712989807, 0.060015417635440826, 0.6073604822158813, 0.3980666995048523, 0.07518283277750015, 0.5904721617698669, 0.36726945638656616, 0.0750582367181778, 0.5728759765625, 0.344897985458374, 0.07360958307981491, 0.5758067965507507, 0.4879312217235565, 0.05897881090641022, 0.5506263375282288, 0.42133498191833496, 0.08276102691888809, 0.5351107120513916, 0.3821687698364258, 0.08668222278356552, 0.5198594927787781, 0.3549726903438568, 0.08835260570049286, 0.5325468182563782, 0.5290446281433105, 0.0540151409804821, 0.5084748268127441, 0.46172723174095154, 0.06940098106861115, 0.5012617111206055, 0.42212170362472534, 0.0807919055223465, 0.49450457096099854, 0.3957744836807251, 0.08823677152395248, 0.502566397190094, 0.5826259255409241, 0.04676492139697075, 0.48797717690467834, 0.5300535559654236, 0.057776834815740585, 0.48570749163627625, 0.49765971302986145, 0.07224110513925552, 0.4805421829223633, 0.4772876501083374, 0.08503920584917068]"
[],"[0.6387308835983276, 0.7909437417984009, -2.9203812701439347e-09, 0.7231395244598389, 0.6923443078994751, 0.0031003563199192286, 0.7404853701591492, 0.5699631571769714, 0.011480651795864105, 0.7196816205978394, 0.46918898820877075, 0.01578993909060955, 0.718808650970459, 0.39437246322631836, 0.020339636132121086, 0.6515848636627197, 0.4652666449546814, 0.0483526773750782, 0.6123629808425903, 0.39015907049179077, 0.052914731204509735, 0.5885636806488037, 0.36140477657318115, 0.04513857886195183, 0.5675466656684875, 0.3455981910228729, 0.03916900232434273, 0.5938801169395447, 0.4895092248916626, 0.04484258592128754, 0.5549400448799133, 0.4092898964881897, 0.055957794189453125, 0.5315771102905273, 0.3699519634246826, 0.0496639721095562, 0.5142295360565186, 0.34102725982666016, 0.04306403174996376, 0.5508921146392822, 0.5232722759246826, 0.038487691432237625, 0.5193824172019958, 0.4452747702598572, 0.04736531898379326, 0.5052335262298584, 0.40544435381889343, 0.049244824796915054, 0.4937009811401367, 0.3791271150112152, 0.04837240278720856, 0.5195895433425903, 0.5686591267585754, 0.030829202383756638, 0.5010233521461487, 0.5042940974235535, 0.040619563311338425, 0.49398350715637207, 0.4701244831085205, 0.050969161093235016, 0.48533058166503906, 0.4483276605606079, 0.05843590572476387]"
[],"[0.6227320432662964, 0.8053747415542603, -1.3796015885247925e-08, 0.7070071697235107, 0.7038429975509644, 0.00607070978730917, 0.7253916263580322, 0.5740851163864136, 0.015898369252681732, 0.7131637334823608, 0.4672098159790039, 0.020143626257777214, 0.7170720100402832, 0.3905144929885864, 0.024306179955601692, 0.6492958664894104, 0.4684145450592041, 0.0564543791115284, 0.6138811707496643, 0.39629220962524414, 0.059984367340803146, 0.5905463099479675, 0.366851806640625, 0.04984156787395477, 0.5685036778450012, 0.3501492142677307, 0.042618751525878906, 0.5934577584266663, 0.490071177482605, 0.05033313110470772, 0.5567006468772888, 0.4142048954963684, 0.06184869259595871, 0.5318470001220703, 0.3689464330673218, 0.05315200984477997, 0.5098177790641785, 0.3359278440475464, 0.044705066829919815, 0.5510073304176331, 0.5233184695243835, 0.04107162356376648, 0.5221093893051147, 0.44791531562805176, 0.049899231642484665, 0.5084765553474426, 0.4073048233985901, 0.050415944308042526, 0.4971086382865906, 0.3796822130680084, 0.04868344962596893, 0.520484983921051, 0.5685728192329407, 0.030483532696962357, 0.5013501644134521, 0.5055285692214966, 0.03995535150170326, 0.49578794836997986, 0.47232091426849365, 0.05021964758634567, 0.48941195011138916, 0.4531219005584717, 0.05784795433282852]"
[],"[0.6092163920402527, 0.8072056770324707, 3.8683957370722055e-08, 0.702366054058075, 0.7065284848213196, 0.009373901411890984, 0.7250257730484009, 0.576836884021759, 0.02292870171368122, 0.7135391235351562, 0.4706569314002991, 0.030194910243153572, 0.71780925989151, 0.39401209354400635, 0.03745047003030777, 0.6446807980537415, 0.4697801172733307, 0.06936213374137878, 0.6133435964584351, 0.3982577323913574, 0.07891340553760529, 0.5928571820259094, 0.37134799361228943, 0.07191428542137146, 0.5730081796646118, 0.35797733068466187, 0.06644192337989807, 0.5872679948806763, 0.49235883355140686, 0.06342387199401855, 0.5540241003036499, 0.4178399443626404, 0.08095286786556244, 0.5326695442199707, 0.3755617141723633, 0.07400377094745636, 0.5138237476348877, 0.34646302461624146, 0.06657572835683823, 0.5446881651878357, 0.5265647768974304, 0.0540766604244709, 0.5188658237457275, 0.4530167281627655, 0.06800363957881927, 0.5084272027015686, 0.41522103548049927, 0.06994886696338654, 0.49965527653694153, 0.39123642444610596, 0.06889690458774567, 0.5152741074562073, 0.5730674862861633, 0.04339210316538811, 0.4985180199146271, 0.5127992630004883, 0.05723828077316284, 0.4952060878276825, 0.4805568754673004, 0.06902380287647247, 0.4904259145259857, 0.4629822075366974, 0.07749197632074356]"
[],"[0.5098715424537659, 0.8153018951416016, 9.477528095658272e-08, 0.6071722507476807, 0.7938864827156067, -0.03237030282616615, 0.655460000038147, 0.7102723717689514, -0.03869219496846199, 0.676954984664917, 0.6275968551635742, -0.04041711241006851, 0.6897473931312561, 0.5588819980621338, -0.040083564817905426, 0.5863596200942993, 0.5365502238273621, -0.0032228773925453424, 0.5874189138412476, 0.4582805633544922, -0.008477343246340752, 0.5730742812156677, 0.42229536175727844, -0.01864517480134964, 0.5524166822433472, 0.395232617855072, -0.026182401925325394, 0.5376787185668945, 0.5361937284469604, 0.008731111884117126, 0.5300600528717041, 0.4610530734062195, 0.009380202740430832, 0.5146462917327881, 0.41404134035110474, 0.0001107684729504399, 0.496641606092453, 0.37740424275398254, -0.007802771870046854, 0.5018620491027832, 0.5600714683532715, 0.016853399574756622, 0.4957563281059265, 0.48727789521217346, 0.014027862809598446, 0.48728981614112854, 0.4463847577571869, 0.007440214976668358, 0.47667187452316284, 0.4090154767036438, 0.0022989383433014154, 0.4780856966972351, 0.6022078990936279, 0.02164919674396515, 0.4759305715560913, 0.5488905310630798, 0.016539810225367546, 0.4736710786819458, 0.5165651440620422, 0.01606150157749653, 0.4687786102294922, 0.4930461049079895, 0.017428994178771973]"
[],"[0.4785761535167694, 0.6636433601379395, 3.225981259902255e-08, 0.5229375958442688, 0.6480451822280884, 0.0025447874795645475, 0.5427351593971252, 0.5902838706970215, -0.0017187045887112617, 0.5549409985542297, 0.5258415937423706, -0.0055829668417572975, 0.5599756240844727, 0.478391170501709, -0.011175169609487057, 0.5472134947776794, 0.5557432770729065, -0.02967752143740654, 0.553149402141571, 0.44510582089424133, -0.04360092431306839, 0.5464427471160889, 0.3772488832473755, -0.047991469502449036, 0.5345049500465393, 0.3311827480792999, -0.05022122338414192, 0.5216484665870667, 0.5370307564735413, -0.03738323971629143, 0.5236448049545288, 0.41125401854515076, -0.05547213554382324, 0.5141862034797668, 0.34102731943130493, -0.06348537653684616, 0.5027577877044678, 0.29310286045074463, -0.06759299337863922, 0.49412980675697327, 0.5315614342689514, -0.042409442365169525, 0.49128594994544983, 0.4245948791503906, -0.057482365518808365, 0.4809843599796295, 0.36028680205345154, -0.06432366371154785, 0.46929579973220825, 0.31424233317375183, -0.0680541843175888, 0.47068533301353455, 0.5402080416679382, -0.045501142740249634, 0.4658842086791992, 0.4783536493778229, -0.05806819722056389, 0.45865264534950256, 0.4413682222366333, -0.06225692108273506, 0.4507564902305603, 0.4105299115180969, -0.06369231641292572]"
"[0.6642192602157593, 0.7872107028961182, -1.5429493771534908e-07, 0.6770930886268616, 0.6979309916496277, -0.012041755951941013, 0.6712561845779419, 0.6120527982711792, -0.01408382412046194, 0.646411657333374, 0.5501152873039246, -0.017582472413778305, 0.6283946633338928, 0.5137150883674622, -0.021136140450835228, 0.6307328939437866, 0.581867516040802, 0.010178866796195507, 0.5979978442192078, 0.5287470817565918, -0.0038505608681589365, 0.58819580078125, 0.5218189358711243, -0.016999293118715286, 0.590529203414917, 0.513114869594574, -0.025675930082798004, 0.6185970902442932, 0.5920891761779785, 0.010215770453214645, 0.5860745310783386, 0.5387426018714905, -0.007810262497514486, 0.5875638127326965, 0.5613420009613037, -0.021300779655575752, 0.599410891532898, 0.5817819833755493, -0.02679111249744892, 0.6168960928916931, 0.6064249873161316, 0.007254392374306917, 0.5825042724609375, 0.5555265545845032, -0.013090880587697029, 0.5886853337287903, 0.5840126872062683, -0.01854628510773182, 0.6060882806777954, 0.6081148982048035, -0.01689491793513298, 0.6237848401069641, 0.6220935583114624, 0.0033151020761579275, 0.5937585830688477, 0.579563319683075, -0.010922856628894806, 0.5968181490898132, 0.5984194874763489, -0.010476048104465008, 0.6083051562309265, 0.6209971904754639, -0.006253437139093876]",[]
[],"[0.4527950882911682, 0.7960958480834961, -1.6543734204788052e-07, 0.5171741843223572, 0.7929012775421143, 0.027018532156944275, 0.5339703559875488, 0.7224005460739136, 0.04988076910376549, 0.5434904098510742, 0.6982688307762146, 0.06327442824840546, 0.5469953417778015, 0.6619921922683716, 0.07884147763252258, 0.49050799012184143, 0.5628476738929749, 0.08430978655815125, 0.5144912600517273, 0.5285776257514954, 0.10943260788917542, 0.518031656742096, 0.5361956357955933, 0.11699452251195908, 0.5078256726264954, 0.5439146757125854, 0.11965752393007278, 0.4804735481739044, 0.5481671690940857, 0.06964632868766785, 0.47992390394210815, 0.4978554844856262, 0.09788912534713745, 0.474428653717041, 0.4844653606414795, 0.09973146766424179, 0.4625987410545349, 0.48568764328956604, 0.09785331040620804, 0.48391133546829224, 0.5472837090492249, 0.05251753702759743, 0.4827777147293091, 0.4920964241027832, 0.07269471138715744, 0.48065274953842163, 0.4867546260356903, 0.07102001458406448, 0.47430139780044556, 0.49233007431030273, 0.06751769781112671, 0.5018017292022705, 0.5642322897911072, 0.03549956902861595, 0.511468768119812, 0.5332211852073669, 0.05167783051729202, 0.5142055749893188, 0.5218395590782166, 0.05690418928861618, 0.5092398524284363, 0.5279743075370789, 0.05913922190666199]"
[],"[0.6346240639686584, 0.7893654704093933, -4.192526148472098e-08, 0.6513386368751526, 0.7000414729118347, -0.015953436493873596, 0.6486347913742065, 0.5972327589988708, -0.015336298383772373, 0.6319347023963928, 0.5123363733291626, -0.014859487302601337, 0.6308680772781372, 0.44736796617507935, -0.013364517129957676, 0.6122385263442993, 0.5914160013198853, 0.024576738476753235, 0.5804668664932251, 0.5285687446594238, 0.018596451729536057, 0.5651045441627502, 0.5128453373908997, 0.01027320884168148, 0.5635685324668884, 0.5081413388252258, 0.005581475328654051, 0.5965431928634644, 0.6114892363548279, 0.02968849055469036, 0.5630766153335571, 0.5502859354019165, 0.021387353539466858, 0.5497608780860901, 0.5483188033103943, 0.008031529374420643, 0.5486705303192139, 0.5535587072372437, 0.001499444479122758, 0.5909610390663147, 0.6296724081039429, 0.030397826805710793, 0.5598751306533813, 0.5740213990211487, 0.01806827448308468, 0.5508912205696106, 0.5821408629417419, 0.009330942295491695, 0.5545291304588318, 0.5928481817245483, 0.007501160725951195, 0.5934390425682068, 0.6432598233222961, 0.02962552197277546, 0.5676076412200928, 0.5978617072105408, 0.020639052614569664, 0.5604106187820435, 0.6025168299674988, 0.018495088443160057, 0.5609350800514221, 0.6126402616500854, 0.019980793818831444]"
"[0.44945627450942993, 0.7741115093231201, 1.4981135620928399e-07, 0.5482466220855713, 0.753780722618103, 0.008957634679973125, 0.5715599656105042, 0.6772057414054871, 0.02354191243648529, 0.5763029456138611, 0.6417364478111267, 0.03131755813956261, 0.5743181109428406, 0.6036137342453003, 0.04097134992480278, 0.5091949701309204, 0.5237958431243896, 0.06416833400726318, 0.5276133418083191, 0.5027984380722046, 0.08142723143100739, 0.537337064743042, 0.522165060043335, 0.08614345639944077, 0.5361879467964172, 0.5461001992225647, 0.08863178640604019, 0.4679347574710846, 0.5340224504470825, 0.05773739144206047, 0.4631910026073456, 0.4912177324295044, 0.08464261889457703, 0.46249377727508545, 0.48142361640930176, 0.09232299029827118, 0.4598972797393799, 0.48454779386520386, 0.09608637541532516, 0.43942737579345703, 0.5637325048446655, 0.047020114958286285, 0.42714551091194153, 0.5147336721420288, 0.06046706810593605, 0.42711615562438965, 0.5080538988113403, 0.06298031657934189, 0.42882251739501953, 0.5113556385040283, 0.06488712877035141, 0.42895057797431946, 0.6104586720466614, 0.035163238644599915, 0.4256390333175659, 0.5858277082443237, 0.04138835147023201, 0.42656445503234863, 0.57918381690979, 0.04657662659883499, 0.42417651414871216, 0.590231716632843, 0.05186610296368599]","[0.6348207592964172, 0.7833133935928345, 7.989825689946883e-08, 0.6580828428268433, 0.692874550819397, -0.017933404073119164, 0.6544869542121887, 0.5893682241439819, -0.01606494002044201, 0.6351870894432068, 0.5079526901245117, -0.013812080025672913, 0.6325159072875977, 0.44706985354423523, -0.010341774672269821, 0.613527238368988, 0.5850903391838074, 0.02895457111299038, 0.584437370300293, 0.5188494324684143, 0.02809991128742695, 0.5720681548118591, 0.4928790330886841, 0.022980203852057457, 0.5715781450271606, 0.47854310274124146, 0.019732194021344185, 0.5948863625526428, 0.6065633893013, 0.0361185260117054, 0.5633388161659241, 0.5433200001716614, 0.03151600435376167, 0.5505837798118591, 0.5341296792030334, 0.01904594525694847, 0.5495471358299255, 0.5339491367340088, 0.01314819697290659, 0.5868365168571472, 0.6253120303153992, 0.038598980754613876, 0.5571784973144531, 0.5670857429504395, 0.029776141047477722, 0.5477093458175659, 0.567779004573822, 0.02011440508067608, 0.5513086318969727, 0.57294762134552, 0.017305171117186546, 0.5872673988342285, 0.6392683386802673, 0.039344385266304016, 0.5638648271560669, 0.5918331742286682, 0.03308232128620148, 0.5580848455429077, 0.5910741090774536, 0.030454548075795174, 0.5599557757377625, 0.5978074669837952, 0.03121049515902996]"
[],"[0.5771505236625671, 0.8115881681442261, -2.108408914125448e-08, 0.6467471718788147, 0.70907062292099, -0.004413637798279524, 0.6607826948165894, 0.5783636569976807, 0.003860719734802842, 0.6421265602111816, 0.4758589565753937, 0.011042064055800438, 0.6380147933959961, 0.39969778060913086, 0.019916528835892677, 0.5521767139434814, 0.47452619671821594, 0.04473015293478966, 0.5394778847694397, 0.4309227168560028, 0.05383751541376114, 0.5364404320716858, 0.45822957158088684, 0.04754824563860893, 0.5298201441764832, 0.47967714071273804, 0.04148545116186142, 0.49598222970962524, 0.4969569146633148, 0.04588562250137329, 0.483819842338562, 0.452267050743103, 0.06371667236089706, 0.48460057377815247, 0.46565595269203186, 0.05778507888317108, 0.48455744981765747, 0.48103708028793335, 0.04974587261676788, 0.4565049111843109, 0.5350560545921326, 0.044211313128471375, 0.44531506299972534, 0.48179396986961365, 0.05335570126771927, 0.4533817768096924, 0.49715709686279297, 0.05216210335493088, 0.45928940176963806, 0.516578197479248, 0.04891581833362579, 0.43005067110061646, 0.5800959467887878, 0.04140811040997505, 0.4225854277610779, 0.5341178178787231, 0.04823516681790352, 0.42852139472961426, 0.5448145270347595, 0.0570538155734539, 0.43262380361557007, 0.5598049163818359, 0.06390710920095444]"
[],"[0.6325787305831909, 0.7957432270050049, 7.781701505393812e-09, 0.6783416867256165, 0.6698348522186279, -0.01052915584295988, 0.678442120552063, 0.5463975667953491, -0.008039173670113087, 0.6508064270019531, 0.4515930116176605, -0.008619602769613266, 0.6471148729324341, 0.37615248560905457, -0.008373922668397427, 0.5854914784431458, 0.46562111377716064, 0.038832779973745346, 0.5392825603485107, 0.386679470539093, 0.03218790516257286, 0.5091060400009155, 0.35301852226257324, 0.015368208289146423, 0.4798491299152374, 0.33007490634918213, 0.0037872374523431063, 0.541480541229248, 0.49535682797431946, 0.036332521587610245, 0.49369630217552185, 0.41349899768829346, 0.0361495204269886, 0.46421584486961365, 0.3781867027282715, 0.02147383615374565, 0.436390221118927, 0.35339558124542236, 0.010685122571885586, 0.5083227157592773, 0.5336495637893677, 0.02859794721007347, 0.4628479778766632, 0.4567313492298126, 0.027309345081448555, 0.44192370772361755, 0.42423391342163086, 0.021709436550736427, 0.42328232526779175, 0.4006856083869934, 0.0173814557492733, 0.4822423756122589, 0.5834633111953735, 0.01807212643325329, 0.4452993869781494, 0.5308719873428345, 0.018182791769504547, 0.4286724925041199, 0.5052136778831482, 0.022211400792002678, 0.4135669767856598, 0.48589932918548584, 0.02614506706595421]"
[],"[0.6243876218795776, 0.7811546921730042, 4.3960667994724645e-08, 0.6711257696151733, 0.6561048030853271, -0.009826237335801125, 0.6763821244239807, 0.5370543599128723, -0.010592225939035416, 0.6493354439735413, 0.4460005760192871, -0.014196258038282394, 0.6444125175476074, 0.3718761205673218, -0.01725934073328972, 0.5830069184303284, 0.45741432905197144, 0.02921200729906559, 0.5328415632247925, 0.3812534809112549, 0.019680725410580635, 0.5021931529045105, 0.344514936208725, 0.0028799520805478096, 0.4766820967197418, 0.3177231550216675, -0.008976801298558712, 0.5372011065483093, 0.49369144439697266, 0.02474217675626278, 0.4868660271167755, 0.4147125482559204, 0.02102627605199814, 0.45689043402671814, 0.371996134519577, 0.0067069255746901035, 0.43329334259033203, 0.33727091550827026, -0.004457214847207069, 0.5032884478569031, 0.538247287273407, 0.015780562534928322, 0.4591587781906128, 0.4609169661998749, 0.010101217776536942, 0.43730494379997253, 0.42151984572410583, 0.00524922925978899, 0.42116162180900574, 0.3906751573085785, 0.0012037634151056409, 0.47810500860214233, 0.5941591262817383, 0.004460211843252182, 0.44686490297317505, 0.5392991900444031, -3.044763616344426e-06, 0.4336458444595337, 0.5091806054115295, 0.0035073321778327227, 0.4215806722640991, 0.48554447293281555, 0.007184228394180536]"
[],"[0.42502960562705994, 0.834479808807373, 7.82681155442333e-08, 0.5168979167938232, 0.8362681865692139, -0.003900413867086172, 0.5506409406661987, 0.752249002456665, 0.0018958861473947763, 0.5571485161781311, 0.7060984373092651, 0.00205112318508327, 0.5603419542312622, 0.6558836102485657, 0.004736921284347773, 0.4833318591117859, 0.5816584825515747, 0.049911197274923325, 0.5193368792533875, 0.5374724864959717, 0.052118491381406784, 0.5353280901908875, 0.5231940746307373, 0.04330966994166374, 0.5280460119247437, 0.5118026733398438, 0.036227717995643616, 0.45897141098976135, 0.5553253889083862, 0.04170769080519676, 0.47980719804763794, 0.49045687913894653, 0.04538499563932419, 0.481046587228775, 0.4582030177116394, 0.03634984791278839, 0.4632958769798279, 0.4317525625228882, 0.030537771061062813, 0.4547182023525238, 0.541823148727417, 0.028010128065943718, 0.4700588881969452, 0.4636473059654236, 0.027372324839234352, 0.4731062054634094, 0.4350086450576782, 0.023910511285066605, 0.4622116684913635, 0.4030003845691681, 0.02329615317285061, 0.4677898585796356, 0.5470114946365356, 0.011560755781829357, 0.4948318898677826, 0.48299461603164673, 0.012443373911082745, 0.5019516348838806, 0.4505120813846588, 0.017669029533863068, 0.49359533190727234, 0.4267561137676239, 0.02266361191868782]"
[],"[0.4132497012615204, 0.8285911083221436, -2.1546622264168036e-08, 0.5143488645553589, 0.8264638185501099, -0.002773615065962076, 0.5505895018577576, 0.7474236488342285, 0.0009152983548119664, 0.5586123466491699, 0.7044886350631714, -0.0015576722798869014, 0.5649242997169495, 0.6594786047935486, -0.0008079989347606897, 0.4748860001564026, 0.5754075646400452, 0.04384807497262955, 0.5297905206680298, 0.5567725300788879, 0.03909723460674286, 0.5593870282173157, 0.5873969793319702, 0.025360403582453728, 0.5589218139648438, 0.6097309589385986, 0.016543380916118622, 0.4485566020011902, 0.5522307753562927, 0.03537944331765175, 0.49762362241744995, 0.5158722996711731, 0.03411233052611351, 0.5137444138526917, 0.5414605736732483, 0.02526140585541725, 0.5055968761444092, 0.5621787905693054, 0.02045534737408161, 0.4412609934806824, 0.5429533123970032, 0.021676642820239067, 0.48483264446258545, 0.4899190068244934, 0.019086310639977455, 0.5031115412712097, 0.5136928558349609, 0.018260600045323372, 0.5035489201545715, 0.5261822938919067, 0.019872335717082024, 0.451234370470047, 0.550116777420044, 0.005566244479268789, 0.5045170187950134, 0.5072041749954224, 0.008625765331089497, 0.5255112648010254, 0.5114568471908569, 0.017765890806913376, 0.5274198055267334, 0.519071102142334, 0.02540498971939087]"
[],"[0.4262963831424713, 0.8443011045455933, 2.0844217374360596e-07, 0.516216516494751, 0.8395752906799316, -0.022460775449872017, 0.5569359660148621, 0.7830753326416016, -0.027430253103375435, 0.5721815228462219, 0.7461020350456238, -0.03181491792201996, 0.5801589488983154, 0.7031488418579102, -0.03416335582733154, 0.5092900395393372, 0.5808893442153931, 0.00883330125361681, 0.5187564492225647, 0.5033019185066223, 0.005911439657211304, 0.5235885381698608, 0.4673026204109192, -0.0024566890206187963, 0.5228286981582642, 0.44618526101112366, -0.008476173505187035, 0.4656495451927185, 0.5707066655158997, 0.011552377603948116, 0.4608302116394043, 0.49061399698257446, 0.014359170570969582, 0.4543537199497223, 0.44155025482177734, 0.006426002364605665, 0.44516023993492126, 0.4078749120235443, -0.0005590717773884535, 0.43447449803352356, 0.5836905241012573, 0.009914979338645935, 0.42828845977783203, 0.5084295272827148, 0.007083201315253973, 0.42413076758384705, 0.4733307957649231, -0.0016174651682376862, 0.4185977280139923, 0.44172942638397217, -0.007817108184099197, 0.41638004779815674, 0.6161946654319763, 0.005300268996506929, 0.41506391763687134, 0.566508412361145, -0.0011222234461456537, 0.41235750913619995, 0.5361539721488953, -0.003119642147794366, 0.4076429009437561, 0.5147349238395691, -0.002956514013931155]"
[],"[0.4393827021121979, 0.7426105737686157, 1.3271100840483996e-07, 0.48253756761550903, 0.7345058917999268, -0.0064444104209542274, 0.5156928896903992, 0.6816338896751404, -0.013720335438847542, 0.5369407534599304, 0.620877206325531, -0.018746986985206604, 0.5405616760253906, 0.5677282810211182, -0.025304444134235382, 0.5222071409225464, 0.663564920425415, -0.03687991201877594, 0.5515783429145813, 0.579346239566803, -0.05212520807981491, 0.5606803297996521, 0.5258511304855347, -0.05829924717545509, 0.5611082911491394, 0.49030476808547974, -0.060952603816986084, 0.49834969639778137, 0.6327359676361084, -0.038499049842357635, 0.5229953527450562, 0.53037428855896, -0.05160495638847351, 0.5311843752861023, 0.49099263548851013, -0.05472230911254883, 0.5334143042564392, 0.47448286414146423, -0.05600907281041145, 0.474254846572876, 0.6093911528587341, -0.03890131413936615, 0.4920358657836914, 0.5140413641929626, -0.049148716032505035, 0.4951115846633911, 0.46645689010620117, -0.05239475145936012, 0.49304258823394775, 0.4370892643928528, -0.05455823987722397, 0.4541143476963043, 0.5958974957466125, -0.03860536590218544, 0.4592139422893524, 0.5261275172233582, -0.04782332852482796, 0.4555276036262512, 0.49044281244277954, -0.05066671594977379, 0.449619859457016, 0.4637223780155182, -0.05170318856835365]"
[],"[0.526225209236145, 0.6796260476112366, 7.480761610167974e-08, 0.5781686902046204, 0.6371216773986816, -0.0098745571449399, 0.6048194169998169, 0.5498137474060059, -0.013997144997119904, 0.6230854988098145, 0.4721473455429077, -0.01719997450709343, 0.6441150307655334, 0.4211152195930481, -0.02171335183084011, 0.5604305267333984, 0.47627750039100647, -0.015104004181921482, 0.5429167151451111, 0.38058269023895264, -0.026369476690888405, 0.5298736095428467, 0.3265538811683655, -0.03569509834051132, 0.5159888863563538, 0.2843703627586365, -0.04217188432812691, 0.5286397337913513, 0.4816921055316925, -0.01684216782450676, 0.5112286806106567, 0.38212716579437256, -0.02523413673043251, 0.4991760551929474, 0.3198539614677429, -0.03494090586900711, 0.48873841762542725, 0.27352380752563477, -0.043236445635557175, 0.5027485489845276, 0.5026520490646362, -0.019234763458371162, 0.4873582422733307, 0.4192371964454651, -0.02729557827115059, 0.47834840416908264, 0.3671976923942566, -0.03509114682674408, 0.47162073850631714, 0.32493582367897034, -0.04155890643596649, 0.4853084683418274, 0.533833384513855, -0.022117089480161667, 0.4686288833618164, 0.4771184027194977, -0.02997528202831745, 0.4601116180419922, 0.4413602352142334, -0.03363117575645447, 0.45454534888267517, 0.40885424613952637, -0.03608442470431328]"
[],"[0.4087391793727875, 0.8694565296173096, 1.445209534267633e-07, 0.5056771636009216, 0.8551795482635498, -0.021314285695552826, 0.5497337579727173, 0.7963216304779053, -0.027964333072304726, 0.564922034740448, 0.7611562609672546, -0.03483639657497406, 0.574210524559021, 0.7147508859634399, -0.03913725167512894, 0.49290478229522705, 0.5897709131240845, 0.008481070399284363, 0.5069279670715332, 0.5240568518638611, 0.001414130674675107, 0.5141581296920776, 0.5052716135978699, -0.010178477503359318, 0.5123910307884216, 0.49157124757766724, -0.01740115135908127, 0.44879812002182007, 0.5797776579856873, 0.010421007871627808, 0.4382583200931549, 0.5070518255233765, 0.01083145197480917, 0.43179041147232056, 0.46665680408477783, 0.003396659391000867, 0.42471811175346375, 0.44210267066955566, -0.0023058264050632715, 0.41783809661865234, 0.5924946069717407, 0.007954852655529976, 0.4095168113708496, 0.5181089639663696, 0.00293440162204206, 0.40685558319091797, 0.4909011125564575, -0.00192822958342731, 0.40352296829223633, 0.47266674041748047, -0.00401335908100009, 0.4039803743362427, 0.6249308586120605, 0.002464710036292672, 0.4026438295841217, 0.5752996206283569, -0.0026175575330853462, 0.4014201760292053, 0.5510426759719849, -3.488847869448364e-05, 0.39820125699043274, 0.5388402938842773, 0.0045088594779372215]"
"[0.41320547461509705, 0.8520257472991943, -7.574156768441753e-08, 0.4865315854549408, 0.831904947757721, 0.005876574665307999, 0.5148842334747314, 0.7784525752067566, 0.009414508007466793, 0.5213921070098877, 0.7473684549331665, 0.006141018122434616, 0.5179948806762695, 0.7073573470115662, 0.0037210877053439617, 0.4704771637916565, 0.6271503567695618, 0.03889678046107292, 0.46132993698120117, 0.5619393587112427, 0.041084468364715576, 0.44491803646087646, 0.5272518992424011, 0.038758110255002975, 0.4284434914588928, 0.5033881664276123, 0.036375515162944794, 0.4397539496421814, 0.6054421067237854, 0.027301447466015816, 0.4159291684627533, 0.5424545407295227, 0.031993016600608826, 0.39522629976272583, 0.5020986795425415, 0.02900375984609127, 0.376032292842865, 0.4730077385902405, 0.027097731828689575, 0.421064168214798, 0.597995400428772, 0.012575064785778522, 0.39550018310546875, 0.5406423211097717, 0.011902841739356518, 0.3781839609146118, 0.510996401309967, 0.009440331719815731, 0.3618028461933136, 0.49060770869255066, 0.008917992003262043, 0.41783612966537476, 0.6037763357162476, -0.003339614486321807, 0.4050554931163788, 0.5731166005134583, -0.0031072511337697506, 0.39252498745918274, 0.5548120141029358, -0.00014023268886376172, 0.3811265230178833, 0.5489429235458374, 0.003627775004133582]",[]
[],"[0.5032413601875305, 0.8339231610298157, 3.266078465458122e-07, 0.5714274644851685, 0.7448965311050415, -0.02868741564452648, 0.5761488676071167, 0.6241111159324646, -0.03189980611205101, 0.5505535006523132, 0.5435894727706909, -0.03179364651441574, 0.5457649230957031, 0.4695715010166168, -0.029669879004359245, 0.4730236828327179, 0.5897982120513916, 0.002609614050015807, 0.43615320324897766, 0.5289866924285889, -0.005080907139927149, 0.4037952423095703, 0.4873473048210144, -0.01429107878357172, 0.3773687183856964, 0.4585006535053253, -0.02184911258518696, 0.42936915159225464, 0.6195585131645203, 0.010945072397589684, 0.3949097692966461, 0.5619885325431824, 0.004438142292201519, 0.3653539717197418, 0.5167631506919861, -0.005667084362357855, 0.33817893266677856, 0.47833287715911865, -0.012844545766711235, 0.4006849527359009, 0.653433620929718, 0.014632537961006165, 0.37025052309036255, 0.5939990878105164, 0.004135384224355221, 0.3514833152294159, 0.5639417171478271, -0.003007901832461357, 0.3325270712375641, 0.5331659317016602, -0.006747651379555464, 0.38594189286231995, 0.691941499710083, 0.015189184807240963, 0.36297333240509033, 0.6495276093482971, 0.003294004825875163, 0.34884029626846313, 0.6283520460128784, -0.0013369352091103792, 0.33577996492385864, 0.6085962057113647, -0.0023160637356340885]"
[],"[0.497306227684021, 0.8361696600914001, 3.2951362527455785e-07, 0.5687418580055237, 0.7485863566398621, -0.028134826570749283, 0.5756877660751343, 0.6264813542366028, -0.029872586950659752, 0.5510738492012024, 0.5449355244636536, -0.028368188068270683, 0.5453147292137146, 0.4708558917045593, -0.024703428149223328, 0.4723445475101471, 0.5891131162643433, 0.005728290881961584, 0.4362930655479431, 0.5280450582504272, -0.00016020238399505615, 0.40443089604377747, 0.48641839623451233, -0.00813563447445631, 0.37843650579452515, 0.4577690064907074, -0.01486978493630886, 0.4279479682445526, 0.6174852848052979, 0.014401176944375038, 0.3939819931983948, 0.5599299073219299, 0.009771259501576424, 0.3653053343296051, 0.5146548748016357, 0.0006212166626937687, 0.339339017868042, 0.4769653081893921, -0.005885651335120201, 0.39886510372161865, 0.6504362225532532, 0.01831120438873768, 0.36886224150657654, 0.5919895768165588, 0.009131056256592274, 0.350829541683197, 0.562814474105835, 0.0023637297563254833, 0.3328125476837158, 0.5331793427467346, -0.001075943699106574, 0.3839465379714966, 0.6880831122398376, 0.019053040072321892, 0.3613550066947937, 0.6461268067359924, 0.008071184158325195, 0.34754320979118347, 0.6255939602851868, 0.0036084665916860104, 0.33501136302948, 0.6065848469734192, 0.002788922283798456]"
[],"[0.4117204546928406, 0.839422881603241, 4.2522876242401253e-07, 0.5132964253425598, 0.7470892071723938, -0.018709449097514153, 0.5263985991477966, 0.6176798939704895, -0.011422705836594105, 0.5102595090866089, 0.5252694487571716, -0.0028432104736566544, 0.5092015862464905, 0.44229066371917725, 0.008420503698289394, 0.41561779379844666, 0.5455551743507385, 0.04237836226820946, 0.3987015187740326, 0.4899100959300995, 0.06144734099507332, 0.37450096011161804, 0.4562954306602478, 0.07000903785228729, 0.35143908858299255, 0.4377315044403076, 0.07303464412689209, 0.36590519547462463, 0.5787001848220825, 0.05229777470231056, 0.3549928367137909, 0.5271698832511902, 0.07442537695169449, 0.34636837244033813, 0.5059240460395813, 0.08277459442615509, 0.33627891540527344, 0.48668915033340454, 0.08859609812498093, 0.3368144929409027, 0.6168878674507141, 0.05692806839942932, 0.3261800706386566, 0.559646487236023, 0.06529530137777328, 0.32923460006713867, 0.5487419962882996, 0.07298904657363892, 0.3275371193885803, 0.5387457013130188, 0.08007679879665375, 0.3227083683013916, 0.6582112908363342, 0.058343201875686646, 0.31741341948509216, 0.616939127445221, 0.05900578200817108, 0.3179415464401245, 0.6160274744033813, 0.06295360624790192, 0.31598764657974243, 0.6218939423561096, 0.06910280883312225]"
[],"[0.4535478353500366, 0.8161492943763733, 4.527253736341663e-07, 0.5305581092834473, 0.721241295337677, -0.035328757017850876, 0.533064067363739, 0.5912122130393982, -0.03854111582040787, 0.5032861828804016, 0.5036785006523132, -0.03576841577887535, 0.4970952570438385, 0.42625436186790466, -0.030488112941384315, 0.4266425371170044, 0.5438928604125977, -0.003198696067556739, 0.39001208543777466, 0.4725796580314636, -0.0068186204880476, 0.3555431663990021, 0.42837610840797424, -0.01263066940009594, 0.32748180627822876, 0.399989515542984, -0.017571570351719856, 0.3775253891944885, 0.5828381776809692, 0.012646706774830818, 0.3392575681209564, 0.5050138235092163, 0.01090968307107687, 0.30978837609291077, 0.4551831781864166, 0.006345611531287432, 0.28623321652412415, 0.4176606833934784, 0.003841104218736291, 0.34681248664855957, 0.6276970505714417, 0.024149740114808083, 0.31343474984169006, 0.5494067668914795, 0.018987121060490608, 0.29568684101104736, 0.5087538957595825, 0.017716828733682632, 0.2807445526123047, 0.4767083525657654, 0.018741492182016373, 0.33029821515083313, 0.678767740726471, 0.032088275998830795, 0.30472761392593384, 0.6200094223022461, 0.025980323553085327, 0.29316645860671997, 0.5906170606613159, 0.026523105800151825, 0.2843360900878906, 0.5695220232009888, 0.029918977990746498]"
[],"[0.34897536039352417, 0.9035444259643555, 3.715534546699928e-08, 0.4678363800048828, 0.8261419534683228, -0.031009819358587265, 0.5081776976585388, 0.6905043721199036, -0.0266224704682827, 0.5046502947807312, 0.5817004442214966, -0.016954224556684494, 0.5001347064971924, 0.4920213520526886, -0.004060282837599516, 0.40505731105804443, 0.5578229427337646, 0.012982379645109177, 0.3875527083873749, 0.4652807116508484, 0.015142366290092468, 0.363097220659256, 0.4171574115753174, 0.006495664361864328, 0.3298436105251312, 0.3838842511177063, -0.0007868998218327761, 0.357148140668869, 0.5819581151008606, 0.028986619785428047, 0.3314375877380371, 0.486234188079834, 0.0356999896466732, 0.3072280287742615, 0.42423802614212036, 0.027361532673239708, 0.2751961052417755, 0.3879188299179077, 0.01989971287548542, 0.32687950134277344, 0.621383786201477, 0.0402219220995903, 0.30462247133255005, 0.525057852268219, 0.038170889019966125, 0.28771620988845825, 0.4737676680088043, 0.027764514088630676, 0.26329171657562256, 0.434160977602005, 0.02070499211549759, 0.3120773732662201, 0.6697011590003967, 0.04843840375542641, 0.2961580753326416, 0.6007615327835083, 0.04134479910135269, 0.28447580337524414, 0.5615909695625305, 0.03542017191648483, 0.26992061734199524, 0.5340768098831177, 0.03273345157504082]"
[],"[0.4195674657821655, 0.8257501721382141, 3.559819106158102e-07, 0.5073873400688171, 0.7218093872070312, -0.03678646683692932, 0.5254456996917725, 0.5791312456130981, -0.04142773151397705, 0.5002850890159607, 0.47505733370780945, -0.04068492352962494, 0.4959207773208618, 0.38875773549079895, -0.03798411041498184, 0.42972856760025024, 0.5193321704864502, -0.007099105045199394, 0.38887691497802734, 0.43433287739753723, -0.01563853584229946, 0.3506855368614197, 0.3824217915534973, -0.02455190196633339, 0.3183137774467468, 0.34593313932418823, -0.03192082419991493, 0.3792577087879181, 0.5513141751289368, 0.005374252330511808, 0.33803272247314453, 0.45964515209198, -0.0028246850706636906, 0.3037968873977661, 0.40309613943099976, -0.013975604437291622, 0.27324193716049194, 0.3571735620498657, -0.021382693201303482, 0.34485942125320435, 0.5938791036605835, 0.013247411698102951, 0.31067371368408203, 0.5074483156204224, 0.002676800126209855, 0.2862423062324524, 0.459695965051651, -0.005581710021942854, 0.2635754644870758, 0.41997796297073364, -0.009886474348604679, 0.3231756091117859, 0.6449310779571533, 0.01755479723215103, 0.2987579107284546, 0.5813227891921997, 0.006222497671842575, 0.28341108560562134, 0.5426698327064514, 0.00044833216816186905, 0.26957738399505615, 0.5083653926849365, -0.0011199566069990396]"
[],"[0.412322998046875, 0.8230288028717041, 4.509341806624434e-07, 0.5057831406593323, 0.7282782196998596, -0.04186287894845009, 0.5266741514205933, 0.5886637568473816, -0.048003919422626495, 0.5007913112640381, 0.4827585816383362, -0.0475933775305748, 0.4946417212486267, 0.39487817883491516, -0.04485934600234032, 0.427739679813385, 0.5235517621040344, -0.010685509070754051, 0.3886530101299286, 0.43910619616508484, -0.019821392372250557, 0.35048651695251465, 0.3861570656299591, -0.028247959911823273, 0.3189592957496643, 0.35036998987197876, -0.03515870124101639, 0.37520450353622437, 0.5548557043075562, 0.004194448236376047, 0.3373054563999176, 0.4654288589954376, -0.005533386487513781, 0.30460095405578613, 0.40484315156936646, -0.016415642574429512, 0.2763745188713074, 0.3544839024543762, -0.02320600487291813, 0.33941036462783813, 0.5963239669799805, 0.013838100247085094, 0.3092460036277771, 0.5095065236091614, -0.0006038019200786948, 0.2872770428657532, 0.45974743366241455, -0.009733681567013264, 0.26665419340133667, 0.4173833131790161, -0.013336320407688618, 0.31680721044540405, 0.6467329263687134, 0.019679568707942963, 0.29549649357795715, 0.5818013548851013, 0.0036709592677652836, 0.2807202935218811, 0.54358971118927, -0.004273844417184591, 0.26732131838798523, 0.5090683102607727, -0.006329590454697609]"
[],"[0.32009559869766235, 0.8767030239105225, 2.022466247808552e-07, 0.42593061923980713, 0.8458050489425659, -0.033601418137550354, 0.47035256028175354, 0.7642219066619873, -0.04201356694102287, 0.49176526069641113, 0.7025433778762817, -0.047087933868169785, 0.5015653967857361, 0.6523758172988892, -0.048227354884147644, 0.39328014850616455, 0.5786277651786804, -0.015697194263339043, 0.4357718229293823, 0.5356988310813904, -0.02825538069009781, 0.4659689962863922, 0.557375967502594, -0.03848642110824585, 0.4737001061439514, 0.591387927532196, -0.04229869693517685, 0.3459681272506714, 0.5737404823303223, -0.006745511200278997, 0.36429935693740845, 0.4842416048049927, -0.009623216465115547, 0.3743501603603363, 0.4534819722175598, -0.009799079038202763, 0.373921275138855, 0.44920614361763, -0.00781400129199028, 0.31577396392822266, 0.5976266264915466, -0.0026243131142109632, 0.326263427734375, 0.517223060131073, -0.013840821571648121, 0.3406417965888977, 0.508380115032196, -0.018560240045189857, 0.3486790359020233, 0.5209143161773682, -0.01761331595480442, 0.30290260910987854, 0.6411083340644836, -0.001945404801517725, 0.3177536427974701, 0.5975447297096252, -0.015410148538649082, 0.33728891611099243, 0.5966678261756897, -0.016065137460827827, 0.3500840663909912, 0.6185678243637085, -0.011310344561934471]"
[],"[0.5423479676246643, 0.6724553108215332, 5.5467030080080804e-08, 0.5914221405982971, 0.6289610266685486, -0.015416751615703106, 0.6174737215042114, 0.5518631339073181, -0.026852432638406754, 0.631074070930481, 0.47073692083358765, -0.03512875363230705, 0.6481113433837891, 0.4142155647277832, -0.04569292813539505, 0.5856449007987976, 0.5594805479049683, -0.04235844686627388, 0.5714125633239746, 0.4672347903251648, -0.059999432414770126, 0.5604977607727051, 0.40441328287124634, -0.07022007554769516, 0.5502117872238159, 0.35495102405548096, -0.07780241966247559, 0.5539824366569519, 0.5529519319534302, -0.041966937482357025, 0.5399014949798584, 0.45511627197265625, -0.05906146764755249, 0.5281173586845398, 0.3877735435962677, -0.06882856041193008, 0.517248272895813, 0.3393346965312958, -0.07873883098363876, 0.5282824039459229, 0.5495859384536743, -0.04117486998438835, 0.5162208080291748, 0.4655230641365051, -0.05766258016228676, 0.5023797750473022, 0.410189151763916, -0.06275317072868347, 0.4925169348716736, 0.366612046957016, -0.06798892468214035, 0.5099228024482727, 0.5546339154243469, -0.040593989193439484, 0.49776652455329895, 0.4899848997592926, -0.055894896388053894, 0.48386797308921814, 0.45369458198547363, -0.05977480486035347, 0.473209947347641, 0.42336928844451904, -0.063091941177845]"
[],"[0.3196205198764801, 0.863044261932373, 3.6490621369011933e-07, 0.42525067925453186, 0.8214401602745056, -0.03792957216501236, 0.4671819806098938, 0.738093376159668, -0.04876423254609108, 0.47547924518585205, 0.6810937523841858, -0.0552663616836071, 0.47360745072364807, 0.6330553889274597, -0.05944211781024933, 0.3825637698173523, 0.5625466108322144, -0.020122947171330452, 0.37916243076324463, 0.4612773358821869, -0.034696146845817566, 0.3640959858894348, 0.3913015127182007, -0.048530008643865585, 0.3435264825820923, 0.34824275970458984, -0.056454941630363464, 0.33581358194351196, 0.5718023777008057, -0.00783644337207079, 0.3229590356349945, 0.46772143244743347, -0.01656169444322586, 0.3041086792945862, 0.39521846175193787, -0.024318119511008263, 0.28104162216186523, 0.3509218692779541, -0.027293872088193893, 0.30594685673713684, 0.6003826260566711, 0.0003120514447800815, 0.29757341742515564, 0.5054033994674683, -0.011679013259708881, 0.2862951457500458, 0.4494028091430664, -0.017766354605555534, 0.27227312326431274, 0.412314772605896, -0.018408533185720444, 0.28995639085769653, 0.6435852646827698, 0.00464157247915864, 0.2922528386116028, 0.5886861085891724, -0.007536876946687698, 0.2896018624305725, 0.5576408505439758, -0.008516496047377586, 0.28283363580703735, 0.5452861785888672, -0.004476854577660561]"
[],"[0.30561119318008423, 0.8490819931030273, 2.7849264938595297e-07, 0.41171056032180786, 0.8020944595336914, -0.02774970978498459, 0.4484381675720215, 0.7208079099655151, -0.031445976346731186, 0.4502483010292053, 0.6765938997268677, -0.032930921763181686, 0.44678792357444763, 0.6379305124282837, -0.03222143277525902, 0.36891651153564453, 0.5410540699958801, -0.004898378159850836, 0.3581412434577942, 0.45057418942451477, -0.016135532408952713, 0.3385969400405884, 0.39166444540023804, -0.028572378680109978, 0.3151375651359558, 0.35244810581207275, -0.03610041365027428, 0.3216939866542816, 0.5515857338905334, 0.0031690248288214207, 0.30637112259864807, 0.46296632289886475, -0.000253188336500898, 0.28992146253585815, 0.4030171036720276, -0.004256928339600563, 0.2697387933731079, 0.3639504015445709, -0.005199730861932039, 0.2893880307674408, 0.5848259925842285, 0.006901006679981947, 0.27699407935142517, 0.5024638772010803, -0.00040551010170020163, 0.269501268863678, 0.4565965235233307, -0.000771962630096823, 0.25907886028289795, 0.4211335778236389, 0.0025955545715987682, 0.269118070602417, 0.6346524357795715, 0.007128129713237286, 0.26724666357040405, 0.5828785300254822, 0.0002984607999678701, 0.2649354934692383, 0.5551153421401978, 0.004603364504873753, 0.26097941398620605, 0.5415395498275757, 0.012337149120867252]"
[],"[0.27320751547813416, 0.8337013125419617, 1.3246231889141313e-09, 0.38421565294265747, 0.7842116355895996, -0.020471196621656418, 0.4195865988731384, 0.6896073818206787, -0.023078417405486107, 0.4255554974079132, 0.6256255507469177, -0.02483479306101799, 0.42465201020240784, 0.5776507258415222, -0.024298852309584618, 0.32221856713294983, 0.5033355355262756, 0.0034770206548273563, 0.34892767667770386, 0.4587266445159912, -0.0013046450912952423, 0.36258193850517273, 0.4719141721725464, -0.01295218151062727, 0.3561650812625885, 0.4837651550769806, -0.02287006378173828, 0.2732371985912323, 0.5190250277519226, 0.008054101839661598, 0.30820295214653015, 0.48113664984703064, 0.00979242566972971, 0.32500606775283813, 0.49991053342819214, 0.003888506907969713, 0.31922203302383423, 0.5161491632461548, -0.0029654446989297867, 0.24217180907726288, 0.5630285739898682, 0.009351648390293121, 0.2736523449420929, 0.5248141288757324, 0.0016975495964288712, 0.3019031882286072, 0.5565544962882996, -0.0007855954463593662, 0.3091716468334198, 0.5898429751396179, -0.0020362851209938526, 0.22278441488742828, 0.6193910241127014, 0.00862938817590475, 0.25512275099754333, 0.5862202644348145, -0.0024449951015412807, 0.27750903367996216, 0.6060695052146912, -0.0012944098562002182, 0.2845214307308197, 0.6356411576271057, 0.0018266519764438272]"
[],"[0.2710607647895813, 0.8382728695869446, -9.174745230211556e-08, 0.3786323070526123, 0.7904125452041626, -0.017060138285160065, 0.41513577103614807, 0.6972061991691589, -0.019358264282345772, 0.4226509928703308, 0.6351825594902039, -0.02069658786058426, 0.4202407896518707, 0.5897964239120483, -0.020681779831647873, 0.32794129848480225, 0.503828763961792, -0.0006237536435946822, 0.3447115123271942, 0.45007747411727905, -0.003981441259384155, 0.34904468059539795, 0.4499431848526001, -0.013433828018605709, 0.336193323135376, 0.4517447352409363, -0.022924017161130905, 0.2789129614830017, 0.5177038908004761, 0.003114539897069335, 0.3168427348136902, 0.4878191351890564, 0.0045419661328196526, 0.3366647958755493, 0.5270315408706665, 0.0002348880807403475, 0.33328643441200256, 0.5596605539321899, -0.005826591979712248, 0.24587509036064148, 0.562018632888794, 0.004809877369552851, 0.2782820463180542, 0.531159520149231, -0.002259007189422846, 0.3035908341407776, 0.5681679844856262, -0.0031971002463251352, 0.3077714741230011, 0.6024675965309143, -0.0044241189025342464, 0.22324752807617188, 0.6177443861961365, 0.005047704093158245, 0.2554224133491516, 0.5888887047767639, -0.00590974697843194, 0.2749600112438202, 0.6145309805870056, -0.004490785300731659, 0.2785413861274719, 0.6453042030334473, -0.0018243788508698344]"
[],"[0.47288715839385986, 0.7401355504989624, 4.632813386251655e-07, 0.5184729695320129, 0.6520293354988098, -0.034112829715013504, 0.5059263706207275, 0.5338714122772217, -0.04247300699353218, 0.4725738763809204, 0.4531979560852051, -0.047384027391672134, 0.4655861258506775, 0.3818519711494446, -0.05162936449050903, 0.41220301389694214, 0.49070876836776733, -0.011881048791110516, 0.3579520881175995, 0.42210614681243896, -0.027633175253868103, 0.31902122497558594, 0.37869489192962646, -0.041007522493600845, 0.2895190417766571, 0.3466012477874756, -0.050874289125204086, 0.3699658513069153, 0.533675491809845, -0.005800868384540081, 0.3115255832672119, 0.4545339345932007, -0.019836369901895523, 0.2748628854751587, 0.40312740206718445, -0.03271900862455368, 0.24769046902656555, 0.3583301305770874, -0.04075423628091812, 0.34268468618392944, 0.5835638046264648, -0.0049313814379274845, 0.2866179347038269, 0.5103170871734619, -0.024981487542390823, 0.25847309827804565, 0.46976858377456665, -0.03530065715312958, 0.23853106796741486, 0.4319304823875427, -0.039330411702394485, 0.325996458530426, 0.644005537033081, -0.007101309951394796, 0.28046244382858276, 0.59364914894104, -0.028037583455443382, 0.25818073749542236, 0.5681818127632141, -0.03498843312263489, 0.2411845177412033, 0.5421748161315918, -0.036285702139139175]"
[],"[0.30336445569992065, 0.853722870349884, 2.717116274197906e-07, 0.4183550477027893, 0.7823951244354248, -0.029124049469828606, 0.4542919993400574, 0.6580425500869751, -0.02925163134932518, 0.45268896222114563, 0.5547593832015991, -0.027719179168343544, 0.45015209913253784, 0.46957558393478394, -0.0240278709679842, 0.36270833015441895, 0.5331459641456604, 0.011678687296807766, 0.3414536118507385, 0.45164036750793457, 0.001394233899191022, 0.31777921319007874, 0.39886078238487244, -0.012400450184941292, 0.2888001501560211, 0.36550700664520264, -0.021308165043592453, 0.30986011028289795, 0.5496746897697449, 0.01905730366706848, 0.2868839502334595, 0.47030404210090637, 0.019159698858857155, 0.2699236571788788, 0.41675907373428345, 0.013884196057915688, 0.24771371483802795, 0.37750476598739624, 0.011516250669956207, 0.27359527349472046, 0.5914755463600159, 0.02012156881392002, 0.26302370429039, 0.5214781165122986, 0.011937742121517658, 0.2585572600364685, 0.483096182346344, 0.0094582699239254, 0.24930132925510406, 0.4493308663368225, 0.01034785807132721, 0.2522644102573395, 0.6510091423988342, 0.017106281593441963, 0.25984135270118713, 0.6200277805328369, 0.00423356331884861, 0.26368409395217896, 0.6039238572120667, 0.003767331363633275, 0.2641838788986206, 0.5969401001930237, 0.008098522201180458]"
[],"[0.2856453061103821, 0.8807258605957031, 2.3497932488680817e-07, 0.4011341333389282, 0.8574838638305664, -0.023488810285925865, 0.4454404413700104, 0.7638602256774902, -0.021374858915805817, 0.45221787691116333, 0.7125751972198486, -0.017343871295452118, 0.45528602600097656, 0.6727505326271057, -0.012142057530581951, 0.36759689450263977, 0.5697240233421326, 0.0030088613275438547, 0.3734526038169861, 0.4820960462093353, -0.0031566154211759567, 0.3645857572555542, 0.4243716299533844, -0.01580299623310566, 0.34146350622177124, 0.3834468126296997, -0.026614170521497726, 0.3177185654640198, 0.581056535243988, 0.0067392801865935326, 0.31816601753234863, 0.4968456029891968, 0.0021117920987308025, 0.30375388264656067, 0.4413032531738281, -0.011066952720284462, 0.2772861123085022, 0.40356960892677307, -0.021649468690156937, 0.28522253036499023, 0.6192014217376709, 0.006770286243408918, 0.2935193181037903, 0.5452752709388733, -0.006896216422319412, 0.2912634611129761, 0.5201539397239685, -0.020185623317956924, 0.28063076734542847, 0.4982493221759796, -0.027832400053739548, 0.26379111409187317, 0.6722142100334167, 0.004449406173080206, 0.28642725944519043, 0.6343896985054016, -0.013762994669377804, 0.29663318395614624, 0.630615770816803, -0.02092932164669037, 0.2982270419597626, 0.6376526355743408, -0.023019738495349884]"
"[0.4959172010421753, 0.7291711568832397, 2.785237143143604e-07, 0.5385960340499878, 0.6392295360565186, -0.027500195428729057, 0.5284452438354492, 0.5297573804855347, -0.03266960009932518, 0.4917410612106323, 0.4555581212043762, -0.035726167261600494, 0.4835733473300934, 0.3836210370063782, -0.037390101701021194, 0.4337376058101654, 0.4800399839878082, 0.00035060138907283545, 0.3822263479232788, 0.4147542417049408, -0.013087179511785507, 0.3444298803806305, 0.37799006700515747, -0.027104707434773445, 0.3141007423400879, 0.34997978806495667, -0.037880007177591324, 0.3921422064304352, 0.5166317224502563, 0.003083141753450036, 0.3367309868335724, 0.4435211420059204, -0.008271987549960613, 0.2998456656932831, 0.3959873914718628, -0.02318374253809452, 0.2696339190006256, 0.35783350467681885, -0.03365073725581169, 0.3654213547706604, 0.5632528066635132, 0.0007894023437984288, 0.3145149052143097, 0.4929201304912567, -0.015917759388685226, 0.2887609899044037, 0.4528612196445465, -0.028013069182634354, 0.2664392590522766, 0.41542506217956543, -0.034639302641153336, 0.3508918583393097, 0.6190253496170044, -0.004038739018142223, 0.31059837341308594, 0.5708498954772949, -0.0216645710170269, 0.2925001084804535, 0.5426447987556458, -0.028838027268648148, 0.276652991771698, 0.5153366923332214, -0.031432367861270905]",[]
"[0.49711453914642334, 0.7260881662368774, 2.942389301097137e-07, 0.5387176275253296, 0.6377816200256348, -0.028638262301683426, 0.5270887017250061, 0.5287657976150513, -0.03476433828473091, 0.4900999367237091, 0.45511266589164734, -0.038313884288072586, 0.48252660036087036, 0.38343483209609985, -0.04065477475523949, 0.43404656648635864, 0.48079562187194824, -0.004434909671545029, 0.38154444098472595, 0.4162360429763794, -0.018500490114092827, 0.343001127243042, 0.3781020939350128, -0.032351598143577576, 0.31233036518096924, 0.34806251525878906, -0.04327528923749924, 0.39279213547706604, 0.5177215337753296, -0.001403423841111362, 0.3364714980125427, 0.44545021653175354, -0.014043468050658703, 0.2995120584964752, 0.39778879284858704, -0.029233144596219063, 0.26954782009124756, 0.3586382269859314, -0.03991410881280899, 0.3661872446537018, 0.564186692237854, -0.0031536254100501537, 0.3148784637451172, 0.4949902892112732, -0.020870624110102654, 0.28886500000953674, 0.45514756441116333, -0.03356577455997467, 0.2665003538131714, 0.4175601899623871, -0.04066065698862076, 0.3519841134548187, 0.6193838715553284, -0.007394086103886366, 0.3112279772758484, 0.5723828673362732, -0.02595842443406582, 0.2924615144729614, 0.5451409220695496, -0.03396764025092125, 0.27624547481536865, 0.5187092423439026, -0.037223685532808304]",[]
"[0.5191483497619629, 0.7576269507408142, 2.4621093075438694e-07, 0.5616070032119751, 0.6624078154563904, -0.026279771700501442, 0.5457839369773865, 0.5497068166732788, -0.03095725178718567, 0.5088937878608704, 0.47008436918258667, -0.03501341864466667, 0.5038824081420898, 0.3974928855895996, -0.03827856108546257, 0.44965675473213196, 0.5019704699516296, 0.005315328016877174, 0.4002472162246704, 0.4406324326992035, -0.007217978127300739, 0.3621762990951538, 0.4012007415294647, -0.01985785737633705, 0.3321012258529663, 0.37331056594848633, -0.02938222885131836, 0.41059163212776184, 0.5395491123199463, 0.007476079743355513, 0.35696154832839966, 0.46800941228866577, -0.0009341952973045409, 0.3198951184749603, 0.42289647459983826, -0.010862083174288273, 0.28751909732818604, 0.3830268383026123, -0.017951600253582, 0.38482508063316345, 0.5847455263137817, 0.0038318834267556667, 0.3338964581489563, 0.5122121572494507, -0.011779183521866798, 0.3061291575431824, 0.4744401276111603, -0.020673982799053192, 0.2803557813167572, 0.44264572858810425, -0.024981951341032982, 0.36853137612342834, 0.6403872966766357, -0.00287880701944232, 0.32638102769851685, 0.5883551836013794, -0.021233219653367996, 0.30679553747177124, 0.561974048614502, -0.027732158079743385, 0.2881283760070801, 0.5422976016998291, -0.029480038210749626]",[]
[],"[0.5085490345954895, 0.7773875594139099, 3.349244934724993e-07, 0.5468510389328003, 0.6829890608787537, -0.028750104829669, 0.5385017395019531, 0.5691080689430237, -0.03484170883893967, 0.5079607367515564, 0.48647400736808777, -0.03856083005666733, 0.5002821683883667, 0.41512107849121094, -0.04146191477775574, 0.45798224210739136, 0.5503371953964233, -0.006345576606690884, 0.4052218496799469, 0.4791458249092102, -0.02185111492872238, 0.3648337721824646, 0.43050628900527954, -0.03407304733991623, 0.3337056040763855, 0.39452052116394043, -0.04271954298019409, 0.4186471104621887, 0.5826018452644348, -0.0003491000388748944, 0.36074841022491455, 0.5036230683326721, -0.014074008911848068, 0.3221304416656494, 0.4496691823005676, -0.02638709917664528, 0.29075169563293457, 0.4031144976615906, -0.03406788408756256, 0.3914046883583069, 0.621684730052948, 0.0009915182599797845, 0.33706358075141907, 0.5487025380134583, -0.01629626378417015, 0.30661454796791077, 0.505465567111969, -0.026543481275439262, 0.282070517539978, 0.46853744983673096, -0.031123796477913857, 0.37311142683029175, 0.6665530800819397, -0.0003504181804601103, 0.32747939229011536, 0.6157496571540833, -0.017443710938096046, 0.3049817681312561, 0.5890085101127625, -0.02446192130446434, 0.28736746311187744, 0.5661910772323608, -0.026538200676441193]"
[],"[0.25173670053482056, 0.8850863575935364, -9.50078913319885e-08, 0.3681548237800598, 0.8330123424530029, -0.03389895334839821, 0.43036723136901855, 0.7506000399589539, -0.040019210427999496, 0.4524195194244385, 0.7001469135284424, -0.03944459557533264, 0.4626719355583191, 0.6580013036727905, -0.03477822244167328, 0.32916849851608276, 0.53352290391922, -0.02153208665549755, 0.39608514308929443, 0.5166215896606445, -0.024949267506599426, 0.43525657057762146, 0.5553097724914551, -0.032276302576065063, 0.4492378830909729, 0.5858041048049927, -0.03787969425320625, 0.2832336723804474, 0.5391170382499695, -0.0066125523298978806, 0.3429371118545532, 0.49860602617263794, -0.0037672061007469893, 0.3751460909843445, 0.52089923620224, -0.004968803375959396, 0.38522836565971375, 0.5528702139854431, -0.0078101614490151405, 0.25573909282684326, 0.5736100673675537, 0.006020262837409973, 0.3036090135574341, 0.531577467918396, 0.0018893334781751037, 0.3405185341835022, 0.5526487827301025, -0.001363293151371181, 0.3581826388835907, 0.5835341215133667, -0.0029469914734363556, 0.2423880696296692, 0.6217731833457947, 0.015852220356464386, 0.2863992750644684, 0.59294593334198, 0.007973257452249527, 0.3169381022453308, 0.6071564555168152, 0.008445617742836475, 0.33067747950553894, 0.6356824040412903, 0.01142544113099575]"
[],"[0.5159389972686768, 0.8272621035575867, 1.8580612959340215e-07, 0.5595025420188904, 0.7118980288505554, -0.022830866277217865, 0.535991907119751, 0.5855592489242554, -0.026133833453059196, 0.4954180121421814, 0.5051365494728088, -0.02857084572315216, 0.4903600215911865, 0.4333879053592682, -0.03168870881199837, 0.44824135303497314, 0.5647027492523193, 0.0016586037818342447, 0.3893090784549713, 0.5025258660316467, -0.01185853686183691, 0.34306174516677856, 0.4664474129676819, -0.026908060535788536, 0.3062707781791687, 0.4393771290779114, -0.039155252277851105, 0.40932750701904297, 0.6178178787231445, 0.0025579414796084166, 0.3506653606891632, 0.5477706789970398, -0.009329422377049923, 0.30831074714660645, 0.509459912776947, -0.02343505062162876, 0.2744404077529907, 0.4837799668312073, -0.033669281750917435, 0.3820210099220276, 0.6736246347427368, -0.0009156253072433174, 0.31952282786369324, 0.6052693724632263, -0.017582951113581657, 0.2909173369407654, 0.5795835256576538, -0.023469164967536926, 0.26969480514526367, 0.5590312480926514, -0.026156803593039513, 0.3622763156890869, 0.7361681461334229, -0.0070674000307917595, 0.31228089332580566, 0.6878199577331543, -0.0232835803180933, 0.2911794185638428, 0.6652644872665405, -0.02532217837870121, 0.27544933557510376, 0.6462514400482178, -0.024825099855661392]"
[],"[0.2523919343948364, 0.8734890222549438, -9.597990668908096e-08, 0.3701190650463104, 0.809768557548523, -0.018054412677884102, 0.4175746738910675, 0.7051291465759277, -0.012199322693049908, 0.43178826570510864, 0.6340559124946594, -0.000982392462901771, 0.43770933151245117, 0.5908031463623047, 0.013386965729296207, 0.31470659375190735, 0.5093379616737366, 0.0024833742063492537, 0.3898186981678009, 0.514564037322998, 0.012112611904740334, 0.4287341237068176, 0.5560529232025146, 0.010706975124776363, 0.44406658411026, 0.5868343114852905, 0.00787702389061451, 0.26679059863090515, 0.5299786329269409, 0.014940998516976833, 0.340512752532959, 0.511907160282135, 0.029841510578989983, 0.375785231590271, 0.5458104610443115, 0.031948693096637726, 0.38736045360565186, 0.5879742503166199, 0.03020210564136505, 0.23885579407215118, 0.5794743895530701, 0.026890093460679054, 0.29652178287506104, 0.5541663765907288, 0.032984327524900436, 0.3335157632827759, 0.5819550156593323, 0.03195829689502716, 0.35086023807525635, 0.622573733329773, 0.030509229749441147, 0.22738273441791534, 0.6367180347442627, 0.03753224387764931, 0.27352654933929443, 0.606889545917511, 0.03836176544427872, 0.3022957742214203, 0.6221744418144226, 0.0417490191757679, 0.31733086705207825, 0.6514172554016113, 0.045647744089365005]"
[],"[0.5164844393730164, 0.7980843186378479, 2.750480234681163e-07, 0.5569050312042236, 0.6978824734687805, -0.02298726700246334, 0.5374876856803894, 0.576828122138977, -0.025697406381368637, 0.501718282699585, 0.49982011318206787, -0.026732539758086205, 0.499694287776947, 0.4324546456336975, -0.02823633886873722, 0.44976356625556946, 0.5437694191932678, -0.0035572554916143417, 0.3963503837585449, 0.4813803434371948, -0.016296016052365303, 0.35674071311950684, 0.4456867575645447, -0.029912617057561874, 0.32413482666015625, 0.41667670011520386, -0.041167937219142914, 0.4121815264225006, 0.5918818712234497, -0.00253657647408545, 0.35362112522125244, 0.520634114742279, -0.01421609427779913, 0.3131115436553955, 0.4732940196990967, -0.02943488396704197, 0.27955496311187744, 0.4357234835624695, -0.04073755070567131, 0.38793954253196716, 0.6477323174476624, -0.005325137171894312, 0.331220805644989, 0.5789769291877747, -0.022081978619098663, 0.302388459444046, 0.5423061847686768, -0.03380417823791504, 0.2780780792236328, 0.5092011094093323, -0.04058082774281502, 0.37315842509269714, 0.713808000087738, -0.010102765634655952, 0.3274388313293457, 0.6657772064208984, -0.027768176048994064, 0.30462127923965454, 0.6403748989105225, -0.034120067954063416, 0.28475409746170044, 0.6149793267250061, -0.03650414198637009]"
"[0.5193279981613159, 0.7606337070465088, 1.513931380259237e-07, 0.5546777248382568, 0.6736299991607666, -0.021608848124742508, 0.5417951345443726, 0.563836932182312, -0.021634072065353394, 0.5104420781135559, 0.486968457698822, -0.02079061232507229, 0.5079725980758667, 0.424519419670105, -0.018634747713804245, 0.4504353106021881, 0.5122833251953125, 0.011627359315752983, 0.4024682343006134, 0.4520258605480194, 0.0053221117705106735, 0.3671454191207886, 0.41891515254974365, -0.004780494142323732, 0.33820056915283203, 0.39438706636428833, -0.013009785674512386, 0.4173640310764313, 0.5408930778503418, 0.014842648059129715, 0.361111044883728, 0.47851812839508057, 0.010760807432234287, 0.3245818018913269, 0.43948930501937866, 0.00040860637091100216, 0.29315122961997986, 0.40568676590919495, -0.007065272890031338, 0.39653250575065613, 0.5751546025276184, 0.013196676969528198, 0.34245041012763977, 0.5206956267356873, 0.004366620909422636, 0.31365442276000977, 0.49177587032318115, -0.004604526795446873, 0.28746816515922546, 0.46618735790252686, -0.009727632626891136, 0.38481542468070984, 0.6195006370544434, 0.008682635612785816, 0.34041839838027954, 0.5695409178733826, -0.0012173352297395468, 0.3162919282913208, 0.5484937429428101, -0.005953334271907806, 0.2935754060745239, 0.5319045186042786, -0.007667266298085451]",[]
"[0.5320262908935547, 0.7508384585380554, 1.7557903220222215e-07, 0.5639296770095825, 0.6594790816307068, -0.023957524448633194, 0.552217423915863, 0.5502787828445435, -0.027956005185842514, 0.5199573040008545, 0.47298601269721985, -0.030737804248929024, 0.5190249681472778, 0.404629647731781, -0.03257685899734497, 0.4623401165008545, 0.4979444742202759, 0.0027129161171615124, 0.4154134690761566, 0.4378589689731598, -0.010159903205931187, 0.38157758116722107, 0.4045542776584625, -0.024936620146036148, 0.3524857759475708, 0.377743124961853, -0.03616219386458397, 0.4261820912361145, 0.5285956859588623, 0.005346782971173525, 0.37249672412872314, 0.46391117572784424, -0.005289470311254263, 0.33714863657951355, 0.4224059581756592, -0.01951201818883419, 0.3058805465698242, 0.3847544491291046, -0.029415959492325783, 0.40292584896087646, 0.5686315894126892, 0.003519360674545169, 0.35119080543518066, 0.5082495808601379, -0.009641456417739391, 0.3246864080429077, 0.47618967294692993, -0.019132595509290695, 0.30075734853744507, 0.44515737891197205, -0.024331403896212578, 0.3904646933078766, 0.6203588247299194, -0.0010226888116449118, 0.3472483158111572, 0.5730804800987244, -0.013510128483176231, 0.32482191920280457, 0.5495275259017944, -0.017717650160193443, 0.30432844161987305, 0.5288461446762085, -0.018549345433712006]",[]
[],"[0.29522716999053955, 0.9041659832000732, 1.0583445941847458e-07, 0.4050435423851013, 0.8860253095626831, -0.030733706429600716, 0.46559303998947144, 0.8058659434318542, -0.03507537394762039, 0.4769350290298462, 0.7436062097549438, -0.033794090151786804, 0.4799954891204834, 0.7036767601966858, -0.029533324763178825, 0.3777860403060913, 0.5996596813201904, -0.015684911981225014, 0.4371158480644226, 0.6029545068740845, -0.022791890427470207, 0.47267818450927734, 0.6509519219398499, -0.03389090672135353, 0.48460713028907776, 0.6907932758331299, -0.04118924215435982, 0.3274860084056854, 0.6099182963371277, -0.004029769916087389, 0.3909592032432556, 0.5881960988044739, -0.004684084095060825, 0.42354193329811096, 0.6255008578300476, -0.007856509648263454, 0.43432867527008057, 0.6649361252784729, -0.011441942304372787, 0.2963046431541443, 0.6509381532669067, 0.004684991668909788, 0.3508470952510834, 0.6201218366622925, -0.00264386972412467, 0.3829618990421295, 0.6543644666671753, -0.005603656638413668, 0.39767321944236755, 0.6925459504127502, -0.006449325010180473, 0.2792561650276184, 0.7073451280593872, 0.011037010699510574, 0.3259282410144806, 0.6783427000045776, 0.0037787416949868202, 0.3551567494869232, 0.6964781284332275, 0.006265509873628616, 0.3688655495643616, 0.7247150540351868, 0.010158448480069637]"
[],"[0.2943723499774933, 0.9046764373779297, 5.334047159522015e-08, 0.40254971385002136, 0.8845869302749634, -0.029586611315608025, 0.46303021907806396, 0.8014697432518005, -0.03293866291642189, 0.4741475582122803, 0.7370042204856873, -0.029814762994647026, 0.4728131890296936, 0.6996719241142273, -0.023649010807275772, 0.3776555061340332, 0.6006059646606445, -0.020393429324030876, 0.4376499652862549, 0.6075649857521057, -0.02571685239672661, 0.47199922800064087, 0.6580567359924316, -0.034598372876644135, 0.4828697443008423, 0.6983078718185425, -0.040754903107881546, 0.32687097787857056, 0.6124588251113892, -0.007487454917281866, 0.391505628824234, 0.5927661657333374, -0.006550944875925779, 0.42492008209228516, 0.6338582038879395, -0.006744226440787315, 0.4362333118915558, 0.6760655641555786, -0.009030683897435665, 0.29517093300819397, 0.6550056338310242, 0.0032835714519023895, 0.34968066215515137, 0.6210250854492188, -0.002001708373427391, 0.38295790553092957, 0.654793381690979, -0.0021499108988791704, 0.398724228143692, 0.6939481496810913, -0.0020694592967629433, 0.2775239944458008, 0.7103791236877441, 0.011975059285759926, 0.3214918076992035, 0.6755099892616272, 0.006497383117675781, 0.35013940930366516, 0.6925125122070312, 0.010311506688594818, 0.3637829124927521, 0.7205309271812439, 0.014365163631737232]"
"[0.5371975898742676, 0.780543327331543, 9.475347617637908e-09, 0.5737422704696655, 0.6612421274185181, -0.007909959182143211, 0.5574392676353455, 0.5500165224075317, -0.0032551749609410763, 0.5215460062026978, 0.46719062328338623, -0.0019612296018749475, 0.522244930267334, 0.39754605293273926, -0.00047120254021137953, 0.46687257289886475, 0.5080817937850952, 0.0339927114546299, 0.41917088627815247, 0.442992627620697, 0.029052874073386192, 0.3850206732749939, 0.4096081256866455, 0.017682092264294624, 0.35663992166519165, 0.38447535037994385, 0.00836318451911211, 0.4319368600845337, 0.5409250259399414, 0.028466658666729927, 0.37848296761512756, 0.4744455814361572, 0.028386982157826424, 0.3420947194099426, 0.43494927883148193, 0.01747208833694458, 0.31066399812698364, 0.3980019986629486, 0.007854662835597992, 0.4091201424598694, 0.5823862552642822, 0.017866341397166252, 0.35558533668518066, 0.5233796834945679, 0.011798924766480923, 0.32724931836128235, 0.49105846881866455, 0.0044454364106059074, 0.3030763268470764, 0.460427463054657, -0.0014770390698686242, 0.39504486322402954, 0.6359434723854065, 0.005015931557863951, 0.3501816689968109, 0.5954185128211975, -0.004111799877136946, 0.33001309633255005, 0.5716525316238403, -0.0064568049274384975, 0.3117319643497467, 0.5495166182518005, -0.007246502675116062]",[]
[],"[0.5705686807632446, 0.6309816837310791, 2.5011811999320344e-07, 0.6070133447647095, 0.5876716375350952, -0.018508806824684143, 0.6250078678131104, 0.5175511837005615, -0.02875150926411152, 0.6351286768913269, 0.4527457058429718, -0.036749765276908875, 0.6526888608932495, 0.4086041748523712, -0.04518146440386772, 0.5765150785446167, 0.44191601872444153, -0.023162415251135826, 0.5569398999214172, 0.3588483929634094, -0.03661034256219864, 0.5431460738182068, 0.30759620666503906, -0.04727855697274208, 0.5310179591178894, 0.2677055597305298, -0.05566520243883133, 0.5499565601348877, 0.4542083740234375, -0.02371308207511902, 0.5279850363731384, 0.3624228835105896, -0.037475742399692535, 0.5136243104934692, 0.3025974631309509, -0.05134914070367813, 0.5010867118835449, 0.2559504210948944, -0.06265740096569061, 0.5286170244216919, 0.4830498993396759, -0.025212714448571205, 0.5073676705360413, 0.4080698490142822, -0.039131417870521545, 0.4931618571281433, 0.3560976982116699, -0.04951278120279312, 0.48316478729248047, 0.3149082660675049, -0.05720893666148186, 0.5134725570678711, 0.5217969417572021, -0.027791501954197884, 0.49042683839797974, 0.47577425837516785, -0.04105248674750328, 0.47751766443252563, 0.44033917784690857, -0.04759947210550308, 0.4663522243499756, 0.4059467911720276, -0.051995180547237396]"
"[0.5268769860267639, 0.75975501537323, 1.9730144629193092e-07, 0.5653220415115356, 0.6689073443412781, -0.0237609650939703, 0.5506647825241089, 0.5627540349960327, -0.025673655793070793, 0.5156651735305786, 0.487989217042923, -0.02684311382472515, 0.5161889791488647, 0.4196515381336212, -0.027119701728224754, 0.46212440729141235, 0.5258821845054626, 0.010361974127590656, 0.41496405005455017, 0.46525028347969055, 0.0006005560280755162, 0.37952715158462524, 0.42964762449264526, -0.011427759192883968, 0.3498859107494354, 0.4022703170776367, -0.021410895511507988, 0.4267299771308899, 0.5563669800758362, 0.012852449901401997, 0.37320002913475037, 0.49124330282211304, 0.004792504478245974, 0.3374633193016052, 0.449861615896225, -0.007946498692035675, 0.30557364225387573, 0.4124601483345032, -0.01731753535568714, 0.40287432074546814, 0.5938510894775391, 0.010008246637880802, 0.3508479595184326, 0.5338221192359924, -0.003174198092892766, 0.3243088722229004, 0.5019550919532776, -0.013084680773317814, 0.2990306615829468, 0.4709685742855072, -0.01881450228393078, 0.3882577419281006, 0.6407777070999146, 0.004280055407434702, 0.34592920541763306, 0.5977756381034851, -0.00948981661349535, 0.3251667618751526, 0.5769641995429993, -0.01510707102715969, 0.3051503896713257, 0.5572181344032288, -0.01740669645369053]",[]
[],"[0.5152002573013306, 0.8113919496536255, 1.6677087444350036e-07, 0.5496041178703308, 0.7001466751098633, -0.0220323633402586, 0.5419466495513916, 0.5888845324516296, -0.02744624949991703, 0.5106403827667236, 0.5028216242790222, -0.03246230632066727, 0.5054604411125183, 0.42679059505462646, -0.03747091442346573, 0.46393883228302, 0.5831247568130493, -0.00037719481042586267, 0.4112512171268463, 0.5071403980255127, -0.01740945875644684, 0.3708794414997101, 0.4612840414047241, -0.03212539106607437, 0.3362933397293091, 0.42522621154785156, -0.043152131140232086, 0.42819520831108093, 0.6189738512039185, 0.00047122122487053275, 0.37115156650543213, 0.5405987501144409, -0.01575319841504097, 0.3296368420124054, 0.48765236139297485, -0.031530436128377914, 0.29310905933380127, 0.4388716220855713, -0.042800579220056534, 0.405320405960083, 0.6590657234191895, -0.0029237340204417706, 0.347312331199646, 0.588049590587616, -0.024134375154972076, 0.31418484449386597, 0.5502722859382629, -0.03467793017625809, 0.28557997941970825, 0.5128986239433289, -0.039896152913570404, 0.3931192457675934, 0.7027101516723633, -0.00839002151042223, 0.34455323219299316, 0.6531322598457336, -0.028738146647810936, 0.3191642463207245, 0.626369059085846, -0.03523998335003853, 0.29663920402526855, 0.6002863049507141, -0.03745720162987709]"
[],"[0.275179386138916, 0.9019753932952881, -1.2427047124674573e-07, 0.3829849064350128, 0.8385233283042908, -0.027999816462397575, 0.4394321143627167, 0.7375307679176331, -0.0347263477742672, 0.46242883801460266, 0.6628594398498535, -0.036828503012657166, 0.46715372800827026, 0.6039934158325195, -0.03606336936354637, 0.3297685980796814, 0.5371749997138977, -0.015917887911200523, 0.4068337380886078, 0.530890703201294, -0.020722348242998123, 0.4479951560497284, 0.5768151879310608, -0.03098837099969387, 0.4618889391422272, 0.6121880412101746, -0.039275433868169785, 0.2862580418586731, 0.5530185699462891, -0.006641802843660116, 0.3624114692211151, 0.5231644511222839, -0.0068107177503407, 0.4023140072822571, 0.561683714389801, -0.010955004021525383, 0.41621696949005127, 0.6097462773323059, -0.015611762180924416, 0.2601510286331177, 0.5981882214546204, 0.0010043223155662417, 0.3197334408760071, 0.5595207810401917, -0.005688698496669531, 0.3631918132305145, 0.5899853706359863, -0.007901543751358986, 0.38290733098983765, 0.6327149271965027, -0.008706203661859035, 0.24649742245674133, 0.654413104057312, 0.006462607532739639, 0.29326534271240234, 0.6139306426048279, -0.0022107961121946573, 0.32660484313964844, 0.6290475726127625, 0.000902017462067306, 0.341508686542511, 0.659727156162262, 0.005648965481668711]"
[],"[0.27628082036972046, 0.9015467166900635, -6.394508744733685e-08, 0.382378488779068, 0.8362158536911011, -0.028246687725186348, 0.4377875328063965, 0.7367821931838989, -0.03582421690225601, 0.45960795879364014, 0.665344774723053, -0.03881052881479263, 0.46453773975372314, 0.6097797155380249, -0.03898810222744942, 0.3285960257053375, 0.53804612159729, -0.018977290019392967, 0.4049018621444702, 0.5278726816177368, -0.025085968896746635, 0.44842782616615295, 0.5711807012557983, -0.034979503601789474, 0.46738868951797485, 0.6083698272705078, -0.04252107813954353, 0.2847248911857605, 0.5545934438705444, -0.009502778761088848, 0.36110496520996094, 0.5217679738998413, -0.010696814395487309, 0.4048287272453308, 0.5588470697402954, -0.013692456297576427, 0.4249831438064575, 0.6076948642730713, -0.017194271087646484, 0.25884658098220825, 0.6007260084152222, -0.0017368136905133724, 0.32115477323532104, 0.5623059868812561, -0.009558511897921562, 0.3676619529724121, 0.5925007462501526, -0.01196242030709982, 0.3926403820514679, 0.6366446614265442, -0.012513257563114166, 0.24663245677947998, 0.6583418250083923, 0.003846667008474469, 0.29584717750549316, 0.6203507781028748, -0.005868867505341768, 0.331667959690094, 0.6352632641792297, -0.0037358819972723722, 0.3500346839427948, 0.6665841937065125, 0.0006073493859730661]"
[],"[0.28570014238357544, 0.8925201892852783, -3.213095567389246e-09, 0.3871939182281494, 0.8352112770080566, -0.026193339377641678, 0.43963658809661865, 0.7347500324249268, -0.02741142548620701, 0.4585776925086975, 0.6631697416305542, -0.02310926280915737, 0.4622783064842224, 0.6101602911949158, -0.014427242800593376, 0.338941752910614, 0.547732949256897, -0.005033618304878473, 0.39673829078674316, 0.5253572463989258, -0.003487915499135852, 0.4293031692504883, 0.5609021186828613, -0.009524761699140072, 0.43865758180618286, 0.5912094116210938, -0.014570330269634724, 0.2934575080871582, 0.5606635212898254, 0.007159566972404718, 0.3434622287750244, 0.504510760307312, 0.015263145789504051, 0.37191325426101685, 0.5186190605163574, 0.014670352451503277, 0.3805755376815796, 0.5449105501174927, 0.011194401420652866, 0.2659710645675659, 0.6002578139305115, 0.01703236810863018, 0.30992981791496277, 0.5474950075149536, 0.01732650212943554, 0.34583964943885803, 0.565453052520752, 0.014903307892382145, 0.3617739975452423, 0.5960540771484375, 0.012351461686193943, 0.25257444381713867, 0.6513106226921082, 0.024791762232780457, 0.29055148363113403, 0.6117758750915527, 0.022304793819785118, 0.3187117278575897, 0.6197412014007568, 0.025356486439704895, 0.33067649602890015, 0.6424301862716675, 0.028638171032071114]"
[],"[0.49738362431526184, 0.7513402700424194, 3.8105008570710197e-07, 0.5391774773597717, 0.6753008365631104, -0.03538450226187706, 0.5339910984039307, 0.5740907192230225, -0.04717641323804855, 0.5091208815574646, 0.4982297718524933, -0.054696425795555115, 0.5066389441490173, 0.4317598342895508, -0.0620846189558506, 0.45846736431121826, 0.5409680604934692, -0.027183251455426216, 0.407328724861145, 0.47472119331359863, -0.047511987388134, 0.3719327449798584, 0.4349183440208435, -0.0620608851313591, 0.34408843517303467, 0.4060496389865875, -0.07221099734306335, 0.41548609733581543, 0.5715882182121277, -0.020025653764605522, 0.3629923462867737, 0.5013418197631836, -0.03892296180129051, 0.32817286252975464, 0.45811471343040466, -0.05280381068587303, 0.30171316862106323, 0.4212627410888672, -0.06131487712264061, 0.386648029088974, 0.6130034923553467, -0.01699841022491455, 0.33712533116340637, 0.5499671101570129, -0.039744116365909576, 0.3106733560562134, 0.5207228660583496, -0.05012883245944977, 0.2926046848297119, 0.49120962619781494, -0.05420558527112007, 0.3696463108062744, 0.6613315343856812, -0.016508428379893303, 0.32890525460243225, 0.6216074228286743, -0.038612015545368195, 0.3094581067562103, 0.6061839461326599, -0.045508138835430145, 0.2960173487663269, 0.5897518396377563, -0.04683868959546089]"
"[0.5216537117958069, 0.7655471563339233, 2.234146450064145e-07, 0.5690698027610779, 0.679191529750824, -0.024274509400129318, 0.5557074546813965, 0.5624284148216248, -0.02457958459854126, 0.5210978984832764, 0.4840763211250305, -0.023484807461500168, 0.5198684334754944, 0.4148838520050049, -0.021545477211475372, 0.4675179719924927, 0.5138477087020874, 0.007797120604664087, 0.417444109916687, 0.4521459639072418, -0.002401490230113268, 0.3792504370212555, 0.4164661169052124, -0.015210573561489582, 0.34786152839660645, 0.3900660276412964, -0.025752373039722443, 0.42533352971076965, 0.5467955470085144, 0.010147586464881897, 0.37253525853157043, 0.4786142110824585, 0.0011259315069764853, 0.3363153338432312, 0.434024453163147, -0.01295807771384716, 0.3054434657096863, 0.39784929156303406, -0.022859221324324608, 0.39718693494796753, 0.5889768600463867, 0.007327611558139324, 0.34527793526649475, 0.519648015499115, -0.00973042193800211, 0.318279504776001, 0.48763877153396606, -0.022636232897639275, 0.2940922975540161, 0.45802825689315796, -0.029246579855680466, 0.3809194266796112, 0.6420209407806396, 0.002156804082915187, 0.3381781280040741, 0.595016360282898, -0.017324412241578102, 0.3174973428249359, 0.5773658752441406, -0.025556398555636406, 0.2993078827857971, 0.5615448355674744, -0.028377659618854523]",[]
"[0.5338215827941895, 0.7641457915306091, 1.6848473194386315e-07, 0.5802881717681885, 0.6615874171257019, -0.01398426666855812, 0.5679599046707153, 0.5462852716445923, -0.012522023171186447, 0.531703531742096, 0.470699280500412, -0.012591993436217308, 0.5278316140174866, 0.4046432077884674, -0.012704236432909966, 0.47626227140426636, 0.5047894716262817, 0.01444475818425417, 0.42673587799072266, 0.4407762885093689, 0.002021990716457367, 0.39098697900772095, 0.40329286456108093, -0.012044280767440796, 0.3620859980583191, 0.37506723403930664, -0.023051703348755836, 0.4363510012626648, 0.5406895875930786, 0.009708737023174763, 0.38250115513801575, 0.4683234393596649, -0.0013833444099873304, 0.3461102545261383, 0.4205474257469177, -0.01691306382417679, 0.31634098291397095, 0.3819412589073181, -0.028200028464198112, 0.4103041887283325, 0.5870659947395325, 0.00048098264960572124, 0.3574122488498688, 0.5145107507705688, -0.018242396414279938, 0.3298391103744507, 0.47829774022102356, -0.031209567561745644, 0.30726003646850586, 0.44321534037590027, -0.03835923224687576, 0.3953101634979248, 0.6458852291107178, -0.010120521299540997, 0.3519887328147888, 0.5962070226669312, -0.030299639329314232, 0.3319475054740906, 0.5723483562469482, -0.037595633417367935, 0.314645916223526, 0.5507073402404785, -0.040261875838041306]",[]
"[0.5317173004150391, 0.7621302008628845, 1.9403665874051512e-07, 0.578004777431488, 0.6634649038314819, -0.015353763476014137, 0.5679936408996582, 0.5490424633026123, -0.014191562309861183, 0.5325925946235657, 0.47305646538734436, -0.014166912995278835, 0.5297786593437195, 0.40525370836257935, -0.013924285769462585, 0.47595641016960144, 0.5038779377937317, 0.015155455097556114, 0.42746299505233765, 0.4406101703643799, 0.0038603595457971096, 0.3921706974506378, 0.4038238227367401, -0.009352829307317734, 0.3637288808822632, 0.37705472111701965, -0.019620254635810852, 0.43612879514694214, 0.539148211479187, 0.011358492076396942, 0.3831181526184082, 0.46718746423721313, 0.00162247265689075, 0.34739768505096436, 0.4200868010520935, -0.013149957172572613, 0.31812283396720886, 0.382485955953598, -0.023760782554745674, 0.41064685583114624, 0.5847510099411011, 0.0028616036288440228, 0.3584005832672119, 0.5135713815689087, -0.01515804324299097, 0.331023246049881, 0.4796295166015625, -0.028401536867022514, 0.30844759941101074, 0.44671010971069336, -0.035502269864082336, 0.3960978388786316, 0.6425594091415405, -0.007144759874790907, 0.3527158200740814, 0.5959607362747192, -0.027147065848112106, 0.33323121070861816, 0.5740790367126465, -0.035025160759687424, 0.3165087103843689, 0.5536761283874512, -0.037853699177503586]",[]
"[0.5469049215316772, 0.7768890261650085, 1.2408644067818386e-07, 0.587734043598175, 0.6692243218421936, -0.020812561735510826, 0.5747973918914795, 0.556005597114563, -0.021638350561261177, 0.5391446352005005, 0.4764510691165924, -0.02290014922618866, 0.538400411605835, 0.4044189453125, -0.023390522226691246, 0.4798091948032379, 0.5096564888954163, 0.01465407945215702, 0.4319007694721222, 0.44571805000305176, 0.003750271163880825, 0.39736407995224, 0.41031941771507263, -0.009842414408922195, 0.36680349707603455, 0.38394197821617126, -0.020182346925139427, 0.4414321780204773, 0.545281708240509, 0.014617315493524075, 0.38791775703430176, 0.47635504603385925, 0.008735675364732742, 0.35334864258766174, 0.4325113892555237, -0.002991163870319724, 0.32217127084732056, 0.394301176071167, -0.012317866086959839, 0.4162302017211914, 0.589846134185791, 0.008871104568243027, 0.36571305990219116, 0.5274372696876526, -0.0033112920355051756, 0.34063437581062317, 0.4920356571674347, -0.01303020864725113, 0.3167285919189453, 0.4575912356376648, -0.01925218291580677, 0.3998870253562927, 0.6447315216064453, 0.0002798144123516977, 0.3561326861381531, 0.6052736043930054, -0.013847341760993004, 0.335783451795578, 0.5833519697189331, -0.018938690423965454, 0.31636855006217957, 0.5628397464752197, -0.020896492525935173]",[]
"[0.4953891932964325, 0.7524084448814392, 4.08670430829261e-08, 0.5392068028450012, 0.756784200668335, -0.0020129955373704433, 0.5702036023139954, 0.7225868701934814, -0.007327306549996138, 0.5807300806045532, 0.6674181818962097, -0.010271461680531502, 0.5766417384147644, 0.6260309219360352, -0.012386917136609554, 0.5668399930000305, 0.7085075974464417, -0.035497140139341354, 0.597271203994751, 0.6306675672531128, -0.044887155294418335, 0.6005967855453491, 0.6310073137283325, -0.04148440062999725, 0.5916933417320251, 0.6490626335144043, -0.03574245423078537, 0.5443590879440308, 0.671517014503479, -0.03649376705288887, 0.5792548656463623, 0.5794736742973328, -0.04712507873773575, 0.5847470760345459, 0.5925607085227966, -0.042278360575437546, 0.5746805667877197, 0.6205283403396606, -0.03581138700246811, 0.5229372382164001, 0.6404932737350464, -0.035145752131938934, 0.5551266074180603, 0.5620566606521606, -0.039684899151325226, 0.5630455613136292, 0.5795332193374634, -0.03157690912485123, 0.5566356778144836, 0.6030760407447815, -0.024558695033192635, 0.5054351687431335, 0.6207357048988342, -0.03292392939329147, 0.5333707332611084, 0.5650506615638733, -0.033548928797245026, 0.5417208075523376, 0.5777961611747742, -0.025939181447029114, 0.5377876162528992, 0.5969886183738708, -0.019207516685128212]","[0.5802404880523682, 0.6290296316146851, 3.2677763783794944e-07, 0.608830451965332, 0.5862602591514587, -0.023585202172398567, 0.6220526695251465, 0.5145046710968018, -0.03685162216424942, 0.6296470165252686, 0.45413461327552795, -0.04664512723684311, 0.6471816897392273, 0.4113019108772278, -0.05648326501250267, 0.5757383108139038, 0.4531984329223633, -0.033664897084236145, 0.5569387078285217, 0.3740158677101135, -0.05005408078432083, 0.5419872403144836, 0.32205280661582947, -0.061374641954898834, 0.5303195714950562, 0.2815009355545044, -0.07031852751970291, 0.5493370294570923, 0.46436941623687744, -0.03272490203380585, 0.5262686014175415, 0.37663525342941284, -0.05281316488981247, 0.5105693936347961, 0.31976592540740967, -0.06902412325143814, 0.4984610080718994, 0.27342140674591064, -0.08112630248069763, 0.5292022824287415, 0.49357643723487854, -0.03247614949941635, 0.5059892535209656, 0.42795121669769287, -0.05169720947742462, 0.49017494916915894, 0.37993016839027405, -0.062237031757831573, 0.48086634278297424, 0.3415222764015198, -0.06914231926202774, 0.5165883898735046, 0.5328994989395142, -0.03346124291419983, 0.4915938377380371, 0.49341902136802673, -0.05032816529273987, 0.47808516025543213, 0.4643229842185974, -0.057228557765483856, 0.4667416214942932, 0.43326160311698914, -0.06138315051794052]"
"[0.5385229587554932, 0.7887182831764221, 1.710254622366847e-07, 0.5722709894180298, 0.6876927018165588, -0.0284127164632082, 0.5637401342391968, 0.5751062631607056, -0.036315418779850006, 0.5317419767379761, 0.4959344267845154, -0.042189378291368484, 0.5287150144577026, 0.42315348982810974, -0.0479600690305233, 0.4782266914844513, 0.5526515245437622, -0.009845083579421043, 0.42738425731658936, 0.4826095998287201, -0.028542425483465195, 0.39019688963890076, 0.4394165575504303, -0.04434121400117874, 0.35917219519615173, 0.405592143535614, -0.05588885024189949, 0.4417634606361389, 0.5849053263664246, -0.006714648101478815, 0.38671064376831055, 0.5155007839202881, -0.022564446553587914, 0.3474487066268921, 0.4673188626766205, -0.0382637158036232, 0.3125128746032715, 0.42368319630622864, -0.0495048426091671, 0.4192095398902893, 0.6249921321868896, -0.008079350925981998, 0.364430695772171, 0.5606274008750916, -0.028621498495340347, 0.33297452330589294, 0.5298109650611877, -0.04019308462738991, 0.30658137798309326, 0.4936467409133911, -0.04664454236626625, 0.4077523350715637, 0.6713542342185974, -0.012018322944641113, 0.3600393235683441, 0.6310747861862183, -0.03295953571796417, 0.33623263239860535, 0.613244891166687, -0.04033806547522545, 0.316611111164093, 0.5917152166366577, -0.04324891045689583]",[]
[],"[0.5085527300834656, 0.7949882745742798, 1.9840946663407522e-07, 0.5446411967277527, 0.7064400911331177, -0.02934892289340496, 0.5395458340644836, 0.5944395661354065, -0.03983980789780617, 0.5171344876289368, 0.5119115114212036, -0.0480172261595726, 0.5111182928085327, 0.4390978217124939, -0.05650925636291504, 0.4619089365005493, 0.5878918170928955, -0.015461592935025692, 0.41450390219688416, 0.5205730199813843, -0.03637044504284859, 0.37584325671195984, 0.4803798794746399, -0.053430456668138504, 0.3430105447769165, 0.44934678077697754, -0.06563378870487213, 0.42566612362861633, 0.614181637763977, -0.011410691775381565, 0.3762488067150116, 0.5482314229011536, -0.031373076140880585, 0.33688676357269287, 0.5019339323043823, -0.049072861671447754, 0.3024446368217468, 0.4593586325645447, -0.06074480712413788, 0.40176111459732056, 0.6427515745162964, -0.010986191220581532, 0.3505898118019104, 0.5739747881889343, -0.033886443823575974, 0.32028067111968994, 0.5398812294006348, -0.04361181706190109, 0.2967287302017212, 0.5051950812339783, -0.047704510390758514, 0.3892970085144043, 0.6727479100227356, -0.013063260354101658, 0.34451571106910706, 0.6231159567832947, -0.03394937142729759, 0.32259348034858704, 0.6026050448417664, -0.03866223618388176, 0.3080403804779053, 0.5818060636520386, -0.03894921764731407]"
[],"[0.500431478023529, 0.8205606937408447, 3.1844294312577404e-07, 0.5482133626937866, 0.7195742130279541, -0.014900983311235905, 0.5400396585464478, 0.60194331407547, -0.010544879361987114, 0.5144611597061157, 0.5131546854972839, -0.007273660972714424, 0.5076278448104858, 0.4438588321208954, -0.0034014855045825243, 0.45993658900260925, 0.588721513748169, 0.03879009559750557, 0.4108482897281647, 0.5235914587974548, 0.03894476592540741, 0.37074339389801025, 0.4774377644062042, 0.031201254576444626, 0.3390551209449768, 0.44954705238342285, 0.024014007300138474, 0.4145686626434326, 0.6202340126037598, 0.041736260056495667, 0.3623884320259094, 0.5498359203338623, 0.044126082211732864, 0.3244860768318176, 0.5038985013961792, 0.03345903009176254, 0.2938522398471832, 0.4670284688472748, 0.024898210540413857, 0.3826553225517273, 0.6505670547485352, 0.03935166448354721, 0.3334241509437561, 0.5728004574775696, 0.03456183895468712, 0.30779480934143066, 0.534902811050415, 0.02805357053875923, 0.28841280937194824, 0.5037813186645508, 0.024361612275242805, 0.36121058464050293, 0.6833479404449463, 0.03445153310894966, 0.3233555555343628, 0.6219074130058289, 0.027423134073615074, 0.30394935607910156, 0.594984769821167, 0.02652711793780327, 0.29003769159317017, 0.5722367763519287, 0.02760126441717148]"
[],"[0.5008130669593811, 0.8246352076530457, 3.3062977422559925e-07, 0.5435566306114197, 0.7236670255661011, -0.013935597613453865, 0.5349550247192383, 0.6090136170387268, -0.009554129093885422, 0.5114196538925171, 0.5189948678016663, -0.006859143264591694, 0.5028850436210632, 0.4462440609931946, -0.0032819658517837524, 0.45782580971717834, 0.5937994122505188, 0.04490278661251068, 0.4113175868988037, 0.5275607109069824, 0.04572180658578873, 0.37260839343070984, 0.4851433038711548, 0.03759564086794853, 0.34188565611839294, 0.45907479524612427, 0.03018714115023613, 0.41421934962272644, 0.623532235622406, 0.046781059354543686, 0.3640937805175781, 0.5534809827804565, 0.04878166690468788, 0.3263225257396698, 0.508368968963623, 0.036688804626464844, 0.2960759997367859, 0.47222304344177246, 0.027461841702461243, 0.38316071033477783, 0.6523411273956299, 0.04300813749432564, 0.3346700072288513, 0.5744397640228271, 0.03725212812423706, 0.30947333574295044, 0.5359269380569458, 0.030285967513918877, 0.29081660509109497, 0.5038732886314392, 0.026779355481266975, 0.36360040307044983, 0.6824056506156921, 0.03667255491018295, 0.32479995489120483, 0.6203802227973938, 0.029477674514055252, 0.3060253858566284, 0.5938405394554138, 0.028716307133436203, 0.2930990159511566, 0.5709351897239685, 0.029975078999996185]"
[],"[0.31595665216445923, 0.8596222996711731, -1.2532328241832147e-07, 0.4180067479610443, 0.8177112936973572, -0.004442115779966116, 0.4492756724357605, 0.7205735445022583, -0.001246331143192947, 0.45298388600349426, 0.6458442807197571, -0.00048351046280004084, 0.4446721076965332, 0.5869779586791992, 0.0015855258097872138, 0.3936426341533661, 0.5515637993812561, 0.016141556203365326, 0.4074937105178833, 0.4860077202320099, 0.01229484286159277, 0.4050973951816559, 0.4757830798625946, 0.003816503332927823, 0.3916710615158081, 0.4805736541748047, -0.002597353421151638, 0.3453987240791321, 0.5547658205032349, 0.012700880877673626, 0.351479709148407, 0.48839515447616577, 0.014867709949612617, 0.350882351398468, 0.48734745383262634, 0.011398263275623322, 0.3421414792537689, 0.49306708574295044, 0.007261396385729313, 0.3073160648345947, 0.5832831859588623, 0.006968037225306034, 0.31602418422698975, 0.5177106261253357, 0.003505176631733775, 0.3249690532684326, 0.5267971754074097, 0.003877550596371293, 0.3261888325214386, 0.5403318405151367, 0.003234007628634572, 0.2792002856731415, 0.6273104548454285, 0.00021160357573535293, 0.29588520526885986, 0.5899773240089417, -0.004299773368984461, 0.30717357993125916, 0.5949147939682007, -0.000178363494342193, 0.31009870767593384, 0.6092840433120728, 0.003775225020945072]"
"[0.5319029092788696, 0.7908409833908081, 1.105951383806314e-07, 0.5692306160926819, 0.6808786392211914, -0.016340333968400955, 0.5536025762557983, 0.560685932636261, -0.014535756781697273, 0.517917275428772, 0.4775782823562622, -0.014291576109826565, 0.514115571975708, 0.40573346614837646, -0.012888223864138126, 0.46047890186309814, 0.5079825520515442, 0.027524719014763832, 0.4106025993824005, 0.445591002702713, 0.02063150145113468, 0.37364378571510315, 0.4129483103752136, 0.007280645426362753, 0.3420735001564026, 0.3878299295902252, -0.0035999584943056107, 0.42175018787384033, 0.5454664826393127, 0.026536595076322556, 0.3662875294685364, 0.4792971611022949, 0.024009041488170624, 0.32966870069503784, 0.43913787603378296, 0.012681866995990276, 0.2973836660385132, 0.40288400650024414, 0.0035227355547249317, 0.3955773115158081, 0.5895214676856995, 0.019751884043216705, 0.343082070350647, 0.5274413824081421, 0.011824293062090874, 0.3154147267341614, 0.49352335929870605, 0.005217575468122959, 0.2907986044883728, 0.46387723088264465, 0.0007435820880346, 0.37834957242012024, 0.6434587836265564, 0.009945861995220184, 0.3371722996234894, 0.5973498225212097, 0.0008498078677803278, 0.3174092173576355, 0.5754607319831848, -5.878568481421098e-05, 0.2987813353538513, 0.5573300719261169, 0.0006642184453085065]",[]
[],"[0.525463342666626, 0.7551952600479126, 3.2852170761543675e-07, 0.562697172164917, 0.6605528593063354, -0.029955821111798286, 0.5508474707603455, 0.5472661256790161, -0.03628380969166756, 0.5183651447296143, 0.4701027572154999, -0.03966846317052841, 0.5158628821372986, 0.39709994196891785, -0.0416606068611145, 0.45995792746543884, 0.4968085289001465, -0.0017122671706601977, 0.41269823908805847, 0.4347045421600342, -0.013748022727668285, 0.37802964448928833, 0.39992302656173706, -0.028015103191137314, 0.3477066159248352, 0.37114351987838745, -0.03926870971918106, 0.42143529653549194, 0.5364162921905518, 0.0035296056885272264, 0.3707289397716522, 0.4674205183982849, -0.00602343725040555, 0.33591556549072266, 0.4215846359729767, -0.020551232621073723, 0.305433452129364, 0.3836157023906708, -0.03149929270148277, 0.3950222134590149, 0.585629403591156, 0.0037494655698537827, 0.34921663999557495, 0.5181000232696533, -0.010209550149738789, 0.32497239112854004, 0.481798380613327, -0.021890975534915924, 0.30213451385498047, 0.4484269618988037, -0.029118692502379417, 0.37783047556877136, 0.6428462862968445, 0.0010473838774487376, 0.3419962227344513, 0.5935331583023071, -0.013136288151144981, 0.3253854215145111, 0.5667227506637573, -0.019428681582212448, 0.30935433506965637, 0.5416414141654968, -0.022228434681892395]"
"[0.5256933569908142, 0.7280179858207703, 3.179448526680062e-07, 0.5592960119247437, 0.6402093172073364, -0.024440914392471313, 0.5451065301895142, 0.5385143756866455, -0.030256962403655052, 0.5109192132949829, 0.4637727439403534, -0.03458558768033981, 0.5049184560775757, 0.395162969827652, -0.03856512904167175, 0.46010029315948486, 0.5006332993507385, -0.004759456962347031, 0.4125606417655945, 0.4385394752025604, -0.019469931721687317, 0.3777664303779602, 0.4031786322593689, -0.03330080211162567, 0.3499591648578644, 0.37591591477394104, -0.04391568899154663, 0.424536794424057, 0.5366874933242798, -0.0037435407284647226, 0.37283945083618164, 0.46914151310920715, -0.017122020944952965, 0.3368912935256958, 0.4269092082977295, -0.032230354845523834, 0.3079623878002167, 0.3904705047607422, -0.04342721775174141, 0.40230053663253784, 0.581261157989502, -0.0070388587191700935, 0.35362523794174194, 0.5174061059951782, -0.02496994473040104, 0.32646995782852173, 0.4809894561767578, -0.03781798481941223, 0.3040888011455536, 0.44581088423728943, -0.045650824904441833, 0.39004021883010864, 0.6340445280075073, -0.012439852580428123, 0.35092437267303467, 0.5922036170959473, -0.0313868373632431, 0.33076971769332886, 0.5656426548957825, -0.04034210368990898, 0.3140280246734619, 0.5397784113883972, -0.044790320098400116]",[]
"[0.5264341235160828, 0.7348501682281494, 3.382764930393023e-07, 0.56293123960495, 0.6450963020324707, -0.024107323959469795, 0.5472626686096191, 0.5399901270866394, -0.029255181550979614, 0.5114670395851135, 0.46720921993255615, -0.0332011803984642, 0.5048984289169312, 0.39963701367378235, -0.03690245747566223, 0.4607260525226593, 0.505954384803772, -0.003748170332983136, 0.41190165281295776, 0.4410906732082367, -0.018884755671024323, 0.3763275146484375, 0.40384751558303833, -0.032962776720523834, 0.34835800528526306, 0.3760507106781006, -0.043663498014211655, 0.4240521490573883, 0.5430286526679993, -0.003253829199820757, 0.3722373843193054, 0.4727144241333008, -0.01704385131597519, 0.3360447287559509, 0.42783015966415405, -0.032856155186891556, 0.3077623248100281, 0.3915071487426758, -0.04448243975639343, 0.40144944190979004, 0.5880258083343506, -0.007158410735428333, 0.3523029685020447, 0.5213564038276672, -0.02624961920082569, 0.3245319724082947, 0.48463940620422363, -0.04022929444909096, 0.30276113748550415, 0.4507944881916046, -0.04856864735484123, 0.3901001513004303, 0.640831708908081, -0.013082819059491158, 0.35106292366981506, 0.5986549854278564, -0.03341080993413925, 0.33119434118270874, 0.572886049747467, -0.04312824085354805, 0.31552359461784363, 0.5494036674499512, -0.0479634590446949]",[]
[],"[0.5172573328018188, 0.7698488235473633, 2.4153823119377194e-07, 0.5562337040901184, 0.6768313646316528, -0.028756937012076378, 0.5483676195144653, 0.5689480304718018, -0.03586087003350258, 0.5138434171676636, 0.48400598764419556, -0.03923694044351578, 0.5112344026565552, 0.40991511940956116, -0.04151516407728195, 0.4728739559650421, 0.5600674748420715, -0.011975053697824478, 0.42471304535865784, 0.48218512535095215, -0.026393570005893707, 0.389029860496521, 0.4371013641357422, -0.037506092339754105, 0.359605073928833, 0.40447860956192017, -0.04538670927286148, 0.4312283396720886, 0.5859240293502808, -0.003962915390729904, 0.3811107277870178, 0.5089802145957947, -0.01482071727514267, 0.34596115350723267, 0.46099644899368286, -0.025269823148846626, 0.31672078371047974, 0.4215523898601532, -0.03284430131316185, 0.4044543206691742, 0.6163786053657532, 0.0001792125403881073, 0.3563883304595947, 0.5423867106437683, -0.013606692664325237, 0.32972055673599243, 0.5063404440879822, -0.02246721088886261, 0.3079463243484497, 0.47225481271743774, -0.02774132788181305, 0.3904075026512146, 0.6495639085769653, 0.001975392457097769, 0.35021278262138367, 0.6027671694755554, -0.012641207315027714, 0.3309917449951172, 0.5822808146476746, -0.018579522147774696, 0.3153175711631775, 0.5623853206634521, -0.020897792652249336]"
"[0.5589377284049988, 0.6585160493850708, 1.755785064005977e-07, 0.6023688316345215, 0.6146997809410095, -0.017739836126565933, 0.6204849481582642, 0.538822591304779, -0.027147121727466583, 0.6276017427444458, 0.46849381923675537, -0.03495972231030464, 0.6430748701095581, 0.42067456245422363, -0.04416648671030998, 0.5736205577850342, 0.4553515911102295, -0.021388843655586243, 0.551321268081665, 0.3752731680870056, -0.03648176044225693, 0.5352417826652527, 0.3283962309360504, -0.049234140664339066, 0.5214943289756775, 0.2902247905731201, -0.05895119905471802, 0.545807957649231, 0.4673196077346802, -0.022707050666213036, 0.5197855830192566, 0.37459176778793335, -0.03659559041261673, 0.502929151058197, 0.31940609216690063, -0.05090769752860069, 0.4890212416648865, 0.2755587697029114, -0.06313149631023407, 0.5230275392532349, 0.49542057514190674, -0.02551846392452717, 0.4973376393318176, 0.41773515939712524, -0.04161376133561134, 0.48009198904037476, 0.36686110496520996, -0.05312202870845795, 0.4677110016345978, 0.32723701000213623, -0.06178295239806175, 0.5070685744285583, 0.534825325012207, -0.02925930544734001, 0.47970694303512573, 0.4816493093967438, -0.045240551233291626, 0.4639611542224884, 0.44478416442871094, -0.0527496375143528, 0.4520867168903351, 0.41131216287612915, -0.05797196924686432]",[]
[],"[0.5367185473442078, 0.8214181065559387, -1.2805365656731738e-07, 0.49099302291870117, 0.7899043560028076, -0.011515669524669647, 0.4654330909252167, 0.6959713101387024, -0.010839201509952545, 0.4598744511604309, 0.594011664390564, -0.012749763205647469, 0.461952269077301, 0.5113093852996826, -0.014238327741622925, 0.45502474904060364, 0.6514757871627808, 0.023695403710007668, 0.4104871153831482, 0.5735810995101929, 0.011087913997471333, 0.36895686388015747, 0.5223202705383301, -0.002420860342681408, 0.3346306085586548, 0.48523056507110596, -0.013333426788449287, 0.4681527614593506, 0.6291465759277344, 0.016355130821466446, 0.4069121778011322, 0.5538333058357239, 0.0007675497326999903, 0.35874056816101074, 0.4986181855201721, -0.018360478803515434, 0.318284273147583, 0.4568140506744385, -0.031845394521951675, 0.4904778003692627, 0.6149605512619019, 0.004023455083370209, 0.42463427782058716, 0.5360872149467468, -0.019372759386897087, 0.37719792127609253, 0.48800957202911377, -0.03562388941645622, 0.33846092224121094, 0.4469125270843506, -0.04445226117968559, 0.5257995128631592, 0.6017301082611084, -0.00999585259705782, 0.48557010293006897, 0.5230282545089722, -0.03319168835878372, 0.4580441415309906, 0.47428783774375916, -0.04350515082478523, 0.4301110804080963, 0.43047237396240234, -0.04908102750778198]"
[],"[0.5339329838752747, 0.8499628305435181, -2.3930249426484806e-07, 0.4684450626373291, 0.8382318615913391, -0.003199273254722357, 0.43072938919067383, 0.7741622924804688, 0.003239731304347515, 0.40998008847236633, 0.7047500610351562, 0.00499719986692071, 0.3935309648513794, 0.6477178931236267, 0.005435374565422535, 0.44239720702171326, 0.6726649403572083, 0.036208782345056534, 0.39885473251342773, 0.6052960753440857, 0.03283869847655296, 0.3603743314743042, 0.5560921430587769, 0.023523269221186638, 0.33106404542922974, 0.5179224014282227, 0.014933750033378601, 0.4648502469062805, 0.6403082013130188, 0.026212649419903755, 0.40844544768333435, 0.5670241713523865, 0.020775100216269493, 0.3610549569129944, 0.5121884942054749, 0.004556003492325544, 0.3214791417121887, 0.46753910183906555, -0.008368946611881256, 0.49760696291923523, 0.6170201301574707, 0.011843006126582623, 0.44297221302986145, 0.5309145450592041, -0.0026343315839767456, 0.403486967086792, 0.47446420788764954, -0.01878933049738407, 0.3733658790588379, 0.42629754543304443, -0.029410826042294502, 0.5381994843482971, 0.5977764129638672, -0.003826671279966831, 0.5124483704566956, 0.5099785327911377, -0.01909600757062435, 0.5030292868614197, 0.45617079734802246, -0.026034684851765633, 0.4958370625972748, 0.4114506244659424, -0.030263081192970276]"
[],"[0.5339931845664978, 0.8495547771453857, -1.3759934347490343e-07, 0.48788928985595703, 0.8075323104858398, -0.024573884904384613, 0.46150246262550354, 0.7026814222335815, -0.02693858928978443, 0.4542572498321533, 0.5965668559074402, -0.029615381732583046, 0.4522534906864166, 0.511777400970459, -0.031626589596271515, 0.44285520911216736, 0.6418119668960571, 0.02008507028222084, 0.39598000049591064, 0.567756712436676, 0.007650602143257856, 0.35668206214904785, 0.5252242684364319, -0.007950695231556892, 0.3296474516391754, 0.4916859269142151, -0.020355554297566414, 0.458415150642395, 0.6273573040962219, 0.020811012014746666, 0.40269219875335693, 0.5537500977516174, 0.009015997871756554, 0.3535233736038208, 0.5034476518630981, -0.009496522136032581, 0.31254589557647705, 0.46153005957603455, -0.023526843637228012, 0.48286929726600647, 0.6223418712615967, 0.015129637904465199, 0.42346689105033875, 0.5480983853340149, -0.0037389248609542847, 0.3757706880569458, 0.5109579563140869, -0.015612459741532803, 0.3375786542892456, 0.47722354531288147, -0.02280600741505623, 0.5163560509681702, 0.6243118047714233, 0.005919612478464842, 0.4702298641204834, 0.5602390766143799, -0.013534736819565296, 0.4349190294742584, 0.5290993452072144, -0.018675463274121284, 0.40188178420066833, 0.5029510259628296, -0.020642008632421494]"
[],"[0.5320757031440735, 0.8514981865882874, -1.853473889923407e-07, 0.4694381356239319, 0.8348313570022583, -0.02201423980295658, 0.42999327182769775, 0.7514733076095581, -0.025008762255311012, 0.4158046841621399, 0.6604326963424683, -0.028971105813980103, 0.4078601002693176, 0.5833759307861328, -0.0323808491230011, 0.4306705892086029, 0.6585590243339539, 0.015259631909430027, 0.38605350255966187, 0.5859289169311523, 0.0014711444964632392, 0.3472749590873718, 0.5406568050384521, -0.014080544002354145, 0.32009756565093994, 0.5051286816596985, -0.026410119608044624, 0.45756465196609497, 0.6285133957862854, 0.012107073329389095, 0.40168628096580505, 0.5545302629470825, -0.002090801252052188, 0.3525969982147217, 0.5042122006416321, -0.02043135091662407, 0.311476469039917, 0.4638664126396179, -0.03401035815477371, 0.49302932620048523, 0.6103820204734802, 0.0028098297771066427, 0.4356952905654907, 0.5343316793441772, -0.019421175122261047, 0.3897377848625183, 0.4923494756221771, -0.03295597434043884, 0.3528521656990051, 0.45602312684059143, -0.04047770798206329, 0.5360779762268066, 0.5983337163925171, -0.009714982472360134, 0.5047714710235596, 0.5231083035469055, -0.03122328408062458, 0.48190420866012573, 0.4783518314361572, -0.03766370937228203, 0.45921680331230164, 0.4427928924560547, -0.040445368736982346]"
[],"[0.5388175249099731, 0.8253248929977417, -6.158992249538642e-08, 0.5126433968544006, 0.7641434669494629, -0.02235664799809456, 0.48764699697494507, 0.6630865335464478, -0.023850617930293083, 0.47418713569641113, 0.5570235252380371, -0.025512035936117172, 0.47222521901130676, 0.47113415598869324, -0.026474686339497566, 0.43978622555732727, 0.6409251689910889, 0.01950019784271717, 0.3883218765258789, 0.5619875192642212, 0.005766399670392275, 0.3498365879058838, 0.5138818025588989, -0.010190237313508987, 0.3205265700817108, 0.4752330780029297, -0.02263054810464382, 0.45105230808258057, 0.6242061853408813, 0.0187320988625288, 0.39536064863204956, 0.5449855923652649, 0.003497395198792219, 0.3494669497013092, 0.4901287257671356, -0.01805851049721241, 0.31099045276641846, 0.4432050585746765, -0.033771492540836334, 0.4741235375404358, 0.616489827632904, 0.012195958755910397, 0.4193624258041382, 0.5319451093673706, -0.01069123949855566, 0.37657254934310913, 0.47880008816719055, -0.02747320756316185, 0.341443806886673, 0.4300929307937622, -0.037415068596601486, 0.507146954536438, 0.6106489896774292, 0.002991389250382781, 0.4755991995334625, 0.532833993434906, -0.017794886603951454, 0.4574722349643707, 0.4832261800765991, -0.025994284078478813, 0.4411643147468567, 0.4369230270385742, -0.030646437779068947]"
[],"[0.30506670475006104, 0.8931933045387268, 1.5648915052679513e-07, 0.39908644556999207, 0.8321679830551147, -0.031871676445007324, 0.45277562737464905, 0.733681321144104, -0.03432868421077728, 0.4733209013938904, 0.6747456789016724, -0.02807500585913658, 0.4845872223377228, 0.6449089646339417, -0.017356982454657555, 0.3473270833492279, 0.5392864942550659, -0.02024414949119091, 0.4212237298488617, 0.5486171245574951, -0.021259009838104248, 0.46230369806289673, 0.5938205718994141, -0.030749855563044548, 0.4824676513671875, 0.634337842464447, -0.03856731206178665, 0.30217233300209045, 0.5553032159805298, -0.003279691096395254, 0.37630683183670044, 0.5401427149772644, 0.0023553825449198484, 0.4146886467933655, 0.5754238367080688, -0.0022382254246622324, 0.43167704343795776, 0.6141449809074402, -0.009705252014100552, 0.279357373714447, 0.6036591529846191, 0.012291290797293186, 0.3430232107639313, 0.5783283710479736, 0.011722518131136894, 0.38409945368766785, 0.6171899437904358, 0.005899277050048113, 0.40521371364593506, 0.6633277535438538, 0.00034522140049375594, 0.2730955183506012, 0.6595470905303955, 0.025675715878605843, 0.32050055265426636, 0.6386585235595703, 0.020480012521147728, 0.3515600562095642, 0.6601794958114624, 0.018707579001784325, 0.3672278821468353, 0.6886477470397949, 0.01848134957253933]"
"[0.5366494655609131, 0.7487573623657227, 1.8845639715436846e-07, 0.5710715651512146, 0.6628849506378174, -0.031061384826898575, 0.5681529641151428, 0.5613991022109985, -0.03995490074157715, 0.5392878651618958, 0.482295960187912, -0.04523901641368866, 0.5404479503631592, 0.41249412298202515, -0.049986861646175385, 0.48814934492111206, 0.5151268243789673, -0.013443592004477978, 0.43980616331100464, 0.44666552543640137, -0.030282514169812202, 0.40601494908332825, 0.4100514054298401, -0.04536915197968483, 0.3780292272567749, 0.38156694173812866, -0.05614648014307022, 0.4551346004009247, 0.5444535613059998, -0.007321761455386877, 0.40169158577919006, 0.47510233521461487, -0.02293607033789158, 0.3665841817855835, 0.4306686520576477, -0.03910599648952484, 0.33617088198661804, 0.39112234115600586, -0.05036846920847893, 0.43519046902656555, 0.5806384086608887, -0.005458240397274494, 0.3840728998184204, 0.5188243985176086, -0.02383372373878956, 0.3545706868171692, 0.4841155409812927, -0.036010682582855225, 0.3294963836669922, 0.4496515393257141, -0.04260734096169472, 0.4245873987674713, 0.6238009333610535, -0.006223601754754782, 0.3804670572280884, 0.5741212964057922, -0.023242678493261337, 0.3597276210784912, 0.5492396354675293, -0.030037671327590942, 0.3425839841365814, 0.5251072645187378, -0.0325775220990181]",[]
"[0.5554043650627136, 0.7932272553443909, 1.0309911857575571e-07, 0.5903759598731995, 0.682529091835022, -0.023095808923244476, 0.5826335549354553, 0.569526731967926, -0.027172639966011047, 0.5485376715660095, 0.480914831161499, -0.03137170523405075, 0.5493161082267761, 0.4026956558227539, -0.03445829823613167, 0.49963364005088806, 0.5171548128128052, 0.016666272655129433, 0.45538198947906494, 0.4460584223270416, 0.0028553970623761415, 0.4208057224750519, 0.40745627880096436, -0.014128567650914192, 0.3903115391731262, 0.3779628276824951, -0.026591714471578598, 0.46506938338279724, 0.5426765084266663, 0.017408182844519615, 0.4138198494911194, 0.4702204763889313, 0.00843754131346941, 0.37960243225097656, 0.42605704069137573, -0.006504687014967203, 0.34980517625808716, 0.38851213455200195, -0.018017075955867767, 0.4405822455883026, 0.5782150030136108, 0.011900627985596657, 0.3885346055030823, 0.5080864429473877, -0.0043514263816177845, 0.36142101883888245, 0.47699180245399475, -0.0161979291588068, 0.3383742868900299, 0.4478553533554077, -0.023307781666517258, 0.4230744540691376, 0.6264940500259399, 0.0035984076093882322, 0.3805544972419739, 0.5797094106674194, -0.014259366318583488, 0.36177220940589905, 0.5626917481422424, -0.020387284457683563, 0.3440101146697998, 0.5472606420516968, -0.022484272718429565]",[]
"[0.5564031004905701, 0.7901144623756409, 1.025621614303418e-07, 0.5911527872085571, 0.681298017501831, -0.02143736369907856, 0.5842195153236389, 0.5688740015029907, -0.02553548663854599, 0.5501255393028259, 0.4813862442970276, -0.030277680605649948, 0.5501479506492615, 0.40353748202323914, -0.03392435982823372, 0.49916788935661316, 0.5156465768814087, 0.01693025231361389, 0.455013632774353, 0.44475889205932617, 0.002646341221407056, 0.4213007092475891, 0.40598243474960327, -0.014253634959459305, 0.3916838765144348, 0.37687820196151733, -0.026406249031424522, 0.465880423784256, 0.540802538394928, 0.016307761892676353, 0.4145270884037018, 0.46808579564094543, 0.007196840364485979, 0.38044700026512146, 0.4237682819366455, -0.007165961898863316, 0.3506741523742676, 0.385802686214447, -0.018202470615506172, 0.4422670006752014, 0.5754830837249756, 0.009497333317995071, 0.39066222310066223, 0.5061948299407959, -0.007053307257592678, 0.3634224832057953, 0.47495412826538086, -0.01864241063594818, 0.34005090594291687, 0.44578850269317627, -0.025473983958363533, 0.42497730255126953, 0.622920036315918, -1.5156359040702228e-05, 0.3831865191459656, 0.575878381729126, -0.017968129366636276, 0.3654507100582123, 0.5584368705749512, -0.02394288219511509, 0.3485651910305023, 0.543367862701416, -0.025887910276651382]",[]
"[0.566485583782196, 0.8000844120979309, 2.64676287997645e-07, 0.6050926446914673, 0.6984348893165588, -0.017301954329013824, 0.594174861907959, 0.590109646320343, -0.01837148703634739, 0.5612942576408386, 0.5073833465576172, -0.021095821633934975, 0.5582897663116455, 0.4310547709465027, -0.023100750520825386, 0.5143980979919434, 0.5527346730232239, 0.027028510347008705, 0.4707270860671997, 0.48181280493736267, 0.017791280522942543, 0.43611013889312744, 0.4352315068244934, 0.00522596063092351, 0.4089564085006714, 0.3999779522418976, -0.004782558884471655, 0.4803754985332489, 0.5833173394203186, 0.025337809696793556, 0.43284133076667786, 0.5074002742767334, 0.018252400681376457, 0.39927393198013306, 0.4556955099105835, 0.005685394164174795, 0.37072253227233887, 0.4083295464515686, -0.003665745723992586, 0.4561094045639038, 0.6181161403656006, 0.01744348742067814, 0.40857070684432983, 0.5424713492393494, 0.004338585305958986, 0.3826669156551361, 0.4998287260532379, -0.003607925260439515, 0.3605586290359497, 0.45962390303611755, -0.007739674765616655, 0.43909338116645813, 0.6615293025970459, 0.006687624379992485, 0.4032270908355713, 0.602337658405304, -0.006864591967314482, 0.3856026530265808, 0.566341757774353, -0.01122319046407938, 0.36907461285591125, 0.532545268535614, -0.012640397064387798]",[]
"[0.5574768781661987, 0.6938891410827637, 1.79444938908091e-07, 0.597138524055481, 0.6494371891021729, -0.0202680304646492, 0.6121062636375427, 0.5661953687667847, -0.033474866300821304, 0.6199636459350586, 0.48943087458610535, -0.044202934950590134, 0.6367549300193787, 0.43478837609291077, -0.05634969472885132, 0.5605135560035706, 0.5126163959503174, -0.03940138593316078, 0.5411587953567505, 0.41272613406181335, -0.06177966296672821, 0.5291025042533875, 0.3563038110733032, -0.07608471065759659, 0.5186761617660522, 0.31862783432006836, -0.08519692718982697, 0.5318405628204346, 0.5236818194389343, -0.04065026715397835, 0.5093277096748352, 0.4174661934375763, -0.06085725873708725, 0.4936618208885193, 0.3505156338214874, -0.07379063218832016, 0.48117613792419434, 0.30099189281463623, -0.08340422809123993, 0.510503888130188, 0.5490819811820984, -0.0429726168513298, 0.49176421761512756, 0.45539337396621704, -0.06281974911689758, 0.4749997556209564, 0.3950222134590149, -0.07331497967243195, 0.4619036912918091, 0.3472591042518616, -0.08047217130661011, 0.4979694187641144, 0.5839223861694336, -0.046054936945438385, 0.4749531149864197, 0.5268073678016663, -0.06458207219839096, 0.45876526832580566, 0.4870005249977112, -0.07207410037517548, 0.44579148292541504, 0.4526403546333313, -0.07650435715913773]",[]
[],"[0.5634196400642395, 0.8339653015136719, 5.0946706409149556e-08, 0.5993944406509399, 0.7254933714866638, -0.024930469691753387, 0.5931404829025269, 0.6118364930152893, -0.028679070994257927, 0.5627099871635437, 0.5194463729858398, -0.03139219433069229, 0.5615072250366211, 0.441151887178421, -0.032877806574106216, 0.5119057297706604, 0.5789331197738647, 0.01295990776270628, 0.46670758724212646, 0.5005948543548584, 0.0008522387943230569, 0.4327620565891266, 0.4575161337852478, -0.01405347790569067, 0.4027978777885437, 0.4213481545448303, -0.025920748710632324, 0.4784233272075653, 0.6042794585227966, 0.017027659341692924, 0.4291642904281616, 0.525503396987915, 0.006988834589719772, 0.3951314687728882, 0.47488877177238464, -0.009042475372552872, 0.36564379930496216, 0.4288107752799988, -0.0219859778881073, 0.4571763873100281, 0.6347113251686096, 0.015610380098223686, 0.4075602889060974, 0.5551931858062744, -0.00010036279127234593, 0.3807925581932068, 0.5143603086471558, -0.011468600481748581, 0.3585415482521057, 0.47445425391197205, -0.019065964967012405, 0.4445512890815735, 0.6703421473503113, 0.011386551894247532, 0.4031299948692322, 0.6124401092529297, -0.00449847336858511, 0.3826097846031189, 0.5841977000236511, -0.010464736260473728, 0.3634795546531677, 0.5564790368080139, -0.013637949712574482]"
[],"[0.5634145140647888, 0.8513444662094116, -2.0055423988196708e-07, 0.5296178460121155, 0.7887572050094604, -0.01976696588099003, 0.5130546689033508, 0.6858289241790771, -0.023341601714491844, 0.5088151693344116, 0.5836599469184875, -0.027664033696055412, 0.5146936774253845, 0.49966779351234436, -0.031392067670822144, 0.47790825366973877, 0.6496577262878418, 0.012586604803800583, 0.43203067779541016, 0.5665283799171448, -0.003936488181352615, 0.3951391875743866, 0.5193749070167542, -0.020906932651996613, 0.365206778049469, 0.4817781150341034, -0.03358617424964905, 0.49666279554367065, 0.6350705027580261, 0.009910848923027515, 0.43891802430152893, 0.5512972474098206, -0.00658353790640831, 0.3945373296737671, 0.49815770983695984, -0.026360560208559036, 0.3561801314353943, 0.45336824655532837, -0.04084188491106033, 0.5260103940963745, 0.6306717991828918, 0.0018535315757617354, 0.4672880172729492, 0.540605902671814, -0.021127652376890182, 0.4237086772918701, 0.4925684928894043, -0.03599904850125313, 0.38560932874679565, 0.45031070709228516, -0.044742897152900696, 0.563941478729248, 0.630119264125824, -0.00863539520651102, 0.5251287817955017, 0.5519137978553772, -0.03017376735806465, 0.49964696168899536, 0.5079852342605591, -0.03795222193002701, 0.4729279577732086, 0.4689909815788269, -0.04207821562886238]"
[],"[0.5570754408836365, 0.8464889526367188, 4.6879435444679984e-08, 0.5657724738121033, 0.7685794830322266, -0.018128596246242523, 0.5527072548866272, 0.6621823310852051, -0.017994115129113197, 0.5350116491317749, 0.5588425397872925, -0.01880335994064808, 0.5378597378730774, 0.4765719771385193, -0.01971106231212616, 0.4939080774784088, 0.6482516527175903, 0.026597457006573677, 0.4449822008609772, 0.571414053440094, 0.018872970715165138, 0.40635019540786743, 0.518444836139679, 0.0074333930388092995, 0.37805402278900146, 0.47525754570961, -0.0029286977369338274, 0.4835450053215027, 0.6509610414505005, 0.02661275677382946, 0.4299109876155853, 0.5708803534507751, 0.018114160746335983, 0.38660770654678345, 0.5120800137519836, 0.001357346074655652, 0.35183513164520264, 0.45871907472610474, -0.011792696081101894, 0.4845779240131378, 0.65789395570755, 0.021306201815605164, 0.43170008063316345, 0.5739037394523621, 0.004940746817737818, 0.3917402923107147, 0.5263299345970154, -0.007880809716880322, 0.35958656668663025, 0.48199722170829773, -0.015803007408976555, 0.4962126910686493, 0.6678194999694824, 0.01354287564754486, 0.45578956604003906, 0.6028604507446289, -0.004209093749523163, 0.42780524492263794, 0.5677310824394226, -0.01137324795126915, 0.40264609456062317, 0.5354610681533813, -0.015214548446238041]"
[],"[0.5506097674369812, 0.8412405848503113, 5.7648623652539754e-08, 0.5651379227638245, 0.7643975019454956, -0.019269123673439026, 0.5550854206085205, 0.657823920249939, -0.01980661042034626, 0.5379530787467957, 0.5574128031730652, -0.021011846140027046, 0.538708508014679, 0.47674569487571716, -0.021803876385092735, 0.49567097425460815, 0.6418126821517944, 0.026257773861289024, 0.4474237561225891, 0.5657939314842224, 0.017513100057840347, 0.4079049229621887, 0.5148017406463623, 0.006074004340916872, 0.3795456886291504, 0.47601228952407837, -0.003759463084861636, 0.4821552336215973, 0.6453525424003601, 0.027197886258363724, 0.42944490909576416, 0.5677576065063477, 0.017661020159721375, 0.3855974078178406, 0.5129781365394592, 0.0011011222377419472, 0.3506706953048706, 0.46346333622932434, -0.011252653785049915, 0.4804574251174927, 0.6520617604255676, 0.022618798539042473, 0.42871803045272827, 0.5697492361068726, 0.005721169989556074, 0.3892219662666321, 0.5251340866088867, -0.006130225490778685, 0.35809969902038574, 0.4825785160064697, -0.012786016799509525, 0.48942819237709045, 0.6604809761047363, 0.015491984784603119, 0.45058685541152954, 0.593754768371582, -0.002233584877103567, 0.4240188002586365, 0.5590575337409973, -0.008750065229833126, 0.40062975883483887, 0.5273675918579102, -0.01173892617225647]"
[],"[0.5606446266174316, 0.798046886920929, 1.959472797352646e-07, 0.6023603081703186, 0.704495370388031, -0.026522569358348846, 0.5960619449615479, 0.6005640625953674, -0.03229070454835892, 0.566106915473938, 0.5193510055541992, -0.03535756468772888, 0.5674784779548645, 0.45437517762184143, -0.03811880201101303, 0.5261294841766357, 0.5857558846473694, -0.009512766264379025, 0.47527876496315, 0.5032338500022888, -0.02623952366411686, 0.43822404742240906, 0.45457756519317627, -0.040234409272670746, 0.40867286920547485, 0.4193950593471527, -0.05017411708831787, 0.4879491925239563, 0.6076825261116028, -0.004398452118039131, 0.431796669960022, 0.5292493104934692, -0.020447123795747757, 0.39355194568634033, 0.4799245595932007, -0.037196919322013855, 0.3647776246070862, 0.4393570125102997, -0.04881066083908081, 0.46617311239242554, 0.6344580054283142, -0.0030378003139048815, 0.41317635774612427, 0.5636529922485352, -0.022769855335354805, 0.3797423839569092, 0.5244730710983276, -0.037133120000362396, 0.35666608810424805, 0.48859673738479614, -0.04503335431218147, 0.4589507579803467, 0.6645826101303101, -0.0036551342345774174, 0.41928085684776306, 0.6103249788284302, -0.021614305675029755, 0.39631906151771545, 0.5828076601028442, -0.029794633388519287, 0.37944042682647705, 0.5583146810531616, -0.03376191854476929]"
[],"[0.569792628288269, 0.7722219824790955, 2.2332464766350313e-07, 0.6145502328872681, 0.6904953718185425, -0.017858369275927544, 0.6064398288726807, 0.5848855972290039, -0.019357025623321533, 0.5758512020111084, 0.5076431035995483, -0.02108004316687584, 0.5772854685783386, 0.4392303228378296, -0.02253790572285652, 0.5269669890403748, 0.5416958928108215, 0.0058667645789682865, 0.48244792222976685, 0.4730636477470398, -0.007618788629770279, 0.44822949171066284, 0.43142271041870117, -0.020648350939154625, 0.4196745753288269, 0.40115708112716675, -0.030467944219708443, 0.49032172560691833, 0.5688968300819397, 0.0035977396182715893, 0.4423756003379822, 0.49487754702568054, -0.008173315785825253, 0.40762433409690857, 0.4488566517829895, -0.022069819271564484, 0.3789215087890625, 0.41053932905197144, -0.03189205378293991, 0.46611711382865906, 0.6049624681472778, -0.0029224969912320375, 0.4198935031890869, 0.5354416966438293, -0.020166147500276566, 0.3919404149055481, 0.5016212463378906, -0.031064845621585846, 0.3687371611595154, 0.46694689989089966, -0.03688187524676323, 0.4521220326423645, 0.6509726047515869, -0.011260328814387321, 0.4145251512527466, 0.6019080281257629, -0.029436210170388222, 0.39410507678985596, 0.5767823457717896, -0.036231547594070435, 0.3762972950935364, 0.5526027679443359, -0.0386161208152771]"
"[0.5846153497695923, 0.8133625388145447, 2.074321656664324e-07, 0.6302788257598877, 0.7114227414131165, -0.01982482522726059, 0.6223655939102173, 0.5954298377037048, -0.021101800724864006, 0.5913455486297607, 0.5109952092170715, -0.02316734939813614, 0.5916491746902466, 0.43685999512672424, -0.023982807993888855, 0.5358104705810547, 0.5396300554275513, 0.018707970157265663, 0.4933399558067322, 0.4706108868122101, 0.008229432627558708, 0.4592801630496979, 0.42897337675094604, -0.00449457298964262, 0.4308599829673767, 0.40031397342681885, -0.013695498928427696, 0.4987236261367798, 0.5700565576553345, 0.018320199102163315, 0.45225173234939575, 0.4919932782649994, 0.013558863662183285, 0.42264455556869507, 0.44435375928878784, 0.005033580120652914, 0.3957521319389343, 0.4026561975479126, -0.0012560009490698576, 0.47202977538108826, 0.6093898415565491, 0.011921098455786705, 0.42758092284202576, 0.5367311239242554, 0.0020010159350931644, 0.40731149911880493, 0.4949134588241577, -0.002268967917189002, 0.38836345076560974, 0.45857539772987366, -0.004324544686824083, 0.4520443081855774, 0.6598843336105347, 0.002271271077916026, 0.4160350561141968, 0.6073988676071167, -0.00789710320532322, 0.401544451713562, 0.5768496990203857, -0.00830225832760334, 0.38749343156814575, 0.5517050623893738, -0.006826702039688826]",[]
"[0.5981377959251404, 0.8062251806259155, 1.879888458233836e-07, 0.6410790085792542, 0.7040985822677612, -0.01679481938481331, 0.6329540014266968, 0.590811014175415, -0.014484496787190437, 0.6016086339950562, 0.5086214542388916, -0.013521997258067131, 0.6008864045143127, 0.4367506504058838, -0.011419977061450481, 0.5480685234069824, 0.5369643568992615, 0.027672655880451202, 0.5049149990081787, 0.4679500162601471, 0.02158079482614994, 0.4706863760948181, 0.4287673830986023, 0.01083033811300993, 0.4430416226387024, 0.4011194705963135, 0.0026287108194082975, 0.5127353668212891, 0.5673107504844666, 0.02701098844408989, 0.46587830781936646, 0.49260541796684265, 0.026353109627962112, 0.4342614412307739, 0.44605207443237305, 0.01739872619509697, 0.4073505997657776, 0.4052073657512665, 0.010207963176071644, 0.4881455898284912, 0.6065417528152466, 0.020274508744478226, 0.4442494511604309, 0.5381971001625061, 0.012857334688305855, 0.42256829142570496, 0.49957558512687683, 0.0061341384425759315, 0.402405709028244, 0.4631606340408325, 0.0018493013922125101, 0.4700945317745209, 0.6573795080184937, 0.010562455281615257, 0.43392157554626465, 0.609771192073822, 0.0005881282268092036, 0.41864344477653503, 0.5824357867240906, -0.0019877993036061525, 0.40343600511550903, 0.5579990744590759, -0.0022938153706490993]",[]
"[0.5982657074928284, 0.8119314908981323, 2.009330302144008e-07, 0.640354573726654, 0.7076247334480286, -0.01710900478065014, 0.6326193809509277, 0.5934065580368042, -0.014072027057409286, 0.6018814444541931, 0.5089458227157593, -0.012391257099807262, 0.6007302403450012, 0.4353730082511902, -0.009336945600807667, 0.5469890832901001, 0.5382471084594727, 0.03368473798036575, 0.5037984251976013, 0.4682280421257019, 0.030107634142041206, 0.46923938393592834, 0.42917200922966003, 0.01992546021938324, 0.4411226511001587, 0.4017550051212311, 0.012048252858221531, 0.5118498802185059, 0.5684126019477844, 0.03412816673517227, 0.4652620851993561, 0.4942012131214142, 0.03705782815814018, 0.43326473236083984, 0.44924604892730713, 0.028876064345240593, 0.4058169722557068, 0.40923088788986206, 0.02191890962421894, 0.4868588149547577, 0.6069323420524597, 0.02812059409916401, 0.44407838582992554, 0.5382861495018005, 0.024125203490257263, 0.4224073886871338, 0.4997381567955017, 0.018747059628367424, 0.4019678235054016, 0.46413475275039673, 0.015033855102956295, 0.46753305196762085, 0.6575128436088562, 0.018853886052966118, 0.4328329265117645, 0.6081454157829285, 0.011774344369769096, 0.418139785528183, 0.5800269842147827, 0.010923194698989391, 0.40299955010414124, 0.5558294057846069, 0.011750305071473122]",[]
[],"[0.40757685899734497, 0.8972153663635254, 7.154279302312716e-08, 0.5064497590065002, 0.888151228427887, -0.03269960731267929, 0.559420108795166, 0.807906985282898, -0.03497924655675888, 0.576905369758606, 0.7491193413734436, -0.030309107154607773, 0.5879122018814087, 0.6993485689163208, -0.0226058941334486, 0.49707114696502686, 0.6036316156387329, -0.007995303720235825, 0.5026198625564575, 0.5194775462150574, -0.00636330945417285, 0.4898572266101837, 0.4788796305656433, -0.010753805749118328, 0.4683431386947632, 0.450126588344574, -0.01365450955927372, 0.449522465467453, 0.6067681312561035, 0.009607883170247078, 0.4521200656890869, 0.526786208152771, 0.020362641662359238, 0.4432613253593445, 0.48548826575279236, 0.019939258694648743, 0.4275256395339966, 0.46203359961509705, 0.017830001190304756, 0.4174134433269501, 0.6353660225868225, 0.02436954528093338, 0.42873281240463257, 0.5602421760559082, 0.02993818186223507, 0.42996037006378174, 0.5299264788627625, 0.029077624902129173, 0.42267245054244995, 0.5131571292877197, 0.02762558124959469, 0.39613068103790283, 0.6805164217948914, 0.035727713257074356, 0.41372692584991455, 0.6453269124031067, 0.03685734048485756, 0.4203028082847595, 0.6392719745635986, 0.0400322750210762, 0.416990727186203, 0.648567259311676, 0.0443425253033638]"
[],"[0.46617797017097473, 0.6965900659561157, 1.336378971927843e-07, 0.5100786685943604, 0.6892315745353699, -0.0021262275986373425, 0.5438315272331238, 0.6350820064544678, -0.009930831380188465, 0.564692497253418, 0.5706714391708374, -0.01589321717619896, 0.5614429712295532, 0.5147768259048462, -0.025288980454206467, 0.5462054014205933, 0.6285568475723267, -0.042449962347745895, 0.5735352039337158, 0.5776207447052002, -0.060735203325748444, 0.5877204537391663, 0.5333337783813477, -0.07017961144447327, 0.5926723480224609, 0.4986131191253662, -0.07603093981742859, 0.5218279361724854, 0.5964623689651489, -0.04876203462481499, 0.5388780236244202, 0.49374058842658997, -0.0660710409283638, 0.538821280002594, 0.4565103352069855, -0.07088819891214371, 0.5312278866767883, 0.44562774896621704, -0.07306177914142609, 0.4930252730846405, 0.5768380761146545, -0.052767638117074966, 0.5012204051017761, 0.4745829999446869, -0.06860028207302094, 0.49971139430999756, 0.4313201308250427, -0.07287850975990295, 0.4933440387248993, 0.4074914753437042, -0.07480858266353607, 0.4663845896720886, 0.572355329990387, -0.05502747371792793, 0.45842552185058594, 0.5027550458908081, -0.0698569118976593, 0.4485210180282593, 0.46831944584846497, -0.07399695366621017, 0.43801069259643555, 0.4445101022720337, -0.07544496655464172]"
[],"[0.6143640279769897, 0.8698374032974243, 2.5680357396140607e-08, 0.5754438638687134, 0.858281135559082, -0.023191509768366814, 0.5400060415267944, 0.7916116714477539, -0.027598155662417412, 0.5143701434135437, 0.7146663069725037, -0.031927939504384995, 0.49821436405181885, 0.6446305513381958, -0.035273145884275436, 0.539104163646698, 0.6983620524406433, 0.011435373686254025, 0.4963059425354004, 0.6126728653907776, 0.0008382765809074044, 0.4606965184211731, 0.5507687926292419, -0.009741678833961487, 0.4357771873474121, 0.5085210204124451, -0.0182644035667181, 0.5535924434661865, 0.670940101146698, 0.011456100270152092, 0.49885082244873047, 0.587291419506073, -0.0004955192562192678, 0.4565909802913666, 0.5266713500022888, -0.016003170982003212, 0.4254116415977478, 0.4822259545326233, -0.02638574130833149, 0.5763662457466125, 0.6524693965911865, 0.005918521899729967, 0.5209112167358398, 0.5738359093666077, -0.013418582268059254, 0.4780188798904419, 0.5220407247543335, -0.02750026248395443, 0.44642511010169983, 0.48043131828308105, -0.03474975749850273, 0.6079457402229309, 0.6431182026863098, -0.0024326953571289778, 0.5761570930480957, 0.5762674808502197, -0.023104850202798843, 0.553784191608429, 0.5351099967956543, -0.03161199390888214, 0.5352224707603455, 0.5021119117736816, -0.03486901894211769]"
[],"[0.39994344115257263, 0.8947418928146362, 7.500244314506688e-10, 0.498337984085083, 0.8328759670257568, -0.026922209188342094, 0.5460888147354126, 0.7312783002853394, -0.03273706138134003, 0.5658110976219177, 0.655769944190979, -0.03344306722283363, 0.5780043005943298, 0.5898215770721436, -0.030556300655007362, 0.43819954991340637, 0.5625932216644287, -0.018059412017464638, 0.5073387622833252, 0.5412963032722473, -0.02577645517885685, 0.5537797212600708, 0.5878528356552124, -0.035201843827962875, 0.575869083404541, 0.6325073838233948, -0.04068487137556076, 0.39781686663627625, 0.571607232093811, -0.006998443976044655, 0.4718466103076935, 0.5384324193000793, -0.011198533698916435, 0.5210193395614624, 0.581184446811676, -0.01601317524909973, 0.5453841686248779, 0.6350775957107544, -0.018774952739477158, 0.3766070306301117, 0.6071377992630005, 0.002610228955745697, 0.4396565556526184, 0.5698808431625366, -0.005997175816446543, 0.49068164825439453, 0.6038385033607483, -0.00963612925261259, 0.5200029611587524, 0.6502585411071777, -0.010108239017426968, 0.3706386387348175, 0.6554177403450012, 0.010317984037101269, 0.4204012155532837, 0.6240450143814087, 3.190076313330792e-05, 0.46145230531692505, 0.6393998861312866, 0.000222923350520432, 0.4879303574562073, 0.6699007153511047, 0.0042382110841572285]"
[],"[0.607251763343811, 0.9108608961105347, -1.564676352927563e-07, 0.5455601811408997, 0.873279869556427, -0.008445562794804573, 0.51021409034729, 0.7891279458999634, -0.00877268984913826, 0.49937403202056885, 0.7097676992416382, -0.012713221833109856, 0.4946349263191223, 0.6354985237121582, -0.01718231849372387, 0.5186267495155334, 0.7184262275695801, 0.02070017345249653, 0.4821583032608032, 0.6388499736785889, 0.007349735591560602, 0.4468374252319336, 0.5816290974617004, -0.007656680420041084, 0.4206859767436981, 0.5416808128356934, -0.019600769504904747, 0.5528237819671631, 0.6916583180427551, 0.009768337942659855, 0.5040507316589355, 0.6067949533462524, -0.003875061636790633, 0.45794761180877686, 0.5439375638961792, -0.022763745859265327, 0.41791465878486633, 0.5001158714294434, -0.036658160388469696, 0.5945227742195129, 0.6766760945320129, -0.005556782241910696, 0.5416465401649475, 0.5845770835876465, -0.026005122810602188, 0.5019325017929077, 0.5283156633377075, -0.039294641464948654, 0.4705999195575714, 0.4803158938884735, -0.047152191400527954, 0.6405509114265442, 0.670214831829071, -0.022759603336453438, 0.6162590980529785, 0.588744044303894, -0.04343948885798454, 0.6037564277648926, 0.5362682342529297, -0.04936360940337181, 0.591315746307373, 0.49250856041908264, -0.051893748342990875]"
[],"[0.6114792227745056, 0.9041099548339844, -6.505516125798749e-08, 0.5770710110664368, 0.835208535194397, -0.011602972634136677, 0.5580456852912903, 0.7303480505943298, -0.012873844243586063, 0.5564911961555481, 0.6374948024749756, -0.016949601471424103, 0.5599491596221924, 0.5591679811477661, -0.02071274071931839, 0.5310273766517639, 0.7027103304862976, 0.019931770861148834, 0.4937323331832886, 0.6162596940994263, 0.004272925667464733, 0.4584903419017792, 0.5570364594459534, -0.012328785844147205, 0.43097245693206787, 0.5137990713119507, -0.02505827322602272, 0.5493709444999695, 0.6921471953392029, 0.011821778491139412, 0.5020382404327393, 0.6081879138946533, -0.00417925463989377, 0.45733433961868286, 0.5432927012443542, -0.024093488231301308, 0.4183063507080078, 0.49301373958587646, -0.03835597634315491, 0.5775877833366394, 0.6892027258872986, -0.0008405321277678013, 0.5258768200874329, 0.601008951663971, -0.021155279129743576, 0.48638206720352173, 0.5446618795394897, -0.03234228864312172, 0.4545067250728607, 0.4927498698234558, -0.03876267373561859, 0.6143271923065186, 0.6913056969642639, -0.015840871259570122, 0.5828997492790222, 0.613968014717102, -0.03452686220407486, 0.5603170394897461, 0.5633803606033325, -0.03828280046582222, 0.5384813547134399, 0.5168306827545166, -0.03943881019949913]"
[],"[0.39319899678230286, 0.828330934047699, 1.538207214935028e-07, 0.4724021852016449, 0.7846987247467041, -0.01445389911532402, 0.5268621444702148, 0.6964475512504578, -0.01644202508032322, 0.5685106515884399, 0.6224669814109802, -0.016929011791944504, 0.5981658101081848, 0.5692408084869385, -0.014181102626025677, 0.4767583906650543, 0.5452191829681396, 0.003018805058673024, 0.539976954460144, 0.4710940718650818, -0.0069444128312170506, 0.5710740685462952, 0.4740043580532074, -0.01852276921272278, 0.5850980281829834, 0.48354312777519226, -0.024160416796803474, 0.4480339586734772, 0.5214613080024719, 0.00767599418759346, 0.49600228667259216, 0.40990912914276123, 0.0015322738327085972, 0.5187580585479736, 0.3696369230747223, -0.006792118307203054, 0.5266463756561279, 0.3482748866081238, -0.010271518491208553, 0.4255935251712799, 0.5159777402877808, 0.009940222837030888, 0.45110073685646057, 0.4020513594150543, 0.005849649664014578, 0.4597151279449463, 0.3530597388744354, 0.001776961493305862, 0.4574196934700012, 0.32274186611175537, 0.0011606558691710234, 0.412233829498291, 0.5265098214149475, 0.010526391677558422, 0.41955864429473877, 0.4372675120830536, 0.012383014895021915, 0.4229285418987274, 0.3899950683116913, 0.016681138426065445, 0.42109403014183044, 0.3575860559940338, 0.021970434114336967]"
[],"[0.37583446502685547, 0.7963128089904785, -8.630817172061711e-10, 0.4489714801311493, 0.7641889452934265, -0.04055773839354515, 0.5046008825302124, 0.6748117208480835, -0.04910572990775108, 0.54592365026474, 0.5876586437225342, -0.049821171909570694, 0.5715925693511963, 0.5211851596832275, -0.04584427922964096, 0.47890111804008484, 0.5107078552246094, -0.018001321703195572, 0.5361944437026978, 0.4278392195701599, -0.027988150715827942, 0.5493818521499634, 0.41507962346076965, -0.04081881418824196, 0.5465172529220581, 0.41346195340156555, -0.048010505735874176, 0.44545507431030273, 0.49160459637641907, 0.0022368873469531536, 0.47583770751953125, 0.3863471746444702, -0.0034755116794258356, 0.4680398404598236, 0.34932565689086914, -0.01422839891165495, 0.4459892809391022, 0.33658403158187866, -0.020600002259016037, 0.41731974482536316, 0.4938739538192749, 0.018482668325304985, 0.43541932106018066, 0.3926757276058197, 0.012415924109518528, 0.42310938239097595, 0.35829898715019226, 0.004095759242773056, 0.4006972908973694, 0.34578973054885864, 0.00046801663120277226, 0.3977099359035492, 0.5112637281417847, 0.03152847662568092, 0.4028163254261017, 0.4343443512916565, 0.028440896421670914, 0.3953852355480194, 0.3979717493057251, 0.02614547684788704, 0.3811510503292084, 0.37600865960121155, 0.027057142928242683]"
[],"[0.37475281953811646, 0.7997866868972778, 3.248220181717443e-08, 0.448956698179245, 0.7667418122291565, -0.029973194003105164, 0.5040407180786133, 0.6769406795501709, -0.03649235889315605, 0.5466880202293396, 0.5901423692703247, -0.03748583793640137, 0.5729577541351318, 0.5274147987365723, -0.034113120287656784, 0.4739909768104553, 0.51518714427948, -0.013744794763624668, 0.5411784648895264, 0.44325920939445496, -0.024745319038629532, 0.561953604221344, 0.44072413444519043, -0.036773424595594406, 0.5638473629951477, 0.442020058631897, -0.04326566308736801, 0.44161462783813477, 0.49175402522087097, -0.00016691218479536474, 0.4859357476234436, 0.39163103699684143, -0.006618857383728027, 0.49020883440971375, 0.35598593950271606, -0.01439773477613926, 0.4768582582473755, 0.34089958667755127, -0.018352730199694633, 0.4141860604286194, 0.4915814697742462, 0.010262474417686462, 0.43996402621269226, 0.3932236433029175, 0.0038983814883977175, 0.4359995126724243, 0.3592071831226349, -0.0004296633414924145, 0.41848015785217285, 0.3452865779399872, -0.001038221875205636, 0.39557549357414246, 0.5078715682029724, 0.01819339580833912, 0.40577220916748047, 0.4332199692726135, 0.016311198472976685, 0.40389305353164673, 0.3988926410675049, 0.017778845503926277, 0.39307355880737305, 0.37939417362213135, 0.02155524119734764]"
"[0.6134294271469116, 0.6452279686927795, 2.652689943261066e-07, 0.6227008104324341, 0.5353430509567261, -0.02337491884827614, 0.5968905687332153, 0.4258122742176056, -0.023023637011647224, 0.5581957697868347, 0.3492867350578308, -0.022463349625468254, 0.5347840189933777, 0.28934651613235474, -0.02128327451646328, 0.5355657339096069, 0.4418931305408478, 0.022968586534261703, 0.4791761040687561, 0.38902223110198975, 0.01435695681720972, 0.4365081191062927, 0.362811803817749, 0.0011117685353383422, 0.40430694818496704, 0.3461829423904419, -0.009716670960187912, 0.510812520980835, 0.48217591643333435, 0.02499963529407978, 0.44935551285743713, 0.4294431209564209, 0.01431413646787405, 0.4003874361515045, 0.39463314414024353, -0.006373606156557798, 0.3608192503452301, 0.3724590241909027, -0.021161358803510666, 0.49827635288238525, 0.5221036672592163, 0.02108786441385746, 0.4368557333946228, 0.465349406003952, 0.0015877030091360211, 0.39480122923851013, 0.43308204412460327, -0.016871586441993713, 0.36019039154052734, 0.4089086651802063, -0.02734212577342987, 0.4948394000530243, 0.5635491609573364, 0.01485512126237154, 0.45181193947792053, 0.522060215473175, -0.005431081634014845, 0.4240576922893524, 0.5007914304733276, -0.016405673697590828, 0.4004460871219635, 0.4815514087677002, -0.022296573966741562]",[]
"[0.6134433150291443, 0.636951208114624, 2.509823957552726e-07, 0.6317095756530762, 0.5302322506904602, -0.029306065291166306, 0.6072234511375427, 0.4180349111557007, -0.0331219919025898, 0.5654675960540771, 0.3445110023021698, -0.03449127450585365, 0.54417484998703, 0.2801814675331116, -0.035334572196006775, 0.5290751457214355, 0.40847527980804443, 0.0030681127682328224, 0.47265467047691345, 0.35698288679122925, -0.010838736779987812, 0.4307812452316284, 0.33480119705200195, -0.026778070256114006, 0.3967805802822113, 0.31881049275398254, -0.03872554749250412, 0.5016254782676697, 0.456243634223938, 0.008474308997392654, 0.4414399266242981, 0.4043235778808594, -0.005090795923024416, 0.3956283628940582, 0.37117838859558105, -0.024199217557907104, 0.3576260805130005, 0.3466429114341736, -0.03817605972290039, 0.4867563843727112, 0.5083069801330566, 0.008370289579033852, 0.4282914996147156, 0.45992401242256165, -0.010306297801434994, 0.3934822976589203, 0.43434035778045654, -0.025438431650400162, 0.3636022210121155, 0.413348525762558, -0.034169554710388184, 0.48031172156333923, 0.5670525431632996, 0.005455599632114172, 0.4359637498855591, 0.5279592275619507, -0.013044117949903011, 0.4109092652797699, 0.507777750492096, -0.0224984809756279, 0.3879448175430298, 0.48853662610054016, -0.02744283899664879]",[]
"[0.6129595637321472, 0.6297580599784851, 2.0673849121521926e-07, 0.6364812850952148, 0.5223250389099121, -0.03002629242837429, 0.6128615140914917, 0.40991833806037903, -0.03457168862223625, 0.5712963938713074, 0.3342074751853943, -0.034848403185606, 0.5481926798820496, 0.2687438130378723, -0.03431236743927002, 0.5320795178413391, 0.3957275152206421, -0.007631391752511263, 0.469296395778656, 0.3423515558242798, -0.01961357146501541, 0.4277114272117615, 0.3197595179080963, -0.03231611102819443, 0.3944796919822693, 0.30429524183273315, -0.04168510437011719, 0.5041610598564148, 0.44251859188079834, 0.0005669714882969856, 0.43762433528900146, 0.38920146226882935, -0.010291626676917076, 0.3917195200920105, 0.35477134585380554, -0.025492040440440178, 0.35450321435928345, 0.3296760022640228, -0.036913905292749405, 0.48866182565689087, 0.49446555972099304, 0.0043798028491437435, 0.42668142914772034, 0.44483304023742676, -0.010035371407866478, 0.38973891735076904, 0.41465750336647034, -0.02332490310072899, 0.35826921463012695, 0.3872085511684418, -0.03167906403541565, 0.4822492003440857, 0.5502413511276245, 0.005702477414160967, 0.43406999111175537, 0.5108822584152222, -0.009970486164093018, 0.40711838006973267, 0.4867804944515228, -0.018555814400315285, 0.38258853554725647, 0.46212539076805115, -0.0231570303440094]",[]
[],"[0.4700986444950104, 0.6922960877418518, 2.4447981417097253e-08, 0.5167497396469116, 0.6832488775253296, 0.0042016333900392056, 0.550324022769928, 0.6386798024177551, -4.41330557805486e-05, 0.5729389786720276, 0.5852428674697876, -0.0032046055421233177, 0.576469898223877, 0.5409965515136719, -0.007628400344401598, 0.5469858050346375, 0.6135319471359253, -0.033195365220308304, 0.5696602463722229, 0.536232590675354, -0.04273507371544838, 0.5781877636909485, 0.5258024334907532, -0.042133182287216187, 0.5766280293464661, 0.527868390083313, -0.04004712775349617, 0.5192941427230835, 0.5813153982162476, -0.03892771527171135, 0.5454755425453186, 0.48060959577560425, -0.0475010946393013, 0.5533059239387512, 0.4892652630805969, -0.04372728243470192, 0.5463115572929382, 0.5188585519790649, -0.03966355696320534, 0.4905852973461151, 0.5640270709991455, -0.04191826283931732, 0.5117052793502808, 0.4694761633872986, -0.046833205968141556, 0.5218709111213684, 0.47436633706092834, -0.04328431934118271, 0.5207352042198181, 0.4951822757720947, -0.04128511622548103, 0.465223103761673, 0.5607767105102539, -0.04329340532422066, 0.4575551152229309, 0.4979032576084137, -0.0518164336681366, 0.45444440841674805, 0.4742380976676941, -0.05525285750627518, 0.44811275601387024, 0.458734929561615, -0.05663449317216873]"
"[0.6111822128295898, 0.6082795858383179, 2.1812554962252761e-07, 0.6329926252365112, 0.5128303170204163, -0.0312512144446373, 0.6091217994689941, 0.40616923570632935, -0.038326017558574677, 0.5702648758888245, 0.3318953812122345, -0.04161298647522926, 0.5517864227294922, 0.26416367292404175, -0.04442454129457474, 0.5308638215065002, 0.38665297627449036, -0.013461743481457233, 0.4712819457054138, 0.33711570501327515, -0.029591264203190804, 0.42971348762512207, 0.314563512802124, -0.044262755662202835, 0.395771861076355, 0.29703646898269653, -0.05512067675590515, 0.5051774978637695, 0.4287005364894867, -0.007535533048212528, 0.44164198637008667, 0.37979039549827576, -0.023443205282092094, 0.39497676491737366, 0.3483136296272278, -0.04094944894313812, 0.3558752238750458, 0.32200151681900024, -0.05363539606332779, 0.49103477597236633, 0.4776913523674011, -0.006051274947822094, 0.43257206678390503, 0.4316426217556, -0.024295050650835037, 0.395231693983078, 0.4053047299385071, -0.03934750333428383, 0.36218470335006714, 0.38107991218566895, -0.04860268905758858, 0.48458585143089294, 0.5323089957237244, -0.007227845024317503, 0.4389144778251648, 0.497821569442749, -0.02561700902879238, 0.41183793544769287, 0.4766484200954437, -0.03635898977518082, 0.38637876510620117, 0.4560483694076538, -0.04228874295949936]",[]
"[0.6123661398887634, 0.6091955900192261, 2.3271013560588472e-07, 0.6338618993759155, 0.5141542553901672, -0.031536344438791275, 0.6087610721588135, 0.40790772438049316, -0.03845641016960144, 0.5691516399383545, 0.332993745803833, -0.041554804891347885, 0.5505066514015198, 0.26478835940361023, -0.04408683255314827, 0.5304186344146729, 0.3865821063518524, -0.011688816361129284, 0.47139137983322144, 0.33757781982421875, -0.026427432894706726, 0.42981842160224915, 0.3150031566619873, -0.04035218060016632, 0.3961913287639618, 0.2972351908683777, -0.0509350560605526, 0.504482090473175, 0.4289378821849823, -0.005504300352185965, 0.4415324330329895, 0.37975114583969116, -0.019986210390925407, 0.3949134647846222, 0.3482896089553833, -0.036759164184331894, 0.355856716632843, 0.3222178518772125, -0.04902731999754906, 0.49005600810050964, 0.47857046127319336, -0.0039170910604298115, 0.43160736560821533, 0.43182700872421265, -0.02134239301085472, 0.394986629486084, 0.40523090958595276, -0.0362824983894825, 0.36257460713386536, 0.38148263096809387, -0.04557716101408005, 0.48330795764923096, 0.5342423915863037, -0.005051256623119116, 0.4379656910896301, 0.500180721282959, -0.023069273680448532, 0.41128408908843994, 0.47957026958465576, -0.033854465931653976, 0.38633808493614197, 0.45947927236557007, -0.03989430516958237]",[]
"[0.6136312484741211, 0.6158771514892578, 2.2633726359799766e-07, 0.6323038339614868, 0.5201370120048523, -0.027962448075413704, 0.6079024076461792, 0.41381561756134033, -0.03165259212255478, 0.5688470602035522, 0.33699822425842285, -0.033279966562986374, 0.5471421480178833, 0.271502822637558, -0.033870816230773926, 0.5236929059028625, 0.39247846603393555, 0.004391790367662907, 0.47019609808921814, 0.3444761633872986, -0.008192747831344604, 0.43249931931495667, 0.3215492069721222, -0.022740401327610016, 0.3998597264289856, 0.3044215142726898, -0.0335775725543499, 0.49371907114982605, 0.43598607182502747, 0.0091694425791502, 0.436042845249176, 0.38389351963996887, -0.0015579542377963662, 0.3953642249107361, 0.3525826334953308, -0.0169183649122715, 0.358905553817749, 0.32376033067703247, -0.02840435691177845, 0.4749933183193207, 0.48318761587142944, 0.008347830735147, 0.42096054553985596, 0.43120989203453064, -0.006721160374581814, 0.3907111883163452, 0.4007890224456787, -0.018686659634113312, 0.36195865273475647, 0.37250953912734985, -0.025818901136517525, 0.46482670307159424, 0.534421443939209, 0.004503555130213499, 0.4223547577857971, 0.4897349178791046, -0.010442922823131084, 0.40045827627182007, 0.46512794494628906, -0.017427489161491394, 0.3795899748802185, 0.44181743264198303, -0.020772360265254974]",[]
"[0.6114502549171448, 0.6242275238037109, 1.4714169083163142e-07, 0.629351019859314, 0.5212197303771973, -0.024770202115178108, 0.6077830791473389, 0.4174686074256897, -0.02642481029033661, 0.5677834153175354, 0.34321528673171997, -0.02650688961148262, 0.5457325577735901, 0.27868014574050903, -0.025925790891051292, 0.5259004831314087, 0.39503440260887146, 0.012133508920669556, 0.4704607129096985, 0.34882035851478577, 0.0011200042208656669, 0.4331910014152527, 0.32882118225097656, -0.014718580059707165, 0.39831894636154175, 0.3108192980289459, -0.026761939749121666, 0.4951940178871155, 0.4310974180698395, 0.016299130395054817, 0.4367233216762543, 0.3839558959007263, 0.006360479164868593, 0.397721529006958, 0.3581877648830414, -0.011808104813098907, 0.3637206554412842, 0.3335016071796417, -0.025485187768936157, 0.4771846532821655, 0.469772607088089, 0.015085207298398018, 0.4225383400917053, 0.42289888858795166, 0.0012940085725858808, 0.3889193832874298, 0.396558552980423, -0.01302901841700077, 0.3594992160797119, 0.37026840448379517, -0.021876491606235504, 0.4696591794490814, 0.5119049549102783, 0.011105739511549473, 0.4276512563228607, 0.46953633427619934, -0.001776185818016529, 0.40242326259613037, 0.4490949511528015, -0.00849942583590746, 0.3799560070037842, 0.4259367883205414, -0.011926049366593361]",[]
"[0.611091673374176, 0.6460055112838745, 9.439256132282026e-08, 0.6216099858283997, 0.5455557703971863, -0.01816072128713131, 0.5975165367126465, 0.4356493353843689, -0.019374797120690346, 0.5681514143943787, 0.3521726131439209, -0.020364675670862198, 0.546879231929779, 0.29157090187072754, -0.02105657570064068, 0.535330057144165, 0.41576236486434937, 0.002682833932340145, 0.47913163900375366, 0.36496269702911377, -0.012284655123949051, 0.43938320875167847, 0.34264707565307617, -0.027651377022266388, 0.403203547000885, 0.32348793745040894, -0.039496149867773056, 0.5119351148605347, 0.45194369554519653, 0.001524103689007461, 0.44942402839660645, 0.40552574396133423, -0.016080006957054138, 0.40360987186431885, 0.37415534257888794, -0.03676057606935501, 0.3612021207809448, 0.34514835476875305, -0.05192892253398895, 0.49965229630470276, 0.4928562045097351, -0.0034630275331437588, 0.44054365158081055, 0.450962096452713, -0.025230679661035538, 0.4023195803165436, 0.42214253544807434, -0.04179525375366211, 0.36643433570861816, 0.395151287317276, -0.05176500976085663, 0.4964609742164612, 0.5358796715736389, -0.010093141347169876, 0.45090800523757935, 0.49671757221221924, -0.0297392625361681, 0.4245172142982483, 0.47086918354034424, -0.040109969675540924, 0.4004465937614441, 0.44331565499305725, -0.04646657407283783]",[]
"[0.6117476224899292, 0.639899492263794, 1.9714912014023867e-07, 0.6278373003005981, 0.5407055020332336, -0.027590660378336906, 0.6000871062278748, 0.43585461378097534, -0.033964309841394424, 0.5604344010353088, 0.3675222098827362, -0.03703635185956955, 0.5418386459350586, 0.3078656792640686, -0.04051069915294647, 0.5452748537063599, 0.4362878203392029, -0.018882334232330322, 0.48538848757743835, 0.38506966829299927, -0.03755291551351547, 0.4391271471977234, 0.3579874336719513, -0.05253411456942558, 0.4010765552520752, 0.34086063504219055, -0.06369337439537048, 0.5189234614372253, 0.4769819378852844, -0.014925758354365826, 0.45518139004707336, 0.4266308546066284, -0.03629698231816292, 0.4073691964149475, 0.39457836747169495, -0.05578802525997162, 0.3664453625679016, 0.3705914616584778, -0.06872838735580444, 0.5038668513298035, 0.5197626352310181, -0.014204607345163822, 0.4436103403568268, 0.4703527092933655, -0.0379142165184021, 0.4036054313182831, 0.44094353914260864, -0.05426720902323723, 0.36886274814605713, 0.4190773367881775, -0.06298340857028961, 0.4971940517425537, 0.5654196739196777, -0.015300450846552849, 0.45049166679382324, 0.5245814323425293, -0.03723330423235893, 0.4217880368232727, 0.5003300905227661, -0.04874404892325401, 0.3961808681488037, 0.4792898893356323, -0.05468884855508804]",[]
"[0.6117160320281982, 0.6413753628730774, 2.1031898711498798e-07, 0.6261858940124512, 0.5418063402175903, -0.025260234251618385, 0.5987421274185181, 0.43709227442741394, -0.030923351645469666, 0.5597984194755554, 0.369787335395813, -0.03387604281306267, 0.541129469871521, 0.3117893934249878, -0.03735106810927391, 0.5445095300674438, 0.4410841166973114, -0.01650722697377205, 0.48519930243492126, 0.38919705152511597, -0.034486278891563416, 0.44004175066947937, 0.360513836145401, -0.04906579107046127, 0.4027901887893677, 0.3418949246406555, -0.06005411222577095, 0.5183051824569702, 0.4811314344406128, -0.013893784023821354, 0.4553162455558777, 0.4286888539791107, -0.03513112664222717, 0.407953679561615, 0.3948730230331421, -0.05481530725955963, 0.3672593832015991, 0.3696475028991699, -0.06784029304981232, 0.5033384561538696, 0.5230287909507751, -0.014291560277342796, 0.4434041976928711, 0.47114503383636475, -0.03787059336900711, 0.4036029577255249, 0.43919461965560913, -0.054446663707494736, 0.36942195892333984, 0.4155969023704529, -0.06331653892993927, 0.496561735868454, 0.568000316619873, -0.016271740198135376, 0.4495871663093567, 0.5264298319816589, -0.037856027483940125, 0.4211515188217163, 0.5016255378723145, -0.04905782267451286, 0.39632460474967957, 0.48020392656326294, -0.05484588071703911]",[]
"[0.6237594485282898, 0.6514674425125122, 3.015638583292457e-07, 0.6351041197776794, 0.5415844917297363, -0.030139204114675522, 0.6075892448425293, 0.43424084782600403, -0.03441140428185463, 0.5665205717086792, 0.36252638697624207, -0.03663121163845062, 0.5436391234397888, 0.2990065813064575, -0.038736335933208466, 0.5418561697006226, 0.43749096989631653, 0.004144961480051279, 0.48722782731056213, 0.38104966282844543, -0.009514106437563896, 0.44408246874809265, 0.3524596691131592, -0.025493133813142776, 0.408321738243103, 0.3328841030597687, -0.03785587102174759, 0.514471709728241, 0.48446565866470337, 0.008015085943043232, 0.4572880268096924, 0.42445483803749084, -0.004779293667525053, 0.411434143781662, 0.3904706835746765, -0.024587856605648994, 0.3732949495315552, 0.36795854568481445, -0.038947995752096176, 0.49988988041877747, 0.5364229083061218, 0.006434015464037657, 0.4443429410457611, 0.4862120747566223, -0.011694937944412231, 0.40836101770401, 0.45740193128585815, -0.026873882859945297, 0.37811189889907837, 0.43350258469581604, -0.03600731119513512, 0.49352848529815674, 0.5968818068504333, 0.0017972288187593222, 0.4531581401824951, 0.5639046430587769, -0.016614172607660294, 0.42736899852752686, 0.5444619655609131, -0.02516803704202175, 0.40446823835372925, 0.5270514488220215, -0.029657086357474327]",[]
"[0.6153144240379333, 0.6408342719078064, 1.8737190998763253e-07, 0.6386054754257202, 0.5389091968536377, -0.03208114206790924, 0.6157234907150269, 0.42636314034461975, -0.039018064737319946, 0.5745039582252502, 0.3520941734313965, -0.04198421165347099, 0.5527689456939697, 0.2872118055820465, -0.04505918174982071, 0.5386456847190857, 0.4129069447517395, -0.013726983219385147, 0.482221394777298, 0.35654810070991516, -0.032154232263565063, 0.4393770694732666, 0.33243298530578613, -0.050377629697322845, 0.40442168712615967, 0.3194766342639923, -0.0631711333990097, 0.5111356377601624, 0.4593689739704132, -0.007161277346313, 0.4526507258415222, 0.4033004641532898, -0.023134427145123482, 0.40636003017425537, 0.3721121549606323, -0.042451538145542145, 0.36722320318222046, 0.35208743810653687, -0.05650554969906807, 0.4962635338306427, 0.511102020740509, -0.004962419159710407, 0.44121673703193665, 0.4591754078865051, -0.02292792499065399, 0.40407416224479675, 0.43023762106895447, -0.037074584513902664, 0.37101006507873535, 0.4070240259170532, -0.04587237536907196, 0.48985573649406433, 0.5713585019111633, -0.005470697768032551, 0.4479126036167145, 0.5338841676712036, -0.02331717498600483, 0.4205856919288635, 0.5108403563499451, -0.03145025297999382, 0.39551258087158203, 0.4906625747680664, -0.03547440469264984]",[]
[],"[0.35492655634880066, 0.7429142594337463, 8.724766331624778e-08, 0.42686575651168823, 0.7079334259033203, 0.0061789327301084995, 0.4801783561706543, 0.6338002681732178, 0.009315237402915955, 0.5210179686546326, 0.578697919845581, 0.008234734646975994, 0.5420447587966919, 0.5395943522453308, 0.01006610132753849, 0.4295271635055542, 0.47636765241622925, 0.022332074120640755, 0.5063624382019043, 0.4486522376537323, 0.014425121247768402, 0.5406084656715393, 0.48268091678619385, 0.0021508585195988417, 0.5513516068458557, 0.5207628011703491, -0.004804807715117931, 0.41122865676879883, 0.45930013060569763, 0.014599050395190716, 0.4928746223449707, 0.42459961771965027, 0.01224120706319809, 0.5282116532325745, 0.4548340439796448, 0.00504180695861578, 0.541364312171936, 0.4900570511817932, 8.03351795184426e-05, 0.40184900164604187, 0.46798473596572876, 0.005600161384791136, 0.48218682408332825, 0.42750757932662964, 0.00448714941740036, 0.5166544914245605, 0.45910754799842834, 0.0037076480221003294, 0.5301693677902222, 0.49478667974472046, 0.0030243934597820044, 0.40196534991264343, 0.4927130937576294, -0.0038378427270799875, 0.46937471628189087, 0.4674097001552582, -0.0015686872648075223, 0.5009927749633789, 0.48928824067115784, 0.0045674629509449005, 0.5143661499023438, 0.5184085369110107, 0.009813610464334488]"
[],"[0.47348645329475403, 0.7133622169494629, -5.1303466364061023e-08, 0.5285741090774536, 0.6960236430168152, -0.0037540190387517214, 0.5674068331718445, 0.6195360422134399, -0.012475982308387756, 0.5978190302848816, 0.5313189029693604, -0.019616251811385155, 0.6199788451194763, 0.468601256608963, -0.02865351177752018, 0.5561755299568176, 0.6328920722007751, -0.048220954835414886, 0.5778402090072632, 0.555280864238739, -0.06886220723390579, 0.5791791081428528, 0.5406646132469177, -0.07422388345003128, 0.5724011659622192, 0.5426527261734009, -0.07582135498523712, 0.5271916389465332, 0.6106005311012268, -0.053458038717508316, 0.5472393035888672, 0.5171159505844116, -0.07562753558158875, 0.544572651386261, 0.499240517616272, -0.08012927323579788, 0.5344092845916748, 0.5033644437789917, -0.08246102184057236, 0.497252494096756, 0.5935444235801697, -0.05703065171837807, 0.511305570602417, 0.49838611483573914, -0.07532472163438797, 0.5041732788085938, 0.4660014808177948, -0.07850267738103867, 0.49188217520713806, 0.44757455587387085, -0.08056185394525528, 0.46975287795066833, 0.5860037803649902, -0.05884901434183121, 0.47125789523124695, 0.5148937702178955, -0.07524184137582779, 0.4633300006389618, 0.483987033367157, -0.08117776364088058, 0.4526158571243286, 0.45877695083618164, -0.08482099324464798]"
"[0.36656326055526733, 0.7745094895362854, 6.677132091681415e-08, 0.43755581974983215, 0.7487308382987976, -0.007444912102073431, 0.49219197034835815, 0.6815779209136963, -0.011529721319675446, 0.5238673090934753, 0.624552309513092, -0.017131397500634193, 0.5383468270301819, 0.5888148546218872, -0.01926243305206299, 0.4475055932998657, 0.4990027844905853, 0.005018012598156929, 0.5295422077178955, 0.48201295733451843, -0.00881295744329691, 0.566771388053894, 0.5211754441261292, -0.0242171473801136, 0.578183114528656, 0.5595365762710571, -0.032811328768730164, 0.4335462152957916, 0.4763476848602295, 0.0015793656930327415, 0.5188355445861816, 0.4435700476169586, -0.006338021717965603, 0.5571756958961487, 0.47476547956466675, -0.013622953556478024, 0.5712899565696716, 0.5129092335700989, -0.018038861453533173, 0.42786744236946106, 0.47780072689056396, -0.00411988003179431, 0.5110957026481628, 0.43340766429901123, -0.009902031160891056, 0.5478911995887756, 0.4635016918182373, -0.011037423275411129, 0.5631899237632751, 0.4996785521507263, -0.010799434967339039, 0.43123674392700195, 0.49650540947914124, -0.011489108204841614, 0.49980223178863525, 0.45951324701309204, -0.012381595559418201, 0.533454179763794, 0.47638577222824097, -0.006890949327498674, 0.5478899478912354, 0.5015287399291992, -0.0013610016321763396]","[0.6100831627845764, 0.6051120758056641, 1.9286940755591786e-07, 0.6360830068588257, 0.5122025609016418, -0.030367352068424225, 0.6221751570701599, 0.4011598229408264, -0.036654528230428696, 0.5862040519714355, 0.3195594251155853, -0.038993094116449356, 0.5691129565238953, 0.25452685356140137, -0.04117569327354431, 0.5495851635932922, 0.3764117658138275, -0.010614276863634586, 0.4920063614845276, 0.3200702667236328, -0.026331260800361633, 0.4511260688304901, 0.2936769127845764, -0.042229972779750824, 0.4164556860923767, 0.2733665704727173, -0.053930364549160004, 0.5187270641326904, 0.413086861371994, -0.004251721780747175, 0.4579731523990631, 0.35864850878715515, -0.020574985072016716, 0.4146078824996948, 0.32627859711647034, -0.040228769183158875, 0.37755781412124634, 0.29786574840545654, -0.05440240353345871, 0.4999837875366211, 0.4545386731624603, -0.0021558089647442102, 0.44469308853149414, 0.4008542001247406, -0.020585089921951294, 0.4065778851509094, 0.37029120326042175, -0.03756517171859741, 0.37321943044662476, 0.3429264724254608, -0.04791581630706787, 0.49162882566452026, 0.5006710290908813, -0.002496220637112856, 0.44773828983306885, 0.4542877972126007, -0.01942262426018715, 0.4204556345939636, 0.42861565947532654, -0.029966356232762337, 0.39595091342926025, 0.402809202671051, -0.03596135973930359]"
"[0.36380326747894287, 0.7765098810195923, 7.223030706882128e-08, 0.4350268840789795, 0.752192497253418, -0.00868229754269123, 0.4871799945831299, 0.685003399848938, -0.012423988431692123, 0.5138599276542664, 0.6255632638931274, -0.016948873177170753, 0.5231396555900574, 0.58845454454422, -0.01809358410537243, 0.44979482889175415, 0.500187337398529, 0.004551824647933245, 0.5298649072647095, 0.4865720868110657, -0.0071985176764428616, 0.5663434863090515, 0.5259951949119568, -0.021887602284550667, 0.5778750777244568, 0.5626838803291321, -0.030526719987392426, 0.43540486693382263, 0.47600939869880676, 0.00232331152074039, 0.518221378326416, 0.4448027014732361, -0.004045229405164719, 0.5570523142814636, 0.4759358763694763, -0.011537215672433376, 0.5724542140960693, 0.5151805281639099, -0.016238965094089508, 0.42843106389045715, 0.47787028551101685, -0.0020648506470024586, 0.5093380212783813, 0.43366023898124695, -0.006769938860088587, 0.5472960472106934, 0.4632508456707001, -0.009699954651296139, 0.5643887519836426, 0.4996088743209839, -0.010857608169317245, 0.42989498376846313, 0.49780330061912537, -0.008053429424762726, 0.4960833191871643, 0.4623315632343292, -0.008284885436296463, 0.5295096039772034, 0.4799865782260895, -0.0037814967799931765, 0.5443580746650696, 0.5060082674026489, 0.0009060173179022968]","[0.6107766628265381, 0.5953593254089355, 2.5659778657427523e-07, 0.6330668926239014, 0.5028268694877625, -0.03208191692829132, 0.6190138459205627, 0.3954734802246094, -0.0402674525976181, 0.5872876048088074, 0.31598252058029175, -0.04429971054196358, 0.5704193115234375, 0.2512061595916748, -0.048402339220047, 0.5445283055305481, 0.37516114115715027, -0.01668042317032814, 0.48695051670074463, 0.32088717818260193, -0.033507272601127625, 0.44687527418136597, 0.2943403720855713, -0.04935431480407715, 0.4132399559020996, 0.2729203701019287, -0.06107335910201073, 0.515470564365387, 0.41362568736076355, -0.010090261697769165, 0.4553191661834717, 0.36174067854881287, -0.02757727913558483, 0.41251665353775024, 0.32798293232917786, -0.046571891754865646, 0.3762935996055603, 0.29822033643722534, -0.06028531864285469, 0.4982355237007141, 0.45823177695274353, -0.007657011039555073, 0.4434721767902374, 0.40648266673088074, -0.026748280972242355, 0.40795108675956726, 0.37594470381736755, -0.042725544422864914, 0.3767666518688202, 0.3473699688911438, -0.05252150818705559, 0.49078142642974854, 0.5060241222381592, -0.007792015094310045, 0.4471774399280548, 0.4643212854862213, -0.025781739503145218, 0.4216090440750122, 0.44030648469924927, -0.03620311617851257, 0.3987775444984436, 0.41578784584999084, -0.04202856123447418]"
[],"[0.38989585638046265, 0.810854434967041, 1.8167085613640666e-07, 0.47193408012390137, 0.7804314494132996, -0.027292603626847267, 0.5363976359367371, 0.7082637548446655, -0.031877946108579636, 0.5800417065620422, 0.6396242380142212, -0.027211612090468407, 0.6034891605377197, 0.5857439637184143, -0.017094440758228302, 0.4703812599182129, 0.5359359383583069, -0.028780030086636543, 0.5540453195571899, 0.49923497438430786, -0.029147490859031677, 0.59162437915802, 0.537700355052948, -0.028966939076781273, 0.6057904362678528, 0.5729168057441711, -0.027732063084840775, 0.4406006336212158, 0.5055964589118958, -0.01178896427154541, 0.5300183296203613, 0.4655258059501648, -0.010507196187973022, 0.5706580877304077, 0.5058030486106873, -0.01128446590155363, 0.5857884883880615, 0.5498080849647522, -0.012243790552020073, 0.4231526255607605, 0.5027986168861389, 0.005149938631802797, 0.5017151832580566, 0.4535416066646576, 0.008521614596247673, 0.5411096215248108, 0.48915717005729675, 0.006704212632030249, 0.5581601858139038, 0.5337962508201599, 0.003866649465635419, 0.41438108682632446, 0.5138874053955078, 0.020293012261390686, 0.4623831510543823, 0.46150127053260803, 0.020534688606858253, 0.4934176802635193, 0.47495371103286743, 0.02039291150867939, 0.5119603276252747, 0.5022109150886536, 0.021515296772122383]"
"[0.6337759494781494, 0.6021836400032043, 3.2602608257548127e-07, 0.6431301832199097, 0.4943931996822357, -0.019301647320389748, 0.6186733841896057, 0.39333489537239075, -0.022027073428034782, 0.5846983194351196, 0.3184557557106018, -0.024510182440280914, 0.5663701295852661, 0.2545912265777588, -0.02640467882156372, 0.5388467907905579, 0.37010329961776733, 0.01323914434760809, 0.4869481027126312, 0.31923866271972656, 0.005254740826785564, 0.4528670310974121, 0.2960090637207031, -0.0073928991332650185, 0.4235929846763611, 0.2768697142601013, -0.01733381487429142, 0.5108585357666016, 0.4128574728965759, 0.013742785900831223, 0.4558820128440857, 0.3591693639755249, 0.008675236254930496, 0.419041246175766, 0.3275887966156006, -0.003908209502696991, 0.38666361570358276, 0.29744017124176025, -0.014140120707452297, 0.4943605661392212, 0.46335917711257935, 0.00935264490544796, 0.4437052011489868, 0.4121566414833069, 0.0008508692844770849, 0.41621845960617065, 0.3779604136943817, -0.007333952933549881, 0.3925626575946808, 0.3446081280708313, -0.013375062495470047, 0.4875006079673767, 0.5189666748046875, 0.002324630506336689, 0.4471338093280792, 0.4764678478240967, -0.006437133066356182, 0.4277198314666748, 0.4485490620136261, -0.008879602886736393, 0.4107724130153656, 0.41841256618499756, -0.010053535923361778]",[]
[],"[0.6300528645515442, 0.6512753367424011, 9.421297875178425e-08, 0.6323336362838745, 0.5378692746162415, -0.01422676257789135, 0.6111667156219482, 0.42695215344429016, -0.01412911619991064, 0.5876033306121826, 0.34024709463119507, -0.01635023206472397, 0.5657519102096558, 0.275777131319046, -0.01809914968907833, 0.547868549823761, 0.4052315354347229, 0.021300867199897766, 0.49369388818740845, 0.35136449337005615, 0.007635440677404404, 0.45716601610183716, 0.32598862051963806, -0.009767924435436726, 0.42426425218582153, 0.30253249406814575, -0.023225998505949974, 0.5220422148704529, 0.44003576040267944, 0.01718880422413349, 0.4639514088630676, 0.3911404013633728, 0.004037485923618078, 0.4245804250240326, 0.35776299238204956, -0.015890048816800117, 0.3887585401535034, 0.3250778913497925, -0.031316082924604416, 0.5079585313796997, 0.48003536462783813, 0.0077526988461613655, 0.451453298330307, 0.4306183457374573, -0.009174972772598267, 0.41964980959892273, 0.39796245098114014, -0.022616177797317505, 0.39067524671554565, 0.3671712875366211, -0.03163747861981392, 0.5052036643028259, 0.5232778191566467, -0.003971034195274115, 0.4620135724544525, 0.4846641421318054, -0.01915104128420353, 0.43826454877853394, 0.46386009454727173, -0.02529018558561802, 0.4158305525779724, 0.44184884428977966, -0.029143089428544044]"
[],"[0.6261290907859802, 0.6866305470466614, -1.0207944001194846e-07, 0.5823894739151001, 0.6597779989242554, -0.02032552845776081, 0.549340009689331, 0.576383113861084, -0.026761576533317566, 0.5357109308242798, 0.4893568754196167, -0.03285699710249901, 0.525170087814331, 0.4241727888584137, -0.037702661007642746, 0.5380806922912598, 0.5024291276931763, -0.0038204072043299675, 0.48570066690444946, 0.4438052773475647, -0.024803154170513153, 0.443757563829422, 0.42165055871009827, -0.043390095233917236, 0.40929073095321655, 0.41129541397094727, -0.05575525388121605, 0.5437737703323364, 0.4819818139076233, -0.007053094450384378, 0.48553332686424255, 0.41509997844696045, -0.02601146325469017, 0.4393571615219116, 0.38594478368759155, -0.043365493416786194, 0.3976188600063324, 0.36772415041923523, -0.055063001811504364, 0.5609861016273499, 0.47335532307624817, -0.014814811758697033, 0.5034863948822021, 0.3985094130039215, -0.03670160099864006, 0.4638403654098511, 0.3682054877281189, -0.04821694269776344, 0.42722830176353455, 0.346677303314209, -0.054448679089546204, 0.5854461789131165, 0.47204726934432983, -0.02501692995429039, 0.5549188852310181, 0.3986343741416931, -0.0427783764898777, 0.5382331013679504, 0.3570472002029419, -0.0483061857521534, 0.5208914279937744, 0.32374557852745056, -0.05095124989748001]"
[],"[0.6232439875602722, 0.691325843334198, -5.085458809617194e-08, 0.5617881417274475, 0.6876587867736816, -0.010503921657800674, 0.5206202864646912, 0.6385800838470459, -0.017042070627212524, 0.5044134855270386, 0.5844159126281738, -0.026720920577645302, 0.49698013067245483, 0.5395016074180603, -0.03689723089337349, 0.5219756364822388, 0.5192492008209229, 0.005959751084446907, 0.47131508588790894, 0.4652963876724243, -0.012340810149908066, 0.43012291193008423, 0.4412934184074402, -0.029900137335062027, 0.3991702198982239, 0.4284874498844147, -0.0421174056828022, 0.5401572585105896, 0.4871367812156677, -0.004801119677722454, 0.4796721041202545, 0.42149680852890015, -0.02140423282980919, 0.434050589799881, 0.39079439640045166, -0.03895473852753639, 0.3946651816368103, 0.36971157789230347, -0.051007382571697235, 0.5693359375, 0.46585559844970703, -0.019606873393058777, 0.511038064956665, 0.3898935914039612, -0.041182741522789, 0.47083282470703125, 0.3571709990501404, -0.05495626851916313, 0.43578189611434937, 0.33354437351226807, -0.06261880695819855, 0.6059812307357788, 0.45388063788414, -0.03602411970496178, 0.5811476111412048, 0.37504541873931885, -0.05476589873433113, 0.5691996216773987, 0.3298088610172272, -0.061562567949295044, 0.5574806928634644, 0.2944870591163635, -0.0648421198129654]"
[],"[0.6179616451263428, 0.6941568851470947, 1.6782747991328506e-07, 0.6088468432426453, 0.6059023141860962, -0.017711566761136055, 0.5819376111030579, 0.506000280380249, -0.017445726320147514, 0.5521987676620483, 0.4317486584186554, -0.017424892634153366, 0.5273672938346863, 0.38268551230430603, -0.0172636229544878, 0.5412585139274597, 0.4905758798122406, 0.010647479444742203, 0.49430757761001587, 0.4258216917514801, -0.0015695866895839572, 0.4578231871128082, 0.3941451609134674, -0.015405785292387009, 0.42768245935440063, 0.3721797466278076, -0.02585550770163536, 0.5245909690856934, 0.5176873207092285, 0.008979004807770252, 0.47828322649002075, 0.4482620358467102, -0.004102431703358889, 0.4383223354816437, 0.40979504585266113, -0.022089743986725807, 0.4036175608634949, 0.3829495906829834, -0.03426088020205498, 0.5190317034721375, 0.5489872097969055, 0.003164259484037757, 0.4717786908149719, 0.4777044951915741, -0.015113554894924164, 0.44129931926727295, 0.4400818347930908, -0.026967698708176613, 0.41530126333236694, 0.41083288192749023, -0.03292561694979668, 0.5203743577003479, 0.5839681625366211, -0.004655816592276096, 0.4898063838481903, 0.5268194675445557, -0.02117728814482689, 0.47509777545928955, 0.497219443321228, -0.025135282427072525, 0.46284323930740356, 0.4723827540874481, -0.026100248098373413]"
"[0.6268795728683472, 0.6906961798667908, 2.744095581874717e-07, 0.6468597650527954, 0.5886584520339966, -0.028895584866404533, 0.6240564584732056, 0.4759417772293091, -0.031825460493564606, 0.5860995054244995, 0.40333694219589233, -0.03249688073992729, 0.5645139813423157, 0.3437003195285797, -0.03273671120405197, 0.5506940484046936, 0.4628739058971405, 0.0012997221201658249, 0.4975202977657318, 0.40191587805747986, -0.01201450265944004, 0.45765236020088196, 0.36902379989624023, -0.02682061679661274, 0.42483243346214294, 0.34623488783836365, -0.03829638659954071, 0.5216720104217529, 0.5062265992164612, 0.005341462790966034, 0.46929627656936646, 0.4388490617275238, -0.008160732686519623, 0.4297122359275818, 0.39764806628227234, -0.026271723210811615, 0.39712512493133545, 0.3686443865299225, -0.03893541172146797, 0.5055868625640869, 0.5560429692268372, 0.004132384900003672, 0.45282748341560364, 0.4915996789932251, -0.01606948859989643, 0.4216870665550232, 0.4547746777534485, -0.031305767595767975, 0.39551883935928345, 0.42581087350845337, -0.03974245488643646, 0.49712222814559937, 0.6139525771141052, 0.00033906460157595575, 0.4592999815940857, 0.5701655149459839, -0.020615598186850548, 0.4397589862346649, 0.5473593473434448, -0.029827618971467018, 0.42281678318977356, 0.5274584889411926, -0.034207534044981]",[]
[],"[0.3590843081474304, 0.7984111905097961, 4.5037765517008665e-08, 0.4341577887535095, 0.7602471709251404, -0.004481637850403786, 0.49072030186653137, 0.6820448637008667, -0.004843216389417648, 0.5278033018112183, 0.615645706653595, -0.006109592504799366, 0.5391902327537537, 0.5662504434585571, -0.0035425021778792143, 0.4295271933078766, 0.5082878470420837, 0.007749328855425119, 0.5074004530906677, 0.46540868282318115, -0.004148127045482397, 0.5472336411476135, 0.5001751780509949, -0.019163405522704124, 0.5617786645889282, 0.5410052537918091, -0.02703695371747017, 0.404842734336853, 0.49272069334983826, 0.00547869224101305, 0.4887640178203583, 0.43700364232063293, -0.0006260958034545183, 0.5312595367431641, 0.46681714057922363, -0.008995171636343002, 0.548428475856781, 0.5104026198387146, -0.013490657322108746, 0.39286530017852783, 0.5024287700653076, 0.0016889420803636312, 0.4696485698223114, 0.43754705786705017, -0.002396927447989583, 0.5115876197814941, 0.46127909421920776, -0.005535518284887075, 0.5311685800552368, 0.5014918446540833, -0.006475426722317934, 0.3925222158432007, 0.5271528959274292, -0.003310389816761017, 0.45610183477401733, 0.48028215765953064, -0.004443668760359287, 0.4922660291194916, 0.4937952160835266, -0.0011374036548659205, 0.5116929411888123, 0.5226117968559265, 0.003333140630275011]"
"[0.5623891949653625, 0.6970195770263672, 2.969780723560689e-07, 0.5946425795555115, 0.6364978551864624, -0.029121117666363716, 0.6039555072784424, 0.554506242275238, -0.03945598378777504, 0.6064368486404419, 0.48152828216552734, -0.04662022739648819, 0.6272660493850708, 0.43264761567115784, -0.05277412757277489, 0.5372567772865295, 0.4846596419811249, -0.01467421930283308, 0.5159797072410583, 0.4104234576225281, -0.026389198377728462, 0.5006011128425598, 0.3662426769733429, -0.03747161105275154, 0.4870128929615021, 0.32954683899879456, -0.045764341950416565, 0.5108205676078796, 0.5000240802764893, -0.008040552027523518, 0.48650336265563965, 0.42171385884284973, -0.017892373725771904, 0.4702899754047394, 0.3696866035461426, -0.028220918029546738, 0.4572502374649048, 0.3256033658981323, -0.03561324253678322, 0.4908156096935272, 0.5283998250961304, -0.005118939559906721, 0.4677189886569977, 0.46102190017700195, -0.015132831409573555, 0.4550730884075165, 0.4184294044971466, -0.02337597869336605, 0.44533422589302063, 0.38098442554473877, -0.0286417193710804, 0.4759993553161621, 0.5671142935752869, -0.005241824313998222, 0.4543795883655548, 0.5252240896224976, -0.014164838008582592, 0.44226786494255066, 0.4976826608181, -0.018915627151727676, 0.43213021755218506, 0.4698948264122009, -0.02153576724231243]",[]
[],"[0.49359196424484253, 0.7026667594909668, -8.031980058831323e-08, 0.5500695705413818, 0.6806163191795349, -0.010337252169847488, 0.5883840918540955, 0.6002569794654846, -0.02053694985806942, 0.6149584650993347, 0.50669264793396, -0.026924284175038338, 0.6401301026344299, 0.44561266899108887, -0.033934079110622406, 0.564909815788269, 0.6284727454185486, -0.04646943882107735, 0.5804030895233154, 0.5448819994926453, -0.06202775239944458, 0.5783178210258484, 0.5382177233695984, -0.06344909965991974, 0.5697627067565918, 0.5446741580963135, -0.06237330660223961, 0.5315582156181335, 0.6061540246009827, -0.045691750943660736, 0.5473871827125549, 0.5141932368278503, -0.05952787026762962, 0.545883297920227, 0.5090124011039734, -0.059317782521247864, 0.5396278500556946, 0.5247220396995544, -0.059846725314855576, 0.5013980269432068, 0.5863470435142517, -0.043895173817873, 0.518730103969574, 0.4968562424182892, -0.05569497123360634, 0.517707347869873, 0.4864642918109894, -0.051848363131284714, 0.5137664079666138, 0.48838165402412415, -0.04993757605552673, 0.4777301549911499, 0.5745177865028381, -0.04114415869116783, 0.4872022569179535, 0.49646514654159546, -0.050895750522613525, 0.4857769310474396, 0.4841488003730774, -0.04909224808216095, 0.48208707571029663, 0.4810521602630615, -0.047665320336818695]"
[],"[0.3712047338485718, 0.8282440900802612, 1.4470683140643814e-07, 0.44318974018096924, 0.8050267100334167, -0.011881017126142979, 0.49766480922698975, 0.7277913093566895, -0.011491394601762295, 0.5282421112060547, 0.6614082455635071, -0.009821456857025623, 0.5401997566223145, 0.6182801127433777, -0.004457341507077217, 0.4557233154773712, 0.5643216967582703, 0.0035604997538030148, 0.5208508968353271, 0.5229792594909668, -0.0058444226160645485, 0.5563746094703674, 0.5384385585784912, -0.01823382079601288, 0.5748525857925415, 0.5556987524032593, -0.025415588170289993, 0.4305766820907593, 0.5360583066940308, 0.0063289315439760685, 0.49370959401130676, 0.47681933641433716, 0.002080750884488225, 0.5277708172798157, 0.4742767810821533, -0.003042926313355565, 0.5462592840194702, 0.47997230291366577, -0.005479815881699324, 0.41207262873649597, 0.5283176898956299, 0.006766175385564566, 0.46221357583999634, 0.45179009437561035, 0.004407387226819992, 0.4870566725730896, 0.4371650815010071, 0.004248706623911858, 0.4998825788497925, 0.430219441652298, 0.005577268078923225, 0.40252959728240967, 0.5370923280715942, 0.005213866010308266, 0.4403705894947052, 0.4707788825035095, 0.007459601853042841, 0.45904895663261414, 0.45098021626472473, 0.014383024536073208, 0.46684691309928894, 0.44403699040412903, 0.02131362073123455]"
[],"[0.3733503222465515, 0.8285455703735352, 1.4239786594316683e-07, 0.4471527636051178, 0.8046307563781738, -0.004067081958055496, 0.49902480840682983, 0.7264611721038818, -0.0010774211259558797, 0.5274801850318909, 0.6625528931617737, 0.0008487115846946836, 0.5374345183372498, 0.6180139780044556, 0.0059345792979002, 0.4561747908592224, 0.5632573366165161, 0.014697853475809097, 0.5186622142791748, 0.5188068747520447, 0.007185812573879957, 0.5547164678573608, 0.5309258103370667, -0.004626099485903978, 0.5737823247909546, 0.5481352210044861, -0.011756778694689274, 0.431998610496521, 0.5375387072563171, 0.012673132121562958, 0.493971049785614, 0.4756671190261841, 0.009914450347423553, 0.5283545851707458, 0.47237998247146606, 0.004652113188058138, 0.548221230506897, 0.4788816273212433, 0.001673361868597567, 0.4150330424308777, 0.5319772958755493, 0.008465276099741459, 0.4697912335395813, 0.4570009410381317, 0.006752287037670612, 0.49834495782852173, 0.44583120942115784, 0.0069193546660244465, 0.5145736336708069, 0.44260603189468384, 0.008008659817278385, 0.40721437335014343, 0.5429717302322388, 0.002736760536208749, 0.4538702666759491, 0.48559534549713135, 0.006028435193002224, 0.47888121008872986, 0.4748745262622833, 0.014017144218087196, 0.4918572008609772, 0.4757826626300812, 0.02125791646540165]"
[],"[0.3973141312599182, 0.8691074848175049, 3.185960508744756e-07, 0.4760589003562927, 0.8348935842514038, -0.024618832394480705, 0.5381636619567871, 0.7619785070419312, -0.025202199816703796, 0.5752707719802856, 0.6991567611694336, -0.0206525307148695, 0.5893726348876953, 0.6590536236763, -0.01185203343629837, 0.48485279083251953, 0.5865141749382019, 0.0012434243690222502, 0.5524579882621765, 0.5497066378593445, -0.0028562170919030905, 0.5882775187492371, 0.5722481608390808, -0.014134451746940613, 0.6046838760375977, 0.5869855880737305, -0.02045159786939621, 0.4550572335720062, 0.5704508423805237, 0.014432867988944054, 0.5119741559028625, 0.5061410069465637, 0.015096530318260193, 0.5422079563140869, 0.48929131031036377, 0.007690194062888622, 0.5512577891349792, 0.4866069555282593, 0.0043732402846217155, 0.4325942397117615, 0.5741589665412903, 0.02451959252357483, 0.45977675914764404, 0.48825541138648987, 0.024281902238726616, 0.4663558006286621, 0.4439128637313843, 0.017566172406077385, 0.45866072177886963, 0.41572460532188416, 0.015372859314084053, 0.4198322296142578, 0.5919466018676758, 0.03225143998861313, 0.4374488592147827, 0.5173590779304504, 0.03276912868022919, 0.4418882131576538, 0.4778364598751068, 0.034115999937057495, 0.43725335597991943, 0.44857996702194214, 0.0381426177918911]"
[],"[0.6448557376861572, 0.7085179686546326, 2.634012332691782e-07, 0.6632272601127625, 0.6143051385879517, -0.019899606704711914, 0.6477124094963074, 0.5041837692260742, -0.02334425412118435, 0.6171554923057556, 0.42094820737838745, -0.02583632618188858, 0.6015669703483582, 0.3540312647819519, -0.02761715278029442, 0.570170521736145, 0.4665922224521637, 0.004609984811395407, 0.5177517533302307, 0.4075946509838104, -0.006151972338557243, 0.4822983741760254, 0.3757813572883606, -0.01823633536696434, 0.45417213439941406, 0.3501672148704529, -0.02701662853360176, 0.5409153699874878, 0.5060818195343018, 0.0061696493066847324, 0.48472875356674194, 0.442992627620697, -0.0030761307571083307, 0.4474044442176819, 0.4041621685028076, -0.015042527578771114, 0.4172121584415436, 0.3702421188354492, -0.023574650287628174, 0.5204139947891235, 0.5513466000556946, 0.0035289668012410402, 0.46809831261634827, 0.492402046918869, -0.008413353934884071, 0.43807560205459595, 0.45438820123672485, -0.01617414690554142, 0.41421493887901306, 0.42161887884140015, -0.020451020449399948, 0.5069812536239624, 0.6046380400657654, -0.0014731519622728229, 0.4673048257827759, 0.5530162453651428, -0.01252229604870081, 0.44485926628112793, 0.5228165984153748, -0.015834659337997437, 0.42531096935272217, 0.4947185516357422, -0.016398994252085686]"
[],"[0.4027341604232788, 0.8941680192947388, 1.7841972521637217e-07, 0.48716971278190613, 0.8409144878387451, -0.020918477326631546, 0.5339004993438721, 0.7626546621322632, -0.024264493957161903, 0.5693041086196899, 0.714426577091217, -0.02611970528960228, 0.5942726135253906, 0.6757504343986511, -0.02295459806919098, 0.4571947157382965, 0.5973055958747864, 0.002887638285756111, 0.5370485186576843, 0.5455691814422607, -0.00902350340038538, 0.5813183188438416, 0.5699082016944885, -0.025483328849077225, 0.6028328537940979, 0.592764675617218, -0.034201882779598236, 0.43732404708862305, 0.588049054145813, 0.009997855871915817, 0.4803697466850281, 0.48500528931617737, 0.006763508543372154, 0.4850338101387024, 0.43800103664398193, -0.004176064860075712, 0.47264862060546875, 0.4098437428474426, -0.011745939031243324, 0.4314342439174652, 0.6003722548484802, 0.013536784797906876, 0.46738773584365845, 0.4961572289466858, 0.01209755428135395, 0.47435468435287476, 0.45013049244880676, 0.004438780248165131, 0.46831172704696655, 0.4220954179763794, 0.000137007053126581, 0.43897756934165955, 0.6265110373497009, 0.01422762032598257, 0.4767955243587494, 0.5640559792518616, 0.018574532121419907, 0.4897973835468292, 0.5314688086509705, 0.0225596372038126, 0.4910181164741516, 0.5110620260238647, 0.026726800948381424]"
"[0.39719414710998535, 0.8954244256019592, 1.0325017996137831e-07, 0.48690739274024963, 0.8221011757850647, 0.015841109678149223, 0.5332342386245728, 0.7416255474090576, 0.019826803356409073, 0.5713406801223755, 0.6962681412696838, 0.012607800774276257, 0.6039702892303467, 0.6565077304840088, 0.0074338591657578945, 0.43805286288261414, 0.5715930461883545, 0.04930033162236214, 0.5234723091125488, 0.5300427079200745, 0.032218433916568756, 0.5789105892181396, 0.5576454997062683, 0.008343246765434742, 0.6078833937644958, 0.6004281044006348, -0.006720134988427162, 0.42500537633895874, 0.5679588317871094, 0.027364209294319153, 0.5222308039665222, 0.5136944055557251, 0.011684972792863846, 0.5745007991790771, 0.5445865392684937, -0.008735384792089462, 0.5992299318313599, 0.5886436700820923, -0.02113788016140461, 0.4282107651233673, 0.5840942859649658, 0.0019553997553884983, 0.5180593132972717, 0.516897976398468, -0.011183862574398518, 0.572097897529602, 0.5404302477836609, -0.020917801186442375, 0.6009547710418701, 0.5778253078460693, -0.02522723563015461, 0.4434669017791748, 0.6161050200462341, -0.024195605888962746, 0.5184593796730042, 0.5653012990951538, -0.031249217689037323, 0.5645928382873535, 0.5775566101074219, -0.029443271458148956, 0.5929152965545654, 0.605471670627594, -0.02630588412284851]",[]
"[0.3970167636871338, 0.8944989442825317, 9.059793626420287e-08, 0.48678281903266907, 0.8213366866111755, 0.018928101286292076, 0.5326448082923889, 0.7421350479125977, 0.023827802389860153, 0.5706865787506104, 0.6975700259208679, 0.016520287841558456, 0.6022850275039673, 0.657450258731842, 0.011111262254416943, 0.43817323446273804, 0.5734920501708984, 0.05335390195250511, 0.5226640701293945, 0.5285823345184326, 0.03611072525382042, 0.5788960456848145, 0.5560620427131653, 0.01205289177596569, 0.607449471950531, 0.6005871891975403, -0.0028181627858430147, 0.4255749583244324, 0.5694878101348877, 0.02953409217298031, 0.5233323574066162, 0.5141928791999817, 0.013949340209364891, 0.5760936141014099, 0.547500729560852, -0.006759731564670801, 0.6001670360565186, 0.5922816395759583, -0.019339382648468018, 0.4288455843925476, 0.5837337970733643, 0.0022365127224475145, 0.5194942355155945, 0.5169276595115662, -0.01054416410624981, 0.5744930505752563, 0.5431498289108276, -0.020396064966917038, 0.6029565930366516, 0.5818946957588196, -0.024923797696828842, 0.44364506006240845, 0.6134896874427795, -0.025625022128224373, 0.5191787481307983, 0.5636497735977173, -0.03229260444641113, 0.5662425756454468, 0.5782694220542908, -0.030279558151960373, 0.5944809317588806, 0.6081249713897705, -0.027106549590826035]",[]
[],"[0.6378841400146484, 0.8050033450126648, 3.9899045845004366e-08, 0.6080256700515747, 0.7510042190551758, -0.008195186033844948, 0.588704526424408, 0.6670628190040588, -0.005807439796626568, 0.5742169618606567, 0.5874916315078735, -0.00717324111610651, 0.5572788715362549, 0.5236924886703491, -0.007399579044431448, 0.5879439115524292, 0.6009232997894287, 0.0417102575302124, 0.5587389469146729, 0.536917507648468, 0.03777259960770607, 0.526700496673584, 0.5079247951507568, 0.026947779580950737, 0.5020115971565247, 0.4954337775707245, 0.018788615241646767, 0.5787604451179504, 0.6018933653831482, 0.03466182202100754, 0.53507399559021, 0.5300180315971375, 0.03332464396953583, 0.49059271812438965, 0.4890548586845398, 0.021525228396058083, 0.4528346657752991, 0.4694642424583435, 0.012761957012116909, 0.5763928294181824, 0.6091219186782837, 0.02149830386042595, 0.5297784805297852, 0.5348186492919922, 0.01230540405958891, 0.4917685389518738, 0.49931979179382324, 0.0043806773610413074, 0.4598180949687958, 0.47584667801856995, -0.00019183249969501048, 0.5795803666114807, 0.6199362874031067, 0.00585315003991127, 0.5510817766189575, 0.5583900809288025, -0.003548368578776717, 0.5323832631111145, 0.5270500183105469, -0.00509448628872633, 0.5156813263893127, 0.5013636946678162, -0.005358767230063677]"
"[0.6472222208976746, 0.7871101498603821, 2.444618871777493e-07, 0.672307014465332, 0.6811819076538086, -0.0294676274061203, 0.6631165742874146, 0.570064127445221, -0.0357387512922287, 0.6288267374038696, 0.4894300699234009, -0.040089111775159836, 0.6110815405845642, 0.42216795682907104, -0.04442865028977394, 0.598050594329834, 0.5536993741989136, 8.794349560048431e-05, 0.5524728298187256, 0.48883283138275146, -0.01654069684445858, 0.5125793814659119, 0.45071232318878174, -0.03347410634160042, 0.47986912727355957, 0.42702481150627136, -0.04534679651260376, 0.5651475787162781, 0.5943687558174133, 0.004228583071380854, 0.5168642997741699, 0.5237122774124146, -0.009686624631285667, 0.47659367322921753, 0.4787163734436035, -0.026289481669664383, 0.44303277134895325, 0.4492443799972534, -0.03748368099331856, 0.5438981056213379, 0.6378807425498962, 0.002899879589676857, 0.4931289553642273, 0.571866512298584, -0.01597827859222889, 0.46054691076278687, 0.5316320061683655, -0.027002152055501938, 0.43420714139938354, 0.5005243420600891, -0.03227798640727997, 0.5296512246131897, 0.6880437135696411, -0.001503154868260026, 0.49080777168273926, 0.6395717263221741, -0.01957535184919834, 0.466472864151001, 0.6105627417564392, -0.02564181014895439, 0.4463580846786499, 0.5844671726226807, -0.027424737811088562]",[]
[],"[0.3854520618915558, 0.8833062052726746, 4.1249524684872085e-08, 0.46821334958076477, 0.8426864147186279, -0.005664092488586903, 0.5208747982978821, 0.7634559869766235, -0.0066941953264176846, 0.5519545078277588, 0.6966065168380737, -0.008467973209917545, 0.5713196396827698, 0.650015652179718, -0.007157155778259039, 0.46262913942337036, 0.5868435502052307, 0.006040032021701336, 0.5373121500015259, 0.5510584115982056, -0.004978834185749292, 0.5778529644012451, 0.5692901015281677, -0.019837267696857452, 0.5961199998855591, 0.5926151275634766, -0.02879561111330986, 0.43898189067840576, 0.5697423219680786, 0.003481967141851783, 0.5168847441673279, 0.5106327533721924, -0.0016083961818367243, 0.5565117597579956, 0.5213706493377686, -0.007427575532346964, 0.5752415060997009, 0.5449455380439758, -0.010913819074630737, 0.42634233832359314, 0.5763866305351257, -0.0007789008668623865, 0.4962356388568878, 0.5058897733688354, -0.0038636713288724422, 0.5339131355285645, 0.5130505561828613, -0.002351604402065277, 0.5541982650756836, 0.5315279364585876, -0.0007647647289559245, 0.4239494800567627, 0.5987790822982788, -0.006609753705561161, 0.48336902260780334, 0.5499448776245117, -0.005667034536600113, 0.5156373381614685, 0.5502464175224304, 0.0021060360595583916, 0.5333758592605591, 0.5616998672485352, 0.009369156323373318]"
"[0.46333640813827515, 0.7546449899673462, -4.427929312100787e-08, 0.5083253979682922, 0.7534652948379517, 0.005979621782898903, 0.5424956679344177, 0.7124007344245911, 0.005789703223854303, 0.5567076206207275, 0.6541942954063416, 0.005541773047298193, 0.5526559352874756, 0.6094849705696106, 0.005478755570948124, 0.5529698729515076, 0.6822803616523743, -0.015083772130310535, 0.580041229724884, 0.5999186635017395, -0.020716549828648567, 0.575265109539032, 0.5983474254608154, -0.01928161084651947, 0.5670284032821655, 0.6205602884292603, -0.015995699912309647, 0.531299352645874, 0.6470224261283875, -0.01957784593105316, 0.5575634837150574, 0.5538172721862793, -0.02510363608598709, 0.5587773323059082, 0.5536462068557739, -0.021126888692378998, 0.5542759895324707, 0.5742388963699341, -0.016850901767611504, 0.5066317915916443, 0.6202704906463623, -0.022131897509098053, 0.5329645276069641, 0.5402867794036865, -0.02344318851828575, 0.5352718830108643, 0.5508317947387695, -0.015276835300028324, 0.5310962200164795, 0.5730236768722534, -0.008975080214440823, 0.48258280754089355, 0.6070359945297241, -0.023478062823414803, 0.5057376027107239, 0.5442973375320435, -0.020807385444641113, 0.510988712310791, 0.5509160757064819, -0.011516410857439041, 0.5096519589424133, 0.5688357353210449, -0.003952284809201956]","[0.5713434219360352, 0.662602424621582, 1.7695602139156108e-07, 0.6063215732574463, 0.6139358282089233, -0.017665596678853035, 0.6253378987312317, 0.5389106273651123, -0.025167731568217278, 0.6342387795448303, 0.47275882959365845, -0.03173711523413658, 0.6501470804214478, 0.42601504921913147, -0.038984399288892746, 0.5723452568054199, 0.4509811997413635, -0.012757476419210434, 0.55368971824646, 0.3699972331523895, -0.024497801437973976, 0.541623592376709, 0.32096442580223083, -0.035713449120521545, 0.5304185152053833, 0.27937132120132446, -0.044594455510377884, 0.5450847148895264, 0.4632128179073334, -0.014502407982945442, 0.5247843861579895, 0.3743212819099426, -0.0241854190826416, 0.5136203169822693, 0.3174314498901367, -0.03683340921998024, 0.5039674043655396, 0.2709655463695526, -0.04765724390745163, 0.524520754814148, 0.4910314977169037, -0.018508121371269226, 0.5041378140449524, 0.4160750210285187, -0.029551343992352486, 0.4918231964111328, 0.365522563457489, -0.040055640041828156, 0.482198029756546, 0.32366013526916504, -0.04821986332535744, 0.5095083117485046, 0.5303691625595093, -0.024205807596445084, 0.48681074380874634, 0.4786492884159088, -0.03580904379487038, 0.4728819727897644, 0.4427974820137024, -0.04221585392951965, 0.46194735169410706, 0.4089391231536865, -0.04673415422439575]"
[],"[0.3951844274997711, 0.881466269493103, -1.702012930593355e-08, 0.4774382412433624, 0.8484333753585815, -0.011236309073865414, 0.5304676294326782, 0.7716458439826965, -0.014046527445316315, 0.5623336434364319, 0.7067086696624756, -0.016930358484387398, 0.5788389444351196, 0.6605198383331299, -0.016581369563937187, 0.47812363505363464, 0.6084686517715454, 0.0030636372976005077, 0.5374006628990173, 0.5678421854972839, -0.00956106185913086, 0.5740106105804443, 0.5879751443862915, -0.02453070692718029, 0.5904197692871094, 0.6127875447273254, -0.032847728580236435, 0.4540593922138214, 0.5883150696754456, 0.0034463037736713886, 0.5145078301429749, 0.5239307284355164, -0.0031731140334159136, 0.550136148929596, 0.5300477743148804, -0.00952177308499813, 0.5677595138549805, 0.5506412386894226, -0.013072092086076736, 0.4382176995277405, 0.5882877707481384, 0.001380215398967266, 0.49473240971565247, 0.515008270740509, -0.002959904493764043, 0.5279045104980469, 0.5205485820770264, -0.002391235437244177, 0.54509037733078, 0.5393581390380859, -0.0006540129543282092, 0.4317358434200287, 0.601231038570404, -0.002728147665038705, 0.48091915249824524, 0.5426662564277649, -0.0017302363412454724, 0.5107070207595825, 0.5360531210899353, 0.005326755344867706, 0.5265623331069946, 0.5442352294921875, 0.01218012347817421]"
[],"[0.39469531178474426, 0.8819707036018372, 3.915724988701186e-08, 0.4767106771469116, 0.8506436347961426, -0.01699569635093212, 0.5320783853530884, 0.7725350856781006, -0.02063939906656742, 0.5641081929206848, 0.7048621773719788, -0.022130243480205536, 0.5777859687805176, 0.6580222249031067, -0.020278876647353172, 0.48159259557724, 0.6137909889221191, -0.005677297245711088, 0.5400664210319519, 0.5708093047142029, -0.017821714282035828, 0.5756268501281738, 0.5827276706695557, -0.03130229189991951, 0.5928599834442139, 0.598056972026825, -0.0385744534432888, 0.45503732562065125, 0.5903415679931641, -0.0009454409591853619, 0.5108048915863037, 0.5215145349502563, -0.006499679293483496, 0.5431405901908875, 0.5136430859565735, -0.01081424206495285, 0.5599054098129272, 0.5188288688659668, -0.012976852245628834, 0.4361390173435211, 0.5871472358703613, 0.0013643355341628194, 0.4845688045024872, 0.5076432824134827, -0.00205288827419281, 0.5134157538414001, 0.4963819980621338, -0.00022574991453438997, 0.5292564630508423, 0.497989684343338, 0.0025961678475141525, 0.4266466498374939, 0.5972437262535095, 0.0012858572881668806, 0.4672284722328186, 0.5310977101325989, 0.003300943411886692, 0.49304673075675964, 0.5116678476333618, 0.01129235327243805, 0.5075453519821167, 0.507844090461731, 0.01911640353500843]"
[],"[0.41054895520210266, 0.9043259024620056, 3.827816996704314e-08, 0.4944398105144501, 0.882662832736969, -0.022537533193826675, 0.5592331886291504, 0.8191483020782471, -0.031408991664648056, 0.5937169790267944, 0.7521374821662903, -0.03721686080098152, 0.6112563014030457, 0.7039890885353088, -0.0395594947040081, 0.5191105604171753, 0.6303592920303345, -0.020362358540296555, 0.5993505120277405, 0.6180759072303772, -0.03535683453083038, 0.6333472728729248, 0.661220371723175, -0.0502239465713501, 0.6451020240783691, 0.6940186023712158, -0.05892462655901909, 0.4919487535953522, 0.6059597730636597, -0.015221687033772469, 0.576984703540802, 0.5638186931610107, -0.025623567402362823, 0.6136002540588379, 0.591464102268219, -0.03188374266028404, 0.6252835988998413, 0.6294369697570801, -0.03544028848409653, 0.4724607765674591, 0.6081591844558716, -0.011909523978829384, 0.5461620092391968, 0.5469488501548767, -0.019414061680436134, 0.5795674920082092, 0.5693645477294922, -0.019402293488383293, 0.5927088260650635, 0.6009587049484253, -0.018305234611034393, 0.46094927191734314, 0.6281120777130127, -0.010966966859996319, 0.5202720165252686, 0.5786206722259521, -0.01297072321176529, 0.5516963005065918, 0.5854782462120056, -0.006577126681804657, 0.5642962455749512, 0.6042510271072388, -0.00029083449044264853]"
[],"[0.4122382700443268, 0.8939536213874817, -1.424687781081957e-07, 0.5083300471305847, 0.8817934989929199, -0.027873294427990913, 0.5713011622428894, 0.823460578918457, -0.03828226402401924, 0.6113848686218262, 0.7816365361213684, -0.04441189765930176, 0.6356066465377808, 0.7531921863555908, -0.04844192788004875, 0.5212392210960388, 0.6227838397026062, -0.033299874514341354, 0.6068903803825378, 0.6111067533493042, -0.0456094890832901, 0.6439410448074341, 0.64870285987854, -0.05753046274185181, 0.6581099033355713, 0.6753225922584534, -0.06638132035732269, 0.4964566230773926, 0.6029776334762573, -0.025758657604455948, 0.5828042030334473, 0.5586830973625183, -0.03105064481496811, 0.6135879158973694, 0.5851677656173706, -0.033746007829904556, 0.622209370136261, 0.6207333207130432, -0.03779447451233864, 0.4850176274776459, 0.6113894581794739, -0.01979243755340576, 0.5589956045150757, 0.5537596344947815, -0.02394542098045349, 0.5836177468299866, 0.5682048201560974, -0.026134194806218147, 0.5899718403816223, 0.5895500183105469, -0.029350368306040764, 0.4838639497756958, 0.6401574611663818, -0.016482174396514893, 0.5466124415397644, 0.6072736978530884, -0.017473869025707245, 0.5718004107475281, 0.6090117692947388, -0.014379952102899551, 0.578606128692627, 0.622217059135437, -0.012597820721566677]"
[],"[0.4224180579185486, 0.8986320495605469, -1.852748425790196e-07, 0.5094321370124817, 0.881464421749115, -0.008789125829935074, 0.5755616426467896, 0.8214610815048218, -0.01282690092921257, 0.614054262638092, 0.7635233402252197, -0.016194187104701996, 0.6373034715652466, 0.7256518006324768, -0.01624770276248455, 0.5326423048973083, 0.630436360836029, -0.007625722326338291, 0.6155646443367004, 0.6115227937698364, -0.018794938921928406, 0.6452176570892334, 0.6701738834381104, -0.030504055321216583, 0.646763801574707, 0.7185502052307129, -0.036344949156045914, 0.506771445274353, 0.6025963425636292, -0.0077292355708777905, 0.6011610627174377, 0.5582562685012817, -0.01431795209646225, 0.635209321975708, 0.61203533411026, -0.019921908155083656, 0.6368519067764282, 0.6711374521255493, -0.022751513868570328, 0.48910123109817505, 0.6026933789253235, -0.008364262990653515, 0.5746592283248901, 0.5484330654144287, -0.010303866118192673, 0.6075625419616699, 0.5944199562072754, -0.010372397489845753, 0.6116408109664917, 0.6472676396369934, -0.010332226753234863, 0.4784177541732788, 0.6213589906692505, -0.010020076297223568, 0.5440484285354614, 0.5772585868835449, -0.007955241948366165, 0.576204240322113, 0.6009300947189331, -0.0020220638252794743, 0.5851019620895386, 0.6363298296928406, 0.0031242917757481337]"
[],"[0.4166387617588043, 0.897846519947052, 3.946901472318132e-09, 0.4999958276748657, 0.8714579343795776, -0.011755123734474182, 0.5601969361305237, 0.79304438829422, -0.014758205972611904, 0.6069213151931763, 0.7310405969619751, -0.016049187630414963, 0.6384120583534241, 0.6936264634132385, -0.014303287491202354, 0.5114163756370544, 0.6104105710983276, -0.0052140215411782265, 0.5934828519821167, 0.5948467254638672, -0.011468238197267056, 0.6336865425109863, 0.633317232131958, -0.02230195328593254, 0.6530646681785583, 0.6699981689453125, -0.029803013429045677, 0.48977601528167725, 0.5922354459762573, -0.0024306897539645433, 0.5799874067306519, 0.5503743290901184, -0.0050572496838867664, 0.6219124794006348, 0.5866985321044922, -0.011454025283455849, 0.6405366659164429, 0.6321520209312439, -0.0166314709931612, 0.47846585512161255, 0.6021578907966614, -0.00016706848691683263, 0.5605315566062927, 0.558584988117218, -0.0005399077199399471, 0.6023445129394531, 0.5940569639205933, -0.004037321545183659, 0.6226599216461182, 0.6378975510597229, -0.007691977545619011, 0.47687792778015137, 0.6316023468971252, 0.0006619226769544184, 0.5419505834579468, 0.6065881848335266, 0.0025280106347054243, 0.5802234411239624, 0.6240182518959045, 0.0049744704738259315, 0.6020768284797668, 0.6522241234779358, 0.006928030867129564]"
[],"[0.4164789915084839, 0.8970762491226196, 1.0210744472161082e-09, 0.5015614032745361, 0.8693771362304688, -0.004661146085709333, 0.5589863061904907, 0.7930936813354492, -0.006609883159399033, 0.6047078371047974, 0.7348417043685913, -0.009732239879667759, 0.6366629600524902, 0.698442280292511, -0.010295893996953964, 0.5081166625022888, 0.6054337620735168, 0.005879443138837814, 0.5910851359367371, 0.5928018093109131, -0.0013965354301035404, 0.6326853632926941, 0.6313144564628601, -0.014449636451900005, 0.6515598893165588, 0.6686421632766724, -0.023602476343512535, 0.48965656757354736, 0.590028703212738, 0.003018702147528529, 0.5819095969200134, 0.5491699576377869, -0.0009592533460818231, 0.6245568990707397, 0.5860121846199036, -0.00955398753285408, 0.6426032185554504, 0.6324729919433594, -0.015969419851899147, 0.48156818747520447, 0.6024249792098999, -0.0005474227364175022, 0.56683748960495, 0.5590832829475403, -0.002230595564469695, 0.6087945103645325, 0.595443069934845, -0.006034538149833679, 0.6280990839004517, 0.6405075192451477, -0.009524816647171974, 0.4831998348236084, 0.634223222732544, -0.005250438582152128, 0.5516080856323242, 0.6109815239906311, -0.0038685568142682314, 0.5900567173957825, 0.6293412446975708, -0.0008703632629476488, 0.6114488840103149, 0.6585180759429932, 0.0015515302075073123]"
"[0.3957922160625458, 0.8816375732421875, -6.472718183658799e-08, 0.48687544465065, 0.8414040803909302, 0.003775704186409712, 0.5432354211807251, 0.772050142288208, 0.00022672787599731237, 0.5833567380905151, 0.7260848879814148, -0.010409376583993435, 0.6091394424438477, 0.6871457099914551, -0.01837528496980667, 0.47529956698417664, 0.5697494149208069, 0.02197295054793358, 0.5580431222915649, 0.5331937074661255, 0.00454782135784626, 0.6024072170257568, 0.5718259215354919, -0.015770988538861275, 0.6186883449554443, 0.6163880228996277, -0.028418399393558502, 0.4609540104866028, 0.5629801750183105, 0.007265822496265173, 0.5592089891433716, 0.5003659129142761, -0.004490169230848551, 0.5956115126609802, 0.5453495383262634, -0.016224315389990807, 0.6006092429161072, 0.5938256978988647, -0.023618564009666443, 0.4588848352432251, 0.5825763940811157, -0.010201479308307171, 0.5540672540664673, 0.5161297917366028, -0.018880510702729225, 0.5918750166893005, 0.5575069189071655, -0.020491406321525574, 0.5985722541809082, 0.6016106009483337, -0.02100716345012188, 0.46582865715026855, 0.6242126226425171, -0.02901037223637104, 0.5478144288063049, 0.5965695977210999, -0.03077324852347374, 0.5825181603431702, 0.6226863861083984, -0.024517420679330826, 0.5914950966835022, 0.6538447141647339, -0.01956952176988125]",[]
[],"[0.6602941155433655, 0.8259422779083252, 3.217158450752322e-08, 0.6853145956993103, 0.7183175683021545, -0.021615171805024147, 0.6838130950927734, 0.6117838025093079, -0.02435680478811264, 0.6570459604263306, 0.5229027271270752, -0.027720414102077484, 0.6389685273170471, 0.45106619596481323, -0.03031366504728794, 0.6306447982788086, 0.5809707641601562, 0.02623889595270157, 0.6037628054618835, 0.5248003005981445, 0.015406318008899689, 0.5900259017944336, 0.5228127837181091, -0.0002548527845647186, 0.5836309790611267, 0.5320814847946167, -0.010280241258442402, 0.5955153107643127, 0.621091902256012, 0.029367730021476746, 0.5617352724075317, 0.5567561984062195, 0.019615625962615013, 0.5517276525497437, 0.5591211915016174, 0.0018871690845116973, 0.5493820905685425, 0.5780655145645142, -0.009013042785227299, 0.5682731866836548, 0.6637104153633118, 0.02651045471429825, 0.5334994196891785, 0.6022464632987976, 0.01068171113729477, 0.5275078415870667, 0.6075161695480347, 0.0006794283981435001, 0.5284851789474487, 0.620518147945404, -0.003093416104093194, 0.5463911294937134, 0.7091333270072937, 0.021499916911125183, 0.5173848271369934, 0.6660696268081665, 0.008452866226434708, 0.5154300332069397, 0.6630457043647766, 0.005815313663333654, 0.5194124579429626, 0.6628150939941406, 0.006535249296575785]"
[],"[0.3917975127696991, 0.8698543310165405, 2.1690864215884176e-08, 0.4766392707824707, 0.8507801294326782, -0.007561020087450743, 0.5294536352157593, 0.7818988561630249, -0.010526559315621853, 0.5608834028244019, 0.7255524396896362, -0.014304818585515022, 0.5748374462127686, 0.6885103583335876, -0.015256713144481182, 0.48768389225006104, 0.5887476801872253, 0.001758265309035778, 0.5676356554031372, 0.5750566720962524, -0.007506330963224173, 0.6026631593704224, 0.6076446175575256, -0.02006751112639904, 0.6117938756942749, 0.6360185146331787, -0.028035622090101242, 0.4688240587711334, 0.5698093175888062, -0.00029970338800922036, 0.5547500848770142, 0.5365183353424072, -0.003806275548413396, 0.5891525149345398, 0.567821741104126, -0.007448288146406412, 0.5980454683303833, 0.6034246683120728, -0.009675508365035057, 0.45805197954177856, 0.5823538303375244, -0.003906110767275095, 0.5387355089187622, 0.5400617122650146, -0.0054768449626863, 0.5700658559799194, 0.5727562308311462, -0.002800883026793599, 0.5801092386245728, 0.6085700988769531, -0.0008224684279412031, 0.456174373626709, 0.6155577301979065, -0.00921555981040001, 0.5261522531509399, 0.5998585224151611, -0.005915343761444092, 0.5533671975135803, 0.6209859848022461, 0.002019113628193736, 0.561880886554718, 0.6482509970664978, 0.008586129173636436]"
"[0.5822126865386963, 0.6328486800193787, 4.0096060160976776e-07, 0.6120116710662842, 0.5909626483917236, -0.02649335190653801, 0.623903751373291, 0.5253282189369202, -0.0404951311647892, 0.6330682039260864, 0.4638094902038574, -0.05154974013566971, 0.652455747127533, 0.4177832007408142, -0.06263665854930878, 0.5681050419807434, 0.4521544277667999, -0.029721401631832123, 0.552696704864502, 0.3725004196166992, -0.04636692255735397, 0.5423989295959473, 0.32107967138290405, -0.05761362984776497, 0.5335915684700012, 0.28033000230789185, -0.06556513905525208, 0.5411094427108765, 0.46454960107803345, -0.027515506371855736, 0.5219994783401489, 0.37586385011672974, -0.04309113323688507, 0.5112026333808899, 0.31541210412979126, -0.054423991590738297, 0.5034911036491394, 0.2659899592399597, -0.062235765159130096, 0.521539032459259, 0.49178463220596313, -0.027851084247231483, 0.5015989542007446, 0.4156973659992218, -0.04320404306054115, 0.4911837577819824, 0.3627319037914276, -0.05325498431921005, 0.48505255579948425, 0.318506121635437, -0.05929577350616455, 0.5081862211227417, 0.5297383069992065, -0.030321063473820686, 0.48663008213043213, 0.4799645245075226, -0.045258063822984695, 0.47419434785842896, 0.4432290494441986, -0.053199563175439835, 0.4643080234527588, 0.4065040946006775, -0.057586584240198135]",[]
[],"[0.39977455139160156, 0.8737369775772095, 1.760474077627805e-07, 0.47870934009552, 0.8532717227935791, -0.021211296319961548, 0.5420356392860413, 0.7804129719734192, -0.023374946787953377, 0.5740201473236084, 0.7128571271896362, -0.020655611529946327, 0.587704598903656, 0.6658570766448975, -0.014046561904251575, 0.49801838397979736, 0.6118018627166748, -0.00927182100713253, 0.566087007522583, 0.5792121887207031, -0.015799906104803085, 0.5995631814002991, 0.6017948985099792, -0.024791888892650604, 0.6160377860069275, 0.6231452226638794, -0.029276791960000992, 0.46805182099342346, 0.5894976258277893, 0.00034790506470017135, 0.5313277244567871, 0.5225578546524048, -0.0017378946067765355, 0.5635765790939331, 0.515576958656311, -0.005189006682485342, 0.577663242816925, 0.5238285064697266, -0.0059938086196780205, 0.4468689262866974, 0.5887287855148315, 0.008107120171189308, 0.49361652135849, 0.5024991631507874, 0.007227644789963961, 0.520427942276001, 0.48342788219451904, 0.00718322629109025, 0.5345144271850586, 0.47970688343048096, 0.009197011590003967, 0.4355928897857666, 0.6053393483161926, 0.013679606840014458, 0.4732455611228943, 0.5321153402328491, 0.01663786545395851, 0.4961841404438019, 0.5033531188964844, 0.023305155336856842, 0.5102238059043884, 0.48953431844711304, 0.030533721670508385]"
[],"[0.3980284035205841, 0.8741729259490967, 1.3358578598854365e-07, 0.47852224111557007, 0.8522084355354309, -0.019321393221616745, 0.5425233840942383, 0.7807201147079468, -0.021514728665351868, 0.5754108428955078, 0.7126082181930542, -0.01934480108320713, 0.5889039039611816, 0.6655791997909546, -0.013396795839071274, 0.4983011484146118, 0.6107842326164246, -0.009536555036902428, 0.5669268369674683, 0.5798576474189758, -0.016182612627744675, 0.6014973521232605, 0.603114664554596, -0.024845538660883904, 0.6185170412063599, 0.6243698000907898, -0.029332058504223824, 0.46827182173728943, 0.5894346833229065, -0.0012145837536081672, 0.5336541533470154, 0.526604413986206, -0.004405769519507885, 0.5674548149108887, 0.5281792879104614, -0.007312306202948093, 0.581993818283081, 0.5429854393005371, -0.00767822191119194, 0.4474511742591858, 0.5892600417137146, 0.005539518781006336, 0.4975629150867462, 0.5061704516410828, 0.003951540682464838, 0.5268958806991577, 0.4937068819999695, 0.004857279825955629, 0.5423630475997925, 0.49559423327445984, 0.007480124477297068, 0.4364628493785858, 0.6061404347419739, 0.01028594933450222, 0.4766155779361725, 0.5355374813079834, 0.013167070224881172, 0.5027868747711182, 0.5107279419898987, 0.020338641479611397, 0.5188649296760559, 0.501248836517334, 0.027779944241046906]"
"[0.4199348986148834, 0.9121183156967163, -6.723439582856372e-08, 0.5000888705253601, 0.8765019178390503, -0.014265944249927998, 0.5601954460144043, 0.8067861795425415, -0.017342127859592438, 0.5960191488265991, 0.7646886110305786, -0.023573076352477074, 0.6210193037986755, 0.7395135760307312, -0.028305862098932266, 0.5335159301757812, 0.6332405805587769, 0.017748748883605003, 0.5902931094169617, 0.5621501207351685, -0.005722276400774717, 0.6047539710998535, 0.5475945472717285, -0.03383047506213188, 0.6001334190368652, 0.5453792214393616, -0.049748387187719345, 0.5116593837738037, 0.6102005243301392, 0.01108892448246479, 0.5535863041877747, 0.48839741945266724, -0.005661206319928169, 0.5522733330726624, 0.4312928318977356, -0.02954459749162197, 0.533219575881958, 0.406181663274765, -0.04461440443992615, 0.4892866611480713, 0.6035417318344116, -0.0009480391163378954, 0.528336226940155, 0.48043984174728394, -0.014498071745038033, 0.53001469373703, 0.42089226841926575, -0.031114108860492706, 0.5146949887275696, 0.39335596561431885, -0.04020799696445465, 0.4654505252838135, 0.6171240210533142, -0.015693027526140213, 0.49202290177345276, 0.5292583703994751, -0.0214216411113739, 0.49934840202331543, 0.4737483263015747, -0.02388429455459118, 0.49565476179122925, 0.43803685903549194, -0.02436271496117115]",[]
"[0.42952924966812134, 0.9182586669921875, -4.299193179235772e-08, 0.5163328647613525, 0.8761168122291565, 0.0030985958874225616, 0.5726462006568909, 0.8103137016296387, 0.003345563542097807, 0.6136336326599121, 0.7760436534881592, -0.0054343161173164845, 0.6456058025360107, 0.7408949136734009, -0.012735993601381779, 0.5296980738639832, 0.6230178475379944, 0.04137084260582924, 0.58159339427948, 0.5608887076377869, 0.022311747074127197, 0.6077905893325806, 0.5651125311851501, -0.00447631673887372, 0.6155890822410583, 0.5800027847290039, -0.020964227616786957, 0.5115413665771484, 0.6048566699028015, 0.022297224029898643, 0.5429894924163818, 0.49469107389450073, 0.011201050132513046, 0.5423060655593872, 0.4377348721027374, -0.011160110123455524, 0.525567889213562, 0.40870189666748047, -0.027018465101718903, 0.49904152750968933, 0.6098727583885193, -0.0021245640236884356, 0.5433260202407837, 0.4999517798423767, -0.014382699504494667, 0.553612470626831, 0.44941383600234985, -0.0323486328125, 0.5469142198562622, 0.4247990846633911, -0.04470253363251686, 0.4935676157474518, 0.6379274129867554, -0.028455447405576706, 0.5545830130577087, 0.6002586483955383, -0.036263372749090195, 0.5865750312805176, 0.5887304544448853, -0.039724864065647125, 0.6017253398895264, 0.591873288154602, -0.041730962693691254]",[]
[],"[0.4332308769226074, 0.8922271132469177, 3.1380233167510596e-07, 0.5162152051925659, 0.8652489185333252, -0.02682311460375786, 0.5840097069740295, 0.7990562915802002, -0.033228181302547455, 0.6329643130302429, 0.7573633193969727, -0.036603979766368866, 0.6708939671516418, 0.731989324092865, -0.0367179699242115, 0.5250284671783447, 0.6312645673751831, -0.0033993541728705168, 0.6053804159164429, 0.596105694770813, -0.019442986696958542, 0.6480934023857117, 0.6303257346153259, -0.03839956969022751, 0.6705471277236938, 0.6672441959381104, -0.047526512295007706, 0.5060082077980042, 0.6110870838165283, 0.004738671239465475, 0.5861400961875916, 0.5362150073051453, -0.002080278703942895, 0.6303139925003052, 0.5369852781295776, -0.013646240346133709, 0.6571497321128845, 0.5553799867630005, -0.02028123289346695, 0.49503201246261597, 0.6126396656036377, 0.008676928468048573, 0.5639344453811646, 0.5360004305839539, 0.00467669777572155, 0.6032077074050903, 0.534794807434082, -0.0012571077095344663, 0.6289231777191162, 0.5485355257987976, -0.003637018846347928, 0.49038001894950867, 0.63224858045578, 0.009169924072921276, 0.5435173511505127, 0.5748124718666077, 0.010154413990676403, 0.5821094512939453, 0.5659569501876831, 0.01448344811797142, 0.6106646060943604, 0.5714238882064819, 0.019540350884199142]"
[],"[0.4413585364818573, 0.8866499662399292, 1.6828862214879337e-07, 0.524894118309021, 0.8510711193084717, -0.00866528321057558, 0.5852501392364502, 0.7919452786445618, -0.011191227473318577, 0.6291728019714355, 0.7563307285308838, -0.01637418195605278, 0.6640146970748901, 0.7327279448509216, -0.01853480003774166, 0.529705822467804, 0.6183928847312927, 0.017259307205677032, 0.6111277937889099, 0.5901087522506714, 0.0011307342210784554, 0.6504586935043335, 0.6339085102081299, -0.01759032905101776, 0.6648182272911072, 0.6813369989395142, -0.02673599310219288, 0.5131574273109436, 0.6006627678871155, 0.014637164771556854, 0.6022734642028809, 0.5544681549072266, 0.0009036990813910961, 0.6453295350074768, 0.5986571907997131, -0.014741082675755024, 0.6635054349899292, 0.6535919904708862, -0.022216297686100006, 0.5053901076316833, 0.6026912331581116, 0.008438192307949066, 0.5846524834632874, 0.5548727512359619, -0.0009394385851919651, 0.6260881423950195, 0.5936793684959412, -0.010653601959347725, 0.645904541015625, 0.6452113389968872, -0.014205843210220337, 0.5029693245887756, 0.6212811470031738, 0.000406762701459229, 0.5613903403282166, 0.5891730189323425, -0.003266184125095606, 0.60239577293396, 0.6097524166107178, -0.003401294583454728, 0.6279343366622925, 0.6434057354927063, -0.0008332998841069639]"
"[0.4422905445098877, 0.8865445852279663, 1.6175945916074852e-07, 0.5256386995315552, 0.850182831287384, -0.0022632277105003595, 0.5850052237510681, 0.7933510541915894, -0.0036672025453299284, 0.6309390664100647, 0.7628270387649536, -0.010156725533306599, 0.6697137951850891, 0.7424153685569763, -0.013918198645114899, 0.5310039520263672, 0.6212762594223022, 0.027134282514452934, 0.6107288599014282, 0.5952079892158508, 0.010550672188401222, 0.6497366428375244, 0.6373807191848755, -0.009567403234541416, 0.6641066074371338, 0.6834338903427124, -0.020004434511065483, 0.5158933401107788, 0.6043710708618164, 0.01948973350226879, 0.603306233882904, 0.5595657825469971, 0.004687783773988485, 0.6464849710464478, 0.6033824682235718, -0.01216974388808012, 0.6654474139213562, 0.6576888561248779, -0.020460987463593483, 0.5084154605865479, 0.6061099767684937, 0.008019384928047657, 0.5876222252845764, 0.5565792918205261, -0.002897077240049839, 0.6290578842163086, 0.5932341814041138, -0.012472491711378098, 0.6495621800422668, 0.6426514983177185, -0.0157761313021183, 0.5057380795478821, 0.6237091422080994, -0.004970404785126448, 0.566196858882904, 0.5936852097511292, -0.009283121675252914, 0.6071404218673706, 0.6150988936424255, -0.008549642749130726, 0.6333529353141785, 0.6485850214958191, -0.005523752886801958]",[]
"[0.44443732500076294, 0.8495908379554749, 1.457042202446246e-07, 0.5249577760696411, 0.8014218807220459, 0.011382103897631168, 0.5748380422592163, 0.7472121119499207, 0.009837644174695015, 0.6106771230697632, 0.7134408950805664, -0.0037907869555056095, 0.6341049075126648, 0.6740716695785522, -0.01744631677865982, 0.5284883379936218, 0.5893605947494507, 0.044205717742443085, 0.5927780270576477, 0.5531303286552429, 0.017156779766082764, 0.6351580619812012, 0.5716941952705383, -0.013224244117736816, 0.6532714366912842, 0.6113741397857666, -0.029267970472574234, 0.5128430128097534, 0.569132924079895, 0.020006192848086357, 0.563144862651825, 0.4681020677089691, -0.0019080258207395673, 0.6086936593055725, 0.46598732471466064, -0.023668551817536354, 0.6297116279602051, 0.5037331581115723, -0.03390482813119888, 0.4976963400840759, 0.5653186440467834, -0.009282748214900494, 0.5363008379936218, 0.4521213173866272, -0.024415606632828712, 0.5763201117515564, 0.44945013523101807, -0.032075632363557816, 0.5970432162284851, 0.48226118087768555, -0.03282840922474861, 0.4892728328704834, 0.5792136788368225, -0.04029830917716026, 0.5151009559631348, 0.5001326203346252, -0.04639331251382828, 0.5451344847679138, 0.48394888639450073, -0.043077148497104645, 0.5655868649482727, 0.49800366163253784, -0.03790617734193802]",[]
[],"[0.6874483227729797, 0.8237155675888062, -3.2763377788569414e-08, 0.6483505368232727, 0.776333749294281, -0.007617034483700991, 0.6281654834747314, 0.6937099695205688, -0.0038542374968528748, 0.6231579184532166, 0.6164469122886658, -0.002846829127520323, 0.6177035570144653, 0.5613501071929932, -0.0005779986386187375, 0.6464589834213257, 0.5925211906433105, 0.0291005726903677, 0.6182072162628174, 0.5123713612556458, 0.026175079867243767, 0.5908544063568115, 0.46766799688339233, 0.0182234775274992, 0.5704985857009888, 0.439497172832489, 0.011783923953771591, 0.6492115259170532, 0.5878769159317017, 0.02312997542321682, 0.6093787550926208, 0.5016025900840759, 0.021937737241387367, 0.574946939945221, 0.4537830948829651, 0.013767939060926437, 0.5453779697418213, 0.4272152781486511, 0.007874598726630211, 0.659142017364502, 0.5933467149734497, 0.012255214154720306, 0.6174006462097168, 0.5121877193450928, 0.004694633651524782, 0.5859696269035339, 0.4695996046066284, -0.0007486611139029264, 0.5592875480651855, 0.4400672912597656, -0.0036455236840993166, 0.6753517985343933, 0.6079734563827515, -0.0010566007113084197, 0.6493745446205139, 0.5396770238876343, -0.010493720881640911, 0.6277241706848145, 0.5014541149139404, -0.012463953346014023, 0.6083391904830933, 0.4698500335216522, -0.012414953671395779]"
"[0.7072789072990417, 0.7932878732681274, 1.716664712603233e-07, 0.7451082468032837, 0.6980065703392029, -0.03178590163588524, 0.7458221316337585, 0.5813949704170227, -0.03668687492609024, 0.7222597599029541, 0.48910871148109436, -0.03847558796405792, 0.7146044969558716, 0.41560280323028564, -0.03971422091126442, 0.6686371564865112, 0.5171681046485901, -0.0034250246826559305, 0.6243447661399841, 0.4393669068813324, -0.01748826913535595, 0.5904535055160522, 0.3987090587615967, -0.03359527140855789, 0.5615965723991394, 0.3682521879673004, -0.04505764693021774, 0.6347506642341614, 0.5511959791183472, 0.0032384097576141357, 0.588173508644104, 0.4635043740272522, -0.006640446837991476, 0.5540068745613098, 0.4116860628128052, -0.022201580926775932, 0.5247378349304199, 0.3754502534866333, -0.0337696373462677, 0.612713634967804, 0.594942033290863, 0.004521341994404793, 0.5659101605415344, 0.5162630677223206, -0.01154304388910532, 0.5357511639595032, 0.47405391931533813, -0.02676284685730934, 0.5096858739852905, 0.43823134899139404, -0.036298587918281555, 0.5962604880332947, 0.6485399007797241, 0.0026909695006906986, 0.5619837045669556, 0.5938316583633423, -0.014533492736518383, 0.5419403910636902, 0.5686644911766052, -0.02367531508207321, 0.5248692035675049, 0.5466994643211365, -0.02861190214753151]",[]
"[0.5793853998184204, 0.6618170738220215, 2.628450204156252e-07, 0.6094875335693359, 0.6105576753616333, -0.017722660675644875, 0.6196913719177246, 0.5305764079093933, -0.025047268718481064, 0.6263561844825745, 0.4663262367248535, -0.03153260052204132, 0.6446530222892761, 0.42209625244140625, -0.038324713706970215, 0.5626834034919739, 0.4570332467556, -0.013347041793167591, 0.5449538826942444, 0.3808566927909851, -0.025689542293548584, 0.5339874029159546, 0.33221304416656494, -0.03571324795484543, 0.5248112678527832, 0.2933766841888428, -0.04348283261060715, 0.5362096428871155, 0.4714455306529999, -0.014989897608757019, 0.5155654549598694, 0.3866199553012848, -0.027084020897746086, 0.5041605234146118, 0.32904863357543945, -0.03857213258743286, 0.4954635500907898, 0.2829236686229706, -0.047063469886779785, 0.5168303847312927, 0.5008782744407654, -0.019069615751504898, 0.49477308988571167, 0.42563799023628235, -0.032114285975694656, 0.4840790927410126, 0.3730868995189667, -0.04216020926833153, 0.4765816330909729, 0.3283321261405945, -0.048843540251255035, 0.5033305883407593, 0.5421423316001892, -0.02481096237897873, 0.48037609457969666, 0.49422046542167664, -0.037955086678266525, 0.46785467863082886, 0.4556032419204712, -0.045424435287714005, 0.4579804241657257, 0.41640257835388184, -0.050051286816596985]","[0.458713561296463, 0.7437906265258789, -2.0272591427783482e-07, 0.4730660021305084, 0.6993519067764282, 0.005925915669649839, 0.4913955628871918, 0.6382343769073486, 0.004392718896269798, 0.5053110122680664, 0.58137047290802, 0.002467553364112973, 0.5116693377494812, 0.540216326713562, 0.0010567842982709408, 0.515106201171875, 0.640587568283081, -0.014855025336146355, 0.5472861528396606, 0.5634677410125732, -0.023386212065815926, 0.5416483283042908, 0.5678580403327942, -0.024229228496551514, 0.531633198261261, 0.5896585583686829, -0.021783659234642982, 0.5172606706619263, 0.6377682685852051, -0.01981627196073532, 0.5482316613197327, 0.5500838756561279, -0.02752242609858513, 0.5406546592712402, 0.5570178627967834, -0.02522723749279976, 0.5291027426719666, 0.5858392715454102, -0.020794441923499107, 0.5179269909858704, 0.6393450498580933, -0.023103009909391403, 0.5455080270767212, 0.5612200498580933, -0.025744101032614708, 0.5396655201911926, 0.5692698359489441, -0.01900627464056015, 0.5312384366989136, 0.5922300815582275, -0.013103836216032505, 0.51755291223526, 0.6462820172309875, -0.02519007958471775, 0.5402531623840332, 0.5854811668395996, -0.024409392848610878, 0.534774661064148, 0.5918346047401428, -0.01681431569159031, 0.5282721519470215, 0.6115692257881165, -0.009809005074203014]"
"[0.4407280683517456, 0.8250247240066528, 5.8041120354346276e-08, 0.514386773109436, 0.7981840372085571, -0.008220411837100983, 0.5674928426742554, 0.7293931245803833, -0.006083746440708637, 0.5891104340553284, 0.6720671057701111, -0.0055746110156178474, 0.5920770168304443, 0.6281759142875671, -0.0022560700308531523, 0.568373441696167, 0.5888034105300903, 0.023125074803829193, 0.6182974576950073, 0.529181718826294, 0.009179981425404549, 0.6314796209335327, 0.5145891904830933, -0.009311443194746971, 0.6276476383209229, 0.5148415565490723, -0.017904656007885933, 0.5466982126235962, 0.5607609152793884, 0.021782327443361282, 0.588841438293457, 0.46398016810417175, 0.013427755795419216, 0.5939655900001526, 0.41472327709198, -0.001037370297126472, 0.5809905529022217, 0.393019437789917, -0.007624024525284767, 0.5220653414726257, 0.5488369464874268, 0.0165155790746212, 0.5560361742973328, 0.4529954493045807, 0.012468121014535427, 0.5637669563293457, 0.40779685974121094, 0.005212072283029556, 0.555860161781311, 0.38778185844421387, 0.0030767496209591627, 0.49396300315856934, 0.553837239742279, 0.009302291087806225, 0.523501992225647, 0.49439314007759094, 0.012161139398813248, 0.5357608199119568, 0.4602619409561157, 0.015964563935995102, 0.5375233292579651, 0.4411603808403015, 0.021157599985599518]",[]
"[0.4359782934188843, 0.8326057195663452, 1.449933080266419e-07, 0.5103282928466797, 0.8034196496009827, -0.009614614769816399, 0.5643677711486816, 0.7332994937896729, -0.006533011794090271, 0.5891890525817871, 0.6805213689804077, -0.004395336378365755, 0.5888983011245728, 0.6456484794616699, 0.0007501885993406177, 0.5589810013771057, 0.5782484412193298, 0.024479905143380165, 0.6160942316055298, 0.5246177911758423, 0.012962092645466328, 0.6361528038978577, 0.5222883820533752, -0.005062703974545002, 0.6386810541152954, 0.5285689234733582, -0.01378864236176014, 0.5374791622161865, 0.5545519590377808, 0.024985995143651962, 0.5839051604270935, 0.4643322229385376, 0.020690137520432472, 0.5942508578300476, 0.41780149936676025, 0.006634110119193792, 0.5866407752037048, 0.3913372755050659, -0.0006485561025328934, 0.5138726830482483, 0.5481497645378113, 0.02154226414859295, 0.5491479635238647, 0.45772382616996765, 0.021824035793542862, 0.560718297958374, 0.41093432903289795, 0.013995700515806675, 0.5574860572814941, 0.3842281699180603, 0.010432214476168156, 0.48834943771362305, 0.5579071044921875, 0.015807298943400383, 0.5183846950531006, 0.5009222626686096, 0.022547245025634766, 0.531863808631897, 0.4688529372215271, 0.027312733232975006, 0.5354394912719727, 0.4484712481498718, 0.03240169957280159]",[]
"[0.7185826301574707, 0.7713701128959656, 1.1258159560156855e-07, 0.7555928230285645, 0.682386577129364, -0.026760078966617584, 0.7607748508453369, 0.5763014554977417, -0.03173711523413658, 0.7383438944816589, 0.4850911498069763, -0.0330146923661232, 0.7307496666908264, 0.4139572083950043, -0.03339773789048195, 0.6936234831809998, 0.5210987329483032, -0.003173039760440588, 0.6447482109069824, 0.43399813771247864, -0.014646337367594242, 0.6117973327636719, 0.3870312571525574, -0.02795698493719101, 0.5846084356307983, 0.3518521785736084, -0.03732241317629814, 0.6558998227119446, 0.5453366637229919, 0.004352518357336521, 0.6050505042076111, 0.45650342106819153, -0.005150304175913334, 0.5712153911590576, 0.4022334814071655, -0.020486310124397278, 0.54390549659729, 0.35804733633995056, -0.032350920140743256, 0.6310596466064453, 0.5754293203353882, 0.007828140631318092, 0.5848040580749512, 0.49487483501434326, -0.0033304207026958466, 0.5569592714309692, 0.44679972529411316, -0.016093555837869644, 0.5346359014511108, 0.4048793911933899, -0.024967538192868233, 0.6164351105690002, 0.6096335649490356, 0.008879465982317924, 0.5785678029060364, 0.5495423674583435, -0.001861299155279994, 0.5574091672897339, 0.5165272951126099, -0.008352957665920258, 0.5404106974601746, 0.48472294211387634, -0.012139600701630116]",[]
[],"[0.5049397349357605, 0.8226944208145142, 1.3723814618060715e-07, 0.5829249024391174, 0.8417015075683594, -0.036434952169656754, 0.6501330137252808, 0.8030412197113037, -0.04746519774198532, 0.6916928887367249, 0.7568156719207764, -0.05102188140153885, 0.7144073843955994, 0.7148414850234985, -0.05067111551761627, 0.6329684853553772, 0.6117986440658569, -0.03577273711562157, 0.7012396454811096, 0.5967980027198792, -0.04735066741704941, 0.7218360900878906, 0.6376621127128601, -0.05660834535956383, 0.7249191999435425, 0.6585109233856201, -0.06060010939836502, 0.6043570637702942, 0.5740004181861877, -0.019368940964341164, 0.6698037981987, 0.5139874815940857, -0.02427695132791996, 0.693607747554779, 0.4957723617553711, -0.029140682891011238, 0.6935124397277832, 0.4910614788532257, -0.03186853602528572, 0.5775721073150635, 0.5633065700531006, -0.0051316129975020885, 0.6068293452262878, 0.48290640115737915, -0.009530599229037762, 0.6120939254760742, 0.4441831111907959, -0.0195462703704834, 0.5999338030815125, 0.41986069083213806, -0.025919880717992783, 0.5562490820884705, 0.5779303908348083, 0.006500599905848503, 0.5686086416244507, 0.5143762826919556, 0.004995441529899836, 0.5682473182678223, 0.47652703523635864, 0.0021664032246917486, 0.5558367967605591, 0.4496821165084839, 0.0010030990233644843]"
[],"[0.5039627552032471, 0.8370528221130371, 1.9488588520744088e-07, 0.5826418995857239, 0.8512789011001587, -0.03624984994530678, 0.6533592343330383, 0.8082723617553711, -0.044180043041706085, 0.7004178762435913, 0.7516181468963623, -0.044607218354940414, 0.7255387306213379, 0.707750678062439, -0.04131945222616196, 0.6488334536552429, 0.6190775632858276, -0.026835067197680473, 0.7212475538253784, 0.5805354118347168, -0.0327850766479969, 0.7405943870544434, 0.5759795308113098, -0.03832238167524338, 0.7419999837875366, 0.559501051902771, -0.041740357875823975, 0.6200171709060669, 0.5807982683181763, -0.009328573942184448, 0.6897315382957458, 0.5243147611618042, -0.014291299507021904, 0.711118757724762, 0.5014992952346802, -0.019924785941839218, 0.7087233066558838, 0.4831170439720154, -0.02285539172589779, 0.5901416540145874, 0.569353461265564, 0.005662928335368633, 0.6221531629562378, 0.48541104793548584, -0.0016932947328314185, 0.6192277073860168, 0.43621015548706055, -0.013792093843221664, 0.5993494391441345, 0.4002842307090759, -0.021059885621070862, 0.5630570650100708, 0.5797551870346069, 0.018436523154377937, 0.5677183270454407, 0.500099241733551, 0.009960222989320755, 0.5575321316719055, 0.4465763568878174, 0.000622210674919188, 0.5395712852478027, 0.4024782180786133, -0.0043180594220757484]"
[],"[0.5027804970741272, 0.8299156427383423, 2.1035080521869531e-07, 0.575894296169281, 0.8316420912742615, -0.04065009206533432, 0.6425758600234985, 0.7722322940826416, -0.04325513169169426, 0.6826156377792358, 0.7138504981994629, -0.035255067050457, 0.6971204280853271, 0.6739978790283203, -0.022495519369840622, 0.6396840810775757, 0.6028319597244263, -0.02181384339928627, 0.7055163383483887, 0.5630778074264526, -0.020584551617503166, 0.7252689599990845, 0.5616406798362732, -0.022244684398174286, 0.7297486066818237, 0.5594307780265808, -0.02207964099943638, 0.6128819584846497, 0.573638379573822, 0.004376053344458342, 0.673295795917511, 0.5085046291351318, 0.007776767015457153, 0.6909576058387756, 0.48582279682159424, 0.006460485048592091, 0.6880201697349548, 0.4763686954975128, 0.006983727682381868, 0.5845199823379517, 0.5641751885414124, 0.027676725760102272, 0.6152495741844177, 0.4852234721183777, 0.030456649139523506, 0.6166205406188965, 0.44213980436325073, 0.021686311811208725, 0.6016212701797485, 0.4175245761871338, 0.016628768295049667, 0.558642566204071, 0.5729919075965881, 0.048011526465415955, 0.5638837218284607, 0.5004388093948364, 0.05034131556749344, 0.5583718419075012, 0.4522387981414795, 0.04512091353535652, 0.5450824499130249, 0.41507697105407715, 0.04259487986564636]"
[],"[0.5028524398803711, 0.8305233120918274, 2.0767983244240895e-07, 0.5761217474937439, 0.8312302827835083, -0.03890629857778549, 0.6432054042816162, 0.7735660672187805, -0.04115868732333183, 0.6858239769935608, 0.7180753946304321, -0.03339625149965286, 0.703662633895874, 0.680667519569397, -0.020664501935243607, 0.637481689453125, 0.6005727052688599, -0.018858930096030235, 0.7043389081954956, 0.5621737241744995, -0.018481992185115814, 0.7248228192329407, 0.5705217719078064, -0.02106572315096855, 0.7293452024459839, 0.5777051448822021, -0.020942380651831627, 0.6117300987243652, 0.5728177428245544, 0.006527852267026901, 0.6729276180267334, 0.5070903897285461, 0.010569673962891102, 0.691699206829071, 0.4857783317565918, 0.009179957211017609, 0.6896971464157104, 0.4781219959259033, 0.009678944945335388, 0.5842154026031494, 0.5641924142837524, 0.028897473588585854, 0.615465521812439, 0.4849964380264282, 0.03273298591375351, 0.6179491281509399, 0.4425837993621826, 0.024635586887598038, 0.6040181517601013, 0.41929900646209717, 0.020037245005369186, 0.5589648485183716, 0.5737771391868591, 0.04828513786196709, 0.565193772315979, 0.5030021071434021, 0.052312977612018585, 0.5604698061943054, 0.45667392015457153, 0.04845806956291199, 0.5479748249053955, 0.4213500916957855, 0.046902354806661606]"
"[0.7378743886947632, 0.8240256309509277, 2.3659745806980936e-07, 0.7812765836715698, 0.7341242432594299, -0.029752377420663834, 0.7828308939933777, 0.6197763085365295, -0.03642748296260834, 0.7553145885467529, 0.527292013168335, -0.040452990680933, 0.7478545308113098, 0.4513937532901764, -0.044934049248695374, 0.7158618569374084, 0.5799941420555115, -0.009902249090373516, 0.6730010509490967, 0.497234970331192, -0.028971433639526367, 0.63446044921875, 0.44587042927742004, -0.04672999307513237, 0.6049219965934753, 0.4103437066078186, -0.059060242027044296, 0.6797815561294556, 0.6110752820968628, -0.006122126244008541, 0.6370595097541809, 0.5230488181114197, -0.02293631061911583, 0.597786545753479, 0.4663887619972229, -0.04139035567641258, 0.5663350224494934, 0.42962121963500977, -0.054072652012109756, 0.6547467708587646, 0.650412917137146, -0.007003187667578459, 0.611717164516449, 0.5706614851951599, -0.02703094482421875, 0.5815037488937378, 0.5249210596084595, -0.03997388482093811, 0.5583367347717285, 0.48927751183509827, -0.047046057879924774, 0.6350083351135254, 0.7018371820449829, -0.01061883196234703, 0.605209231376648, 0.6464216113090515, -0.029459763318300247, 0.5854015350341797, 0.6163043975830078, -0.03664061799645424, 0.569960355758667, 0.5909110903739929, -0.03955409675836563]",[]
"[0.7481456398963928, 0.8102617859840393, 2.8464063461797195e-07, 0.7885165810585022, 0.7204883694648743, -0.03166194260120392, 0.7879454493522644, 0.6034776568412781, -0.036673370748758316, 0.7603704929351807, 0.5140734314918518, -0.03815796226263046, 0.7550835609436035, 0.43912839889526367, -0.039719108492136, 0.7170060873031616, 0.5493612885475159, -0.009267420507967472, 0.674998939037323, 0.4684191942214966, -0.023619752377271652, 0.6399419903755188, 0.4213230013847351, -0.03819741681218147, 0.6133923530578613, 0.38686224818229675, -0.049195729196071625, 0.6831871271133423, 0.5857830047607422, -0.004032934550195932, 0.6368778347969055, 0.4968430995941162, -0.015417912043631077, 0.6002746224403381, 0.44108882546424866, -0.03179183974862099, 0.571148157119751, 0.4049903154373169, -0.044319141656160355, 0.6617246866226196, 0.6344034671783447, -0.0036238795146346092, 0.6163720488548279, 0.5569630861282349, -0.021508045494556427, 0.5849589705467224, 0.5155364871025085, -0.03706037253141403, 0.559524416923523, 0.4789668619632721, -0.04698270559310913, 0.6451196670532227, 0.6959964632987976, -0.005889367777854204, 0.6122419238090515, 0.6467554569244385, -0.026457341387867928, 0.5893906950950623, 0.6241053938865662, -0.03705361858010292, 0.5691646337509155, 0.601277232170105, -0.04285064712166786]",[]
"[0.746930718421936, 0.7945153713226318, 2.003067294253924e-07, 0.7905067801475525, 0.7159583568572998, -0.029046937823295593, 0.7907657027244568, 0.5967777371406555, -0.03464311361312866, 0.7641657590866089, 0.5080887079238892, -0.036844056099653244, 0.7601513862609863, 0.43696272373199463, -0.039653412997722626, 0.7179310917854309, 0.5349971055984497, -0.015030113980174065, 0.6750076413154602, 0.45743244886398315, -0.03337535634636879, 0.6398105025291443, 0.4126925766468048, -0.05065058171749115, 0.6106972098350525, 0.38235342502593994, -0.06278343498706818, 0.6852802038192749, 0.5686601996421814, -0.011443507857620716, 0.6405560374259949, 0.4835453927516937, -0.02731563337147236, 0.6037148237228394, 0.4317720830440521, -0.044839173555374146, 0.5730330348014832, 0.3964357376098633, -0.057308681309223175, 0.6635400056838989, 0.6127403378486633, -0.011801386252045631, 0.6212888956069946, 0.5351029634475708, -0.031242357566952705, 0.5902708768844604, 0.4902922213077545, -0.0449732206761837, 0.5642600059509277, 0.45290595293045044, -0.053007110953330994, 0.6467268466949463, 0.6726201176643372, -0.014491070993244648, 0.6153725385665894, 0.6177874803543091, -0.03447868674993515, 0.5933094024658203, 0.5858238339424133, -0.04274027422070503, 0.572882890701294, 0.5558329224586487, -0.0462711825966835]",[]
"[0.5722667574882507, 0.6686064004898071, 3.1830069247007486e-07, 0.6033941507339478, 0.6188575625419617, -0.020176654681563377, 0.611810028553009, 0.5413298606872559, -0.028806310147047043, 0.6179593801498413, 0.4750487208366394, -0.03613431379199028, 0.6369871497154236, 0.42741453647613525, -0.043298136442899704, 0.5552070140838623, 0.4674297869205475, -0.014035453088581562, 0.537693977355957, 0.38728389143943787, -0.02631518617272377, 0.5265335440635681, 0.3387327194213867, -0.03622124344110489, 0.5164845585823059, 0.2993013858795166, -0.04369574785232544, 0.5295288562774658, 0.48308971524238586, -0.013795055449008942, 0.5100334882736206, 0.3973797559738159, -0.025015827268362045, 0.49817776679992676, 0.338701456785202, -0.03581143170595169, 0.48845022916793823, 0.2905719578266144, -0.043782927095890045, 0.5104666948318481, 0.5132020711898804, -0.01627429388463497, 0.4901164174079895, 0.43649089336395264, -0.027995236217975616, 0.4790956377983093, 0.3839469254016876, -0.037794329226017, 0.47085508704185486, 0.3393458127975464, -0.0442911796271801, 0.4968390166759491, 0.5546879768371582, -0.020684074610471725, 0.47577691078186035, 0.5031194090843201, -0.032687265425920486, 0.463713675737381, 0.4650716781616211, -0.03986375778913498, 0.45348015427589417, 0.4272288382053375, -0.044247277081012726]","[0.45018965005874634, 0.7503896355628967, -7.217331443598596e-08, 0.4944648742675781, 0.7415530681610107, 0.005355500616133213, 0.5235936641693115, 0.695056676864624, 0.004148950334638357, 0.5321798920631409, 0.6321519613265991, 0.0028975424356758595, 0.5260271430015564, 0.5889416933059692, 0.0013678495306521654, 0.5373178124427795, 0.668290913105011, -0.017770865932106972, 0.5594095587730408, 0.5775352716445923, -0.024325229227542877, 0.5553553700447083, 0.557732105255127, -0.023855263367295265, 0.5467464327812195, 0.5657240152359009, -0.021700140088796616, 0.512678861618042, 0.6344269514083862, -0.022098837420344353, 0.5331628322601318, 0.5396599173545837, -0.02892795391380787, 0.5314352512359619, 0.5352475643157959, -0.027145866304636, 0.5242099761962891, 0.5570758581161499, -0.024220382794737816, 0.48649120330810547, 0.6090520024299622, -0.024461500346660614, 0.5084425806999207, 0.5259075164794922, -0.027127619832754135, 0.5096468329429626, 0.5199262499809265, -0.023630399256944656, 0.503878653049469, 0.5323251485824585, -0.020815765485167503, 0.4627661108970642, 0.5956940054893494, -0.02546732686460018, 0.47812503576278687, 0.5345611572265625, -0.026455489918589592, 0.479156494140625, 0.520274817943573, -0.023270413279533386, 0.47452372312545776, 0.5176982283592224, -0.01995375193655491]"
"[0.7439653277397156, 0.7829360961914062, 1.9583251287258463e-07, 0.786858320236206, 0.7067285180091858, -0.03427360579371452, 0.7917409539222717, 0.5906620025634766, -0.040268342941999435, 0.7658789157867432, 0.4960874319076538, -0.040632400661706924, 0.7633920311927795, 0.42150700092315674, -0.04016352817416191, 0.7196441888809204, 0.5224786400794983, -0.011457161046564579, 0.6773557066917419, 0.44031715393066406, -0.024419471621513367, 0.6438867449760437, 0.39959150552749634, -0.03865179792046547, 0.6156396269798279, 0.37292879819869995, -0.04811759665608406, 0.6841696500778198, 0.5499706864356995, 0.0001266547478735447, 0.639660120010376, 0.4660229980945587, -0.008942375890910625, 0.6039876937866211, 0.4123010039329529, -0.023295167833566666, 0.5729345083236694, 0.3769341707229614, -0.034190308302640915, 0.6596382260322571, 0.5857603549957275, 0.007012572605162859, 0.6183575391769409, 0.5080438256263733, -0.004738246090710163, 0.5905200839042664, 0.46433180570602417, -0.01738433726131916, 0.5654066205024719, 0.43059030175209045, -0.02538265846669674, 0.6405781507492065, 0.6318081021308899, 0.01100702304393053, 0.6066004633903503, 0.5694084763526917, -0.0019402616890147328, 0.5857110619544983, 0.5354405641555786, -0.009607580490410328, 0.5665626525878906, 0.5048491954803467, -0.013394266366958618]",[]
"[0.5722892880439758, 0.6360858678817749, 1.1398146426699896e-07, 0.5396880507469177, 0.5517183542251587, 0.0034188299905508757, 0.5175409317016602, 0.45776838064193726, 0.006623777560889721, 0.5049027800559998, 0.3764224350452423, 0.005802805535495281, 0.4860953092575073, 0.32184508442878723, 0.005969911813735962, 0.5006850957870483, 0.40710416436195374, 0.031731363385915756, 0.4516713619232178, 0.3424672484397888, 0.02748044952750206, 0.4169038236141205, 0.311429888010025, 0.017963413149118423, 0.38958677649497986, 0.285773366689682, 0.010403404012322426, 0.49174922704696655, 0.4238397479057312, 0.02297576144337654, 0.4337342381477356, 0.36226072907447815, 0.019870281219482422, 0.395380437374115, 0.32928556203842163, 0.0086964201182127, 0.36375489830970764, 0.29611408710479736, -0.0007057501352392137, 0.48756417632102966, 0.448197603225708, 0.011350384913384914, 0.4331287741661072, 0.3896143436431885, 0.00841558538377285, 0.39964744448661804, 0.3571248948574066, 0.00519905798137188, 0.37445706129074097, 0.3289925456047058, 0.001665170886553824, 0.4892164170742035, 0.4731588363647461, -0.001601233845576644, 0.44989433884620667, 0.4158804714679718, -0.0024213914293795824, 0.4249209761619568, 0.3818773925304413, -0.00032055622432380915, 0.40211260318756104, 0.35006144642829895, 0.00035746226785704494]","[0.37450969219207764, 0.7576715350151062, 4.3048976294812746e-07, 0.4123630225658417, 0.6955131888389587, -0.03647428750991821, 0.44002974033355713, 0.6077079772949219, -0.05370654538273811, 0.46132877469062805, 0.5435225367546082, -0.06439371407032013, 0.4721130132675171, 0.5105417370796204, -0.07216570526361465, 0.3694152534008026, 0.5161566138267517, -0.04358213394880295, 0.41553881764411926, 0.4528488218784332, -0.06908810138702393, 0.4343341290950775, 0.436714768409729, -0.08930220454931259, 0.43590572476387024, 0.4283515214920044, -0.10130003094673157, 0.34934568405151367, 0.5143334865570068, -0.03362433239817619, 0.40545159578323364, 0.44885581731796265, -0.057515911757946014, 0.42620858550071716, 0.4232904016971588, -0.07216204702854156, 0.43198686838150024, 0.40950798988342285, -0.08087772130966187, 0.3390781581401825, 0.529385507106781, -0.02599470689892769, 0.396587073802948, 0.4749685525894165, -0.049584291875362396, 0.4250405430793762, 0.47248414158821106, -0.05629553645849228, 0.4393079876899719, 0.480560839176178, -0.056682176887989044, 0.3335234224796295, 0.5540798306465149, -0.021023167297244072, 0.37935909628868103, 0.5130711197853088, -0.03794426470994949, 0.4040289521217346, 0.5087659955024719, -0.039720866829156876, 0.4203541874885559, 0.5133853554725647, -0.037055108696222305]"
"[0.5722368955612183, 0.6735565066337585, -2.983988167670759e-07, 0.5034648180007935, 0.64055997133255, 0.007572828326374292, 0.47728222608566284, 0.5716443061828613, 0.0076474640518426895, 0.4674935042858124, 0.5102037787437439, 0.0004000058688689023, 0.45136985182762146, 0.4617767930030823, -0.007715316955000162, 0.48564502596855164, 0.46477505564689636, 0.032444875687360764, 0.4361898899078369, 0.42377468943595886, 0.018282856792211533, 0.39557814598083496, 0.41049468517303467, -0.001005537691526115, 0.3663978576660156, 0.40455594658851624, -0.014718074351549149, 0.4944041073322296, 0.44513633847236633, 0.015305066481232643, 0.4336375594139099, 0.3847964107990265, 0.005154164042323828, 0.38843271136283875, 0.35620439052581787, -0.010419144295156002, 0.34981855750083923, 0.3340345323085785, -0.022986166179180145, 0.5114944577217102, 0.43754664063453674, -0.005599585827440023, 0.4530009329319, 0.36218172311782837, -0.017253141850233078, 0.41175299882888794, 0.32525014877319336, -0.02643379382789135, 0.3771590292453766, 0.2968102693557739, -0.03403215855360031, 0.5335871577262878, 0.4377819001674652, -0.027664517983794212, 0.505152702331543, 0.3692644238471985, -0.03617270663380623, 0.48173555731773376, 0.3230859041213989, -0.03895512968301773, 0.45594263076782227, 0.28472280502319336, -0.04222268611192703]","[0.36545851826667786, 0.7811779379844666, 5.81096912810608e-07, 0.3946448564529419, 0.6646111011505127, -0.02953287772834301, 0.40674519538879395, 0.5576296448707581, -0.03334050998091698, 0.42951276898384094, 0.5016840100288391, -0.031906746327877045, 0.44790971279144287, 0.46915027499198914, -0.027977053076028824, 0.32652565836906433, 0.48529383540153503, -0.007195734418928623, 0.3672069311141968, 0.397159606218338, -0.012676567770540714, 0.3749813735485077, 0.3473934531211853, -0.02291693352162838, 0.3698843717575073, 0.31291866302490234, -0.030160628259181976, 0.3245407044887543, 0.5168450474739075, 0.004761620424687862, 0.3764200508594513, 0.42695584893226624, 0.001157325692474842, 0.38885459303855896, 0.3783722519874573, -0.011677582748234272, 0.38963747024536133, 0.34215617179870605, -0.021866142749786377, 0.3325358033180237, 0.5583670139312744, 0.013387446291744709, 0.38503530621528625, 0.492435097694397, 0.00620774133130908, 0.41243988275527954, 0.46578097343444824, -0.006776963360607624, 0.42737969756126404, 0.4550018906593323, -0.01406980399042368, 0.34421491622924805, 0.6020864248275757, 0.019465450197458267, 0.38458502292633057, 0.5586857795715332, 0.013203402981162071, 0.40652355551719666, 0.5388913750648499, 0.008183968253433704, 0.4215271770954132, 0.5323836207389832, 0.006754051428288221]"
[],"[0.5635151863098145, 0.6697902083396912, -1.3607385085379065e-07, 0.4967935383319855, 0.6279378533363342, 2.302718348801136e-05, 0.47348693013191223, 0.5517215132713318, -0.0026354347355663776, 0.4671802520751953, 0.4848633408546448, -0.010948779992759228, 0.45413222908973694, 0.43466201424598694, -0.01940017007291317, 0.4690327048301697, 0.4598495364189148, 0.0206210445612669, 0.42288392782211304, 0.4059683382511139, 0.004805598873645067, 0.3852192163467407, 0.3806700110435486, -0.013262099586427212, 0.3544933497905731, 0.3599965274333954, -0.02679431438446045, 0.4813436269760132, 0.44383859634399414, 0.006141659338027239, 0.4243186116218567, 0.37662893533706665, -0.009117220528423786, 0.38262468576431274, 0.34479260444641113, -0.025498872622847557, 0.3448745012283325, 0.31836438179016113, -0.03729046508669853, 0.5041515231132507, 0.43961870670318604, -0.012044284492731094, 0.44815099239349365, 0.3588581383228302, -0.029966795817017555, 0.409596711397171, 0.32048818469047546, -0.04112181439995766, 0.376136839389801, 0.2917359471321106, -0.04830840602517128, 0.5334463119506836, 0.44353851675987244, -0.031610894948244095, 0.5091891288757324, 0.3697603940963745, -0.0471157468855381, 0.48957785964012146, 0.3234638571739197, -0.05328027904033661, 0.46853095293045044, 0.2871989607810974, -0.057441677898168564]"
[],"[0.5659509301185608, 0.6682690382003784, -1.1338588734588484e-07, 0.5004381537437439, 0.6211032271385193, -2.394478360656649e-05, 0.4794645607471466, 0.541954755783081, -0.002308071590960026, 0.4755229651927948, 0.4704844355583191, -0.009875412099063396, 0.46513304114341736, 0.41657310724258423, -0.01756766438484192, 0.4667893052101135, 0.4601203501224518, 0.022147707641124725, 0.4174513816833496, 0.4036596715450287, 0.009525029920041561, 0.3810354173183441, 0.3742276728153229, -0.006158506963402033, 0.3541279435157776, 0.3472367227077484, -0.018389996141195297, 0.4786348044872284, 0.44333532452583313, 0.009210528805851936, 0.4197833836078644, 0.3688773810863495, -0.0029895862098783255, 0.3789823055267334, 0.3305269479751587, -0.018221981823444366, 0.3427199423313141, 0.29738593101501465, -0.029756058007478714, 0.5014611482620239, 0.43890154361724854, -0.007152924779802561, 0.4456757605075836, 0.3507431447505951, -0.022558316588401794, 0.40937942266464233, 0.30771875381469727, -0.033928316086530685, 0.37849360704421997, 0.275495320558548, -0.04178813099861145, 0.5305707454681396, 0.4436657130718231, -0.024776581674814224, 0.5075068473815918, 0.36972397565841675, -0.03794114291667938, 0.4898012578487396, 0.32220539450645447, -0.043696317821741104, 0.4701279103755951, 0.28513777256011963, -0.047904640436172485]"
[],"[0.555956244468689, 0.6504021286964417, 2.542911374803225e-07, 0.547814130783081, 0.5767917037010193, -0.04045456275343895, 0.5312597155570984, 0.4788392186164856, -0.04899926483631134, 0.5135917663574219, 0.393573135137558, -0.051892586052417755, 0.48918893933296204, 0.3297765552997589, -0.051517099142074585, 0.4820939302444458, 0.40356624126434326, -0.0014296104200184345, 0.439656525850296, 0.3306475877761841, -0.0113295903429389, 0.4057549834251404, 0.2972015142440796, -0.025319980457425117, 0.37782496213912964, 0.27136391401290894, -0.0358986034989357, 0.46291497349739075, 0.4207700788974762, 0.012544861994683743, 0.41381487250328064, 0.3480379581451416, 0.004632662981748581, 0.3782760202884674, 0.3104574382305145, -0.00979554932564497, 0.3481571078300476, 0.2778450548648834, -0.020525028929114342, 0.4580635130405426, 0.4462011456489563, 0.02040288783609867, 0.41287875175476074, 0.3751092553138733, 0.009761468507349491, 0.38527175784111023, 0.3365532457828522, -0.00024669949198141694, 0.3624603748321533, 0.30204686522483826, -0.006829556543380022, 0.4646461009979248, 0.474752813577652, 0.02369648776948452, 0.43815234303474426, 0.41313061118125916, 0.014430957846343517, 0.420784592628479, 0.3739531934261322, 0.009404773823916912, 0.40514296293258667, 0.33561211824417114, 0.006415102165192366]"
[],"[0.555709183216095, 0.6505807638168335, 2.3730247278308525e-07, 0.5467855930328369, 0.5796128511428833, -0.03986843302845955, 0.5303555727005005, 0.4850170612335205, -0.04883208125829697, 0.5127542614936829, 0.4028773307800293, -0.05241364985704422, 0.48824214935302734, 0.3412534296512604, -0.05265793949365616, 0.48417627811431885, 0.4047009348869324, -0.0012234551832079887, 0.4413982629776001, 0.3334472179412842, -0.011483067646622658, 0.4076159596443176, 0.3001619577407837, -0.026114588603377342, 0.37923333048820496, 0.2740711271762848, -0.03717496618628502, 0.4637383222579956, 0.4203430414199829, 0.012411778792738914, 0.4143541753292084, 0.3481298089027405, 0.004031079821288586, 0.3786906898021698, 0.3099900484085083, -0.010973338969051838, 0.348079115152359, 0.2759314775466919, -0.02214783988893032, 0.45724645256996155, 0.44441503286361694, 0.020048264414072037, 0.41199615597724915, 0.3739467263221741, 0.00950678437948227, 0.3845112919807434, 0.335002064704895, -0.0005269378889352083, 0.3616393208503723, 0.29999014735221863, -0.0070963054895401, 0.46176445484161377, 0.4723407030105591, 0.023134911432862282, 0.4330213963985443, 0.41130587458610535, 0.014375442638993263, 0.41377273201942444, 0.37340956926345825, 0.009717404842376709, 0.3964678645133972, 0.33607134222984314, 0.007008087355643511]"
"[0.5613541603088379, 0.6344031691551208, 8.135796747410495e-08, 0.505569338798523, 0.5818513035774231, -0.013752548955380917, 0.46844035387039185, 0.5081324577331543, -0.021673256531357765, 0.44622111320495605, 0.44917845726013184, -0.029790779575705528, 0.42785707116127014, 0.3990122675895691, -0.03672241419553757, 0.47010162472724915, 0.409772127866745, -0.0032864995300769806, 0.42737212777137756, 0.3359653949737549, -0.017084456980228424, 0.39597997069358826, 0.2999172806739807, -0.031626146286726, 0.3708041310310364, 0.2695867419242859, -0.043096333742141724, 0.47800636291503906, 0.4104551076889038, -0.006549678277224302, 0.42439451813697815, 0.3369317054748535, -0.019484512507915497, 0.38774967193603516, 0.2996950149536133, -0.03306163474917412, 0.3559883236885071, 0.26974067091941833, -0.043332189321517944, 0.4968748390674591, 0.4246997833251953, -0.01261236984282732, 0.4486417770385742, 0.3480367958545685, -0.024686338379979134, 0.41623997688293457, 0.31050121784210205, -0.032479673624038696, 0.38794413208961487, 0.281232088804245, -0.038517650216817856, 0.5234586000442505, 0.4489574432373047, -0.02066732756793499, 0.504403293132782, 0.3839908838272095, -0.0321459099650383, 0.4836459159851074, 0.3419598340988159, -0.03770803287625313, 0.4614771604537964, 0.30527153611183167, -0.0414959117770195]","[0.360260009765625, 0.8003859519958496, 5.295561322782305e-07, 0.410515695810318, 0.7291513681411743, -0.0470711775124073, 0.4415167570114136, 0.637243390083313, -0.06350032985210419, 0.4711247980594635, 0.5840070247650146, -0.07185014337301254, 0.4889771342277527, 0.5528846383094788, -0.07691402733325958, 0.3617909550666809, 0.5138599872589111, -0.0378800705075264, 0.41610294580459595, 0.46724286675453186, -0.05790434777736664, 0.4438793957233429, 0.48410630226135254, -0.07875490188598633, 0.4517395496368408, 0.49967193603515625, -0.09071366488933563, 0.3357616364955902, 0.5261722207069397, -0.021633220836520195, 0.38226190209388733, 0.4429242014884949, -0.03651444986462593, 0.3910869061946869, 0.38050082325935364, -0.05720476433634758, 0.38937678933143616, 0.3371395468711853, -0.0725446417927742, 0.3235601782798767, 0.5620734691619873, -0.009106012061238289, 0.37678757309913635, 0.5125096440315247, -0.026709960773587227, 0.40870174765586853, 0.5077269077301025, -0.045052651315927505, 0.4291614294052124, 0.5173769593238831, -0.053929734975099564, 0.32082730531692505, 0.6084827184677124, -1.1415346307330765e-05, 0.36076730489730835, 0.5783700942993164, -0.012230073101818562, 0.3874208629131317, 0.5753259062767029, -0.018726937472820282, 0.41064319014549255, 0.583817720413208, -0.020506231114268303]"
"[0.3812794089317322, 0.7647864818572998, 3.0792230631959683e-07, 0.39045390486717224, 0.707426130771637, -0.033165041357278824, 0.41143888235092163, 0.6280906200408936, -0.04782476648688316, 0.44700688123703003, 0.5795049071311951, -0.05715647339820862, 0.4668407142162323, 0.5486627817153931, -0.06365765631198883, 0.3624851703643799, 0.5234148502349854, -0.030997944995760918, 0.3955225348472595, 0.46220794320106506, -0.05021187663078308, 0.4103916883468628, 0.4461308419704437, -0.06754574179649353, 0.40749332308769226, 0.4339248538017273, -0.07900573313236237, 0.3680819571018219, 0.5116334557533264, -0.023472381755709648, 0.39054885506629944, 0.4161524772644043, -0.04395691677927971, 0.3871002793312073, 0.3495081663131714, -0.0635184645652771, 0.3730974793434143, 0.30084794759750366, -0.07687784731388092, 0.38184624910354614, 0.5216596722602844, -0.018418220803141594, 0.40288564562797546, 0.43164849281311035, -0.03928575664758682, 0.40204474329948425, 0.380847692489624, -0.055813778191804886, 0.3909401297569275, 0.3477487564086914, -0.06496050953865051, 0.4012118875980377, 0.5468330383300781, -0.015390315093100071, 0.4234439432621002, 0.48573699593544006, -0.031434591859579086, 0.423862099647522, 0.4579715430736542, -0.03860147297382355, 0.4183347523212433, 0.44026562571525574, -0.041724156588315964]","[0.5652024745941162, 0.6177469491958618, 3.2397923632743186e-07, 0.5587538480758667, 0.5174219608306885, -0.033768124878406525, 0.5354002118110657, 0.4232155680656433, -0.037961892783641815, 0.5109885931015015, 0.345674067735672, -0.03644026443362236, 0.4807237684726715, 0.28671693801879883, -0.032495900988578796, 0.48670777678489685, 0.3867167830467224, 0.00586708402261138, 0.437563955783844, 0.31708234548568726, 0.007982883602380753, 0.4069203734397888, 0.28345340490341187, 0.0012273190077394247, 0.379655659198761, 0.25485116243362427, -0.00506764417514205, 0.466076135635376, 0.4169817268848419, 0.02238238789141178, 0.41316676139831543, 0.3475433588027954, 0.026852622628211975, 0.3781144618988037, 0.30766090750694275, 0.016224151477217674, 0.34931761026382446, 0.2739202380180359, 0.0062956539914011955, 0.4529552459716797, 0.4568046033382416, 0.03435646742582321, 0.40961387753486633, 0.3935618996620178, 0.03729741647839546, 0.3834339678287506, 0.3558027744293213, 0.02871854603290558, 0.3643045127391815, 0.3243933320045471, 0.02070401981472969, 0.44541794061660767, 0.49779921770095825, 0.0425870381295681, 0.415739506483078, 0.4510226547718048, 0.04433835297822952, 0.3966282308101654, 0.41946080327033997, 0.0418035164475441, 0.3808960020542145, 0.38857170939445496, 0.038908250629901886]"
"[0.35834938287734985, 0.792721688747406, 5.336119102139492e-07, 0.4210963249206543, 0.7273672819137573, -0.048320259898900986, 0.4555892050266266, 0.6289693117141724, -0.061329472810029984, 0.485317587852478, 0.5767117142677307, -0.06261799484491348, 0.507332980632782, 0.5402299165725708, -0.05963926389813423, 0.35971489548683167, 0.5048889517784119, -0.049995988607406616, 0.42742249369621277, 0.4694400429725647, -0.06547969579696655, 0.461819589138031, 0.49184712767601013, -0.08184345811605453, 0.4760594666004181, 0.5119961500167847, -0.09039510786533356, 0.3271717429161072, 0.5212861895561218, -0.027530822902917862, 0.3836568295955658, 0.44570159912109375, -0.03437668830156326, 0.39872294664382935, 0.38198429346084595, -0.04663330689072609, 0.4011613130569458, 0.3411572575569153, -0.057257555425167084, 0.31175267696380615, 0.5600916147232056, -0.007446649018675089, 0.369628369808197, 0.5131425261497498, -0.016704637557268143, 0.39991986751556396, 0.5087988972663879, -0.030051453039050102, 0.41795414686203003, 0.520346462726593, -0.03717643395066261, 0.3087586760520935, 0.6026028990745544, 0.009326080791652203, 0.35489436984062195, 0.574164867401123, 0.0010719760321080685, 0.3791413903236389, 0.5726180672645569, -0.0037199407815933228, 0.397786021232605, 0.5812944173812866, -0.004687068518251181]","[0.5637202858924866, 0.6263879537582397, 2.2076852701502503e-07, 0.5441116094589233, 0.5394430160522461, -0.015381596982479095, 0.5189884901046753, 0.447022408246994, -0.015353389084339142, 0.4954548478126526, 0.3707769215106964, -0.01437136996537447, 0.46567443013191223, 0.31870555877685547, -0.011562001891434193, 0.49125975370407104, 0.39601966738700867, 0.019263865426182747, 0.44145017862319946, 0.32740047574043274, 0.01885785348713398, 0.40604981780052185, 0.2950528562068939, 0.010401088744401932, 0.37624990940093994, 0.26865503191947937, 0.003270943881943822, 0.4735117554664612, 0.4204067587852478, 0.024027077481150627, 0.42098313570022583, 0.35170042514801025, 0.026237374171614647, 0.3841630518436432, 0.3180926442146301, 0.015629181638360023, 0.35401707887649536, 0.28693264722824097, 0.006300651002675295, 0.46270862221717834, 0.4522835910320282, 0.025148682296276093, 0.41567352414131165, 0.38320663571357727, 0.027004677802324295, 0.38378268480300903, 0.349378764629364, 0.021881645545363426, 0.36026012897491455, 0.32220691442489624, 0.016636386513710022, 0.45753979682922363, 0.4866066575050354, 0.023729126900434494, 0.4219801723957062, 0.42768505215644836, 0.02575378492474556, 0.3966491222381592, 0.3980933129787445, 0.027343960478901863, 0.37551361322402954, 0.372493714094162, 0.028097864240407944]"
[],"[0.44613292813301086, 0.7430369853973389, -1.5843311018670647e-07, 0.4913475215435028, 0.735366940498352, 0.0029350435361266136, 0.5207331776618958, 0.6875084638595581, 0.00032917055068537593, 0.529556930065155, 0.6183017492294312, -0.0013250889023765922, 0.5221419334411621, 0.5724608898162842, -0.003119613276794553, 0.5334851145744324, 0.6554107666015625, -0.02526325173676014, 0.5508083701133728, 0.5611123442649841, -0.03389520198106766, 0.5439586043357849, 0.5553295612335205, -0.032777342945337296, 0.5340731739997864, 0.5728145241737366, -0.030274834483861923, 0.5073196291923523, 0.620823323726654, -0.028893766924738884, 0.5265035629272461, 0.5167093873023987, -0.04084412381052971, 0.5207324028015137, 0.512729823589325, -0.04027214273810387, 0.5104218125343323, 0.531997799873352, -0.03736158460378647, 0.4799427092075348, 0.5964421629905701, -0.03060724213719368, 0.4977894127368927, 0.5000342130661011, -0.03872106596827507, 0.4953545331954956, 0.4774110019207001, -0.03962910920381546, 0.48712822794914246, 0.47329020500183105, -0.03911576792597771, 0.4551100432872772, 0.586255669593811, -0.030584681779146194, 0.4669976532459259, 0.5149855613708496, -0.03767916560173035, 0.46601641178131104, 0.48224037885665894, -0.040635984390974045, 0.4608501195907593, 0.4582974910736084, -0.04154149442911148]"
"[0.3635973632335663, 0.786746621131897, 4.0221368635684485e-07, 0.3648800849914551, 0.6717146635055542, -0.028540195897221565, 0.37514832615852356, 0.5570918917655945, -0.034281011670827866, 0.39655566215515137, 0.49908560514450073, -0.03215697780251503, 0.4102250039577484, 0.47197818756103516, -0.028283150866627693, 0.36682653427124023, 0.5044114589691162, -0.029628081247210503, 0.38337695598602295, 0.4060976207256317, -0.037665434181690216, 0.37815189361572266, 0.3461024761199951, -0.04706786572933197, 0.3653486669063568, 0.30325883626937866, -0.05337613448500633, 0.3741477429866791, 0.531420111656189, -0.015126016922295094, 0.4047059118747711, 0.42856359481811523, -0.018739089369773865, 0.4005187451839447, 0.36889225244522095, -0.027512088418006897, 0.3903493285179138, 0.32681649923324585, -0.035246580839157104, 0.38406819105148315, 0.5676475763320923, -0.0015951956156641245, 0.4183790385723114, 0.4809400737285614, -0.002966881962493062, 0.42190366983413696, 0.4357215464115143, -0.010190706700086594, 0.4207642376422882, 0.4120660424232483, -0.01585567742586136, 0.3940604627132416, 0.6070600748062134, 0.009595140814781189, 0.42207399010658264, 0.5468794107437134, 0.009130737744271755, 0.42855432629585266, 0.5150683522224426, 0.007751253433525562, 0.43143779039382935, 0.4979894459247589, 0.007516250479966402]","[0.5562415719032288, 0.6376034617424011, 2.421833187327138e-07, 0.5432371497154236, 0.5475341081619263, -0.00889523047953844, 0.5232424736022949, 0.4466758370399475, -0.010398447513580322, 0.5016206502914429, 0.36454474925994873, -0.012848647311329842, 0.47504931688308716, 0.30911123752593994, -0.014528275467455387, 0.4934860169887543, 0.4101458489894867, 0.014869175851345062, 0.44629111886024475, 0.3448330760002136, 0.006017627194523811, 0.4087698459625244, 0.3117312788963318, -0.005507838446646929, 0.3791123032569885, 0.2859930992126465, -0.014078066684305668, 0.4754534065723419, 0.4381748139858246, 0.01149427704513073, 0.4242541193962097, 0.3696829676628113, 0.0034813201054930687, 0.3883935809135437, 0.33118605613708496, -0.009237555786967278, 0.35911059379577637, 0.29713213443756104, -0.018521474674344063, 0.46369168162345886, 0.47098520398139954, 0.005052908323705196, 0.41425561904907227, 0.40354129672050476, -0.003713842248544097, 0.3845483064651489, 0.36164209246635437, -0.008781286887824535, 0.3624235987663269, 0.3268399238586426, -0.011965985409915447, 0.4577069878578186, 0.5066346526145935, -0.0030760548543184996, 0.4194989800453186, 0.44718247652053833, -0.009168458171188831, 0.39839017391204834, 0.4122755229473114, -0.008083154447376728, 0.3818362355232239, 0.38034677505493164, -0.006577357184141874]"
"[0.36299246549606323, 0.7863625288009644, 3.103198764620174e-07, 0.3355546295642853, 0.6604413986206055, -0.01789771392941475, 0.33928531408309937, 0.5419255495071411, -0.022832078859210014, 0.37109532952308655, 0.4824677109718323, -0.023044288158416748, 0.3982124924659729, 0.45646750926971436, -0.02197819948196411, 0.35280483961105347, 0.5018397569656372, -0.02285926416516304, 0.3790256977081299, 0.40860655903816223, -0.03298475220799446, 0.3775433599948883, 0.35078468918800354, -0.042856231331825256, 0.36664918065071106, 0.31278538703918457, -0.049192722886800766, 0.37812891602516174, 0.5342836380004883, -0.016701234504580498, 0.4118610620498657, 0.43470901250839233, -0.022368311882019043, 0.4090636074542999, 0.38110053539276123, -0.03168656677007675, 0.39905962347984314, 0.3458150625228882, -0.0395662859082222, 0.40417805314064026, 0.5742806792259216, -0.011085351929068565, 0.43697255849838257, 0.4917003810405731, -0.013820524327456951, 0.43940815329551697, 0.4556044340133667, -0.020966749638319016, 0.4367717206478119, 0.43857643008232117, -0.02662353590130806, 0.4280920624732971, 0.6174494028091431, -0.007062519434839487, 0.45318102836608887, 0.5590333938598633, -0.00689247390255332, 0.45622992515563965, 0.533024251461029, -0.007437658961862326, 0.4563116431236267, 0.5200706124305725, -0.007444171234965324]","[0.5624213218688965, 0.6485825777053833, 9.87930448559382e-09, 0.4977625012397766, 0.6210464239120483, 0.00758240045979619, 0.4594641923904419, 0.5562390685081482, 0.010062902234494686, 0.4394160509109497, 0.49858206510543823, 0.0072711436077952385, 0.42026275396347046, 0.4518556296825409, 0.004348016809672117, 0.46442821621894836, 0.4592519700527191, 0.026314983144402504, 0.4236599802970886, 0.3929919898509979, 0.018521899357438087, 0.39054328203201294, 0.3565804064273834, 0.008610001765191555, 0.3660320043563843, 0.3298538625240326, 0.0007556368364021182, 0.47831693291664124, 0.44216281175613403, 0.011477846652269363, 0.4282951354980469, 0.37257522344589233, 0.0018841419368982315, 0.3914664685726166, 0.3368126451969147, -0.00839198101311922, 0.36118850111961365, 0.3076806664466858, -0.015338454395532608, 0.497815877199173, 0.4337076246738434, -0.005988650489598513, 0.44917696714401245, 0.356303870677948, -0.01657915487885475, 0.41316360235214233, 0.31879517436027527, -0.020461555570364, 0.3833402693271637, 0.2891123592853546, -0.022510360926389694, 0.5248292684555054, 0.43175768852233887, -0.024128587916493416, 0.49228015542030334, 0.3565380573272705, -0.03251253440976143, 0.4674813151359558, 0.3147367238998413, -0.03255392611026764, 0.4424322843551636, 0.2812310457229614, -0.03186025470495224]"
"[0.35658618807792664, 0.7872965335845947, 3.32620317067267e-07, 0.40376147627830505, 0.6671766638755798, -0.02038971520960331, 0.42319363355636597, 0.5621981620788574, -0.02943284809589386, 0.44319114089012146, 0.4945463538169861, -0.03764854371547699, 0.45119768381118774, 0.44361743330955505, -0.04271508380770683, 0.31593555212020874, 0.48752889037132263, -0.007399131078273058, 0.390749990940094, 0.43266761302948, -0.03349459171295166, 0.4364577531814575, 0.43958067893981934, -0.061159759759902954, 0.46058687567710876, 0.45945101976394653, -0.07711085677146912, 0.3044503927230835, 0.5012712478637695, -0.006538527552038431, 0.38559168577194214, 0.42452916502952576, -0.02440755069255829, 0.41934818029403687, 0.4028036594390869, -0.045544881373643875, 0.43739938735961914, 0.4004257321357727, -0.06032631918787956, 0.3064602017402649, 0.5299245715141296, -0.009562559425830841, 0.3864864706993103, 0.4634738564491272, -0.02590036764740944, 0.42826026678085327, 0.45745211839675903, -0.03905530273914337, 0.4556502103805542, 0.46996158361434937, -0.04544426500797272, 0.31534093618392944, 0.5652841925621033, -0.015071078203618526, 0.3762432634830475, 0.5193524360656738, -0.023272505030035973, 0.4094234108924866, 0.5081163048744202, -0.025480320677161217, 0.43472713232040405, 0.510169267654419, -0.024773748591542244]",[]
[],"[0.35614100098609924, 0.7789577841758728, 2.8098210691496206e-07, 0.3760966658592224, 0.6588723659515381, -0.025092527270317078, 0.38277244567871094, 0.546360194683075, -0.03655523434281349, 0.39824190735816956, 0.4642801880836487, -0.04578712210059166, 0.40584129095077515, 0.3984255790710449, -0.0521111823618412, 0.3052975535392761, 0.4822162389755249, -0.014852471649646759, 0.37644582986831665, 0.41390499472618103, -0.04278009384870529, 0.41619768738746643, 0.4181821048259735, -0.06994061917066574, 0.43476688861846924, 0.4396614134311676, -0.08491900563240051, 0.3138076364994049, 0.4995051622390747, -0.011215746402740479, 0.38729438185691833, 0.4198983311653137, -0.030965950340032578, 0.4203033447265625, 0.4012235105037689, -0.05080650374293327, 0.43826064467430115, 0.4076288342475891, -0.06378736346960068, 0.33041006326675415, 0.5327896475791931, -0.011593305505812168, 0.3958369195461273, 0.4565480649471283, -0.027215439826250076, 0.4272817075252533, 0.438448041677475, -0.03658873215317726, 0.4456945061683655, 0.4454943537712097, -0.04058387503027916, 0.34787511825561523, 0.5728031396865845, -0.014713695272803307, 0.3938794732093811, 0.5136545300483704, -0.02269420027732849, 0.4155656099319458, 0.4896261692047119, -0.02306051179766655, 0.43055522441864014, 0.48132744431495667, -0.021051637828350067]"
"[0.5599188208580017, 0.6724333763122559, -2.860298025098018e-07, 0.4956974685192108, 0.6372343301773071, 0.008803850039839745, 0.4685540795326233, 0.562894344329834, 0.012482590973377228, 0.4592111110687256, 0.4956509470939636, 0.008789760060608387, 0.44193851947784424, 0.43977591395378113, 0.0042940895073115826, 0.46613484621047974, 0.4735775887966156, 0.03847631439566612, 0.4229130148887634, 0.413031667470932, 0.027572911232709885, 0.38366949558258057, 0.3850598633289337, 0.011953777633607388, 0.3553663194179535, 0.3666064441204071, 0.00044737005373463035, 0.48002445697784424, 0.4521951377391815, 0.020932134240865707, 0.42503607273101807, 0.37943533062934875, 0.009794231504201889, 0.38114428520202637, 0.34370970726013184, -0.006188131868839264, 0.3436949849128723, 0.31585875153541565, -0.017720825970172882, 0.5018084049224854, 0.4381243586540222, -0.000336204597260803, 0.44600945711135864, 0.3516210913658142, -0.014610364101827145, 0.4037032723426819, 0.3094173073768616, -0.023984022438526154, 0.3680180013179779, 0.27564722299575806, -0.029675273224711418, 0.5298624634742737, 0.42890265583992004, -0.022339526563882828, 0.4869750738143921, 0.34908199310302734, -0.03312293440103531, 0.4572122097015381, 0.3070732057094574, -0.033863987773656845, 0.42873141169548035, 0.27636075019836426, -0.033979542553424835]","[0.3515361547470093, 0.7754499912261963, 2.088887640638859e-07, 0.3963842988014221, 0.6797865033149719, -0.027532493695616722, 0.42268091440200806, 0.583014965057373, -0.03900228068232536, 0.4504905343055725, 0.5091840028762817, -0.048535194247961044, 0.4668368399143219, 0.45897984504699707, -0.054627228528261185, 0.30707621574401855, 0.49083366990089417, -0.008306755684316158, 0.38326337933540344, 0.4378451406955719, -0.030337482690811157, 0.431058406829834, 0.4431535303592682, -0.053870927542448044, 0.457823783159256, 0.46360868215560913, -0.0672183558344841, 0.2973569333553314, 0.49334174394607544, -0.0020482693798840046, 0.38317346572875977, 0.43001213669776917, -0.01982579007744789, 0.43237394094467163, 0.4361352324485779, -0.0391562283039093, 0.46420159935951233, 0.4605478048324585, -0.05102134123444557, 0.3004853129386902, 0.5102312564849854, 0.00013672940258402377, 0.3793976306915283, 0.4527859687805176, -0.01652415655553341, 0.42516836524009705, 0.4551849365234375, -0.02963583916425705, 0.4549718201160431, 0.47676926851272583, -0.03490558639168739, 0.3078707754611969, 0.5344951152801514, -0.00039198293234221637, 0.36498767137527466, 0.4852083623409271, -0.009730182588100433, 0.40030738711357117, 0.47731009125709534, -0.013208924792706966, 0.427746444940567, 0.48402267694473267, -0.012545503675937653]"
[],"[0.36130422353744507, 0.7662885189056396, 3.790960931837617e-07, 0.324465811252594, 0.6382642388343811, -0.022757381200790405, 0.3123440742492676, 0.5276715159416199, -0.03110557794570923, 0.34077468514442444, 0.46611297130584717, -0.03845280408859253, 0.37800389528274536, 0.44858551025390625, -0.04544076696038246, 0.3295336067676544, 0.4816625714302063, -0.009092776104807854, 0.3547396957874298, 0.3936859965324402, -0.024781065061688423, 0.36230000853538513, 0.3489244878292084, -0.040837787091732025, 0.362373948097229, 0.3197309672832489, -0.05118734762072563, 0.361264169216156, 0.5063355565071106, -0.006247247569262981, 0.39135363698005676, 0.41943788528442383, -0.021001014858484268, 0.40165483951568604, 0.38612043857574463, -0.03761178255081177, 0.40486013889312744, 0.37001579999923706, -0.04810318723320961, 0.39159849286079407, 0.5401704907417297, -0.006726876832544804, 0.42114272713661194, 0.4806172549724579, -0.02002072148025036, 0.4372790455818176, 0.46863290667533875, -0.03230750188231468, 0.4487746059894562, 0.4747238755226135, -0.03760509565472603, 0.41643786430358887, 0.5802289247512817, -0.009738572873175144, 0.4440300166606903, 0.5409045815467834, -0.01418011449277401, 0.4552772641181946, 0.5319309234619141, -0.016160469502210617, 0.46462076902389526, 0.5368903875350952, -0.015845894813537598]"
[],"[0.3625521659851074, 0.7658615112304688, 2.736626356636407e-07, 0.3416072130203247, 0.655072808265686, -0.02798488736152649, 0.33684486150741577, 0.5520367622375488, -0.036976806819438934, 0.3601747453212738, 0.4846915602684021, -0.04330606013536453, 0.386056125164032, 0.456287145614624, -0.0478682667016983, 0.331209659576416, 0.4923701882362366, -0.009770365431904793, 0.368447870016098, 0.42681461572647095, -0.029946915805339813, 0.3893320560455322, 0.41421791911125183, -0.05176146328449249, 0.3988283574581146, 0.4139287769794464, -0.06423953175544739, 0.35506585240364075, 0.5095278024673462, -0.0024156044237315655, 0.3934902846813202, 0.43187958002090454, -0.016498973593115807, 0.41080665588378906, 0.4070543944835663, -0.035201091319322586, 0.4205942749977112, 0.4021872282028198, -0.04771587625145912, 0.379227876663208, 0.5357375741004944, 0.0005456819199025631, 0.4148050546646118, 0.47885188460350037, -0.012433010153472424, 0.43314018845558167, 0.4666042923927307, -0.027241377159953117, 0.4468824863433838, 0.47581925988197327, -0.03449906408786774, 0.3991307318210602, 0.56822669506073, 0.0007168241427280009, 0.429070383310318, 0.5282291173934937, -0.0030919662676751614, 0.44263917207717896, 0.5178801417350769, -0.005688314791768789, 0.454647958278656, 0.522607684135437, -0.005947755184024572]"
"[0.5565171241760254, 0.6300123333930969, 3.237678924961074e-07, 0.5658906102180481, 0.5309914350509644, -0.037036143243312836, 0.5473960638046265, 0.4347880482673645, -0.0416807197034359, 0.5184942483901978, 0.35583457350730896, -0.04019980877637863, 0.4890916347503662, 0.29211094975471497, -0.03576701506972313, 0.4791056215763092, 0.38989004492759705, 0.005844827275723219, 0.4401431381702423, 0.31821495294570923, 0.005423921160399914, 0.4121907949447632, 0.2836914658546448, -0.003025685204192996, 0.38654643297195435, 0.2548355460166931, -0.01037605945020914, 0.45367956161499023, 0.4166748821735382, 0.022604335099458694, 0.41065290570259094, 0.34358087182044983, 0.025724779814481735, 0.3808508813381195, 0.3011765480041504, 0.015673723071813583, 0.3543979525566101, 0.26439765095710754, 0.0064997486770153046, 0.4399716258049011, 0.4510234594345093, 0.03392859175801277, 0.40006494522094727, 0.38200893998146057, 0.034477513283491135, 0.37755540013313293, 0.3422388434410095, 0.026917411014437675, 0.3578895032405853, 0.30476847290992737, 0.02010270766913891, 0.4333856403827667, 0.48999154567718506, 0.04105000197887421, 0.40353909134864807, 0.43798860907554626, 0.03980911895632744, 0.38581383228302, 0.40052029490470886, 0.03654664009809494, 0.3704284131526947, 0.3622846305370331, 0.03381385654211044]",[]
[],"[0.35753846168518066, 0.7786027193069458, 4.4048155700693314e-07, 0.3930250406265259, 0.7204627990722656, -0.04207120090723038, 0.42531371116638184, 0.6320576667785645, -0.05765464901924133, 0.458120733499527, 0.5784689784049988, -0.06519635021686554, 0.4750458896160126, 0.5494873523712158, -0.07084956020116806, 0.3667566776275635, 0.519180417060852, -0.04009897634387016, 0.4117288291454315, 0.4545329809188843, -0.056086327880620956, 0.43378862738609314, 0.4417138993740082, -0.07220569252967834, 0.44217872619628906, 0.43138203024864197, -0.08295091986656189, 0.3500979542732239, 0.5206971168518066, -0.026413999497890472, 0.39163002371788025, 0.4279080033302307, -0.03826940432190895, 0.39850661158561707, 0.3717822730541229, -0.05259336903691292, 0.3971584439277649, 0.3347489833831787, -0.06339304894208908, 0.34403181076049805, 0.5463876128196716, -0.015565749257802963, 0.3862001299858093, 0.47801655530929565, -0.027349188923835754, 0.4009847342967987, 0.4445186257362366, -0.039575230330228806, 0.40790581703186035, 0.4273829162120819, -0.04710996150970459, 0.34315863251686096, 0.5848979949951172, -0.008075176738202572, 0.378584086894989, 0.5485657453536987, -0.016570288687944412, 0.39441996812820435, 0.5343420505523682, -0.019757820293307304, 0.40614405274391174, 0.5311275124549866, -0.02077951841056347]"
[],"[0.5567612648010254, 0.6266717314720154, 3.1842742487242504e-07, 0.5660482048988342, 0.5296822190284729, -0.032609082758426666, 0.5469062924385071, 0.43537437915802, -0.03628408908843994, 0.5150651931762695, 0.3570249080657959, -0.033659808337688446, 0.49091124534606934, 0.2916000485420227, -0.028218146413564682, 0.47660601139068604, 0.4032799303531647, 0.004203249234706163, 0.4373437762260437, 0.33261099457740784, 0.007058137096464634, 0.40988725423812866, 0.29689493775367737, 0.0030320752412080765, 0.3864733576774597, 0.2693609595298767, -0.0011585999745875597, 0.4532776474952698, 0.4351416826248169, 0.020503293722867966, 0.40943601727485657, 0.364155113697052, 0.02608169987797737, 0.3814736008644104, 0.32250234484672546, 0.01991870254278183, 0.3570359945297241, 0.28771406412124634, 0.013434957712888718, 0.44036775827407837, 0.47177910804748535, 0.032333482056856155, 0.4012609124183655, 0.40790098905563354, 0.034531354904174805, 0.38020414113998413, 0.3677801489830017, 0.027840768918395042, 0.3617877960205078, 0.33257126808166504, 0.021360350772738457, 0.4348890781402588, 0.5087218284606934, 0.0407298319041729, 0.4050649404525757, 0.46172836422920227, 0.03980003297328949, 0.3906312584877014, 0.428114116191864, 0.036274898797273636, 0.3777202069759369, 0.39741572737693787, 0.03348192200064659]"
"[0.5715267658233643, 0.6848986148834229, 3.0683216323268425e-07, 0.6033729314804077, 0.632743239402771, -0.019826442003250122, 0.6134105920791626, 0.553250253200531, -0.027472196146845818, 0.6204922795295715, 0.4843447208404541, -0.03367020562291145, 0.6397349834442139, 0.4376246929168701, -0.039177343249320984, 0.558169960975647, 0.4795098304748535, -0.009978131391108036, 0.5388379693031311, 0.3993682861328125, -0.020426619797945023, 0.5257093906402588, 0.3518398404121399, -0.02971850335597992, 0.5143836736679077, 0.31335365772247314, -0.03673857823014259, 0.5314122438430786, 0.49315041303634644, -0.008617204613983631, 0.5105808973312378, 0.4066998362541199, -0.01819951832294464, 0.49720850586891174, 0.34761708974838257, -0.028637457638978958, 0.48613855242729187, 0.2991032600402832, -0.03623019903898239, 0.5109875798225403, 0.5202797055244446, -0.010051637887954712, 0.4897623360157013, 0.4444323778152466, -0.020183196291327477, 0.4783742427825928, 0.3931422531604767, -0.02979695051908493, 0.4692838788032532, 0.35006293654441833, -0.036137621849775314, 0.49577128887176514, 0.5571874380111694, -0.013452832587063313, 0.47574740648269653, 0.5056405663490295, -0.023340970277786255, 0.46419116854667664, 0.4700550436973572, -0.029529495164752007, 0.4542086720466614, 0.43512001633644104, -0.03330620750784874]",[]
[],"[0.562942624092102, 0.6374859809875488, 3.4422339467710117e-07, 0.5664847493171692, 0.540079653263092, -0.03881440311670303, 0.5491992235183716, 0.4434297978878021, -0.044967975467443466, 0.5183623433113098, 0.36256158351898193, -0.04387189820408821, 0.4918105900287628, 0.2976207137107849, -0.0398084856569767, 0.4862850308418274, 0.40986108779907227, 0.0020951793994754553, 0.44575825333595276, 0.34148818254470825, 0.0018378255190327764, 0.4154549837112427, 0.3100389242172241, -0.005703656934201717, 0.3892825245857239, 0.2866896986961365, -0.011727165430784225, 0.46240246295928955, 0.44392648339271545, 0.021524829789996147, 0.4189642667770386, 0.3751889169216156, 0.02623359113931656, 0.3891613781452179, 0.33751267194747925, 0.017928091809153557, 0.3617171049118042, 0.303894966840744, 0.009724096395075321, 0.448950856924057, 0.4819028973579407, 0.035531409084796906, 0.4103981852531433, 0.41961920261383057, 0.03779974207282066, 0.3867607116699219, 0.38297414779663086, 0.031196100637316704, 0.3651859760284424, 0.34866926074028015, 0.02466626465320587, 0.4417588710784912, 0.5208895802497864, 0.04537647217512131, 0.4090082049369812, 0.47350311279296875, 0.045741960406303406, 0.3900296092033386, 0.4444315731525421, 0.04348697140812874, 0.37228691577911377, 0.4158064126968384, 0.04139135777950287]"
[],"[0.5599244832992554, 0.6403408050537109, 3.2813051120683667e-07, 0.5672347545623779, 0.5368219614028931, -0.029600033536553383, 0.5472403168678284, 0.43662697076797485, -0.03181377425789833, 0.5161392688751221, 0.35593339800834656, -0.02890288084745407, 0.49174031615257263, 0.2923376262187958, -0.022993525490164757, 0.48441454768180847, 0.412553071975708, 0.011197151616215706, 0.4433422088623047, 0.3426901400089264, 0.012089484371244907, 0.41264182329177856, 0.3089568316936493, 0.006610723678022623, 0.3871621787548065, 0.2855072319507599, 0.0024272853042930365, 0.45920783281326294, 0.4459182024002075, 0.02612920105457306, 0.41582414507865906, 0.3756146728992462, 0.031250592321157455, 0.3864898383617401, 0.3396010100841522, 0.025079596787691116, 0.3610677421092987, 0.3053255081176758, 0.019321167841553688, 0.4440591633319855, 0.48227062821388245, 0.03613780438899994, 0.4060361683368683, 0.417228102684021, 0.039488501846790314, 0.3830174505710602, 0.38014939427375793, 0.03629813343286514, 0.3635685443878174, 0.34690016508102417, 0.03284664452075958, 0.4353342652320862, 0.5197508335113525, 0.04253678023815155, 0.40412089228630066, 0.4696928858757019, 0.04494587332010269, 0.38508325815200806, 0.43856605887413025, 0.04541632905602455, 0.36777934432029724, 0.41005340218544006, 0.04598129540681839]"
[],"[0.406908243894577, 0.7630531787872314, 2.215180572306963e-08, 0.3486716151237488, 0.6739459037780762, -0.012946981936693192, 0.3281095623970032, 0.5707806944847107, -0.014384577982127666, 0.3516143560409546, 0.508444607257843, -0.01740811951458454, 0.37634027004241943, 0.4799889922142029, -0.02026822417974472, 0.3763964772224426, 0.5074949860572815, 0.011263096705079079, 0.38223952054977417, 0.4258098602294922, -0.0006073982222005725, 0.37037816643714905, 0.3773525357246399, -0.014119659550487995, 0.3522397577762604, 0.3402036428451538, -0.023892011493444443, 0.42056071758270264, 0.5013308525085449, 0.007929299026727676, 0.4183066785335541, 0.4173436760902405, -0.004009742755442858, 0.3953642249107361, 0.3630303144454956, -0.018545102328062057, 0.367563933134079, 0.32234716415405273, -0.02775835618376732, 0.46248430013656616, 0.5087032914161682, 0.0003699010412674397, 0.4563995599746704, 0.4165758490562439, -0.013611654751002789, 0.43097588419914246, 0.3569389581680298, -0.02498522214591503, 0.4024440050125122, 0.3156236410140991, -0.03001817874610424, 0.5043600797653198, 0.522434651851654, -0.009172682650387287, 0.5135125517845154, 0.43537527322769165, -0.020072583109140396, 0.5041565895080566, 0.3750954866409302, -0.02501356415450573, 0.4888412058353424, 0.3251259922981262, -0.026242440566420555]"
[],"[0.41569745540618896, 0.7426610589027405, -4.841234613195411e-08, 0.3464795649051666, 0.6468946933746338, -0.013644469901919365, 0.3229288160800934, 0.5428153872489929, -0.017505550757050514, 0.36540162563323975, 0.4905696511268616, -0.02402476593852043, 0.41408199071884155, 0.4776062071323395, -0.030784854665398598, 0.369484543800354, 0.5018840432167053, 0.00875290110707283, 0.37812817096710205, 0.4213769733905792, -0.008080133236944675, 0.3654419481754303, 0.37334632873535156, -0.02604237012565136, 0.3472079634666443, 0.33999380469322205, -0.03918103128671646, 0.4182164967060089, 0.4956732988357544, 0.0035435999743640423, 0.41803842782974243, 0.4077989161014557, -0.014143349602818489, 0.39604514837265015, 0.35802364349365234, -0.0329832099378109, 0.3693494200706482, 0.32356560230255127, -0.045290444046258926, 0.46523886919021606, 0.4997609257698059, -0.0061722565442323685, 0.46389055252075195, 0.4104485511779785, -0.024685088545084, 0.4373618960380554, 0.3569648265838623, -0.04009181261062622, 0.40562039613723755, 0.3221849203109741, -0.047869566828012466, 0.5129951238632202, 0.5106773376464844, -0.01808963529765606, 0.5222982168197632, 0.4322907030582428, -0.03140953928232193, 0.508104145526886, 0.3804500102996826, -0.03841182589530945, 0.4848940074443817, 0.34213247895240784, -0.041876256465911865]"
[],"[0.4482339024543762, 0.7504249811172485, 3.33859411227877e-08, 0.39624789357185364, 0.6750205755233765, -0.021366478875279427, 0.37067389488220215, 0.5785369873046875, -0.03020830824971199, 0.39318838715553284, 0.5140959620475769, -0.03997635841369629, 0.4222373068332672, 0.47728589177131653, -0.04823683947324753, 0.3563252091407776, 0.48919203877449036, 0.0050322734750807285, 0.3895326554775238, 0.4155582785606384, -0.01534341648221016, 0.38986387848854065, 0.3798077702522278, -0.03688839077949524, 0.37705448269844055, 0.3603033423423767, -0.05159484222531319, 0.3999387323856354, 0.4759509265422821, 0.004335911478847265, 0.41713041067123413, 0.38757941126823425, -0.013211330398917198, 0.39945322275161743, 0.339080810546875, -0.030475957319140434, 0.37296393513679504, 0.3084222674369812, -0.04256466031074524, 0.4491894245147705, 0.4753406047821045, -0.0019581399392336607, 0.45420634746551514, 0.3838135600090027, -0.019671952351927757, 0.4315345883369446, 0.3375897705554962, -0.030637456104159355, 0.4026615023612976, 0.30994975566864014, -0.0362173356115818, 0.5033628940582275, 0.4816063642501831, -0.011300052516162395, 0.5142878293991089, 0.403253436088562, -0.023013627156615257, 0.5027323365211487, 0.35336747765541077, -0.02708796225488186, 0.48294949531555176, 0.31489530205726624, -0.028807811439037323]"
[],"[0.5788947939872742, 0.6728602647781372, -3.0767031944378687e-07, 0.5201253294944763, 0.609385073184967, -0.0045945835299789906, 0.4988499581813812, 0.5186994075775146, -0.006354243960231543, 0.4971202611923218, 0.43660104274749756, -0.012247531674802303, 0.4822102189064026, 0.3749150335788727, -0.017410213127732277, 0.4843441843986511, 0.43469178676605225, 0.022301478311419487, 0.43685808777809143, 0.37091678380966187, 0.006609518080949783, 0.4019586741924286, 0.3450270891189575, -0.012552402913570404, 0.3734513819217682, 0.3246019780635834, -0.02652876451611519, 0.5005567073822021, 0.4264984726905823, 0.012071563862264156, 0.44544199109077454, 0.3579064905643463, -0.0016418774612247944, 0.40810975432395935, 0.3259523808956146, -0.018420526757836342, 0.37335994839668274, 0.2988772690296173, -0.030713874846696854, 0.5258473753929138, 0.43216395378112793, -0.0024514952674508095, 0.4736488163471222, 0.3505916893482208, -0.016830511391162872, 0.4366742670536041, 0.3115898668766022, -0.024710265919566154, 0.4012244939804077, 0.2787104547023773, -0.03057905286550522, 0.5575731992721558, 0.44684427976608276, -0.018981678411364555, 0.5364698171615601, 0.3783791959285736, -0.02971702255308628, 0.5185187458992004, 0.3303077220916748, -0.0318988636136055, 0.49615296721458435, 0.2871066927909851, -0.03368327021598816]"
[],"[0.575751781463623, 0.6766332387924194, -2.8945018470949435e-07, 0.5248878598213196, 0.6101528406143188, 9.615055023459718e-05, 0.5059463977813721, 0.5188378691673279, 0.0002456638030707836, 0.5021588206291199, 0.43955978751182556, -0.005017670337110758, 0.485470712184906, 0.37819668650627136, -0.009452520869672298, 0.48794975876808167, 0.4317591190338135, 0.031658947467803955, 0.4412424862384796, 0.36460667848587036, 0.018963279202580452, 0.40579909086227417, 0.33976298570632935, 0.0009844460291787982, 0.3788561224937439, 0.32230859994888306, -0.01202305592596531, 0.49900999665260315, 0.4245506227016449, 0.019861528649926186, 0.44481635093688965, 0.3530232906341553, 0.009805746376514435, 0.40649569034576416, 0.3231036067008972, -0.0055360752157866955, 0.3721576929092407, 0.30077919363975525, -0.01684938371181488, 0.5189752578735352, 0.43003761768341064, 0.0037599012721329927, 0.46621039509773254, 0.34594035148620605, -0.0052773612551391125, 0.4282210171222687, 0.3090924620628357, -0.009805449284613132, 0.39361703395843506, 0.2800355553627014, -0.013899488374590874, 0.5463932156562805, 0.4439154863357544, -0.014429830946028233, 0.5200191140174866, 0.37067505717277527, -0.02071979083120823, 0.49713537096977234, 0.32318493723869324, -0.020052773877978325, 0.4703954756259918, 0.2827666997909546, -0.019901059567928314]"
"[0.570162832736969, 0.6194100379943848, 3.3537352805979026e-07, 0.5821897983551025, 0.5182816386222839, -0.03304986655712128, 0.5702544450759888, 0.4152988791465759, -0.03648419305682182, 0.543717622756958, 0.32811135053634644, -0.035468365997076035, 0.5164602398872375, 0.2600677013397217, -0.03177724406123161, 0.49660226702690125, 0.3762829601764679, 0.013684941455721855, 0.4544931650161743, 0.303421288728714, 0.011903880164027214, 0.42406919598579407, 0.26453670859336853, 0.003237152239307761, 0.3993273675441742, 0.23168739676475525, -0.0040128109976649284, 0.47103628516197205, 0.405127614736557, 0.027023881673812866, 0.4214239716529846, 0.3300575613975525, 0.028158944100141525, 0.39100342988967896, 0.2857719659805298, 0.017159152776002884, 0.36515918374061584, 0.2426053285598755, 0.007733653765171766, 0.4555666148662567, 0.4421195387840271, 0.034580446779727936, 0.4089542627334595, 0.3744674623012543, 0.03190579265356064, 0.38393500447273254, 0.3331476151943207, 0.02362045831978321, 0.36333978176116943, 0.2935095727443695, 0.01711948774755001, 0.4475388824939728, 0.48346731066703796, 0.038271915167570114, 0.41121673583984375, 0.43239083886146545, 0.034578170627355576, 0.39271196722984314, 0.3967141807079315, 0.031185902655124664, 0.3772680163383484, 0.3611859083175659, 0.029020292684435844]","[0.38784945011138916, 0.7665774822235107, 1.0692311036564206e-07, 0.4416820704936981, 0.674303412437439, -0.02656383439898491, 0.4682714343070984, 0.5905855894088745, -0.04272140935063362, 0.48250263929367065, 0.5244653820991516, -0.05728088319301605, 0.48399657011032104, 0.4807778298854828, -0.06828539818525314, 0.3753669857978821, 0.4992525577545166, -0.02362838387489319, 0.43178868293762207, 0.4603634476661682, -0.05084609240293503, 0.46941637992858887, 0.4704345166683197, -0.07362525165081024, 0.4888913631439209, 0.48490408062934875, -0.08710284531116486, 0.3503342270851135, 0.49979540705680847, -0.021320832893252373, 0.42130252718925476, 0.474631130695343, -0.04503035172820091, 0.4630979895591736, 0.48469966650009155, -0.06056862697005272, 0.4879279136657715, 0.502526581287384, -0.0698794424533844, 0.33207014203071594, 0.513722836971283, -0.02259749546647072, 0.40554875135421753, 0.4945286810398102, -0.04499488323926926, 0.44608718156814575, 0.5120106339454651, -0.052599918097257614, 0.4695461392402649, 0.5373703241348267, -0.05391939729452133, 0.3163680136203766, 0.5372337698936462, -0.026750007644295692, 0.3733634948730469, 0.5255940556526184, -0.04075271263718605, 0.4030114412307739, 0.5376940965652466, -0.04217159375548363, 0.42241448163986206, 0.5569897890090942, -0.03945980221033096]"
"[0.5746440887451172, 0.6067618131637573, 4.522615313362621e-07, 0.5867263674736023, 0.5058596730232239, -0.03531568869948387, 0.5706480741500854, 0.40855085849761963, -0.04031497240066528, 0.5418303608894348, 0.3271484673023224, -0.03956121951341629, 0.5144251585006714, 0.26002681255340576, -0.0362410843372345, 0.49356696009635925, 0.3632808327674866, 0.005867722909897566, 0.4515644609928131, 0.29345375299453735, 0.0072034625336527824, 0.42298731207847595, 0.25690239667892456, 0.0012472594389691949, 0.3989587426185608, 0.2257947325706482, -0.004437117837369442, 0.4681077301502228, 0.39745044708251953, 0.021402927115559578, 0.42173975706100464, 0.3242345154285431, 0.02538597397506237, 0.39230263233184814, 0.2812957763671875, 0.01689394749701023, 0.3668164014816284, 0.24077144265174866, 0.009015846066176891, 0.4544279873371124, 0.4400940239429474, 0.03177002817392349, 0.41066789627075195, 0.37416189908981323, 0.031720928847789764, 0.38828718662261963, 0.33515921235084534, 0.024504151195287704, 0.36962032318115234, 0.29513078927993774, 0.018262498080730438, 0.4472191333770752, 0.48642754554748535, 0.03831066936254501, 0.41404563188552856, 0.43681997060775757, 0.03550330549478531, 0.3967587351799011, 0.4024098217487335, 0.03180018439888954, 0.3839067816734314, 0.3649461567401886, 0.029226861894130707]","[0.3838784396648407, 0.771385669708252, 4.6864337832630554e-07, 0.42230287194252014, 0.6999282240867615, -0.04327984154224396, 0.4372612237930298, 0.6055111289024353, -0.05723561719059944, 0.4545533061027527, 0.5358257293701172, -0.06252563744783401, 0.4633972644805908, 0.4888002574443817, -0.06385265290737152, 0.36342132091522217, 0.4868631958961487, -0.03713531047105789, 0.41872018575668335, 0.4376804232597351, -0.053418826311826706, 0.4492614269256592, 0.4391416907310486, -0.07017525285482407, 0.46043533086776733, 0.44366466999053955, -0.08034458756446838, 0.3468265235424042, 0.4902931749820709, -0.020515335723757744, 0.4022537171840668, 0.4146937429904938, -0.03146487846970558, 0.4177430272102356, 0.3654501736164093, -0.045352403074502945, 0.420044481754303, 0.335565447807312, -0.05677665397524834, 0.3427494764328003, 0.5171301960945129, -0.0071860444732010365, 0.4065791070461273, 0.4693317711353302, -0.01966077648103237, 0.43751776218414307, 0.4601899981498718, -0.03263480216264725, 0.4550003111362457, 0.4686766266822815, -0.03986702114343643, 0.34536316990852356, 0.5575046539306641, 0.0025616807397454977, 0.3983897268772125, 0.5263081789016724, -0.00776349101215601, 0.4269203543663025, 0.5201061964035034, -0.013777037151157856, 0.44696754217147827, 0.5268300771713257, -0.015865135937929153]"
"[0.5777337551116943, 0.6096484065055847, 4.6408052867263905e-07, 0.5876461267471313, 0.5076614618301392, -0.0386272631585598, 0.5717144012451172, 0.4102560579776764, -0.044898416846990585, 0.5424486398696899, 0.3283943831920624, -0.044875290244817734, 0.5132402181625366, 0.2601703405380249, -0.042401257902383804, 0.4938579797744751, 0.3637754023075104, 0.007182193920016289, 0.4512642025947571, 0.2942053973674774, 0.009515728801488876, 0.42223531007766724, 0.25776010751724243, 0.002897706115618348, 0.3976600766181946, 0.2264782339334488, -0.0036312779411673546, 0.4689672887325287, 0.39719563722610474, 0.024992046877741814, 0.4223788380622864, 0.325452595949173, 0.030472328886389732, 0.3931739330291748, 0.2826325297355652, 0.02143535576760769, 0.36807385087013245, 0.2423357218503952, 0.012857452966272831, 0.45565950870513916, 0.4384247064590454, 0.03727515786886215, 0.4127240478992462, 0.3698217272758484, 0.039155296981334686, 0.3893267810344696, 0.329179972410202, 0.03247220441699028, 0.36964571475982666, 0.28786376118659973, 0.02612665481865406, 0.44905054569244385, 0.48430973291397095, 0.045309968292713165, 0.4166449010372162, 0.435158908367157, 0.04396764189004898, 0.39884382486343384, 0.4001661241054535, 0.04096730798482895, 0.38469555974006653, 0.3622691035270691, 0.038706112653017044]","[0.38242200016975403, 0.7757960557937622, 3.1380352538690204e-07, 0.43104541301727295, 0.6988957524299622, -0.03845418989658356, 0.45096665620803833, 0.6049609184265137, -0.051774729043245316, 0.46737879514694214, 0.5379521250724792, -0.05685262754559517, 0.4760400056838989, 0.4975614547729492, -0.05854826048016548, 0.3625633120536804, 0.4896925091743469, -0.036536555737257004, 0.42196619510650635, 0.45217129588127136, -0.04913293942809105, 0.4566715955734253, 0.4618038237094879, -0.06301876157522202, 0.4727657437324524, 0.4736894965171814, -0.07223542034626007, 0.3380509614944458, 0.4999799132347107, -0.02017972059547901, 0.40919628739356995, 0.45653873682022095, -0.02693098969757557, 0.44280514121055603, 0.4491466283798218, -0.037312500178813934, 0.46021491289138794, 0.4514925479888916, -0.04714912176132202, 0.3288643956184387, 0.5299685001373291, -0.006081827916204929, 0.39825379848480225, 0.494904100894928, -0.014193841256201267, 0.438131719827652, 0.4986337125301361, -0.02436252497136593, 0.46324121952056885, 0.5168991684913635, -0.03137300908565521, 0.32707613706588745, 0.5691357851028442, 0.005070461425930262, 0.3789811134338379, 0.5388880372047424, -0.001799639780074358, 0.40962904691696167, 0.5377512574195862, -0.006194945424795151, 0.4319794178009033, 0.5471480488777161, -0.008111747913062572]"
[],"[0.4440903961658478, 0.7375056743621826, 1.101375133316651e-07, 0.43074628710746765, 0.6821507215499878, -0.025957858189940453, 0.4208662211894989, 0.5965319871902466, -0.03618680685758591, 0.42494380474090576, 0.5318114161491394, -0.044429175555706024, 0.4199206233024597, 0.48265600204467773, -0.050816722214221954, 0.40011417865753174, 0.4851282835006714, -0.010877502150833607, 0.4086717665195465, 0.40414559841156006, -0.029263857752084732, 0.3981492817401886, 0.34956538677215576, -0.04842601716518402, 0.37935706973075867, 0.30543628334999084, -0.06320921331644058, 0.41267409920692444, 0.4680328369140625, -0.009526901878416538, 0.4195321500301361, 0.36980709433555603, -0.02982891909778118, 0.4010660946369171, 0.30479806661605835, -0.046933189034461975, 0.3753432631492615, 0.25575071573257446, -0.05836758390069008, 0.43189001083374023, 0.4724368751049042, -0.012544633820652962, 0.43958356976509094, 0.37211406230926514, -0.033431556075811386, 0.42236995697021484, 0.3098514676094055, -0.0471477210521698, 0.39665791392326355, 0.2624944746494293, -0.05509607121348381, 0.45550933480262756, 0.49503085017204285, -0.018212584778666496, 0.4711906909942627, 0.4269239902496338, -0.03587305173277855, 0.46131837368011475, 0.3789045214653015, -0.04419982060790062, 0.4433821141719818, 0.3407883048057556, -0.04862566664814949]"
[],"[0.5744878053665161, 0.6094939708709717, 2.629528239594947e-07, 0.5883932709693909, 0.5068995952606201, -0.028553450480103493, 0.5713377594947815, 0.40947049856185913, -0.03169633075594902, 0.5425490140914917, 0.327388197183609, -0.030999865382909775, 0.5180381536483765, 0.26466789841651917, -0.028330910950899124, 0.4979369640350342, 0.381133109331131, 0.0036835812497884035, 0.45163261890411377, 0.3088966906070709, -0.0007134731276892126, 0.42359647154808044, 0.27452176809310913, -0.009619549848139286, 0.39989134669303894, 0.24516354501247406, -0.016784774139523506, 0.4685074985027313, 0.4178026616573334, 0.014113517478108406, 0.41906145215034485, 0.3447911739349365, 0.011687108315527439, 0.3885355293750763, 0.30282822251319885, 0.00018337871006224304, 0.364472359418869, 0.2651526927947998, -0.009548108093440533, 0.451224684715271, 0.45921242237091064, 0.019967027008533478, 0.406673401594162, 0.39527571201324463, 0.014749267138540745, 0.38221344351768494, 0.3546070158481598, 0.0052253082394599915, 0.3642299175262451, 0.31787556409835815, -0.002145289909094572, 0.44342339038848877, 0.5014683604240417, 0.02269200049340725, 0.41083523631095886, 0.45558619499206543, 0.016558470204472542, 0.3926170766353607, 0.42635422945022583, 0.012402446009218693, 0.37910860776901245, 0.39684543013572693, 0.009739495813846588]"
[],"[0.5787172913551331, 0.6171653866767883, 2.140483985613173e-07, 0.5827089548110962, 0.507785975933075, -0.019977018237113953, 0.5685553550720215, 0.4062038064002991, -0.02306574396789074, 0.5446848273277283, 0.3229796290397644, -0.02515377476811409, 0.5195308327674866, 0.2634115219116211, -0.026174478232860565, 0.4998001158237457, 0.38411733508110046, 0.005514319520443678, 0.4517749547958374, 0.3099919557571411, -0.003584763268008828, 0.423957884311676, 0.27462339401245117, -0.015551311895251274, 0.40072962641716003, 0.24199970066547394, -0.02507951110601425, 0.4740806818008423, 0.4260669946670532, 0.008191315457224846, 0.42311757802963257, 0.354225218296051, -0.0007983133546076715, 0.39286714792251587, 0.312622994184494, -0.015464418567717075, 0.36758893728256226, 0.2723609507083893, -0.02710660919547081, 0.46155276894569397, 0.4711281359195709, 0.006930219475179911, 0.41298961639404297, 0.4117721915245056, -0.00521555682644248, 0.3882606625556946, 0.3726535737514496, -0.014211231842637062, 0.3705604374408722, 0.3375028669834137, -0.02027701959013939, 0.45902979373931885, 0.5164079070091248, 0.003316601039841771, 0.42278626561164856, 0.47177788615226746, -0.007382283918559551, 0.4020192623138428, 0.4435037672519684, -0.01053078193217516, 0.3869313895702362, 0.4140661060810089, -0.012117455713450909]"
[],"[0.5725960731506348, 0.6169505715370178, 2.791934718970879e-07, 0.5849199295043945, 0.5148321390151978, -0.024250829592347145, 0.5724896192550659, 0.41307803988456726, -0.024848109111189842, 0.5451838970184326, 0.32625165581703186, -0.022913068532943726, 0.5202414989471436, 0.2636305093765259, -0.01880805753171444, 0.49709686636924744, 0.3832739591598511, 0.015761442482471466, 0.45207011699676514, 0.3090902268886566, 0.013368703424930573, 0.42444124817848206, 0.27418598532676697, 0.004961096681654453, 0.40183281898498535, 0.24449269473552704, -0.001954169711098075, 0.4662889838218689, 0.4207545518875122, 0.023703500628471375, 0.4198055863380432, 0.3477855920791626, 0.02288147248327732, 0.39094439148902893, 0.30645671486854553, 0.010785308666527271, 0.368522047996521, 0.2668190002441406, 0.0007055583992041647, 0.4468833804130554, 0.4618353843688965, 0.026711728423833847, 0.40556463599205017, 0.39651790261268616, 0.022017020732164383, 0.3830950856208801, 0.3544251620769501, 0.013215858489274979, 0.3673308193683624, 0.3168734312057495, 0.006464056205004454, 0.436718612909317, 0.5047751665115356, 0.02673029899597168, 0.4058896005153656, 0.4609331786632538, 0.021133875474333763, 0.38928598165512085, 0.4324493408203125, 0.018509138375520706, 0.3770957887172699, 0.4023017883300781, 0.017219392582774162]"
[],"[0.5859866142272949, 0.6579629182815552, -1.9701393227933295e-07, 0.5085676312446594, 0.6064828634262085, -0.0010543748503550887, 0.47309041023254395, 0.5232198238372803, -0.0025934679433703423, 0.4626363515853882, 0.43837258219718933, -0.00833293329924345, 0.447533518075943, 0.3754034638404846, -0.014043652452528477, 0.4709332585334778, 0.46121111512184143, 0.015337188728153706, 0.4250660836696625, 0.38941076397895813, -0.0019777147099375725, 0.3908423185348511, 0.35672593116760254, -0.019192412495613098, 0.36307060718536377, 0.33041882514953613, -0.032057248055934906, 0.49376195669174194, 0.4466186761856079, 0.0024092132225632668, 0.43858635425567627, 0.3700938820838928, -0.01598665677011013, 0.3993309736251831, 0.3349233567714691, -0.03305763006210327, 0.36402642726898193, 0.3059521019458771, -0.04540185630321503, 0.5255185961723328, 0.44191205501556396, -0.014002613723278046, 0.4696660339832306, 0.3551914691925049, -0.034575752913951874, 0.4321834444999695, 0.3178548514842987, -0.0437358096241951, 0.39836543798446655, 0.28859925270080566, -0.04940646141767502, 0.5661433935165405, 0.4430927336215973, -0.03144710138440132, 0.5404463410377502, 0.36968398094177246, -0.04857590049505234, 0.5217539072036743, 0.3219324052333832, -0.05352527275681496, 0.5009375214576721, 0.27933600544929504, -0.05669574439525604]"
[],"[0.5804216265678406, 0.6484519839286804, 1.8641014065678974e-08, 0.5557399392127991, 0.5612367987632751, -0.012198982760310173, 0.5395949482917786, 0.45886942744255066, -0.012987202033400536, 0.5269778966903687, 0.3590848445892334, -0.01524283830076456, 0.5070186257362366, 0.2863495945930481, -0.016445327550172806, 0.49096181988716125, 0.43669939041137695, 0.0240765530616045, 0.4420047402381897, 0.3670787811279297, 0.01330246776342392, 0.4084123373031616, 0.33408433198928833, -0.0023477713111788034, 0.3797301650047302, 0.30472564697265625, -0.01468877773731947, 0.4842500686645508, 0.4474850594997406, 0.02050788141787052, 0.4298366606235504, 0.37400221824645996, 0.009100323542952538, 0.39425355195999146, 0.3320317268371582, -0.009664608165621758, 0.3628065288066864, 0.2948349416255951, -0.024330321699380875, 0.48824211955070496, 0.4631098210811615, 0.012193090282380581, 0.4349418580532074, 0.3849189579486847, -0.0019184977281838655, 0.40387585759162903, 0.34018293023109436, -0.011978238821029663, 0.3773236870765686, 0.3040584325790405, -0.0188840813934803, 0.5028681755065918, 0.4786130487918854, 0.0017004914116114378, 0.46609771251678467, 0.4150833785533905, -0.009251020848751068, 0.4436400532722473, 0.3766651749610901, -0.011720032431185246, 0.4236777424812317, 0.3414497375488281, -0.013497937470674515]"
"[0.579088032245636, 0.6469293236732483, 2.6133753294743656e-07, 0.5920639038085938, 0.5348758697509766, -0.03613952547311783, 0.5781844854354858, 0.4247826039791107, -0.04112233966588974, 0.5404317378997803, 0.34171608090400696, -0.041934311389923096, 0.5134018063545227, 0.2742977440357208, -0.040644027292728424, 0.503827691078186, 0.4034387171268463, 0.006431552115827799, 0.4574473202228546, 0.3377137780189514, -0.004322686232626438, 0.4213387966156006, 0.3032205402851105, -0.01988714188337326, 0.38938194513320923, 0.2710142135620117, -0.032104089856147766, 0.47378867864608765, 0.44025948643684387, 0.017675461247563362, 0.4225963354110718, 0.37304648756980896, 0.009151136502623558, 0.3873855173587799, 0.3310081958770752, -0.0068104807287454605, 0.3572157919406891, 0.287847101688385, -0.019207321107387543, 0.45761948823928833, 0.4819796681404114, 0.022571111097931862, 0.40703585743904114, 0.4223855137825012, 0.008597292937338352, 0.37991875410079956, 0.3831566572189331, -0.00273237400688231, 0.35754525661468506, 0.3456021845340729, -0.009310306049883366, 0.45051875710487366, 0.5283524394035339, 0.0236031636595726, 0.40589725971221924, 0.4840202331542969, 0.009321254678070545, 0.37871459126472473, 0.4577305316925049, 0.002963565057143569, 0.35569971799850464, 0.43210259079933167, 0.00022211609757505357]",[]
"[0.5784984230995178, 0.6461731195449829, 2.4909348894652794e-07, 0.5912293791770935, 0.5385925769805908, -0.042512197047472, 0.5778266191482544, 0.42816030979156494, -0.049314234405756, 0.5392438173294067, 0.3459051251411438, -0.049501821398735046, 0.5127649903297424, 0.2767200469970703, -0.04732454940676689, 0.504889190196991, 0.39928749203681946, -0.0006301244720816612, 0.45657438039779663, 0.3339012861251831, -0.008789276704192162, 0.4200983941555023, 0.3011951744556427, -0.022454822435975075, 0.38913875818252563, 0.2706031799316406, -0.033349137753248215, 0.4760330319404602, 0.43434861302375793, 0.016089003533124924, 0.4225635230541229, 0.36838874220848083, 0.010939531028270721, 0.386775940656662, 0.32763296365737915, -0.0037571857683360577, 0.3565271496772766, 0.2869037985801697, -0.01589222438633442, 0.46020957827568054, 0.4742509126663208, 0.026483409106731415, 0.40887898206710815, 0.4150020182132721, 0.01607123576104641, 0.3807848393917084, 0.3770603835582733, 0.003356334287673235, 0.35726362466812134, 0.3402408957481384, -0.005146446637809277, 0.4521244466304779, 0.5178986191749573, 0.032756026834249496, 0.4070909023284912, 0.47487887740135193, 0.020813412964344025, 0.37990158796310425, 0.44978415966033936, 0.0132066635414958, 0.3561623990535736, 0.4252457022666931, 0.008902349509298801]",[]
"[0.5796939134597778, 0.6268572807312012, 2.4298327616634197e-07, 0.5962069034576416, 0.5209787487983704, -0.03900600224733353, 0.5788832902908325, 0.4123091995716095, -0.044768478721380234, 0.5402213335037231, 0.33170992136001587, -0.045199062675237656, 0.5153704881668091, 0.262241005897522, -0.04324503242969513, 0.4946683943271637, 0.3842732906341553, 0.002692081267014146, 0.44595372676849365, 0.32030341029167175, -0.0043142265640199184, 0.411948025226593, 0.29015079140663147, -0.016723453998565674, 0.3826533555984497, 0.26220643520355225, -0.026786407455801964, 0.4679885804653168, 0.42222410440444946, 0.016419434919953346, 0.4138573408126831, 0.36020195484161377, 0.012959996238350868, 0.3792303502559662, 0.32289230823516846, -0.0004526183765847236, 0.3491598963737488, 0.2862401008605957, -0.011593843810260296, 0.4537729024887085, 0.4656548798084259, 0.023905612528324127, 0.40368562936782837, 0.4124177098274231, 0.015644093975424767, 0.37708336114883423, 0.3778754472732544, 0.0036177814472466707, 0.3533083498477936, 0.34395894408226013, -0.004892327822744846, 0.44781601428985596, 0.5139688849449158, 0.0272301584482193, 0.4066694378852844, 0.4788252115249634, 0.01695317216217518, 0.3832330107688904, 0.4578419327735901, 0.010158970952033997, 0.36203524470329285, 0.4381679594516754, 0.006262876093387604]",[]
[],"[0.381712943315506, 0.7187135219573975, 4.81179881717253e-07, 0.44630590081214905, 0.6448816657066345, -0.02030576393008232, 0.47017955780029297, 0.5579997301101685, -0.026881415396928787, 0.46400851011276245, 0.49543270468711853, -0.03278324753046036, 0.4474465548992157, 0.4543738067150116, -0.037744972854852676, 0.40163636207580566, 0.46002069115638733, -0.008252040483057499, 0.3996959328651428, 0.3765982985496521, -0.021803569048643112, 0.3914893865585327, 0.327765554189682, -0.03444381058216095, 0.37754446268081665, 0.2929142415523529, -0.04220765456557274, 0.35965099930763245, 0.466691792011261, -0.006236275192350149, 0.3706826865673065, 0.3849722743034363, -0.018072912469506264, 0.3693651854991913, 0.32913368940353394, -0.030682021751999855, 0.36085835099220276, 0.28822940587997437, -0.03848543018102646, 0.32663363218307495, 0.5001650452613831, -0.006865325849503279, 0.342513769865036, 0.4620317220687866, -0.02194519340991974, 0.3611980378627777, 0.4865950047969818, -0.030591875314712524, 0.37475889921188354, 0.5138576626777649, -0.03264215588569641, 0.3038131594657898, 0.5474655032157898, -0.009365765377879143, 0.32130491733551025, 0.540879487991333, -0.021017424762248993, 0.3345663845539093, 0.558235764503479, -0.023888692259788513, 0.34632930159568787, 0.5796229839324951, -0.02241802215576172]"
"[0.5644336938858032, 0.6753737926483154, 2.1460836308051512e-07, 0.606023371219635, 0.6280580759048462, -0.017621051520109177, 0.6243035793304443, 0.5514250993728638, -0.02332909032702446, 0.6327581405639648, 0.47980207204818726, -0.027506761252880096, 0.6497188806533813, 0.43367916345596313, -0.03190349042415619, 0.5686311721801758, 0.4662613570690155, -0.008992936462163925, 0.5493277311325073, 0.3855651021003723, -0.017550989985466003, 0.5366306900978088, 0.33554548025131226, -0.026644524186849594, 0.5249991416931152, 0.29419785737991333, -0.03424634784460068, 0.5401583313941956, 0.4772287905216217, -0.008317493833601475, 0.5195455551147461, 0.3890678882598877, -0.015620275400578976, 0.5081514716148376, 0.3340235948562622, -0.026873067021369934, 0.49880513548851013, 0.2883877754211426, -0.03636452555656433, 0.5185917019844055, 0.5035434365272522, -0.009700912050902843, 0.49875372648239136, 0.42929306626319885, -0.01857716031372547, 0.4867805540561676, 0.3797750473022461, -0.02829563058912754, 0.47761499881744385, 0.3376768231391907, -0.03555142506957054, 0.5033807754516602, 0.5426613092422485, -0.012696093879640102, 0.48221713304519653, 0.49149638414382935, -0.022324038669466972, 0.46952855587005615, 0.4549381136894226, -0.028342189267277718, 0.45968055725097656, 0.4192306399345398, -0.03230751305818558]",[]
"[0.4921913743019104, 0.6292073726654053, 1.7314302169779694e-07, 0.5292513370513916, 0.5234775543212891, -0.00786525383591652, 0.5188888907432556, 0.42477118968963623, -0.01024146843701601, 0.4886399209499359, 0.35870110988616943, -0.014347854070365429, 0.45756879448890686, 0.3160022497177124, -0.018986191600561142, 0.4791331887245178, 0.38446691632270813, 0.0020936366636306047, 0.4411284029483795, 0.31513556838035583, -0.017107143998146057, 0.41161930561065674, 0.2777388095855713, -0.03626048564910889, 0.3820173144340515, 0.2507360577583313, -0.04820024594664574, 0.4483241140842438, 0.41110801696777344, -0.00225733476690948, 0.41220682859420776, 0.341703861951828, -0.018923107534646988, 0.38255149126052856, 0.29990625381469727, -0.03532569482922554, 0.35529741644859314, 0.2685390114784241, -0.04590867459774017, 0.42137497663497925, 0.4494312107563019, -0.009165385738015175, 0.398684561252594, 0.384787917137146, -0.02602059207856655, 0.37984710931777954, 0.34278184175491333, -0.0353359691798687, 0.36159926652908325, 0.310813844203949, -0.03980632871389389, 0.39895346760749817, 0.49710023403167725, -0.016687655821442604, 0.3961086571216583, 0.4506585896015167, -0.027695661410689354, 0.3934665620326996, 0.4197746813297272, -0.028541330248117447, 0.3914920389652252, 0.3956034779548645, -0.02749236673116684]",[]
"[0.5715336203575134, 0.5145201683044434, 2.552665137045551e-07, 0.5829273462295532, 0.4424552917480469, -0.03710730001330376, 0.5679553151130676, 0.36873510479927063, -0.04986196383833885, 0.5360827445983887, 0.3072935938835144, -0.057875148952007294, 0.5124068856239319, 0.2555506229400635, -0.0650850236415863, 0.48407378792762756, 0.3389989733695984, -0.02194017730653286, 0.43582770228385925, 0.2914600074291229, -0.036782313138246536, 0.4041569232940674, 0.26739150285720825, -0.05040793865919113, 0.3786200284957886, 0.2472417652606964, -0.06012531742453575, 0.458927184343338, 0.37640267610549927, -0.012721530161798, 0.4068511724472046, 0.3264714777469635, -0.02473488077521324, 0.3736625611782074, 0.2967209219932556, -0.037199217826128006, 0.3481181859970093, 0.26808401942253113, -0.04659250006079674, 0.4466214179992676, 0.41884690523147583, -0.008149737492203712, 0.3990001678466797, 0.37425416707992554, -0.02168923243880272, 0.3731463551521301, 0.34558141231536865, -0.03177450969815254, 0.35413408279418945, 0.31915098428726196, -0.03836400806903839, 0.44219204783439636, 0.46577584743499756, -0.007144504692405462, 0.40467989444732666, 0.434283584356308, -0.02073076367378235, 0.3880557715892792, 0.41191649436950684, -0.02710617333650589, 0.37723687291145325, 0.38910505175590515, -0.03048012964427471]",[]
"[0.5702942609786987, 0.5160473585128784, 2.494987825230055e-07, 0.5823993682861328, 0.4436989426612854, -0.036427803337574005, 0.5673686861991882, 0.3692161738872528, -0.04832692816853523, 0.5347990393638611, 0.30683284997940063, -0.055403124541044235, 0.5120108723640442, 0.25488585233688354, -0.06165371462702751, 0.4833495020866394, 0.34013065695762634, -0.021152347326278687, 0.4355721175670624, 0.291515588760376, -0.03503101319074631, 0.4042903482913971, 0.26728010177612305, -0.04812118411064148, 0.3788883090019226, 0.24732372164726257, -0.057517822831869125, 0.4581455588340759, 0.37724170088768005, -0.011637278832495213, 0.40625885128974915, 0.32656145095825195, -0.02249586023390293, 0.3732539713382721, 0.2965320646762848, -0.034437309950590134, 0.3476533889770508, 0.2684517204761505, -0.04359935596585274, 0.44583359360694885, 0.4193999171257019, -0.00661723967641592, 0.39877763390541077, 0.37510842084884644, -0.018949126824736595, 0.37344345450401306, 0.3466087877750397, -0.02872553840279579, 0.35469144582748413, 0.32095736265182495, -0.03529651463031769, 0.4413793981075287, 0.46630823612213135, -0.0051186708733439445, 0.40408557653427124, 0.43529459834098816, -0.01767166145145893, 0.3875584602355957, 0.4137890338897705, -0.023663565516471863, 0.37686336040496826, 0.39226678013801575, -0.026884593069553375]",[]
"[0.5684038400650024, 0.51069575548172, 2.597516584046389e-07, 0.5806506872177124, 0.4402250051498413, -0.03644024208188057, 0.5662670731544495, 0.3685716688632965, -0.04953274503350258, 0.5357314348220825, 0.3079530894756317, -0.05822121351957321, 0.5126897096633911, 0.2556276321411133, -0.06592952460050583, 0.48223087191581726, 0.33650079369544983, -0.02027507685124874, 0.43514561653137207, 0.2885796129703522, -0.035299401730298996, 0.40438759326934814, 0.2647968530654907, -0.049342118203639984, 0.37904423475265503, 0.24574565887451172, -0.059348996728658676, 0.45612671971321106, 0.3745279610157013, -0.011669508181512356, 0.40489280223846436, 0.32412970066070557, -0.023763209581375122, 0.3723410665988922, 0.29503634572029114, -0.03634354844689369, 0.34714722633361816, 0.26786094903945923, -0.045850373804569244, 0.44317036867141724, 0.41729050874710083, -0.0078018722124397755, 0.3967115879058838, 0.37260255217552185, -0.020967386662960052, 0.3719140291213989, 0.3438700735569, -0.030437150970101357, 0.3534209728240967, 0.31755930185317993, -0.03669882193207741, 0.4386122524738312, 0.46427226066589355, -0.00759865902364254, 0.402764230966568, 0.4312950372695923, -0.020420944318175316, 0.3869234323501587, 0.40904319286346436, -0.026153255254030228, 0.3763706088066101, 0.38695991039276123, -0.029166970402002335]",[]
"[0.5813313722610474, 0.6000756025314331, 1.9671189477321604e-07, 0.5923029780387878, 0.4891550838947296, -0.02567087858915329, 0.572212815284729, 0.38918590545654297, -0.02875756286084652, 0.5331776142120361, 0.3149414658546448, -0.030768699944019318, 0.5081024765968323, 0.25320136547088623, -0.031045865267515182, 0.4923226535320282, 0.3579854667186737, 0.02168009988963604, 0.44290176033973694, 0.3070133924484253, 0.01619829051196575, 0.40726545453071594, 0.2815535068511963, 0.00423195818439126, 0.37936049699783325, 0.2615571618080139, -0.005090954713523388, 0.4666062593460083, 0.3987967073917389, 0.027326347306370735, 0.4123089909553528, 0.341936320066452, 0.026019208133220673, 0.3761935532093048, 0.3119700253009796, 0.014410069212317467, 0.3454955220222473, 0.2790485620498657, 0.004826921503990889, 0.4502176344394684, 0.44185733795166016, 0.026695668697357178, 0.4013133943080902, 0.3847731351852417, 0.021651074290275574, 0.37205833196640015, 0.35272419452667236, 0.014992830343544483, 0.3479936122894287, 0.32317185401916504, 0.010114277713000774, 0.43966907262802124, 0.4933547079563141, 0.02225431054830551, 0.4023808240890503, 0.4458267092704773, 0.016958260908722878, 0.38100767135620117, 0.4152258634567261, 0.015796707943081856, 0.3620385527610779, 0.38753634691238403, 0.015763798728585243]",[]
"[0.581402063369751, 0.59726482629776, 2.0558393032388267e-07, 0.5915834903717041, 0.49086928367614746, -0.027189387008547783, 0.5722283720970154, 0.39222511649131775, -0.03142739459872246, 0.5349981188774109, 0.31604260206222534, -0.034401897341012955, 0.5088478922843933, 0.2533837854862213, -0.03546484559774399, 0.4917071759700775, 0.3576539158821106, 0.020187798887491226, 0.44173693656921387, 0.3063405752182007, 0.014503388665616512, 0.40585994720458984, 0.2804120182991028, 0.0029662661254405975, 0.37800687551498413, 0.26100239157676697, -0.005816717632114887, 0.46693718433380127, 0.39704424142837524, 0.026595856994390488, 0.4120885133743286, 0.3402928113937378, 0.025830311700701714, 0.37585508823394775, 0.3115174472332001, 0.015404489822685719, 0.3452220559120178, 0.28030285239219666, 0.0067749228328466415, 0.4510296881198883, 0.4386563003063202, 0.026517027989029884, 0.40187394618988037, 0.38316720724105835, 0.0221610888838768, 0.373079389333725, 0.3525409698486328, 0.016750790178775787, 0.3502350449562073, 0.32507556676864624, 0.012803720310330391, 0.440527081489563, 0.4885779023170471, 0.022365471348166466, 0.4037685990333557, 0.4413332939147949, 0.017964741215109825, 0.3831472396850586, 0.4107789993286133, 0.01757526770234108, 0.3655320703983307, 0.38401833176612854, 0.018125204369425774]",[]
"[0.5765402317047119, 0.6150103807449341, 1.8121028233508696e-07, 0.5900317430496216, 0.5065448880195618, -0.025657860562205315, 0.5718516707420349, 0.40345534682273865, -0.02908835932612419, 0.5374712944030762, 0.33183151483535767, -0.03129428252577782, 0.5091537237167358, 0.27595192193984985, -0.03201112151145935, 0.48993825912475586, 0.38217130303382874, 0.01215009018778801, 0.4419378340244293, 0.329534113407135, 0.0024962029419839382, 0.407552570104599, 0.30617159605026245, -0.011632837355136871, 0.37712496519088745, 0.28677207231521606, -0.022571148350834846, 0.4631689488887787, 0.4225239157676697, 0.01665530912578106, 0.4126415550708771, 0.3655647039413452, 0.008530872873961926, 0.37757742404937744, 0.3348115384578705, -0.006179488729685545, 0.3461294174194336, 0.30546173453330994, -0.017278548330068588, 0.44511890411376953, 0.4665164351463318, 0.015566927380859852, 0.3949139416217804, 0.41165366768836975, 0.00370204565115273, 0.36731991171836853, 0.37961044907569885, -0.0052882712334394455, 0.34440454840660095, 0.35304778814315796, -0.010532081127166748, 0.4324738383293152, 0.5182544589042664, 0.0111948661506176, 0.3901878595352173, 0.47393885254859924, 0.0012018770212307572, 0.367730051279068, 0.44809016585350037, -0.0014677816070616245, 0.34909558296203613, 0.426285058259964, -0.002090123714879155]",[]
"[0.5801928639411926, 0.6151235103607178, 2.3796681603016623e-07, 0.5915110111236572, 0.5121103525161743, -0.041751276701688766, 0.5741929411888123, 0.4049428403377533, -0.04857512563467026, 0.5345327258110046, 0.32890456914901733, -0.04861811175942421, 0.5065277814865112, 0.2665002942085266, -0.046254273504018784, 0.49397310614585876, 0.3821863830089569, -0.003931042738258839, 0.4389820992946625, 0.32327306270599365, -0.012007790617644787, 0.4001518487930298, 0.2974052429199219, -0.02494649961590767, 0.3683221936225891, 0.2791963219642639, -0.034311771392822266, 0.4685787558555603, 0.42304322123527527, 0.013758012093603611, 0.41315945982933044, 0.3604238033294678, 0.010113073512911797, 0.373752236366272, 0.3261173367500305, -0.0025497942697256804, 0.34061774611473083, 0.3022778630256653, -0.013048142194747925, 0.4541643261909485, 0.4642638564109802, 0.025379933416843414, 0.40288662910461426, 0.4077940285205841, 0.018167641013860703, 0.37204882502555847, 0.3797323703765869, 0.007456084247678518, 0.3461170196533203, 0.359649658203125, -0.00016449442773591727, 0.44492557644844055, 0.5084167718887329, 0.03279467672109604, 0.40256649255752563, 0.4661722779273987, 0.02510491944849491, 0.3797585964202881, 0.4444320797920227, 0.02008993551135063, 0.3598155975341797, 0.42883843183517456, 0.017184408381581306]",[]
[],"[0.5820122361183167, 0.5523384213447571, 2.129213925172735e-07, 0.5995885133743286, 0.45510774850845337, -0.030402040109038353, 0.5807157754898071, 0.3630712330341339, -0.03763660416007042, 0.545455276966095, 0.2894464135169983, -0.03954506292939186, 0.5250996351242065, 0.22384971380233765, -0.04058027267456055, 0.5006901025772095, 0.35169070959091187, -0.01473318599164486, 0.44515466690063477, 0.2938222885131836, -0.022832578048110008, 0.41020578145980835, 0.2668607532978058, -0.03152796998620033, 0.3825603127479553, 0.2468937486410141, -0.038035329431295395, 0.47825634479522705, 0.39210638403892517, -0.0034573874436318874, 0.4176732897758484, 0.3368667960166931, -0.009451581165194511, 0.3791544735431671, 0.30151090025901794, -0.020289473235607147, 0.3479732275009155, 0.27152299880981445, -0.029389820992946625, 0.46702176332473755, 0.43473339080810547, 0.00444794399663806, 0.41404587030410767, 0.3888007402420044, -0.003279621945694089, 0.38194167613983154, 0.3568577468395233, -0.01449504029005766, 0.3549792170524597, 0.3265514373779297, -0.02291705086827278, 0.4635825455188751, 0.4748942255973816, 0.009847983717918396, 0.4209008514881134, 0.4419509470462799, 0.0007529085269197822, 0.3970720171928406, 0.4169968366622925, -0.006613040808588266, 0.37779659032821655, 0.391225665807724, -0.011403321288526058]"
[],"[0.5763005018234253, 0.6576508283615112, 3.021503403033421e-07, 0.6127479672431946, 0.6057513356208801, -0.015802811831235886, 0.6269867420196533, 0.536145806312561, -0.023652279749512672, 0.6354014277458191, 0.46780508756637573, -0.030413607135415077, 0.6538325548171997, 0.42111438512802124, -0.0374511182308197, 0.5725269317626953, 0.45911362767219543, -0.0121990367770195, 0.5530458092689514, 0.3756242096424103, -0.021679101511836052, 0.5407481789588928, 0.32540321350097656, -0.02933959662914276, 0.5299472212791443, 0.28730106353759766, -0.0351281575858593, 0.5456591248512268, 0.4723318815231323, -0.012480774894356728, 0.5227305889129639, 0.3807239830493927, -0.020717788487672806, 0.5100116729736328, 0.32033929228782654, -0.029218243435025215, 0.500590443611145, 0.27363163232803345, -0.035915765911340714, 0.5235695838928223, 0.501550555229187, -0.014610315673053265, 0.5022754669189453, 0.4209146201610565, -0.024437932297587395, 0.48973438143730164, 0.3692445158958435, -0.032324545085430145, 0.48173782229423523, 0.3276963233947754, -0.037662334740161896, 0.5064454674720764, 0.5408494472503662, -0.017964594066143036, 0.4854022264480591, 0.4852384328842163, -0.028578506782650948, 0.47354981303215027, 0.4473494589328766, -0.034133922308683395, 0.46471136808395386, 0.4119666814804077, -0.03715809807181358]"
"[0.5850337147712708, 0.5106770992279053, 3.642515480350994e-07, 0.5976837277412415, 0.43477827310562134, -0.03828497231006622, 0.5800530910491943, 0.3610488176345825, -0.05223606154322624, 0.5501382350921631, 0.2930617928504944, -0.060018233954906464, 0.5300794243812561, 0.2346600890159607, -0.06709366291761398, 0.49888160824775696, 0.34319376945495605, -0.030911190435290337, 0.4519153833389282, 0.29174908995628357, -0.045246534049510956, 0.42023611068725586, 0.26602232456207275, -0.05717768892645836, 0.3927597403526306, 0.24605849385261536, -0.06595449894666672, 0.4743168354034424, 0.38090306520462036, -0.02014385536313057, 0.4225233197212219, 0.32743555307388306, -0.033590707927942276, 0.3875311315059662, 0.29504096508026123, -0.04670395702123642, 0.35712099075317383, 0.26743894815444946, -0.056288428604602814, 0.46292969584465027, 0.42555755376815796, -0.012803848832845688, 0.4163418412208557, 0.3794824779033661, -0.02659369446337223, 0.3907274901866913, 0.34883517026901245, -0.03735550120472908, 0.36876577138900757, 0.3204001486301422, -0.04456496983766556, 0.45970669388771057, 0.47240787744522095, -0.0085543692111969, 0.4220327138900757, 0.44653210043907166, -0.022199826315045357, 0.4038117229938507, 0.4254644513130188, -0.029250280931591988, 0.38937264680862427, 0.4009948968887329, -0.033162567764520645]",[]
"[0.5914252996444702, 0.5126683115959167, 3.7573644817712193e-07, 0.6031652688980103, 0.43896016478538513, -0.039839569479227066, 0.5809707641601562, 0.3668121099472046, -0.053869958966970444, 0.5499598383903503, 0.2969503402709961, -0.061910998076200485, 0.5297389626502991, 0.23616522550582886, -0.0689455196261406, 0.498745858669281, 0.34886085987091064, -0.02788650617003441, 0.45128685235977173, 0.2995550036430359, -0.04188873991370201, 0.41872772574424744, 0.2750410735607147, -0.05422021076083183, 0.3904675245285034, 0.25589147210121155, -0.06342650949954987, 0.47385185956954956, 0.38741615414619446, -0.01619812287390232, 0.42229825258255005, 0.3370298147201538, -0.029172413051128387, 0.38734912872314453, 0.30657684803009033, -0.04209207743406296, 0.35727280378341675, 0.27993321418762207, -0.05150764435529709, 0.4622092843055725, 0.4324384331703186, -0.00854676403105259, 0.41661399602890015, 0.38845911622047424, -0.021934036165475845, 0.39061135053634644, 0.35892122983932495, -0.03242352604866028, 0.3683635890483856, 0.33119305968284607, -0.03940826654434204, 0.45938122272491455, 0.47795185446739197, -0.004391470458358526, 0.42311689257621765, 0.45109692215919495, -0.017652597278356552, 0.403531014919281, 0.43027883768081665, -0.024885952472686768, 0.387699156999588, 0.40562498569488525, -0.028992997482419014]",[]
"[0.5906493067741394, 0.5140197277069092, 3.5830223055199895e-07, 0.6037178039550781, 0.4394577741622925, -0.03886070102453232, 0.583426833152771, 0.3656550347805023, -0.052994292229413986, 0.5523730516433716, 0.2977980673313141, -0.06149069964885712, 0.5302982330322266, 0.24038518965244293, -0.06926093995571136, 0.49882009625434875, 0.35007330775260925, -0.02896984852850437, 0.4515118896961212, 0.3006497025489807, -0.04460892826318741, 0.41920384764671326, 0.276133269071579, -0.05787448212504387, 0.39158058166503906, 0.25742992758750916, -0.06751765310764313, 0.4738996922969818, 0.38818860054016113, -0.018649378791451454, 0.4226834177970886, 0.33707937598228455, -0.033275242894887924, 0.3874809443950653, 0.3066149950027466, -0.04726644605398178, 0.35711121559143066, 0.27998438477516174, -0.05728370323777199, 0.46215078234672546, 0.4326455593109131, -0.012256202287971973, 0.4158194363117218, 0.3865405321121216, -0.027130035683512688, 0.3891291618347168, 0.35513371229171753, -0.03824978321790695, 0.36653000116348267, 0.3264943063259125, -0.04544657841324806, 0.4589141309261322, 0.4795548915863037, -0.00917509850114584, 0.42156094312667847, 0.450497031211853, -0.02375098131597042, 0.4013226628303528, 0.42794638872146606, -0.03117518685758114, 0.38516679406166077, 0.40323007106781006, -0.03519740328192711]","[0.4454014301300049, 0.8088899850845337, 1.6049533257955773e-07, 0.5098019242286682, 0.7423052787780762, -0.004698323085904121, 0.5379342436790466, 0.6589368581771851, -0.0063527668826282024, 0.5588709115982056, 0.6025076508522034, -0.009359885938465595, 0.5775169134140015, 0.557400107383728, -0.009393645450472832, 0.4280890226364136, 0.5327103734016418, 0.009524905122816563, 0.5010847449302673, 0.4964565932750702, -0.005489552393555641, 0.5497609972953796, 0.5120245218276978, -0.023541636765003204, 0.5767959356307983, 0.5371975302696228, -0.034065037965774536, 0.40445253252983093, 0.5256000757217407, 0.005888362880796194, 0.4831923246383667, 0.48616012930870056, -0.0052842991426587105, 0.5335065722465515, 0.5117581486701965, -0.01671120896935463, 0.5643483400344849, 0.542926549911499, -0.023793211206793785, 0.3983475863933563, 0.5313729047775269, 2.0775974917341955e-05, 0.47585517168045044, 0.48699241876602173, -0.012563154101371765, 0.5229690670967102, 0.514474630355835, -0.019003568217158318, 0.550574779510498, 0.5469909310340881, -0.020979223772883415, 0.404509037733078, 0.542762041091919, -0.006735105533152819, 0.4658434987068176, 0.506261944770813, -0.016135839745402336, 0.505488395690918, 0.5205792188644409, -0.01637309044599533, 0.5308638215065002, 0.5418473482131958, -0.013353481888771057]"
"[0.6015798449516296, 0.6080544590950012, 1.6458209017855552e-07, 0.6167955994606018, 0.5035713911056519, -0.031017128378152847, 0.5979975461959839, 0.3942645192146301, -0.033441074192523956, 0.5591166615486145, 0.31083378195762634, -0.03212738409638405, 0.5360202789306641, 0.24394702911376953, -0.02874055504798889, 0.516311526298523, 0.3592008948326111, 0.013015497475862503, 0.4630904793739319, 0.30927979946136475, 0.0075500705279409885, 0.42608317732810974, 0.28695040941238403, -0.004569296259433031, 0.39385300874710083, 0.2684260606765747, -0.014126492664217949, 0.49018117785453796, 0.3985316753387451, 0.023667510598897934, 0.43117156624794006, 0.34533825516700745, 0.021554941311478615, 0.3926733732223511, 0.3179105222225189, 0.0089657511562109, 0.3590386211872101, 0.2910877466201782, -0.0017688348889350891, 0.474669873714447, 0.43903106451034546, 0.028299270197749138, 0.42182856798171997, 0.38995155692100525, 0.021354708820581436, 0.3913038969039917, 0.3644089996814728, 0.01164853572845459, 0.36330145597457886, 0.3404858410358429, 0.004704284481704235, 0.4661736488342285, 0.4824630916118622, 0.029308447614312172, 0.42494669556617737, 0.4406496286392212, 0.0218989048153162, 0.4033659100532532, 0.4202718436717987, 0.017982421442866325, 0.38284364342689514, 0.40097853541374207, 0.015932433307170868]","[0.41903531551361084, 0.7922040224075317, 2.8657905204454437e-07, 0.4836907386779785, 0.7172539234161377, -0.0174791868776083, 0.5037841200828552, 0.6116805076599121, -0.02011236548423767, 0.5176851749420166, 0.5432186722755432, -0.021449638530611992, 0.5268121957778931, 0.4899410903453827, -0.019207695499062538, 0.42262035608291626, 0.49146386981010437, 0.004555174615234137, 0.47069960832595825, 0.4102855324745178, -0.009678279049694538, 0.4852777123451233, 0.3715541362762451, -0.026585843414068222, 0.4802156686782837, 0.3497103452682495, -0.035802364349365234, 0.3950071334838867, 0.48459261655807495, 0.007566565647721291, 0.42547163367271423, 0.38514918088912964, -0.0012388757895678282, 0.41841256618499756, 0.32950377464294434, -0.01101694256067276, 0.39746999740600586, 0.2953380346298218, -0.01565919630229473, 0.38236257433891296, 0.491301029920578, 0.006685953121632338, 0.4094443917274475, 0.3891914486885071, 0.000477006658911705, 0.4055057764053345, 0.33464887738227844, -0.004857130814343691, 0.3896242380142212, 0.29813557863235474, -0.006709836423397064, 0.38285672664642334, 0.5115336775779724, 0.002942315535619855, 0.4161304831504822, 0.4414324164390564, 0.0006271127494983375, 0.4188308119773865, 0.4041402041912079, 0.002141108037903905, 0.4094027280807495, 0.37957262992858887, 0.005637289024889469]"
[],"[0.597694993019104, 0.6164416670799255, 2.4346852001144725e-07, 0.6111725568771362, 0.5061392188072205, -0.039906516671180725, 0.5956199169158936, 0.39819106459617615, -0.046791646629571915, 0.5577099919319153, 0.3146328628063202, -0.046542562544345856, 0.5336978435516357, 0.24427898228168488, -0.044284455478191376, 0.5229042768478394, 0.37893378734588623, -0.002351287053897977, 0.4617238938808441, 0.3211263120174408, -0.007488051429390907, 0.4232698678970337, 0.2964994013309479, -0.018802713602781296, 0.3907303214073181, 0.27669206261634827, -0.027486249804496765, 0.49160775542259216, 0.42167845368385315, 0.016374092549085617, 0.42836499214172363, 0.36482417583465576, 0.014673790894448757, 0.3877106308937073, 0.3310004472732544, 0.0006056097918190062, 0.3532140851020813, 0.303899884223938, -0.011795667931437492, 0.4722691774368286, 0.4626954197883606, 0.02980969101190567, 0.4151831269264221, 0.4108904004096985, 0.02571927011013031, 0.3836377263069153, 0.38110530376434326, 0.014269405044615269, 0.3574029505252838, 0.3522184491157532, 0.005022523459047079, 0.46060168743133545, 0.5033098459243774, 0.03948640078306198, 0.4129357933998108, 0.46469056606292725, 0.03509761020541191, 0.388747900724411, 0.4441976547241211, 0.0304952971637249, 0.3689197897911072, 0.4229780435562134, 0.026974480599164963]"
[],"[0.6010726094245911, 0.6156240105628967, 2.0222495322741452e-07, 0.6145853996276855, 0.5026607513427734, -0.04564337059855461, 0.5977612733840942, 0.39321279525756836, -0.05182837322354317, 0.5588051080703735, 0.305976927280426, -0.04980754107236862, 0.5323359370231628, 0.23381078243255615, -0.04517943039536476, 0.5211959481239319, 0.3786803185939789, -0.001282762154005468, 0.45856067538261414, 0.31515267491340637, -0.004460668191313744, 0.4180321991443634, 0.2898826599121094, -0.014310216531157494, 0.3847113847732544, 0.2696831226348877, -0.02235538884997368, 0.49541181325912476, 0.41888320446014404, 0.02066575549542904, 0.43003055453300476, 0.3595223128795624, 0.020811153575778008, 0.3856821060180664, 0.3256542682647705, 0.006605725269764662, 0.3484385013580322, 0.298061341047287, -0.006161201745271683, 0.48110440373420715, 0.4586919844150543, 0.03641156107187271, 0.42093420028686523, 0.4055299460887909, 0.031496088951826096, 0.38395100831985474, 0.37696579098701477, 0.016277479007840157, 0.35323092341423035, 0.34970876574516296, 0.0044205766171216965, 0.4735599756240845, 0.4981488585472107, 0.04796972498297691, 0.42527660727500916, 0.462490051984787, 0.0402204692363739, 0.39889833331108093, 0.4445595145225525, 0.031425513327121735, 0.37622159719467163, 0.42763739824295044, 0.025151396170258522]"
[],"[0.5965093970298767, 0.6010127663612366, 1.771820734575158e-07, 0.6178092360496521, 0.4897269606590271, -0.03967803344130516, 0.5986287593841553, 0.38177254796028137, -0.04353659227490425, 0.5583035945892334, 0.3022674024105072, -0.039819035679101944, 0.5355244874954224, 0.23369890451431274, -0.033713895827531815, 0.5184483528137207, 0.3707174062728882, -0.0027349614538252354, 0.4601266384124756, 0.3076710104942322, -0.0043365503661334515, 0.42289701104164124, 0.28172722458839417, -0.012501792050898075, 0.39060431718826294, 0.2617252469062805, -0.019784869626164436, 0.49183937907218933, 0.41135627031326294, 0.016414765268564224, 0.43081963062286377, 0.35149073600769043, 0.016796205192804337, 0.39021438360214233, 0.31563517451286316, 0.004380169324576855, 0.35508114099502563, 0.2885538339614868, -0.007027816027402878, 0.4787508249282837, 0.4514864683151245, 0.03042026422917843, 0.42369306087493896, 0.39695367217063904, 0.02583865262567997, 0.39164119958877563, 0.366300106048584, 0.011428422294557095, 0.36222437024116516, 0.3379631042480469, 0.0003510357055347413, 0.4743761420249939, 0.4869932532310486, 0.040976084768772125, 0.42929506301879883, 0.4460452198982239, 0.03290773183107376, 0.4050159156322479, 0.42319244146347046, 0.023625655099749565, 0.38309526443481445, 0.4008866548538208, 0.01706046238541603]"
[],"[0.5975914001464844, 0.6025545001029968, 1.907479969531778e-07, 0.6182329654693604, 0.4907798171043396, -0.04102315381169319, 0.5990849733352661, 0.3820590078830719, -0.045093465596437454, 0.5583183169364929, 0.3020124137401581, -0.041021548211574554, 0.5346628427505493, 0.2327387034893036, -0.03448643535375595, 0.519250214099884, 0.37097132205963135, -0.003971724770963192, 0.46019184589385986, 0.3069671094417572, -0.005039366893470287, 0.4221230745315552, 0.2803875207901001, -0.01273912750184536, 0.3896753191947937, 0.2600167989730835, -0.01967339776456356, 0.49241650104522705, 0.41268086433410645, 0.016493117436766624, 0.4308592677116394, 0.3524526357650757, 0.01771083101630211, 0.38999080657958984, 0.3162660300731659, 0.0057091861963272095, 0.3553856611251831, 0.2896423935890198, -0.005477897357195616, 0.47907906770706177, 0.4539119303226471, 0.0318242609500885, 0.42379122972488403, 0.3994144797325134, 0.028269192203879356, 0.3911203145980835, 0.3681912124156952, 0.014083091169595718, 0.36183661222457886, 0.3392731249332428, 0.0029823584482073784, 0.4743877649307251, 0.4902231693267822, 0.04362044855952263, 0.42930614948272705, 0.44891032576560974, 0.03633919358253479, 0.40465039014816284, 0.42565858364105225, 0.027252141386270523, 0.3827168047428131, 0.4025323688983917, 0.02075212448835373]"
"[0.5995752215385437, 0.5776927471160889, 2.791368274301931e-07, 0.6188232898712158, 0.4819740653038025, -0.04055517911911011, 0.6044741868972778, 0.3784567415714264, -0.047746770083904266, 0.5699333548545837, 0.2998519837856293, -0.04812050983309746, 0.5478579998016357, 0.23176509141921997, -0.04659559577703476, 0.5186631083488464, 0.35752052068710327, -0.008026646450161934, 0.462458074092865, 0.3030199408531189, -0.014859182760119438, 0.4261711537837982, 0.2780405282974243, -0.025439633056521416, 0.3952226936817169, 0.2592928409576416, -0.03360534459352493, 0.49187907576560974, 0.39602357149124146, 0.008357471786439419, 0.43323445320129395, 0.3421134948730469, 0.0037031446117907763, 0.39254680275917053, 0.3080539107322693, -0.010162030346691608, 0.35805898904800415, 0.28246602416038513, -0.021648872643709183, 0.47738149762153625, 0.4375830292701721, 0.019382184371352196, 0.42585617303848267, 0.38747602701187134, 0.010870859958231449, 0.39469289779663086, 0.35933080315589905, -0.004248409066349268, 0.3657309114933014, 0.3332071900367737, -0.015024091117084026, 0.4706149399280548, 0.4790913760662079, 0.026865672320127487, 0.43133822083473206, 0.44094404578208923, 0.016524305567145348, 0.41011229157447815, 0.41854044795036316, 0.006484166253358126, 0.3905408978462219, 0.3945304751396179, -0.00022769664064981043]",[]
"[0.5913523435592651, 0.5344103574752808, 2.0239636455698928e-07, 0.6114256381988525, 0.4543904960155487, -0.03458132594823837, 0.598110556602478, 0.37551119923591614, -0.04824478551745415, 0.5639406442642212, 0.3064802885055542, -0.05730311572551727, 0.5442554354667664, 0.241138756275177, -0.06612607091665268, 0.5200615525245667, 0.3538101315498352, -0.025445424020290375, 0.46430277824401855, 0.30366191267967224, -0.04375044256448746, 0.42959830164909363, 0.281840056180954, -0.059612780809402466, 0.3999125063419342, 0.2658964991569519, -0.07061189413070679, 0.49214664101600647, 0.3959048390388489, -0.01819797419011593, 0.4346177279949188, 0.3445776700973511, -0.033298563212156296, 0.3973744511604309, 0.31498098373413086, -0.048969779163599014, 0.3662251830101013, 0.2889719605445862, -0.06133333593606949, 0.47610124945640564, 0.4423467218875885, -0.01486944779753685, 0.4267541170120239, 0.3942360579967499, -0.0302784014493227, 0.39802753925323486, 0.36530357599258423, -0.04198570176959038, 0.37365055084228516, 0.33770138025283813, -0.05053647607564926, 0.4684087038040161, 0.49081385135650635, -0.014418558217585087, 0.4274930953979492, 0.4639226794242859, -0.02899247035384178, 0.408038854598999, 0.44266077876091003, -0.03612027317285538, 0.39264726638793945, 0.4187943935394287, -0.04055504873394966]",[]
[],"[0.4419907331466675, 0.7270826697349548, -1.0238341729973399e-07, 0.4924207329750061, 0.7145535349845886, 0.0006721208919771016, 0.5250359177589417, 0.6608679294586182, -0.003733021207153797, 0.5419486165046692, 0.5948265194892883, -0.007122315466403961, 0.541121244430542, 0.546924352645874, -0.009843651205301285, 0.5222797393798828, 0.6335864067077637, -0.029570724815130234, 0.5497406125068665, 0.534020721912384, -0.04046247899532318, 0.5489314198493958, 0.5557162165641785, -0.041052963584661484, 0.5385458469390869, 0.5865414142608643, -0.03831838443875313, 0.4945230185985565, 0.605772078037262, -0.031906526535749435, 0.5239670276641846, 0.502988338470459, -0.039375800639390945, 0.5252100229263306, 0.5262212157249451, -0.03671414405107498, 0.5138540863990784, 0.5593621134757996, -0.03386400267481804, 0.46887972950935364, 0.5856209397315979, -0.032279934734106064, 0.49399304389953613, 0.49341174960136414, -0.034472934901714325, 0.496610164642334, 0.510448694229126, -0.029353177174925804, 0.487506240606308, 0.5368241667747498, -0.026355452835559845, 0.44810402393341064, 0.5732811093330383, -0.03178149461746216, 0.45928826928138733, 0.5048335790634155, -0.03373858332633972, 0.45915332436561584, 0.5043318271636963, -0.031073998659849167, 0.45117735862731934, 0.5120295286178589, -0.02871541678905487]"
[],"[0.564749002456665, 0.6856980919837952, 3.1457238947041333e-07, 0.6041562557220459, 0.6285831332206726, -0.015088914893567562, 0.6235239505767822, 0.5421095490455627, -0.020402345806360245, 0.6317499876022339, 0.4694310128688812, -0.023841995745897293, 0.6495379209518433, 0.42143064737319946, -0.027873570099473, 0.5775232911109924, 0.4715648293495178, -0.005263335537165403, 0.5577401518821716, 0.39023810625076294, -0.008339366875588894, 0.5424293279647827, 0.3373385965824127, -0.014855700545012951, 0.5309836268424988, 0.29268303513526917, -0.02182578854262829, 0.5497779250144958, 0.48600852489471436, -0.004933147691190243, 0.5272831320762634, 0.3932666480541229, -0.007397628389298916, 0.5137442350387573, 0.33301523327827454, -0.017388775944709778, 0.50226891040802, 0.2888246774673462, -0.027162164449691772, 0.5277681350708008, 0.5135907530784607, -0.0059194196946918964, 0.5047682523727417, 0.43326354026794434, -0.011949971318244934, 0.4897741377353668, 0.3762302100658417, -0.01807292364537716, 0.4811301529407501, 0.3324529528617859, -0.023752715438604355, 0.5132467746734619, 0.5512726902961731, -0.00820455513894558, 0.4893439710140228, 0.4925718903541565, -0.0159053523093462, 0.4740387201309204, 0.4538255035877228, -0.018291153013706207, 0.46424850821495056, 0.41506654024124146, -0.02033430151641369]"
"[0.5997481346130371, 0.5637835264205933, 2.6905732397608517e-07, 0.6189563870429993, 0.46866393089294434, -0.032179635018110275, 0.6046236157417297, 0.3836013972759247, -0.04025271534919739, 0.5671399235725403, 0.315286248922348, -0.0449213832616806, 0.5455694198608398, 0.2517521381378174, -0.04835845157504082, 0.5203590989112854, 0.36744165420532227, -0.0013421087060123682, 0.46769416332244873, 0.3174780607223511, -0.011334260925650597, 0.43174219131469727, 0.2957630157470703, -0.024074064567685127, 0.4011184871196747, 0.2797924876213074, -0.033532362431287766, 0.491974413394928, 0.40646639466285706, 0.007165549788624048, 0.4375874996185303, 0.35605791211128235, 0.0004782023897860199, 0.3991604149341583, 0.3258548974990845, -0.013430659659206867, 0.3663925230503082, 0.29880303144454956, -0.024587010964751244, 0.47539660334587097, 0.45022866129875183, 0.010531538166105747, 0.428536593914032, 0.40558335185050964, 0.0016853708075359464, 0.40084224939346313, 0.3759106397628784, -0.009117870591580868, 0.3765408396720886, 0.34817060828208923, -0.01702105812728405, 0.46640509366989136, 0.4985598027706146, 0.010510502383112907, 0.42820459604263306, 0.4694519639015198, 0.0009744082926772535, 0.41021889448165894, 0.44467079639434814, -0.004508050624281168, 0.39566975831985474, 0.418304443359375, -0.007645430509001017]",[]
[],"[0.3976585566997528, 0.8181438446044922, 1.7568379462318262e-07, 0.47504639625549316, 0.7807671427726746, -0.015226438641548157, 0.5240534543991089, 0.6897668838500977, -0.012908359989523888, 0.5599880218505859, 0.6101803183555603, -0.0065653640776872635, 0.5860166549682617, 0.5572211146354675, 0.003174936631694436, 0.47011277079582214, 0.5355309247970581, -0.0016461934428662062, 0.533972978591919, 0.4785226583480835, -0.004284833092242479, 0.5676904320716858, 0.4855583608150482, -0.010124746710062027, 0.5857104063034058, 0.49754759669303894, -0.012908345088362694, 0.4391975700855255, 0.5197322964668274, 0.008760650642216206, 0.4903613328933716, 0.4335511028766632, 0.010124802589416504, 0.5179063677787781, 0.4136631488800049, 0.00949583575129509, 0.5328575968742371, 0.40916937589645386, 0.010388055816292763, 0.4163614809513092, 0.5247634053230286, 0.017766566947102547, 0.4461510181427002, 0.42915019392967224, 0.018787143751978874, 0.45918741822242737, 0.39495545625686646, 0.02041955478489399, 0.4640903174877167, 0.3762161433696747, 0.023281168192625046, 0.4050031304359436, 0.5432182550430298, 0.02536698803305626, 0.42733556032180786, 0.4668464660644531, 0.03133578971028328, 0.44281861186027527, 0.436991810798645, 0.03982403501868248, 0.4527481496334076, 0.42298948764801025, 0.04805333539843559]"
[],"[0.39306125044822693, 0.8224552273750305, 1.5811275488886167e-07, 0.47196638584136963, 0.782086193561554, -0.014991954900324345, 0.5231175422668457, 0.6904284358024597, -0.014932852238416672, 0.5602461099624634, 0.6099390387535095, -0.011512426659464836, 0.5873133540153503, 0.5572074055671692, -0.004597215447574854, 0.46579092741012573, 0.5330134034156799, -0.003643554635345936, 0.5372025370597839, 0.4777640700340271, -0.008569213561713696, 0.5757883191108704, 0.49110591411590576, -0.016592124477028847, 0.5957388877868652, 0.5106860995292664, -0.020663073286414146, 0.43677791953086853, 0.5149684548377991, 0.004901829641312361, 0.5038434267044067, 0.4394407570362091, 0.006069401279091835, 0.5394429564476013, 0.43331295251846313, 0.0048038167878985405, 0.5595376491546631, 0.4391223192214966, 0.004339660983532667, 0.4183124899864197, 0.5198156237602234, 0.012075313366949558, 0.4700016379356384, 0.433047354221344, 0.01429670862853527, 0.49898359179496765, 0.4189217984676361, 0.01786590926349163, 0.5163955092430115, 0.417205274105072, 0.020981566980481148, 0.41025128960609436, 0.5375112891197205, 0.017499340698122978, 0.4502089023590088, 0.46903055906295776, 0.023740731179714203, 0.47893840074539185, 0.45166921615600586, 0.03363313153386116, 0.4981729984283447, 0.45013540983200073, 0.04266522824764252]"
[],"[0.6032756567001343, 0.644524335861206, 7.922900380208375e-08, 0.6158873438835144, 0.5486003160476685, -0.03204338252544403, 0.5994990468025208, 0.435674786567688, -0.03615584596991539, 0.5661066770553589, 0.3446449041366577, -0.03706642985343933, 0.5416491031646729, 0.27888283133506775, -0.0371234305202961, 0.5279117822647095, 0.4210466146469116, 0.000945251202210784, 0.4664812684059143, 0.3660281300544739, -0.014370221644639969, 0.4224923253059387, 0.3463003635406494, -0.0313216969370842, 0.3853658437728882, 0.33332768082618713, -0.04360991343855858, 0.5041486024856567, 0.4550464451313019, 0.008414906449615955, 0.4389060139656067, 0.4066542088985443, -0.006188076920807362, 0.39214158058166504, 0.3780662417411804, -0.027322228997945786, 0.3534086346626282, 0.3560452461242676, -0.042874887585639954, 0.4960579574108124, 0.4906345009803772, 0.010457515716552734, 0.43420302867889404, 0.4394568204879761, -0.010029096156358719, 0.39485669136047363, 0.4099445044994354, -0.027433112263679504, 0.3626684844493866, 0.38260433077812195, -0.03804783523082733, 0.4998747706413269, 0.5240930914878845, 0.009595396928489208, 0.46085092425346375, 0.4769344627857208, -0.009781609289348125, 0.43994230031967163, 0.4528047442436218, -0.0192106980830431, 0.4223947525024414, 0.42749908566474915, -0.02463434636592865]"
[],"[0.6116430759429932, 0.6409755349159241, 2.204054112553422e-07, 0.6255959272384644, 0.5356802344322205, -0.030183741822838783, 0.607845664024353, 0.42461925745010376, -0.032524123787879944, 0.5713951587677002, 0.3391394317150116, -0.0328078418970108, 0.5444850325584412, 0.27307945489883423, -0.032400134950876236, 0.5463355183601379, 0.4037974774837494, 0.01711173914372921, 0.497131884098053, 0.34012943506240845, 0.011424988508224487, 0.4593833088874817, 0.30974486470222473, 0.0005172657547518611, 0.43164315819740295, 0.28997451066970825, -0.008910000324249268, 0.5157505869865417, 0.44740474224090576, 0.02368096262216568, 0.45381292700767517, 0.3923048675060272, 0.018153361976146698, 0.4078417718410492, 0.36105746030807495, 0.0021077413111925125, 0.3716678023338318, 0.34214556217193604, -0.010285756550729275, 0.4978485405445099, 0.4910837411880493, 0.023805683478713036, 0.43833720684051514, 0.43601617217063904, 0.009482347406446934, 0.4007619619369507, 0.40800508856773376, -0.00432315468788147, 0.3711475431919098, 0.3824078440666199, -0.013080107979476452, 0.48979896306991577, 0.5342825651168823, 0.02066153474152088, 0.4476144313812256, 0.49286556243896484, 0.004470285959541798, 0.4236566424369812, 0.4744866192340851, -0.0029995806980878115, 0.40401190519332886, 0.4530984163284302, -0.007096719462424517]"
"[0.6149693131446838, 0.6349084973335266, 1.0024072594205791e-07, 0.6261367797851562, 0.5239760875701904, -0.04028547555208206, 0.6077452898025513, 0.40954825282096863, -0.045626718550920486, 0.5700230002403259, 0.32339197397232056, -0.04445389285683632, 0.5448694825172424, 0.25189274549484253, -0.040916986763477325, 0.5359164476394653, 0.38756248354911804, 0.003084989730268717, 0.47255611419677734, 0.3249886631965637, -0.004284332040697336, 0.4303146004676819, 0.3035100996494293, -0.017896704375743866, 0.39566126465797424, 0.28822702169418335, -0.027902860194444656, 0.5098574161529541, 0.4283924996852875, 0.020849891006946564, 0.4431926906108856, 0.3689037561416626, 0.016437839716672897, 0.39753320813179016, 0.3384885787963867, -0.0012165692169219255, 0.35939663648605347, 0.3160375952720642, -0.015406203456223011, 0.4946042001247406, 0.4708233177661896, 0.0327364020049572, 0.4318656027317047, 0.41775691509246826, 0.025289950892329216, 0.39467358589172363, 0.39092952013015747, 0.010148834437131882, 0.36345040798187256, 0.36617857217788696, -0.0008719498291611671, 0.48576080799102783, 0.5139472484588623, 0.04078814759850502, 0.435341477394104, 0.47791117429733276, 0.032267674803733826, 0.40801331400871277, 0.45827609300613403, 0.024500887840986252, 0.38377296924591064, 0.43786686658859253, 0.01935775950551033]",[]
"[0.6072754859924316, 0.5913472175598145, 2.7738610697269905e-07, 0.6269350051879883, 0.4933936595916748, -0.03836700692772865, 0.6118674278259277, 0.3884154260158539, -0.04878510907292366, 0.5776689648628235, 0.3083881437778473, -0.0536174438893795, 0.5572771430015564, 0.2385401427745819, -0.05713609233498573, 0.5332081913948059, 0.367095410823822, -0.015348601154983044, 0.4741075932979584, 0.3132176399230957, -0.029483534395694733, 0.4336342513561249, 0.28958988189697266, -0.04416283965110779, 0.39987266063690186, 0.2688872218132019, -0.05523013323545456, 0.5054945349693298, 0.4061287045478821, -0.0034814600367099047, 0.4438838064670563, 0.35383859276771545, -0.017611484974622726, 0.39917847514152527, 0.3192766308784485, -0.03614700585603714, 0.36072593927383423, 0.2889779508113861, -0.05016306787729263, 0.48824620246887207, 0.4505124092102051, 0.0036911277566105127, 0.43361037969589233, 0.3985064923763275, -0.012189346365630627, 0.3988773226737976, 0.3697379231452942, -0.027758779004216194, 0.3671153783798218, 0.3435204029083252, -0.037697721272706985, 0.477207213640213, 0.4960060715675354, 0.007614122703671455, 0.4324035942554474, 0.4532559812068939, -0.007713207975029945, 0.4080027937889099, 0.4289987087249756, -0.01800614967942238, 0.38648927211761475, 0.4057295620441437, -0.023984581232070923]",[]
"[0.6046358942985535, 0.5857981443405151, 2.6540709541222895e-07, 0.6260374784469604, 0.4900832772254944, -0.03754938021302223, 0.6112321019172668, 0.3878074884414673, -0.04834173247218132, 0.5766952633857727, 0.309356689453125, -0.053715575486421585, 0.5569815635681152, 0.2401409149169922, -0.05794430896639824, 0.5326732993125916, 0.36624571681022644, -0.01783503033220768, 0.47439587116241455, 0.31288236379623413, -0.03264934942126274, 0.4341620206832886, 0.28927868604660034, -0.04700746387243271, 0.4004251956939697, 0.2685701251029968, -0.05773914232850075, 0.504927396774292, 0.405037522315979, -0.006815420463681221, 0.4432716369628906, 0.352649450302124, -0.021771585568785667, 0.39914578199386597, 0.31829798221588135, -0.0395999513566494, 0.3613826334476471, 0.2879553437232971, -0.052899908274412155, 0.4881054759025574, 0.4490872323513031, -0.00022769202769268304, 0.4338723123073578, 0.39915716648101807, -0.01678948849439621, 0.3997655510902405, 0.3728523552417755, -0.031762171536684036, 0.36854180693626404, 0.3480323553085327, -0.041083093732595444, 0.4782736003398895, 0.49449118971824646, 0.0032395690213888884, 0.43316417932510376, 0.4546516537666321, -0.012606263160705566, 0.4084072709083557, 0.4323188066482544, -0.022764436900615692, 0.38620105385780334, 0.41057300567626953, -0.02848750911653042]",[]
"[0.6039977073669434, 0.5219481587409973, 3.010475779774424e-07, 0.6242175102233887, 0.4415193200111389, -0.03838850557804108, 0.6061040163040161, 0.35771632194519043, -0.05204720050096512, 0.573676347732544, 0.285480260848999, -0.06036359816789627, 0.559459388256073, 0.2195412665605545, -0.06817124038934708, 0.5221337676048279, 0.34312427043914795, -0.028625689446926117, 0.46847572922706604, 0.29498714208602905, -0.04586843401193619, 0.43423205614089966, 0.270160973072052, -0.06023920327425003, 0.4052409529685974, 0.2498607486486435, -0.07110282778739929, 0.4947333335876465, 0.3826138377189636, -0.019769396632909775, 0.4392756223678589, 0.3303053081035614, -0.036028362810611725, 0.4005715847015381, 0.2982333302497864, -0.05233786255121231, 0.36711636185646057, 0.2711983919143677, -0.06453613191843033, 0.4811670184135437, 0.42839062213897705, -0.01497243344783783, 0.431939959526062, 0.38027507066726685, -0.03241957724094391, 0.4025821089744568, 0.35137468576431274, -0.04657240957021713, 0.3774315118789673, 0.3251628279685974, -0.05590685456991196, 0.4771953523159027, 0.47746169567108154, -0.013256042264401913, 0.43798303604125977, 0.44864970445632935, -0.030674278736114502, 0.4167736768722534, 0.42839354276657104, -0.040906719863414764, 0.39856231212615967, 0.4053090810775757, -0.04696175083518028]",[]
"[0.6265028119087219, 0.545534610748291, 1.5472400605176517e-07, 0.6341553926467896, 0.45761623978614807, -0.03467310965061188, 0.612804651260376, 0.368457168340683, -0.04505370557308197, 0.5738009810447693, 0.2974560856819153, -0.05069934204220772, 0.55433589220047, 0.23327408730983734, -0.05560440570116043, 0.5260542631149292, 0.35098838806152344, -0.01676959916949272, 0.469012975692749, 0.30046069622039795, -0.03029514290392399, 0.4345312714576721, 0.279136061668396, -0.04510970413684845, 0.40479838848114014, 0.2621421813964844, -0.056514326483011246, 0.501101553440094, 0.3897343575954437, -0.008033917285501957, 0.4407217502593994, 0.3399185538291931, -0.018777888268232346, 0.4005903899669647, 0.311457097530365, -0.0343024879693985, 0.36611974239349365, 0.2887100577354431, -0.0473434217274189, 0.4885158836841583, 0.4337553381919861, -0.0035701822489500046, 0.43565502762794495, 0.3902827203273773, -0.015592263080179691, 0.40456706285476685, 0.36365142464637756, -0.02728213742375374, 0.3780131936073303, 0.3394105136394501, -0.036510664969682693, 0.4847353398799896, 0.48405006527900696, -0.002437885385006666, 0.44239524006843567, 0.4565982520580292, -0.01463018823415041, 0.42003124952316284, 0.4366195797920227, -0.021312065422534943, 0.4004703462123871, 0.41359782218933105, -0.02607838250696659]",[]
[],"[0.5678043365478516, 0.6781483292579651, 2.7085596343567886e-07, 0.6056727170944214, 0.6258561015129089, -0.014404445886611938, 0.623715341091156, 0.5374354124069214, -0.021931132301688194, 0.6296198964118958, 0.47003957629203796, -0.02765464037656784, 0.6479200720787048, 0.4237477779388428, -0.03468382731080055, 0.5759110450744629, 0.4626416862010956, -0.021492432802915573, 0.5503630042076111, 0.3837474584579468, -0.0331268347799778, 0.5336031317710876, 0.3320559859275818, -0.0431099496781826, 0.521763801574707, 0.2912237346172333, -0.05215684697031975, 0.5481287240982056, 0.4839109182357788, -0.025789255276322365, 0.5210157036781311, 0.39536967873573303, -0.0409628190100193, 0.504917562007904, 0.33922165632247925, -0.05639447271823883, 0.4923096001148224, 0.2937893271446228, -0.06867878884077072, 0.5267603993415833, 0.5206956267356873, -0.030463293194770813, 0.4984601140022278, 0.4487236440181732, -0.05101478844881058, 0.48038366436958313, 0.40202954411506653, -0.062206633388996124, 0.46867987513542175, 0.3640746474266052, -0.06856503337621689, 0.5122872591018677, 0.5682292580604553, -0.03525950759649277, 0.4848257303237915, 0.5182235240936279, -0.05311349034309387, 0.4683941602706909, 0.48503389954566956, -0.059029027819633484, 0.45621949434280396, 0.449945330619812, -0.062215495854616165]"
"[0.5520045161247253, 0.6880369186401367, 2.110434849100784e-07, 0.6026193499565125, 0.6477680206298828, -0.01884799636900425, 0.6236656904220581, 0.565881073474884, -0.033101942390203476, 0.6316429376602173, 0.4921717047691345, -0.045266713947057724, 0.6480409502983093, 0.43509531021118164, -0.059885188937187195, 0.5695472359657288, 0.48044753074645996, -0.044578660279512405, 0.5475324392318726, 0.39630788564682007, -0.06740397959947586, 0.5330336093902588, 0.34502112865448, -0.08236657083034515, 0.521504819393158, 0.30473777651786804, -0.09324198216199875, 0.5389443039894104, 0.5005877017974854, -0.04958876222372055, 0.5150172114372253, 0.4063888192176819, -0.07491801679134369, 0.49976375699043274, 0.3490968346595764, -0.09224606305360794, 0.487455815076828, 0.3027087450027466, -0.10516758263111115, 0.5179471969604492, 0.534339964389801, -0.05469883233308792, 0.49416759610176086, 0.4542904496192932, -0.08214843273162842, 0.4786866307258606, 0.4012477695941925, -0.09453526139259338, 0.46733665466308594, 0.3581390678882599, -0.10138707607984543, 0.505358874797821, 0.5761160254478455, -0.06004790961742401, 0.4807722568511963, 0.5183819532394409, -0.08406398445367813, 0.46410274505615234, 0.4772394895553589, -0.09287429600954056, 0.45033854246139526, 0.4374745190143585, -0.09762732684612274]",[]
"[0.5419228076934814, 0.7101186513900757, 1.6761254073571763e-07, 0.592371940612793, 0.6650968790054321, -0.016897713765501976, 0.6144000887870789, 0.5758360028266907, -0.021437538787722588, 0.6240967512130737, 0.4935133159160614, -0.02452351339161396, 0.6439677476882935, 0.44141072034835815, -0.027761125937104225, 0.558688759803772, 0.48975977301597595, -0.009018916636705399, 0.5392475128173828, 0.40300288796424866, -0.01813484914600849, 0.5268229246139526, 0.35402941703796387, -0.026957564055919647, 0.515863299369812, 0.31606000661849976, -0.03394751250743866, 0.5286862850189209, 0.5034136772155762, -0.008156567811965942, 0.5077276229858398, 0.4104629456996918, -0.01574774459004402, 0.49516451358795166, 0.35140663385391235, -0.026302611455321312, 0.484881192445755, 0.30324169993400574, -0.0352194607257843, 0.506409764289856, 0.5334725379943848, -0.009581251069903374, 0.48806560039520264, 0.45217567682266235, -0.01978105492889881, 0.4758618474006653, 0.3974953293800354, -0.03041723184287548, 0.46613505482673645, 0.3519060015678406, -0.038240063935518265, 0.49375611543655396, 0.5749455094337463, -0.012292556464672089, 0.4719967842102051, 0.5206489562988281, -0.023796308785676956, 0.45925527811050415, 0.4820166826248169, -0.031162699684500694, 0.4504849910736084, 0.44612768292427063, -0.035965725779533386]",[]
[],"[0.4804011881351471, 0.7261858582496643, -9.072051199154885e-08, 0.537645161151886, 0.7103874683380127, -0.0018500719452276826, 0.5731070637702942, 0.6381111741065979, -0.011261390522122383, 0.6003702878952026, 0.5496044158935547, -0.018292386084794998, 0.6197766065597534, 0.4883408546447754, -0.02641378901898861, 0.5638983249664307, 0.6231316924095154, -0.049449265003204346, 0.5899197459220886, 0.5472082495689392, -0.06856196373701096, 0.5891554355621338, 0.5520236492156982, -0.07232518494129181, 0.5796064138412476, 0.5656830072402954, -0.07229577004909515, 0.5349727869033813, 0.6018086075782776, -0.05425119027495384, 0.5564834475517273, 0.5080576539039612, -0.07416070252656937, 0.5529356598854065, 0.513270914554596, -0.07605795562267303, 0.541650652885437, 0.5350242257118225, -0.07566158473491669, 0.504869282245636, 0.5879217982292175, -0.05672628805041313, 0.5120179057121277, 0.48671114444732666, -0.07200619578361511, 0.5072299838066101, 0.45497649908065796, -0.07624898105859756, 0.4947127401828766, 0.4407619535923004, -0.07927678525447845, 0.4781988859176636, 0.5854663252830505, -0.05688001587986946, 0.4692128598690033, 0.5116031169891357, -0.07013614475727081, 0.4595136046409607, 0.48018842935562134, -0.07614156603813171, 0.44749248027801514, 0.45591020584106445, -0.080063596367836]"
[],"[0.4844576120376587, 0.7119231820106506, -7.091549036886136e-08, 0.5386033654212952, 0.7000436782836914, -0.011265680193901062, 0.5697815418243408, 0.6235083937644958, -0.02185633033514023, 0.5939939022064209, 0.534182071685791, -0.0284785944968462, 0.6141958236694336, 0.47491201758384705, -0.03541365638375282, 0.5550439953804016, 0.6058812141418457, -0.05037114396691322, 0.5794889330863953, 0.5290372371673584, -0.0667814388871193, 0.5805186629295349, 0.5364779829978943, -0.068586565554142, 0.5737084150314331, 0.5529971718788147, -0.06866435706615448, 0.5268694758415222, 0.5860950350761414, -0.050978340208530426, 0.5473135113716125, 0.48875892162323, -0.06830210983753204, 0.5455710291862488, 0.479228138923645, -0.07247918844223022, 0.5372645854949951, 0.4826793670654297, -0.07510122656822205, 0.4987924098968506, 0.5780335664749146, -0.05031391978263855, 0.5020195841789246, 0.4768553674221039, -0.06625717878341675, 0.49314242601394653, 0.43012529611587524, -0.07592753320932388, 0.4789760708808899, 0.39879876375198364, -0.08350080996751785, 0.47553473711013794, 0.5818438529968262, -0.048074785619974136, 0.4686174988746643, 0.5183449387550354, -0.0628095492720604, 0.45906010270118713, 0.48135891556739807, -0.07260652631521225, 0.4472469389438629, 0.44825422763824463, -0.08033620566129684]"
[],"[0.5712873935699463, 0.7018601894378662, 2.0278763201986294e-07, 0.6092479228973389, 0.6484767198562622, -0.0213431715965271, 0.621247410774231, 0.5665455460548401, -0.03879741206765175, 0.6255056858062744, 0.49075019359588623, -0.052600689232349396, 0.6431944370269775, 0.4390450716018677, -0.06922536343336105, 0.5806716680526733, 0.5583969950675964, -0.050855036824941635, 0.5530326962471008, 0.4525819420814514, -0.07219081372022629, 0.5305750370025635, 0.3817256689071655, -0.08564677834510803, 0.513134777545929, 0.3290863633155823, -0.09586944431066513, 0.5512993335723877, 0.5689842700958252, -0.05113545432686806, 0.5237872004508972, 0.45554426312446594, -0.07419075071811676, 0.5009234547615051, 0.3828679323196411, -0.09246987849473953, 0.48293226957321167, 0.3273758888244629, -0.10747671127319336, 0.5273231267929077, 0.5846580266952515, -0.05035053566098213, 0.5047627687454224, 0.48591792583465576, -0.07031232118606567, 0.48329001665115356, 0.4194125533103943, -0.08395161479711533, 0.4671405851840973, 0.3735904395580292, -0.09444267302751541, 0.511158287525177, 0.6042171716690063, -0.04985008388757706, 0.4896945357322693, 0.5313852429389954, -0.0667213723063469, 0.4741843342781067, 0.48685207962989807, -0.07524161785840988, 0.4600153863430023, 0.4501466155052185, -0.08212484419345856]"
"[0.5767080187797546, 0.6838578581809998, 3.2535524496779544e-07, 0.6108864545822144, 0.6312206983566284, -0.018858881667256355, 0.6234321594238281, 0.5497262477874756, -0.025560058653354645, 0.630358099937439, 0.4854867458343506, -0.030791757628321648, 0.6499916315078735, 0.4422633647918701, -0.03603110462427139, 0.5635163187980652, 0.48183298110961914, -0.012375646270811558, 0.5442063212394714, 0.4050748348236084, -0.022843245416879654, 0.5306025743484497, 0.3558436632156372, -0.031952403485774994, 0.5189070701599121, 0.31717315316200256, -0.03891754895448685, 0.5355225205421448, 0.49478378891944885, -0.011369364336133003, 0.5139352679252625, 0.41129356622695923, -0.02077496610581875, 0.4997231066226959, 0.35282301902770996, -0.03137794882059097, 0.4885474145412445, 0.30429938435554504, -0.039285317063331604, 0.5154080986976624, 0.5214024782180786, -0.01268928125500679, 0.4945041239261627, 0.452236145734787, -0.02337753213942051, 0.48167940974235535, 0.4018428921699524, -0.03355542570352554, 0.47184351086616516, 0.3571110665798187, -0.04029502347111702, 0.5013251304626465, 0.5589444041252136, -0.01564602740108967, 0.4800889492034912, 0.512641966342926, -0.027000539004802704, 0.4679235816001892, 0.4794784188270569, -0.03382793813943863, 0.4582069516181946, 0.44508326053619385, -0.03778742626309395]",[]
"[0.5851603150367737, 0.6693854331970215, 2.98967250955684e-07, 0.615498960018158, 0.620955228805542, -0.019432861357927322, 0.6255171895027161, 0.5447810888290405, -0.0275960061699152, 0.6333905458450317, 0.47985386848449707, -0.03433430939912796, 0.6520019769668579, 0.43442392349243164, -0.04063406586647034, 0.5701120495796204, 0.4690432846546173, -0.012621072120964527, 0.5522304177284241, 0.39235344529151917, -0.02320043370127678, 0.5412636995315552, 0.34627267718315125, -0.032199203968048096, 0.531861424446106, 0.308896541595459, -0.03901756927371025, 0.542391300201416, 0.4829782247543335, -0.011687787249684334, 0.5224219560623169, 0.39996370673179626, -0.02121829241514206, 0.510757327079773, 0.34373635053634644, -0.03055855631828308, 0.5017514824867249, 0.2982931137084961, -0.03752588480710983, 0.5214753150939941, 0.510352611541748, -0.013418945483863354, 0.5017646551132202, 0.4375241994857788, -0.023234324529767036, 0.4920029640197754, 0.3888135552406311, -0.03143772482872009, 0.48489344120025635, 0.34832027554512024, -0.03699276223778725, 0.5062439441680908, 0.5482762455940247, -0.017133189365267754, 0.4870889186859131, 0.49809789657592773, -0.027028201147913933, 0.47569167613983154, 0.46307334303855896, -0.032673776149749756, 0.4659719169139862, 0.4293713867664337, -0.036041706800460815]","[0.4620003402233124, 0.7455840110778809, -1.6068900876575754e-08, 0.5080273747444153, 0.7421851754188538, -0.0007496636826545, 0.5422794818878174, 0.6938595771789551, -0.003137964755296707, 0.5506856441497803, 0.6279025673866272, -0.0044799125753343105, 0.5441422462463379, 0.5814549326896667, -0.0057264668866992, 0.5509042143821716, 0.664272129535675, -0.016636546701192856, 0.5752464532852173, 0.577756404876709, -0.023557260632514954, 0.5710872411727905, 0.5674329996109009, -0.025234973058104515, 0.5625064373016357, 0.5796365737915039, -0.02457173354923725, 0.52494877576828, 0.6276397109031677, -0.0183295626193285, 0.5512439012527466, 0.5365995764732361, -0.024151578545570374, 0.550068199634552, 0.5463757514953613, -0.023575957864522934, 0.5407878756523132, 0.574357271194458, -0.02171553298830986, 0.4988960027694702, 0.6018607020378113, -0.018843796104192734, 0.526461124420166, 0.5209911465644836, -0.0207373034209013, 0.5284624695777893, 0.5369183421134949, -0.016097551211714745, 0.5214946269989014, 0.5629929900169373, -0.012522459961473942, 0.4761532247066498, 0.5876784920692444, -0.01877678371965885, 0.500592052936554, 0.5298407673835754, -0.018543677404522896, 0.5052723288536072, 0.5412009358406067, -0.01270745787769556, 0.5018411874771118, 0.5600159168243408, -0.0077605280093848705]"
"[0.5941741466522217, 0.6618053913116455, 2.924369937318261e-07, 0.6232890486717224, 0.6139783263206482, -0.022769812494516373, 0.6334986090660095, 0.5387529730796814, -0.032289229333400726, 0.642349898815155, 0.47238898277282715, -0.03989487513899803, 0.6623687744140625, 0.4270356297492981, -0.04716245085000992, 0.5771732926368713, 0.46061912178993225, -0.01636870577931404, 0.5591517090797424, 0.3817185163497925, -0.02887515351176262, 0.5480096340179443, 0.33261266350746155, -0.03895319998264313, 0.5386146903038025, 0.29271364212036133, -0.046668119728565216, 0.5513284802436829, 0.4725533723831177, -0.01475084014236927, 0.5298589468002319, 0.3861256241798401, -0.02664821781218052, 0.517650842666626, 0.328358918428421, -0.03755512461066246, 0.5085464715957642, 0.2823065519332886, -0.04551194608211517, 0.5321933031082153, 0.49958011507987976, -0.016033459454774857, 0.5094031691551208, 0.42441803216934204, -0.02878204546868801, 0.4970717132091522, 0.3730922043323517, -0.038785580545663834, 0.4885746240615845, 0.3303288221359253, -0.04527938738465309, 0.5186947584152222, 0.5376291871070862, -0.01944958232343197, 0.49604564905166626, 0.48782575130462646, -0.032186344265937805, 0.4826948344707489, 0.4517539441585541, -0.039711449295282364, 0.47246766090393066, 0.416049599647522, -0.04426555335521698]","[0.4633788466453552, 0.7548773884773254, -7.55933271534559e-08, 0.5086851119995117, 0.7487909197807312, -0.00024832008057273924, 0.540420413017273, 0.7021057605743408, -0.0027743764221668243, 0.5489962100982666, 0.6397246718406677, -0.0037397672422230244, 0.5402362942695618, 0.5989607572555542, -0.003962775692343712, 0.545723021030426, 0.6792963147163391, -0.02318480797111988, 0.5697056651115417, 0.5953282117843628, -0.029920535162091255, 0.5640959143638611, 0.5993882417678833, -0.028145208954811096, 0.5558645129203796, 0.6213212013244629, -0.024925369769334793, 0.5215372443199158, 0.644779622554779, -0.02466110698878765, 0.5474252700805664, 0.5553126931190491, -0.03193021938204765, 0.5455843806266785, 0.5620499849319458, -0.029412459582090378, 0.5372285842895508, 0.5893774032592773, -0.025658074766397476, 0.49667030572891235, 0.6179696321487427, -0.024503150954842567, 0.520969033241272, 0.5373266339302063, -0.027499983087182045, 0.5246832370758057, 0.5459442138671875, -0.023663589730858803, 0.520894467830658, 0.5683209300041199, -0.020420527085661888, 0.47596028447151184, 0.601875901222229, -0.023458071053028107, 0.4958949387073517, 0.5444630980491638, -0.024778656661510468, 0.5003756880760193, 0.547021746635437, -0.021417982876300812, 0.49798834323883057, 0.5592049360275269, -0.018074531108140945]"
[],"[0.4479508399963379, 0.7416243553161621, 1.1432858215698616e-08, 0.49300330877304077, 0.7285067439079285, 0.002100240206345916, 0.5214108824729919, 0.6718401312828064, -0.002257038839161396, 0.5355068445205688, 0.6007433533668518, -0.005776079371571541, 0.5382630825042725, 0.548511266708374, -0.010653290897607803, 0.5331257581710815, 0.6467050313949585, -0.032623909413814545, 0.5576518177986145, 0.5503672361373901, -0.045354213565588, 0.5593304634094238, 0.5148051381111145, -0.04627586156129837, 0.5561316609382629, 0.5028852224349976, -0.0450018048286438, 0.5078659653663635, 0.6201595664024353, -0.03825803101062775, 0.5270331501960754, 0.5042299032211304, -0.052675761282444, 0.5264948010444641, 0.46276095509529114, -0.054349496960639954, 0.5226593613624573, 0.44450968503952026, -0.053627725690603256, 0.48162543773651123, 0.600487232208252, -0.041851695626974106, 0.49140602350234985, 0.4917648732662201, -0.05389369651675224, 0.48436304926872253, 0.4318833649158478, -0.0587703138589859, 0.4750367999076843, 0.38886958360671997, -0.06146583706140518, 0.45878398418426514, 0.5913841724395752, -0.04354361817240715, 0.4595625698566437, 0.520551323890686, -0.054624591022729874, 0.4514375329017639, 0.48204463720321655, -0.059440575540065765, 0.4421272277832031, 0.4488229751586914, -0.061635807156562805]"
"[0.5889596939086914, 0.6640074849128723, 2.2563355628335557e-07, 0.620008111000061, 0.6148958206176758, -0.020907660946249962, 0.6327738761901855, 0.5377435088157654, -0.029418062418699265, 0.6423725485801697, 0.46996134519577026, -0.036221943795681, 0.6616081595420837, 0.42589306831359863, -0.043035250157117844, 0.5776216983795166, 0.4600070118904114, -0.014923217706382275, 0.5585793256759644, 0.37892991304397583, -0.026724139228463173, 0.5469041466712952, 0.3292049765586853, -0.03712039068341255, 0.5367119908332825, 0.2898157835006714, -0.0453089140355587, 0.5507016181945801, 0.47313717007637024, -0.014185622334480286, 0.5288395285606384, 0.38277310132980347, -0.02516336180269718, 0.5169985890388489, 0.324929416179657, -0.03713662177324295, 0.5078402757644653, 0.2780957818031311, -0.04667320474982262, 0.5316369533538818, 0.4998985528945923, -0.016028467565774918, 0.5096232891082764, 0.42202040553092957, -0.028159886598587036, 0.4966825246810913, 0.3700653910636902, -0.03888470679521561, 0.4870991110801697, 0.32625940442085266, -0.046519625931978226, 0.5190154314041138, 0.536918044090271, -0.019832082092761993, 0.49517396092414856, 0.4854654371738434, -0.031906962394714355, 0.48084062337875366, 0.4495762288570404, -0.03932235389947891, 0.46997398138046265, 0.4136207401752472, -0.04435194656252861]",[]
"[0.5880224704742432, 0.6622874736785889, 3.0203551659724326e-07, 0.6167106032371521, 0.6154700517654419, -0.022971302270889282, 0.6251633167266846, 0.54074627161026, -0.03399209305644035, 0.6327645182609558, 0.47247278690338135, -0.042908549308776855, 0.6537654399871826, 0.427203893661499, -0.051491621881723404, 0.5697507262229919, 0.46187081933021545, -0.019253121688961983, 0.5501821041107178, 0.3835097551345825, -0.03295016288757324, 0.5387058854103088, 0.33593684434890747, -0.04346463084220886, 0.5294175744056702, 0.29832643270492554, -0.05102140083909035, 0.5436699390411377, 0.4754173457622528, -0.017381232231855392, 0.5220407843589783, 0.390279620885849, -0.03009273111820221, 0.5096408724784851, 0.33379971981048584, -0.04014499858021736, 0.5001246929168701, 0.2877501845359802, -0.04691943898797035, 0.5239538550376892, 0.5034583210945129, -0.018266722559928894, 0.5010967254638672, 0.42729297280311584, -0.030873361974954605, 0.4894433915615082, 0.3780151903629303, -0.03951248154044151, 0.481355220079422, 0.33640897274017334, -0.04484985023736954, 0.5099444389343262, 0.5429826974868774, -0.021283792331814766, 0.4869673252105713, 0.49410730600357056, -0.03345707431435585, 0.47420743107795715, 0.45862287282943726, -0.0399545282125473, 0.4643305242061615, 0.42296963930130005, -0.0435643270611763]",[]
"[0.580553412437439, 0.6522393226623535, 4.0715681848269014e-07, 0.6088224649429321, 0.6078842282295227, -0.02790486067533493, 0.619020938873291, 0.5443407297134399, -0.04356563836336136, 0.6270321011543274, 0.48334524035453796, -0.05638149380683899, 0.6462743282318115, 0.43413472175598145, -0.06936400383710861, 0.5612208247184753, 0.4685806930065155, -0.02879176288843155, 0.5430001616477966, 0.39290928840637207, -0.04552057012915611, 0.5319223403930664, 0.3444059491157532, -0.05762890353798866, 0.5228042006492615, 0.3052949905395508, -0.06646524369716644, 0.5354851484298706, 0.4842238128185272, -0.026268213987350464, 0.5144044756889343, 0.40181371569633484, -0.04201938584446907, 0.5025230646133423, 0.3443869948387146, -0.05417666584253311, 0.49411147832870483, 0.2964459955692291, -0.06282103806734085, 0.5167462229728699, 0.5145532488822937, -0.026637380942702293, 0.4956161677837372, 0.44068488478660583, -0.042237408459186554, 0.48406046628952026, 0.390144944190979, -0.053447987884283066, 0.476595938205719, 0.34533077478408813, -0.06064832955598831, 0.5037405490875244, 0.554360032081604, -0.029246920719742775, 0.48135310411453247, 0.5070486664772034, -0.04455050081014633, 0.46889060735702515, 0.4704802930355072, -0.053752291947603226, 0.4590023159980774, 0.4327085316181183, -0.05938466265797615]",[]
"[0.5725122094154358, 0.6744808554649353, 3.692543373290391e-07, 0.6046299338340759, 0.62092524766922, -0.021095409989356995, 0.6133794784545898, 0.5454999804496765, -0.03118368424475193, 0.6189253330230713, 0.4791274666786194, -0.03997621312737465, 0.6400243043899536, 0.4332122504711151, -0.04887738078832626, 0.5529487729072571, 0.4737328588962555, -0.01523283775895834, 0.5352267026901245, 0.39883995056152344, -0.028084253892302513, 0.5235553979873657, 0.3517301380634308, -0.038720883429050446, 0.5137789845466614, 0.31402507424354553, -0.046592943370342255, 0.5269644260406494, 0.4907788932323456, -0.0147635443136096, 0.5052677392959595, 0.40792644023895264, -0.02656635269522667, 0.4921582341194153, 0.35152381658554077, -0.03721242770552635, 0.4819994270801544, 0.30414915084838867, -0.044549740850925446, 0.5082513093948364, 0.5210127234458923, -0.0170444343239069, 0.4869065284729004, 0.44808951020240784, -0.02888965792953968, 0.4761664867401123, 0.39805665612220764, -0.03781459107995033, 0.46852946281433105, 0.3541772961616516, -0.043290529400110245, 0.49573835730552673, 0.5628079771995544, -0.02142263762652874, 0.47349637746810913, 0.5149745345115662, -0.0327761173248291, 0.4608383774757385, 0.47839146852493286, -0.03895536810159683, 0.45036089420318604, 0.4412362575531006, -0.04232524335384369]",[]
"[0.465461790561676, 0.7985721826553345, -1.9489681335471687e-07, 0.5076013207435608, 0.7912996411323547, 0.0020230317022651434, 0.5436866879463196, 0.7565286755561829, -0.003329869592562318, 0.5613565444946289, 0.7058835029602051, -0.008648171089589596, 0.5574359893798828, 0.6683670282363892, -0.013861714862287045, 0.5505428314208984, 0.7214576601982117, -0.02484809048473835, 0.583539605140686, 0.639167070388794, -0.041185855865478516, 0.5741163492202759, 0.6473404765129089, -0.04662246257066727, 0.5615543723106384, 0.6725132465362549, -0.04664750397205353, 0.533862829208374, 0.6952501535415649, -0.030910644680261612, 0.5661073327064514, 0.5972849130630493, -0.046733759343624115, 0.556271493434906, 0.6140416264533997, -0.04681430011987686, 0.5441523194313049, 0.6508691310882568, -0.04238654673099518, 0.5153297185897827, 0.6773397922515869, -0.03554610162973404, 0.5425352454185486, 0.59303879737854, -0.04555971920490265, 0.5366076827049255, 0.6081892848014832, -0.038024064153432846, 0.5283740162849426, 0.6364111304283142, -0.029704589396715164, 0.49759551882743835, 0.6670194268226624, -0.0390956848859787, 0.5119173526763916, 0.5978587865829468, -0.04295200854539871, 0.5065417289733887, 0.6072835326194763, -0.034311939030885696, 0.500587522983551, 0.629673182964325, -0.025595247745513916]",[]
"[0.5623591542243958, 0.6807349324226379, 3.7032395994174294e-07, 0.5977340340614319, 0.6212839484214783, -0.015884660184383392, 0.6079965829849243, 0.5493108630180359, -0.02444475330412388, 0.6122276186943054, 0.48522892594337463, -0.03175688534975052, 0.6291647553443909, 0.4387986660003662, -0.0394115075469017, 0.5464727878570557, 0.48301559686660767, -0.01830735057592392, 0.5245316028594971, 0.40530645847320557, -0.029805736616253853, 0.510301947593689, 0.3575289845466614, -0.03854170814156532, 0.498604953289032, 0.31905341148376465, -0.045157793909311295, 0.5199614763259888, 0.5019094347953796, -0.019242599606513977, 0.4944808781147003, 0.41553908586502075, -0.030708113685250282, 0.4788358211517334, 0.3574284315109253, -0.04031487926840782, 0.4669995903968811, 0.3118222951889038, -0.04727715998888016, 0.5006260871887207, 0.5346818566322327, -0.021528417244553566, 0.4763052463531494, 0.4604859948158264, -0.0332324355840683, 0.46236729621887207, 0.40920013189315796, -0.04170745983719826, 0.4520954489707947, 0.3661750257015228, -0.04716978222131729, 0.48744964599609375, 0.5770761370658875, -0.024961506947875023, 0.4634767174720764, 0.5279150605201721, -0.036847952753305435, 0.45001086592674255, 0.49144795536994934, -0.042900726199150085, 0.4391220510005951, 0.45497679710388184, -0.04611697047948837]",[]
"[0.5546321272850037, 0.6960868835449219, 2.6709582812145527e-07, 0.5965828895568848, 0.636064887046814, -0.019285151734948158, 0.6115977764129639, 0.562252938747406, -0.027084331959486008, 0.6168836951255798, 0.490203857421875, -0.0338832288980484, 0.6324414610862732, 0.43585607409477234, -0.040351610630750656, 0.5492918491363525, 0.4819198250770569, -0.008020469918847084, 0.5260502099990845, 0.40229332447052, -0.01807856746017933, 0.5118889212608337, 0.35784220695495605, -0.027313990518450737, 0.5003939270973206, 0.32148730754852295, -0.034217193722724915, 0.5220240950584412, 0.4995806813240051, -0.006879629101604223, 0.4955976605415344, 0.41318997740745544, -0.015046029351651669, 0.47991353273391724, 0.35684096813201904, -0.02476046420633793, 0.46686527132987976, 0.31159502267837524, -0.0323474146425724, 0.5020021796226501, 0.5316725373268127, -0.008580720983445644, 0.4779246747493744, 0.45762866735458374, -0.017459170892834663, 0.4643296003341675, 0.40929070115089417, -0.024720141664147377, 0.4541385769844055, 0.367565393447876, -0.029956387355923653, 0.48870009183883667, 0.5739851593971252, -0.012382898479700089, 0.4642246961593628, 0.5267477035522461, -0.021498337388038635, 0.451436847448349, 0.4923395812511444, -0.025981616228818893, 0.4413174092769623, 0.4585384130477905, -0.02854105643928051]",[]
[],"[0.4987074136734009, 0.7258188724517822, -6.033031496599506e-08, 0.5547838807106018, 0.7128616571426392, -0.019429942592978477, 0.597500741481781, 0.6243698000907898, -0.03602968901395798, 0.6197453737258911, 0.5198867917060852, -0.0466047041118145, 0.6368465423583984, 0.44784092903137207, -0.057615019381046295, 0.5800802111625671, 0.6657832264900208, -0.07019034028053284, 0.5978635549545288, 0.5602360963821411, -0.09417805075645447, 0.5909115672111511, 0.5651648044586182, -0.10016433894634247, 0.5828243494033813, 0.5855423808097839, -0.10108253359794617, 0.5410512089729309, 0.6593678593635559, -0.06681866943836212, 0.5620773434638977, 0.5442197322845459, -0.08689931035041809, 0.5564602613449097, 0.5545772314071655, -0.08603409677743912, 0.5497502684593201, 0.5831171870231628, -0.08614321798086166, 0.5076937675476074, 0.6451180577278137, -0.062290821224451065, 0.5294163823127747, 0.5376882553100586, -0.07905252277851105, 0.5248280763626099, 0.549910843372345, -0.07205212861299515, 0.5184033513069153, 0.5773494839668274, -0.0672050192952156, 0.4818572402000427, 0.6267948150634766, -0.057449862360954285, 0.4923195242881775, 0.5401217937469482, -0.07017923891544342, 0.48986223340034485, 0.5419508814811707, -0.06749111413955688, 0.4849015474319458, 0.5578221082687378, -0.06524153798818588]"
"[0.5740280747413635, 0.6850879192352295, 4.021433426260046e-07, 0.604591429233551, 0.6333059072494507, -0.022014621645212173, 0.6156630516052246, 0.5543078184127808, -0.031922198832035065, 0.6222695112228394, 0.4863804876804352, -0.03963335230946541, 0.64205002784729, 0.4388922154903412, -0.047043099999427795, 0.5569736957550049, 0.48758000135421753, -0.017772851511836052, 0.5363026857376099, 0.40742653608322144, -0.030440587550401688, 0.5228350758552551, 0.35603880882263184, -0.04006865620613098, 0.51148921251297, 0.31463199853897095, -0.04716716706752777, 0.5299822092056274, 0.5007984042167664, -0.01604842208325863, 0.5058296322822571, 0.41204947233200073, -0.02826271392405033, 0.49143365025520325, 0.3510599732398987, -0.039130426943302155, 0.48062971234321594, 0.30279284715652466, -0.0463671013712883, 0.5102210640907288, 0.5299006700515747, -0.016595974564552307, 0.48648011684417725, 0.4543365240097046, -0.029617857187986374, 0.47288036346435547, 0.4015790522098541, -0.03908044844865799, 0.46333596110343933, 0.35600441694259644, -0.04452141001820564, 0.4969502091407776, 0.5704500079154968, -0.018861401826143265, 0.4744468629360199, 0.5204372406005859, -0.03167976438999176, 0.46229034662246704, 0.4844968318939209, -0.0379316471517086, 0.4523736834526062, 0.44866231083869934, -0.04079922288656235]",[]
[],"[0.4789023995399475, 0.70521080493927, 4.104209594402164e-08, 0.5269893407821655, 0.681178092956543, 0.004366748966276646, 0.5472103953361511, 0.6164683699607849, 0.0035121154505759478, 0.5578482151031494, 0.5494407415390015, 0.0019950999412685633, 0.5621224641799927, 0.5034923553466797, -0.0017654771218076348, 0.5469973087310791, 0.5605230927467346, -0.019100502133369446, 0.5439950823783875, 0.44908711314201355, -0.03139696642756462, 0.5348531603813171, 0.380825400352478, -0.03739696741104126, 0.5226131677627563, 0.3325425386428833, -0.04065556451678276, 0.522295355796814, 0.5493048429489136, -0.02677961438894272, 0.5141306519508362, 0.4319845139980316, -0.04018595442175865, 0.5030131340026855, 0.360196590423584, -0.04756729677319527, 0.49180668592453003, 0.3106078803539276, -0.05193552002310753, 0.4962502717971802, 0.5534425377845764, -0.03262302279472351, 0.4883027970790863, 0.4544323980808258, -0.04521211236715317, 0.4768240749835968, 0.3921899199485779, -0.051945146173238754, 0.4648137092590332, 0.3494969308376312, -0.05545232445001602, 0.4741312861442566, 0.5731576681137085, -0.03681006282567978, 0.4697069823741913, 0.5087600350379944, -0.048203419893980026, 0.463105171918869, 0.4702533483505249, -0.05158190056681633, 0.45593899488449097, 0.440387487411499, -0.0521201454102993]"
[],"[0.4826444089412689, 0.7207425832748413, 9.793292576887325e-08, 0.542151927947998, 0.6803845763206482, -0.014848527498543262, 0.5832774639129639, 0.5831459164619446, -0.02603161893785, 0.6106804609298706, 0.4924895167350769, -0.03358137235045433, 0.6371011734008789, 0.4289363622665405, -0.042990367859601974, 0.5555956363677979, 0.5891729593276978, -0.0521579384803772, 0.5529757142066956, 0.4690142869949341, -0.07045130431652069, 0.5415542721748352, 0.393501877784729, -0.07534907758235931, 0.526974618434906, 0.34055471420288086, -0.07773467898368835, 0.5230590105056763, 0.5832041501998901, -0.05337732657790184, 0.5149339437484741, 0.45207715034484863, -0.07289348542690277, 0.5003207325935364, 0.36871641874313354, -0.0792597234249115, 0.4869207739830017, 0.30786821246147156, -0.08397436887025833, 0.4921848475933075, 0.583448588848114, -0.053528230637311935, 0.4901890754699707, 0.4676106572151184, -0.07035419344902039, 0.47700434923171997, 0.396917462348938, -0.07579883188009262, 0.4638708829879761, 0.3423963785171509, -0.07973143458366394, 0.46740734577178955, 0.5931938290596008, -0.053459420800209045, 0.4666581153869629, 0.5158137083053589, -0.06781554222106934, 0.45717066526412964, 0.4702012240886688, -0.07242945581674576, 0.4462102949619293, 0.4328230619430542, -0.07525446265935898]"
[],"[0.46828845143318176, 0.7264075875282288, -5.885502929459108e-08, 0.5162737965583801, 0.7101213335990906, 0.005562048405408859, 0.5387887358665466, 0.649219274520874, 0.003497866215184331, 0.5482584238052368, 0.5744917392730713, 0.0020176635589450598, 0.5500413179397583, 0.5250016450881958, 5.259999670670368e-05, 0.5502649545669556, 0.6123021841049194, -0.030084051191806793, 0.5646888017654419, 0.5177677273750305, -0.03844805434346199, 0.5574514865875244, 0.5061536431312561, -0.03410281613469124, 0.5456815958023071, 0.5122501254081726, -0.02944110706448555, 0.5244852900505066, 0.5877721905708313, -0.037858251482248306, 0.5320780873298645, 0.45786964893341064, -0.050950147211551666, 0.5249070525169373, 0.4027910828590393, -0.05162978917360306, 0.5141345858573914, 0.37132352590560913, -0.05019513517618179, 0.49626624584198, 0.5775893926620483, -0.04285462200641632, 0.4961341321468353, 0.46110641956329346, -0.054065193980932236, 0.4873043894767761, 0.39661484956741333, -0.057464249432086945, 0.4767860174179077, 0.34988924860954285, -0.05890228599309921, 0.4705691635608673, 0.5844359993934631, -0.04539962485432625, 0.4708285927772522, 0.5069869756698608, -0.05528869107365608, 0.46500834822654724, 0.46628761291503906, -0.05755922198295593, 0.45789435505867004, 0.4327172636985779, -0.05787770077586174]"
[],"[0.47992420196533203, 0.739486038684845, -1.0779505288383007e-07, 0.5389629006385803, 0.7129968404769897, -0.006816798821091652, 0.5776602625846863, 0.6194105744361877, -0.014180541969835758, 0.6052559018135071, 0.517202615737915, -0.017824139446020126, 0.6293172836303711, 0.45246171951293945, -0.0212960634380579, 0.5621427893638611, 0.625592052936554, -0.04904545098543167, 0.5776922106742859, 0.5257888436317444, -0.05921474099159241, 0.5697792172431946, 0.5272659659385681, -0.053307268768548965, 0.5573739409446716, 0.5427873134613037, -0.0480305440723896, 0.5301900506019592, 0.6113526821136475, -0.049858830869197845, 0.5395274758338928, 0.49139392375946045, -0.06239038705825806, 0.5328199863433838, 0.46639516949653625, -0.060984477400779724, 0.5244693160057068, 0.460470974445343, -0.060518115758895874, 0.4995335340499878, 0.6011468172073364, -0.04865337535738945, 0.5047994256019592, 0.47863176465034485, -0.06029851734638214, 0.49555808305740356, 0.4193912148475647, -0.06469288468360901, 0.4830958843231201, 0.3793209195137024, -0.06920081377029419, 0.4750826358795166, 0.5983225107192993, -0.04560600221157074, 0.47666114568710327, 0.5149229764938354, -0.05782242491841316, 0.46913769841194153, 0.4699624180793762, -0.06506132334470749, 0.4596109986305237, 0.4307376742362976, -0.07091540098190308]"
"[0.5796732902526855, 0.6777141094207764, 2.647153110046929e-07, 0.6142145991325378, 0.6263785362243652, -0.01908176951110363, 0.6242196559906006, 0.5432727932929993, -0.025155438110232353, 0.6292034983634949, 0.47251951694488525, -0.029873181134462357, 0.6485396027565002, 0.4296364188194275, -0.03440305218100548, 0.5647382140159607, 0.46793949604034424, -0.010777056217193604, 0.5464260578155518, 0.389480322599411, -0.020858174189925194, 0.5352499485015869, 0.3413522243499756, -0.029825745150446892, 0.5262101292610168, 0.3023607134819031, -0.036789778620004654, 0.5375548005104065, 0.4807502031326294, -0.009284833446145058, 0.5154743790626526, 0.39699363708496094, -0.01801193505525589, 0.5031700730323792, 0.3412010371685028, -0.02722085453569889, 0.49392133951187134, 0.2962825894355774, -0.03407378867268562, 0.5181382298469543, 0.5066099166870117, -0.010352376848459244, 0.4958251118659973, 0.43409937620162964, -0.01914057321846485, 0.48400598764419556, 0.38433218002319336, -0.026728304103016853, 0.47521552443504333, 0.34228795766830444, -0.03196312487125397, 0.5046098232269287, 0.5440747737884521, -0.013468615710735321, 0.48266899585723877, 0.49650153517723083, -0.022286484017968178, 0.4713876247406006, 0.4611205458641052, -0.027195144444704056, 0.46227365732192993, 0.4267693758010864, -0.03007609024643898]",[]
"[0.5830588936805725, 0.6661726832389832, 2.3730329701265873e-07, 0.6162745952606201, 0.6201204657554626, -0.02102523483335972, 0.6324375867843628, 0.5379534959793091, -0.02905760332942009, 0.6403135061264038, 0.4668908417224884, -0.03540050983428955, 0.6611157655715942, 0.4223867356777191, -0.04185403510928154, 0.5755202770233154, 0.45435118675231934, -0.014421661384403706, 0.5583845376968384, 0.3766553997993469, -0.02686193957924843, 0.5467768311500549, 0.3288072347640991, -0.03749687969684601, 0.5359686017036438, 0.28989356756210327, -0.045626699924468994, 0.5486375093460083, 0.46575066447257996, -0.014150823466479778, 0.5295081734657288, 0.37905624508857727, -0.025288352742791176, 0.517371416091919, 0.3228501081466675, -0.036540813744068146, 0.5071839690208435, 0.2772411108016968, -0.04475042223930359, 0.5287742018699646, 0.49233025312423706, -0.016642315313220024, 0.5071263909339905, 0.41699695587158203, -0.02862609550356865, 0.4956238269805908, 0.3680030107498169, -0.03811611235141754, 0.48685503005981445, 0.3257443308830261, -0.04438163340091705, 0.5143115520477295, 0.5323651432991028, -0.02118690311908722, 0.4921998977661133, 0.4839071035385132, -0.032797105610370636, 0.47955814003944397, 0.4489729404449463, -0.0389852300286293, 0.4697079360485077, 0.41448134183883667, -0.042614471167325974]",[]
"[0.48315170407295227, 0.8023965358734131, 7.308614868861696e-08, 0.5305846929550171, 0.7953364253044128, -0.003426673123613, 0.5598718523979187, 0.7402517199516296, -0.008949610404670238, 0.5629593133926392, 0.6745854020118713, -0.012219227850437164, 0.5516860485076904, 0.6304033994674683, -0.014323902316391468, 0.5569769740104675, 0.7185888290405273, -0.03014563024044037, 0.5832122564315796, 0.6308698654174805, -0.039369139820337296, 0.581861674785614, 0.6417592763900757, -0.03851351514458656, 0.5734301805496216, 0.6702662110328674, -0.03465938940644264, 0.5308406352996826, 0.6883069276809692, -0.03018912486732006, 0.5577942132949829, 0.5863461494445801, -0.03913058340549469, 0.5663462281227112, 0.5939355492591858, -0.03604915738105774, 0.5635979175567627, 0.6178460717201233, -0.03164692595601082, 0.5063492655754089, 0.6655573844909668, -0.0285630039870739, 0.5340232253074646, 0.5714524984359741, -0.033905502408742905, 0.5453286170959473, 0.5902900695800781, -0.02818893827497959, 0.544175386428833, 0.6173682808876038, -0.02251136489212513, 0.4874438941478729, 0.654933512210846, -0.026119833812117577, 0.5138683915138245, 0.590897262096405, -0.028006307780742645, 0.5244960784912109, 0.6051304936408997, -0.021852467209100723, 0.5244800448417664, 0.6272675395011902, -0.015920164063572884]","[0.5930320620536804, 0.6441075801849365, 3.5877383197657764e-07, 0.6253262162208557, 0.5987493991851807, -0.02618279680609703, 0.6371775269508362, 0.5245705842971802, -0.0381559394299984, 0.6462956070899963, 0.457150399684906, -0.04768991470336914, 0.6677137613296509, 0.41168466210365295, -0.05686494708061218, 0.5800355076789856, 0.4415716230869293, -0.020967235788702965, 0.5647074580192566, 0.3656139373779297, -0.035042259842157364, 0.5548743605613708, 0.31755930185317993, -0.04629894345998764, 0.5461024045944214, 0.27761638164520264, -0.05460469797253609, 0.5531448125839233, 0.45504286885261536, -0.01855326257646084, 0.5349628329277039, 0.36897268891334534, -0.031952667981386185, 0.5243409276008606, 0.31031206250190735, -0.04283909872174263, 0.5157738327980042, 0.26101231575012207, -0.05029673874378204, 0.5331329703330994, 0.4840559959411621, -0.019241811707615852, 0.5148680210113525, 0.4087228775024414, -0.03300601989030838, 0.506403923034668, 0.36024296283721924, -0.041983820497989655, 0.5005162954330444, 0.3188808560371399, -0.04720763862133026, 0.5177024602890015, 0.5253443717956543, -0.022460639476776123, 0.4981265962123871, 0.47116991877555847, -0.03541284799575806, 0.48724883794784546, 0.4339412450790405, -0.042006462812423706, 0.4780893921852112, 0.39653900265693665, -0.045607224106788635]"
"[0.5881791114807129, 0.6453688144683838, 3.923167923858273e-07, 0.6225680112838745, 0.601388692855835, -0.026795148849487305, 0.6350215673446655, 0.5289790034294128, -0.039958808571100235, 0.6444374322891235, 0.46100109815597534, -0.050555288791656494, 0.6667671203613281, 0.41396281123161316, -0.06106065586209297, 0.5790106654167175, 0.44637730717658997, -0.022648192942142487, 0.5636199116706848, 0.3699184060096741, -0.03710824251174927, 0.5531792044639587, 0.3199635148048401, -0.04837151989340782, 0.5441604852676392, 0.2793455719947815, -0.056663885712623596, 0.5519628524780273, 0.4598067104816437, -0.019819188863039017, 0.5336979031562805, 0.37380969524383545, -0.0334838330745697, 0.522850513458252, 0.3145800232887268, -0.04446244239807129, 0.514243483543396, 0.2648807168006897, -0.05190486088395119, 0.5318352580070496, 0.48793888092041016, -0.02000715397298336, 0.5123217701911926, 0.4119921028614044, -0.033714503049850464, 0.5026894807815552, 0.3621502220630646, -0.04295268654823303, 0.4960113763809204, 0.3191177248954773, -0.04840986058115959, 0.5165846347808838, 0.5283709168434143, -0.022676991298794746, 0.49646589159965515, 0.4749273657798767, -0.035353921353816986, 0.48593565821647644, 0.4380192458629608, -0.04204152524471283, 0.4774109125137329, 0.4009588956832886, -0.045755501836538315]","[0.48837810754776, 0.8085113167762756, 7.158627113312832e-08, 0.5311232805252075, 0.7977547645568848, -0.0003263338003307581, 0.5566578507423401, 0.7430925965309143, -0.004140951205044985, 0.5609980821609497, 0.6813356280326843, -0.006296274717897177, 0.5535866618156433, 0.6395690441131592, -0.00773234385997057, 0.5519227981567383, 0.7270420789718628, -0.02690723165869713, 0.5776045918464661, 0.6380233764648438, -0.033872030675411224, 0.582474946975708, 0.6447979211807251, -0.031293366104364395, 0.5764148235321045, 0.6702560782432556, -0.02628454938530922, 0.528334379196167, 0.6981207728385925, -0.027605107054114342, 0.5551435351371765, 0.5974608063697815, -0.03369338437914848, 0.5644893050193787, 0.614197313785553, -0.029644565656781197, 0.5596665143966675, 0.6469399929046631, -0.0247759148478508, 0.5061109662055969, 0.6769944429397583, -0.026193898171186447, 0.5327323079109192, 0.5860934853553772, -0.02765454351902008, 0.5457781553268433, 0.6072053909301758, -0.021681753918528557, 0.5452472567558289, 0.6368541717529297, -0.0169573575258255, 0.4886879622936249, 0.6658851504325867, -0.02378500998020172, 0.5124379992485046, 0.6030539870262146, -0.023681506514549255, 0.5264614820480347, 0.6161004900932312, -0.018026083707809448, 0.5290759205818176, 0.6385090351104736, -0.012973838485777378]"
"[0.5794856548309326, 0.65851891040802, 3.66284012898177e-07, 0.6153088808059692, 0.6104682683944702, -0.02401452697813511, 0.6287083029747009, 0.5357222557067871, -0.03620447218418121, 0.6363365054130554, 0.46680089831352234, -0.04591454938054085, 0.6588187217712402, 0.4194719195365906, -0.05568988248705864, 0.5726840496063232, 0.45738542079925537, -0.023412425071001053, 0.5553074479103088, 0.3798203468322754, -0.038135942071676254, 0.5429307222366333, 0.33092397451400757, -0.04918615520000458, 0.5321140885353088, 0.2903503179550171, -0.05737680196762085, 0.5456037521362305, 0.4716796576976776, -0.021397428587079048, 0.5253770351409912, 0.38627171516418457, -0.037260960787534714, 0.5125625133514404, 0.3286585509777069, -0.049731358885765076, 0.5024014711380005, 0.2805032432079315, -0.057934749871492386, 0.5246174335479736, 0.5007354021072388, -0.021552274003624916, 0.5039408206939697, 0.4238813817501068, -0.03653671219944954, 0.4928225874900818, 0.37285950779914856, -0.04636095091700554, 0.48500171303749084, 0.3291245698928833, -0.05192609503865242, 0.5083566308021545, 0.5411837100982666, -0.023651672527194023, 0.48831695318222046, 0.48560261726379395, -0.036730971187353134, 0.47756436467170715, 0.4492464065551758, -0.04321454465389252, 0.4688933789730072, 0.41362667083740234, -0.04657137393951416]","[0.486355185508728, 0.79786616563797, 4.77676991295084e-08, 0.5284550786018372, 0.785610020160675, -0.001185592613182962, 0.5546255111694336, 0.7324179410934448, -0.006404472514986992, 0.5592023134231567, 0.6733081936836243, -0.01046744640916586, 0.5504086017608643, 0.6318721175193787, -0.013839209452271461, 0.5490095615386963, 0.7141333818435669, -0.026019562035799026, 0.5731604695320129, 0.6239806413650513, -0.035968925803899765, 0.570649266242981, 0.6369322538375854, -0.03646785393357277, 0.5610069632530212, 0.6675113439559937, -0.03349151089787483, 0.5231896638870239, 0.6885687112808228, -0.0278623029589653, 0.5486507415771484, 0.5886091589927673, -0.03502023592591286, 0.5517852902412415, 0.6069255471229553, -0.03224329650402069, 0.5439461469650269, 0.6399960517883301, -0.028728527948260307, 0.4990095794200897, 0.6700406670570374, -0.02820708230137825, 0.525394856929779, 0.5786047577857971, -0.03205738961696625, 0.530777633190155, 0.6032956838607788, -0.025462469086050987, 0.5254957675933838, 0.6338003873825073, -0.020193537697196007, 0.47981125116348267, 0.6621649861335754, -0.027759678661823273, 0.504220724105835, 0.5988662838935852, -0.03033958561718464, 0.5102947354316711, 0.6172453165054321, -0.024179650470614433, 0.50633704662323, 0.6417571306228638, -0.018585992977023125]"
"[0.5752114653587341, 0.6777586936950684, 2.786225934414688e-07, 0.6095383167266846, 0.6256607174873352, -0.020924044772982597, 0.6213917136192322, 0.5422176122665405, -0.028681322932243347, 0.6281460523605347, 0.4705111086368561, -0.03501496836543083, 0.6489489674568176, 0.4228195250034332, -0.04111876338720322, 0.5639948844909668, 0.45964500308036804, -0.00990571640431881, 0.5456261038780212, 0.38526761531829834, -0.02134941890835762, 0.5345706939697266, 0.33902406692504883, -0.031700801104307175, 0.5258181691169739, 0.2996627688407898, -0.03962686285376549, 0.5384551882743835, 0.474576860666275, -0.009033036418259144, 0.5169582962989807, 0.39245718717575073, -0.02006102353334427, 0.5046054124832153, 0.336557537317276, -0.030757242813706398, 0.4951125979423523, 0.2895249128341675, -0.038021814078092575, 0.5191792845726013, 0.5044810175895691, -0.011338283307850361, 0.49692821502685547, 0.4296148121356964, -0.02374216355383396, 0.4853510856628418, 0.38099780678749084, -0.03315487131476402, 0.4768825173377991, 0.3380926251411438, -0.03867542743682861, 0.505280077457428, 0.5468916893005371, -0.01582031510770321, 0.48324018716812134, 0.4959079623222351, -0.02791530080139637, 0.47069597244262695, 0.4596720337867737, -0.03452754020690918, 0.4606037139892578, 0.42200028896331787, -0.03811948001384735]","[0.47564730048179626, 0.8008561134338379, 1.5554004306750358e-08, 0.5231136679649353, 0.7863010168075562, 0.0015897068660706282, 0.5509787201881409, 0.7333781123161316, -0.0013062733924016356, 0.5554434061050415, 0.6730194091796875, -0.003003696445375681, 0.5439780950546265, 0.633650004863739, -0.0040549784898757935, 0.5518674254417419, 0.6998315453529358, -0.02146119251847267, 0.5718459486961365, 0.6094111204147339, -0.027693118900060654, 0.5699679255485535, 0.6252245306968689, -0.026731621474027634, 0.5617724061012268, 0.6551656126976013, -0.02342391014099121, 0.5235387682914734, 0.6716752052307129, -0.023069249466061592, 0.5448547601699829, 0.5763998031616211, -0.026583591476082802, 0.5491324663162231, 0.5959928035736084, -0.02321169339120388, 0.5442221164703369, 0.628451406955719, -0.01987142115831375, 0.4969930052757263, 0.6538517475128174, -0.022759756073355675, 0.5195487141609192, 0.5705861449241638, -0.023469218984246254, 0.5275108814239502, 0.5923960208892822, -0.019429748877882957, 0.5254269242286682, 0.621421217918396, -0.01679927483201027, 0.4765918254852295, 0.6468459367752075, -0.021354610100388527, 0.5008408427238464, 0.6001428365707397, -0.021715311333537102, 0.5100923180580139, 0.6207166314125061, -0.017417294904589653, 0.5105332136154175, 0.6450471878051758, -0.013624194078147411]"
[],"[0.472722589969635, 0.7924755811691284, -9.97151801129803e-08, 0.5193321704864502, 0.7796329855918884, -0.00023992991191335022, 0.5456809997558594, 0.7216286659240723, -0.004622014705091715, 0.5521422624588013, 0.6548174023628235, -0.0073175569996237755, 0.543045163154602, 0.6108690500259399, -0.009123586118221283, 0.5551653504371643, 0.683684229850769, -0.028278082609176636, 0.573989748954773, 0.5824272036552429, -0.0368720106780529, 0.5677692890167236, 0.5976325273513794, -0.0363227017223835, 0.5607855319976807, 0.6292853355407715, -0.03366933763027191, 0.5255059599876404, 0.6580129265785217, -0.02986796572804451, 0.5442526936531067, 0.5545198917388916, -0.036836910992860794, 0.5437430143356323, 0.5702407956123352, -0.032668888568878174, 0.5407388806343079, 0.6029877662658691, -0.02855265699326992, 0.4966559112071991, 0.6391171813011169, -0.029734844341874123, 0.5173627138137817, 0.5527648329734802, -0.03191415220499039, 0.5224326848983765, 0.5607399940490723, -0.026607291772961617, 0.5215641856193542, 0.58234703540802, -0.02350374311208725, 0.4741251766681671, 0.6285141110420227, -0.02880948968231678, 0.49407759308815, 0.5794425010681152, -0.02923501655459404, 0.5008822679519653, 0.588074803352356, -0.024932272732257843, 0.5008749961853027, 0.6030383706092834, -0.021611863747239113]"
[],"[0.5158523917198181, 0.7446386814117432, 4.585297475045991e-08, 0.577572762966156, 0.7006127834320068, -0.01599658839404583, 0.6071720719337463, 0.5945268869400024, -0.027271905913949013, 0.6214870810508728, 0.4901203215122223, -0.034278713166713715, 0.6443848609924316, 0.42765340209007263, -0.04266359284520149, 0.5681715607643127, 0.5882605314254761, -0.04643329232931137, 0.56053227186203, 0.4668756127357483, -0.06419041007757187, 0.5435812473297119, 0.4112558960914612, -0.07046812772750854, 0.5268849730491638, 0.3760599195957184, -0.07360009849071503, 0.5311439037322998, 0.5921921133995056, -0.04467042535543442, 0.523651123046875, 0.46301785111427307, -0.06213024631142616, 0.504770815372467, 0.39925312995910645, -0.06907971948385239, 0.4884112477302551, 0.3616983890533447, -0.07428815215826035, 0.5014578700065613, 0.6001001596450806, -0.042234331369400024, 0.4918413758277893, 0.4810662865638733, -0.05578742176294327, 0.47463130950927734, 0.41595882177352905, -0.06110837683081627, 0.46062737703323364, 0.3737974762916565, -0.06524792313575745, 0.4820723533630371, 0.6146216988563538, -0.03968122974038124, 0.4715343713760376, 0.5272339582443237, -0.05129309743642807, 0.4572622776031494, 0.48057618737220764, -0.05581951513886452, 0.44495096802711487, 0.44495028257369995, -0.05885941907763481]"
"[0.5766867399215698, 0.6452284455299377, 2.461959240918077e-07, 0.6090365052223206, 0.5969028472900391, -0.020514164119958878, 0.6212925910949707, 0.5212118029594421, -0.029911896213889122, 0.6285576820373535, 0.45781898498535156, -0.0379721038043499, 0.6502428650856018, 0.41466161608695984, -0.04644138738512993, 0.5630056262016296, 0.44563233852386475, -0.01633208990097046, 0.5471630096435547, 0.3748471736907959, -0.03103836253285408, 0.5369275212287903, 0.33070045709609985, -0.04322624206542969, 0.5282903909683228, 0.29437828063964844, -0.052307289093732834, 0.5376277565956116, 0.4576489329338074, -0.016964087262749672, 0.5174489617347717, 0.3783401548862457, -0.030428461730480194, 0.5055335760116577, 0.32654112577438354, -0.04286603629589081, 0.4956703186035156, 0.2821109890937805, -0.0520169623196125, 0.518344521522522, 0.4860795736312866, -0.02028372325003147, 0.4971521496772766, 0.4160236716270447, -0.03425101563334465, 0.48487338423728943, 0.3706032633781433, -0.04422479122877121, 0.47518911957740784, 0.33051520586013794, -0.05070937052369118, 0.504192590713501, 0.5276467800140381, -0.025534991174936295, 0.48158276081085205, 0.48168978095054626, -0.038974083960056305, 0.4685254395008087, 0.44611361622810364, -0.04603487253189087, 0.45719945430755615, 0.409807950258255, -0.05023554340004921]","[0.4598982632160187, 0.7563086152076721, -1.801459603711919e-07, 0.454903781414032, 0.6845895051956177, 0.0038777715526521206, 0.4696654677391052, 0.6177777051925659, 0.001780070597305894, 0.495151549577713, 0.5747531056404114, -0.0013946915278211236, 0.5169270038604736, 0.5572644472122192, -0.004022479057312012, 0.4872758984565735, 0.6214243769645691, -0.011456680484116077, 0.5207726955413818, 0.5419449806213379, -0.021014783531427383, 0.5208927392959595, 0.5293364524841309, -0.022634314373135567, 0.517878532409668, 0.5392376780509949, -0.020817019045352936, 0.5090559124946594, 0.6393117904663086, -0.01697799563407898, 0.5436729788780212, 0.5429217219352722, -0.0285517368465662, 0.5370960235595703, 0.5447843074798584, -0.028164895251393318, 0.5269905924797058, 0.5750839710235596, -0.02328614890575409, 0.5277120471000671, 0.6592406630516052, -0.021437987685203552, 0.5560994148254395, 0.5670551061630249, -0.029050415381789207, 0.5479693412780762, 0.5688610076904297, -0.023330101743340492, 0.5388702750205994, 0.594350278377533, -0.015812942758202553, 0.5417017936706543, 0.6794902086257935, -0.025021003559231758, 0.5642995238304138, 0.6018131375312805, -0.027315199375152588, 0.5563492774963379, 0.6024401187896729, -0.020292172208428383, 0.5488649010658264, 0.6262779235839844, -0.01275758258998394]"
"[0.5629621744155884, 0.6995546817779541, 2.156681233600466e-07, 0.604518711566925, 0.6413328647613525, -0.018740614876151085, 0.6211681365966797, 0.5576704740524292, -0.024628780782222748, 0.6247066259384155, 0.4840191602706909, -0.029478514567017555, 0.6429667472839355, 0.43652209639549255, -0.03416882082819939, 0.557277262210846, 0.4783531129360199, -0.008514550514519215, 0.5368149876594543, 0.39993172883987427, -0.019298825412988663, 0.5237867832183838, 0.35455411672592163, -0.02894684672355652, 0.5128912329673767, 0.3174670338630676, -0.03652293235063553, 0.5300601720809937, 0.49346861243247986, -0.008461644873023033, 0.505969226360321, 0.4077177047729492, -0.019280381500720978, 0.49230337142944336, 0.35019275546073914, -0.030909240245819092, 0.48076456785202026, 0.3031083345413208, -0.039465878158807755, 0.5116056203842163, 0.5240455269813538, -0.011088889092206955, 0.48657307028770447, 0.4508923292160034, -0.023011209443211555, 0.4737743139266968, 0.4039169251918793, -0.03258379176259041, 0.4634009003639221, 0.3608635365962982, -0.03889201954007149, 0.49864131212234497, 0.5668922662734985, -0.015577159821987152, 0.47391244769096375, 0.5189219117164612, -0.027667615562677383, 0.4618476629257202, 0.48317626118659973, -0.03440268337726593, 0.4518071711063385, 0.44491755962371826, -0.038429271429777145]",[]
"[0.5704830884933472, 0.6988363862037659, 1.4907163858879358e-07, 0.6120325326919556, 0.6415716409683228, -0.016016991809010506, 0.6301229596138, 0.5547897815704346, -0.019919060170650482, 0.6335558295249939, 0.48136240243911743, -0.022998129948973656, 0.6506155729293823, 0.4365932047367096, -0.026341931894421577, 0.5689215660095215, 0.47056448459625244, -0.007161871064454317, 0.5470003485679626, 0.3907657563686371, -0.016445165500044823, 0.5333956480026245, 0.3449271619319916, -0.025858744978904724, 0.5217099785804749, 0.3072112798690796, -0.03326442465186119, 0.5390978455543518, 0.4864790737628937, -0.00725766085088253, 0.514829695224762, 0.39852625131607056, -0.014374619349837303, 0.5010446310043335, 0.34469443559646606, -0.024008095264434814, 0.48965686559677124, 0.3011970818042755, -0.03207021951675415, 0.5182139277458191, 0.5181342959403992, -0.00976855494081974, 0.49266481399536133, 0.4418140947818756, -0.01783531717956066, 0.4805188477039337, 0.39411577582359314, -0.02602311410009861, 0.47117528319358826, 0.3525063991546631, -0.03256223350763321, 0.5041636228561401, 0.561286211013794, -0.014047564007341862, 0.4804772436618805, 0.5123697519302368, -0.022388704121112823, 0.46726712584495544, 0.4785652160644531, -0.027226194739341736, 0.45755648612976074, 0.44552311301231384, -0.030686022713780403]",[]
"[0.5814777612686157, 0.6882385015487671, 2.3765230139360938e-07, 0.6195073127746582, 0.6298848390579224, -0.01852177269756794, 0.6323117613792419, 0.5448155403137207, -0.025987204164266586, 0.639292299747467, 0.4737383723258972, -0.032791730016469955, 0.6607425808906555, 0.4269184470176697, -0.03972708806395531, 0.5727245807647705, 0.46072110533714294, -0.009638838469982147, 0.5528720617294312, 0.3843284249305725, -0.021573321893811226, 0.5407788753509521, 0.33833205699920654, -0.0322108156979084, 0.5309838056564331, 0.29883456230163574, -0.04042251408100128, 0.5458567142486572, 0.4767864942550659, -0.010434485040605068, 0.5224258899688721, 0.3899722695350647, -0.02150973491370678, 0.5092904567718506, 0.3339662551879883, -0.031771447509527206, 0.4990626871585846, 0.2868344187736511, -0.038917288184165955, 0.5259270071983337, 0.5087136030197144, -0.014101454988121986, 0.5020520687103271, 0.43028587102890015, -0.025633947923779488, 0.4906705915927887, 0.37978893518447876, -0.033295489847660065, 0.4823361933231354, 0.334966778755188, -0.03809865191578865, 0.511353611946106, 0.5534691214561462, -0.019838465377688408, 0.48845386505126953, 0.501002848148346, -0.030663257464766502, 0.476473867893219, 0.46284669637680054, -0.03558315709233284, 0.4668978750705719, 0.42422395944595337, -0.0382440946996212]",[]
"[0.5668926239013672, 0.6867682337760925, 1.591250793353538e-07, 0.6115884184837341, 0.6375880241394043, -0.018761206418275833, 0.6342610716819763, 0.552556037902832, -0.023428481072187424, 0.640507161617279, 0.47615036368370056, -0.02632245048880577, 0.6586724519729614, 0.42903244495391846, -0.029220683500170708, 0.5735824108123779, 0.4613034725189209, -0.009562674909830093, 0.5540872812271118, 0.37967342138290405, -0.018783342093229294, 0.5404985547065735, 0.3315865099430084, -0.02822095900774002, 0.5283288359642029, 0.2923547029495239, -0.035731617361307144, 0.5447632074356079, 0.4734566807746887, -0.007896996103227139, 0.522456705570221, 0.38494858145713806, -0.014634771272540092, 0.5099567174911499, 0.33011600375175476, -0.024893352761864662, 0.49998176097869873, 0.286699116230011, -0.03365621343255043, 0.5239963531494141, 0.5031751394271851, -0.008632174693048, 0.5009875297546387, 0.4258894622325897, -0.016853203997015953, 0.4887502193450928, 0.3780982494354248, -0.02605898305773735, 0.47958308458328247, 0.3380836248397827, -0.03320296108722687, 0.5091574192047119, 0.5458294749259949, -0.01119533646851778, 0.4855780005455017, 0.4956771731376648, -0.020279215648770332, 0.4726952016353607, 0.4605247378349304, -0.02612341195344925, 0.4636426568031311, 0.42708227038383484, -0.030092502012848854]",[]
[],"[0.5232008099555969, 0.7095382213592529, 1.358299215326042e-07, 0.5814758539199829, 0.6834156513214111, -0.02689608931541443, 0.6166940927505493, 0.5870831608772278, -0.0494576133787632, 0.6340367794036865, 0.4843061566352844, -0.06374474614858627, 0.6579064130783081, 0.4150145351886749, -0.07894854992628098, 0.5794659852981567, 0.6394663453102112, -0.09160325676202774, 0.5902784466743469, 0.5379832983016968, -0.12239419668912888, 0.5911693572998047, 0.5048702359199524, -0.1301131397485733, 0.587745189666748, 0.4924076199531555, -0.1322794258594513, 0.5401901602745056, 0.6309281587600708, -0.08594603091478348, 0.5503605604171753, 0.5128136873245239, -0.11573388427495956, 0.5547552704811096, 0.47853270173072815, -0.11979405581951141, 0.5568684935569763, 0.4736689627170563, -0.12349105626344681, 0.5126234889030457, 0.6168493628501892, -0.0789867490530014, 0.5220624208450317, 0.5028412342071533, -0.10455526411533356, 0.5215871334075928, 0.4557364583015442, -0.10839685052633286, 0.5202775001525879, 0.43054649233818054, -0.11150658130645752, 0.49706971645355225, 0.6027998924255371, -0.07186990976333618, 0.4918491244316101, 0.5136448740959167, -0.09467943012714386, 0.48562556505203247, 0.4695028066635132, -0.10439236462116241, 0.4793722331523895, 0.4384469985961914, -0.11147037893533707]"
[],"[0.5396732091903687, 0.698449432849884, 2.0379280840643332e-07, 0.5902131795883179, 0.6502037644386292, -0.016273753717541695, 0.6134295463562012, 0.5615543127059937, -0.022173862904310226, 0.6259728074073792, 0.4784936308860779, -0.026421787217259407, 0.647541344165802, 0.4257989227771759, -0.030983759090304375, 0.5581967234611511, 0.4871423542499542, -0.01169041357934475, 0.5395357012748718, 0.39723002910614014, -0.020652901381254196, 0.5269007086753845, 0.3446636497974396, -0.029072923585772514, 0.5154759883880615, 0.30526846647262573, -0.035565558820962906, 0.5281007289886475, 0.49867215752601624, -0.009909526444971561, 0.5064622759819031, 0.4052523076534271, -0.01710154488682747, 0.4938586950302124, 0.34348636865615845, -0.027315137907862663, 0.48340916633605957, 0.2967321276664734, -0.03598207235336304, 0.5062742233276367, 0.5254794955253601, -0.009737410582602024, 0.4876929223537445, 0.4459579586982727, -0.01739516854286194, 0.47518807649612427, 0.39059311151504517, -0.027121087536215782, 0.4650343358516693, 0.3464365005493164, -0.0348074808716774, 0.49426788091659546, 0.5620909929275513, -0.010749277658760548, 0.4731977880001068, 0.5101197361946106, -0.0184971671551466, 0.4612281024456024, 0.47148239612579346, -0.02416788600385189, 0.45264652371406555, 0.4373011589050293, -0.02818760648369789]"
[],"[0.47607967257499695, 0.7145314812660217, -4.901339334395516e-09, 0.5227858424186707, 0.6910743713378906, -0.005971274338662624, 0.5546338558197021, 0.619077205657959, -0.01218148972839117, 0.5779877305030823, 0.5430628657341003, -0.016560237854719162, 0.5945905447006226, 0.4904681444168091, -0.021320730447769165, 0.5418274998664856, 0.5894094705581665, -0.033756718039512634, 0.5591291785240173, 0.5077321529388428, -0.0491546131670475, 0.5549764037132263, 0.5002461075782776, -0.05431971698999405, 0.5432941317558289, 0.5056232810020447, -0.0554010383784771, 0.5144782066345215, 0.5732369422912598, -0.035919103771448135, 0.5216166377067566, 0.46430525183677673, -0.04971054568886757, 0.5142500996589661, 0.42294424772262573, -0.055818166583776474, 0.5021463632583618, 0.40048110485076904, -0.05958642065525055, 0.4893159568309784, 0.5672575831413269, -0.03711431846022606, 0.48994505405426025, 0.46501511335372925, -0.04804924875497818, 0.48190319538116455, 0.4117463231086731, -0.05454937368631363, 0.47090399265289307, 0.37643301486968994, -0.05946265161037445, 0.4695747196674347, 0.5740291476249695, -0.03736237436532974, 0.46671098470687866, 0.5112033486366272, -0.047236982733011246, 0.4589970111846924, 0.4730096757411957, -0.05193396285176277, 0.45018428564071655, 0.44186097383499146, -0.05490787699818611]"
[],"[0.4668542742729187, 0.7080361843109131, 1.4812110649131682e-08, 0.511021614074707, 0.6839970350265503, 0.009250612929463387, 0.527326762676239, 0.6141431927680969, 0.008722836151719093, 0.5326147079467773, 0.5426489114761353, 0.00850894208997488, 0.5314893126487732, 0.49504634737968445, 0.007092915941029787, 0.5367782711982727, 0.5987531542778015, -0.025950737297534943, 0.5495803952217102, 0.5046442747116089, -0.031549546867609024, 0.5480075478553772, 0.4665127992630005, -0.02689995802938938, 0.5387793779373169, 0.44425225257873535, -0.022968320176005363, 0.5115324854850769, 0.5777552127838135, -0.03399389609694481, 0.5196109414100647, 0.46029913425445557, -0.04346567764878273, 0.5173779129981995, 0.4061039984226227, -0.04279085248708725, 0.5092067122459412, 0.37314558029174805, -0.04159706085920334, 0.4849022626876831, 0.5667756795883179, -0.03898731246590614, 0.4866195321083069, 0.4552355408668518, -0.046910591423511505, 0.48174020648002625, 0.39454638957977295, -0.04992666095495224, 0.4734749495983124, 0.3509672284126282, -0.05243869125843048, 0.462576687335968, 0.5687612295150757, -0.041445452719926834, 0.46288782358169556, 0.5050359964370728, -0.0506250262260437, 0.4599289894104004, 0.46707022190093994, -0.05504819005727768, 0.4543950855731964, 0.4358399212360382, -0.057662032544612885]"
[],"[0.4620082974433899, 0.716673731803894, 1.290881357363105e-07, 0.5081319212913513, 0.6885559558868408, 0.0034257168881595135, 0.5267593860626221, 0.6152222752571106, -6.91972891218029e-05, 0.5275663137435913, 0.5415113568305969, -0.0031204805709421635, 0.5203651785850525, 0.4877699613571167, -0.008093300275504589, 0.5369904041290283, 0.6048796772956848, -0.027622699737548828, 0.5507423281669617, 0.5008766651153564, -0.03960292041301727, 0.5480469465255737, 0.43932396173477173, -0.04327217862010002, 0.5383389592170715, 0.39798611402511597, -0.04457918927073479, 0.5098738074302673, 0.5859097242355347, -0.034581199288368225, 0.5211525559425354, 0.46516329050064087, -0.04870300740003586, 0.5179692506790161, 0.39238041639328003, -0.05444590747356415, 0.5097790360450745, 0.34209656715393066, -0.057102128863334656, 0.48221835494041443, 0.5753212571144104, -0.03909900039434433, 0.489534467458725, 0.4659937620162964, -0.04999358206987381, 0.4866192042827606, 0.4001350998878479, -0.05563933774828911, 0.4790900945663452, 0.3521003723144531, -0.05879557132720947, 0.45893624424934387, 0.5749152898788452, -0.041793856769800186, 0.4668801426887512, 0.5074684023857117, -0.05145375803112984, 0.4658888876438141, 0.4649960398674011, -0.05498966574668884, 0.46043863892555237, 0.43077749013900757, -0.05614551901817322]"
"[0.5747144222259521, 0.6929296851158142, 3.4517304925429926e-07, 0.6102800369262695, 0.642483115196228, -0.02525252476334572, 0.6238230466842651, 0.5589309930801392, -0.03281435742974281, 0.629910945892334, 0.4830929636955261, -0.03743439540266991, 0.6497442126274109, 0.4339633285999298, -0.040694739669561386, 0.564265787601471, 0.482248455286026, -0.007612891960889101, 0.5450736284255981, 0.40255850553512573, -0.015405088663101196, 0.5315821170806885, 0.3554147481918335, -0.023997802287340164, 0.5206677317619324, 0.31747835874557495, -0.03050689958035946, 0.5360552668571472, 0.4925053119659424, -0.0008083509746938944, 0.5149298310279846, 0.4105815291404724, -0.006572735961526632, 0.5008469223976135, 0.3553263545036316, -0.015330246649682522, 0.49029019474983215, 0.30935513973236084, -0.02169615402817726, 0.5140244364738464, 0.5145533084869385, 0.0026279836893081665, 0.4942668080329895, 0.4404912292957306, -0.0038012098520994186, 0.48296859860420227, 0.3932318091392517, -0.01133370865136385, 0.47422897815704346, 0.3542146384716034, -0.01619512401521206, 0.4973919689655304, 0.5468141436576843, 0.0034347549080848694, 0.4804825782775879, 0.49633851647377014, -0.002421285957098007, 0.4712485373020172, 0.4656909108161926, -0.005854992661625147, 0.46385663747787476, 0.43771159648895264, -0.007450898643583059]","[0.46113380789756775, 0.7388380765914917, -4.443991485914012e-08, 0.5048214197158813, 0.7226216793060303, -0.0016846571816131473, 0.5321150422096252, 0.6651820540428162, -0.007368477527052164, 0.5401455760002136, 0.5942383408546448, -0.01199139840900898, 0.5336741805076599, 0.5441139936447144, -0.016231711953878403, 0.5365859270095825, 0.6355711817741394, -0.027737468481063843, 0.5519943237304688, 0.5284078121185303, -0.04218902438879013, 0.5526688098907471, 0.5279778242111206, -0.046619534492492676, 0.5464850068092346, 0.5494289994239807, -0.046044014394283295, 0.5085169672966003, 0.610791027545929, -0.030267346650362015, 0.5252942442893982, 0.49918991327285767, -0.04367394372820854, 0.526573121547699, 0.5092741250991821, -0.04541047289967537, 0.5189463496208191, 0.5399792790412903, -0.04375872388482094, 0.48177048563957214, 0.5934253334999084, -0.031451478600502014, 0.49890846014022827, 0.49470701813697815, -0.03966216370463371, 0.5017328262329102, 0.49900320172309875, -0.036990195512771606, 0.49564555287361145, 0.5195140242576599, -0.03335060924291611, 0.4592781662940979, 0.5837125778198242, -0.03179541602730751, 0.4726373255252838, 0.5050651431083679, -0.03694450855255127, 0.4753498136997223, 0.48645758628845215, -0.034879762679338455, 0.47044238448143005, 0.4805123507976532, -0.031718090176582336]"
