Left,Right
"[0.5127410292625427, 0.5783625841140747, 2.185675072041704e-07, 0.5429796576499939, 0.5374502539634705, 0.01878439076244831, 0.5572903752326965, 0.4895377457141876, 0.021338313817977905, 0.5649290680885315, 0.4545194208621979, 0.01836441643536091, 0.574459433555603, 0.4253287613391876, 0.014886226505041122, 0.5196613669395447, 0.42486250400543213, 0.008472560904920101, 0.5337435603141785, 0.3408661484718323, 0.0013649542815983295, 0.5560118556022644, 0.31881898641586304, -0.0017436548369005322, 0.5743117928504944, 0.31955426931381226, -0.0014664982445538044, 0.5037564039230347, 0.414432168006897, -0.006145287770777941, 0.5136862397193909, 0.31052345037460327, -0.014917748980224133, 0.5437576770782471, 0.2938344478607178, -0.01712476834654808, 0.5666463375091553, 0.3081396222114563, -0.015899095684289932, 0.4923895001411438, 0.41245996952056885, -0.01968267373740673, 0.5002596378326416, 0.3065120279788971, -0.025639625266194344, 0.5307477712631226, 0.29385459423065186, -0.024833353236317635, 0.5545822978019714, 0.3044624328613281, -0.022486910223960876, 0.4864233732223511, 0.41828054189682007, -0.03138578683137894, 0.4942295253276825, 0.3392583429813385, -0.03559921309351921, 0.5170629024505615, 0.3120530843734741, -0.0345722995698452, 0.5372390747070312, 0.3049461245536804, -0.032085318118333817]",[]
"[0.5169880986213684, 0.3845023512840271, -4.669974984494729e-08, 0.4814884662628174, 0.31425923109054565, -0.0158995334059, 0.4713478684425354, 0.22119198739528656, -0.023077955469489098, 0.47363340854644775, 0.14802034199237823, -0.03132271766662598, 0.4722631573677063, 0.08724454045295715, -0.03828951716423035, 0.5227015018463135, 0.14997145533561707, 0.0016834448324516416, 0.537872314453125, 0.07189307361841202, -0.014743361622095108, 0.5407503247261047, 0.028773516416549683, -0.03178877755999565, 0.5367472767829895, 0.00658223032951355, -0.043182723224163055, 0.5460976362228394, 0.16376686096191406, -0.0019024714129045606, 0.5723732709884644, 0.07361481338739395, -0.024174802005290985, 0.5649293065071106, 0.05259672552347183, -0.0431688167154789, 0.5465444922447205, 0.07372617721557617, -0.052418988198041916, 0.5640034079551697, 0.18778389692306519, -0.008948691189289093, 0.5906990170478821, 0.11329321563243866, -0.026031527668237686, 0.5790262818336487, 0.08790034800767899, -0.03878289833664894, 0.559436023235321, 0.10327644646167755, -0.04418165981769562, 0.581053614616394, 0.22566846013069153, -0.01815520040690899, 0.5963506698608398, 0.1665026992559433, -0.030157120898365974, 0.5879067778587341, 0.1313353031873703, -0.038589347153902054, 0.5715458989143372, 0.1244000568985939, -0.04288683086633682]","[0.45409250259399414, 0.6731486916542053, 3.076180732364264e-08, 0.4669725000858307, 0.6199846863746643, -0.020440328866243362, 0.46799859404563904, 0.5778903961181641, -0.03604300692677498, 0.4657934904098511, 0.5615814924240112, -0.05086064711213112, 0.4629545211791992, 0.5697796940803528, -0.0653371810913086, 0.4493468105792999, 0.5583809614181519, -0.03276681527495384, 0.4353960454463959, 0.5373510718345642, -0.0600568950176239, 0.44474443793296814, 0.5665574073791504, -0.07634206861257553, 0.45785143971443176, 0.5938228368759155, -0.08436252921819687, 0.4337199330329895, 0.5959402322769165, -0.0340672992169857, 0.42377281188964844, 0.5881938934326172, -0.06707984209060669, 0.44451791048049927, 0.6319149136543274, -0.07839792221784592, 0.46445992588996887, 0.6625823974609375, -0.08080477267503738, 0.42082053422927856, 0.6341140866279602, -0.03768393397331238, 0.41131147742271423, 0.6339886784553528, -0.06868614256381989, 0.4336344301700592, 0.6745796203613281, -0.06982079893350601, 0.4537082314491272, 0.7016522884368896, -0.0641060546040535, 0.41242140531539917, 0.670874834060669, -0.04259708523750305, 0.40175923705101013, 0.6791418194770813, -0.06196614354848862, 0.41425618529319763, 0.7012996077537537, -0.06098676472902298, 0.4269556999206543, 0.7132717370986938, -0.05672382935881615]"
[],"[0.5932536125183105, 0.2964290976524353, -2.995719938780894e-08, 0.6370359659194946, 0.3411731719970703, -0.015064237639307976, 0.6845319867134094, 0.32615917921066284, -0.030895525589585304, 0.7188768982887268, 0.2725953757762909, -0.040442608296871185, 0.7308268547058105, 0.21454378962516785, -0.04786602035164833, 0.6531528234481812, 0.28390979766845703, -0.07097748667001724, 0.7086024880409241, 0.18254691362380981, -0.0870535671710968, 0.7109861373901367, 0.2107444703578949, -0.08329834043979645, 0.6941548585891724, 0.24410492181777954, -0.07583744078874588, 0.6257491707801819, 0.2362111508846283, -0.06590180844068527, 0.6886506676673889, 0.1507827490568161, -0.07683394104242325, 0.6924923658370972, 0.1826135516166687, -0.06823506951332092, 0.67579585313797, 0.21090427041053772, -0.06215780973434448, 0.6055499911308289, 0.19816724956035614, -0.05792636424303055, 0.6626166701316833, 0.12879416346549988, -0.06082799658179283, 0.6674208045005798, 0.16059397161006927, -0.04788830876350403, 0.6541858315467834, 0.18511760234832764, -0.04111625999212265, 0.5904334187507629, 0.16949811577796936, -0.0500616729259491, 0.6353075504302979, 0.12614938616752625, -0.050761450082063675, 0.6415027976036072, 0.1516859233379364, -0.042537588626146317, 0.6312136054039001, 0.17172756791114807, -0.037625670433044434]"
"[0.601433515548706, 0.3201616704463959, 3.646852420047253e-08, 0.6303324103355408, 0.29586440324783325, -0.022487323731184006, 0.6494019031524658, 0.22825375199317932, -0.03359587490558624, 0.6632609367370605, 0.1754288226366043, -0.041306622326374054, 0.6728705167770386, 0.12796400487422943, -0.04441656172275543, 0.5855144262313843, 0.15097153186798096, -0.026548098772764206, 0.6430630087852478, 0.09809638559818268, -0.04551771283149719, 0.6641682386398315, 0.14007706940174103, -0.05479900538921356, 0.6626394987106323, 0.16878989338874817, -0.058232273906469345, 0.5797097682952881, 0.1431984156370163, -0.021557031199336052, 0.6424617767333984, 0.0978899672627449, -0.037497714161872864, 0.6586079001426697, 0.14432771503925323, -0.04014083743095398, 0.6523699760437012, 0.1703968048095703, -0.03991998732089996, 0.5837213397026062, 0.14561094343662262, -0.01908900775015354, 0.6462284922599792, 0.10920967906713486, -0.03288465738296509, 0.6566345691680908, 0.15199291706085205, -0.02741825208067894, 0.6482477188110352, 0.17396335303783417, -0.021589091047644615, 0.5926317572593689, 0.1543213427066803, -0.01854582130908966, 0.6437380313873291, 0.1264302283525467, -0.025928085669875145, 0.6533376574516296, 0.16090314090251923, -0.020417824387550354, 0.6485500931739807, 0.18224714696407318, -0.015015569515526295]","[0.5573151707649231, 0.7091748714447021, 1.3074249238798075e-07, 0.5661420822143555, 0.6486197113990784, -0.015864422544836998, 0.5570132732391357, 0.5799441337585449, -0.020980922505259514, 0.5279831290245056, 0.5481187701225281, -0.02529298886656761, 0.4999525249004364, 0.5430645942687988, -0.02938441000878811, 0.5159735083580017, 0.5561796426773071, -0.0004236207460053265, 0.49317681789398193, 0.5213603377342224, -0.013463242910802364, 0.47264549136161804, 0.5099272131919861, -0.026771847158670425, 0.459261953830719, 0.5108218789100647, -0.03472830727696419, 0.49705904722213745, 0.5853011608123779, 0.0013701891293749213, 0.47136765718460083, 0.5503544211387634, -0.010760821402072906, 0.4520860016345978, 0.5383244752883911, -0.02383594773709774, 0.4391602873802185, 0.5437716245651245, -0.03140956535935402, 0.48394957184791565, 0.6168642640113831, 0.00033731330768205225, 0.45905807614326477, 0.5831987857818604, -0.010658706538379192, 0.442943274974823, 0.5676249861717224, -0.017694992944598198, 0.432414174079895, 0.5678051710128784, -0.0205185879021883, 0.4751092791557312, 0.6539723873138428, -0.0023917597718536854, 0.45295244455337524, 0.6221554279327393, -0.011380698531866074, 0.43972909450531006, 0.6025879383087158, -0.014489780180156231, 0.4308568239212036, 0.5927333235740662, -0.01483120210468769]"
"[0.5701718926429749, 0.5551049113273621, 1.1351060091868703e-09, 0.5982769131660461, 0.5134620070457458, -0.02420344203710556, 0.6179138422012329, 0.4703964591026306, -0.04239576682448387, 0.6336753368377686, 0.444767564535141, -0.060655899345874786, 0.6285349726676941, 0.4359011650085449, -0.07793157547712326, 0.5702659487724304, 0.38863950967788696, -0.02762446738779545, 0.5469064712524414, 0.3388811945915222, -0.058801908046007156, 0.5467987060546875, 0.36319366097450256, -0.0785008892416954, 0.5551272630691528, 0.3976518213748932, -0.08730520308017731, 0.5465296506881714, 0.4195823669433594, -0.027911532670259476, 0.5260791778564453, 0.3898167014122009, -0.06263697147369385, 0.5427095293998718, 0.4370255172252655, -0.07618450373411179, 0.5630828738212585, 0.4792589247226715, -0.07855862379074097, 0.5301240086555481, 0.45628753304481506, -0.03184027969837189, 0.5159804224967957, 0.4459857642650604, -0.06208737939596176, 0.5378066301345825, 0.4850429594516754, -0.06464660912752151, 0.55912846326828, 0.51609867811203, -0.05898962914943695, 0.5203436613082886, 0.4948890209197998, -0.03784657269716263, 0.5075168013572693, 0.4889216721057892, -0.05572536215186119, 0.523775041103363, 0.5134420394897461, -0.05551036447286606, 0.5423136353492737, 0.5325562357902527, -0.05079401656985283]",[]
"[0.585332453250885, 0.5660016536712646, 5.029686889201912e-09, 0.6113948225975037, 0.5354794263839722, -0.03319375962018967, 0.6282338500022888, 0.5023029446601868, -0.05911734327673912, 0.6434246897697449, 0.4855242967605591, -0.0843987762928009, 0.6584960222244263, 0.4875648021697998, -0.10867292433977127, 0.5746094584465027, 0.3999805748462677, -0.03483635559678078, 0.5507945418357849, 0.36238840222358704, -0.070025734603405, 0.5522382855415344, 0.3915511965751648, -0.0931510254740715, 0.5637992024421692, 0.43061572313308716, -0.10326812416315079, 0.552098274230957, 0.43394502997398376, -0.0318845734000206, 0.5335594415664673, 0.4208320677280426, -0.07108518481254578, 0.5513134598731995, 0.4689442217350006, -0.08630535006523132, 0.574524998664856, 0.5096453428268433, -0.08831441402435303, 0.5363569259643555, 0.4712112545967102, -0.033506978303194046, 0.5245222449302673, 0.47375914454460144, -0.06766832619905472, 0.5476778149604797, 0.5195472836494446, -0.0717276856303215, 0.5707327127456665, 0.5556700825691223, -0.06537092477083206, 0.5261123180389404, 0.5094545483589172, -0.03806420788168907, 0.5126585364341736, 0.5125212669372559, -0.05884329974651337, 0.5294846892356873, 0.542855441570282, -0.059529609978199005, 0.5486060380935669, 0.5655505657196045, -0.054142195731401443]",[]
"[0.593159556388855, 0.5697590112686157, -2.2577335556661637e-08, 0.6142990589141846, 0.5444024801254272, -0.034262701869010925, 0.6276636123657227, 0.5141732692718506, -0.060128964483737946, 0.6413030624389648, 0.49766314029693604, -0.08497528731822968, 0.6503514647483826, 0.4924778342247009, -0.10836974531412125, 0.5737793445587158, 0.4151141047477722, -0.038609579205513, 0.5457325577735901, 0.3725215494632721, -0.07478364557027817, 0.5504902601242065, 0.4049023389816284, -0.09685488045215607, 0.5648884773254395, 0.44293972849845886, -0.10586920380592346, 0.5503584146499634, 0.4498576521873474, -0.03521450608968735, 0.5303285121917725, 0.43909505009651184, -0.07442886382341385, 0.5527823567390442, 0.4897410273551941, -0.08749426156282425, 0.578477144241333, 0.5250533819198608, -0.08841688185930252, 0.5336998105049133, 0.48863840103149414, -0.03662550449371338, 0.5216132402420044, 0.4904409646987915, -0.0713072121143341, 0.5479972958564758, 0.5376938581466675, -0.07314666360616684, 0.5734219551086426, 0.5698078870773315, -0.06562193483114243, 0.5234287977218628, 0.5288156867027283, -0.040998831391334534, 0.5090754628181458, 0.5302234292030334, -0.0621858611702919, 0.5273227691650391, 0.5596535205841064, -0.06187886372208595, 0.5474328994750977, 0.5798659920692444, -0.05597632750868797]","[0.6113062500953674, 0.40587475895881653, -3.087962454628723e-07, 0.5764757990837097, 0.34700778126716614, -0.015025523491203785, 0.5697863101959229, 0.2494080364704132, -0.019816620275378227, 0.5848456025123596, 0.17308630049228668, -0.024966927245259285, 0.6058477759361267, 0.12596553564071655, -0.027662692591547966, 0.6074775457382202, 0.1961742341518402, 0.002645414788275957, 0.6289947032928467, 0.13978782296180725, -0.018730971962213516, 0.6267367601394653, 0.17174161970615387, -0.03288199007511139, 0.6175228357315063, 0.21146178245544434, -0.0387517549097538, 0.6327313184738159, 0.21970021724700928, 0.0011675930581986904, 0.6529714465141296, 0.17147913575172424, -0.021954167634248734, 0.6365264654159546, 0.22633706033229828, -0.03081546723842621, 0.6202713251113892, 0.2705496847629547, -0.03033497929573059, 0.6540226936340332, 0.2511489987373352, -0.004584787413477898, 0.6720314025878906, 0.2069656252861023, -0.02912377193570137, 0.650188148021698, 0.26111358404159546, -0.027194218710064888, 0.6333373785018921, 0.3017347455024719, -0.018519245088100433, 0.6740630269050598, 0.2915872037410736, -0.011678066104650497, 0.6839522123336792, 0.2578441798686981, -0.030142096802592278, 0.665916919708252, 0.2963251769542694, -0.02715756557881832, 0.6520637273788452, 0.3274770975112915, -0.019564365968108177]"
"[0.5904240012168884, 0.5639896392822266, -7.34486738096507e-09, 0.6114357709884644, 0.5360708236694336, -0.03324207663536072, 0.6262417435646057, 0.5063578486442566, -0.05827070400118828, 0.6386326551437378, 0.49438008666038513, -0.08227236568927765, 0.6375910043716431, 0.4960765838623047, -0.10486867278814316, 0.5675787329673767, 0.4169151186943054, -0.03818757086992264, 0.5380492210388184, 0.3761627674102783, -0.07347159087657928, 0.5451685786247253, 0.4086971580982208, -0.09560475498437881, 0.5618237257003784, 0.44791656732559204, -0.1048702523112297, 0.5447497963905334, 0.45338428020477295, -0.035192642360925674, 0.5250521302223206, 0.4451808035373688, -0.07401377707719803, 0.5490462183952332, 0.49648869037628174, -0.08749446272850037, 0.5752700567245483, 0.5338830351829529, -0.08891285955905914, 0.5286391377449036, 0.4935727119445801, -0.036739982664585114, 0.5156388282775879, 0.49658846855163574, -0.07043102383613586, 0.5418447852134705, 0.5425957441329956, -0.07209094613790512, 0.567404568195343, 0.5743341445922852, -0.06481947749853134, 0.5195034742355347, 0.5344325304031372, -0.04122161120176315, 0.5043386220932007, 0.5383935570716858, -0.061847954988479614, 0.5230644345283508, 0.5660486817359924, -0.06126994639635086, 0.5436359643936157, 0.5840301513671875, -0.05540849640965462]","[0.6075528860092163, 0.4001160264015198, -3.1191945026876056e-07, 0.5737661123275757, 0.3453139364719391, -0.013669854961335659, 0.5659274458885193, 0.24896033108234406, -0.018305901437997818, 0.5799781084060669, 0.17399609088897705, -0.023818427696824074, 0.6017892956733704, 0.1293584108352661, -0.027285169810056686, 0.6054330468177795, 0.19961921870708466, 0.0029985744040459394, 0.622973620891571, 0.14023247361183167, -0.017361242324113846, 0.6213924884796143, 0.16380272805690765, -0.03085862100124359, 0.6133576035499573, 0.2017143815755844, -0.0365866981446743, 0.630022406578064, 0.22241723537445068, 0.0005854362389072776, 0.6488534808158875, 0.16946059465408325, -0.022980818524956703, 0.6328232884407043, 0.22104738652706146, -0.03188355639576912, 0.6160068511962891, 0.2667219340801239, -0.03116581030189991, 0.6508994102478027, 0.2529371976852417, -0.005840629804879427, 0.6674273610115051, 0.20581288635730743, -0.03051721304655075, 0.6464484333992004, 0.2597173750400543, -0.02871093899011612, 0.6299502849578857, 0.303146094083786, -0.019970698282122612, 0.6717333793640137, 0.29253941774368286, -0.01350852195173502, 0.680708646774292, 0.25457924604415894, -0.03187501057982445, 0.6625517010688782, 0.2919861078262329, -0.028979763388633728, 0.6475422978401184, 0.3250024616718292, -0.021560320630669594]"
"[0.5833584070205688, 0.5678744912147522, -2.143261212950165e-08, 0.6066064834594727, 0.5314165949821472, -0.033333878964185715, 0.6234840750694275, 0.4917576313018799, -0.058077432215213776, 0.6357771158218384, 0.47846242785453796, -0.0821724608540535, 0.6288946866989136, 0.49575313925743103, -0.10488343238830566, 0.5666173696517944, 0.4154718220233917, -0.036957018077373505, 0.5344519019126892, 0.36821943521499634, -0.07394702732563019, 0.5408482551574707, 0.4003030061721802, -0.0962604433298111, 0.5581598281860352, 0.4404509365558624, -0.1051250621676445, 0.5430393815040588, 0.4536239206790924, -0.03462421894073486, 0.5188984870910645, 0.4379315972328186, -0.0768425315618515, 0.54380202293396, 0.49289989471435547, -0.09085626155138016, 0.5718149542808533, 0.5330495834350586, -0.09118130058050156, 0.5256651043891907, 0.49269750714302063, -0.03718824312090874, 0.5102028250694275, 0.49193814396858215, -0.07433118671178818, 0.5382184982299805, 0.5415552854537964, -0.07676388323307037, 0.565136730670929, 0.5743294954299927, -0.06840669363737106, 0.5148932933807373, 0.5302380323410034, -0.042662546038627625, 0.49795985221862793, 0.5302730202674866, -0.06508450955152512, 0.5166686773300171, 0.5630990266799927, -0.06481315940618515, 0.5374925136566162, 0.5851848721504211, -0.05851420760154724]",[]
[],"[0.5205017924308777, 0.3827025294303894, -6.52509655196809e-08, 0.484808087348938, 0.3143804669380188, -0.01667027361690998, 0.4746764004230499, 0.22076621651649475, -0.024531619623303413, 0.47559669613838196, 0.1485804170370102, -0.033480897545814514, 0.4734857678413391, 0.08786489069461823, -0.04121845215559006, 0.526128351688385, 0.14943571388721466, 0.0003279233642388135, 0.54424649477005, 0.0702095553278923, -0.017924576997756958, 0.5448805093765259, 0.029923416674137115, -0.03665917366743088, 0.5379798412322998, 0.014981739223003387, -0.04856718331575394, 0.5487917065620422, 0.16478131711483002, -0.0034129612613469362, 0.5795151591300964, 0.07327175885438919, -0.027040597051382065, 0.5685802102088928, 0.056779734790325165, -0.047365862876176834, 0.5475477576255798, 0.0822153389453888, -0.05723405256867409, 0.5659319162368774, 0.1893772929906845, -0.010677635669708252, 0.5954667329788208, 0.11498314142227173, -0.02811805158853531, 0.581545352935791, 0.09334070980548859, -0.04188026860356331, 0.5616559386253357, 0.11552266776561737, -0.04781521111726761, 0.582064688205719, 0.2272215187549591, -0.020171422511339188, 0.5979017615318298, 0.16632886230945587, -0.031233880668878555, 0.5887103080749512, 0.13548150658607483, -0.03933873027563095, 0.573132336139679, 0.1361747831106186, -0.04356735199689865]"
"[0.5718424320220947, 0.5579049587249756, -3.831880235338758e-08, 0.5945795774459839, 0.5255510210990906, -0.03058168850839138, 0.6112094521522522, 0.485373854637146, -0.05241313576698303, 0.6196663975715637, 0.46396178007125854, -0.0733644887804985, 0.6098670959472656, 0.47183939814567566, -0.09317030757665634, 0.5584661960601807, 0.40875494480133057, -0.03347403183579445, 0.5293228030204773, 0.3627687394618988, -0.06636527180671692, 0.5334150791168213, 0.3891810476779938, -0.08642798662185669, 0.5482274889945984, 0.4252503514289856, -0.09471762180328369, 0.5359451770782471, 0.44510024785995483, -0.031082814559340477, 0.5144020915031433, 0.42798468470573425, -0.0683530643582344, 0.5368666052818298, 0.4792053699493408, -0.08097557723522186, 0.5616099238395691, 0.5163450241088867, -0.08169195055961609, 0.5189504623413086, 0.4846070408821106, -0.03307349607348442, 0.5032652616500854, 0.47997915744781494, -0.06634630262851715, 0.5282506346702576, 0.5261727571487427, -0.06783062219619751, 0.5522258281707764, 0.5575586557388306, -0.06027017533779144, 0.5082506537437439, 0.5238891243934631, -0.03764280676841736, 0.4911268949508667, 0.5232669711112976, -0.058669064193964005, 0.5093498826026917, 0.5532857775688171, -0.057939980179071426, 0.5286745429039001, 0.5734959244728088, -0.051892753690481186]",[]
"[0.5574265718460083, 0.5426580309867859, -4.500380512695301e-08, 0.5801111459732056, 0.5122822523117065, -0.03227439522743225, 0.5948061347007751, 0.4720919132232666, -0.05449381843209267, 0.5984638333320618, 0.4486481547355652, -0.0753205195069313, 0.590232253074646, 0.44607049226760864, -0.09522943198680878, 0.5480779409408569, 0.4028104245662689, -0.03607141599059105, 0.5273935794830322, 0.3562895655632019, -0.06921346485614777, 0.5267054438591003, 0.3824426829814911, -0.08978534489870071, 0.5370572209358215, 0.42065921425819397, -0.0987320989370346, 0.52547687292099, 0.43734413385391235, -0.03240128234028816, 0.505427896976471, 0.41671645641326904, -0.06887403130531311, 0.5237396955490112, 0.46631327271461487, -0.08169715851545334, 0.5474855303764343, 0.5034571886062622, -0.08311229199171066, 0.5087140202522278, 0.4753163158893585, -0.03309740126132965, 0.495019793510437, 0.4690389037132263, -0.06576606631278992, 0.5164085030555725, 0.5156758427619934, -0.06753171980381012, 0.5385562777519226, 0.5481469631195068, -0.06061502918601036, 0.49728864431381226, 0.5135472416877747, -0.03642957657575607, 0.4830838441848755, 0.5129947662353516, -0.057190194725990295, 0.49844324588775635, 0.5431118011474609, -0.05684847757220268, 0.5154803395271301, 0.5643972158432007, -0.051486529409885406]",[]
"[0.5513852834701538, 0.5662707090377808, -6.396883378556595e-08, 0.5802949070930481, 0.5277324914932251, -0.031263336539268494, 0.598896861076355, 0.4823862314224243, -0.05028783529996872, 0.5945172309875488, 0.4481104910373688, -0.06784702092409134, 0.5743103623390198, 0.4442898631095886, -0.08461524546146393, 0.5428235530853271, 0.4060901999473572, -0.028405433520674706, 0.5231888890266418, 0.35398781299591064, -0.0592278428375721, 0.51845383644104, 0.37354838848114014, -0.0806078314781189, 0.5258316397666931, 0.4118122458457947, -0.09049653261899948, 0.5206066966056824, 0.43959948420524597, -0.024403471499681473, 0.49907243251800537, 0.4060734510421753, -0.05978719890117645, 0.5108693838119507, 0.4527829587459564, -0.0762656182050705, 0.5321774482727051, 0.49810516834259033, -0.08028324693441391, 0.5049157738685608, 0.475294291973114, -0.024668587371706963, 0.48983460664749146, 0.46099141240119934, -0.05570099130272865, 0.5040996074676514, 0.5001294016838074, -0.06220317259430885, 0.5234295129776001, 0.537014365196228, -0.05889717489480972, 0.4929805397987366, 0.5110925436019897, -0.02758881263434887, 0.4774051606655121, 0.5049652457237244, -0.047843046486377716, 0.48713746666908264, 0.5315742492675781, -0.05067957565188408, 0.5017470121383667, 0.5563828349113464, -0.04788073152303696]","[0.590550422668457, 0.2531755864620209, -3.3061127169276006e-07, 0.5626519322395325, 0.22675207257270813, -0.012691561132669449, 0.5474082827568054, 0.17131364345550537, -0.019549308344721794, 0.5491194128990173, 0.12233936786651611, -0.0260873194783926, 0.5638132691383362, 0.0943482369184494, -0.03157453238964081, 0.5714517831802368, 0.13081583380699158, -0.011936794966459274, 0.5754522085189819, 0.10404420644044876, -0.030649952590465546, 0.5746523141860962, 0.1439303755760193, -0.043782204389572144, 0.569188117980957, 0.18101286888122559, -0.0507829450070858, 0.5952546000480652, 0.14701656997203827, -0.014558256603777409, 0.5995427966117859, 0.14179186522960663, -0.0309681948274374, 0.5911279320716858, 0.18615597486495972, -0.036483075469732285, 0.5800995826721191, 0.2211950421333313, -0.03884770721197128, 0.6150265336036682, 0.17130516469478607, -0.019815968349575996, 0.6176804304122925, 0.1798335164785385, -0.03388624265789986, 0.6081855297088623, 0.21907131373882294, -0.03162615746259689, 0.5958136916160583, 0.24826188385486603, -0.02891205996274948, 0.6308841109275818, 0.20172089338302612, -0.026633035391569138, 0.6352959275245667, 0.2168790102005005, -0.03490808606147766, 0.6259307265281677, 0.24874453246593475, -0.030855759978294373, 0.6141406297683716, 0.2711178660392761, -0.02704482525587082]"
"[0.5482026934623718, 0.5097487568855286, 8.151086916541317e-09, 0.5744675993919373, 0.48344841599464417, -0.035594094544649124, 0.5866163372993469, 0.4593534767627716, -0.059574972838163376, 0.5785574913024902, 0.445411741733551, -0.08051909506320953, 0.5568237900733948, 0.44912925362586975, -0.10184433311223984, 0.5484362244606018, 0.38540852069854736, -0.045336104929447174, 0.5249426364898682, 0.3532983660697937, -0.07661788910627365, 0.5154393315315247, 0.3743228316307068, -0.09822635352611542, 0.5200641751289368, 0.40414494276046753, -0.10988887399435043, 0.5235608816146851, 0.4170328974723816, -0.04050730541348457, 0.4989818334579468, 0.40160563588142395, -0.0742693692445755, 0.5038702487945557, 0.4450084865093231, -0.0897817388176918, 0.5213817358016968, 0.4857295751571655, -0.09557319432497025, 0.5066268444061279, 0.45266902446746826, -0.039086733013391495, 0.4871274530887604, 0.45277249813079834, -0.06943149864673615, 0.4946269392967224, 0.4907325208187103, -0.07495257258415222, 0.5109106302261353, 0.5235921144485474, -0.07307437807321548, 0.4961169362068176, 0.48718273639678955, -0.04042894020676613, 0.47705066204071045, 0.49691256880760193, -0.06077655404806137, 0.48181843757629395, 0.52442467212677, -0.06299631297588348, 0.4943826198577881, 0.5465078353881836, -0.0612025111913681]","[0.5688403844833374, 0.2486506998538971, -3.536171675477817e-07, 0.5403856039047241, 0.2314710170030594, -0.02175590768456459, 0.5357148051261902, 0.1704334318637848, -0.03373254835605621, 0.545860230922699, 0.12303165346384048, -0.042842041701078415, 0.554006814956665, 0.08696869015693665, -0.04994979500770569, 0.5716769099235535, 0.138931006193161, -0.0338282585144043, 0.5919710397720337, 0.12181578576564789, -0.056714218109846115, 0.5893798470497131, 0.1779210865497589, -0.0686596930027008, 0.5775516033172607, 0.22018979489803314, -0.07389257848262787, 0.5897030830383301, 0.15248927474021912, -0.03275123983621597, 0.6090426445007324, 0.144492045044899, -0.059550557285547256, 0.6009594798088074, 0.20345976948738098, -0.06708994507789612, 0.5846681594848633, 0.24733881652355194, -0.06781861931085587, 0.6027818322181702, 0.16925300657749176, -0.033525411039590836, 0.6187857985496521, 0.16476190090179443, -0.06091100350022316, 0.6086167097091675, 0.2241162359714508, -0.059061452746391296, 0.592278003692627, 0.263058602809906, -0.05205274373292923, 0.6105875968933105, 0.18927788734436035, -0.035453155636787415, 0.628088653087616, 0.1911899447441101, -0.05813085660338402, 0.6208222508430481, 0.2375262975692749, -0.05655372515320778, 0.6070611476898193, 0.27047809958457947, -0.05068833753466606]"
[],"[0.5529961585998535, 0.3506416976451874, -1.6293411064793872e-08, 0.5922515392303467, 0.3153088688850403, -0.032108575105667114, 0.6067225933074951, 0.24999220669269562, -0.046306055039167404, 0.6155533790588379, 0.1764986664056778, -0.05426666513085365, 0.6122679710388184, 0.11056701093912125, -0.05655897408723831, 0.543542206287384, 0.19204407930374146, -0.033838387578725815, 0.5897791385650635, 0.11060827225446701, -0.05025767534971237, 0.6024906039237976, 0.1618948131799698, -0.05714121460914612, 0.594011664390564, 0.20023927092552185, -0.05889241024851799, 0.5272935628890991, 0.18326476216316223, -0.02080295979976654, 0.5780686736106873, 0.11063816398382187, -0.034376226365566254, 0.5901121497154236, 0.15480197966098785, -0.03724541887640953, 0.580751895904541, 0.18498222529888153, -0.03745102882385254, 0.5228438377380371, 0.18243275582790375, -0.010164589621126652, 0.5706117749214172, 0.12399916350841522, -0.02064119093120098, 0.5801831483840942, 0.15966251492500305, -0.016954421997070312, 0.5713375806808472, 0.18404148519039154, -0.013085721991956234, 0.5254231691360474, 0.18417175114154816, -0.0020775722805410624, 0.5642547607421875, 0.13949936628341675, -0.0084434999153018, 0.5710378289222717, 0.16921749711036682, -0.005478397011756897, 0.5627560615539551, 0.19432824850082397, -0.0022211286704987288]"
"[0.5195819735527039, 0.37927699089050293, -1.3794461040106398e-07, 0.48411038517951965, 0.3100019693374634, -0.01448433194309473, 0.4745665192604065, 0.2186713069677353, -0.02242739498615265, 0.4755968153476715, 0.14763297140598297, -0.03208291903138161, 0.47249236702919006, 0.08749620616436005, -0.0403270460665226, 0.5281687378883362, 0.14935551583766937, 0.003730667755007744, 0.5506356358528137, 0.06842076778411865, -0.016500430181622505, 0.5476208329200745, 0.0458415150642395, -0.036120109260082245, 0.5374568700790405, 0.05312994867563248, -0.047187622636556625, 0.5499639511108398, 0.1644701212644577, -0.0007388688391074538, 0.5799000263214111, 0.07133010029792786, -0.022543473169207573, 0.5680335760116577, 0.059593506157398224, -0.04227592796087265, 0.5485338568687439, 0.08753281831741333, -0.05229215696454048, 0.566845178604126, 0.18831299245357513, -0.009119391441345215, 0.5955308675765991, 0.11098980158567429, -0.02565186470746994, 0.5806573629379272, 0.09223085641860962, -0.03973338380455971, 0.5614210367202759, 0.11553755402565002, -0.046384476125240326, 0.5827820301055908, 0.2247718870639801, -0.019413437694311142, 0.5976821780204773, 0.161183699965477, -0.029552936553955078, 0.587830662727356, 0.13489115238189697, -0.03711724281311035, 0.572641909122467, 0.13898718357086182, -0.0413099080324173]","[0.43912914395332336, 0.6637026071548462, 5.984174578088641e-08, 0.44799715280532837, 0.6228945851325989, -0.021336646750569344, 0.45091137290000916, 0.5912298560142517, -0.040823400020599365, 0.454436331987381, 0.5777853727340698, -0.05858658254146576, 0.4553562104701996, 0.5811418294906616, -0.07715146243572235, 0.43939903378486633, 0.5842084884643555, -0.051225416362285614, 0.4380260109901428, 0.5691541433334351, -0.08220689743757248, 0.4446793794631958, 0.5916938185691833, -0.10109016299247742, 0.4523385167121887, 0.6138710379600525, -0.11140157282352448, 0.4243262708187103, 0.6210038065910339, -0.053450148552656174, 0.4223046600818634, 0.6199427843093872, -0.08958111703395844, 0.43945762515068054, 0.6536118984222412, -0.10372722893953323, 0.45742857456207275, 0.6762973070144653, -0.10980847477912903, 0.41255566477775574, 0.6552175879478455, -0.056733064353466034, 0.40800589323043823, 0.6636638045310974, -0.089542917907238, 0.4250592589378357, 0.6968857049942017, -0.0950932577252388, 0.44175490736961365, 0.7187961339950562, -0.09388918429613113, 0.40451985597610474, 0.6846398115158081, -0.060961849987506866, 0.3951147496700287, 0.6978002190589905, -0.08284007012844086, 0.40356284379959106, 0.7213228344917297, -0.08557170629501343, 0.4136756658554077, 0.7356796264648438, -0.08506259322166443]"
[],"[0.5458438992500305, 0.3010581135749817, 1.3765566109213978e-07, 0.5924943685531616, 0.3109419345855713, -0.018670091405510902, 0.6333712339401245, 0.26391366124153137, -0.03153043985366821, 0.6567825675010681, 0.19422176480293274, -0.038564033806324005, 0.6615524291992188, 0.1316434144973755, -0.04277007654309273, 0.590546190738678, 0.2297668308019638, -0.05004201456904411, 0.629912257194519, 0.14384174346923828, -0.06602661311626434, 0.6388944983482361, 0.16697318851947784, -0.06791897118091583, 0.6321552395820618, 0.19350247085094452, -0.06468627601861954, 0.5628779530525208, 0.19661998748779297, -0.04324803128838539, 0.6143693923950195, 0.11106319725513458, -0.05474907532334328, 0.6269815564155579, 0.13640524446964264, -0.05200900882482529, 0.6185492873191833, 0.16474266350269318, -0.04838934168219566, 0.5434115529060364, 0.16999849677085876, -0.03551850840449333, 0.5946525931358337, 0.09954489767551422, -0.04065583646297455, 0.6068256497383118, 0.12671980261802673, -0.03272087872028351, 0.5997470021247864, 0.15139596164226532, -0.027202202007174492, 0.5313447713851929, 0.1507585197687149, -0.028758976608514786, 0.5768933296203613, 0.10855813324451447, -0.03181731328368187, 0.587162435054779, 0.13031047582626343, -0.026819294318556786, 0.5807598233222961, 0.14852769672870636, -0.022747324779629707]"
[],"[0.5423464775085449, 0.25878405570983887, -2.0235860986872467e-08, 0.5888077616691589, 0.27524417638778687, -0.017150934785604477, 0.6327105760574341, 0.2343439757823944, -0.02969992160797119, 0.6608487963676453, 0.16961774230003357, -0.03681248426437378, 0.6636217832565308, 0.11042178422212601, -0.040190596133470535, 0.5962698459625244, 0.20037312805652618, -0.05179424583911896, 0.6414475440979004, 0.10421222448348999, -0.0668187364935875, 0.641550600528717, 0.13868653774261475, -0.06602174788713455, 0.6290229558944702, 0.16979695856571198, -0.061319395899772644, 0.5676568746566772, 0.1671052724123001, -0.04587889835238457, 0.6215499043464661, 0.07881028950214386, -0.056689679622650146, 0.6243530511856079, 0.10910435765981674, -0.05065005645155907, 0.6117093563079834, 0.13691645860671997, -0.04534633085131645, 0.5463708639144897, 0.13684824109077454, -0.03909217566251755, 0.5992640256881714, 0.0688188225030899, -0.04248262569308281, 0.6022807359695435, 0.09766743332147598, -0.031773265451192856, 0.5909097194671631, 0.12064903974533081, -0.025461791083216667, 0.5332460403442383, 0.11299300938844681, -0.03342897444963455, 0.5799068808555603, 0.07428570836782455, -0.033841077238321304, 0.5819806456565857, 0.09827379882335663, -0.02744506485760212, 0.5710408687591553, 0.11604519188404083, -0.02366105280816555]"
[],"[0.5318726301193237, 0.22979439795017242, -8.468330037203486e-09, 0.5822815299034119, 0.24167181551456451, -0.019552569836378098, 0.625218391418457, 0.19782091677188873, -0.0342729315161705, 0.6502106189727783, 0.1311761736869812, -0.04340395703911781, 0.6515305042266846, 0.06846823543310165, -0.048750557005405426, 0.5818853974342346, 0.1589086353778839, -0.05547814816236496, 0.624413251876831, 0.05508027970790863, -0.07428231090307236, 0.6321120858192444, 0.09315694868564606, -0.07686770707368851, 0.6210615634918213, 0.13355077803134918, -0.07344915717840195, 0.5509501099586487, 0.1280379444360733, -0.04891921952366829, 0.6031506061553955, 0.03425159305334091, -0.06098677217960358, 0.6127943396568298, 0.0670696571469307, -0.05765761807560921, 0.6016563177108765, 0.10081394761800766, -0.05435995012521744, 0.5292516350746155, 0.1029074564576149, -0.04150235652923584, 0.5813942551612854, 0.029909256845712662, -0.046056829392910004, 0.5899294018745422, 0.05966693535447121, -0.03674643859267235, 0.5800859928131104, 0.08722823858261108, -0.03134479746222496, 0.515221893787384, 0.08353056013584137, -0.035290565341711044, 0.560983419418335, 0.042030587792396545, -0.03696309030056, 0.5687905550003052, 0.06734176725149155, -0.030708858743309975, 0.5603255033493042, 0.09080541133880615, -0.026484649628400803]"
[],"[0.5330590605735779, 0.24244143068790436, 1.8069789575747564e-07, 0.5827592015266418, 0.23576946556568146, -0.016360001638531685, 0.618157148361206, 0.1751728057861328, -0.028144674375653267, 0.6363240480422974, 0.09955599159002304, -0.03382013365626335, 0.6366883516311646, 0.03868989273905754, -0.03651732951402664, 0.5710365176200867, 0.14525927603244781, -0.05173462629318237, 0.6055417656898499, 0.04773537442088127, -0.06367206573486328, 0.6179890036582947, 0.07477319985628128, -0.060163840651512146, 0.6116224527359009, 0.10455355048179626, -0.05347244441509247, 0.5414724349975586, 0.11872350424528122, -0.04504092037677765, 0.5876374840736389, 0.020582497119903564, -0.05256803706288338, 0.6039555072784424, 0.04962548986077309, -0.04651784151792526, 0.597258448600769, 0.08069544285535812, -0.04151250794529915, 0.5200327634811401, 0.09937085956335068, -0.03653452545404434, 0.5657516717910767, 0.018046386539936066, -0.038950592279434204, 0.5812693238258362, 0.04635336995124817, -0.029598141089081764, 0.575537383556366, 0.07262597233057022, -0.024029524996876717, 0.5058256983757019, 0.08629697561264038, -0.028568360954523087, 0.5459198951721191, 0.03368289768695831, -0.030558763071894646, 0.5589670538902283, 0.05494019016623497, -0.024645991623401642, 0.5541409254074097, 0.07492078840732574, -0.020299630239605904]"
[],"[0.5382864475250244, 0.2506444454193115, 1.7787053252504847e-07, 0.5857486128807068, 0.24619878828525543, -0.016795706003904343, 0.6210058927536011, 0.18560394644737244, -0.02875695936381817, 0.6385135054588318, 0.10908826440572739, -0.03515277057886124, 0.6372841000556946, 0.04825286567211151, -0.03879115730524063, 0.5716129541397095, 0.157545804977417, -0.04886608198285103, 0.6028255224227905, 0.0576639287173748, -0.06220202520489693, 0.6169211864471436, 0.07420215755701065, -0.06084229797124863, 0.6142235994338989, 0.10010501742362976, -0.055632639676332474, 0.5424970388412476, 0.1324099749326706, -0.04246606305241585, 0.5870599150657654, 0.030115649104118347, -0.05158126354217529, 0.6047137975692749, 0.05132029578089714, -0.046629391610622406, 0.6008956432342529, 0.08023130893707275, -0.042046163231134415, 0.5226144790649414, 0.11117970198392868, -0.034792885184288025, 0.5687718987464905, 0.025587886571884155, -0.03880910947918892, 0.5851556062698364, 0.04793175309896469, -0.03034796006977558, 0.5814561247825623, 0.07323035597801208, -0.0246992539614439, 0.5110710859298706, 0.09511951357126236, -0.02787098102271557, 0.5525384545326233, 0.03654221445322037, -0.03045918233692646, 0.5673849582672119, 0.05255239084362984, -0.02527627721428871, 0.5648245215415955, 0.07126513123512268, -0.021248264238238335]"
[],"[0.5422351360321045, 0.2716616988182068, 2.227009190391982e-07, 0.5894575715065002, 0.27582237124443054, -0.01809542626142502, 0.627129852771759, 0.22044795751571655, -0.03043336607515812, 0.647803008556366, 0.14473900198936462, -0.03707689046859741, 0.6477957963943481, 0.08301736414432526, -0.04138929769396782, 0.575952410697937, 0.18826834857463837, -0.04773382842540741, 0.6083828210830688, 0.0949370339512825, -0.06053340435028076, 0.6251044869422913, 0.09866125881671906, -0.059967175126075745, 0.6267467141151428, 0.11561118811368942, -0.055732596665620804, 0.5475629568099976, 0.15745773911476135, -0.04035132750868797, 0.5954318046569824, 0.0643385648727417, -0.048859432339668274, 0.6153982877731323, 0.08104090392589569, -0.04459097236394882, 0.6145524382591248, 0.10656528174877167, -0.04063301160931587, 0.5300042629241943, 0.1325603574514389, -0.031859107315540314, 0.5802652835845947, 0.05589886009693146, -0.035374730825424194, 0.5986248850822449, 0.0755041241645813, -0.028535306453704834, 0.5969622135162354, 0.09895941615104675, -0.024069491773843765, 0.5212796926498413, 0.11381881684064865, -0.024277472868561745, 0.5651249289512634, 0.06283312290906906, -0.026445861905813217, 0.5818890929222107, 0.07795536518096924, -0.022804664447903633, 0.5811370611190796, 0.09603819251060486, -0.019979912787675858]"
[],"[0.5485041737556458, 0.27904248237609863, 2.578835847089067e-07, 0.5958713889122009, 0.2826545238494873, -0.020136697217822075, 0.6336559653282166, 0.22766634821891785, -0.03352765738964081, 0.6559522747993469, 0.15436217188835144, -0.040147408843040466, 0.6628621816635132, 0.09265303611755371, -0.0439288429915905, 0.5840780735015869, 0.19039450585842133, -0.055990029126405716, 0.621061384677887, 0.09887624531984329, -0.06876874715089798, 0.6374083757400513, 0.10949872434139252, -0.06532949209213257, 0.6356473565101624, 0.1309245228767395, -0.05873316526412964, 0.5563479065895081, 0.15768644213676453, -0.04759073257446289, 0.609129011631012, 0.06653861701488495, -0.056472718715667725, 0.627309262752533, 0.09681691974401474, -0.04949453845620155, 0.6230175495147705, 0.12923689186573029, -0.04320340231060982, 0.5391167998313904, 0.13464704155921936, -0.03771748021245003, 0.59231036901474, 0.06197395920753479, -0.04164426401257515, 0.6094139814376831, 0.09345419704914093, -0.03174944967031479, 0.6057526469230652, 0.12073639035224915, -0.02513028495013714, 0.5294121503829956, 0.11981102079153061, -0.02878478169441223, 0.5748745799064636, 0.0761997327208519, -0.03214254230260849, 0.5907500386238098, 0.0996498242020607, -0.027263065800070763, 0.588599681854248, 0.11806128919124603, -0.023318352177739143]"
[],"[0.5488849878311157, 0.2778177559375763, 8.780455118539976e-08, 0.5983335375785828, 0.27954015135765076, -0.02749909833073616, 0.6298584342002869, 0.22365103662014008, -0.04295691102743149, 0.6477162837982178, 0.15109336376190186, -0.05071469396352768, 0.6509922742843628, 0.08795364946126938, -0.05349479988217354, 0.5686520934104919, 0.18168753385543823, -0.055901799350976944, 0.617219865322113, 0.09183555841445923, -0.07153372466564178, 0.6296252012252808, 0.1291876882314682, -0.07066040486097336, 0.6208462715148926, 0.16208216547966003, -0.06574192643165588, 0.5444097518920898, 0.15071718394756317, -0.04387564957141876, 0.6050306558609009, 0.07199601083993912, -0.05579328536987305, 0.6173219084739685, 0.11055576801300049, -0.05154414847493172, 0.6060194969177246, 0.1386898308992386, -0.04731082171201706, 0.53299480676651, 0.12908852100372314, -0.03180849179625511, 0.5930570363998413, 0.06677168607711792, -0.0375826321542263, 0.6030900478363037, 0.10160791873931885, -0.028817681595683098, 0.592271625995636, 0.12566612660884857, -0.023232951760292053, 0.5296094417572021, 0.11526158452033997, -0.021587906405329704, 0.5806857347488403, 0.07980772107839584, -0.02514594979584217, 0.5877922773361206, 0.10773898661136627, -0.02117958851158619, 0.577080249786377, 0.12758222222328186, -0.0184080358594656]"
[],"[0.5487231612205505, 0.2760247588157654, -2.5646502699316898e-09, 0.5948938131332397, 0.2742842435836792, -0.0368269644677639, 0.6187191009521484, 0.21279695630073547, -0.05506760627031326, 0.6333261728286743, 0.13442844152450562, -0.064109206199646, 0.6318281292915344, 0.06609300523996353, -0.06706087291240692, 0.5510392189025879, 0.15950611233711243, -0.06102442741394043, 0.6058651208877563, 0.06585364043712616, -0.07818009704351425, 0.616145133972168, 0.11806763708591461, -0.07909103482961655, 0.6056138277053833, 0.156235933303833, -0.07658600807189941, 0.5296324491500854, 0.1364477425813675, -0.04511169716715813, 0.5917493104934692, 0.05582563579082489, -0.06007498502731323, 0.6008338928222656, 0.10234837979078293, -0.05757098272442818, 0.5888795256614685, 0.1333165168762207, -0.054494813084602356, 0.5231868624687195, 0.12281081080436707, -0.03010747581720352, 0.5821402072906494, 0.06362078338861465, -0.03892606124281883, 0.5884422063827515, 0.10298578441143036, -0.031425852328538895, 0.576213002204895, 0.1263747215270996, -0.026699882000684738, 0.5258669853210449, 0.1148177832365036, -0.01779334805905819, 0.5762568116188049, 0.07854120433330536, -0.023154491558670998, 0.5791255831718445, 0.1118100956082344, -0.020270008593797684, 0.5659505128860474, 0.13439451158046722, -0.018534017726778984]"
[],"[0.5437173247337341, 0.2896764874458313, -9.645560083981763e-08, 0.5853930115699768, 0.2658606469631195, -0.03523518145084381, 0.6056797504425049, 0.19364765286445618, -0.050569918006658554, 0.6159312725067139, 0.11005741357803345, -0.057989418506622314, 0.6108174920082092, 0.04285617172718048, -0.05971655994653702, 0.5383073091506958, 0.14763644337654114, -0.04712997376918793, 0.58290034532547, 0.05404999107122421, -0.065264992415905, 0.6001453995704651, 0.09921520948410034, -0.07123123854398727, 0.5940635204315186, 0.138335719704628, -0.07231152057647705, 0.5198493599891663, 0.13104920089244843, -0.03282269835472107, 0.5731697678565979, 0.055874135345220566, -0.047687456011772156, 0.5863571763038635, 0.1032111793756485, -0.04861249774694443, 0.5759137272834778, 0.13647787272930145, -0.04734879732131958, 0.5154876112937927, 0.12294332683086395, -0.020525900647044182, 0.5658527612686157, 0.06262445449829102, -0.031149020418524742, 0.57586669921875, 0.10181277990341187, -0.026223352178931236, 0.5659457445144653, 0.12760749459266663, -0.021824587136507034, 0.5182656049728394, 0.12122558057308197, -0.010910357348620892, 0.5602439045906067, 0.07671425491571426, -0.017191486433148384, 0.5684745907783508, 0.10911805182695389, -0.014056475833058357, 0.560373067855835, 0.13449683785438538, -0.010787894017994404]"
[],"[0.5183709263801575, 0.375652939081192, -1.1396177512779104e-07, 0.4828222990036011, 0.30804187059402466, -0.016110217198729515, 0.4728952944278717, 0.2145671844482422, -0.02429881878197193, 0.47382304072380066, 0.14387786388397217, -0.03394071385264397, 0.4714961647987366, 0.08335219323635101, -0.04244857653975487, 0.525405764579773, 0.14531701803207397, -1.636662636883557e-05, 0.5456002354621887, 0.06115961819887161, -0.018030446022748947, 0.5442084074020386, 0.025685064494609833, -0.03558828681707382, 0.5381016731262207, 0.012380450963973999, -0.046769674867391586, 0.5473726391792297, 0.16198860108852386, -0.004557246342301369, 0.5786083936691284, 0.06540399044752121, -0.028653014451265335, 0.5631139278411865, 0.05591820180416107, -0.04825678467750549, 0.5429155826568604, 0.0825580358505249, -0.057549815624952316, 0.5644048452377319, 0.18686649203300476, -0.01265641674399376, 0.5933171510696411, 0.10688666254281998, -0.031193051487207413, 0.5746819972991943, 0.09155486524105072, -0.04586511850357056, 0.5548397302627563, 0.11680741608142853, -0.052429649978876114, 0.5804370045661926, 0.22410492599010468, -0.022734632715582848, 0.5956838130950928, 0.15807238221168518, -0.03424132242798805, 0.5821192860603333, 0.13390100002288818, -0.042578455060720444, 0.5649696588516235, 0.14212718605995178, -0.0473349466919899]"
"[0.530757486820221, 0.5417844653129578, -1.1804222488365212e-08, 0.5540880560874939, 0.5018755197525024, -0.025925058871507645, 0.564233124256134, 0.4647499918937683, -0.041000496596097946, 0.5639042854309082, 0.448355495929718, -0.054778315126895905, 0.5535778403282166, 0.4491100311279297, -0.0685964822769165, 0.5216707587242126, 0.4079326391220093, -0.027511795982718468, 0.5037699937820435, 0.37434208393096924, -0.05030671879649162, 0.4937402904033661, 0.3952755033969879, -0.06779274344444275, 0.4967001676559448, 0.42689046263694763, -0.07746621966362, 0.499695360660553, 0.44083839654922485, -0.02433653175830841, 0.4782359004020691, 0.42967140674591064, -0.0497099831700325, 0.47882840037345886, 0.4632169008255005, -0.06463363766670227, 0.49431177973747253, 0.49937325716018677, -0.07181389629840851, 0.4861980080604553, 0.4784518778324127, -0.024173257872462273, 0.4697412848472595, 0.4794026017189026, -0.046564992517232895, 0.47033268213272095, 0.5021989345550537, -0.05614566430449486, 0.4831487834453583, 0.5313682556152344, -0.05883059650659561, 0.4791781008243561, 0.5154359340667725, -0.0262142326682806, 0.4611968398094177, 0.5190481543540955, -0.041303977370262146, 0.45977455377578735, 0.532200276851654, -0.04644984006881714, 0.4695548415184021, 0.549912691116333, -0.04809717461466789]","[0.5743357539176941, 0.2883623242378235, -3.666002328372997e-07, 0.5419921875, 0.2608940601348877, -0.023974943906068802, 0.5351747870445251, 0.18982747197151184, -0.0351685993373394, 0.547419011592865, 0.13175976276397705, -0.04305596277117729, 0.5630252361297607, 0.09447367489337921, -0.048680778592824936, 0.5712035894393921, 0.16183143854141235, -0.030802063643932343, 0.5865897536277771, 0.12422288954257965, -0.05281233787536621, 0.5799859166145325, 0.16940030455589294, -0.06288863718509674, 0.5665982365608215, 0.20944610238075256, -0.06658941507339478, 0.5939644575119019, 0.18486963212490082, -0.0281189177185297, 0.6061911582946777, 0.16022148728370667, -0.05442390590906143, 0.5917648673057556, 0.21698319911956787, -0.060617007315158844, 0.5744768381118774, 0.2559504508972168, -0.06026643142104149, 0.6109359860420227, 0.21009989082813263, -0.02804403193295002, 0.6197969317436218, 0.1933520883321762, -0.0534772053360939, 0.60197514295578, 0.24627628922462463, -0.04975036904215813, 0.5848748683929443, 0.27917495369911194, -0.04205508157610893, 0.6234048008918762, 0.23712599277496338, -0.02959100715816021, 0.6338536739349365, 0.23156175017356873, -0.04849449545145035, 0.6197748780250549, 0.27001702785491943, -0.04545682668685913, 0.6046475768089294, 0.29601189494132996, -0.03938089683651924]"
"[0.5376823544502258, 0.5310796499252319, -4.361498540106368e-08, 0.5616413950920105, 0.4867762327194214, -0.027621524408459663, 0.5734626650810242, 0.4493573307991028, -0.04581284150481224, 0.5806522369384766, 0.4327841103076935, -0.06309615075588226, 0.5758386254310608, 0.4424486458301544, -0.0807827040553093, 0.5289219617843628, 0.39207810163497925, -0.03264905884861946, 0.5034484267234802, 0.3648432195186615, -0.05960775539278984, 0.4983345866203308, 0.3884291648864746, -0.07949262112379074, 0.5067394971847534, 0.4224769175052643, -0.08990320563316345, 0.5076295137405396, 0.4306109547615051, -0.029872335493564606, 0.48249512910842896, 0.4239075481891632, -0.059258971363306046, 0.49027764797210693, 0.4613417685031891, -0.0737333595752716, 0.5104056000709534, 0.49843716621398926, -0.07949277758598328, 0.4942293167114258, 0.4710892140865326, -0.030255110934376717, 0.47427377104759216, 0.4756435751914978, -0.05490247905254364, 0.48441556096076965, 0.5027246475219727, -0.06165866553783417, 0.5041335225105286, 0.5320876240730286, -0.06152166798710823, 0.48727497458457947, 0.5082847476005554, -0.03323537856340408, 0.4665118455886841, 0.5182245969772339, -0.04857954382896423, 0.47290998697280884, 0.535224199295044, -0.051714688539505005, 0.4892519414424896, 0.5523326396942139, -0.05127711966633797]",[]
"[0.5400435328483582, 0.5772907137870789, -1.1904516838967538e-07, 0.56805819272995, 0.5234627723693848, -0.021514728665351868, 0.5884808897972107, 0.46324148774147034, -0.035726260393857956, 0.5989640951156616, 0.4198273718357086, -0.05028412118554115, 0.6025437712669373, 0.3971099257469177, -0.06451835483312607, 0.5338492393493652, 0.40741047263145447, -0.022199414670467377, 0.5114214420318604, 0.3633248209953308, -0.05069750174880028, 0.5099165439605713, 0.382935106754303, -0.07065032422542572, 0.518876850605011, 0.4164773225784302, -0.08011402189731598, 0.5112383365631104, 0.4459538459777832, -0.022822177037596703, 0.4924556016921997, 0.4200923442840576, -0.05702371895313263, 0.509667158126831, 0.46503210067749023, -0.07203594595193863, 0.532609224319458, 0.5094970464706421, -0.07529527693986893, 0.496488094329834, 0.48427653312683105, -0.026712415739893913, 0.48417460918426514, 0.47372061014175415, -0.056902509182691574, 0.5040713548660278, 0.5093507170677185, -0.061045292764902115, 0.5252609252929688, 0.5432434678077698, -0.05628575012087822, 0.4864621162414551, 0.5230433940887451, -0.03249227628111839, 0.4745710492134094, 0.51661217212677, -0.051624540239572525, 0.48916226625442505, 0.5402397513389587, -0.052226945757865906, 0.5066803097724915, 0.5608564615249634, -0.04779547080397606]","[0.5713571906089783, 0.4028646945953369, -3.4778432222992706e-07, 0.5435888767242432, 0.334454208612442, -0.007545447442680597, 0.5429219007492065, 0.24222488701343536, -0.010275370441377163, 0.5605237483978271, 0.1784757375717163, -0.014926719479262829, 0.5825462341308594, 0.14017966389656067, -0.017864583060145378, 0.5789082646369934, 0.2036801427602768, 0.0046541146002709866, 0.5987992882728577, 0.1620982438325882, -0.013470334932208061, 0.5883084535598755, 0.19775255024433136, -0.026759332045912743, 0.5758684873580933, 0.23201824724674225, -0.03358371928334236, 0.600914478302002, 0.22974377870559692, -0.0007873988943174481, 0.6184927821159363, 0.19380253553390503, -0.01861223764717579, 0.6005752086639404, 0.23887251317501068, -0.02546272799372673, 0.5845357179641724, 0.2764664590358734, -0.026724226772785187, 0.6187889575958252, 0.2634733319282532, -0.009721345268189907, 0.63279789686203, 0.23452170193195343, -0.025968249887228012, 0.6128023266792297, 0.2780952751636505, -0.022948702797293663, 0.5973657369613647, 0.31180843710899353, -0.017446929588913918, 0.6361377239227295, 0.30647367238998413, -0.019992008805274963, 0.6461818218231201, 0.27516984939575195, -0.029630497097969055, 0.6293599605560303, 0.30603307485580444, -0.024743633344769478, 0.6149606108665466, 0.33518144488334656, -0.018968213349580765]"
"[0.5438814759254456, 0.5817751884460449, -4.634592443153451e-08, 0.5759448409080505, 0.5492251515388489, -0.03173154219985008, 0.5978927612304688, 0.5123551487922668, -0.056552350521087646, 0.6186092495918274, 0.4926840662956238, -0.08033489435911179, 0.640441358089447, 0.4925626814365387, -0.10365860909223557, 0.5411926507949829, 0.4114397168159485, -0.036709900945425034, 0.5152182579040527, 0.37688273191452026, -0.0718594416975975, 0.5146540403366089, 0.39837712049484253, -0.09648821502923965, 0.5256941318511963, 0.4297368824481964, -0.1083923876285553, 0.517593264579773, 0.44657784700393677, -0.03413767367601395, 0.4998876750469208, 0.4409400224685669, -0.0739617645740509, 0.5196476578712463, 0.4868685007095337, -0.09074539691209793, 0.5445961952209473, 0.5287507772445679, -0.09451980143785477, 0.500601589679718, 0.484477698802948, -0.03550858423113823, 0.49197012186050415, 0.49510878324508667, -0.07006944715976715, 0.5160304307937622, 0.5368073582649231, -0.07503870129585266, 0.5398975610733032, 0.5703943967819214, -0.06970538198947906, 0.4891952872276306, 0.5222015380859375, -0.03971245884895325, 0.4788326323032379, 0.5304860472679138, -0.06136230379343033, 0.49626439809799194, 0.5607575178146362, -0.062452059239149094, 0.5159323811531067, 0.5812154412269592, -0.05751171335577965]","[0.578801155090332, 0.40369874238967896, -4.415908279042924e-07, 0.5475788116455078, 0.3553689122200012, -0.017706166952848434, 0.5470960140228271, 0.25865060091018677, -0.02308434061706066, 0.5660750269889832, 0.18630582094192505, -0.028080729767680168, 0.5886634588241577, 0.14462345838546753, -0.03041466698050499, 0.5896314382553101, 0.2187361717224121, -0.0036159087903797626, 0.6100596189498901, 0.16308915615081787, -0.02678883820772171, 0.5967774391174316, 0.2087358683347702, -0.039486248046159744, 0.5837815999984741, 0.25003063678741455, -0.04414490610361099, 0.6115379929542542, 0.24539458751678467, -0.0045387595891952515, 0.6316153407096863, 0.19132551550865173, -0.029468975961208344, 0.6078797578811646, 0.2489275336265564, -0.036039143800735474, 0.5927397012710571, 0.28960299491882324, -0.03369174897670746, 0.6293675303459167, 0.27903956174850464, -0.010056380182504654, 0.6470527052879333, 0.2329661250114441, -0.03666486591100693, 0.6193434596061707, 0.28965574502944946, -0.03269342705607414, 0.6041510701179504, 0.3265668451786041, -0.02233433537185192, 0.6472627520561218, 0.3216603696346283, -0.01710687205195427, 0.6564557552337646, 0.28536760807037354, -0.03660628944635391, 0.6348646879196167, 0.32539844512939453, -0.03290624916553497, 0.6217553615570068, 0.3540927767753601, -0.024942420423030853]"
"[0.5526508092880249, 0.5900880098342896, -2.617873740007326e-08, 0.5795639753341675, 0.5617485642433167, -0.032714731991291046, 0.5987365245819092, 0.5261564254760742, -0.058580271899700165, 0.6198822259902954, 0.5034294128417969, -0.08332877606153488, 0.6399567127227783, 0.5017707943916321, -0.10702122002840042, 0.541965901851654, 0.42230886220932007, -0.0368301197886467, 0.5152207612991333, 0.3831555247306824, -0.07198190689086914, 0.5175439119338989, 0.40181270241737366, -0.09556438028812408, 0.5312277674674988, 0.4326859712600708, -0.10646478086709976, 0.5173414945602417, 0.4540503919124603, -0.03368106111884117, 0.5052338242530823, 0.45720407366752625, -0.07311995327472687, 0.528083860874176, 0.5049698948860168, -0.08773873746395111, 0.5535776615142822, 0.543300449848175, -0.08976463228464127, 0.5002360343933105, 0.49183619022369385, -0.034835461527109146, 0.49607783555984497, 0.5078602433204651, -0.06877829134464264, 0.5220195651054382, 0.5492500066757202, -0.07190912961959839, 0.5463334321975708, 0.578643262386322, -0.06548669189214706, 0.48965880274772644, 0.5312882661819458, -0.039036184549331665, 0.48445749282836914, 0.5449545383453369, -0.06013977527618408, 0.5046111941337585, 0.5752856135368347, -0.060648009181022644, 0.5251016020774841, 0.5933105945587158, -0.05516071245074272]","[0.5773642063140869, 0.407861590385437, -4.4464209736361227e-07, 0.5500533580780029, 0.357552707195282, -0.014381316490471363, 0.5511529445648193, 0.2642023265361786, -0.018851779401302338, 0.56895512342453, 0.19536054134368896, -0.023754311725497246, 0.5913140773773193, 0.15160362422466278, -0.02616332471370697, 0.5949754118919373, 0.22099030017852783, 0.0014687019865959883, 0.6132907271385193, 0.1689428836107254, -0.020181620493531227, 0.5999288558959961, 0.20953235030174255, -0.03367895632982254, 0.5860381126403809, 0.2531604766845703, -0.03935327008366585, 0.6173014640808105, 0.2463875412940979, -0.0007414854480884969, 0.6335790753364563, 0.1992790699005127, -0.02339412271976471, 0.6098427772521973, 0.25432735681533813, -0.02963823638856411, 0.5928229689598083, 0.29894596338272095, -0.028102271258831024, 0.6343377232551575, 0.2810644805431366, -0.007523472420871258, 0.6495662331581116, 0.23872697353363037, -0.031149480491876602, 0.6218701601028442, 0.2938857674598694, -0.027563216164708138, 0.6055312752723694, 0.3348209261894226, -0.018569322302937508, 0.6511943340301514, 0.326731413602829, -0.01577303372323513, 0.6599029302597046, 0.2947321832180023, -0.03362823650240898, 0.637168288230896, 0.33179768919944763, -0.030546212568879128, 0.621187150478363, 0.3610125184059143, -0.02356281317770481]"
"[0.5439176559448242, 0.5921273827552795, -1.0079358503389813e-07, 0.5738489627838135, 0.5606599450111389, -0.029001856222748756, 0.5962898135185242, 0.5197198390960693, -0.05320898815989494, 0.6166709661483765, 0.49586063623428345, -0.07681875675916672, 0.6362204551696777, 0.49734780192375183, -0.09972918778657913, 0.538500189781189, 0.417358934879303, -0.036602120846509933, 0.5138893723487854, 0.3792664706707001, -0.07164118438959122, 0.5180964469909668, 0.40601646900177, -0.09524322301149368, 0.5319950580596924, 0.44278398156166077, -0.10613535344600677, 0.5130316019058228, 0.4479721784591675, -0.035188283771276474, 0.502861499786377, 0.4579271078109741, -0.07381603121757507, 0.5263654589653015, 0.5064082741737366, -0.08869247138500214, 0.5522103309631348, 0.5469780564308167, -0.09161105751991272, 0.4951215088367462, 0.48680102825164795, -0.037526220083236694, 0.49294108152389526, 0.5090005397796631, -0.07033689320087433, 0.5206190347671509, 0.5498226284980774, -0.0739157646894455, 0.5465440154075623, 0.5801808834075928, -0.06850811839103699, 0.48355811834335327, 0.527387261390686, -0.042601145803928375, 0.4805063009262085, 0.5466445088386536, -0.06314057111740112, 0.5014460682868958, 0.5775661468505859, -0.06386537849903107, 0.5226364731788635, 0.5952446460723877, -0.058966413140296936]","[0.577227771282196, 0.4092326760292053, -4.5458097019945853e-07, 0.5469106435775757, 0.3539987802505493, -0.0158989354968071, 0.548336386680603, 0.2583318054676056, -0.02104492299258709, 0.5676760077476501, 0.18838383257389069, -0.02641776204109192, 0.5888239145278931, 0.14557161927223206, -0.029286030679941177, 0.5913500785827637, 0.21582213044166565, -0.0025043124333024025, 0.6124085783958435, 0.1616547852754593, -0.025172609835863113, 0.5978952050209045, 0.20824649930000305, -0.03862331435084343, 0.583622395992279, 0.2512844204902649, -0.04405827820301056, 0.6132457852363586, 0.245260089635849, -0.004648197907954454, 0.6330427527427673, 0.19394515454769135, -0.02819589525461197, 0.6081370711326599, 0.2503401041030884, -0.03493228182196617, 0.5916491746902466, 0.29285815358161926, -0.033658333122730255, 0.6303878426551819, 0.2811431884765625, -0.011220951564610004, 0.6480448246002197, 0.23607341945171356, -0.035469286143779755, 0.6197587251663208, 0.290299654006958, -0.03199230879545212, 0.6035526990890503, 0.3284898102283478, -0.023215996101498604, 0.6476933360099792, 0.32590824365615845, -0.01933548040688038, 0.6567127704620361, 0.29178211092948914, -0.036844268441200256, 0.6345316171646118, 0.328777551651001, -0.03325403109192848, 0.620093047618866, 0.3569684624671936, -0.026175621896982193]"
[],"[0.5170240998268127, 0.3744848370552063, -1.19621958560856e-07, 0.48132607340812683, 0.3088725805282593, -0.017746595665812492, 0.47081074118614197, 0.21312075853347778, -0.02588455192744732, 0.4720081090927124, 0.1404513716697693, -0.03497851639986038, 0.4687604606151581, 0.0788346529006958, -0.04329356923699379, 0.515410840511322, 0.14441843330860138, -0.006082263775169849, 0.5292712450027466, 0.05535610765218735, -0.02403181418776512, 0.5317773818969727, 0.01216781884431839, -0.040142711251974106, 0.5334334373474121, -0.014488652348518372, -0.05114710330963135, 0.5401492714881897, 0.16196563839912415, -0.010274471715092659, 0.5664042830467224, 0.06307478994131088, -0.037285495549440384, 0.55144864320755, 0.07065782696008682, -0.055343445390462875, 0.5361636281013489, 0.1057898998260498, -0.06254113465547562, 0.5603624582290649, 0.18827712535858154, -0.017494361847639084, 0.5862919092178345, 0.10597991943359375, -0.038518041372299194, 0.5678702592849731, 0.10650262981653214, -0.049526359885931015, 0.5524513125419617, 0.1392049491405487, -0.05264037474989891, 0.5797997117042542, 0.2263544499874115, -0.02684096433222294, 0.5944825410842896, 0.16076551377773285, -0.03919485956430435, 0.5801809430122375, 0.14551804959774017, -0.04507682844996452, 0.5655023455619812, 0.16061130166053772, -0.04764399304986]"
"[0.5449442267417908, 0.5941666960716248, -1.0532048833056251e-07, 0.5739316344261169, 0.5582555532455444, -0.03253268450498581, 0.6000805497169495, 0.5216529965400696, -0.056972354650497437, 0.6134791374206543, 0.49370789527893066, -0.08051590621471405, 0.6118201017379761, 0.48211678862571716, -0.10322296619415283, 0.5439565181732178, 0.4048875570297241, -0.035751573741436005, 0.5127305388450623, 0.36639049649238586, -0.07137925177812576, 0.515692412853241, 0.39874643087387085, -0.09520633518695831, 0.5303968191146851, 0.43469440937042236, -0.10593016445636749, 0.5192670226097107, 0.4453257620334625, -0.032281242311000824, 0.4936399459838867, 0.4385322630405426, -0.07324505597352982, 0.5183151364326477, 0.48936182260513306, -0.09057595580816269, 0.5478038191795349, 0.5327858924865723, -0.094411201775074, 0.5006130337715149, 0.48593753576278687, -0.033039260655641556, 0.48321181535720825, 0.4924713969230652, -0.06868986785411835, 0.511027455329895, 0.5351813435554504, -0.07416324317455292, 0.5393933057785034, 0.5689505338668823, -0.06897599995136261, 0.48842957615852356, 0.5269443988800049, -0.03654482588171959, 0.4730542302131653, 0.5353841185569763, -0.059383753687143326, 0.4939788281917572, 0.5641419291496277, -0.06205187365412712, 0.5183546543121338, 0.583221971988678, -0.05790163204073906]","[0.566798210144043, 0.38872843980789185, -4.371655109025596e-07, 0.5409603118896484, 0.33256345987319946, -0.012638947926461697, 0.5419661402702332, 0.23950596153736115, -0.01779310405254364, 0.5610995292663574, 0.1723162978887558, -0.023599201813340187, 0.5834933519363403, 0.1310015320777893, -0.027387183159589767, 0.582241952419281, 0.19296523928642273, -0.0031084029469639063, 0.6032212972640991, 0.1493666023015976, -0.024900829419493675, 0.5917991399765015, 0.19046685099601746, -0.039333563297986984, 0.5776252150535583, 0.2297511100769043, -0.04625535383820534, 0.6048052906990051, 0.2218378782272339, -0.007116597145795822, 0.6252976655960083, 0.18284326791763306, -0.028755154460668564, 0.6056146025657654, 0.23447448015213013, -0.03527909889817238, 0.587448239326477, 0.2748252749443054, -0.03554970771074295, 0.6229774355888367, 0.25854891538619995, -0.01499677263200283, 0.6398984789848328, 0.22269368171691895, -0.03562157601118088, 0.6172590851783752, 0.2708126902580261, -0.03155697509646416, 0.5994557738304138, 0.3055589497089386, -0.024472445249557495, 0.6401160359382629, 0.30447790026664734, -0.024379761889576912, 0.6517890691757202, 0.27015361189842224, -0.03844103589653969, 0.6327400803565979, 0.30426618456840515, -0.03354676067829132, 0.6159582734107971, 0.33285611867904663, -0.026971926912665367]"
"[0.5469064116477966, 0.5491120219230652, -1.5181500145899918e-07, 0.5703833699226379, 0.5077770948410034, -0.028467828407883644, 0.5914742946624756, 0.46447908878326416, -0.04911595955491066, 0.6014733910560608, 0.4352860152721405, -0.06953907757997513, 0.5967935919761658, 0.4285401999950409, -0.09014926850795746, 0.5381650328636169, 0.3822895586490631, -0.03140345588326454, 0.5085315704345703, 0.34965798258781433, -0.0643632635474205, 0.5085589289665222, 0.38869884610176086, -0.08715518563985825, 0.520585298538208, 0.42917147278785706, -0.09783484041690826, 0.5147716999053955, 0.42648640275001526, -0.02959730103611946, 0.48886391520500183, 0.41412144899368286, -0.06734821200370789, 0.5096405148506165, 0.4683341383934021, -0.08465281873941422, 0.5361527800559998, 0.5139687657356262, -0.08958225697278976, 0.49779847264289856, 0.46863049268722534, -0.03147125616669655, 0.4758886396884918, 0.466340035200119, -0.06504759937524796, 0.5003898739814758, 0.5114327669143677, -0.0708581954240799, 0.526432991027832, 0.5488990545272827, -0.06678657233715057, 0.4862431287765503, 0.5088711380958557, -0.035573869943618774, 0.4637612998485565, 0.5104050636291504, -0.0568900890648365, 0.48078563809394836, 0.5391348600387573, -0.05849833786487579, 0.5019713044166565, 0.5597569942474365, -0.05460537225008011]",[]
"[0.538772463798523, 0.5579495429992676, -1.602067385420014e-07, 0.5680398344993591, 0.513283371925354, -0.02871040068566799, 0.5903804302215576, 0.4705467224121094, -0.04832856357097626, 0.591962993144989, 0.42990800738334656, -0.06694404780864716, 0.5709841847419739, 0.419919490814209, -0.08513807505369186, 0.5338560342788696, 0.3761051595211029, -0.03066088818013668, 0.5089864730834961, 0.33204782009124756, -0.061504993587732315, 0.5085805058479309, 0.3665594756603241, -0.08259843289852142, 0.5180661678314209, 0.40705451369285583, -0.0924798846244812, 0.510561466217041, 0.4107024669647217, -0.02793220803141594, 0.48771926760673523, 0.3872617483139038, -0.06318826973438263, 0.5047985911369324, 0.44158628582954407, -0.07898999750614166, 0.5255763530731201, 0.48982083797454834, -0.08342184126377106, 0.49327337741851807, 0.4493148624897003, -0.028829209506511688, 0.4756489396095276, 0.4431682527065277, -0.05965747684240341, 0.49452564120292664, 0.4861053228378296, -0.0646013617515564, 0.513897180557251, 0.523792028427124, -0.06089545041322708, 0.48045581579208374, 0.48692232370376587, -0.032031405717134476, 0.46231380105018616, 0.48382768034935, -0.051000237464904785, 0.47518694400787354, 0.5115582942962646, -0.05210040137171745, 0.49084988236427307, 0.5354739427566528, -0.04851999133825302]","[0.5951707363128662, 0.18536150455474854, -3.5208074677939294e-07, 0.5645059943199158, 0.16460226476192474, -0.010593527927994728, 0.5507619380950928, 0.1355370581150055, -0.019167540594935417, 0.5531231164932251, 0.10183987766504288, -0.027536604553461075, 0.5629932284355164, 0.07444019615650177, -0.03567207232117653, 0.5803236365318298, 0.10744548588991165, -0.017584731802344322, 0.5787469148635864, 0.12680768966674805, -0.03356371819972992, 0.5757447481155396, 0.15592390298843384, -0.04626284912228584, 0.5723010301589966, 0.18298175930976868, -0.05344884842634201, 0.6032017469406128, 0.13207685947418213, -0.020644979551434517, 0.5955326557159424, 0.17200112342834473, -0.03425393998622894, 0.5893042087554932, 0.2039615511894226, -0.040564246475696564, 0.5835601091384888, 0.23235026001930237, -0.044811610132455826, 0.6203503012657166, 0.1597062051296234, -0.02470589429140091, 0.6113840937614441, 0.20221436023712158, -0.03826447203755379, 0.6038902997970581, 0.23327791690826416, -0.037290800362825394, 0.5955039262771606, 0.2584726810455322, -0.03549345210194588, 0.6319839954376221, 0.18947181105613708, -0.029910629615187645, 0.6279338002204895, 0.23139357566833496, -0.04015345126390457, 0.6188649535179138, 0.2576751708984375, -0.03716673702001572, 0.6083688735961914, 0.2780177891254425, -0.03345853090286255]"
"[0.5339726805686951, 0.4966007471084595, -9.829733471633517e-08, 0.5585023164749146, 0.4602864682674408, -0.027948468923568726, 0.5738905668258667, 0.426954448223114, -0.048196759074926376, 0.5749735236167908, 0.40617653727531433, -0.06732980906963348, 0.5595481991767883, 0.4042855501174927, -0.08633232116699219, 0.5278798341751099, 0.360336571931839, -0.037038080394268036, 0.5084599852561951, 0.32222628593444824, -0.067946657538414, 0.5062309503555298, 0.34599199891090393, -0.08874635398387909, 0.5142959952354431, 0.38163894414901733, -0.09880755841732025, 0.5057612657546997, 0.39569079875946045, -0.03507844731211662, 0.48442602157592773, 0.37046679854393005, -0.06719228625297546, 0.4967237710952759, 0.41231003403663635, -0.08108188956975937, 0.5159914493560791, 0.45134425163269043, -0.08588835597038269, 0.48996418714523315, 0.4337182343006134, -0.03638719394803047, 0.4750467836856842, 0.42566758394241333, -0.0630011260509491, 0.4889094829559326, 0.4587312936782837, -0.06722516566514969, 0.5066140294075012, 0.4900076389312744, -0.0649832934141159, 0.4791034162044525, 0.47178152203559875, -0.0401160828769207, 0.461572527885437, 0.4694579839706421, -0.05554525926709175, 0.46919089555740356, 0.4889890253543854, -0.05616457387804985, 0.48134222626686096, 0.5076397061347961, -0.0539906844496727]",[]
"[0.5381156206130981, 0.4821512699127197, -4.176838430680618e-08, 0.565100908279419, 0.44921910762786865, -0.03034479357302189, 0.5807535648345947, 0.4176620841026306, -0.04987937957048416, 0.575246274471283, 0.395122230052948, -0.0673685073852539, 0.5534541010856628, 0.3921329379081726, -0.08501199632883072, 0.5329462289810181, 0.3518303632736206, -0.03450678288936615, 0.5130149126052856, 0.31660401821136475, -0.06298065185546875, 0.5056433081626892, 0.3312685787677765, -0.08299676328897476, 0.5089232921600342, 0.3605266809463501, -0.09335272759199142, 0.5105662941932678, 0.3817750811576843, -0.030557870864868164, 0.4864828884601593, 0.35754886269569397, -0.0614517405629158, 0.49516260623931885, 0.3980611264705658, -0.0766705870628357, 0.5123792290687561, 0.43850407004356384, -0.08250491321086884, 0.49489933252334595, 0.4177704453468323, -0.02997247502207756, 0.47677624225616455, 0.4110443890094757, -0.05748725309967995, 0.4871138632297516, 0.444269061088562, -0.06419449299573898, 0.5026817321777344, 0.4773120880126953, -0.0633147582411766, 0.48388373851776123, 0.45489421486854553, -0.03174493461847305, 0.4653717875480652, 0.45602497458457947, -0.04974451661109924, 0.4710095226764679, 0.4760306477546692, -0.05304925516247749, 0.4820457100868225, 0.49544328451156616, -0.052367743104696274]",[]
[],"[0.5748498439788818, 0.3044685125350952, -1.233580775306109e-07, 0.5425074696540833, 0.25287339091300964, -0.030038492754101753, 0.5282442569732666, 0.16931600868701935, -0.038162633776664734, 0.5347340106964111, 0.08772777020931244, -0.04269206151366234, 0.546414315700531, 0.027992412447929382, -0.04264337569475174, 0.5292070508003235, 0.10263044387102127, -0.0012509151129052043, 0.5578727126121521, 0.0426827147603035, -0.023839060217142105, 0.5684787631034851, 0.09594963490962982, -0.037969183176755905, 0.5657889246940613, 0.13852588832378387, -0.04220251739025116, 0.5551964044570923, 0.12080837786197662, 0.008608466945588589, 0.5837758779525757, 0.06748564541339874, -0.01656799390912056, 0.5861327648162842, 0.1332690417766571, -0.027284719049930573, 0.5765376687049866, 0.17348439991474152, -0.02628229930996895, 0.5784208178520203, 0.1425270438194275, 0.012931477278470993, 0.6018461585044861, 0.11238375306129456, -0.015780892223119736, 0.5968313813209534, 0.17482177913188934, -0.01805107481777668, 0.5840259790420532, 0.2069549411535263, -0.009646988473832607, 0.5970156788825989, 0.16670003533363342, 0.015434741042554379, 0.6159440279006958, 0.14746208488941193, -0.0033763949759304523, 0.6107779145240784, 0.19223663210868835, -0.0024537313729524612, 0.5979299545288086, 0.21886351704597473, 0.004839730449020863]"
[],"[0.5686352849006653, 0.29034891724586487, -8.639768367402212e-08, 0.558382511138916, 0.24654190242290497, -0.03922512009739876, 0.5475931763648987, 0.16397853195667267, -0.05133230239152908, 0.5507100224494934, 0.08553384989500046, -0.05652645230293274, 0.5571208000183105, 0.021647296845912933, -0.05559281259775162, 0.5099207162857056, 0.10540489107370377, -0.02199311926960945, 0.5507386326789856, 0.032716043293476105, -0.04750129580497742, 0.5694678425788879, 0.08220372349023819, -0.05988195911049843, 0.5686644315719604, 0.1195516586303711, -0.06248153746128082, 0.5315011739730835, 0.10817112028598785, -0.0066067129373550415, 0.5736648440361023, 0.05049611255526543, -0.03342108428478241, 0.5848942995071411, 0.11483166366815567, -0.0410730317234993, 0.575206458568573, 0.14648649096488953, -0.03876766934990883, 0.5549641251564026, 0.11432791501283646, 0.003338626818731427, 0.5894111394882202, 0.07899930328130722, -0.025132713839411736, 0.5932715535163879, 0.1411953717470169, -0.025159958750009537, 0.5802552700042725, 0.16385653614997864, -0.016867004334926605, 0.5735529661178589, 0.1256238967180252, 0.010777113027870655, 0.6010092496871948, 0.10766978561878204, -0.0076419273391366005, 0.6007502675056458, 0.15344949066638947, -0.007290289271622896, 0.5870968103408813, 0.17049235105514526, -0.0015637747710570693]"
[],"[0.5677269101142883, 0.2684785723686218, 2.3939909610248833e-08, 0.563683032989502, 0.23065930604934692, -0.04389340803027153, 0.5557892918586731, 0.15281562507152557, -0.05703868716955185, 0.5585393309593201, 0.0744205042719841, -0.0620359405875206, 0.565588116645813, 0.010258853435516357, -0.06112116202712059, 0.5114576816558838, 0.09125853329896927, -0.025982288643717766, 0.5530381202697754, 0.019266650080680847, -0.05095455050468445, 0.5717944502830505, 0.05603058636188507, -0.06311186403036118, 0.5736377835273743, 0.08938618004322052, -0.06495039165019989, 0.5306816101074219, 0.08990371972322464, -0.006538656074553728, 0.5746427178382874, 0.03598424792289734, -0.03236334025859833, 0.585806131362915, 0.10051204264163971, -0.03808171674609184, 0.5798758268356323, 0.13945429027080536, -0.033390916883945465, 0.5513021945953369, 0.09255733340978622, 0.007171157281845808, 0.5864261388778687, 0.05991946533322334, -0.020469410344958305, 0.5890636444091797, 0.11960845440626144, -0.020198771730065346, 0.5785118341445923, 0.1502498835325241, -0.010554625652730465, 0.5658783316612244, 0.10059486329555511, 0.018220437690615654, 0.591609001159668, 0.07471650838851929, 0.00028853543335571885, 0.5918089151382446, 0.11890089511871338, 0.0008763137157075107, 0.5805445313453674, 0.1430787742137909, 0.007843860425055027]"
[],"[0.5216604471206665, 0.3856174945831299, -1.340340674005347e-07, 0.4839119017124176, 0.3188408613204956, -0.01753973215818405, 0.4695202708244324, 0.22621077299118042, -0.024088039994239807, 0.4711224436759949, 0.14605712890625, -0.03186985105276108, 0.46533697843551636, 0.08177148550748825, -0.03850710391998291, 0.5050504803657532, 0.14912357926368713, 0.0020523800048977137, 0.511745810508728, 0.06832054257392883, -0.014566753059625626, 0.5157202482223511, 0.035641349852085114, -0.02931680530309677, 0.5184894800186157, 0.024052761495113373, -0.03872692584991455, 0.5318338871002197, 0.15978752076625824, -0.0012851593783125281, 0.5476987957954407, 0.06957900524139404, -0.024741295725107193, 0.5423016548156738, 0.09308351576328278, -0.03977861627936363, 0.5338385701179504, 0.1340957134962082, -0.04490286484360695, 0.5556662678718567, 0.18453000485897064, -0.008353575132787228, 0.5732959508895874, 0.10697327554225922, -0.030853109434247017, 0.564624011516571, 0.1298358142375946, -0.03842133283615112, 0.5553799867630005, 0.17166194319725037, -0.038112886250019073, 0.5778313279151917, 0.2221159189939499, -0.017328662797808647, 0.5902006030082703, 0.15848740935325623, -0.03296925500035286, 0.5802763104438782, 0.16825152933597565, -0.035977065563201904, 0.5698544979095459, 0.20194226503372192, -0.034935593605041504]"
[],"[0.5469212532043457, 0.24957731366157532, -7.440546312409424e-08, 0.5818906426429749, 0.2218911051750183, -0.037113819271326065, 0.5964580178260803, 0.1498471200466156, -0.05323476344347, 0.6009140610694885, 0.06899388134479523, -0.0607793964445591, 0.6004865169525146, 0.006722413003444672, -0.06334605813026428, 0.5426846146583557, 0.09746222198009491, -0.05145940184593201, 0.5755225419998169, 0.015247348695993423, -0.07023253291845322, 0.588732898235321, 0.05171441286802292, -0.07605620473623276, 0.5849194526672363, 0.08444065600633621, -0.07726669311523438, 0.5222894549369812, 0.08468643575906754, -0.0363551527261734, 0.5638222694396973, 0.01689402386546135, -0.052347198128700256, 0.5762983560562134, 0.05692356452345848, -0.05289652943611145, 0.5708017349243164, 0.08674369007349014, -0.05132727697491646, 0.5142098069190979, 0.07873816788196564, -0.023227838799357414, 0.5536078214645386, 0.025170616805553436, -0.036348793655633926, 0.5633187890052795, 0.059955447912216187, -0.03155548870563507, 0.5582196712493896, 0.08558914810419083, -0.02670731022953987, 0.5124815106391907, 0.07753202319145203, -0.012795492075383663, 0.5452145934104919, 0.03792595863342285, -0.022103503346443176, 0.5549672245979309, 0.06599793583154678, -0.019852008670568466, 0.5527569651603699, 0.08771547675132751, -0.01645183190703392]"
[],"[0.5338503122329712, 0.2283841073513031, 1.617547695786925e-07, 0.5807929635047913, 0.21153655648231506, -0.03709286451339722, 0.6020328998565674, 0.13237525522708893, -0.05293244495987892, 0.605524480342865, 0.049177367240190506, -0.059437237679958344, 0.6016205549240112, -0.01406089961528778, -0.06190095096826553, 0.5384466052055359, 0.1012362390756607, -0.06108860671520233, 0.5745319128036499, -0.0011895149946212769, -0.07762624323368073, 0.5990301370620728, -0.010843910276889801, -0.07887668162584305, 0.6115490198135376, -0.013381946831941605, -0.07768165320158005, 0.5147784352302551, 0.08518359065055847, -0.04587511345744133, 0.5685693025588989, -0.0004241727292537689, -0.0666017159819603, 0.5809937715530396, 0.03951616212725639, -0.0649101510643959, 0.5722169280052185, 0.07326386868953705, -0.05980001762509346, 0.5056062936782837, 0.07344432920217514, -0.03144736960530281, 0.5590451955795288, 0.010303277522325516, -0.04680294170975685, 0.5685215592384338, 0.0495133250951767, -0.03943844139575958, 0.5602338910102844, 0.07481247186660767, -0.031892161816358566, 0.504878580570221, 0.06836341321468353, -0.019491296261548996, 0.5503076314926147, 0.023125993087887764, -0.029360873624682426, 0.5580082535743713, 0.05637500435113907, -0.026262864470481873, 0.5505560636520386, 0.08056505024433136, -0.022433117032051086]"
[],"[0.5288699269294739, 0.23655056953430176, -4.049454993548807e-09, 0.5799645185470581, 0.2284255027770996, -0.03649836406111717, 0.6038361191749573, 0.15172475576400757, -0.0518035925924778, 0.6086329817771912, 0.06345365941524506, -0.057499177753925323, 0.6056397557258606, -0.0050630755722522736, -0.05760350078344345, 0.5334858894348145, 0.11978083103895187, -0.06106448918581009, 0.5714655518531799, 0.01954757422208786, -0.07870712131261826, 0.5853508114814758, 0.04894980043172836, -0.0796404629945755, 0.5817030072212219, 0.07990685850381851, -0.07642202079296112, 0.5107611417770386, 0.09710057824850082, -0.04473483934998512, 0.5659888982772827, 0.01651080697774887, -0.06183163821697235, 0.5774174332618713, 0.058876872062683105, -0.05954902991652489, 0.5676402449607849, 0.09198935329914093, -0.05490558594465256, 0.5045179128646851, 0.08007018268108368, -0.029317576438188553, 0.5571174621582031, 0.02174508199095726, -0.03973004221916199, 0.5660165548324585, 0.06022956967353821, -0.03253892436623573, 0.5573345422744751, 0.08531896770000458, -0.02647579461336136, 0.5063402652740479, 0.06961682438850403, -0.016502896323800087, 0.5520659685134888, 0.031579725444316864, -0.022175496444106102, 0.5582237839698792, 0.06406304240226746, -0.019191110506653786, 0.5508735775947571, 0.08632010221481323, -0.016319412738084793]"
[],"[0.5292825102806091, 0.24657389521598816, -4.464533276404836e-08, 0.5778441429138184, 0.24536563456058502, -0.03557189181447029, 0.6069477796554565, 0.18281440436840057, -0.05279301851987839, 0.6198433041572571, 0.10051976144313812, -0.060947392135858536, 0.6169354915618896, 0.03026149421930313, -0.06298858672380447, 0.5385231375694275, 0.1297799050807953, -0.059849098324775696, 0.587824821472168, 0.0316891148686409, -0.07647249102592468, 0.5979441404342651, 0.08310823142528534, -0.07698383927345276, 0.5876965522766113, 0.11965765058994293, -0.0743485614657402, 0.5155668258666992, 0.10556215047836304, -0.04472554847598076, 0.5742181539535522, 0.02452613040804863, -0.05910124629735947, 0.5826811194419861, 0.07150576263666153, -0.05607980117201805, 0.5700342059135437, 0.10170800983905792, -0.052597180008888245, 0.5078033804893494, 0.09065564721822739, -0.030498860403895378, 0.5621448159217834, 0.03255821391940117, -0.03879860043525696, 0.5683634877204895, 0.07199554145336151, -0.03095664642751217, 0.5561851859092712, 0.09399835765361786, -0.0259845070540905, 0.5085192322731018, 0.08153008669614792, -0.018880954012274742, 0.5549907684326172, 0.04457956552505493, -0.023795537650585175, 0.5573486089706421, 0.07877867668867111, -0.020337287336587906, 0.5441219210624695, 0.1005525216460228, -0.018156010657548904]"
[],"[0.5305533409118652, 0.2510892152786255, -1.9272587081786696e-08, 0.5805887579917908, 0.2629427909851074, -0.03460705280303955, 0.6112017035484314, 0.20503996312618256, -0.05296504870057106, 0.6274259686470032, 0.125092551112175, -0.06255614012479782, 0.6291146278381348, 0.056713104248046875, -0.0663132444024086, 0.548688530921936, 0.15424007177352905, -0.06314307451248169, 0.5982063412666321, 0.05478065460920334, -0.08161468803882599, 0.6075229048728943, 0.10388629138469696, -0.08247193694114685, 0.5963845252990723, 0.14131557941436768, -0.07935281842947006, 0.524982213973999, 0.12434199452400208, -0.0491950660943985, 0.585084080696106, 0.038481470197439194, -0.06506149470806122, 0.5942158102989197, 0.0843268632888794, -0.06216970458626747, 0.5816256999969482, 0.11562096327543259, -0.05857222527265549, 0.5158658623695374, 0.1039697676897049, -0.03582979738712311, 0.5743871331214905, 0.04194805771112442, -0.04499894753098488, 0.5809729695320129, 0.08215153217315674, -0.036465030163526535, 0.568778932094574, 0.10625575482845306, -0.03088678978383541, 0.5157435536384583, 0.09048475325107574, -0.024942290037870407, 0.5666091442108154, 0.05129127949476242, -0.030542589724063873, 0.5694562792778015, 0.08506331592798233, -0.026751764118671417, 0.5564008951187134, 0.10728749632835388, -0.024310482665896416]"
[],"[0.5316504240036011, 0.26828762888908386, 2.62361954384005e-08, 0.5804367065429688, 0.28071537613868713, -0.03164857253432274, 0.6135584712028503, 0.22217431664466858, -0.04637359455227852, 0.6288788318634033, 0.1431349515914917, -0.052486080676317215, 0.6354533433914185, 0.07704523205757141, -0.05268872529268265, 0.5540929436683655, 0.17615999281406403, -0.05738220736384392, 0.6009554862976074, 0.0774427130818367, -0.07261304557323456, 0.6132388710975647, 0.11697763204574585, -0.0707683190703392, 0.6037774085998535, 0.15212412178516388, -0.06548397988080978, 0.5306226015090942, 0.1441653072834015, -0.04300547018647194, 0.5884894728660583, 0.0648883655667305, -0.056209903210401535, 0.5992200374603271, 0.10717791318893433, -0.051838140934705734, 0.5866260528564453, 0.13684189319610596, -0.04702987149357796, 0.5215326547622681, 0.12269096821546555, -0.029091620817780495, 0.5785079002380371, 0.059995606541633606, -0.03649546578526497, 0.5871599912643433, 0.09898480027914047, -0.027954909950494766, 0.5758841037750244, 0.1242840588092804, -0.022061787545681, 0.5203627943992615, 0.10888588428497314, -0.017428241670131683, 0.5698453187942505, 0.07062405347824097, -0.02333303727209568, 0.5749615430831909, 0.10154233872890472, -0.0207615178078413, 0.563493013381958, 0.12251978367567062, -0.018599744886159897]"
[],"[0.5351613759994507, 0.2799600660800934, 3.198782749791462e-08, 0.5821263194084167, 0.29077452421188354, -0.03199714794754982, 0.6115638017654419, 0.2345537543296814, -0.04803808405995369, 0.6281543970108032, 0.15891459584236145, -0.055584341287612915, 0.6344646215438843, 0.09291225671768188, -0.05736956745386124, 0.553661048412323, 0.18474532663822174, -0.05922982096672058, 0.6004052758216858, 0.08857977390289307, -0.07560691982507706, 0.6125840544700623, 0.13294725120067596, -0.07481098920106888, 0.6027064919471741, 0.1709337830543518, -0.07011550664901733, 0.5307778716087341, 0.15619564056396484, -0.044670648872852325, 0.587365984916687, 0.07937517017126083, -0.05844567343592644, 0.5978346467018127, 0.12379917502403259, -0.054821621626615524, 0.5853752493858337, 0.15351703763008118, -0.050964221358299255, 0.5216401219367981, 0.13743188977241516, -0.03046717308461666, 0.5781896114349365, 0.07665508985519409, -0.03851474076509476, 0.5862094759941101, 0.11629381775856018, -0.029834583401679993, 0.5747081637382507, 0.14189031720161438, -0.023992838338017464, 0.5199573636054993, 0.12474279850721359, -0.018501589074730873, 0.5690649747848511, 0.08748574554920197, -0.02484789490699768, 0.5738071799278259, 0.11938311904668808, -0.02200467698276043, 0.5623502731323242, 0.14100204408168793, -0.019772779196500778]"
[],"[0.5329447984695435, 0.3986443281173706, -6.759410808854227e-08, 0.4947119355201721, 0.3380920886993408, -0.02143188938498497, 0.47404834628105164, 0.24739155173301697, -0.028655750676989555, 0.47540608048439026, 0.16329994797706604, -0.03593233972787857, 0.47651827335357666, 0.09601791948080063, -0.040553830564022064, 0.49853792786598206, 0.16992244124412537, 0.0051839216612279415, 0.5046849846839905, 0.08941822499036789, -0.012425108812749386, 0.5122154355049133, 0.06473630666732788, -0.026731017976999283, 0.5172430276870728, 0.06961804628372192, -0.03434523195028305, 0.5259186029434204, 0.17414003610610962, 0.006103191524744034, 0.5374928116798401, 0.10168465226888657, -0.01946341060101986, 0.5472055673599243, 0.13633616268634796, -0.035320624709129333, 0.5484556555747986, 0.1873890459537506, -0.03959670662879944, 0.5506623387336731, 0.19045130908489227, 0.00252305599860847, 0.5619268417358398, 0.12927605211734772, -0.023626666516065598, 0.5692145228385925, 0.1669311672449112, -0.03117489255964756, 0.5680718421936035, 0.2173462212085724, -0.028985384851694107, 0.573951244354248, 0.21734440326690674, -0.003065985394641757, 0.5810336470603943, 0.17034868896007538, -0.024091271683573723, 0.5824662446975708, 0.1976528763771057, -0.02856682986021042, 0.5806898474693298, 0.23884502053260803, -0.026342647150158882]"
[],"[0.5373915433883667, 0.2834623456001282, 1.706290042591263e-08, 0.5819388628005981, 0.29086679220199585, -0.0324963741004467, 0.6094759702682495, 0.2342517077922821, -0.04931272193789482, 0.6239911317825317, 0.16118668019771576, -0.05755608528852463, 0.6306067705154419, 0.09817180037498474, -0.05999498814344406, 0.5499228239059448, 0.18422551453113556, -0.060374610126018524, 0.598357081413269, 0.08955470472574234, -0.07644787430763245, 0.6064443588256836, 0.13638384640216827, -0.07524820417165756, 0.5949239134788513, 0.17379720509052277, -0.07050660997629166, 0.5269062519073486, 0.15810872614383698, -0.04588073119521141, 0.5849260687828064, 0.08224089443683624, -0.05921395868062973, 0.5926534533500671, 0.12475387752056122, -0.05513118952512741, 0.5799059867858887, 0.1516410857439041, -0.05129452422261238, 0.5183086395263672, 0.14143383502960205, -0.03177671134471893, 0.5757066011428833, 0.0823843777179718, -0.039196886122226715, 0.5809877514839172, 0.1199970617890358, -0.030318446457386017, 0.5691952109336853, 0.14239242672920227, -0.024847039952874184, 0.5174963474273682, 0.13052865862846375, -0.019942793995141983, 0.5663136839866638, 0.09390627592802048, -0.02473387122154236, 0.5689020156860352, 0.12563279271125793, -0.021160587668418884, 0.5570601224899292, 0.14565598964691162, -0.01902778260409832]"
[],"[0.5397751331329346, 0.30670085549354553, -1.594904652790774e-08, 0.5814983248710632, 0.2919987142086029, -0.03362448513507843, 0.6008285880088806, 0.23216363787651062, -0.050831764936447144, 0.614387571811676, 0.1590118706226349, -0.060972750186920166, 0.6152291297912598, 0.0943421721458435, -0.06512521207332611, 0.5373591184616089, 0.17254473268985748, -0.04753202944993973, 0.5904558300971985, 0.08805426955223083, -0.0665910542011261, 0.5995117425918579, 0.13925807178020477, -0.07161928713321686, 0.5891947746276855, 0.1762155294418335, -0.07179679721593857, 0.5198796391487122, 0.15480655431747437, -0.03471698239445686, 0.5803573727607727, 0.07878853380680084, -0.05234036222100258, 0.5882675647735596, 0.12377708405256271, -0.05287191644310951, 0.5762006640434265, 0.15391939878463745, -0.05080394074320793, 0.5152374505996704, 0.14520415663719177, -0.023793336004018784, 0.572454035282135, 0.08669112622737885, -0.03556342422962189, 0.5784764289855957, 0.12517492473125458, -0.029561826959252357, 0.567386269569397, 0.14865189790725708, -0.024335196241736412, 0.5188003778457642, 0.1402687132358551, -0.015563961118459702, 0.5669040679931641, 0.10076510161161423, -0.022240199148654938, 0.5700389742851257, 0.1329590082168579, -0.01949090138077736, 0.5579577684402466, 0.15554574131965637, -0.01697722263634205]"
"[0.5440810322761536, 0.6487117409706116, -1.5172554412856698e-07, 0.5555748343467712, 0.5941196084022522, -0.028130492195487022, 0.5492997169494629, 0.5308623909950256, -0.0399833582341671, 0.5185826420783997, 0.4853783845901489, -0.04875761643052101, 0.48720604181289673, 0.4635156989097595, -0.057331010699272156, 0.5302162170410156, 0.46700718998908997, -0.011099942959845066, 0.5041753053665161, 0.4315442144870758, -0.02967683970928192, 0.4872271716594696, 0.4486091136932373, -0.04732123389840126, 0.48007693886756897, 0.476400762796402, -0.05716446414589882, 0.5111892819404602, 0.4850321114063263, -0.002345786429941654, 0.48324716091156006, 0.45698875188827515, -0.02134188823401928, 0.46407583355903625, 0.482132226228714, -0.040122684091329575, 0.45226505398750305, 0.5188543796539307, -0.050050683319568634, 0.4980010390281677, 0.5089433193206787, 0.002776395995169878, 0.47227799892425537, 0.48079249262809753, -0.01560094766318798, 0.4540897607803345, 0.501664936542511, -0.028526179492473602, 0.4446941018104553, 0.5329769253730774, -0.033408571034669876, 0.48831793665885925, 0.538130521774292, 0.005967504344880581, 0.46778950095176697, 0.5155590176582336, -0.007695604581385851, 0.45447927713394165, 0.5235065221786499, -0.014249966479837894, 0.4456903040409088, 0.5382357835769653, -0.016110649332404137]",[]
[],"[0.5576604008674622, 0.40413790941238403, 1.8776333376990806e-08, 0.5344969034194946, 0.31898587942123413, -0.0161233339458704, 0.5227530598640442, 0.22581863403320312, -0.01840706169605255, 0.5285996794700623, 0.14387576282024384, -0.020923784002661705, 0.5434460043907166, 0.08668027818202972, -0.020223325118422508, 0.5281073451042175, 0.18724536895751953, 0.01781158708035946, 0.5560104250907898, 0.14419373869895935, 0.004354929551482201, 0.5610565543174744, 0.18429085612297058, -0.0073944455944001675, 0.5574172139167786, 0.21452051401138306, -0.012793623842298985, 0.5507491827011108, 0.19817903637886047, 0.02111857756972313, 0.5763221383094788, 0.1588767170906067, 0.008645816706120968, 0.5773583054542542, 0.20731167495250702, -0.0007952905725687742, 0.5691453814506531, 0.23683184385299683, -0.0034366853069514036, 0.5730977654457092, 0.21651491522789001, 0.019628016278147697, 0.593576967716217, 0.18143628537654877, 0.003100303467363119, 0.5906388759613037, 0.23260410130023956, 0.0014249474043026567, 0.5810561180114746, 0.2647807002067566, 0.0055976142175495625, 0.5933533906936646, 0.23999205231666565, 0.016762079671025276, 0.608333945274353, 0.21268218755722046, 0.004879080690443516, 0.6034584045410156, 0.25208795070648193, 0.006581394001841545, 0.5948903560638428, 0.2813205420970917, 0.012052129954099655]"
"[0.5346514582633972, 0.4728165566921234, -9.218000229793688e-08, 0.5578212738037109, 0.4172351062297821, -0.022457538172602654, 0.5724005699157715, 0.3611700236797333, -0.034751031547784805, 0.5859820246696472, 0.3222392201423645, -0.04569884017109871, 0.588269054889679, 0.29637977480888367, -0.056322649121284485, 0.5249009132385254, 0.3325611650943756, -0.031228411942720413, 0.5051360130310059, 0.3151162266731262, -0.05520719662308693, 0.5015484094619751, 0.3452940285205841, -0.07035187631845474, 0.507465660572052, 0.3761254847049713, -0.07775912433862686, 0.5030776262283325, 0.37148547172546387, -0.029857339337468147, 0.4856412410736084, 0.37041351199150085, -0.0572507344186306, 0.4948599636554718, 0.41117146611213684, -0.06833602488040924, 0.5110023617744446, 0.4475002586841583, -0.07174161821603775, 0.4887300133705139, 0.41361871361732483, -0.03083224594593048, 0.4768848717212677, 0.4272525906562805, -0.055717162787914276, 0.4881340265274048, 0.45815643668174744, -0.05911536142230034, 0.503981351852417, 0.48691698908805847, -0.05653822794556618, 0.48175662755966187, 0.4537888765335083, -0.0337362214922905, 0.4690185487270355, 0.4696589708328247, -0.05059066042304039, 0.47566819190979004, 0.4891189932823181, -0.052189700305461884, 0.4875819683074951, 0.5049808621406555, -0.050118934363126755]","[0.5644688010215759, 0.32837632298469543, -3.931787659894326e-07, 0.5289111137390137, 0.29730427265167236, -0.019372466951608658, 0.5217005014419556, 0.20477694272994995, -0.02567603439092636, 0.5362755060195923, 0.1301293820142746, -0.03029216267168522, 0.5566205978393555, 0.09031780064105988, -0.03226267546415329, 0.5561156272888184, 0.16789719462394714, -0.013366920873522758, 0.5740858316421509, 0.11569634079933167, -0.035025790333747864, 0.5667328834533691, 0.1629939079284668, -0.04593651741743088, 0.5562291145324707, 0.2010839581489563, -0.05030587688088417, 0.5800586342811584, 0.18969060480594635, -0.013417781330645084, 0.5972788333892822, 0.1421070694923401, -0.03943110629916191, 0.5822908878326416, 0.20588821172714233, -0.04552605748176575, 0.5693961977958679, 0.24691438674926758, -0.04357675090432167, 0.5989817976951599, 0.21678605675697327, -0.017223099246621132, 0.6146571040153503, 0.178737074136734, -0.04311089590191841, 0.5961224436759949, 0.23908144235610962, -0.03926129639148712, 0.5819332003593445, 0.2749530076980591, -0.03023620694875717, 0.6167168021202087, 0.2481960654258728, -0.022621920332312584, 0.6284501552581787, 0.22890335321426392, -0.041757721453905106, 0.6137230396270752, 0.2706632912158966, -0.039222363382577896, 0.6001773476600647, 0.29600048065185547, -0.033009521663188934]"
"[0.5442327260971069, 0.5244272947311401, -5.808216840819114e-08, 0.5693014860153198, 0.4676443934440613, -0.021977733820676804, 0.5839734077453613, 0.41859957575798035, -0.035618796944618225, 0.5925900340080261, 0.3859645128250122, -0.04941442981362343, 0.5846892595291138, 0.37046706676483154, -0.06327188014984131, 0.5299617052078247, 0.3594360053539276, -0.022912682965397835, 0.5050892233848572, 0.3231102526187897, -0.049186185002326965, 0.5032463669776917, 0.3514414429664612, -0.06780745834112167, 0.5122917294502258, 0.3881116509437561, -0.0769108310341835, 0.5076144337654114, 0.3947945535182953, -0.021904725581407547, 0.4852200448513031, 0.37875795364379883, -0.05092953145503998, 0.49913904070854187, 0.42074310779571533, -0.06576798856258392, 0.5184659957885742, 0.4603477716445923, -0.07121942937374115, 0.49264588952064514, 0.4344777464866638, -0.02396811731159687, 0.4760831296443939, 0.4335009455680847, -0.04989331215620041, 0.4927106201648712, 0.46860137581825256, -0.0559021420776844, 0.5117814540863037, 0.5024689435958862, -0.05433100834488869, 0.4837753176689148, 0.4730050563812256, -0.027914613485336304, 0.4678630232810974, 0.4771529734134674, -0.04589252546429634, 0.4792688190937042, 0.49871915578842163, -0.048880435526371, 0.49534323811531067, 0.5181039571762085, -0.04701155051589012]",[]
[],"[0.5462962985038757, 0.39647096395492554, -3.444304041977375e-08, 0.5162774920463562, 0.3467005491256714, -0.039812762290239334, 0.4963420033454895, 0.26519832015037537, -0.050068434327840805, 0.4957852363586426, 0.18591062724590302, -0.055593833327293396, 0.4974539279937744, 0.12234968692064285, -0.05738123878836632, 0.4966696500778198, 0.19082137942314148, -0.006162438541650772, 0.5137307643890381, 0.10879020392894745, -0.02996606007218361, 0.5432556867599487, 0.13346914947032928, -0.05131549388170242, 0.5585187673568726, 0.17544029653072357, -0.061168212443590164, 0.5197188258171082, 0.19875934720039368, 0.008886496536433697, 0.5447895526885986, 0.1345607042312622, -0.018112672492861748, 0.5694985389709473, 0.18179087340831757, -0.04015684872865677, 0.5757620930671692, 0.23203319311141968, -0.04866165667772293, 0.5408346056938171, 0.21213658154010773, 0.018052348867058754, 0.5630761981010437, 0.16066989302635193, -0.01094136480242014, 0.5775895118713379, 0.20270384848117828, -0.025728076696395874, 0.5789656639099121, 0.25195831060409546, -0.02691798098385334, 0.5585141777992249, 0.2319425344467163, 0.02447454258799553, 0.575322151184082, 0.191014364361763, 0.0023784013465046883, 0.586050808429718, 0.21935725212097168, -0.004932591691613197, 0.586603581905365, 0.2619362473487854, -0.003627357305958867]"
"[0.5507922768592834, 0.5241400599479675, -1.0100787761757601e-07, 0.5772252678871155, 0.4561271667480469, -0.030369194224476814, 0.5982775688171387, 0.3831848204135895, -0.04660867527127266, 0.6186715364456177, 0.3166799247264862, -0.0613250806927681, 0.6304572224617004, 0.2680665850639343, -0.07527299225330353, 0.5387731194496155, 0.3443046808242798, -0.02984984777867794, 0.5070366859436035, 0.3196437358856201, -0.05902829021215439, 0.5089649558067322, 0.3567253053188324, -0.077200748026371, 0.521511435508728, 0.39142370223999023, -0.08575693517923355, 0.5152391791343689, 0.39035701751708984, -0.026039838790893555, 0.4864914119243622, 0.38661134243011475, -0.061727553606033325, 0.5069206357002258, 0.43689101934432983, -0.07668614387512207, 0.5299041271209717, 0.4775218069553375, -0.08101623505353928, 0.4991566240787506, 0.43583202362060547, -0.02615666203200817, 0.4772438108921051, 0.4458272159099579, -0.05980583280324936, 0.5007502436637878, 0.4889185130596161, -0.06310147047042847, 0.5241588950157166, 0.5231291055679321, -0.05808241665363312, 0.49109089374542236, 0.47814372181892395, -0.028763659298419952, 0.47093549370765686, 0.4901362955570221, -0.05175445228815079, 0.4857103228569031, 0.5179432034492493, -0.05383223667740822, 0.5044379234313965, 0.5351941585540771, -0.05041450634598732]","[0.5655931234359741, 0.35205453634262085, -4.0311212501364935e-07, 0.535596489906311, 0.3058140277862549, -0.016548683866858482, 0.5310623645782471, 0.21525266766548157, -0.02205107919871807, 0.5453863143920898, 0.14376609027385712, -0.027211446315050125, 0.5685175657272339, 0.10611997544765472, -0.0297634769231081, 0.5691801905632019, 0.17585048079490662, -0.0029836941976100206, 0.5860743522644043, 0.12226831912994385, -0.02333703823387623, 0.5772414803504944, 0.16722029447555542, -0.0351836159825325, 0.5667276382446289, 0.20647823810577393, -0.040279604494571686, 0.5920857191085815, 0.19903472065925598, -0.004237513057887554, 0.6105625629425049, 0.15060794353485107, -0.027595805004239082, 0.5916493535041809, 0.21072068810462952, -0.03372441977262497, 0.576884388923645, 0.2517373263835907, -0.03201731666922569, 0.6094590425491333, 0.22943642735481262, -0.009760253131389618, 0.6271438598632812, 0.18788973987102509, -0.03366078808903694, 0.6041470766067505, 0.24494993686676025, -0.030557412654161453, 0.5888259410858154, 0.2820226550102234, -0.022032471373677254, 0.6272755861282349, 0.26770666241645813, -0.016821306198835373, 0.6388047337532043, 0.23805463314056396, -0.0343535952270031, 0.6210592985153198, 0.27777791023254395, -0.03142689913511276, 0.6064467430114746, 0.30533045530319214, -0.024946417659521103]"
"[0.5565211772918701, 0.5465847849845886, 5.013431803035928e-08, 0.5798149108886719, 0.5089375972747803, -0.03984722122550011, 0.5955355167388916, 0.4804459512233734, -0.0669335126876831, 0.602668046951294, 0.46172896027565, -0.09180792421102524, 0.60122150182724, 0.4523380398750305, -0.11564887315034866, 0.5354292392730713, 0.37832269072532654, -0.03931306675076485, 0.5039734244346619, 0.3490041494369507, -0.07467518746852875, 0.50700843334198, 0.3755502700805664, -0.0990985631942749, 0.5219475030899048, 0.4082222580909729, -0.11100668460130692, 0.5128138661384583, 0.4179014563560486, -0.03301776945590973, 0.48490452766418457, 0.4055352807044983, -0.07400863617658615, 0.5061962008476257, 0.4512006342411041, -0.09241798520088196, 0.5331112146377563, 0.4929080605506897, -0.09742529690265656, 0.4968481659889221, 0.4583766460418701, -0.03163430094718933, 0.477122962474823, 0.4594641923904419, -0.06769434362649918, 0.5011671185493469, 0.49866846203804016, -0.07392054051160812, 0.5265461206436157, 0.5315269231796265, -0.06957567483186722, 0.4874788522720337, 0.4986501634120941, -0.03366713225841522, 0.46991458535194397, 0.50346440076828, -0.0569571778178215, 0.4878979027271271, 0.5278388261795044, -0.060477230697870255, 0.5090091824531555, 0.5446605086326599, -0.05755365267395973]","[0.5721678137779236, 0.34173905849456787, -3.9787127548152057e-07, 0.5403750538825989, 0.30125683546066284, -0.017461393028497696, 0.5341554880142212, 0.21477293968200684, -0.024101609364151955, 0.547061026096344, 0.14357292652130127, -0.03004351630806923, 0.5681352615356445, 0.1038881242275238, -0.0334412083029747, 0.5689222812652588, 0.17097413539886475, -0.00749219348654151, 0.5861575603485107, 0.11667582392692566, -0.028700202703475952, 0.5785151720046997, 0.16205337643623352, -0.04056694731116295, 0.5680577754974365, 0.2062464952468872, -0.045286573469638824, 0.5925801992416382, 0.19247892498970032, -0.008491726592183113, 0.6091657280921936, 0.14555144309997559, -0.03215746954083443, 0.591966450214386, 0.2057965099811554, -0.03775259107351303, 0.5780791640281677, 0.2516884505748749, -0.03561955690383911, 0.611743688583374, 0.22160470485687256, -0.01356694009155035, 0.6276261210441589, 0.18458013236522675, -0.03724312409758568, 0.6060302257537842, 0.24280492961406708, -0.03373098373413086, 0.5911479592323303, 0.28380286693573, -0.025004670023918152, 0.6303499341011047, 0.2587650418281555, -0.020265033468604088, 0.6405748128890991, 0.23660480976104736, -0.038048844784498215, 0.62269526720047, 0.2771203815937042, -0.03526425361633301, 0.6077892184257507, 0.3072461783885956, -0.028686413541436195]"
"[0.5493331551551819, 0.5433825254440308, 1.5247792362060864e-08, 0.5766259431838989, 0.4987594485282898, -0.03379205986857414, 0.5963940024375916, 0.4632128179073334, -0.05725470930337906, 0.5994486808776855, 0.442182719707489, -0.0796864777803421, 0.5833806991577148, 0.4464607834815979, -0.1014280766248703, 0.5307843685150146, 0.38381901383399963, -0.032242026180028915, 0.499792218208313, 0.3507305681705475, -0.06657269597053528, 0.5027937889099121, 0.37533652782440186, -0.09099949896335602, 0.5188165903091431, 0.4094966650009155, -0.1026468425989151, 0.5079805254936218, 0.42306962609291077, -0.02869522012770176, 0.48150351643562317, 0.4068017601966858, -0.06868978589773178, 0.5028064250946045, 0.45396608114242554, -0.08719300478696823, 0.5297271013259888, 0.49920639395713806, -0.09197663515806198, 0.49198293685913086, 0.4626558721065521, -0.02960570529103279, 0.47221195697784424, 0.4595921039581299, -0.06441029161214828, 0.4959598779678345, 0.5002278089523315, -0.07054704427719116, 0.5216156244277954, 0.5365831255912781, -0.06604644656181335, 0.48210641741752625, 0.5017597675323486, -0.033516742289066315, 0.46417033672332764, 0.5026870965957642, -0.05544370785355568, 0.4815295338630676, 0.5278692841529846, -0.05794873461127281, 0.5027615427970886, 0.5485992431640625, -0.054377470165491104]","[0.5681564211845398, 0.32205724716186523, -4.1643903614385636e-07, 0.5366435647010803, 0.2853041887283325, -0.017017973586916924, 0.5328412652015686, 0.19718027114868164, -0.023548826575279236, 0.5481793284416199, 0.13191363215446472, -0.02887929230928421, 0.5662041902542114, 0.0973786860704422, -0.03199131041765213, 0.5696464776992798, 0.16045376658439636, -0.013790790922939777, 0.5874801874160767, 0.11023780703544617, -0.03519393131136894, 0.5788814425468445, 0.15738336741924286, -0.04630539193749428, 0.5660896301269531, 0.20016200840473175, -0.05054756999015808, 0.5919198393821716, 0.18160654604434967, -0.015046622604131699, 0.6092020273208618, 0.14185193181037903, -0.04067011922597885, 0.5919640064239502, 0.20587147772312164, -0.04612690582871437, 0.5749925971031189, 0.25107482075691223, -0.04374222457408905, 0.6103510856628418, 0.20918528735637665, -0.019591543823480606, 0.6253492832183838, 0.17563584446907043, -0.04468077793717384, 0.6049731373786926, 0.23842892050743103, -0.038922373205423355, 0.5881962776184082, 0.2793108820915222, -0.028730057179927826, 0.6265134215354919, 0.24200546741485596, -0.02565574273467064, 0.6375591158866882, 0.22448231279850006, -0.04479985311627388, 0.6199501752853394, 0.27008140087127686, -0.040637072175741196, 0.6047536134719849, 0.30003440380096436, -0.032917317003011703]"
"[0.5325127840042114, 0.5467416048049927, -7.454161021769323e-08, 0.5605106949806213, 0.513029932975769, -0.03145335987210274, 0.5807664394378662, 0.4695323407649994, -0.052962347865104675, 0.5831610560417175, 0.43858301639556885, -0.07303967326879501, 0.5642667412757874, 0.4339166581630707, -0.09200241416692734, 0.524488091468811, 0.39748889207839966, -0.036154866218566895, 0.49732375144958496, 0.3472934365272522, -0.0689362958073616, 0.4977564811706543, 0.3709070682525635, -0.08939582854509354, 0.5108416676521301, 0.4078199565410614, -0.09805717319250107, 0.5011064410209656, 0.43100810050964355, -0.03295983374118805, 0.47812288999557495, 0.40131011605262756, -0.06960905343294144, 0.49665647745132446, 0.4507174491882324, -0.08346179127693176, 0.520901083946228, 0.4917367398738861, -0.08566026389598846, 0.4836656153202057, 0.46807074546813965, -0.033809442073106766, 0.4680980443954468, 0.452486127614975, -0.06542354077100754, 0.48883292078971863, 0.4965038299560547, -0.06807054579257965, 0.5109224915504456, 0.5309624075889587, -0.06232767924666405, 0.4713387191295624, 0.5049769282341003, -0.03728654980659485, 0.45572224259376526, 0.4960065186023712, -0.05708957463502884, 0.4702361822128296, 0.5236641764640808, -0.05729221552610397, 0.4866366386413574, 0.5464725494384766, -0.0527600459754467]",[]
"[0.5185111165046692, 0.5339798927307129, -3.42052466351106e-08, 0.5456507802009583, 0.49305689334869385, -0.02910732850432396, 0.5638443231582642, 0.4505422115325928, -0.04879086837172508, 0.5688587427139282, 0.4263136386871338, -0.06742201000452042, 0.5570959448814392, 0.42406898736953735, -0.08565864711999893, 0.5147377252578735, 0.39277663826942444, -0.032912757247686386, 0.4926939010620117, 0.34879520535469055, -0.0639466792345047, 0.49291515350341797, 0.36909058690071106, -0.08478052169084549, 0.5048314929008484, 0.4053609073162079, -0.09451822191476822, 0.49291202425956726, 0.426042377948761, -0.030225148424506187, 0.4718211591243744, 0.3975677788257599, -0.06483618170022964, 0.4872562289237976, 0.440572589635849, -0.08034802228212357, 0.509865403175354, 0.48121368885040283, -0.08483830094337463, 0.4768936038017273, 0.4617949426174164, -0.03130998834967613, 0.46159663796424866, 0.4492611289024353, -0.06108851358294487, 0.479117751121521, 0.4859919250011444, -0.06664624065160751, 0.5004228949546814, 0.5189616084098816, -0.0637437254190445, 0.46580639481544495, 0.49751392006874084, -0.034875791519880295, 0.4493115544319153, 0.49336355924606323, -0.05374190956354141, 0.4608655273914337, 0.5171801447868347, -0.056051548570394516, 0.476899117231369, 0.5386765003204346, -0.053835391998291016]",[]
"[0.5317957997322083, 0.5431749224662781, -4.34301519192104e-08, 0.5600747466087341, 0.5085463523864746, -0.030553631484508514, 0.5755650997161865, 0.46199890971183777, -0.04834055155515671, 0.5645785927772522, 0.42766574025154114, -0.06431566178798676, 0.5377131700515747, 0.41903725266456604, -0.07938993722200394, 0.5199909210205078, 0.3950035572052002, -0.029263248667120934, 0.4953586161136627, 0.3452674150466919, -0.05805698782205582, 0.48952871561050415, 0.36431270837783813, -0.0773770734667778, 0.4982001483440399, 0.40026143193244934, -0.08658052235841751, 0.49700576066970825, 0.4259851574897766, -0.025378571823239326, 0.4710017144680023, 0.39146366715431213, -0.05826283618807793, 0.480422705411911, 0.4346674680709839, -0.07392372936010361, 0.5002281069755554, 0.4771222472190857, -0.07849755883216858, 0.4818420708179474, 0.45995327830314636, -0.02544170245528221, 0.46133264899253845, 0.4457470774650574, -0.055074285715818405, 0.4733901023864746, 0.4806775450706482, -0.061951737850904465, 0.4913622736930847, 0.5135551691055298, -0.06009621545672417, 0.47177234292030334, 0.4939056932926178, -0.027904672548174858, 0.45195332169532776, 0.48788997530937195, -0.04709549620747566, 0.45810356736183167, 0.508019745349884, -0.05054463818669319, 0.47036004066467285, 0.5281374454498291, -0.04920097813010216]",[]
[],"[0.5631596446037292, 0.34609270095825195, -2.1707002417770127e-07, 0.5287548303604126, 0.28696689009666443, -0.021823754534125328, 0.5148757100105286, 0.20318563282489777, -0.027337949723005295, 0.5220031142234802, 0.12136910855770111, -0.03180466219782829, 0.5369749069213867, 0.0685277208685875, -0.03254904970526695, 0.5420866012573242, 0.15872052311897278, 0.008344059810042381, 0.5640573501586914, 0.09876754134893417, -0.010166262276470661, 0.5625196695327759, 0.14298516511917114, -0.023252014070749283, 0.5550538897514343, 0.18069888651371002, -0.028496500104665756, 0.5632100105285645, 0.17779186367988586, 0.013581509701907635, 0.5831921100616455, 0.13341189920902252, -0.008114014752209187, 0.5761279463768005, 0.19070696830749512, -0.01902119442820549, 0.5643025636672974, 0.22654671967029572, -0.020455079153180122, 0.5802122950553894, 0.19820311665534973, 0.013627853244543076, 0.5982453227043152, 0.1643058806657791, -0.010546364821493626, 0.5856419205665588, 0.2181246429681778, -0.012262387201189995, 0.5708025097846985, 0.25171178579330444, -0.0057756369933485985, 0.5951988101005554, 0.22070306539535522, 0.011910250410437584, 0.6091577410697937, 0.20065990090370178, -0.0048789712600409985, 0.5989971160888672, 0.23939180374145508, -0.004620226565748453, 0.5862655639648438, 0.26656270027160645, 0.0008791304426267743]"
[],"[0.56207275390625, 0.3403967618942261, -2.019152418597514e-07, 0.5314276814460754, 0.28543347120285034, -0.028738509863615036, 0.5202692151069641, 0.20064851641654968, -0.03420887887477875, 0.5263035893440247, 0.1215912401676178, -0.03643321990966797, 0.5378576517105103, 0.0667036771774292, -0.03422452136874199, 0.5279983878135681, 0.14919614791870117, 0.0035834857262670994, 0.5541340112686157, 0.09190881252288818, -0.016311556100845337, 0.5566698312759399, 0.14295172691345215, -0.02747742459177971, 0.5503100156784058, 0.17942379415035248, -0.03013109229505062, 0.5516723394393921, 0.17177769541740417, 0.01339476928114891, 0.5765751600265503, 0.1251715123653412, -0.009754353202879429, 0.5717668533325195, 0.186590313911438, -0.018883243203163147, 0.5609211921691895, 0.21628771722316742, -0.017655784264206886, 0.5718474388122559, 0.194991335272789, 0.01728832721710205, 0.5914762616157532, 0.16634444892406464, -0.00931026041507721, 0.5810844898223877, 0.22387832403182983, -0.011358186602592468, 0.5678240656852722, 0.2475014626979828, -0.004046828486025333, 0.5882984399795532, 0.21888530254364014, 0.019319569692015648, 0.6049597263336182, 0.20027901232242584, 0.002523882547393441, 0.5958777666091919, 0.2425883710384369, 0.003209248185157776, 0.5829810500144958, 0.2641911506652832, 0.009264706633985043]"
[],"[0.5566062927246094, 0.37343862652778625, 4.573011835873331e-08, 0.5522503852844238, 0.31237131357192993, -0.0400577038526535, 0.5419413447380066, 0.2220243513584137, -0.047133270651102066, 0.5432833433151245, 0.14489689469337463, -0.047046128660440445, 0.5480095744132996, 0.08109317719936371, -0.0402020588517189, 0.5032879710197449, 0.16706883907318115, -0.009048497304320335, 0.5466693043708801, 0.09879641234874725, -0.02643091417849064, 0.5616902112960815, 0.15293550491333008, -0.03411640226840973, 0.5572506189346313, 0.18745329976081848, -0.0337735079228878, 0.5220162868499756, 0.17672821879386902, 0.009818986989557743, 0.5649152994155884, 0.12102310359477997, -0.008252349682152271, 0.574037492275238, 0.1808319389820099, -0.01359605323523283, 0.5634695887565613, 0.20774921774864197, -0.010618727654218674, 0.5432351231575012, 0.18795940279960632, 0.02246350422501564, 0.5779313445091248, 0.14917808771133423, 0.00040043776971288025, 0.5796270370483398, 0.20665132999420166, -0.001364955329336226, 0.5656347274780273, 0.2259279042482376, 0.004936747252941132, 0.5609676837921143, 0.19854089617729187, 0.032498858869075775, 0.5867469906806946, 0.17199179530143738, 0.01782892271876335, 0.5852375626564026, 0.21514371037483215, 0.017096783965826035, 0.5703018307685852, 0.2338584065437317, 0.021636435762047768]"
"[0.5481540560722351, 0.6211405992507935, -6.405191754765838e-08, 0.5470010638237, 0.5660085678100586, -0.027597177773714066, 0.5345638990402222, 0.5087395906448364, -0.03951692208647728, 0.5077749490737915, 0.4585505425930023, -0.04900787025690079, 0.4787168502807617, 0.42548325657844543, -0.05787777900695801, 0.5479207038879395, 0.41207176446914673, -0.0030694049783051014, 0.5229220986366272, 0.36030253767967224, -0.014511757530272007, 0.5079085826873779, 0.36710891127586365, -0.026029057800769806, 0.5022900104522705, 0.3860248327255249, -0.031990136951208115, 0.5350903868675232, 0.4286049008369446, 0.005941370036453009, 0.4963756501674652, 0.3952111303806305, -0.007329454645514488, 0.4790615141391754, 0.4232253432273865, -0.02261185087263584, 0.4715234935283661, 0.4534498453140259, -0.029343953356146812, 0.524160623550415, 0.45564523339271545, 0.011222016997635365, 0.4824593663215637, 0.4315834641456604, -0.006446069106459618, 0.46599313616752625, 0.4598505198955536, -0.0196448415517807, 0.45938006043434143, 0.4933212399482727, -0.022974351420998573, 0.513831377029419, 0.48908084630966187, 0.015033233910799026, 0.48084694147109985, 0.45988544821739197, 6.11123614362441e-05, 0.46847718954086304, 0.4723846912384033, -0.0059457626193761826, 0.46432244777679443, 0.49038994312286377, -0.005544829182326794]",[]
"[0.540277898311615, 0.6491754055023193, -1.6147437520430685e-07, 0.5328094363212585, 0.5939111709594727, -0.027674997225403786, 0.5233182311058044, 0.5296223759651184, -0.03678812086582184, 0.5001484751701355, 0.477620005607605, -0.04230178892612457, 0.4744371771812439, 0.44550296664237976, -0.046982403844594955, 0.5478098392486572, 0.45517364144325256, -0.002842695452272892, 0.5138630867004395, 0.4163415729999542, -0.015139972791075706, 0.4880337119102478, 0.42745375633239746, -0.02797357551753521, 0.4733946621417999, 0.45114371180534363, -0.034115761518478394, 0.5381143689155579, 0.4730930030345917, 0.008071751333773136, 0.4966370165348053, 0.4399265646934509, -0.00338254333473742, 0.4722272455692291, 0.4591379165649414, -0.01880733110010624, 0.4548029601573944, 0.4867776036262512, -0.02688336931169033, 0.5277435779571533, 0.49775636196136475, 0.01526114996522665, 0.4870471954345703, 0.4682641327381134, 0.0018911949591711164, 0.4655905067920685, 0.48188871145248413, -0.010773311369121075, 0.45274150371551514, 0.5049424171447754, -0.015465166419744492, 0.5152000188827515, 0.5251603126525879, 0.020740261301398277, 0.48559948801994324, 0.4917186498641968, 0.01162488479167223, 0.47075432538986206, 0.48935896158218384, 0.006471260450780392, 0.46207737922668457, 0.4969334602355957, 0.005699683912098408]","[0.5473757386207581, 0.3613571524620056, -9.892593055838006e-08, 0.5705261826515198, 0.312274694442749, -0.037410590797662735, 0.5733203887939453, 0.23669587075710297, -0.04873855039477348, 0.5783975720405579, 0.16075468063354492, -0.052266236394643784, 0.580978274345398, 0.09923064708709717, -0.050358422100543976, 0.5148436427116394, 0.17742536962032318, -0.025394156575202942, 0.5558901429176331, 0.10752833634614944, -0.03715717792510986, 0.5733802914619446, 0.15272650122642517, -0.042743194848299026, 0.5677146911621094, 0.1863195300102234, -0.04383813217282295, 0.5113540887832642, 0.17691755294799805, -0.007359337527304888, 0.5560634136199951, 0.11889827251434326, -0.0182204470038414, 0.5712298154830933, 0.16500812768936157, -0.021320199593901634, 0.5636775493621826, 0.1945667862892151, -0.020871175453066826, 0.5155652165412903, 0.18354973196983337, 0.007046947255730629, 0.5567671060562134, 0.14102981984615326, -0.0045741042122244835, 0.5694552659988403, 0.18172240257263184, -0.005089323036372662, 0.5618262887001038, 0.20742784440517426, -0.0024649836122989655, 0.5218536257743835, 0.19363555312156677, 0.018896082416176796, 0.5559062957763672, 0.15465664863586426, 0.01070150826126337, 0.5632577538490295, 0.1870451271533966, 0.010659921914339066, 0.5540378093719482, 0.21116052567958832, 0.013042211532592773]"
[],"[0.5370634198188782, 0.3519960045814514, 1.784716552322152e-08, 0.5768328905105591, 0.32350707054138184, -0.03452473133802414, 0.5927187204360962, 0.2589317560195923, -0.049004003405570984, 0.6039366126060486, 0.18776728212833405, -0.05586741119623184, 0.6046848893165588, 0.12336082756519318, -0.056796036660671234, 0.529948890209198, 0.20221568644046783, -0.04000154882669449, 0.5765328407287598, 0.12020360678434372, -0.05394233018159866, 0.5884367823600769, 0.16858771443367004, -0.057570286095142365, 0.5796459913253784, 0.2062692642211914, -0.05713031068444252, 0.513740062713623, 0.19248273968696594, -0.024266287684440613, 0.5642191767692566, 0.12107223272323608, -0.03608051687479019, 0.5765916109085083, 0.16226020455360413, -0.03736051544547081, 0.5676466226577759, 0.19113533198833466, -0.03669532388448715, 0.50970858335495, 0.18993444740772247, -0.010510405525565147, 0.5574406385421753, 0.13313411176204681, -0.01900964230298996, 0.5673189163208008, 0.16692158579826355, -0.015627820044755936, 0.5587185621261597, 0.18973305821418762, -0.012455778196454048, 0.5123898983001709, 0.1898508220911026, 0.0006594868027605116, 0.5519946813583374, 0.14758865535259247, -0.005216093733906746, 0.5576505064964294, 0.17505690455436707, -0.0037148648407310247, 0.5479292869567871, 0.19718040525913239, -0.0017697938019409776]"
[],"[0.5346065759658813, 0.33646339178085327, 4.354253846372558e-08, 0.5768398642539978, 0.31998780369758606, -0.03116866946220398, 0.5988539457321167, 0.2616589069366455, -0.047128234058618546, 0.6125230193138123, 0.19152022898197174, -0.055302854627370834, 0.6167000532150269, 0.12782026827335358, -0.057888127863407135, 0.5404968857765198, 0.20709703862667084, -0.049841903150081635, 0.5833760499954224, 0.11892932653427124, -0.06332020461559296, 0.5947595834732056, 0.16309939324855804, -0.06345317512750626, 0.5851216316223145, 0.1977953463792801, -0.06029826030135155, 0.5188236832618713, 0.19256266951560974, -0.03566812723875046, 0.5696283578872681, 0.12069237977266312, -0.04663083329796791, 0.5806264281272888, 0.15884201228618622, -0.04509962350130081, 0.5700051188468933, 0.18388710916042328, -0.04334936663508415, 0.5099214315414429, 0.18477007746696472, -0.02214066870510578, 0.5600036978721619, 0.12907642126083374, -0.028176281601190567, 0.5680698156356812, 0.1625378280878067, -0.02192658558487892, 0.5585337281227112, 0.18428120017051697, -0.018268616870045662, 0.5086444616317749, 0.179573655128479, -0.010848777368664742, 0.5506896376609802, 0.14218050241470337, -0.015472792088985443, 0.5562601685523987, 0.17053961753845215, -0.012875085696578026, 0.54684978723526, 0.19180630147457123, -0.010875859297811985]"
[],"[0.533488392829895, 0.3061825633049011, 7.22989952350872e-08, 0.5774233937263489, 0.30904117226600647, -0.030733076855540276, 0.6031719446182251, 0.25460007786750793, -0.047033973038196564, 0.6151793599128723, 0.18331295251846313, -0.0548095777630806, 0.6200383305549622, 0.12185880541801453, -0.05747055262327194, 0.5469927191734314, 0.21031832695007324, -0.05948531627655029, 0.5859070420265198, 0.11543990671634674, -0.07328103482723236, 0.598335325717926, 0.15358895063400269, -0.07073646038770676, 0.5900058746337891, 0.1905958354473114, -0.06515711545944214, 0.5227259397506714, 0.18905016779899597, -0.045177627354860306, 0.5720134973526001, 0.11309830844402313, -0.05634995177388191, 0.5840935707092285, 0.1492612659931183, -0.05242544040083885, 0.5742471814155579, 0.17609605193138123, -0.04902062937617302, 0.5124125480651855, 0.17685756087303162, -0.030692391097545624, 0.5625832080841064, 0.11717858165502548, -0.036625828593969345, 0.5720570683479309, 0.1495523452758789, -0.028809666633605957, 0.5631520748138428, 0.17269065976142883, -0.0243474543094635, 0.5097362399101257, 0.16894984245300293, -0.018138369545340538, 0.5536108613014221, 0.1305055469274521, -0.02285616286098957, 0.5597116351127625, 0.15846127271652222, -0.019780395552515984, 0.5508458018302917, 0.18002921342849731, -0.017766371369361877]"
[],"[0.534664511680603, 0.310102641582489, 5.570606731453154e-08, 0.5770907998085022, 0.3029758334159851, -0.029642002657055855, 0.6004301309585571, 0.24762901663780212, -0.04512251541018486, 0.6124982833862305, 0.17886364459991455, -0.052505746483802795, 0.6189513802528381, 0.11882751435041428, -0.05459652468562126, 0.5449531078338623, 0.20244598388671875, -0.0544971227645874, 0.5833991765975952, 0.11021342873573303, -0.06690976768732071, 0.5969388484954834, 0.15075728297233582, -0.06410173326730728, 0.5886002779006958, 0.18684780597686768, -0.05859128385782242, 0.5222427248954773, 0.18338075280189514, -0.04037875682115555, 0.5705468654632568, 0.11180855333805084, -0.050328344106674194, 0.5830065011978149, 0.1504957675933838, -0.0465332567691803, 0.5726418495178223, 0.17674654722213745, -0.04335854575037956, 0.5122804045677185, 0.17279180884361267, -0.02621077187359333, 0.5610828995704651, 0.11600075662136078, -0.031347595155239105, 0.5703795552253723, 0.1511041522026062, -0.02336689829826355, 0.5613192319869995, 0.1751689463853836, -0.018766187131404877, 0.5097630023956299, 0.16611619293689728, -0.01400979608297348, 0.5518076419830322, 0.1287274807691574, -0.018460378050804138, 0.5585831999778748, 0.1569543331861496, -0.015248090028762817, 0.5499876737594604, 0.17865656316280365, -0.01290445402264595]"
[],"[0.5348113179206848, 0.3220060467720032, -2.1856287446553324e-08, 0.5765088796615601, 0.3076212406158447, -0.032775577157735825, 0.5975251197814941, 0.24686738848686218, -0.04864490032196045, 0.6107819676399231, 0.17277179658412933, -0.05747537687420845, 0.613201916217804, 0.10602014511823654, -0.06088777258992195, 0.5328169465065002, 0.18716679513454437, -0.04387703537940979, 0.5796247124671936, 0.09866468608379364, -0.060621365904808044, 0.5904709696769714, 0.14455847442150116, -0.06599315255880356, 0.5810692310333252, 0.18188750743865967, -0.06670155376195908, 0.5134612321853638, 0.17443528771400452, -0.030573803931474686, 0.5666671991348267, 0.09912386536598206, -0.044051412492990494, 0.5775913000106812, 0.13830289244651794, -0.04523288831114769, 0.5672248601913452, 0.16586537659168243, -0.044877517968416214, 0.5075162649154663, 0.16914381086826324, -0.01906529814004898, 0.559169352054596, 0.10955414175987244, -0.02840089239180088, 0.5673785209655762, 0.14361725747585297, -0.023887988179922104, 0.5569213628768921, 0.1648169457912445, -0.020513996481895447, 0.5092015862464905, 0.16645710170269012, -0.010004973039031029, 0.5530149340629578, 0.12067695707082748, -0.016231432557106018, 0.5577595233917236, 0.1508452445268631, -0.013772145844995975, 0.5461907982826233, 0.17442849278450012, -0.011558467522263527]"
"[0.5274873375892639, 0.7183173894882202, 2.308272541995393e-07, 0.5273523926734924, 0.6652965545654297, -0.02300039865076542, 0.5139098167419434, 0.6101992130279541, -0.03564528375864029, 0.47944509983062744, 0.5774686932563782, -0.04658442363142967, 0.44394487142562866, 0.5597413778305054, -0.05775756388902664, 0.5228002667427063, 0.5164803862571716, -0.014399784617125988, 0.5120463371276855, 0.4523707926273346, -0.029155220836400986, 0.5114471912384033, 0.4062631130218506, -0.04179797321557999, 0.5142233371734619, 0.36847731471061707, -0.050612691789865494, 0.5146958231925964, 0.5272929072380066, -0.011186035349965096, 0.4872014820575714, 0.47532033920288086, -0.02670953795313835, 0.4707380533218384, 0.452960342168808, -0.04003593698143959, 0.45842403173446655, 0.4367215037345886, -0.047333553433418274, 0.5076916217803955, 0.5565657615661621, -0.01091750804334879, 0.4729980528354645, 0.5249658226966858, -0.03163332864642143, 0.4477704167366028, 0.526967465877533, -0.04281213507056236, 0.4291989803314209, 0.5287082195281982, -0.04581156000494957, 0.49964484572410583, 0.5970051288604736, -0.011990152299404144, 0.47162744402885437, 0.5745332837104797, -0.03041296824812889, 0.4529516100883484, 0.5691730976104736, -0.037933092564344406, 0.4372507631778717, 0.562791645526886, -0.03983888402581215]","[0.5533103346824646, 0.3212074935436249, -1.1943501476707752e-07, 0.5536938905715942, 0.2737450897693634, -0.03870194032788277, 0.5474932193756104, 0.1985490918159485, -0.049054574221372604, 0.5513351559638977, 0.12228178232908249, -0.0528571642935276, 0.5591020584106445, 0.06352631747722626, -0.05093146860599518, 0.49848270416259766, 0.14609570801258087, -0.014625322073698044, 0.5377827882766724, 0.06746602058410645, -0.03671794757246971, 0.5559927821159363, 0.11194638907909393, -0.04841320589184761, 0.5546989440917969, 0.15081362426280975, -0.05081286281347275, 0.5160457491874695, 0.14263391494750977, 0.0016821452882140875, 0.5544798374176025, 0.08101660013198853, -0.021474026143550873, 0.5666749477386475, 0.14072303473949432, -0.028934428468346596, 0.560111939907074, 0.17627030611038208, -0.026233725249767303, 0.5357921719551086, 0.14507156610488892, 0.012250148691236973, 0.5662744641304016, 0.10724687576293945, -0.012461514212191105, 0.5720810890197754, 0.16318932175636292, -0.013768775388598442, 0.5622854828834534, 0.18988561630249023, -0.006186150945723057, 0.5511138439178467, 0.1557873785495758, 0.02038603462278843, 0.5728943347930908, 0.12672017514705658, 0.00627095578238368, 0.574830174446106, 0.17050181329250336, 0.007999003864824772, 0.5647411346435547, 0.19379906356334686, 0.014643294736742973]"
"[0.5274708271026611, 0.684536337852478, 2.3428566464644973e-07, 0.5442252159118652, 0.6349292397499084, -0.02973323129117489, 0.5372727513313293, 0.5803076028823853, -0.040582530200481415, 0.5062010884284973, 0.5510310530662537, -0.04870814085006714, 0.4726715683937073, 0.5432881712913513, -0.05726595222949982, 0.5122572779655457, 0.5063043236732483, -0.0121124517172575, 0.5083566308021545, 0.4512017071247101, -0.02663792110979557, 0.5107555389404297, 0.4177858829498291, -0.04147358611226082, 0.5164033770561218, 0.39085689187049866, -0.051925528794527054, 0.48948144912719727, 0.5222776532173157, -0.003848983673378825, 0.47122853994369507, 0.47945091128349304, -0.023267321288585663, 0.4630955755710602, 0.48656612634658813, -0.04364115744829178, 0.4618840515613556, 0.5034070014953613, -0.05501081421971321, 0.47380873560905457, 0.5470908880233765, 0.0010035750456154346, 0.4523608386516571, 0.5108840465545654, -0.02115250751376152, 0.4411722719669342, 0.530293881893158, -0.03907795250415802, 0.43910443782806396, 0.5615144371986389, -0.04637699946761131, 0.4658031165599823, 0.581005334854126, 0.003994183614850044, 0.44615504145622253, 0.5524510741233826, -0.01565260998904705, 0.43689656257629395, 0.5625804662704468, -0.02799217216670513, 0.4331854581832886, 0.5837901830673218, -0.03333946689963341]","[0.5621802806854248, 0.3437272012233734, -1.8597572193357337e-07, 0.5276826024055481, 0.30675792694091797, -0.026290418580174446, 0.5117103457450867, 0.21228985488414764, -0.03163006901741028, 0.5190891027450562, 0.12715791165828705, -0.0342935211956501, 0.5357261896133423, 0.07497283816337585, -0.03325884789228439, 0.5273696780204773, 0.15671823918819427, 0.0012197474716231227, 0.550586998462677, 0.10179300606250763, -0.01932756043970585, 0.552227258682251, 0.15321332216262817, -0.03142503276467323, 0.5459967255592346, 0.19102968275547028, -0.035101767629384995, 0.551548421382904, 0.17472612857818604, 0.008767010644078255, 0.572944164276123, 0.12925373017787933, -0.014287276193499565, 0.5691028237342834, 0.18991348147392273, -0.023212091997265816, 0.5573982000350952, 0.22430145740509033, -0.022020747885107994, 0.571700930595398, 0.19700318574905396, 0.01095759216696024, 0.5892638564109802, 0.16584451496601105, -0.014453480951488018, 0.5809674263000488, 0.22547747194766998, -0.014214458875358105, 0.567673921585083, 0.253450870513916, -0.00609190110117197, 0.5878077745437622, 0.2212463915348053, 0.01130699273198843, 0.6029049158096313, 0.20301347970962524, -0.0053024147637188435, 0.596263587474823, 0.24875995516777039, -0.003368412610143423, 0.5847625136375427, 0.2732985317707062, 0.003314632223919034]"
[],"[0.5472173094749451, 0.45074599981307983, -1.0949749551514287e-08, 0.5276160836219788, 0.37110117077827454, -0.0037657113280147314, 0.5282835960388184, 0.29083049297332764, -0.003280861070379615, 0.5392109751701355, 0.23315440118312836, -0.0037397602573037148, 0.5506731271743774, 0.19896982610225677, -0.003153519006446004, 0.5516754388809204, 0.30358731746673584, 0.003435517894104123, 0.5645972490310669, 0.25432974100112915, -0.0048036701045930386, 0.5632272958755493, 0.25079435110092163, -0.012028492987155914, 0.5584959983825684, 0.25615552067756653, -0.015863914042711258, 0.5701894164085388, 0.3187558352947235, 0.0016934368759393692, 0.5851861238479614, 0.27499276399612427, -0.0064147175289690495, 0.5811869502067566, 0.2759386897087097, -0.013966434635221958, 0.5730742812156677, 0.28692349791526794, -0.018084097653627396, 0.5898621678352356, 0.336445689201355, -0.0011047114385291934, 0.6023130416870117, 0.2973911762237549, -0.006862743757665157, 0.5953823924064636, 0.3026584982872009, -0.007391475141048431, 0.5865302681922913, 0.31443846225738525, -0.006837696302682161, 0.6088221073150635, 0.3572186827659607, -0.004496508277952671, 0.6192914843559265, 0.31808173656463623, -0.007248599082231522, 0.6111440658569336, 0.3221653997898102, -0.004247160628437996, 0.6015253663063049, 0.33537063002586365, -0.0010691849747672677]"
"[0.5428389310836792, 0.5446478128433228, -8.525521622004817e-08, 0.5662772059440613, 0.48188620805740356, -0.019100943580269814, 0.5796495079994202, 0.4237131178379059, -0.029013846069574356, 0.5895642042160034, 0.374979704618454, -0.03912055119872093, 0.5899356603622437, 0.346549928188324, -0.04956649988889694, 0.5302583575248718, 0.38393357396125793, -0.018621889874339104, 0.505268931388855, 0.35165560245513916, -0.0413537323474884, 0.502316415309906, 0.3691008985042572, -0.05933387205004692, 0.5084986686706543, 0.3967316150665283, -0.06909506022930145, 0.5086366534233093, 0.4247397184371948, -0.018118740990757942, 0.48514631390571594, 0.41223207116127014, -0.0449783094227314, 0.4997040331363678, 0.44839736819267273, -0.05885936692357063, 0.518964409828186, 0.4851248860359192, -0.06459841132164001, 0.49331942200660706, 0.4672122001647949, -0.020348908379673958, 0.47381606698036194, 0.4641944468021393, -0.0440034493803978, 0.4910273849964142, 0.49065589904785156, -0.048722051084041595, 0.5114770531654358, 0.5206632018089294, -0.04753528907895088, 0.48461607098579407, 0.5082895755767822, -0.0245144534856081, 0.46575433015823364, 0.5099467039108276, -0.039994895458221436, 0.4767149090766907, 0.5241574048995972, -0.04221908003091812, 0.4934481382369995, 0.5392515659332275, -0.04101637378334999]",[]
"[0.5377383232116699, 0.5699544548988342, -7.282632452643156e-08, 0.5653740167617798, 0.5088651180267334, -0.02378169447183609, 0.5857120156288147, 0.442791223526001, -0.03702382370829582, 0.6064663529396057, 0.3880503475666046, -0.04977837949991226, 0.6161890625953674, 0.35281333327293396, -0.06268150359392166, 0.5304630398750305, 0.39854171872138977, -0.024888083338737488, 0.5061438083648682, 0.3576972186565399, -0.05089743807911873, 0.50377357006073, 0.3753131926059723, -0.06977154314517975, 0.5107782483100891, 0.40332019329071045, -0.07970002293586731, 0.5074090957641602, 0.43704134225845337, -0.023018257692456245, 0.48759785294532776, 0.42301705479621887, -0.05488315597176552, 0.5043998956680298, 0.4675731658935547, -0.06984888762235641, 0.5241445302963257, 0.5104169845581055, -0.07492608577013016, 0.4913085103034973, 0.4775647521018982, -0.024257998913526535, 0.476844847202301, 0.47831302881240845, -0.052590616047382355, 0.4957481026649475, 0.5142456293106079, -0.056982722133398056, 0.5155397653579712, 0.547782838344574, -0.05398083105683327, 0.480313777923584, 0.5162520408630371, -0.027636850252747536, 0.4665558636188507, 0.5190746784210205, -0.04687200486660004, 0.47857144474983215, 0.542050302028656, -0.048991356045007706, 0.49472159147262573, 0.5609031915664673, -0.04644077643752098]","[0.5617141723632812, 0.416595458984375, -3.4662377856875537e-07, 0.5344327092170715, 0.35203123092651367, -0.011850758455693722, 0.5366048812866211, 0.25919586420059204, -0.014479209668934345, 0.5540167689323425, 0.19245660305023193, -0.018358264118433, 0.572844386100769, 0.1496165692806244, -0.019986074417829514, 0.5755265951156616, 0.2261468917131424, 0.007385477889329195, 0.5940278768539429, 0.17644286155700684, -0.0122084254398942, 0.5829913020133972, 0.21363015472888947, -0.025128783658146858, 0.570624053478241, 0.24820823967456818, -0.030588027089834213, 0.5955649018287659, 0.25093454122543335, 0.004575617611408234, 0.6140416860580444, 0.20478296279907227, -0.01628914475440979, 0.5932086110115051, 0.25514665246009827, -0.024030674248933792, 0.5778772234916687, 0.2918469309806824, -0.023406950756907463, 0.6126374006271362, 0.2837340235710144, -0.002486076205968857, 0.6301009058952332, 0.23757266998291016, -0.02394404634833336, 0.6050536632537842, 0.2885206341743469, -0.020551353693008423, 0.5888539552688599, 0.3252558410167694, -0.011675125919282436, 0.6298564076423645, 0.32595303654670715, -0.010938028804957867, 0.6403325796127319, 0.2885631024837494, -0.02635321207344532, 0.6192082762718201, 0.3211211562156677, -0.02246136963367462, 0.6048683524131775, 0.34769341349601746, -0.014946415089070797]"
"[0.5500884056091309, 0.5698156356811523, 3.3294757173507605e-08, 0.5723837018013, 0.5333383679389954, -0.030740875750780106, 0.5886458158493042, 0.501459538936615, -0.053160659968853, 0.5991467833518982, 0.49265241622924805, -0.07536844164133072, 0.5955163240432739, 0.5074787139892578, -0.09770422428846359, 0.5338220596313477, 0.4147821068763733, -0.03103247471153736, 0.5037834644317627, 0.3725486099720001, -0.06193764880299568, 0.4994126856327057, 0.38864052295684814, -0.08455320447683334, 0.5098055601119995, 0.4191121459007263, -0.0963822454214096, 0.5113050937652588, 0.45338523387908936, -0.02927595190703869, 0.48456546664237976, 0.43459081649780273, -0.06540967524051666, 0.5011935234069824, 0.4778616726398468, -0.08311507850885391, 0.526078462600708, 0.5174872875213623, -0.08918717503547668, 0.4958778917789459, 0.49351346492767334, -0.03152664378285408, 0.47630995512008667, 0.4892622232437134, -0.06325753778219223, 0.49724775552749634, 0.5251928567886353, -0.0705849900841713, 0.52092045545578, 0.5579918622970581, -0.06850194931030273, 0.4859949052333832, 0.5330808162689209, -0.03651062399148941, 0.4669838845729828, 0.5315366983413696, -0.056618303060531616, 0.48052799701690674, 0.5517792701721191, -0.059649404138326645, 0.4990658164024353, 0.5688913464546204, -0.05775243788957596]","[0.5612866878509521, 0.4138137698173523, -3.385724767213105e-07, 0.5315729975700378, 0.3543638586997986, -0.01283284928649664, 0.5303905606269836, 0.2622550129890442, -0.015981202945113182, 0.5480066537857056, 0.19390898942947388, -0.020021123811602592, 0.5673598051071167, 0.14914461970329285, -0.021665900945663452, 0.5691026449203491, 0.22685453295707703, 0.003678526496514678, 0.5890819430351257, 0.17240816354751587, -0.017199993133544922, 0.5774407386779785, 0.20667067170143127, -0.030055521056056023, 0.5651569366455078, 0.24455831944942474, -0.035497188568115234, 0.5910863280296326, 0.24927140772342682, 0.0004032922734040767, 0.6107153296470642, 0.19744159281253815, -0.02194046415388584, 0.5883601903915405, 0.24906104803085327, -0.028945010155439377, 0.5739112496376038, 0.28880512714385986, -0.028057284653186798, 0.608726441860199, 0.280921995639801, -0.007256708107888699, 0.6284145712852478, 0.23382103443145752, -0.030950961634516716, 0.6012055277824402, 0.2879924476146698, -0.027470506727695465, 0.5860509872436523, 0.32716435194015503, -0.01854538917541504, 0.6275330185890198, 0.3229951858520508, -0.016307145357131958, 0.6385533213615417, 0.28607648611068726, -0.03366516903042793, 0.6173189878463745, 0.32247239351272583, -0.02991274930536747, 0.6032497882843018, 0.3506040871143341, -0.02253183163702488]"
"[0.5508708953857422, 0.5733850598335266, 2.952673305856024e-08, 0.5747502446174622, 0.5415859222412109, -0.03364543616771698, 0.5922223329544067, 0.5107325315475464, -0.057739172130823135, 0.602471649646759, 0.4972730278968811, -0.08098399639129639, 0.5942973494529724, 0.5068761706352234, -0.10386858880519867, 0.535308301448822, 0.42231515049934387, -0.034759193658828735, 0.502511203289032, 0.3786633014678955, -0.06799189746379852, 0.49973180890083313, 0.3942217230796814, -0.09127824753522873, 0.5125253796577454, 0.4255357086658478, -0.10278159379959106, 0.5122311115264893, 0.4604204297065735, -0.03188152238726616, 0.48402270674705505, 0.4403349459171295, -0.07045638561248779, 0.5027222633361816, 0.4853076636791229, -0.0876980796456337, 0.5292706489562988, 0.5253446102142334, -0.09251885116100311, 0.4959588944911957, 0.49926841259002686, -0.03339464217424393, 0.4749912619590759, 0.49406230449676514, -0.0669160783290863, 0.4975986182689667, 0.5321635603904724, -0.07310263067483902, 0.5228517651557922, 0.5643401741981506, -0.06962335109710693, 0.4852985441684723, 0.5378074049949646, -0.03789234533905983, 0.46545982360839844, 0.5367331504821777, -0.058960333466529846, 0.4803081452846527, 0.5580474734306335, -0.06169305741786957, 0.5001174211502075, 0.5744722485542297, -0.05914561077952385]","[0.5605052709579468, 0.41312408447265625, -3.341056924455188e-07, 0.5314386487007141, 0.3505752384662628, -0.011306851170957088, 0.5333037376403809, 0.25768139958381653, -0.013456993736326694, 0.5527324676513672, 0.19067446887493134, -0.016963643953204155, 0.572506844997406, 0.14679768681526184, -0.01852838508784771, 0.5701704621315002, 0.22634278237819672, 0.007144710514694452, 0.5894668698310852, 0.1718316376209259, -0.012803523801267147, 0.5793720483779907, 0.20369642972946167, -0.026033297181129456, 0.5675792098045349, 0.23999664187431335, -0.03167644515633583, 0.5923224687576294, 0.24843144416809082, 0.003622177755460143, 0.6115179061889648, 0.1968604028224945, -0.017817649990320206, 0.5899705290794373, 0.24586336314678192, -0.02546328864991665, 0.5751997232437134, 0.28609490394592285, -0.024712149053812027, 0.6103797554969788, 0.2801383137702942, -0.00418492779135704, 0.6284147500991821, 0.23232021927833557, -0.02685946598649025, 0.6019675135612488, 0.28445306420326233, -0.02375451847910881, 0.5867039561271667, 0.32426247000694275, -0.014856263063848019, 0.6294300556182861, 0.32297825813293457, -0.013277677819132805, 0.6397448778152466, 0.28310975432395935, -0.029848765581846237, 0.6184502243995667, 0.31853392720222473, -0.025750692933797836, 0.6043800115585327, 0.3483433723449707, -0.017942961305379868]"
"[0.5497628450393677, 0.5529853105545044, 4.929468389036629e-09, 0.5721022486686707, 0.52518230676651, -0.03743486478924751, 0.5899454951286316, 0.499559223651886, -0.06448154151439667, 0.5968431234359741, 0.49066805839538574, -0.08948490768671036, 0.5923129320144653, 0.5040257573127747, -0.11429324001073837, 0.5317302942276001, 0.4058612585067749, -0.042843423783779144, 0.4999697506427765, 0.37384340167045593, -0.07798201590776443, 0.49952760338783264, 0.3981367349624634, -0.10279436409473419, 0.5133203268051147, 0.43182042241096497, -0.11535906791687012, 0.5082381367683411, 0.4469776749610901, -0.037979140877723694, 0.4832189381122589, 0.44385969638824463, -0.07832491397857666, 0.5035266876220703, 0.49427324533462524, -0.09577129036188126, 0.5304042100906372, 0.53680419921875, -0.10102827101945877, 0.4918568432331085, 0.4874345362186432, -0.03736181929707527, 0.47141945362091064, 0.49433109164237976, -0.07117491960525513, 0.49320492148399353, 0.5342092514038086, -0.07626764476299286, 0.5183554291725159, 0.5662783980369568, -0.07248815894126892, 0.48180288076400757, 0.5264861583709717, -0.04007882624864578, 0.4608153700828552, 0.5332949161529541, -0.060715943574905396, 0.4756760895252228, 0.5584082007408142, -0.0624007023870945, 0.4954448640346527, 0.5756360292434692, -0.05931558459997177]","[0.5616679787635803, 0.4093087315559387, -3.548743734427262e-07, 0.5316755771636963, 0.34521785378456116, -0.011339481920003891, 0.5310778021812439, 0.25290367007255554, -0.014591092243790627, 0.5508362054824829, 0.1851794421672821, -0.019069988280534744, 0.5698670148849487, 0.1404617726802826, -0.021775294095277786, 0.5711122751235962, 0.21705345809459686, 0.002552715828642249, 0.5920985341072083, 0.16495373845100403, -0.017446497455239296, 0.5798825025558472, 0.20065346360206604, -0.03049660474061966, 0.5674019455909729, 0.23893330991268158, -0.036221761256456375, 0.5925674438476562, 0.24088209867477417, -0.0008894640486687422, 0.6121956706047058, 0.19199404120445251, -0.022006256505846977, 0.5899860858917236, 0.24304279685020447, -0.029162723571062088, 0.574870228767395, 0.2839653491973877, -0.028717994689941406, 0.6100544929504395, 0.27281641960144043, -0.008245504461228848, 0.6278843879699707, 0.22613167762756348, -0.029899924993515015, 0.6020938754081726, 0.27774786949157715, -0.0269775353372097, 0.5862541794776917, 0.31678104400634766, -0.01906399428844452, 0.6275807619094849, 0.31400060653686523, -0.016777558252215385, 0.6376427412033081, 0.27401965856552124, -0.03233397752046585, 0.6170459389686584, 0.30946487188339233, -0.028305253013968468, 0.6023015975952148, 0.34002649784088135, -0.021150635555386543]"
"[0.5549535751342773, 0.5668102502822876, -3.39557288953074e-08, 0.5780013203620911, 0.536841869354248, -0.03918563574552536, 0.5957266688346863, 0.5060060620307922, -0.0656822919845581, 0.5992801785469055, 0.4840328097343445, -0.08994743227958679, 0.5826846957206726, 0.49073168635368347, -0.11343686282634735, 0.5299952030181885, 0.40811726450920105, -0.039855144917964935, 0.49634578824043274, 0.3739730715751648, -0.07558450847864151, 0.4982052743434906, 0.40186288952827454, -0.10071094334125519, 0.5140534043312073, 0.43827131390571594, -0.11263248324394226, 0.5074803233146667, 0.45074039697647095, -0.03372491896152496, 0.4788869023323059, 0.444533109664917, -0.07467047870159149, 0.5008806586265564, 0.49444788694381714, -0.09290850162506104, 0.5290996432304382, 0.5371225476264954, -0.09782571345567703, 0.49143943190574646, 0.4918205738067627, -0.03228137642145157, 0.46887633204460144, 0.4959505796432495, -0.06685081124305725, 0.49153047800064087, 0.535610020160675, -0.07234431058168411, 0.5173426866531372, 0.5686718225479126, -0.06809747219085693, 0.4815550148487091, 0.5306729674339294, -0.03434758633375168, 0.4588245749473572, 0.5356287956237793, -0.05542195588350296, 0.4744245111942291, 0.5598016977310181, -0.0571930855512619, 0.495005339384079, 0.5779436230659485, -0.05353927239775658]",[]
"[0.5462702512741089, 0.5686718821525574, -7.126901380161144e-08, 0.5716782808303833, 0.5397570729255676, -0.03835894912481308, 0.5888033509254456, 0.505857527256012, -0.06336111575365067, 0.5882281064987183, 0.4800756871700287, -0.08616788685321808, 0.5672991275787354, 0.48242348432540894, -0.10763869434595108, 0.5245715379714966, 0.41535013914108276, -0.03694331273436546, 0.49163320660591125, 0.3774430453777313, -0.07130790501832962, 0.49308404326438904, 0.40278691053390503, -0.09468617290258408, 0.5095295310020447, 0.44030994176864624, -0.10509663820266724, 0.5026266574859619, 0.4554728865623474, -0.030513962730765343, 0.47566452622413635, 0.44191914796829224, -0.06957810372114182, 0.4950230121612549, 0.4927903115749359, -0.08643250167369843, 0.5220142602920532, 0.5333787798881531, -0.09033788740634918, 0.48680442571640015, 0.4939666986465454, -0.028928887099027634, 0.46659255027770996, 0.49253049492836, -0.06165437027812004, 0.4862220287322998, 0.532402753829956, -0.06699822098016739, 0.5104795098304749, 0.5649977326393127, -0.06293583661317825, 0.4768242835998535, 0.5306904911994934, -0.03081141971051693, 0.45524993538856506, 0.530347466468811, -0.050517164170742035, 0.46829602122306824, 0.5546472072601318, -0.052476342767477036, 0.4866405129432678, 0.574149489402771, -0.04925919324159622]",[]
"[0.5343325138092041, 0.5830690860748291, -1.1159132640159442e-07, 0.5632904171943665, 0.5476478338241577, -0.03218085691332817, 0.583530843257904, 0.5058959126472473, -0.0527743436396122, 0.5788578391075134, 0.4765799939632416, -0.07178062200546265, 0.5544085502624512, 0.4749528169631958, -0.08949261158704758, 0.519699215888977, 0.4226200580596924, -0.031692877411842346, 0.49248379468917847, 0.3754855990409851, -0.06398925185203552, 0.49187222123146057, 0.404306024312973, -0.0862061083316803, 0.5047513246536255, 0.4472373425960541, -0.09642958641052246, 0.49659064412117004, 0.4586210250854492, -0.027614403516054153, 0.47075700759887695, 0.43143942952156067, -0.0643857941031456, 0.48615872859954834, 0.48230716586112976, -0.08118020743131638, 0.5093945860862732, 0.5265960693359375, -0.08577008545398712, 0.4803016185760498, 0.4955558776855469, -0.027757899835705757, 0.4604947865009308, 0.4872577488422394, -0.05899307504296303, 0.47751808166503906, 0.5262392163276672, -0.06474045664072037, 0.4991496503353119, 0.5599833726882935, -0.06150738522410393, 0.46938154101371765, 0.5315675735473633, -0.03071299009025097, 0.44972288608551025, 0.5279836058616638, -0.049615684896707535, 0.4605606198310852, 0.5519676208496094, -0.05167170614004135, 0.4764429032802582, 0.572286069393158, -0.048975300043821335]",[]
"[0.5268793702125549, 0.5655269622802734, -8.834701503701581e-08, 0.5532884001731873, 0.5313567519187927, -0.029148494824767113, 0.5699794888496399, 0.4975280165672302, -0.04767131805419922, 0.5690498948097229, 0.4740721583366394, -0.06532494723796844, 0.5485795736312866, 0.47332602739334106, -0.08213409036397934, 0.52033931016922, 0.4160979986190796, -0.026664191856980324, 0.49459731578826904, 0.3691500127315521, -0.054575495421886444, 0.4905545115470886, 0.3962927460670471, -0.0734725221991539, 0.5003034472465515, 0.43749046325683594, -0.08232077956199646, 0.49710994958877563, 0.4491395950317383, -0.023275213316082954, 0.4714096784591675, 0.4235661029815674, -0.056238312274217606, 0.4821276366710663, 0.47315093874931335, -0.07183342427015305, 0.5023943781852722, 0.5171222686767578, -0.07624923437833786, 0.48041632771492004, 0.48340627551078796, -0.02380400337278843, 0.459177702665329, 0.4752013683319092, -0.0527493953704834, 0.47130298614501953, 0.5130934119224548, -0.059718769043684006, 0.48998188972473145, 0.5476890206336975, -0.05774211138486862, 0.46955886483192444, 0.5169082880020142, -0.026787707582116127, 0.4494915008544922, 0.5148400068283081, -0.04480539262294769, 0.45661139488220215, 0.5392494797706604, -0.04786015301942825, 0.4711828827857971, 0.561914324760437, -0.04617287963628769]",[]
"[0.5282530784606934, 0.5489083528518677, -3.066090314973735e-08, 0.5514101982116699, 0.5226733684539795, -0.035623181611299515, 0.5620076060295105, 0.4933605194091797, -0.05781096592545509, 0.5547100901603699, 0.4768226146697998, -0.07729677110910416, 0.5326225757598877, 0.4742860198020935, -0.09658082574605942, 0.5174399018287659, 0.4149967133998871, -0.03784508630633354, 0.49642038345336914, 0.37734442949295044, -0.06712951511144638, 0.48773619532585144, 0.4005255699157715, -0.08774881809949875, 0.49265292286872864, 0.43474021553993225, -0.09869211912155151, 0.49410971999168396, 0.44545143842697144, -0.032116103917360306, 0.4711935222148895, 0.42742618918418884, -0.06579415500164032, 0.47728589177131653, 0.47239795327186584, -0.08394279330968857, 0.4952024519443512, 0.5116146206855774, -0.09129390120506287, 0.47842538356781006, 0.4795154631137848, -0.03011803701519966, 0.4601409435272217, 0.4760524332523346, -0.06013915315270424, 0.4672454297542572, 0.5120756030082703, -0.06990458071231842, 0.48318445682525635, 0.5448957681655884, -0.07067399471998215, 0.46738338470458984, 0.5139980316162109, -0.030759770423173904, 0.4482579529285431, 0.5156457424163818, -0.050646521151065826, 0.45184361934661865, 0.5402409434318542, -0.05574699491262436, 0.46340057253837585, 0.5621132850646973, -0.05610286444425583]",[]
[],"[0.5380823612213135, 0.371910035610199, -5.0388642591769894e-08, 0.5830527544021606, 0.34421679377555847, -0.03223240002989769, 0.6022365093231201, 0.27641066908836365, -0.04673770070075989, 0.6141521334648132, 0.20065423846244812, -0.05438055470585823, 0.6143690347671509, 0.13312135636806488, -0.05608038231730461, 0.5405976176261902, 0.21515414118766785, -0.0411226823925972, 0.5884182453155518, 0.12953516840934753, -0.05827426165342331, 0.6002766489982605, 0.1827196329832077, -0.06382409483194351, 0.5916736125946045, 0.2228652387857437, -0.06458847224712372, 0.5218106508255005, 0.20117990672588348, -0.027869490906596184, 0.5762361288070679, 0.1279190182685852, -0.04156908765435219, 0.5875903367996216, 0.1730395406484604, -0.04200654476881027, 0.5780643820762634, 0.20377930998802185, -0.04084904491901398, 0.5160666704177856, 0.19546076655387878, -0.016649993136525154, 0.5679764151573181, 0.13872337341308594, -0.026150057092308998, 0.5767272710800171, 0.17586518824100494, -0.020633798092603683, 0.5677510499954224, 0.20038388669490814, -0.01629951409995556, 0.5184679627418518, 0.19359350204467773, -0.008103948086500168, 0.5610767006874084, 0.15511919558048248, -0.013843833468854427, 0.5669885277748108, 0.18745596706867218, -0.010594268329441547, 0.5584037899971008, 0.2124652862548828, -0.0075989109463989735]"
[],"[0.5372985601425171, 0.35111576318740845, -2.5418682270128556e-08, 0.587419867515564, 0.3464500308036804, -0.029679380357265472, 0.6151092648506165, 0.28815191984176636, -0.04519956558942795, 0.6297792792320251, 0.21566687524318695, -0.05339090898633003, 0.6316474676132202, 0.15147456526756287, -0.055729568004608154, 0.5555249452590942, 0.23984363675117493, -0.05289473757147789, 0.6047960519790649, 0.14756684005260468, -0.07044147700071335, 0.6141327619552612, 0.19669634103775024, -0.0716218575835228, 0.6040752530097961, 0.23514024913311005, -0.06851417571306229, 0.532212495803833, 0.21339568495750427, -0.040699779987335205, 0.5916513204574585, 0.13403938710689545, -0.05548132583498955, 0.5993656516075134, 0.17898871004581451, -0.052194930613040924, 0.5863668918609619, 0.2096492499113083, -0.048058416694402695, 0.5219086408615112, 0.19571802020072937, -0.029288122430443764, 0.5793665051460266, 0.137995183467865, -0.0376247875392437, 0.5846606492996216, 0.17756573855876923, -0.028912004083395004, 0.5722560882568359, 0.2023894041776657, -0.022861924022436142, 0.5197891592979431, 0.18560491502285004, -0.020237743854522705, 0.5688499212265015, 0.15250226855278015, -0.02510286495089531, 0.5724538564682007, 0.1848730444908142, -0.021278226748108864, 0.560645580291748, 0.20630162954330444, -0.01847151108086109]"
[],"[0.5398033261299133, 0.32213664054870605, 1.1136834388025818e-07, 0.5836845636367798, 0.33658498525619507, -0.02216532826423645, 0.6223825812339783, 0.2893546521663666, -0.036138322204351425, 0.6437329649925232, 0.2178453803062439, -0.04334556311368942, 0.6505507826805115, 0.1544056236743927, -0.04733864217996597, 0.5747053623199463, 0.2550579309463501, -0.05557725578546524, 0.6125000715255737, 0.16644436120986938, -0.07284549623727798, 0.6236197352409363, 0.19054503738880157, -0.07440264523029327, 0.616904079914093, 0.21824394166469574, -0.07057426869869232, 0.5477437973022461, 0.22106805443763733, -0.04676544666290283, 0.5981095433235168, 0.13818596303462982, -0.05853104218840599, 0.6104556322097778, 0.1702921837568283, -0.05436144769191742, 0.6011683344841003, 0.20015525817871094, -0.049822043627500534, 0.5315242409706116, 0.19536182284355164, -0.03726969286799431, 0.5840988159179688, 0.12973876297473907, -0.042710162699222565, 0.5950168967247009, 0.16006901860237122, -0.033247724175453186, 0.5863957405090332, 0.1839638501405716, -0.02664741314947605, 0.5235060453414917, 0.17624931037425995, -0.029101014137268066, 0.5699430704116821, 0.13424870371818542, -0.0325595922768116, 0.579562783241272, 0.15954023599624634, -0.027099862694740295, 0.5712977051734924, 0.17918427288532257, -0.022679366171360016]"
[],"[0.5362845659255981, 0.3107598125934601, 1.5678183729050943e-07, 0.5824300646781921, 0.3212154805660248, -0.016089029610157013, 0.6217145323753357, 0.2703494727611542, -0.027455691248178482, 0.6455374360084534, 0.2022867649793625, -0.03340454027056694, 0.6542263627052307, 0.14257776737213135, -0.03657383471727371, 0.5805011987686157, 0.2363957166671753, -0.049968864768743515, 0.6176868677139282, 0.14693927764892578, -0.06365235149860382, 0.6286470293998718, 0.1715281903743744, -0.061435896903276443, 0.6207913756370544, 0.2007749080657959, -0.0550103634595871, 0.5525391101837158, 0.20508283376693726, -0.04391516000032425, 0.6009408831596375, 0.11628956347703934, -0.05205736309289932, 0.6154688000679016, 0.14290902018547058, -0.04559179022908211, 0.6085402369499207, 0.17029976844787598, -0.040097370743751526, 0.5328601598739624, 0.18062478303909302, -0.036627136170864105, 0.5815858840942383, 0.10786382108926773, -0.03996613621711731, 0.5955996513366699, 0.13465231657028198, -0.029910646378993988, 0.5895245671272278, 0.15811152756214142, -0.023369858041405678, 0.5208143591880798, 0.16279162466526031, -0.030034422874450684, 0.5635279417037964, 0.11464013159275055, -0.0321754552423954, 0.5763577818870544, 0.13476061820983887, -0.02567584253847599, 0.5711956024169922, 0.15217040479183197, -0.020725268870592117]"
[],"[0.5361018776893616, 0.30150091648101807, 2.382284520763278e-07, 0.5810333490371704, 0.3127455413341522, -0.016679061576724052, 0.6177463531494141, 0.261563777923584, -0.028643688187003136, 0.6406062245368958, 0.1921088993549347, -0.03502827137708664, 0.6510069370269775, 0.13246092200279236, -0.039404429495334625, 0.5728148818016052, 0.2348431497812271, -0.051160793751478195, 0.6054732799530029, 0.14904463291168213, -0.06392449140548706, 0.6219720244407654, 0.1473439484834671, -0.061003006994724274, 0.6213207840919495, 0.1595967411994934, -0.054654140025377274, 0.5459194183349609, 0.20224328339099884, -0.04467230290174484, 0.5967711210250854, 0.11106345802545547, -0.05341994762420654, 0.6157413125038147, 0.1304078996181488, -0.046103037893772125, 0.6139100193977356, 0.1569509208202362, -0.03920995444059372, 0.5291107892990112, 0.17682409286499023, -0.03679980710148811, 0.5814307332038879, 0.10306497663259506, -0.040690336376428604, 0.5994181036949158, 0.12423859536647797, -0.030796481296420097, 0.5969691872596741, 0.14772579073905945, -0.023733096197247505, 0.5194506645202637, 0.15825752913951874, -0.0295980554074049, 0.5644804835319519, 0.10605662316083908, -0.032138995826244354, 0.5815399885177612, 0.12287412583827972, -0.026465974748134613, 0.5806539058685303, 0.14022019505500793, -0.021808145567774773]"
[],"[0.535551905632019, 0.3091617822647095, 1.6362552912596584e-07, 0.5835199356079102, 0.3178243339061737, -0.017449617385864258, 0.6205264925956726, 0.26397979259490967, -0.0297924242913723, 0.642212986946106, 0.19221621751785278, -0.036199718713760376, 0.6499278545379639, 0.13145245611667633, -0.039910029619932175, 0.5736498236656189, 0.23057305812835693, -0.05306032672524452, 0.6108715534210205, 0.1389559805393219, -0.06629694998264313, 0.6253179907798767, 0.15416719019412994, -0.06339634954929352, 0.6200956106185913, 0.17784199118614197, -0.05677224323153496, 0.5453110933303833, 0.20053379237651825, -0.04593980684876442, 0.5959051251411438, 0.10899212211370468, -0.054201725870370865, 0.6119977831840515, 0.1362159252166748, -0.046977829188108444, 0.6058005094528198, 0.16517239809036255, -0.04082278907299042, 0.5272097587585449, 0.17716990411281586, -0.037468358874320984, 0.5789451599121094, 0.10214443504810333, -0.04061917960643768, 0.5940818786621094, 0.1295091062784195, -0.03058500401675701, 0.5880258083343506, 0.15487541258335114, -0.024158190935850143, 0.5166965126991272, 0.15992440283298492, -0.029752669855952263, 0.56178218126297, 0.10958034545183182, -0.03179805353283882, 0.574971079826355, 0.13109998404979706, -0.026095813140273094, 0.5699305534362793, 0.15096193552017212, -0.021899154409766197]"
[],"[0.5426113605499268, 0.3107142150402069, 1.8007943936027004e-07, 0.5861258506774902, 0.32539671659469604, -0.019540389999747276, 0.623184323310852, 0.27493950724601746, -0.03360910713672638, 0.6453476548194885, 0.2036767452955246, -0.041535355150699615, 0.6523870825767517, 0.14169764518737793, -0.046856485307216644, 0.5789153575897217, 0.24408647418022156, -0.05704252049326897, 0.6161152720451355, 0.1518615484237671, -0.07033982872962952, 0.6322235465049744, 0.1626264750957489, -0.06582899391651154, 0.6281384825706482, 0.18625938892364502, -0.05779372900724411, 0.5504710674285889, 0.21329528093338013, -0.04926106706261635, 0.6009010672569275, 0.11850088834762573, -0.05706073343753815, 0.6176232099533081, 0.1422480046749115, -0.04712909460067749, 0.6135551929473877, 0.1679861694574356, -0.03889109939336777, 0.5332080125808716, 0.18899068236351013, -0.04036913067102432, 0.5855836868286133, 0.11251939833164215, -0.04381432756781578, 0.6014583706855774, 0.13721299171447754, -0.03231536224484444, 0.5964308977127075, 0.16011035442352295, -0.02468184195458889, 0.524054765701294, 0.17087262868881226, -0.03242089971899986, 0.5696707963943481, 0.11933636665344238, -0.03492244705557823, 0.5845189094543457, 0.137751042842865, -0.028910383582115173, 0.5805506110191345, 0.15520678460597992, -0.02437843754887581]"
[],"[0.5549015998840332, 0.661879301071167, -3.308203133656207e-07, 0.5313423275947571, 0.619683563709259, -0.00814527366310358, 0.5201449394226074, 0.5517170429229736, -0.010302665643393993, 0.5090123414993286, 0.4964299499988556, -0.013761722482740879, 0.4915156662464142, 0.4623720645904541, -0.01699393428862095, 0.548978328704834, 0.4817197024822235, 0.0069120111875236034, 0.5125594139099121, 0.44327905774116516, -0.008010460995137691, 0.4849807024002075, 0.4487970471382141, -0.021972253918647766, 0.46745914220809937, 0.4692187011241913, -0.029160931706428528, 0.5543866157531738, 0.48389875888824463, 0.004693588241934776, 0.5110093355178833, 0.4433058798313141, -0.01005955133587122, 0.4804619252681732, 0.4545930027961731, -0.02406279370188713, 0.4575769305229187, 0.48107022047042847, -0.030428307130932808, 0.5561871528625488, 0.49675044417381287, -0.00024231984571088105, 0.513314962387085, 0.45248422026634216, -0.016049887984991074, 0.4819333255290985, 0.45741790533065796, -0.025296369567513466, 0.4599733352661133, 0.47431913018226624, -0.026955442503094673, 0.552022397518158, 0.5196724534034729, -0.005921227857470512, 0.5209608674049377, 0.47240084409713745, -0.01984313130378723, 0.4997918903827667, 0.4573623538017273, -0.025755010545253754, 0.4831852316856384, 0.4551234841346741, -0.02599135786294937]"
[],"[0.5465645790100098, 0.32280996441841125, 1.597938421582512e-07, 0.5910389423370361, 0.34298813343048096, -0.02274070493876934, 0.6267359852790833, 0.2940176725387573, -0.03684624657034874, 0.6475854516029358, 0.22151222825050354, -0.04375326633453369, 0.6561344861984253, 0.1608761101961136, -0.047434672713279724, 0.579623281955719, 0.25595545768737793, -0.058506425470113754, 0.6185916066169739, 0.16940061748027802, -0.07138945162296295, 0.6331212520599365, 0.18621450662612915, -0.06706634908914566, 0.6283629536628723, 0.21017758548259735, -0.059810273349285126, 0.5533403158187866, 0.22264686226844788, -0.04867517575621605, 0.6041596531867981, 0.13728569447994232, -0.05696708336472511, 0.620363712310791, 0.16437052190303802, -0.0489119216799736, 0.6155142188072205, 0.1925535947084427, -0.04232378304004669, 0.5380348563194275, 0.19892293214797974, -0.037843409925699234, 0.5910438299179077, 0.13141225278377533, -0.041946008801460266, 0.6056506037712097, 0.15879981219768524, -0.03248191252350807, 0.5998237729072571, 0.18319997191429138, -0.026520436629652977, 0.530522346496582, 0.18260805308818817, -0.028099382296204567, 0.5760511755943298, 0.1393153965473175, -0.031767066568136215, 0.5887165665626526, 0.16078674793243408, -0.027638163417577744, 0.5837254524230957, 0.17972436547279358, -0.024524856358766556]"
[],"[0.5469224452972412, 0.32570892572402954, 1.4692955119244289e-07, 0.5895236134529114, 0.3463195860385895, -0.026759443804621696, 0.6245469450950623, 0.2987609803676605, -0.040888428688049316, 0.6456911563873291, 0.22528043389320374, -0.047059815376996994, 0.6559663414955139, 0.16304560005664825, -0.048942726105451584, 0.5710751414299011, 0.25429821014404297, -0.056485775858163834, 0.6147834062576294, 0.16925211250782013, -0.07141447812318802, 0.6297857165336609, 0.19563692808151245, -0.06956136226654053, 0.6232329607009888, 0.2214866429567337, -0.06370791047811508, 0.5487092733383179, 0.2192891538143158, -0.04468284174799919, 0.6046774387359619, 0.14142493903636932, -0.056196048855781555, 0.6198192834854126, 0.17838574945926666, -0.05138712748885155, 0.6107733845710754, 0.20974841713905334, -0.04599970206618309, 0.5384519100189209, 0.19553929567337036, -0.032582253217697144, 0.5943344831466675, 0.1369878053665161, -0.038680531084537506, 0.6064465045928955, 0.17086684703826904, -0.030405573546886444, 0.5974737405776978, 0.19521918892860413, -0.024353092536330223, 0.5356909036636353, 0.17959590256214142, -0.022066280245780945, 0.582664430141449, 0.14492642879486084, -0.026806365698575974, 0.5909968018531799, 0.17153769731521606, -0.023352941498160362, 0.5823222994804382, 0.19100750982761383, -0.020223259925842285]"
[],"[0.5465011596679688, 0.3320049047470093, 1.2893958789561566e-08, 0.5924112796783447, 0.33771759271621704, -0.030579322949051857, 0.6189752817153931, 0.2799786627292633, -0.046659793704748154, 0.6345471739768982, 0.20775601267814636, -0.05480325594544411, 0.6353469491004944, 0.14574402570724487, -0.05776264891028404, 0.5597342252731323, 0.23348557949066162, -0.05812838673591614, 0.6120159029960632, 0.14710384607315063, -0.07535930722951889, 0.6219910383224487, 0.1921691745519638, -0.07621238380670547, 0.6139864921569824, 0.2252250462770462, -0.073116235435009, 0.5391574501991272, 0.20560762286186218, -0.045313142240047455, 0.6005114316940308, 0.13256996870040894, -0.059558261185884476, 0.6078611016273499, 0.1760636419057846, -0.055869508534669876, 0.5960146188735962, 0.2047313153743744, -0.05156642571091652, 0.5309627056121826, 0.18715859949588776, -0.03285256400704384, 0.5889040231704712, 0.1349046677350998, -0.04011634364724159, 0.5941830277442932, 0.1726313829421997, -0.0311996228992939, 0.5831319689750671, 0.19512581825256348, -0.025286700576543808, 0.530830442905426, 0.17662450671195984, -0.022684117779135704, 0.5789229273796082, 0.14781762659549713, -0.026352383196353912, 0.5828432440757751, 0.17750373482704163, -0.02234036847949028, 0.5726565718650818, 0.1970478594303131, -0.01966673880815506]"
[],"[0.5505653619766235, 0.3524101972579956, 8.099410031547905e-11, 0.5842522382736206, 0.3180557191371918, -0.03407340496778488, 0.5962566137313843, 0.24788284301757812, -0.046723924577236176, 0.607385516166687, 0.18145574629306793, -0.05219845473766327, 0.6118897795677185, 0.12240740656852722, -0.052030328661203384, 0.5332936644554138, 0.18502359092235565, -0.03459172323346138, 0.5911145210266113, 0.117375448346138, -0.05115923285484314, 0.6044197678565979, 0.16876383125782013, -0.05805959552526474, 0.5971325039863586, 0.20285870134830475, -0.059941329061985016, 0.5224606990814209, 0.17446085810661316, -0.02026185393333435, 0.5826361775398254, 0.11654988676309586, -0.034663110971450806, 0.5933018326759338, 0.16708071529865265, -0.03591916337609291, 0.5843148231506348, 0.19681696593761444, -0.03438650444149971, 0.5217350721359253, 0.17266440391540527, -0.008920874446630478, 0.5786144137382507, 0.1253461241722107, -0.020373595878481865, 0.586265504360199, 0.16847489774227142, -0.01573316939175129, 0.5771936178207397, 0.19242562353610992, -0.010613243095576763, 0.526061475276947, 0.17708051204681396, -0.00036703405203297734, 0.5711607933044434, 0.14182157814502716, -0.0076081943698227406, 0.5772138833999634, 0.17620615661144257, -0.005057521630078554, 0.5691491365432739, 0.19785332679748535, -0.0018004912417382002]"
"[0.5339189767837524, 0.6781213879585266, -1.1805458655089751e-07, 0.5501599311828613, 0.6271787285804749, -0.028225190937519073, 0.5454688668251038, 0.5747630596160889, -0.04125313088297844, 0.5165354609489441, 0.5386866331100464, -0.05184877663850784, 0.4843677580356598, 0.5217132568359375, -0.06234519183635712, 0.5212336778640747, 0.512104868888855, -0.014333409257233143, 0.4952848255634308, 0.47678932547569275, -0.034109558910131454, 0.4800724983215332, 0.5022073984146118, -0.051448944956064224, 0.47432687878608704, 0.5353156924247742, -0.06081884354352951, 0.4996602237224579, 0.5246639847755432, -0.006710123270750046, 0.46977367997169495, 0.5006495714187622, -0.0273376926779747, 0.45443612337112427, 0.5287217497825623, -0.04713169485330582, 0.4459657669067383, 0.5661278963088989, -0.05784079059958458, 0.48476552963256836, 0.5423301458358765, -0.002797518391162157, 0.4573739171028137, 0.5185117125511169, -0.025145478546619415, 0.4418404996395111, 0.5433995723724365, -0.04114261269569397, 0.43497389554977417, 0.5801256895065308, -0.04703126847743988, 0.47404757142066956, 0.5632660984992981, -0.000439275405369699, 0.4530753195285797, 0.5388673543930054, -0.017669538035988808, 0.44186273217201233, 0.5516551733016968, -0.02621503174304962, 0.43547359108924866, 0.5747857093811035, -0.029027802869677544]",[]
"[0.5439974069595337, 0.6590723395347595, 2.130764897856352e-07, 0.5638580322265625, 0.6126779317855835, -0.02706965059041977, 0.5638914108276367, 0.5525358319282532, -0.03886377066373825, 0.5389785170555115, 0.5087769031524658, -0.048007793724536896, 0.5069237351417542, 0.48877182602882385, -0.0579502172768116, 0.544827938079834, 0.4742391109466553, -0.020706523209810257, 0.5608310103416443, 0.4017908573150635, -0.0352872833609581, 0.5676862597465515, 0.35566848516464233, -0.04748041182756424, 0.5703591704368591, 0.3179147243499756, -0.05625833198428154, 0.5184585452079773, 0.4850364327430725, -0.014893942512571812, 0.5014014840126038, 0.4462745487689972, -0.03693423792719841, 0.4835612177848816, 0.46582159399986267, -0.05265634134411812, 0.47175028920173645, 0.4939996004104614, -0.05971010774374008, 0.4980795383453369, 0.5067148208618164, -0.011474709026515484, 0.479158878326416, 0.4801812767982483, -0.03544158488512039, 0.46380940079689026, 0.5041624307632446, -0.04665268957614899, 0.45494261384010315, 0.5368407368659973, -0.04887763410806656, 0.48533910512924194, 0.5379772186279297, -0.009622358717024326, 0.46778157353401184, 0.5196980237960815, -0.030450845137238503, 0.45691758394241333, 0.5342813730239868, -0.03774412348866463, 0.4495096802711487, 0.5553232431411743, -0.03836655244231224]",[]
"[0.5235951542854309, 0.5324643850326538, -8.092654546487665e-09, 0.5478965640068054, 0.49990135431289673, -0.03461502492427826, 0.5617480874061584, 0.4733789265155792, -0.058260295540094376, 0.568267285823822, 0.4705929756164551, -0.07964668422937393, 0.5608500242233276, 0.47433096170425415, -0.10132107883691788, 0.5194748044013977, 0.4099906384944916, -0.04681294038891792, 0.4993303716182709, 0.3736819326877594, -0.07857894897460938, 0.49342456459999084, 0.3984048366546631, -0.10175132751464844, 0.5005027651786804, 0.43572771549224854, -0.1146528348326683, 0.49816107749938965, 0.4443110525608063, -0.04281283915042877, 0.47569000720977783, 0.4305576682090759, -0.07689817249774933, 0.4810916781425476, 0.4692358374595642, -0.09582590311765671, 0.49786651134490967, 0.5047850012779236, -0.10547792166471481, 0.4836075007915497, 0.4811881184577942, -0.04205402359366417, 0.4670454263687134, 0.48412182927131653, -0.07090820372104645, 0.4743204116821289, 0.5107370615005493, -0.08234166353940964, 0.4903772473335266, 0.5409805178642273, -0.08611200749874115, 0.47569698095321655, 0.5167689323425293, -0.04413618519902229, 0.4592878818511963, 0.5263388752937317, -0.06334355473518372, 0.46271812915802, 0.543372631072998, -0.07009134441614151, 0.47408851981163025, 0.5626963973045349, -0.07296107709407806]",[]
"[0.5264054536819458, 0.5496271252632141, 1.560938489575392e-09, 0.548891007900238, 0.5058161020278931, -0.028508007526397705, 0.561711847782135, 0.46930134296417236, -0.048192720860242844, 0.5701481103897095, 0.46940138936042786, -0.0671294704079628, 0.5657999515533447, 0.48832228779792786, -0.08622106164693832, 0.5185486674308777, 0.4182578921318054, -0.03458678722381592, 0.4969438314437866, 0.3867729902267456, -0.06425455957651138, 0.49253520369529724, 0.4090019464492798, -0.08551831543445587, 0.5008758902549744, 0.4446913003921509, -0.09671948850154877, 0.4951974153518677, 0.453291118144989, -0.03274785354733467, 0.47386258840560913, 0.4378766417503357, -0.06541243195533752, 0.4846687316894531, 0.479697585105896, -0.08180318772792816, 0.50461745262146, 0.5196366310119629, -0.08860213309526443, 0.47971242666244507, 0.49178993701934814, -0.03425201401114464, 0.4648614823818207, 0.4890274405479431, -0.061316777020692825, 0.4783300757408142, 0.5194567441940308, -0.06924281269311905, 0.4974822402000427, 0.5523438453674316, -0.06970742344856262, 0.470522403717041, 0.5303723812103271, -0.03837957605719566, 0.4547295868396759, 0.5323585867881775, -0.05480543524026871, 0.4623236060142517, 0.5498805046081543, -0.05851802974939346, 0.47619393467903137, 0.569067120552063, -0.05884820222854614]",[]
"[0.5724642872810364, 0.6508098244667053, 1.1882667649842915e-07, 0.5802854895591736, 0.5884299278259277, -0.008361803367733955, 0.5652062892913818, 0.5140073299407959, -0.008421012200415134, 0.5408844947814941, 0.4731656610965729, -0.009108721278607845, 0.5141783952713013, 0.4561021327972412, -0.009728983044624329, 0.5558316707611084, 0.4798823297023773, 0.013524439185857773, 0.5321874618530273, 0.44677305221557617, 0.008331548422574997, 0.5097633600234985, 0.42749834060668945, -0.00031667674193158746, 0.49138641357421875, 0.41693317890167236, -0.006574186496436596, 0.5410539507865906, 0.5003101825714111, 0.012961139902472496, 0.5176481008529663, 0.4634557068347931, 0.009425985626876354, 0.4967944622039795, 0.44125649333000183, 0.0008133625378832221, 0.47739019989967346, 0.4288511872291565, -0.0050632404163479805, 0.5295673608779907, 0.5250468254089355, 0.009730622172355652, 0.5075176954269409, 0.48513004183769226, 0.004152565263211727, 0.49216967821121216, 0.4652155637741089, 0.0004724880855064839, 0.4774215817451477, 0.45276910066604614, -0.0007608924061059952, 0.5196651816368103, 0.5547095537185669, 0.005132168997079134, 0.5064267516136169, 0.5139269828796387, -0.0001479024504078552, 0.49714648723602295, 0.49174055457115173, -0.0006287691066972911, 0.4885100722312927, 0.4748936593532562, 0.0003055653069168329]",[]
"[0.5304891467094421, 0.5686761736869812, -1.690486328698171e-08, 0.5535202622413635, 0.5374630689620972, -0.03187721222639084, 0.5690257549285889, 0.504016637802124, -0.05371249094605446, 0.5765565037727356, 0.4914206266403198, -0.07429390400648117, 0.5678151249885559, 0.49371597170829773, -0.09444404393434525, 0.5197358727455139, 0.43409526348114014, -0.03618626669049263, 0.49398869276046753, 0.39364543557167053, -0.06757522374391556, 0.4926876723766327, 0.4143840968608856, -0.08986470103263855, 0.5046406984329224, 0.4505520761013031, -0.1011299192905426, 0.4971841871738434, 0.46831652522087097, -0.03323584049940109, 0.47353339195251465, 0.445116251707077, -0.06818683445453644, 0.48751115798950195, 0.4885921776294708, -0.08502010256052017, 0.5100818276405334, 0.5279269814491272, -0.09113934636116028, 0.481647789478302, 0.505810022354126, -0.03415627032518387, 0.4640428423881531, 0.4968641996383667, -0.06307647377252579, 0.48053494095802307, 0.530142068862915, -0.06997338682413101, 0.5025239586830139, 0.5623190999031067, -0.06895673274993896, 0.47208958864212036, 0.5443877577781677, -0.037964485585689545, 0.453045129776001, 0.5413285493850708, -0.05574547126889229, 0.4637967348098755, 0.5594162940979004, -0.05900834500789642, 0.480707049369812, 0.57707679271698, -0.05832579731941223]",[]
"[0.5362001061439514, 0.5860368013381958, -2.9766916043172387e-08, 0.5627464056015015, 0.5579879283905029, -0.03580367565155029, 0.5800769329071045, 0.5221124887466431, -0.059184569865465164, 0.5865889191627502, 0.5058259963989258, -0.08089074492454529, 0.5719499588012695, 0.5099552273750305, -0.10179221630096436, 0.520205557346344, 0.4410070478916168, -0.035332199186086655, 0.4924216568470001, 0.4024040102958679, -0.06806713342666626, 0.49402958154678345, 0.4261590242385864, -0.09234340488910675, 0.510021984577179, 0.46309682726860046, -0.10496138036251068, 0.49786821007728577, 0.4755370616912842, -0.031076161190867424, 0.47409817576408386, 0.4529729187488556, -0.0692024677991867, 0.4902709722518921, 0.5006075501441956, -0.08979000151157379, 0.5149345993995667, 0.541389524936676, -0.09785457700490952, 0.4813131093978882, 0.5130696296691895, -0.031172169372439384, 0.4629417061805725, 0.5047969818115234, -0.0634528249502182, 0.48104920983314514, 0.5401865839958191, -0.07388677448034286, 0.5063784718513489, 0.57500159740448, -0.07463859021663666, 0.4733494520187378, 0.5521055459976196, -0.0343327634036541, 0.4533998370170593, 0.5518214106559753, -0.054678697139024734, 0.4658513069152832, 0.5716984868049622, -0.06053901091217995, 0.4852178394794464, 0.5904856324195862, -0.06149674952030182]",[]
"[0.5312446355819702, 0.5926685333251953, -4.812936182929661e-08, 0.5597721934318542, 0.5665019154548645, -0.038560111075639725, 0.5792310237884521, 0.5307799577713013, -0.06333498656749725, 0.5850395560264587, 0.510066032409668, -0.08585336059331894, 0.5686118602752686, 0.5092558264732361, -0.1075635701417923, 0.518151044845581, 0.4489143192768097, -0.03968057036399841, 0.49250850081443787, 0.40862709283828735, -0.07321605831384659, 0.4928332567214966, 0.43488484621047974, -0.0965408980846405, 0.5053054690361023, 0.472324937582016, -0.10797957330942154, 0.49474969506263733, 0.4829884469509125, -0.03387296944856644, 0.47369077801704407, 0.4620934724807739, -0.07180452346801758, 0.49083027243614197, 0.5126244425773621, -0.09040490537881851, 0.5152116417884827, 0.5538809299468994, -0.09671101719141006, 0.47808682918548584, 0.5185988545417786, -0.03259159252047539, 0.46097612380981445, 0.5102731585502625, -0.06525732576847076, 0.48006099462509155, 0.5494217872619629, -0.07433845847845078, 0.5040414929389954, 0.5847044587135315, -0.07370700687170029, 0.46732664108276367, 0.5545148253440857, -0.03454826772212982, 0.4499429166316986, 0.5546269416809082, -0.05643133819103241, 0.462751567363739, 0.5793806314468384, -0.06204606220126152, 0.4808376729488373, 0.602237343788147, -0.06203533709049225]",[]
"[0.5275050401687622, 0.628539502620697, -1.0187449106524582e-07, 0.558624804019928, 0.5878782272338867, -0.03279740363359451, 0.5830642580986023, 0.5442943572998047, -0.05350138992071152, 0.5782628655433655, 0.5116688013076782, -0.07293291389942169, 0.5526894927024841, 0.5071606636047363, -0.09126409888267517, 0.5176414251327515, 0.45890724658966064, -0.028600651770830154, 0.49140146374702454, 0.4094463288784027, -0.060542818158864975, 0.4878745377063751, 0.43641507625579834, -0.08317916840314865, 0.49846622347831726, 0.47948163747787476, -0.09372695535421371, 0.4936458170413971, 0.49352961778640747, -0.024548662826418877, 0.4692792296409607, 0.4621391296386719, -0.06146584451198578, 0.48215338587760925, 0.5105295777320862, -0.07985525578260422, 0.5041539669036865, 0.5570089817047119, -0.08524161577224731, 0.4765257239341736, 0.5288805961608887, -0.024930747225880623, 0.4561842679977417, 0.5146464109420776, -0.05656644329428673, 0.4727237820625305, 0.551997721195221, -0.06478969007730484, 0.49505460262298584, 0.5888258814811707, -0.06300395727157593, 0.4648483395576477, 0.5654035210609436, -0.028228675946593285, 0.4454938769340515, 0.5589710474014282, -0.04854489490389824, 0.4577837884426117, 0.5821563601493835, -0.05291284993290901, 0.475827693939209, 0.6045041680335999, -0.05153811722993851]",[]
"[0.5327765941619873, 0.6314337253570557, -1.0769944225330619e-07, 0.5587013959884644, 0.5809125304222107, -0.029465897008776665, 0.5737296342849731, 0.5366838574409485, -0.0469687320291996, 0.56146639585495, 0.5041031837463379, -0.0633658617734909, 0.5326714515686035, 0.5011439323425293, -0.07899712771177292, 0.5181427597999573, 0.44957175850868225, -0.02091999724507332, 0.49527832865715027, 0.4028157591819763, -0.04903077334165573, 0.4857949912548065, 0.42828699946403503, -0.07039076089859009, 0.4906606078147888, 0.47058045864105225, -0.08094526827335358, 0.49278247356414795, 0.48100951313972473, -0.016833294183015823, 0.46540436148643494, 0.4521373212337494, -0.05035674571990967, 0.47131097316741943, 0.5024360418319702, -0.06887861341238022, 0.4891771972179413, 0.5574106574058533, -0.07475484907627106, 0.4762405753135681, 0.5155034065246582, -0.016880040988326073, 0.4529992640018463, 0.507201611995697, -0.04650460556149483, 0.4624197781085968, 0.5447627902030945, -0.055799610912799835, 0.4793867766857147, 0.587118923664093, -0.05470723658800125, 0.4646025002002716, 0.5505021214485168, -0.019376061856746674, 0.44336262345314026, 0.547213613986969, -0.03790849819779396, 0.44984039664268494, 0.5721708536148071, -0.0414699912071228, 0.46370163559913635, 0.5985289216041565, -0.0395624078810215]",[]
"[0.5407593250274658, 0.6723432540893555, -1.6483131304312337e-08, 0.5631371736526489, 0.6224684715270996, -0.017209365963935852, 0.5675110816955566, 0.5513718128204346, -0.022974036633968353, 0.5463140606880188, 0.5073873996734619, -0.02870091050863266, 0.5163669586181641, 0.4942851662635803, -0.03434206545352936, 0.5356925129890442, 0.49244609475135803, -0.0038487461861222982, 0.5164160132408142, 0.44287851452827454, -0.021394073963165283, 0.49965935945510864, 0.45061424374580383, -0.03532915934920311, 0.49212804436683655, 0.4776957035064697, -0.04250304028391838, 0.512496292591095, 0.5080768465995789, -0.0022854998242110014, 0.4833980202674866, 0.4669382572174072, -0.02287602238357067, 0.4765348434448242, 0.4930395781993866, -0.03675394877791405, 0.4818594455718994, 0.5318714380264282, -0.041903216391801834, 0.49632078409194946, 0.5327089428901672, -0.00408168463036418, 0.4683358371257782, 0.4916381239891052, -0.026290619745850563, 0.464109867811203, 0.5158033967018127, -0.03511916100978851, 0.4692831039428711, 0.5549991130828857, -0.03527951240539551, 0.48529788851737976, 0.5632513761520386, -0.007049846462905407, 0.4641914963722229, 0.5285874605178833, -0.02537410333752632, 0.46054786443710327, 0.5389491319656372, -0.030940759927034378, 0.46439993381500244, 0.5617708563804626, -0.0305698961019516]",[]
"[0.5327920317649841, 0.5663118362426758, -1.6987007711577462e-07, 0.5490065813064575, 0.5534205436706543, -0.022205639630556107, 0.5498987436294556, 0.5349370837211609, -0.03679705038666725, 0.5313952565193176, 0.5203322172164917, -0.04958334192633629, 0.5072843432426453, 0.514288067817688, -0.06254495680332184, 0.5361971855163574, 0.4561889171600342, -0.027112403884530067, 0.515407145023346, 0.4393581748008728, -0.048596225678920746, 0.49905404448509216, 0.4652092754840851, -0.06355316191911697, 0.4912736415863037, 0.49552303552627563, -0.07115498930215836, 0.5177373886108398, 0.4535215198993683, -0.023811811581254005, 0.4874366819858551, 0.44709110260009766, -0.04523242637515068, 0.4765035808086395, 0.48585933446884155, -0.056741610169410706, 0.47687602043151855, 0.5259858965873718, -0.0610562227666378, 0.5042885541915894, 0.46156784892082214, -0.02273109182715416, 0.4745367169380188, 0.45666006207466125, -0.044499170035123825, 0.4658048748970032, 0.49253374338150024, -0.05053352937102318, 0.4669792056083679, 0.5309708118438721, -0.04948287829756737, 0.4954169690608978, 0.4756532609462738, -0.022915849462151527, 0.4719742238521576, 0.4695699214935303, -0.039948076009750366, 0.46673864126205444, 0.49453336000442505, -0.04235311597585678, 0.46948474645614624, 0.521523118019104, -0.039953798055648804]",[]
[],"[0.5380684733390808, 0.6842201948165894, -2.8818089958804194e-07, 0.5126510262489319, 0.6560422778129578, 0.00811231229454279, 0.4942975342273712, 0.60791015625, 0.01135597936809063, 0.48575347661972046, 0.5706466436386108, 0.010302322916686535, 0.47923439741134644, 0.5415431261062622, 0.008461346849799156, 0.5217676758766174, 0.5395857095718384, 0.01772298477590084, 0.49994027614593506, 0.5117547512054443, 0.011680048890411854, 0.47888410091400146, 0.508272111415863, 0.004300990607589483, 0.46282660961151123, 0.5120157599449158, -0.0007840649923309684, 0.5333811044692993, 0.5323288440704346, 0.007437497843056917, 0.5051577091217041, 0.5098410248756409, 0.0017568148905411363, 0.482555627822876, 0.5079665184020996, -0.005605617072433233, 0.4631226658821106, 0.5160595774650574, -0.010307897813618183, 0.5431722402572632, 0.5338982939720154, -0.004096288233995438, 0.5144914984703064, 0.5108341574668884, -0.011783026158809662, 0.4908827245235443, 0.5053496360778809, -0.015173668041825294, 0.46946242451667786, 0.507306694984436, -0.016222277656197548, 0.5510386228561401, 0.5446732044219971, -0.015541385859251022, 0.5272201895713806, 0.5165137648582458, -0.025558246299624443, 0.5075234174728394, 0.5041511654853821, -0.028592193499207497, 0.48765265941619873, 0.49853515625, -0.028671961277723312]"
[],"[0.4731499254703522, 0.48693445324897766, -1.1905409991186389e-07, 0.463673859834671, 0.5167359113693237, -0.005743107292801142, 0.45423591136932373, 0.5506084561347961, -0.015254953876137733, 0.44951778650283813, 0.5682206153869629, -0.026008963584899902, 0.4470332860946655, 0.5712832808494568, -0.037584587931632996, 0.453244149684906, 0.5232868194580078, -0.013271701522171497, 0.4484041929244995, 0.5459108352661133, -0.023754673078656197, 0.44800516963005066, 0.558489203453064, -0.033645231276750565, 0.44754496216773987, 0.5638720989227295, -0.040003448724746704, 0.4586907625198364, 0.5125595927238464, -0.016352031379938126, 0.45518073439598083, 0.5309128165245056, -0.024628860875964165, 0.45644527673721313, 0.549297034740448, -0.031101657077670097, 0.45637601613998413, 0.559510350227356, -0.03665202483534813, 0.46823689341545105, 0.5020449161529541, -0.019502338021993637, 0.4636465907096863, 0.51646888256073, -0.026858000084757805, 0.4656560719013214, 0.5348390936851501, -0.028652062639594078, 0.4655776917934418, 0.5460476279258728, -0.029901642352342606, 0.4807436466217041, 0.49144381284713745, -0.023296833038330078, 0.48094484210014343, 0.49927109479904175, -0.025872647762298584, 0.48211562633514404, 0.507041871547699, -0.02304518036544323, 0.48075369000434875, 0.511583149433136, -0.021635184064507484]"
"[0.5341880321502686, 0.6780822277069092, -2.226683051276268e-07, 0.5369864106178284, 0.6213057041168213, -0.017711419612169266, 0.5284328460693359, 0.5666171312332153, -0.028569651767611504, 0.5030117630958557, 0.5312984585762024, -0.03833090141415596, 0.4775845408439636, 0.5207611322402954, -0.0485149584710598, 0.5415870547294617, 0.4867355525493622, -0.012066280469298363, 0.5046341419219971, 0.4504283666610718, -0.030970733612775803, 0.48068156838417053, 0.46850839257240295, -0.04589361697435379, 0.4680670499801636, 0.49957045912742615, -0.05317188799381256, 0.5301737785339355, 0.4997888207435608, -0.009487595409154892, 0.48118460178375244, 0.4818168878555298, -0.028338298201560974, 0.4592001438140869, 0.5159242153167725, -0.04208284616470337, 0.4493226110935211, 0.5539280772209167, -0.04810825362801552, 0.518145740032196, 0.5248199105262756, -0.009424901567399502, 0.4725702702999115, 0.5056519508361816, -0.029435960575938225, 0.4526621401309967, 0.5306282639503479, -0.038553401827812195, 0.4440149664878845, 0.5621159672737122, -0.03944099321961403, 0.5056194067001343, 0.55523282289505, -0.010094926692545414, 0.47305619716644287, 0.5267124772071838, -0.025411861017346382, 0.45879819989204407, 0.5339655876159668, -0.028970036655664444, 0.450982928276062, 0.5485959649085999, -0.027237674221396446]","[0.5449844598770142, 0.4068511128425598, 8.921892913349438e-08, 0.5726401209831238, 0.3666094243526459, -0.04632778465747833, 0.5765899419784546, 0.29311639070510864, -0.06310579180717468, 0.5813807249069214, 0.2183104008436203, -0.06997348368167877, 0.5785638689994812, 0.1526850461959839, -0.07014382630586624, 0.5133600234985352, 0.2293892651796341, -0.039954282343387604, 0.5593663454055786, 0.15644234418869019, -0.05506157502532005, 0.5740273594856262, 0.2060137391090393, -0.059609219431877136, 0.5659370422363281, 0.24026824533939362, -0.05851733684539795, 0.5074322819709778, 0.22497233748435974, -0.01782331056892872, 0.5558308362960815, 0.16157934069633484, -0.032156892120838165, 0.5684293508529663, 0.21140079200267792, -0.035426925867795944, 0.5581517219543457, 0.23808246850967407, -0.03410927206277847, 0.5111421942710876, 0.22730766236782074, 0.0006756936199963093, 0.5548019409179688, 0.17922808229923248, -0.012867724522948265, 0.5642832517623901, 0.2229539155960083, -0.01221384759992361, 0.5546899437904358, 0.24419106543064117, -0.00840045977383852, 0.5172428488731384, 0.2301757037639618, 0.015994688495993614, 0.5535465478897095, 0.19335953891277313, 0.007282184436917305, 0.5589231848716736, 0.22714750468730927, 0.007733932696282864, 0.548474133014679, 0.24731631577014923, 0.010488773696124554]"
[],"[0.5336827635765076, 0.3759523630142212, 5.860352203512775e-08, 0.5775299668312073, 0.3697558641433716, -0.03142393380403519, 0.601779043674469, 0.3108562231063843, -0.04761619493365288, 0.6129521131515503, 0.235785573720932, -0.05550815165042877, 0.6136610507965088, 0.17308703064918518, -0.05799575522542, 0.5432126522064209, 0.2709512710571289, -0.055711422115564346, 0.5855301022529602, 0.1790400892496109, -0.07226355373859406, 0.6004843711853027, 0.2168624848127365, -0.0721694678068161, 0.5954161882400513, 0.25141358375549316, -0.0678621456027031, 0.5217722058296204, 0.2470632791519165, -0.041751567274332047, 0.57504802942276, 0.16567058861255646, -0.05630091577768326, 0.5868763327598572, 0.2051127851009369, -0.053202178329229355, 0.5768918395042419, 0.2348053902387619, -0.0486091747879982, 0.512759804725647, 0.229323610663414, -0.02830389328300953, 0.563450038433075, 0.17178921401500702, -0.037264470010995865, 0.5724328756332397, 0.20730628073215485, -0.02998495101928711, 0.5629497766494751, 0.23135989904403687, -0.02415747568011284, 0.5109539031982422, 0.21765846014022827, -0.016979897394776344, 0.5552180409431458, 0.18353770673274994, -0.022452060133218765, 0.5610815286636353, 0.2134854942560196, -0.019512880593538284, 0.5514838695526123, 0.2348746359348297, -0.016715075820684433]"
[],"[0.5372530817985535, 0.3571939170360565, 1.7471735702656588e-07, 0.5794281959533691, 0.3683188557624817, -0.022575069218873978, 0.6130769848823547, 0.31451117992401123, -0.03584709018468857, 0.6278479695320129, 0.24065303802490234, -0.04241527244448662, 0.6307169198989868, 0.18074899911880493, -0.04609832540154457, 0.5623692870140076, 0.2921571731567383, -0.05205084756016731, 0.5926465392112732, 0.20316186547279358, -0.06631796807050705, 0.6078140735626221, 0.20826296508312225, -0.06568125635385513, 0.6069110035896301, 0.22032612562179565, -0.061311762779951096, 0.5350913405418396, 0.2622990608215332, -0.04336528107523918, 0.5824282765388489, 0.16732355952262878, -0.054868362843990326, 0.5991134643554688, 0.19708043336868286, -0.050491128116846085, 0.5936107039451599, 0.23037004470825195, -0.04525088518857956, 0.5197581052780151, 0.23859240114688873, -0.034076057374477386, 0.5703319907188416, 0.16408652067184448, -0.03990570083260536, 0.5839716196060181, 0.1921430081129074, -0.031459223479032516, 0.5769514441490173, 0.21690522134304047, -0.025184743106365204, 0.5127527117729187, 0.2192009836435318, -0.026071256026625633, 0.5576134920120239, 0.16825225949287415, -0.029176097363233566, 0.5680255889892578, 0.1919887661933899, -0.024379204958677292, 0.5607084035873413, 0.21322761476039886, -0.02076808549463749]"
[],"[0.5350894331932068, 0.3535709083080292, 1.594819849515261e-07, 0.578514039516449, 0.36770695447921753, -0.01860068179666996, 0.6153006553649902, 0.31683027744293213, -0.0306540559977293, 0.634819507598877, 0.24453657865524292, -0.036458905786275864, 0.6409386992454529, 0.1860302835702896, -0.03965717554092407, 0.5688951015472412, 0.28939133882522583, -0.05415945500135422, 0.60170978307724, 0.19541290402412415, -0.06779798120260239, 0.6153966784477234, 0.2145887017250061, -0.06537874042987823, 0.6106365323066711, 0.23927399516105652, -0.05940164253115654, 0.5423480868339539, 0.2578755021095276, -0.04683459922671318, 0.5883470177650452, 0.16489297151565552, -0.05639050528407097, 0.6047879457473755, 0.19234025478363037, -0.050876788794994354, 0.5987099409103394, 0.22229300439357758, -0.045743271708488464, 0.5253773927688599, 0.234572172164917, -0.03813615068793297, 0.5725712776184082, 0.16029256582260132, -0.04226331785321236, 0.5870745778083801, 0.18718457221984863, -0.03346378356218338, 0.5817176103591919, 0.21088092029094696, -0.027658948674798012, 0.5160161256790161, 0.2173697054386139, -0.030250877141952515, 0.5567759871482849, 0.16948619484901428, -0.0330960638821125, 0.5690440535545349, 0.19095225632190704, -0.027953073382377625, 0.563837468624115, 0.20963464677333832, -0.02410503290593624]"
[],"[0.5341812968254089, 0.3531777858734131, 1.8614441898989753e-07, 0.578520655632019, 0.3679913282394409, -0.018772024661302567, 0.6143438816070557, 0.3178400993347168, -0.03168228641152382, 0.6344428658485413, 0.2480958104133606, -0.03813724219799042, 0.6418735980987549, 0.18827760219573975, -0.041662637144327164, 0.5694862008094788, 0.29475119709968567, -0.05844660475850105, 0.6033083200454712, 0.1979769617319107, -0.0715121403336525, 0.6194093823432922, 0.21155939996242523, -0.06578629463911057, 0.6145230531692505, 0.23779833316802979, -0.056902650743722916, 0.5421024560928345, 0.2626611292362213, -0.050736576318740845, 0.5900211334228516, 0.1676642745733261, -0.059928059577941895, 0.6065396666526794, 0.19454723596572876, -0.050709888339042664, 0.6003806591033936, 0.22380700707435608, -0.04259948432445526, 0.5249240398406982, 0.23858344554901123, -0.04150878265500069, 0.5735704898834229, 0.16171544790267944, -0.04511915147304535, 0.5890275239944458, 0.18793803453445435, -0.03361087664961815, 0.583466649055481, 0.21204030513763428, -0.02591024711728096, 0.5150389671325684, 0.22112879157066345, -0.033086974173784256, 0.5569999814033508, 0.1703643947839737, -0.03544570133090019, 0.5700821280479431, 0.19105948507785797, -0.02908303216099739, 0.5647701025009155, 0.21020033955574036, -0.024293171241879463]"
[],"[0.5378140807151794, 0.3564307689666748, 1.7829835030624963e-07, 0.5785585045814514, 0.3726631700992584, -0.019530517980456352, 0.6144003868103027, 0.323568731546402, -0.03316405788064003, 0.6349337697029114, 0.25252050161361694, -0.04017684608697891, 0.6409642100334167, 0.19404096901416779, -0.045281365513801575, 0.5731678009033203, 0.2979617714881897, -0.06075742095708847, 0.6022723317146301, 0.206231027841568, -0.07359113544225693, 0.617481529712677, 0.21803894639015198, -0.068828284740448, 0.6152639389038086, 0.2394593060016632, -0.0613940991461277, 0.5463324189186096, 0.26703494787216187, -0.05297364294528961, 0.5902931094169617, 0.17684391140937805, -0.0613921657204628, 0.6061414480209351, 0.20106211304664612, -0.05271986871957779, 0.601395845413208, 0.22671791911125183, -0.045849673449993134, 0.5290247201919556, 0.24285835027694702, -0.043520744889974594, 0.5739929676055908, 0.16708225011825562, -0.04718853533267975, 0.5892636179924011, 0.1912635862827301, -0.0368000790476799, 0.5850796103477478, 0.21388940513134003, -0.030201328918337822, 0.5189948081970215, 0.2239246517419815, -0.034835781902074814, 0.5576059222221375, 0.1716955006122589, -0.03814452141523361, 0.5716515779495239, 0.19012612104415894, -0.03295367956161499, 0.5677579641342163, 0.2079475373029709, -0.029093027114868164]"
[],"[0.5351144075393677, 0.36327338218688965, 1.6643105027469574e-07, 0.5797948241233826, 0.3781778812408447, -0.01892506703734398, 0.6148508191108704, 0.32681629061698914, -0.03199705481529236, 0.6346668004989624, 0.2566281855106354, -0.03813079372048378, 0.6424521207809448, 0.19747602939605713, -0.04112214595079422, 0.5729382634162903, 0.3014819025993347, -0.06238757446408272, 0.6054573655128479, 0.20337754487991333, -0.07367473840713501, 0.621112585067749, 0.21964924037456512, -0.06447770446538925, 0.6149702072143555, 0.24862009286880493, -0.053171686828136444, 0.5450079441070557, 0.2708563804626465, -0.054141439497470856, 0.5908329486846924, 0.1740882694721222, -0.062172938138246536, 0.6061305999755859, 0.20235152542591095, -0.050313882529735565, 0.5994095802307129, 0.23102518916130066, -0.04054059833288193, 0.5272802710533142, 0.24779808521270752, -0.04400390014052391, 0.5740540027618408, 0.1689063310623169, -0.04695507884025574, 0.5886350274085999, 0.19635118544101715, -0.033883236348629, 0.5824029445648193, 0.2202281355857849, -0.02534846030175686, 0.5162988305091858, 0.2315065562725067, -0.0345790721476078, 0.5570921897888184, 0.1773829311132431, -0.03699967637658119, 0.5696026682853699, 0.19831830263137817, -0.030115578323602676, 0.5637529492378235, 0.2173652946949005, -0.024993158876895905]"
[],"[0.538261353969574, 0.3641783595085144, 1.240913292122059e-07, 0.5801100134849548, 0.38165217638015747, -0.01891903392970562, 0.6155625581741333, 0.33246108889579773, -0.03138991445302963, 0.6361640691757202, 0.26239678263664246, -0.037130363285541534, 0.6427021026611328, 0.2034217268228531, -0.03982800990343094, 0.5738059282302856, 0.3013327419757843, -0.058668676763772964, 0.6090754866600037, 0.20588919520378113, -0.07127255946397781, 0.6208992004394531, 0.23006585240364075, -0.06552790850400925, 0.6124898195266724, 0.2599574327468872, -0.056808724999427795, 0.547755777835846, 0.2702310085296631, -0.0505160428583622, 0.5944793224334717, 0.18069125711917877, -0.059274423867464066, 0.6074984073638916, 0.21200472116470337, -0.050187937915325165, 0.5985855460166931, 0.24062511324882507, -0.04252369701862335, 0.5308788418769836, 0.24702401459217072, -0.04083240032196045, 0.5778967142105103, 0.17250749468803406, -0.04426810145378113, 0.5908682346343994, 0.20193076133728027, -0.03273952752351761, 0.5834425091743469, 0.22551706433296204, -0.02510637603700161, 0.5210806727409363, 0.23025590181350708, -0.03191123902797699, 0.5615269541740417, 0.17728152871131897, -0.03435113653540611, 0.5730024576187134, 0.1990545690059662, -0.027861803770065308, 0.5659632682800293, 0.2178109884262085, -0.02298484742641449]"
[],"[0.5357562303543091, 0.365930438041687, 1.391518225091204e-07, 0.5810904502868652, 0.3826825022697449, -0.019758189097046852, 0.6168797016143799, 0.32792675495147705, -0.03177773207426071, 0.6359949707984924, 0.2565074861049652, -0.036613766103982925, 0.6428816318511963, 0.19748620688915253, -0.03792666643857956, 0.5711999535560608, 0.3047865331172943, -0.059974268078804016, 0.6057114005088806, 0.2051439881324768, -0.07291770726442337, 0.6196136474609375, 0.23190782964229584, -0.06660555303096771, 0.6117826700210571, 0.26430341601371765, -0.05728094279766083, 0.5436403751373291, 0.2730095386505127, -0.05118457227945328, 0.590662956237793, 0.17806658148765564, -0.05984333157539368, 0.6059187650680542, 0.21161842346191406, -0.050274454057216644, 0.5977863669395447, 0.24292364716529846, -0.04225517436861992, 0.5261819362640381, 0.2496250569820404, -0.04089998081326485, 0.574339747428894, 0.17521315813064575, -0.044281914830207825, 0.5884247422218323, 0.20634666085243225, -0.03239571303129196, 0.5814869999885559, 0.23057839274406433, -0.024687310680747032, 0.5164304375648499, 0.232330784201622, -0.03145303204655647, 0.5582630634307861, 0.18218231201171875, -0.03418543189764023, 0.5697660446166992, 0.20717373490333557, -0.02763752080500126, 0.5627762079238892, 0.22704234719276428, -0.022782640531659126]"
[],"[0.5372204184532166, 0.36685270071029663, 1.457189853226737e-07, 0.5819478631019592, 0.3830246329307556, -0.024517573416233063, 0.615919291973114, 0.3322765529155731, -0.03857435658574104, 0.6335546374320984, 0.2566632926464081, -0.045256081968545914, 0.6373903751373291, 0.19462370872497559, -0.04800477996468544, 0.5612015724182129, 0.3019120693206787, -0.05594911053776741, 0.598716676235199, 0.20436085760593414, -0.0706789493560791, 0.6148280501365662, 0.22579941153526306, -0.06890624016523361, 0.6089503765106201, 0.2521984279155731, -0.06312792003154755, 0.5363443493843079, 0.26959317922592163, -0.04554234445095062, 0.5871205925941467, 0.1752537488937378, -0.056835055351257324, 0.6051404476165771, 0.20923253893852234, -0.05184059962630272, 0.597580075263977, 0.2420739233493805, -0.046480339020490646, 0.5234497785568237, 0.24562877416610718, -0.03456668555736542, 0.5767213702201843, 0.17125959694385529, -0.04041174799203873, 0.5914403796195984, 0.204323410987854, -0.031999099999666214, 0.5830461382865906, 0.23114150762557983, -0.025918984785676003, 0.5184838771820068, 0.22784683108329773, -0.024987397715449333, 0.5638490915298462, 0.18015633523464203, -0.029228901490569115, 0.5743075013160706, 0.20538043975830078, -0.02533435821533203, 0.5660302042961121, 0.2277507483959198, -0.022136161103844643]"
[],"[0.577612042427063, 0.627446174621582, 8.017310904051556e-08, 0.5627811551094055, 0.5998013615608215, -0.008838817477226257, 0.5411258935928345, 0.5351709127426147, -0.009886817075312138, 0.5304399728775024, 0.4885977506637573, -0.011271489784121513, 0.5176001787185669, 0.45366770029067993, -0.013064948841929436, 0.5397467613220215, 0.4791416525840759, 0.0017260864842683077, 0.5220370292663574, 0.4339616894721985, -0.0066647762432694435, 0.5038806796073914, 0.3986675441265106, -0.015572680160403252, 0.4904516935348511, 0.37186384201049805, -0.022757817059755325, 0.5427985787391663, 0.4825185537338257, -0.0018230776768177748, 0.5218220949172974, 0.43858736753463745, -0.010860136710107327, 0.5032756924629211, 0.4014301300048828, -0.021393833681941032, 0.48457518219947815, 0.369451642036438, -0.02802239917218685, 0.5488885045051575, 0.49456876516342163, -0.007300704717636108, 0.5259264707565308, 0.4532395005226135, -0.018147088587284088, 0.508891761302948, 0.4232752025127411, -0.022515563294291496, 0.49114182591438293, 0.39255785942077637, -0.023743972182273865, 0.5551630258560181, 0.5184706449508667, -0.014136546291410923, 0.5360428690910339, 0.4766024053096771, -0.025453917682170868, 0.5246044993400574, 0.450295090675354, -0.02728637307882309, 0.5155441761016846, 0.42502790689468384, -0.02645159512758255]"
[],"[0.5377190113067627, 0.3892786502838135, 8.156426645200554e-08, 0.5838037133216858, 0.3834269046783447, -0.025435391813516617, 0.610490620136261, 0.32428622245788574, -0.038950785994529724, 0.6247838735580444, 0.2497393935918808, -0.045940835028886795, 0.6270502805709839, 0.18732094764709473, -0.048054229468107224, 0.5524510145187378, 0.28551560640335083, -0.045329321175813675, 0.5917132496833801, 0.19166405498981476, -0.061024680733680725, 0.6056981682777405, 0.2266600877046585, -0.06255720555782318, 0.5992551445960999, 0.25979000329971313, -0.059357136487960815, 0.5296798348426819, 0.2619975507259369, -0.034501466900110245, 0.5807538032531738, 0.17647947371006012, -0.047420039772987366, 0.5944178104400635, 0.2144475132226944, -0.04591287672519684, 0.5852757692337036, 0.24527126550674438, -0.04272572323679924, 0.5190285444259644, 0.2450648844242096, -0.024101125076413155, 0.5697125792503357, 0.17920613288879395, -0.03144171088933945, 0.5804950594902039, 0.21339112520217896, -0.024196704849600792, 0.5716542601585388, 0.23858563601970673, -0.018492385745048523, 0.5157665610313416, 0.23323296010494232, -0.01552671380341053, 0.5602628588676453, 0.19394497573375702, -0.01981343701481819, 0.5674148797988892, 0.22068557143211365, -0.01606892980635166, 0.5584045052528381, 0.2410283386707306, -0.012769782915711403]"
"[0.5457245707511902, 0.7169389724731445, -3.139658488748864e-08, 0.5348865389823914, 0.6711429357528687, -0.03393230587244034, 0.5177263021469116, 0.615989089012146, -0.04410440847277641, 0.4889066219329834, 0.5813800692558289, -0.04935533180832863, 0.46081072092056274, 0.5560108423233032, -0.054175492376089096, 0.5362992882728577, 0.5401805639266968, -0.0018519345903769135, 0.5005003809928894, 0.5145096778869629, -0.007129698991775513, 0.4738169014453888, 0.5238888263702393, -0.01669415272772312, 0.4547862410545349, 0.5403062701225281, -0.021334100514650345, 0.5289577841758728, 0.5641507506370544, 0.014511095359921455, 0.49281659722328186, 0.5463577508926392, 0.012312373146414757, 0.46571916341781616, 0.552873432636261, -0.00031532542197965086, 0.443647563457489, 0.5668150186538696, -0.007480287924408913, 0.5219483971595764, 0.5882028341293335, 0.026715487241744995, 0.4908217489719391, 0.5683915615081787, 0.022873645648360252, 0.46468979120254517, 0.5632842779159546, 0.011194432154297829, 0.44452181458473206, 0.5634816884994507, 0.005681588314473629, 0.5124534368515015, 0.6128717064857483, 0.0363316610455513, 0.4856806993484497, 0.5856696963310242, 0.03176591545343399, 0.4681639075279236, 0.5745298862457275, 0.02711692824959755, 0.45617765188217163, 0.57016521692276, 0.026591062545776367]","[0.5065302848815918, 0.6029133796691895, -6.706429900305011e-08, 0.48508220911026, 0.5801169872283936, -0.0077213323675096035, 0.4665951728820801, 0.557684600353241, -0.012754670344293118, 0.45529675483703613, 0.5550325512886047, -0.0188654325902462, 0.45004403591156006, 0.559040367603302, -0.02407868579030037, 0.48902833461761475, 0.5112094879150391, 0.003025312442332506, 0.4860743284225464, 0.4724770188331604, -0.004395341034978628, 0.47371581196784973, 0.47618064284324646, -0.011248227208852768, 0.4635069966316223, 0.49075186252593994, -0.014458386227488518, 0.4978884756565094, 0.5069000720977783, 0.0033752459567040205, 0.4908115267753601, 0.4692085385322571, -0.003034120425581932, 0.47763147950172424, 0.476976215839386, -0.008911103010177612, 0.46812471747398376, 0.4947505593299866, -0.011141477152705193, 0.5070926547050476, 0.5050036907196045, 0.0016643435228616, 0.49877986311912537, 0.46991050243377686, -0.0028094565495848656, 0.48559731245040894, 0.4779011607170105, -0.006165060680359602, 0.4772288501262665, 0.49511784315109253, -0.006677473895251751, 0.5185175538063049, 0.5056620240211487, -0.001032578176818788, 0.5146709084510803, 0.47725534439086914, -0.0023859471548348665, 0.5038884878158569, 0.4754176437854767, -0.002216565189883113, 0.49568670988082886, 0.4835708737373352, -0.001047807396389544]"
"[0.5422759652137756, 0.7291197776794434, -1.2054491094204423e-07, 0.5484132170677185, 0.6797804236412048, -0.026233406737446785, 0.5405319333076477, 0.6164098381996155, -0.03588772937655449, 0.5099416971206665, 0.5742910504341125, -0.04360295087099075, 0.4770665466785431, 0.5558289885520935, -0.050260815769433975, 0.5304387211799622, 0.5330327153205872, -0.0039504882879555225, 0.4983527958393097, 0.49562737345695496, -0.019760625436902046, 0.47320955991744995, 0.5118905305862427, -0.03400393947958946, 0.4589536488056183, 0.54227614402771, -0.040895845741033554, 0.5153934955596924, 0.5442115068435669, 0.0034203832037746906, 0.4777093231678009, 0.5168144106864929, -0.012403221800923347, 0.45847851037979126, 0.545731246471405, -0.02684880793094635, 0.44699031114578247, 0.5820149779319763, -0.032278310507535934, 0.5050994157791138, 0.5652581453323364, 0.00657637370750308, 0.47086745500564575, 0.5383556485176086, -0.011964988894760609, 0.45264971256256104, 0.5588436126708984, -0.022895267233252525, 0.44162166118621826, 0.5900305509567261, -0.023758485913276672, 0.49535703659057617, 0.5919650197029114, 0.0077461968176066875, 0.46947628259658813, 0.5595588088035583, -0.007276264019310474, 0.4570466876029968, 0.561285674571991, -0.013077032752335072, 0.4497535228729248, 0.575431227684021, -0.012064491398632526]",[]
"[0.5594170093536377, 0.7010468244552612, 3.81471920718468e-08, 0.5728323459625244, 0.6390926241874695, -0.02552255615592003, 0.565980076789856, 0.5776508450508118, -0.034935757517814636, 0.5356505513191223, 0.5388033390045166, -0.04256134480237961, 0.5031461715698242, 0.5264919996261597, -0.04940224811434746, 0.5335280895233154, 0.520969808101654, -0.006409321911633015, 0.5086423754692078, 0.4632596969604492, -0.022812414914369583, 0.48789820075035095, 0.4673473536968231, -0.037074752151966095, 0.4782855212688446, 0.49098822474479675, -0.04482470452785492, 0.5104514956474304, 0.5423434376716614, -0.0006349643808789551, 0.48016834259033203, 0.49084383249282837, -0.020001355558633804, 0.4666156470775604, 0.5141637325286865, -0.035620033740997314, 0.4655303359031677, 0.5505553483963013, -0.04215824604034424, 0.4953655004501343, 0.573207676410675, 0.0011308775283396244, 0.46905213594436646, 0.5259009599685669, -0.01914939470589161, 0.4565025568008423, 0.5432340502738953, -0.03061322309076786, 0.4553711414337158, 0.5738738179206848, -0.03282508626580238, 0.48584574460983276, 0.6107898354530334, 0.0010714607778936625, 0.46700119972229004, 0.5718221664428711, -0.013986681587994099, 0.45692208409309387, 0.5737855434417725, -0.020003143697977066, 0.45399612188339233, 0.588811993598938, -0.020784644410014153]",[]
[],"[0.5670185089111328, 0.4876687824726105, -1.6789891787993838e-07, 0.5605052709579468, 0.4032725691795349, -0.016260704025626183, 0.5568625330924988, 0.32247400283813477, -0.022222578525543213, 0.562418520450592, 0.2526685893535614, -0.02699013240635395, 0.5716733336448669, 0.21036458015441895, -0.03205614537000656, 0.561656653881073, 0.3414372205734253, -0.014354665763676167, 0.5448993444442749, 0.3323517441749573, -0.030401557683944702, 0.5352799296379089, 0.3623032569885254, -0.04091200605034828, 0.5341205596923828, 0.3849479556083679, -0.04768293723464012, 0.5523601174354553, 0.3910623788833618, -0.013919433578848839, 0.5178583264350891, 0.39593005180358887, -0.03239111602306366, 0.5133898258209229, 0.43204009532928467, -0.04189947992563248, 0.5188188552856445, 0.45868608355522156, -0.04779622703790665, 0.5420926213264465, 0.43386462330818176, -0.0155952088534832, 0.5066043734550476, 0.44930317997932434, -0.035021014511585236, 0.5047907829284668, 0.47927939891815186, -0.03699340298771858, 0.5111401677131653, 0.5012766718864441, -0.03639039397239685, 0.5385675430297852, 0.47401952743530273, -0.018444787710905075, 0.5051575303077698, 0.4956507682800293, -0.03319734334945679, 0.5015966892242432, 0.5157904028892517, -0.03378087654709816, 0.5066666007041931, 0.5261453986167908, -0.032527342438697815]"
"[0.568137526512146, 0.4949496388435364, -2.198669761810379e-07, 0.5477182865142822, 0.4145130217075348, -0.013315003365278244, 0.5407053232192993, 0.3240186274051666, -0.017349306493997574, 0.551929771900177, 0.2499358355998993, -0.020385006442666054, 0.5686511397361755, 0.20953980088233948, -0.02289625070989132, 0.5562834143638611, 0.3357001841068268, -0.008043068461120129, 0.5485317707061768, 0.31610947847366333, -0.019497686997056007, 0.5412320494651794, 0.34458449482917786, -0.025575336068868637, 0.5397143363952637, 0.3621121048927307, -0.02891044318675995, 0.5615100860595703, 0.376655638217926, -0.0060114385560154915, 0.5414581894874573, 0.3811766505241394, -0.02005724422633648, 0.532421886920929, 0.4212208390235901, -0.02531641721725464, 0.5287063121795654, 0.44470638036727905, -0.027430055662989616, 0.5661623477935791, 0.40899917483329773, -0.005934237036854029, 0.542449414730072, 0.4234226942062378, -0.01841888763010502, 0.5334075689315796, 0.46132832765579224, -0.016543133184313774, 0.5285343527793884, 0.48405903577804565, -0.013942694291472435, 0.5752548575401306, 0.4398798942565918, -0.007055667694658041, 0.5551861524581909, 0.4543100595474243, -0.014553558081388474, 0.5467076897621155, 0.47645270824432373, -0.012231012806296349, 0.5432745814323425, 0.48641154170036316, -0.009136322885751724]","[0.5669671297073364, 0.43394342064857483, -3.647378150617442e-07, 0.5341662764549255, 0.3959497809410095, -0.017445677891373634, 0.5350235104560852, 0.29248496890068054, -0.0204877071082592, 0.5566464066505432, 0.21556580066680908, -0.022571247071027756, 0.576469361782074, 0.17440231144428253, -0.022230707108974457, 0.5735620260238647, 0.2501887381076813, -0.004172554239630699, 0.5965360999107361, 0.20460043847560883, -0.024524712935090065, 0.5826209783554077, 0.24625979363918304, -0.03538260981440544, 0.569341242313385, 0.2784213721752167, -0.03982778638601303, 0.5946888327598572, 0.2769109904766083, -0.004133379552513361, 0.614703357219696, 0.236149400472641, -0.026996159926056862, 0.5913882851600647, 0.2888171672821045, -0.032934170216321945, 0.5770171284675598, 0.32158204913139343, -0.031121421605348587, 0.6114497184753418, 0.3099026679992676, -0.008492584340274334, 0.6289172172546387, 0.277029812335968, -0.03301167115569115, 0.6019938588142395, 0.32995498180389404, -0.029322905465960503, 0.5860030651092529, 0.3598577380180359, -0.020498739555478096, 0.6283504366874695, 0.3476897180080414, -0.014381589367985725, 0.6387103796005249, 0.32796409726142883, -0.03342674300074577, 0.6167184114456177, 0.36808574199676514, -0.03125232085585594, 0.6018183827400208, 0.39100974798202515, -0.025096682831645012]"
[],"[0.5667478442192078, 0.5072503089904785, -2.7344808017915057e-07, 0.5440658926963806, 0.42656219005584717, -0.014774855226278305, 0.5355965495109558, 0.33059072494506836, -0.019504286348819733, 0.5472560524940491, 0.2487040013074875, -0.02345574088394642, 0.5657770037651062, 0.2071196734905243, -0.026362434029579163, 0.5557242631912231, 0.33877310156822205, -0.009257179684937, 0.5581607818603516, 0.30763328075408936, -0.0244885440915823, 0.543554425239563, 0.34446051716804504, -0.03022289089858532, 0.5371220707893372, 0.3696371912956238, -0.032207950949668884, 0.5582022070884705, 0.37943312525749207, -0.007753135170787573, 0.5380008816719055, 0.3809562027454376, -0.028107546269893646, 0.5276516675949097, 0.43357735872268677, -0.032524216920137405, 0.5282217264175415, 0.46716073155403137, -0.031630147248506546, 0.5606881976127625, 0.414476215839386, -0.008880370296537876, 0.5348220467567444, 0.429625540971756, -0.027393221855163574, 0.5273813009262085, 0.4796050786972046, -0.02323046699166298, 0.5285822749137878, 0.5107048749923706, -0.016763199120759964, 0.569337010383606, 0.45003241300582886, -0.011282633990049362, 0.5434344410896301, 0.46660441160202026, -0.023138023912906647, 0.5328027009963989, 0.49988019466400146, -0.02006170153617859, 0.5317770838737488, 0.5164221525192261, -0.014895603060722351]"
"[0.5575836300849915, 0.5295506715774536, 2.761282402730103e-08, 0.5754217505455017, 0.4764006733894348, -0.03301175683736801, 0.5839136242866516, 0.4320201873779297, -0.055394966155290604, 0.5945260524749756, 0.3995513617992401, -0.07571204751729965, 0.5990374088287354, 0.3787815570831299, -0.09674791246652603, 0.5371575355529785, 0.37155601382255554, -0.046049945056438446, 0.5072804689407349, 0.34734511375427246, -0.0796172246336937, 0.49997103214263916, 0.36672261357307434, -0.10225366801023483, 0.5045421123504639, 0.3897302448749542, -0.11494067311286926, 0.5123973488807678, 0.41440701484680176, -0.043641019612550735, 0.4829907715320587, 0.4152025580406189, -0.08192069083452225, 0.4992780387401581, 0.4657308757305145, -0.09721028804779053, 0.5215491652488708, 0.5072327852249146, -0.10250955075025558, 0.4950448274612427, 0.46012213826179504, -0.0444825142621994, 0.4744451344013214, 0.4804554283618927, -0.07995704561471939, 0.49641725420951843, 0.5247907638549805, -0.08261802792549133, 0.5197819471359253, 0.5588791370391846, -0.07783962041139603, 0.4849439859390259, 0.5053699612617493, -0.04798249900341034, 0.46454811096191406, 0.522403359413147, -0.07211253046989441, 0.47915175557136536, 0.5475853085517883, -0.07293505221605301, 0.4977361857891083, 0.5622252225875854, -0.06927711516618729]",[]
"[0.5467935800552368, 0.5507032871246338, -4.077977422412005e-08, 0.564846396446228, 0.5098345875740051, -0.03258844092488289, 0.576246440410614, 0.47189584374427795, -0.05530598759651184, 0.5830250978469849, 0.44489699602127075, -0.07613047957420349, 0.5843195915222168, 0.43049299716949463, -0.09681950509548187, 0.5268045663833618, 0.393719881772995, -0.04069450497627258, 0.49827247858047485, 0.36405056715011597, -0.0739448070526123, 0.4940060079097748, 0.38523000478744507, -0.09591498970985413, 0.5005216598510742, 0.4123364984989166, -0.10725484788417816, 0.5044450163841248, 0.4356723725795746, -0.03763115778565407, 0.4761061370372772, 0.42959457635879517, -0.07626153528690338, 0.4981307089328766, 0.4808955490589142, -0.09059126675128937, 0.5242019891738892, 0.5212140083312988, -0.09382619708776474, 0.4894787073135376, 0.47960707545280457, -0.03834160417318344, 0.46932804584503174, 0.48760154843330383, -0.07321306318044662, 0.49361658096313477, 0.5294417142868042, -0.07551315426826477, 0.5173783898353577, 0.5599802732467651, -0.06957682967185974, 0.4815949499607086, 0.5226479768753052, -0.041645899415016174, 0.4610288441181183, 0.5318737030029297, -0.06452902406454086, 0.47792354226112366, 0.5566037893295288, -0.06524785608053207, 0.4973990023136139, 0.5711081624031067, -0.06101001799106598]",[]
"[0.5329141616821289, 0.569209635257721, -2.9601562090419975e-08, 0.5561500787734985, 0.52773517370224, -0.02923019975423813, 0.5711328983306885, 0.48122766613960266, -0.049201589077711105, 0.5820009708404541, 0.4471893310546875, -0.0683380588889122, 0.5837281346321106, 0.43010377883911133, -0.08684401959180832, 0.5173599123954773, 0.41699105501174927, -0.0341414250433445, 0.4886598289012909, 0.37158551812171936, -0.06781686097383499, 0.48881229758262634, 0.3884822130203247, -0.09023015201091766, 0.5013391375541687, 0.41780510544776917, -0.10111672431230545, 0.49697792530059814, 0.4539492130279541, -0.032565779983997345, 0.47113853693008423, 0.4290350377559662, -0.07202879339456558, 0.4914689064025879, 0.47169047594070435, -0.08815895020961761, 0.5167170763015747, 0.5099443793296814, -0.09193961322307587, 0.4832594394683838, 0.49233949184417725, -0.034901514649391174, 0.46361178159713745, 0.4872298538684845, -0.06957129389047623, 0.4877077341079712, 0.5241901278495789, -0.07408960908651352, 0.5122783184051514, 0.5537775158882141, -0.06934475153684616, 0.4761994183063507, 0.5290848016738892, -0.039666369557380676, 0.4554186165332794, 0.5322433114051819, -0.061568036675453186, 0.4722541868686676, 0.5548473596572876, -0.06361336261034012, 0.4925261437892914, 0.5701601505279541, -0.06038643419742584]",[]
"[0.5269860625267029, 0.5695212483406067, -5.1246892951439804e-08, 0.5555837750434875, 0.5300427675247192, -0.03029351495206356, 0.5738816857337952, 0.48594924807548523, -0.04991716891527176, 0.5782475471496582, 0.4462498128414154, -0.06837732344865799, 0.5630091428756714, 0.4302918314933777, -0.08614838868379593, 0.5150275826454163, 0.41223907470703125, -0.0329267680644989, 0.4870326519012451, 0.3670225441455841, -0.06577912718057632, 0.4858788549900055, 0.38877248764038086, -0.08788389712572098, 0.49641332030296326, 0.42207109928131104, -0.0985914096236229, 0.49352774024009705, 0.4481300711631775, -0.03004363551735878, 0.46683868765830994, 0.4203625023365021, -0.06710898876190186, 0.4845105707645416, 0.4677585959434509, -0.0828324630856514, 0.5072081685066223, 0.5071519613265991, -0.08732213079929352, 0.47842198610305786, 0.4857626259326935, -0.03128887712955475, 0.4559929072856903, 0.47381696105003357, -0.064339779317379, 0.4772276282310486, 0.5135147571563721, -0.06876587867736816, 0.5001599192619324, 0.5467846393585205, -0.06487949937582016, 0.4703349769115448, 0.5214557647705078, -0.03509452939033508, 0.44874557852745056, 0.5205995440483093, -0.057035986334085464, 0.4635040760040283, 0.5454200506210327, -0.059771765023469925, 0.481974333524704, 0.5650020241737366, -0.057514458894729614]",[]
"[0.5269643664360046, 0.5649368166923523, -8.840477505600575e-08, 0.5520397424697876, 0.5181348323822021, -0.02650931105017662, 0.5641695857048035, 0.46672874689102173, -0.04112836346030235, 0.5660229921340942, 0.42484262585639954, -0.054624028503894806, 0.5551555156707764, 0.4062460958957672, -0.06772846728563309, 0.5219851136207581, 0.3926968276500702, -0.026135968044400215, 0.4944290816783905, 0.3509604334831238, -0.053364165127277374, 0.48454639315605164, 0.37352967262268066, -0.07092717289924622, 0.48722022771835327, 0.40547382831573486, -0.07915882021188736, 0.4972357451915741, 0.4257817268371582, -0.02327094040811062, 0.4657565653324127, 0.40742114186286926, -0.05532956123352051, 0.47594183683395386, 0.45482775568962097, -0.068589948117733, 0.49541792273521423, 0.4966329336166382, -0.07147431373596191, 0.47997650504112244, 0.46375715732574463, -0.02410709857940674, 0.45520371198654175, 0.46193137764930725, -0.0550873801112175, 0.47021177411079407, 0.5048694014549255, -0.05987006798386574, 0.48960116505622864, 0.5399574637413025, -0.055725693702697754, 0.47041448950767517, 0.5015500783920288, -0.026933571323752403, 0.4465262293815613, 0.5008352398872375, -0.04783675819635391, 0.45549842715263367, 0.5294083952903748, -0.04996722191572189, 0.47113439440727234, 0.5514832735061646, -0.046657249331474304]","[0.5446269512176514, 0.4309907555580139, -2.2619749984187365e-07, 0.5129683017730713, 0.35918620228767395, -0.005882025230675936, 0.503029465675354, 0.26889568567276, -0.0043253786861896515, 0.5118036866188049, 0.19487854838371277, -0.005708364769816399, 0.5275617241859436, 0.15041483938694, -0.005754357203841209, 0.5387489199638367, 0.24800777435302734, 0.01853145845234394, 0.549964189529419, 0.19464901089668274, 0.006365053355693817, 0.5390212535858154, 0.22432848811149597, -0.002375916577875614, 0.5295910835266113, 0.25177595019340515, -0.006038546096533537, 0.5589497685432434, 0.2627948820590973, 0.015511048957705498, 0.5681126713752747, 0.21351096034049988, 0.00205727806314826, 0.553238034248352, 0.2530328631401062, -0.004259008448570967, 0.5426712036132812, 0.28374913334846497, -0.004192324820905924, 0.5775182843208313, 0.28010493516921997, 0.008563809096813202, 0.5845902562141418, 0.2368071973323822, -0.005376082845032215, 0.5678438544273376, 0.2781122028827667, -0.003218666184693575, 0.5564383268356323, 0.309357225894928, 0.0028575218748301268, 0.5969751477241516, 0.30337613821029663, 0.00050347950309515, 0.6018136739730835, 0.266846239566803, -0.008650006726384163, 0.5866649746894836, 0.29960018396377563, -0.0050147599540650845, 0.5745777487754822, 0.3281164765357971, 0.0008923161076381803]"
"[0.537041425704956, 0.49519574642181396, -2.3566255435980565e-07, 0.5523467063903809, 0.42392390966415405, -0.023563526570796967, 0.5557891130447388, 0.3548808991909027, -0.032695919275283813, 0.5514532923698425, 0.2859657406806946, -0.03958139568567276, 0.5402759909629822, 0.23948997259140015, -0.04678976535797119, 0.5360573530197144, 0.34439170360565186, -0.02340254746377468, 0.5156081318855286, 0.340119332075119, -0.04771915078163147, 0.5057339668273926, 0.3882814645767212, -0.061845000833272934, 0.5073676109313965, 0.42157912254333496, -0.06871973723173141, 0.5159214735031128, 0.3857048451900482, -0.020126720890402794, 0.4828719198703766, 0.39815157651901245, -0.04760005697607994, 0.4806123673915863, 0.4514878988265991, -0.05818794667720795, 0.49049612879753113, 0.4871697425842285, -0.06155414134263992, 0.499521940946579, 0.4244037866592407, -0.019900579005479813, 0.465726375579834, 0.44716575741767883, -0.05004087835550308, 0.4686362147331238, 0.49766647815704346, -0.051126133650541306, 0.48084011673927307, 0.5301579236984253, -0.04603394865989685, 0.4923243224620819, 0.4600171744823456, -0.021019751206040382, 0.4564959406852722, 0.4917745292186737, -0.0453505739569664, 0.45771145820617676, 0.5300806164741516, -0.04646119475364685, 0.4693301022052765, 0.5484203100204468, -0.042354993522167206]",[]
[],"[0.5452899932861328, 0.3979164659976959, -2.3338465382494178e-07, 0.5103225708007812, 0.35875725746154785, -0.01718803308904171, 0.4950755834579468, 0.25853464007377625, -0.019106779247522354, 0.5043150782585144, 0.17399626970291138, -0.020726311951875687, 0.5202405452728271, 0.12731829285621643, -0.019398124888539314, 0.5262979865074158, 0.20961159467697144, 0.005712141748517752, 0.5445256233215332, 0.15770196914672852, -0.012908115983009338, 0.5399670600891113, 0.20300441980361938, -0.02349603921175003, 0.5327983498573303, 0.23817864060401917, -0.02711913362145424, 0.5489236116409302, 0.2270488739013672, 0.0076991799287498, 0.5648120045661926, 0.17767520248889923, -0.01440262608230114, 0.5534458160400391, 0.24039918184280396, -0.02105921506881714, 0.5430068969726562, 0.277821809053421, -0.018295859917998314, 0.5688683390617371, 0.24997678399085999, 0.004991370718926191, 0.5831559300422668, 0.20557156205177307, -0.01942327991127968, 0.5672475695610046, 0.2691918611526489, -0.016198012977838516, 0.5545580387115479, 0.30491676926612854, -0.005884052719920874, 0.588650107383728, 0.2768729031085968, 0.000862257496919483, 0.5975649356842041, 0.24945834279060364, -0.01706690713763237, 0.5838504433631897, 0.29237812757492065, -0.014754341915249825, 0.5725051760673523, 0.3182542622089386, -0.007383987307548523]"
[],"[0.5406063795089722, 0.43885931372642517, -1.1232042851361257e-07, 0.5232495665550232, 0.36549562215805054, -0.010922646149992943, 0.5150489807128906, 0.2970424294471741, -0.011641713790595531, 0.517144501209259, 0.2365165650844574, -0.011918940581381321, 0.5196265578269958, 0.19579702615737915, -0.01046932116150856, 0.5122092366218567, 0.3088962435722351, 0.009018256328999996, 0.5177242755889893, 0.2923438251018524, 0.003120909910649061, 0.5169538855552673, 0.31280338764190674, -0.0014732183190062642, 0.5147294998168945, 0.32523313164711, -0.003070494392886758, 0.5263580083847046, 0.3380245864391327, 0.01321203913539648, 0.5310445427894592, 0.3433186411857605, 0.00578047102317214, 0.5270194411277771, 0.3776015341281891, -5.528363999474095e-06, 0.5223950147628784, 0.39692050218582153, -0.002073868876323104, 0.5401836633682251, 0.35837310552597046, 0.014976562932133675, 0.5424087047576904, 0.3681686818599701, 0.007528835907578468, 0.5367648005485535, 0.39621859788894653, 0.006414428818970919, 0.5307762026786804, 0.413144588470459, 0.007712900638580322, 0.5530209541320801, 0.37345919013023376, 0.01589771918952465, 0.5547513961791992, 0.3755367696285248, 0.013685252517461777, 0.5490610599517822, 0.39231282472610474, 0.01635759137570858, 0.5430443286895752, 0.4031679630279541, 0.019857075065374374]"
[],"[0.5311895608901978, 0.3888196349143982, -3.846245988370356e-08, 0.5770251154899597, 0.3566999137401581, -0.024597715586423874, 0.5931459665298462, 0.28960853815078735, -0.03601536154747009, 0.5992915034294128, 0.22056902945041656, -0.04235966503620148, 0.5985510349273682, 0.16051974892616272, -0.04386325553059578, 0.5362911820411682, 0.23933598399162292, -0.033831410109996796, 0.5764625668525696, 0.15910939872264862, -0.05009021237492561, 0.5893447995185852, 0.20445403456687927, -0.05669350177049637, 0.5830541849136353, 0.24070781469345093, -0.05795928090810776, 0.516791582107544, 0.22803178429603577, -0.023832913488149643, 0.5615525245666504, 0.15758489072322845, -0.03521887958049774, 0.5738364458084106, 0.19634123146533966, -0.03613082692027092, 0.5659422278404236, 0.22577287256717682, -0.035648126155138016, 0.5094418525695801, 0.2236674726009369, -0.015288710594177246, 0.5520183444023132, 0.16516847908496857, -0.022806527093052864, 0.56227707862854, 0.19786672294139862, -0.01733069121837616, 0.5559930801391602, 0.22319439053535461, -0.012940078042447567, 0.5097386837005615, 0.22247837483882904, -0.008791898377239704, 0.544517457485199, 0.17953349649906158, -0.01244571153074503, 0.5529491901397705, 0.20549479126930237, -0.007956966757774353, 0.5484181046485901, 0.2299426943063736, -0.004027667921036482]"
[],"[0.5306898951530457, 0.3560352325439453, 1.28566128410057e-07, 0.5775701403617859, 0.3629833459854126, -0.02492150105535984, 0.6085225343704224, 0.308139830827713, -0.03963986411690712, 0.6209511756896973, 0.23619073629379272, -0.04732619225978851, 0.6216529011726379, 0.1771278828382492, -0.051780130714178085, 0.557939887046814, 0.29601699113845825, -0.0552775114774704, 0.5945034623146057, 0.20751754939556122, -0.07222617417573929, 0.61177659034729, 0.20622166991233826, -0.07354722172021866, 0.61653071641922, 0.21298150718212128, -0.07118874788284302, 0.5315810441970825, 0.2642306685447693, -0.04595652222633362, 0.5857127904891968, 0.1727278232574463, -0.06336978822946548, 0.5971463322639465, 0.20044195652008057, -0.060006819665431976, 0.5887254476547241, 0.23237746953964233, -0.054418932646512985, 0.5167254209518433, 0.23588018119335175, -0.036342497915029526, 0.5715470314025879, 0.16582900285720825, -0.04693969711661339, 0.5810061693191528, 0.19261161983013153, -0.038678549230098724, 0.5727968215942383, 0.21694250404834747, -0.03162480518221855, 0.5098855495452881, 0.2139328122138977, -0.028246121481060982, 0.5572867393493652, 0.1701139360666275, -0.03410094976425171, 0.5653660893440247, 0.1949019432067871, -0.030560174956917763, 0.5579380989074707, 0.21547599136829376, -0.027468707412481308]"
[],"[0.5361478328704834, 0.3428327143192291, 1.002181022613513e-07, 0.577224612236023, 0.3567323684692383, -0.016795232892036438, 0.614812433719635, 0.3119581639766693, -0.028237197548151016, 0.6367648839950562, 0.24740035831928253, -0.03432594984769821, 0.64289391040802, 0.18900637328624725, -0.037634097039699554, 0.5774939060211182, 0.28500083088874817, -0.04971809312701225, 0.6124057173728943, 0.19484329223632812, -0.06503068655729294, 0.619504451751709, 0.21939413249492645, -0.06448625773191452, 0.608661949634552, 0.24756518006324768, -0.05893987417221069, 0.5509048700332642, 0.2537808418273926, -0.043663717806339264, 0.5952293276786804, 0.16670939326286316, -0.053545042872428894, 0.6058115363121033, 0.19435755908489227, -0.04836175590753555, 0.5958655476570129, 0.22188952565193176, -0.04329390823841095, 0.5317102670669556, 0.22923552989959717, -0.03669700026512146, 0.5768815875053406, 0.15656179189682007, -0.040911003947257996, 0.5869641900062561, 0.18289008736610413, -0.03132415562868118, 0.5781804323196411, 0.20469295978546143, -0.024715621024370193, 0.5190378427505493, 0.21005551517009735, -0.03052198514342308, 0.5591595768928528, 0.1598254144191742, -0.03232060745358467, 0.5680371522903442, 0.17985117435455322, -0.025547776371240616, 0.5598536729812622, 0.1970902383327484, -0.020391101017594337]"
[],"[0.533462643623352, 0.3292934000492096, 9.997427241614787e-08, 0.5753612518310547, 0.3445773124694824, -0.014718189835548401, 0.6148698329925537, 0.2973695397377014, -0.024928521364927292, 0.6387280821800232, 0.2326519936323166, -0.030040057376027107, 0.6453468203544617, 0.17604736983776093, -0.03315386548638344, 0.5781956315040588, 0.28040337562561035, -0.048548463732004166, 0.6130812168121338, 0.19161561131477356, -0.06283654272556305, 0.6200649738311768, 0.20617425441741943, -0.06219422444701195, 0.6118234395980835, 0.23133531212806702, -0.056975167244672775, 0.5511900782585144, 0.24802681803703308, -0.042925190180540085, 0.5953493118286133, 0.16044089198112488, -0.051511000841856, 0.6058256030082703, 0.17899447679519653, -0.046131033450365067, 0.5976629257202148, 0.20367854833602905, -0.04159904271364212, 0.5318007469177246, 0.2210003286600113, -0.036117300391197205, 0.5770629048347473, 0.1485026478767395, -0.03970823809504509, 0.5873124003410339, 0.16792581975460052, -0.030865199863910675, 0.5802491307258606, 0.1892016977071762, -0.025075538083910942, 0.5193310976028442, 0.19982606172561646, -0.029805514961481094, 0.5583778023719788, 0.14758506417274475, -0.03128542751073837, 0.5685511231422424, 0.1622273027896881, -0.02524230070412159, 0.5629957914352417, 0.17829011380672455, -0.020925601944327354]"
[],"[0.5301353931427002, 0.320192813873291, 1.8368837118032388e-07, 0.5730645060539246, 0.3343231976032257, -0.016334500163793564, 0.6102259755134583, 0.2830941379070282, -0.028346313163638115, 0.6322478652000427, 0.21406374871730804, -0.03478829190135002, 0.6378574371337891, 0.15556374192237854, -0.03977145999670029, 0.5693140625953674, 0.2645963728427887, -0.05284100025892258, 0.6026158928871155, 0.17480884492397308, -0.06559916585683823, 0.6183590292930603, 0.16971708834171295, -0.06309711188077927, 0.6179759502410889, 0.17988011240959167, -0.05739564821124077, 0.5404139757156372, 0.23318293690681458, -0.04684477299451828, 0.5872835516929626, 0.13791073858737946, -0.05568573996424675, 0.6028718948364258, 0.15496449172496796, -0.04840575531125069, 0.598726212978363, 0.18012703955173492, -0.04204319790005684, 0.5211055278778076, 0.20778480172157288, -0.03935801237821579, 0.5693113207817078, 0.13105665147304535, -0.043038830161094666, 0.5841843485832214, 0.15024788677692413, -0.03330304101109505, 0.5799494981765747, 0.17171481251716614, -0.02684921771287918, 0.5095328092575073, 0.18793515861034393, -0.03246727213263512, 0.5502918362617493, 0.13327835500240326, -0.034113623201847076, 0.5645517110824585, 0.1475389450788498, -0.028361864387989044, 0.5621193051338196, 0.16392558813095093, -0.02437042072415352]"
[],"[0.5256165266036987, 0.32181334495544434, 1.0040914588671512e-07, 0.5715461373329163, 0.3325676918029785, -0.020204488188028336, 0.6070342659950256, 0.2783951759338379, -0.03318865969777107, 0.6279259920120239, 0.2069510966539383, -0.03907305374741554, 0.632251501083374, 0.14698542654514313, -0.04147450998425484, 0.5631112456321716, 0.2487860769033432, -0.059338562190532684, 0.6011956930160522, 0.15402281284332275, -0.07154678553342819, 0.6122756600379944, 0.18411687016487122, -0.06560900807380676, 0.6022340655326843, 0.21605311334133148, -0.05695103108882904, 0.5348753929138184, 0.2200508564710617, -0.0505056194961071, 0.5820530652999878, 0.12731210887432098, -0.057735931128263474, 0.5959315299987793, 0.1591043919324875, -0.04866078495979309, 0.5876315236091614, 0.18854954838752747, -0.041851725429296494, 0.515920102596283, 0.1990697681903839, -0.040226154029369354, 0.5631952285766602, 0.12289513647556305, -0.0428658165037632, 0.5762555003166199, 0.15252456068992615, -0.031874652951955795, 0.5687274932861328, 0.17715662717819214, -0.025462394580245018, 0.5042375922203064, 0.18440614640712738, -0.030809471383690834, 0.5445047616958618, 0.13324150443077087, -0.03330477327108383, 0.5552051067352295, 0.15459232032299042, -0.02754751592874527, 0.5483514070510864, 0.17279686033725739, -0.023667333647608757]"
[],"[0.529716968536377, 0.3177950382232666, 1.1171039204782574e-07, 0.5741845965385437, 0.33044302463531494, -0.021819010376930237, 0.6085324883460999, 0.27533671259880066, -0.03530184179544449, 0.6256779432296753, 0.20272119343280792, -0.04121556878089905, 0.6316938996315002, 0.14238958060741425, -0.043797191232442856, 0.5620499849319458, 0.25242021679878235, -0.06151307374238968, 0.596099317073822, 0.15579769015312195, -0.07532457262277603, 0.6094453930854797, 0.1797381490468979, -0.0706370547413826, 0.6017154455184937, 0.20851504802703857, -0.06279553472995758, 0.534175455570221, 0.22349047660827637, -0.05245289206504822, 0.580592930316925, 0.12893080711364746, -0.06145277991890907, 0.5957052707672119, 0.16200079023838043, -0.05317644774913788, 0.5874945521354675, 0.19408173859119415, -0.04641539976000786, 0.5166062116622925, 0.20246678590774536, -0.042079076170921326, 0.5653237700462341, 0.12807409465312958, -0.04597478359937668, 0.578133761882782, 0.1585501879453659, -0.03496392443776131, 0.5701786875724792, 0.1835256963968277, -0.028099102899432182, 0.5064865946769714, 0.1867121309041977, -0.03269936889410019, 0.5479984283447266, 0.13560664653778076, -0.035867128521203995, 0.5586791038513184, 0.15989409387111664, -0.030076298862695694, 0.551571786403656, 0.18013803660869598, -0.026017269119620323]"
[],"[0.5304480791091919, 0.318414568901062, 1.482813729580812e-07, 0.5742723941802979, 0.3321042060852051, -0.022108139470219612, 0.6084065437316895, 0.28241127729415894, -0.036483313888311386, 0.6246325969696045, 0.20972585678100586, -0.04436294361948967, 0.6275097131729126, 0.1486782729625702, -0.04907328262925148, 0.5545421838760376, 0.2614467144012451, -0.053366415202617645, 0.5871768593788147, 0.16494084894657135, -0.06934430450201035, 0.6039124727249146, 0.18012584745883942, -0.06981789320707321, 0.6004347205162048, 0.2028038501739502, -0.0656735748052597, 0.5287072658538818, 0.22981347143650055, -0.04506656154990196, 0.5772068500518799, 0.14126186072826385, -0.056943681091070175, 0.5937262773513794, 0.17819096148014069, -0.053042035549879074, 0.5845881104469299, 0.21106821298599243, -0.048555824905633926, 0.515267014503479, 0.20691868662834167, -0.036168117076158524, 0.5662598013877869, 0.13633990287780762, -0.041853006929159164, 0.5809869170188904, 0.16892753541469574, -0.032980140298604965, 0.5723177790641785, 0.19479794800281525, -0.026689380407333374, 0.5099238753318787, 0.18923477828502655, -0.028541354462504387, 0.5538349747657776, 0.14056167006492615, -0.03187521547079086, 0.5657455921173096, 0.166542649269104, -0.026681717485189438, 0.5574521422386169, 0.1900087594985962, -0.022758206352591515]"
[],"[0.530860960483551, 0.33703458309173584, 2.923510677987906e-08, 0.5755060911178589, 0.33805757761001587, -0.03360419720411301, 0.6014460921287537, 0.2766217887401581, -0.05060091242194176, 0.613957941532135, 0.19994394481182098, -0.059023648500442505, 0.613235592842102, 0.13841073215007782, -0.06201052665710449, 0.5369393825531006, 0.2325853407382965, -0.05762900784611702, 0.5874982476234436, 0.14593902230262756, -0.07579027861356735, 0.598916232585907, 0.18693570792675018, -0.07712920755147934, 0.5921112895011902, 0.21811333298683167, -0.07425273954868317, 0.5165399312973022, 0.20635664463043213, -0.043641865253448486, 0.5768792629241943, 0.13104769587516785, -0.06006213277578354, 0.5850396156311035, 0.17446330189704895, -0.057477641850709915, 0.5741267204284668, 0.20418278872966766, -0.05316145345568657, 0.5095698833465576, 0.1884472668170929, -0.030551854521036148, 0.5662660598754883, 0.13885445892810822, -0.04033434018492699, 0.571854829788208, 0.17656975984573364, -0.03307410702109337, 0.5617481470108032, 0.19845247268676758, -0.02742970548570156, 0.5107645988464355, 0.17831109464168549, -0.019896287471055984, 0.5589190721511841, 0.14808011054992676, -0.024801509454846382, 0.5624310970306396, 0.18004268407821655, -0.021693909540772438, 0.5520567297935486, 0.20035552978515625, -0.01937468722462654]"
"[0.5230024456977844, 0.5704091787338257, 1.6080329601209087e-07, 0.5518215298652649, 0.5485675930976868, -0.022829731926321983, 0.5700149536132812, 0.52234947681427, -0.04229636490345001, 0.5883756279945374, 0.514724612236023, -0.06178197264671326, 0.6049716472625732, 0.5164878368377686, -0.08034801483154297, 0.5324071049690247, 0.4318554103374481, -0.028152644634246826, 0.5189960598945618, 0.37511444091796875, -0.05512477084994316, 0.5236753225326538, 0.38125577569007874, -0.07259996980428696, 0.5314529538154602, 0.4018592834472656, -0.08161739259958267, 0.5098929405212402, 0.44855475425720215, -0.02943272888660431, 0.5022189021110535, 0.42350536584854126, -0.0600103959441185, 0.5173236727714539, 0.4640297591686249, -0.07172659784555435, 0.5314212441444397, 0.500491738319397, -0.07444282621145248, 0.4927377700805664, 0.47602173686027527, -0.033888258039951324, 0.4890599250793457, 0.47472691535949707, -0.05987851321697235, 0.506164014339447, 0.5072036385536194, -0.06255316734313965, 0.5212779641151428, 0.5328062176704407, -0.05904743820428848, 0.4820243716239929, 0.5096245408058167, -0.04053535312414169, 0.4795941710472107, 0.5131412744522095, -0.05559216067194939, 0.4926030933856964, 0.5318446159362793, -0.05568419396877289, 0.5054036974906921, 0.5462175607681274, -0.05259733647108078]",[]
"[0.5473920702934265, 0.4012497663497925, -5.897897636941707e-08, 0.5215464234352112, 0.32816576957702637, -0.018068460747599602, 0.5081321597099304, 0.23326799273490906, -0.01942567341029644, 0.513187825679779, 0.1454155147075653, -0.020600635558366776, 0.5286548733711243, 0.08843870460987091, -0.017797844484448433, 0.5181624889373779, 0.18840129673480988, 0.0209962110966444, 0.5415868759155273, 0.13600577414035797, 0.00691020954400301, 0.5466025471687317, 0.18539725244045258, -0.0027352790348231792, 0.5421755909919739, 0.21767935156822205, -0.005640548653900623, 0.5419945120811462, 0.20573624968528748, 0.02574090287089348, 0.5646095275878906, 0.1595202088356018, 0.011210995726287365, 0.5629986524581909, 0.2162950038909912, 0.003024730598554015, 0.5519320964813232, 0.23844067752361298, 0.002584974281489849, 0.5640503764152527, 0.22805163264274597, 0.024953875690698624, 0.5831375122070312, 0.1935410499572754, 0.006339153740555048, 0.5756123065948486, 0.2500142753124237, 0.006967200897634029, 0.5634679794311523, 0.27081596851348877, 0.013539789244532585, 0.5831571817398071, 0.2533612549304962, 0.02266523987054825, 0.5977360606193542, 0.23107634484767914, 0.012479642406105995, 0.5895129442214966, 0.2720877528190613, 0.016219457611441612, 0.5787402987480164, 0.2915359437465668, 0.02290746383368969]","[0.5299804210662842, 0.6583480834960938, -1.1693209067686894e-08, 0.5444833040237427, 0.623623251914978, -0.042380377650260925, 0.5406553745269775, 0.5814226865768433, -0.0647510439157486, 0.5142467617988586, 0.5424185991287231, -0.0818697139620781, 0.4803982973098755, 0.515002965927124, -0.09880879521369934, 0.5246880054473877, 0.4944725036621094, -0.03474950045347214, 0.5122630000114441, 0.4512738585472107, -0.06065066158771515, 0.503536581993103, 0.4598013758659363, -0.08216006308794022, 0.4994044899940491, 0.48139744997024536, -0.09419330954551697, 0.5021194815635681, 0.5062334537506104, -0.02204945869743824, 0.4743673503398895, 0.4808749258518219, -0.04946304112672806, 0.45973536372184753, 0.510076642036438, -0.07269558310508728, 0.4509935677051544, 0.5464929342269897, -0.08533194661140442, 0.48521384596824646, 0.5237596035003662, -0.013633931055665016, 0.45798617601394653, 0.5069067478179932, -0.040553852915763855, 0.44067496061325073, 0.5314526557922363, -0.0593365803360939, 0.4321572184562683, 0.5648931264877319, -0.06750977039337158, 0.4722820222377777, 0.5451152324676514, -0.007829172536730766, 0.45072463154792786, 0.5318574905395508, -0.02827194333076477, 0.437886506319046, 0.5472596287727356, -0.03964400291442871, 0.43066054582595825, 0.56827312707901, -0.04482557624578476]"
"[0.5028568506240845, 0.557867705821991, -6.158875009987241e-08, 0.5197787284851074, 0.5068632364273071, -0.014049425721168518, 0.5264752507209778, 0.4584611654281616, -0.023681893944740295, 0.530299961566925, 0.42811036109924316, -0.033721067011356354, 0.529042661190033, 0.4121958315372467, -0.04439220950007439, 0.5055950880050659, 0.43494483828544617, -0.0248666200786829, 0.4917655885219574, 0.39616891741752625, -0.04594763368368149, 0.48764440417289734, 0.4079596698284149, -0.06003265827894211, 0.49240556359291077, 0.43039947748184204, -0.06732963025569916, 0.4881693422794342, 0.46617257595062256, -0.026812316849827766, 0.47133883833885193, 0.44006970524787903, -0.05023883655667305, 0.47554880380630493, 0.4685691297054291, -0.05953073501586914, 0.48958346247673035, 0.5009748935699463, -0.06246667355298996, 0.47580212354660034, 0.5013729333877563, -0.030401136726140976, 0.46241244673728943, 0.4912388324737549, -0.05092734470963478, 0.4688712954521179, 0.5136182308197021, -0.05396324768662453, 0.48238348960876465, 0.5393279194831848, -0.05225320905447006, 0.46790704131126404, 0.5367897748947144, -0.03521033376455307, 0.45428523421287537, 0.5376347303390503, -0.04884728416800499, 0.4587384760379791, 0.5484230518341064, -0.05035251006484032, 0.4697754979133606, 0.5624565482139587, -0.04920376464724541]",[]
"[0.5202683210372925, 0.5754842758178711, -7.138945790075013e-08, 0.5457478761672974, 0.5326296091079712, -0.02730928175151348, 0.559188961982727, 0.4867273271083832, -0.04412094131112099, 0.5643891096115112, 0.4649422764778137, -0.0600871816277504, 0.5544027090072632, 0.46715086698532104, -0.07564838975667953, 0.5151610970497131, 0.43205222487449646, -0.0310203954577446, 0.49451494216918945, 0.3898929953575134, -0.05906861275434494, 0.4901767075061798, 0.4132471978664398, -0.07814386487007141, 0.49711495637893677, 0.45104560256004333, -0.08745362609624863, 0.4928782284259796, 0.465352326631546, -0.028635326772928238, 0.4717472791671753, 0.44725126028060913, -0.061172690242528915, 0.4833575189113617, 0.4912375211715698, -0.07547453790903091, 0.5032340288162231, 0.5323408842086792, -0.0798092782497406, 0.4779444932937622, 0.502215564250946, -0.029745357111096382, 0.4616866409778595, 0.4961358606815338, -0.05756926164031029, 0.47629407048225403, 0.5290974378585815, -0.06344439834356308, 0.49584126472473145, 0.5623356699943542, -0.06161285191774368, 0.4687230885028839, 0.537935733795166, -0.03333333134651184, 0.4519440233707428, 0.5354143977165222, -0.05101136118173599, 0.460829496383667, 0.5552334785461426, -0.0541151687502861, 0.4756620526313782, 0.5763720273971558, -0.052966564893722534]",[]
"[0.522350549697876, 0.5960744619369507, -2.871027326989406e-08, 0.5450831651687622, 0.5597368478775024, -0.02732311561703682, 0.5605077743530273, 0.5200996398925781, -0.04650731757283211, 0.5742176175117493, 0.5023748874664307, -0.06552382558584213, 0.5748369097709656, 0.496592253446579, -0.08354359865188599, 0.5156694054603577, 0.45082202553749084, -0.03090619295835495, 0.4933387041091919, 0.39939504861831665, -0.06134915351867676, 0.49332496523857117, 0.42593833804130554, -0.08110002428293228, 0.5047602653503418, 0.4638639986515045, -0.09028653800487518, 0.4939839839935303, 0.4815150499343872, -0.029689325019717216, 0.47458210587501526, 0.4532841145992279, -0.06421514600515366, 0.4883732497692108, 0.4992890954017639, -0.07846769690513611, 0.5093444585800171, 0.537392258644104, -0.08217760175466537, 0.47820791602134705, 0.5174189209938049, -0.032383859157562256, 0.46334344148635864, 0.5049939155578613, -0.062303297221660614, 0.48111048340797424, 0.5443430542945862, -0.06723406910896301, 0.502316951751709, 0.5784565806388855, -0.06402520090341568, 0.4688810408115387, 0.5542517900466919, -0.03749483823776245, 0.4514976143836975, 0.5496826171875, -0.05617489665746689, 0.4631582796573639, 0.569650411605835, -0.05868196859955788, 0.4795626699924469, 0.5884504318237305, -0.056693047285079956]","[0.5523248314857483, 0.4512765407562256, -1.3501731643827952e-07, 0.5243601202964783, 0.3752760589122772, -0.008790002204477787, 0.5230600237846375, 0.28699004650115967, -0.008255264721810818, 0.538122296333313, 0.2287106215953827, -0.009299780242145061, 0.5525580644607544, 0.19770513474941254, -0.009292922914028168, 0.5631911754608154, 0.28601905703544617, 0.010229267179965973, 0.5816696882247925, 0.240332692861557, -0.001478390535339713, 0.5694904923439026, 0.2611459493637085, -0.00967916939407587, 0.5584181547164917, 0.28358015418052673, -0.013057025149464607, 0.5820989608764648, 0.30165910720825195, 0.008938156999647617, 0.6001632809638977, 0.25561702251434326, -0.0056814271956682205, 0.5817804336547852, 0.2893199920654297, -0.013022313825786114, 0.5691852569580078, 0.32044464349746704, -0.012979444116353989, 0.5994716882705688, 0.32001030445098877, 0.0044118184596300125, 0.6135990023612976, 0.2777077853679657, -0.010358921252191067, 0.5926605463027954, 0.31247469782829285, -0.010811425745487213, 0.5783464908599854, 0.3450869619846344, -0.005708330310881138, 0.6155859231948853, 0.3442320227622986, -0.0011076634982600808, 0.6263598203659058, 0.30712056159973145, -0.011540143750607967, 0.6095465421676636, 0.33367934823036194, -0.009380827657878399, 0.5960632562637329, 0.36432603001594543, -0.0038650415372103453]"
"[0.5348076224327087, 0.5975173711776733, 8.142718499470902e-09, 0.5582140684127808, 0.5624638199806213, -0.03133518621325493, 0.5725730657577515, 0.5253421664237976, -0.05313239246606827, 0.5834994912147522, 0.5118032097816467, -0.07417826354503632, 0.5777982473373413, 0.5146822929382324, -0.09446098655462265, 0.5204476118087769, 0.4470385015010834, -0.034132231026887894, 0.48967936635017395, 0.4045881927013397, -0.06564973294734955, 0.49052944779396057, 0.4242796301841736, -0.08730949461460114, 0.5056143999099731, 0.45910149812698364, -0.09808271378278732, 0.49761876463890076, 0.48116335272789, -0.03170885518193245, 0.47260934114456177, 0.4592709243297577, -0.06764648854732513, 0.49028104543685913, 0.5060809254646301, -0.08385904878377914, 0.5150224566459656, 0.5447142720222473, -0.08907559514045715, 0.481448769569397, 0.5204700827598572, -0.03338194638490677, 0.46165087819099426, 0.510115385055542, -0.06428980827331543, 0.4826020896434784, 0.5488100051879883, -0.07066348940134048, 0.507956326007843, 0.5827945470809937, -0.06865523010492325, 0.47295907139778137, 0.5612787008285522, -0.03783942386507988, 0.4519433379173279, 0.5597065091133118, -0.05734732002019882, 0.4656315743923187, 0.5783572196960449, -0.06121671944856644, 0.4855906069278717, 0.5943877696990967, -0.060490671545267105]",[]
"[0.536981463432312, 0.6052934527397156, 7.560684522900374e-09, 0.5588498711585999, 0.569044828414917, -0.031830351799726486, 0.5709943771362305, 0.5333125591278076, -0.0546201653778553, 0.580241322517395, 0.514504611492157, -0.0766373947262764, 0.5773693919181824, 0.5122454762458801, -0.09732452780008316, 0.5208287239074707, 0.4497433006763458, -0.033279187977313995, 0.4916220009326935, 0.406647264957428, -0.06508901715278625, 0.49289819598197937, 0.42768457531929016, -0.08522006869316101, 0.507300078868866, 0.4643322825431824, -0.09438353031873703, 0.4972301721572876, 0.48306259512901306, -0.030410677194595337, 0.4737235903739929, 0.46037542819976807, -0.06585926562547684, 0.4926058053970337, 0.5111634135246277, -0.07842577993869781, 0.5177247524261475, 0.5487020015716553, -0.08036889880895615, 0.48064884543418884, 0.5221332907676697, -0.032114043831825256, 0.4629635810852051, 0.5104058384895325, -0.06326695531606674, 0.48480817675590515, 0.5530427694320679, -0.06560024619102478, 0.5098667144775391, 0.5870748162269592, -0.06013313680887222, 0.47188204526901245, 0.5645033121109009, -0.03676808252930641, 0.45272570848464966, 0.5602201223373413, -0.056670304387807846, 0.4682033956050873, 0.5808722972869873, -0.058355823159217834, 0.4887917935848236, 0.5983047485351562, -0.05525882542133331]",[]
"[0.574468731880188, 0.45364493131637573, -1.5429377242526243e-07, 0.6173945069313049, 0.4310956597328186, -0.03457150235772133, 0.6408715844154358, 0.35803669691085815, -0.049127258360385895, 0.6537891626358032, 0.2830672264099121, -0.056259527802467346, 0.6610727310180664, 0.22158363461494446, -0.05915231630206108, 0.583661675453186, 0.269720196723938, -0.043947186321020126, 0.6340265274047852, 0.21100890636444092, -0.05991443246603012, 0.6486534476280212, 0.26251184940338135, -0.0673646479845047, 0.6407730579376221, 0.2995525896549225, -0.07092894613742828, 0.5640096664428711, 0.25986120104789734, -0.029966332018375397, 0.6210486888885498, 0.2207353115081787, -0.04218616709113121, 0.6350618004798889, 0.2703147828578949, -0.04370347410440445, 0.627514660358429, 0.3033757209777832, -0.044378798454999924, 0.5576186180114746, 0.2639293372631073, -0.017933763563632965, 0.6111785173416138, 0.2340511977672577, -0.028443530201911926, 0.622306764125824, 0.27499741315841675, -0.024801407009363174, 0.6151324510574341, 0.30220720171928406, -0.021779045462608337, 0.5580043792724609, 0.27203992009162903, -0.008485859259963036, 0.6036087870597839, 0.24616624414920807, -0.01591203734278679, 0.6128664016723633, 0.278446227312088, -0.01374595146626234, 0.6068231463432312, 0.3017999827861786, -0.01110602356493473]","[0.5643736720085144, 0.5553979277610779, -6.604636837437283e-08, 0.6032130718231201, 0.4996325969696045, -0.03422771766781807, 0.6309890747070312, 0.42456716299057007, -0.05273817852139473, 0.6573790907859802, 0.36704155802726746, -0.06690303981304169, 0.6848350763320923, 0.33157140016555786, -0.07938862591981888, 0.5530589818954468, 0.3477162718772888, -0.04495318606495857, 0.5477525591850281, 0.3579672574996948, -0.07303107529878616, 0.5556976795196533, 0.4011031687259674, -0.09139285981655121, 0.5633156299591064, 0.4306439161300659, -0.10075680911540985, 0.5222840905189514, 0.38721054792404175, -0.038285113871097565, 0.5263923406600952, 0.4335635304450989, -0.06997743248939514, 0.5512045621871948, 0.491201788187027, -0.0815785750746727, 0.5707351565361023, 0.5349000692367554, -0.08507813513278961, 0.5037883520126343, 0.43591269850730896, -0.03440065309405327, 0.5066030025482178, 0.4793970286846161, -0.0634675920009613, 0.5315038561820984, 0.5278337001800537, -0.06489645689725876, 0.5523297786712646, 0.5667239427566528, -0.05994974821805954, 0.49389028549194336, 0.4829869568347931, -0.03343632072210312, 0.49092936515808105, 0.50702303647995, -0.05358079448342323, 0.5060771703720093, 0.5382064580917358, -0.054162658751010895, 0.5219316482543945, 0.5609474778175354, -0.04978868365287781]"
"[0.530106782913208, 0.5932210683822632, -1.1699567536993527e-08, 0.5531313419342041, 0.5619751811027527, -0.032228633761405945, 0.5671297907829285, 0.5272363424301147, -0.05468245968222618, 0.5776708722114563, 0.5109255909919739, -0.07611778378486633, 0.5756447315216064, 0.5073234438896179, -0.09645536541938782, 0.5171913504600525, 0.44939562678337097, -0.0352935716509819, 0.4934062063694, 0.4039924144744873, -0.06808464229106903, 0.49456650018692017, 0.42969048023223877, -0.08934620767831802, 0.507202684879303, 0.46884268522262573, -0.0992792397737503, 0.4939199686050415, 0.48295527696609497, -0.0321776308119297, 0.474002867937088, 0.46348127722740173, -0.06866472959518433, 0.4925568401813507, 0.5143367052078247, -0.08282884955406189, 0.516921877861023, 0.5529040694236755, -0.08599185943603516, 0.4769016206264496, 0.520784854888916, -0.033539533615112305, 0.460977703332901, 0.51109778881073, -0.06575725972652435, 0.4827909767627716, 0.5537601113319397, -0.0701836422085762, 0.5071657299995422, 0.5874713063240051, -0.06603069603443146, 0.46673187613487244, 0.5599939227104187, -0.037681106477975845, 0.44998830556869507, 0.5581848621368408, -0.05916778743267059, 0.4657813608646393, 0.5823648571968079, -0.062078725546598434, 0.48583438992500305, 0.6020762324333191, -0.05960707366466522]","[0.5499259233474731, 0.4500371217727661, -1.5151965726545313e-07, 0.5236601233482361, 0.3752744793891907, -0.008469038642942905, 0.5222201943397522, 0.28935447335243225, -0.007616495713591576, 0.5370582938194275, 0.23081958293914795, -0.00822342187166214, 0.5517021417617798, 0.19826740026474, -0.007552684750407934, 0.5640500783920288, 0.2886269688606262, 0.010801386088132858, 0.5823036432266235, 0.2420167773962021, 0.00016905211668927222, 0.5694429874420166, 0.2617396116256714, -0.006979007739573717, 0.5572099089622498, 0.2854442596435547, -0.009674686938524246, 0.5825339555740356, 0.30470407009124756, 0.009702512994408607, 0.5998829007148743, 0.2575662136077881, -0.004037440754473209, 0.580799400806427, 0.2905212640762329, -0.01086743175983429, 0.5672268867492676, 0.3220997154712677, -0.010638302192091942, 0.5991405248641968, 0.3230218291282654, 0.005453385878354311, 0.6126406192779541, 0.2802565395832062, -0.008286161348223686, 0.5919710397720337, 0.3142918348312378, -0.008233114145696163, 0.5778424143791199, 0.34694355726242065, -0.003164231311529875, 0.6151014566421509, 0.3466554284095764, 0.000181487193913199, 0.6254285573959351, 0.3080845773220062, -0.009640359319746494, 0.6086292266845703, 0.3341524004936218, -0.0073400880210101604, 0.5955663323402405, 0.3640333116054535, -0.0019432146800681949]"
"[0.5207249522209167, 0.6151056885719299, -9.211203888526143e-08, 0.5534896850585938, 0.578317403793335, -0.034538473933935165, 0.5769469141960144, 0.5332152247428894, -0.05579225346446037, 0.5784896612167358, 0.4979458451271057, -0.07545934617519379, 0.5576525330543518, 0.48594313859939575, -0.09374698251485825, 0.5163264274597168, 0.44609713554382324, -0.031938426196575165, 0.4915275275707245, 0.3977316617965698, -0.06490784883499146, 0.4894704520702362, 0.42740073800086975, -0.0868009403347969, 0.499645471572876, 0.468082070350647, -0.09662697464227676, 0.4923679530620575, 0.47876212000846863, -0.02749190852046013, 0.47088542580604553, 0.45242029428482056, -0.06515706330537796, 0.4857175350189209, 0.5047869086265564, -0.08215681463479996, 0.50803542137146, 0.5485479235649109, -0.08641204982995987, 0.47437161207199097, 0.5155854821205139, -0.027753552421927452, 0.457785964012146, 0.5051357746124268, -0.061404190957546234, 0.4763369858264923, 0.5482784509658813, -0.06883907318115234, 0.498313307762146, 0.5855028629302979, -0.06592027097940445, 0.4618194103240967, 0.5531724095344543, -0.0308862142264843, 0.444565087556839, 0.5464099645614624, -0.053356003016233444, 0.4577315151691437, 0.5733880400657654, -0.057584960013628006, 0.4753246605396271, 0.5985203981399536, -0.055522605776786804]","[0.55207759141922, 0.4518203139305115, -1.753480773913907e-07, 0.5254220366477966, 0.3788631856441498, -0.00861778948456049, 0.5203320980072021, 0.29042303562164307, -0.009199834428727627, 0.5315349102020264, 0.22375062108039856, -0.011849687434732914, 0.54804927110672, 0.18371500074863434, -0.013488228432834148, 0.5583617687225342, 0.2693735361099243, 0.013538291677832603, 0.5722752809524536, 0.2240508645772934, 0.0008824394317343831, 0.5598958134651184, 0.2493727207183838, -0.009302867576479912, 0.549545407295227, 0.27293717861175537, -0.014331292361021042, 0.577589750289917, 0.28744184970855713, 0.011616548523306847, 0.5908963680267334, 0.24240221083164215, -0.0028219097293913364, 0.5735592246055603, 0.28051966428756714, -0.010355312377214432, 0.5614573955535889, 0.30871689319610596, -0.01126929372549057, 0.5941277742385864, 0.3085581660270691, 0.005948901176452637, 0.6068685054779053, 0.26731759309768677, -0.008839325048029423, 0.58759605884552, 0.30580997467041016, -0.00786224752664566, 0.5743717551231384, 0.3358049988746643, -0.002688006963580847, 0.6103019118309021, 0.33605527877807617, -0.0009006851469166577, 0.620258092880249, 0.30235594511032104, -0.01085792575031519, 0.6041441559791565, 0.33305656909942627, -0.007887137122452259, 0.5905702114105225, 0.3598795533180237, -0.0025205789133906364]"
"[0.5291544198989868, 0.602935254573822, -5.356855936611282e-08, 0.557031512260437, 0.5650827884674072, -0.038678985089063644, 0.5757544040679932, 0.527626633644104, -0.062028203159570694, 0.5661885142326355, 0.49773070216178894, -0.08245673775672913, 0.5409444570541382, 0.49109959602355957, -0.10204868763685226, 0.518222987651825, 0.43846338987350464, -0.03586416319012642, 0.49491679668426514, 0.3967692255973816, -0.0690862312912941, 0.4874047636985779, 0.41993722319602966, -0.09325207024812698, 0.49297910928726196, 0.4599076509475708, -0.10534884035587311, 0.4931175112724304, 0.47167232632637024, -0.02896534651517868, 0.46774542331695557, 0.4465875029563904, -0.06627488881349564, 0.47555670142173767, 0.4950219392776489, -0.08568207174539566, 0.4936125576496124, 0.5427747964859009, -0.09247386455535889, 0.4759727418422699, 0.507676899433136, -0.026760810986161232, 0.4557358920574188, 0.5019913911819458, -0.05938737466931343, 0.4664630591869354, 0.5387451648712158, -0.06883314996957779, 0.4841129779815674, 0.5762616395950317, -0.06817210465669632, 0.4644571542739868, 0.5436311364173889, -0.027758244425058365, 0.4441487193107605, 0.5419763326644897, -0.04884903132915497, 0.4518030881881714, 0.5661612749099731, -0.05368815362453461, 0.46553272008895874, 0.5891242027282715, -0.0529981292784214]",[]
"[0.5267441868782043, 0.6094931364059448, -9.351329310902656e-08, 0.5557623505592346, 0.577248215675354, -0.032860029488801956, 0.5692800283432007, 0.534735918045044, -0.05194400995969772, 0.5505061149597168, 0.500976026058197, -0.0687471553683281, 0.5197596549987793, 0.48754972219467163, -0.08510901778936386, 0.5293245315551758, 0.43798112869262695, -0.030520129948854446, 0.509820818901062, 0.3818063735961914, -0.057869456708431244, 0.492853581905365, 0.40424174070358276, -0.07691733539104462, 0.4918498992919922, 0.44119685888290405, -0.08660253137350082, 0.5026679635047913, 0.46313393115997314, -0.025315947830677032, 0.475593626499176, 0.42810091376304626, -0.05748778209090233, 0.4702531695365906, 0.47852879762649536, -0.07451795786619186, 0.4828377962112427, 0.5325829386711121, -0.07984142750501633, 0.48459136486053467, 0.4951030910015106, -0.02387111447751522, 0.4610765874385834, 0.4823285937309265, -0.054370805621147156, 0.46125471591949463, 0.5232548713684082, -0.0637860894203186, 0.4732655882835388, 0.5673094987869263, -0.0629836693406105, 0.472271591424942, 0.5277286767959595, -0.02468777447938919, 0.4497389793395996, 0.5244682431221008, -0.045987069606781006, 0.450959175825119, 0.5534886717796326, -0.05047448351979256, 0.46251118183135986, 0.5839245319366455, -0.04894636943936348]",[]
"[0.525671660900116, 0.5181238651275635, -1.4717265628405585e-07, 0.5486493706703186, 0.516779899597168, -0.03408770263195038, 0.5563361644744873, 0.5071791410446167, -0.05822528898715973, 0.538913905620575, 0.49906378984451294, -0.07814458757638931, 0.5128053426742554, 0.5026400685310364, -0.098968006670475, 0.5332374572753906, 0.42070838809013367, -0.05412619933485985, 0.5112637877464294, 0.41228458285331726, -0.08310308307409286, 0.49510887265205383, 0.44541528820991516, -0.10250183939933777, 0.48861050605773926, 0.4790685474872589, -0.11294212192296982, 0.5098333954811096, 0.4276377856731415, -0.048171114176511765, 0.4804043471813202, 0.4401210844516754, -0.07779976725578308, 0.4725494384765625, 0.48874151706695557, -0.09231585264205933, 0.47688472270965576, 0.534776508808136, -0.0986829474568367, 0.49431711435317993, 0.44149133563041687, -0.04403263330459595, 0.4665989279747009, 0.46372026205062866, -0.07159631699323654, 0.4601901173591614, 0.508565366268158, -0.07719048112630844, 0.4654361605644226, 0.5509363412857056, -0.07575186342000961, 0.48502787947654724, 0.45633354783058167, -0.04212284833192825, 0.46502450108528137, 0.47149795293807983, -0.06124935671687126, 0.46082764863967896, 0.5090116262435913, -0.06189106032252312, 0.46662938594818115, 0.5430704355239868, -0.058623604476451874]",[]
"[0.5309484004974365, 0.5352718830108643, -1.7406726726676425e-07, 0.5450000762939453, 0.5288973450660706, -0.032721035182476044, 0.5438353419303894, 0.5201759338378906, -0.0531911626458168, 0.5202101469039917, 0.5068584680557251, -0.07000082731246948, 0.49349963665008545, 0.4983813166618347, -0.08679936081171036, 0.5358697772026062, 0.43492981791496277, -0.03667891398072243, 0.5117772221565247, 0.4124465882778168, -0.058212801814079285, 0.49525007605552673, 0.43675175309181213, -0.07467953860759735, 0.48894280195236206, 0.46550047397613525, -0.08390636742115021, 0.5143681168556213, 0.43494361639022827, -0.028585419058799744, 0.480568528175354, 0.44928187131881714, -0.05239164084196091, 0.46992236375808716, 0.49643200635910034, -0.0675768330693245, 0.47138410806655884, 0.538856565952301, -0.07496798783540726, 0.4996963143348694, 0.4418126344680786, -0.02314050868153572, 0.46971145272254944, 0.46056604385375977, -0.04567570239305496, 0.46180668473243713, 0.49963828921318054, -0.0540759339928627, 0.4653383791446686, 0.5407999157905579, -0.055117495357990265, 0.49160662293434143, 0.4480680823326111, -0.019902074709534645, 0.47348296642303467, 0.450670450925827, -0.035380881279706955, 0.4684097468852997, 0.48006531596183777, -0.037724923342466354, 0.47129958868026733, 0.5120997428894043, -0.03598365932703018]",[]
"[0.5519580841064453, 0.6433101892471313, -1.7933506057943305e-07, 0.5591410994529724, 0.5860028862953186, -0.018454426899552345, 0.5482915043830872, 0.5372134447097778, -0.030440423637628555, 0.5212541818618774, 0.5072636604309082, -0.04245609790086746, 0.49378472566604614, 0.5006985664367676, -0.054997365921735764, 0.5465022325515747, 0.46296995878219604, -0.013272511772811413, 0.5170756578445435, 0.41923534870147705, -0.034986745566129684, 0.49793314933776855, 0.4351945221424103, -0.05222127214074135, 0.4869684875011444, 0.46487298607826233, -0.0608101449906826, 0.5311018228530884, 0.4722268879413605, -0.011739294975996017, 0.48951029777526855, 0.44983503222465515, -0.03522365540266037, 0.4688323736190796, 0.48733797669410706, -0.050998520106077194, 0.45980915427207947, 0.5324641466140747, -0.057674724608659744, 0.5173395872116089, 0.490497350692749, -0.013153967447578907, 0.4775907099246979, 0.4698168635368347, -0.03629803657531738, 0.45946237444877625, 0.5006839036941528, -0.04665292799472809, 0.4528787434101105, 0.5421170592308044, -0.04778445512056351, 0.5066443681716919, 0.5113158822059631, -0.015619611367583275, 0.47953367233276367, 0.4836656153202057, -0.03083828091621399, 0.4664638042449951, 0.4941343367099762, -0.03405886888504028, 0.459974467754364, 0.5137653946876526, -0.03263293579220772]",[]
[],"[0.539008378982544, 0.6698095798492432, -2.6629601279637427e-07, 0.5315214395523071, 0.6146868467330933, -0.0056846304796636105, 0.5175594091415405, 0.5589157342910767, -0.011983773671090603, 0.4938724935054779, 0.5234344601631165, -0.019627124071121216, 0.4715697169303894, 0.5028207302093506, -0.027974238619208336, 0.5365421175956726, 0.48344114422798157, -0.0026329802349209785, 0.4985869526863098, 0.46245357394218445, -0.018683066591620445, 0.47052401304244995, 0.47813960909843445, -0.032674938440322876, 0.45373690128326416, 0.502335250377655, -0.04095091298222542, 0.5359880924224854, 0.4985879361629486, -0.007626169826835394, 0.48756420612335205, 0.4829237163066864, -0.02355087548494339, 0.4592694640159607, 0.5026669502258301, -0.0366080179810524, 0.4406929016113281, 0.5295310616493225, -0.044353049248456955, 0.5327665209770203, 0.5274501442909241, -0.014436553232371807, 0.48713231086730957, 0.5038025975227356, -0.031051963567733765, 0.4595409631729126, 0.5139268040657043, -0.03925131633877754, 0.4419487714767456, 0.5313660502433777, -0.042090680450201035, 0.5273446440696716, 0.5641428828239441, -0.021370306611061096, 0.49779534339904785, 0.5328953862190247, -0.03716928884387016, 0.47812923789024353, 0.5222406387329102, -0.04339797422289848, 0.4623233675956726, 0.5195172429084778, -0.04505228251218796]"
[],"[0.5351028442382812, 0.3659319281578064, -4.7626876664708107e-08, 0.5793817043304443, 0.33694276213645935, -0.031219078227877617, 0.5942956209182739, 0.2684067189693451, -0.045096490532159805, 0.6018804907798767, 0.1916377991437912, -0.0524294450879097, 0.6018059253692627, 0.12403933703899384, -0.053951509296894073, 0.5329611301422119, 0.2169084995985031, -0.03904229775071144, 0.576528012752533, 0.1252099871635437, -0.05494442954659462, 0.5908954739570618, 0.17505526542663574, -0.059547387063503265, 0.5832712650299072, 0.213934987783432, -0.0596114844083786, 0.5144436955451965, 0.20388638973236084, -0.025854090228676796, 0.5632238984107971, 0.12365446239709854, -0.03819787874817848, 0.5771723985671997, 0.16732199490070343, -0.03835195302963257, 0.5687986612319946, 0.1991555392742157, -0.03706048056483269, 0.5091972351074219, 0.19800525903701782, -0.014653726480901241, 0.5556087493896484, 0.13225378096103668, -0.023451080545783043, 0.5673235058784485, 0.16909274458885193, -0.018272139132022858, 0.5600711107254028, 0.19596144556999207, -0.014048118144273758, 0.5121378898620605, 0.19488148391246796, -0.0059402259066700935, 0.5499913096427917, 0.14724650979042053, -0.011550063267350197, 0.5575997233390808, 0.17706595361232758, -0.008760165423154831, 0.5505406856536865, 0.20286208391189575, -0.0060323625802993774]"
[],"[0.535514235496521, 0.33331307768821716, 3.866074749225845e-08, 0.5831994414329529, 0.32576465606689453, -0.025063933804631233, 0.6100139021873474, 0.26785582304000854, -0.039450857788324356, 0.6222336292266846, 0.1937960386276245, -0.047385185956954956, 0.622161865234375, 0.13292065262794495, -0.05077113211154938, 0.5536232590675354, 0.23778849840164185, -0.04861577972769737, 0.5948746204376221, 0.14260345697402954, -0.06547588855028152, 0.6078780293464661, 0.1800537109375, -0.06748296320438385, 0.6022759675979614, 0.21436499059200287, -0.06482458114624023, 0.5288269519805908, 0.2132396548986435, -0.038541197776794434, 0.5816360712051392, 0.12796299159526825, -0.051628466695547104, 0.5930541753768921, 0.164566308259964, -0.04912734031677246, 0.5837910175323486, 0.19420631229877472, -0.04575291648507118, 0.5157977342605591, 0.1949836164712906, -0.028834708034992218, 0.5688187479972839, 0.12972381711006165, -0.03571957349777222, 0.5776726603507996, 0.1623353511095047, -0.027653630822896957, 0.568641722202301, 0.18771718442440033, -0.022116871550679207, 0.5106438398361206, 0.1826712191104889, -0.02100406587123871, 0.5567206740379333, 0.14389987289905548, -0.02489352971315384, 0.5642720460891724, 0.17126213014125824, -0.020954130217432976, 0.5565508008003235, 0.19339539110660553, -0.01796622946858406]"
[],"[0.5034410953521729, 0.5403755903244019, 4.5660829073312925e-07, 0.4819319248199463, 0.4474635422229767, -0.015446680597960949, 0.47456231713294983, 0.3460119664669037, -0.016370762139558792, 0.48368319869041443, 0.26045674085617065, -0.016208859160542488, 0.49374920129776, 0.19509559869766235, -0.014258776791393757, 0.46223342418670654, 0.33615055680274963, 0.013497145846486092, 0.46187761425971985, 0.24702537059783936, 0.011646457947790623, 0.47188761830329895, 0.19099102914333344, 0.005178514402359724, 0.4814149737358093, 0.15029382705688477, 0.0005291932611726224, 0.48141205310821533, 0.3385850489139557, 0.02024424448609352, 0.4905166029930115, 0.25843295454978943, 0.019124167039990425, 0.501369059085846, 0.21575552225112915, 0.008962094783782959, 0.5101479291915894, 0.19218309223651886, 0.0019375921692699194, 0.5025198459625244, 0.34763410687446594, 0.02422710694372654, 0.5132609009742737, 0.27514490485191345, 0.024120120331645012, 0.5215526819229126, 0.2379784733057022, 0.019779406487941742, 0.5272774696350098, 0.2212071567773819, 0.017027176916599274, 0.525977611541748, 0.3623391389846802, 0.026200544089078903, 0.5370640754699707, 0.29991117119789124, 0.028188396245241165, 0.543354868888855, 0.2611008584499359, 0.02823510393500328, 0.5472888946533203, 0.23495784401893616, 0.02855359949171543]"
"[0.5559795498847961, 0.5618892908096313, -1.2954988903857156e-07, 0.5849179029464722, 0.519189178943634, -0.02500264346599579, 0.6086419820785522, 0.4842374622821808, -0.04855530709028244, 0.6272995471954346, 0.4812050461769104, -0.07184228301048279, 0.6390632390975952, 0.5050855875015259, -0.09574901312589645, 0.5525674819946289, 0.38198378682136536, -0.039751242846250534, 0.5447489023208618, 0.3857722282409668, -0.07247970253229141, 0.5571630001068115, 0.41726937890052795, -0.09747809171676636, 0.5730094313621521, 0.4541259706020355, -0.11035531759262085, 0.5222429633140564, 0.408780962228775, -0.039750080555677414, 0.5308502912521362, 0.45089030265808105, -0.07279593497514725, 0.5555983781814575, 0.5028649568557739, -0.08779922872781754, 0.5799147486686707, 0.5525113344192505, -0.09317654371261597, 0.5013960003852844, 0.4503019452095032, -0.04189123958349228, 0.512385904788971, 0.49418026208877563, -0.06681542843580246, 0.5364214777946472, 0.5347328782081604, -0.07018916308879852, 0.560608446598053, 0.5720670223236084, -0.06704553216695786, 0.48881015181541443, 0.4950391352176666, -0.04696790128946304, 0.4918628931045532, 0.5288432836532593, -0.06119430810213089, 0.5100283026695251, 0.5555615425109863, -0.06129324063658714, 0.5299681425094604, 0.575169563293457, -0.057601697742938995]",[]
[],"[0.5414235591888428, 0.3200938105583191, 2.079877106098138e-07, 0.584590494632721, 0.3270227909088135, -0.018545186147093773, 0.6181320548057556, 0.2730410397052765, -0.030650679022073746, 0.6361021399497986, 0.20081086456775665, -0.03658005967736244, 0.6414834260940552, 0.1418011486530304, -0.040494032204151154, 0.574594259262085, 0.250042587518692, -0.05249030143022537, 0.6012825965881348, 0.15705014765262604, -0.0632035881280899, 0.6169817447662354, 0.15933571755886078, -0.05922840163111687, 0.6172219514846802, 0.17499613761901855, -0.05289294943213463, 0.5461717844009399, 0.22244319319725037, -0.04479755461215973, 0.5869190096855164, 0.1292928159236908, -0.051023032516241074, 0.6057956218719482, 0.14629289507865906, -0.04362678527832031, 0.6054907441139221, 0.1716752052307129, -0.03799436613917351, 0.5277436971664429, 0.20200622081756592, -0.035804349929094315, 0.5716869235038757, 0.12723344564437866, -0.03801913186907768, 0.5885995626449585, 0.14685893058776855, -0.02967827022075653, 0.5868139266967773, 0.16825541853904724, -0.024921081960201263, 0.5174039006233215, 0.18701153993606567, -0.0276043601334095, 0.5552656054496765, 0.13705888390541077, -0.029699696227908134, 0.5701983571052551, 0.15185171365737915, -0.02544231340289116, 0.5687342882156372, 0.16799697279930115, -0.022590231150388718]"
[],"[0.5415015816688538, 0.31300169229507446, 9.303402492832902e-08, 0.5842578411102295, 0.3283482491970062, -0.01563256047666073, 0.6209509372711182, 0.2792738080024719, -0.026614857837557793, 0.6435067057609558, 0.21126537024974823, -0.032124653458595276, 0.6493082642555237, 0.1523769646883011, -0.03518062084913254, 0.583979606628418, 0.2512734830379486, -0.05217492952942848, 0.6186298131942749, 0.1579301655292511, -0.06484881788492203, 0.6285631060600281, 0.18002940714359283, -0.060608867555856705, 0.6192674040794373, 0.20900483429431915, -0.05290675908327103, 0.5572400093078613, 0.2215806245803833, -0.04606330394744873, 0.6020281910896301, 0.13045215606689453, -0.054052140563726425, 0.613257884979248, 0.16007791459560394, -0.04554499685764313, 0.6040791273117065, 0.1883242428302765, -0.038441844284534454, 0.5381898880004883, 0.19929571449756622, -0.03860429674386978, 0.5832833051681519, 0.12596425414085388, -0.04149714484810829, 0.5945351123809814, 0.15270555019378662, -0.030121225863695145, 0.5868138074874878, 0.17515230178833008, -0.022643091157078743, 0.5253723859786987, 0.18330787122249603, -0.03174489736557007, 0.5644516348838806, 0.1290767341852188, -0.032912787050008774, 0.5751206874847412, 0.14782539010047913, -0.025641562417149544, 0.5685704946517944, 0.1653507798910141, -0.02046295814216137]"
[],"[0.5423152446746826, 0.30440783500671387, 1.1384294396066252e-07, 0.5826780796051025, 0.32772642374038696, -0.015439239330589771, 0.6215083003044128, 0.28413498401641846, -0.026011835783720016, 0.6450061798095703, 0.2150685340166092, -0.03115653619170189, 0.6518072485923767, 0.1568577140569687, -0.03454969450831413, 0.5870801210403442, 0.26047080755233765, -0.051242563873529434, 0.6204785108566284, 0.16592808067798615, -0.06328566372394562, 0.6296834945678711, 0.17843285202980042, -0.06003400310873985, 0.6218822002410889, 0.20107051730155945, -0.05358123406767845, 0.5610223412513733, 0.22540487349033356, -0.04517427459359169, 0.6048170924186707, 0.13850831985473633, -0.05193474516272545, 0.6149532794952393, 0.16307447850704193, -0.04474274441599846, 0.6054885983467102, 0.18831200897693634, -0.03912677615880966, 0.542245090007782, 0.19969770312309265, -0.03759651258587837, 0.5864782929420471, 0.1300322711467743, -0.03930477797985077, 0.5962206125259399, 0.15438607335090637, -0.029078425839543343, 0.5883132219314575, 0.175107941031456, -0.023009251803159714, 0.5295524597167969, 0.1804201304912567, -0.030568169429898262, 0.5673564672470093, 0.1312233805656433, -0.0316135548055172, 0.5765376091003418, 0.15141017735004425, -0.025142842903733253, 0.5690282583236694, 0.16831767559051514, -0.020736660808324814]"
[],"[0.5435866713523865, 0.31509146094322205, 1.001107321485506e-07, 0.5844123959541321, 0.33338463306427, -0.01589803770184517, 0.6225029826164246, 0.28710734844207764, -0.026447847485542297, 0.6453521847724915, 0.21923324465751648, -0.031371235847473145, 0.6533375978469849, 0.161753848195076, -0.034175366163253784, 0.5893751382827759, 0.25811296701431274, -0.052311792969703674, 0.6230090856552124, 0.16625672578811646, -0.06421517580747604, 0.6304510831832886, 0.1884920299053192, -0.06025254726409912, 0.6208869814872742, 0.21567659080028534, -0.05310532823204994, 0.5629643797874451, 0.22652661800384521, -0.045917611569166183, 0.6062336564064026, 0.1402789056301117, -0.05299028381705284, 0.6158268451690674, 0.16908448934555054, -0.04529213905334473, 0.6057451367378235, 0.19593848288059235, -0.03918314352631569, 0.5432380437850952, 0.2035381942987442, -0.03801429271697998, 0.5864443778991699, 0.1317037045955658, -0.04019986093044281, 0.5960913300514221, 0.15961462259292603, -0.02936137095093727, 0.5879849791526794, 0.18157370388507843, -0.022613851353526115, 0.5293858647346497, 0.1870538890361786, -0.03065396100282669, 0.5667418837547302, 0.13509467244148254, -0.03195687010884285, 0.5760684609413147, 0.15578973293304443, -0.02487209439277649, 0.5685851573944092, 0.1731802076101303, -0.019849231466650963]"
[],"[0.546960711479187, 0.31287920475006104, 8.64319744664499e-08, 0.5881630182266235, 0.3316214680671692, -0.014734117314219475, 0.6255215406417847, 0.28436610102653503, -0.025981642305850983, 0.647185742855072, 0.21656620502471924, -0.03175729513168335, 0.6554998755455017, 0.15818122029304504, -0.03554599732160568, 0.5923833250999451, 0.2678513824939728, -0.05637199059128761, 0.6258416175842285, 0.17050237953662872, -0.06917369365692139, 0.6363736987113953, 0.18484589457511902, -0.06375866383314133, 0.6284288763999939, 0.21263349056243896, -0.05536963418126106, 0.5651165246963501, 0.23666195571422577, -0.05122369900345802, 0.6085392236709595, 0.143035426735878, -0.060642872005701065, 0.6185567378997803, 0.16960862278938293, -0.0517340749502182, 0.6089078783988953, 0.1967301070690155, -0.04439255967736244, 0.5453278422355652, 0.21210286021232605, -0.04426814243197441, 0.5895590782165527, 0.13477690517902374, -0.04810371622443199, 0.5991925001144409, 0.16070637106895447, -0.035843007266521454, 0.5912721753120422, 0.18333376944065094, -0.027894871309399605, 0.531303346157074, 0.19423985481262207, -0.03770200535655022, 0.5701807737350464, 0.13703975081443787, -0.039561014622449875, 0.5791551470756531, 0.15658797323703766, -0.03188855201005936, 0.5715118646621704, 0.1754073202610016, -0.02656254731118679]"
[],"[0.5480817556381226, 0.29832881689071655, 1.1593443360879974e-07, 0.5885116457939148, 0.32110804319381714, -0.014490770176053047, 0.6253921985626221, 0.2823393642902374, -0.028129907324910164, 0.6484519243240356, 0.2198987603187561, -0.036239877343177795, 0.6569005250930786, 0.1622108668088913, -0.04278261214494705, 0.5945616960525513, 0.2721711993217468, -0.06306157261133194, 0.6270612478256226, 0.17810316383838654, -0.07616923004388809, 0.6378681063652039, 0.18987403810024261, -0.06926599889993668, 0.6296142339706421, 0.21402192115783691, -0.05973982438445091, 0.567755401134491, 0.24044878780841827, -0.05867699533700943, 0.6121453642845154, 0.14875853061676025, -0.06867771595716476, 0.6223610639572144, 0.17488296329975128, -0.057905420660972595, 0.6127029061317444, 0.20121979713439941, -0.04922885447740555, 0.5487416982650757, 0.21310897171497345, -0.0520494319498539, 0.5937891006469727, 0.13740140199661255, -0.055704258382320404, 0.6036856174468994, 0.16320869326591492, -0.04170726612210274, 0.5950989723205566, 0.1857445389032364, -0.032876960933208466, 0.5352312326431274, 0.19073258340358734, -0.045727528631687164, 0.5744556784629822, 0.13541051745414734, -0.04734762758016586, 0.5837759375572205, 0.1563364863395691, -0.038836658000946045, 0.5756940245628357, 0.17663854360580444, -0.03311902657151222]"
[],"[0.5485975742340088, 0.3110868036746979, 7.414988090204133e-08, 0.5907531380653381, 0.33126845955848694, -0.015732482075691223, 0.6272069215774536, 0.2849982976913452, -0.02784300036728382, 0.6490795612335205, 0.21897615492343903, -0.033629532903432846, 0.6584212779998779, 0.16199098527431488, -0.03706550598144531, 0.5926221609115601, 0.26877129077911377, -0.06347137689590454, 0.6271778345108032, 0.1720902919769287, -0.07526618987321854, 0.6366943717002869, 0.1943797767162323, -0.06687329709529877, 0.62681645154953, 0.2254997342824936, -0.05637342855334282, 0.5661224722862244, 0.2368399202823639, -0.05722733214497566, 0.6111024022102356, 0.14507366716861725, -0.06623437255620956, 0.620437741279602, 0.17587436735630035, -0.05508636310696602, 0.6093644499778748, 0.2033030092716217, -0.04634702950716019, 0.5476047396659851, 0.21140816807746887, -0.0486762560904026, 0.5936830639839172, 0.13542363047599792, -0.05181239917874336, 0.6026166677474976, 0.1652212142944336, -0.03801075369119644, 0.5940370559692383, 0.18793246150016785, -0.02935800887644291, 0.5349356532096863, 0.19327493011951447, -0.040449272841215134, 0.574617862701416, 0.1368466019630432, -0.042030081152915955, 0.5829125642776489, 0.1588711440563202, -0.033766284584999084, 0.5745145082473755, 0.1779879778623581, -0.028232431039214134]"
[],"[0.5458688735961914, 0.32220688462257385, 5.490376864258906e-08, 0.5901309251785278, 0.34163638949394226, -0.018921464681625366, 0.626477062702179, 0.29412245750427246, -0.030964814126491547, 0.6474640369415283, 0.22585660219192505, -0.0363922081887722, 0.6570903658866882, 0.16716766357421875, -0.03858916461467743, 0.5870111584663391, 0.26363158226013184, -0.05782996490597725, 0.6252543330192566, 0.1756318211555481, -0.07059724628925323, 0.6334149837493896, 0.20682871341705322, -0.06521646678447723, 0.6221298575401306, 0.23860988020896912, -0.056989822536706924, 0.5612503290176392, 0.23261725902557373, -0.049848947674036026, 0.6078014969825745, 0.1481410562992096, -0.05863350257277489, 0.6184616684913635, 0.1804909110069275, -0.05035190284252167, 0.6081596612930298, 0.20789533853530884, -0.04378190264105797, 0.5438522696495056, 0.2099727839231491, -0.0404866598546505, 0.590826153755188, 0.14052724838256836, -0.0443526990711689, 0.600636899471283, 0.17081482708454132, -0.033402249217033386, 0.5918703079223633, 0.19332198798656464, -0.026459796354174614, 0.5330084562301636, 0.19476759433746338, -0.031836770474910736, 0.5730360150337219, 0.14487645030021667, -0.03451244905591011, 0.582000732421875, 0.16717536747455597, -0.028371762484312057, 0.5738844871520996, 0.1859125792980194, -0.02400393784046173]"
[],"[0.5429694652557373, 0.34908390045166016, 2.2149440326302283e-07, 0.5868480205535889, 0.3555060029029846, -0.01896064542233944, 0.6232110261917114, 0.30573219060897827, -0.03118208982050419, 0.6432611346244812, 0.2344757467508316, -0.037547577172517776, 0.6492823362350464, 0.1753038913011551, -0.04173717275261879, 0.577094554901123, 0.2789870500564575, -0.047574229538440704, 0.6084416508674622, 0.19677555561065674, -0.060219042003154755, 0.6230863332748413, 0.198790043592453, -0.05924944207072258, 0.6228879690170288, 0.2103225737810135, -0.05495327711105347, 0.5503740906715393, 0.247636616230011, -0.04040221497416496, 0.5983126759529114, 0.16042554378509521, -0.0502760112285614, 0.6147644519805908, 0.18294493854045868, -0.046708766371011734, 0.6100541949272156, 0.2119600921869278, -0.04240962490439415, 0.5335073471069336, 0.22451770305633545, -0.032163720577955246, 0.5818755626678467, 0.1518060564994812, -0.03680366650223732, 0.5963513851165771, 0.17548589408397675, -0.029737498611211777, 0.5912224650382996, 0.20008258521556854, -0.02460002899169922, 0.5238714218139648, 0.20769941806793213, -0.024812716990709305, 0.5652799606323242, 0.16170524060726166, -0.027415040880441666, 0.5775361061096191, 0.1805776059627533, -0.023182185366749763, 0.5730404853820801, 0.19903379678726196, -0.019783969968557358]"
[],"[0.5373691916465759, 0.3622613251209259, 7.63402940862079e-09, 0.5868479013442993, 0.35680514574050903, -0.024245232343673706, 0.6137012243270874, 0.30013155937194824, -0.0366656556725502, 0.629297137260437, 0.22725003957748413, -0.04333456978201866, 0.6327494382858276, 0.16621354222297668, -0.045101895928382874, 0.5618389248847961, 0.2517552375793457, -0.03926633298397064, 0.6034775972366333, 0.16411106288433075, -0.05500546097755432, 0.6149443984031677, 0.2077198326587677, -0.05906824767589569, 0.607079029083252, 0.24466800689697266, -0.058336291462183, 0.5389233827590942, 0.22743678092956543, -0.029384158551692963, 0.5892212986946106, 0.1534995138645172, -0.0408824160695076, 0.5998951196670532, 0.19213706254959106, -0.03996298834681511, 0.589857816696167, 0.22282052040100098, -0.03784474730491638, 0.5269869565963745, 0.21360042691230774, -0.02048938348889351, 0.575860321521759, 0.15856222808361053, -0.02660970762372017, 0.5846723914146423, 0.19091938436031342, -0.020057033747434616, 0.5755656957626343, 0.21531136333942413, -0.015421993099153042, 0.5222920179367065, 0.20559190213680267, -0.01361527293920517, 0.5633399486541748, 0.17418117821216583, -0.017367905005812645, 0.569412887096405, 0.199203759431839, -0.014016269706189632, 0.5610944628715515, 0.21927706897258759, -0.011156137101352215]"
"[0.5502892732620239, 0.5352184772491455, -1.268564773226899e-07, 0.5761433243751526, 0.4896550178527832, -0.02141214907169342, 0.6002143621444702, 0.4511822462081909, -0.04343469813466072, 0.6241010427474976, 0.45009714365005493, -0.06645526736974716, 0.6388166546821594, 0.47432953119277954, -0.09086473286151886, 0.5409681797027588, 0.3764069378376007, -0.03736010193824768, 0.5358692407608032, 0.3866575062274933, -0.0716264396905899, 0.5489785075187683, 0.41802653670310974, -0.09787985682487488, 0.5659721493721008, 0.45638158917427063, -0.11083945631980896, 0.5091755986213684, 0.4100167155265808, -0.03915949538350105, 0.521454393863678, 0.4532420039176941, -0.0704706460237503, 0.5482514500617981, 0.4992328882217407, -0.08493702113628387, 0.574796736240387, 0.5445486307144165, -0.09051654487848282, 0.4879024028778076, 0.45488888025283813, -0.042935390025377274, 0.5049300789833069, 0.5024569630622864, -0.06674893200397491, 0.532764196395874, 0.5410634279251099, -0.06901522725820541, 0.5597312450408936, 0.5742497444152832, -0.06541828066110611, 0.4743354320526123, 0.5020678043365479, -0.04949598014354706, 0.48552194237709045, 0.5395957827568054, -0.06214718893170357, 0.5077937841415405, 0.5637581944465637, -0.06020089611411095, 0.5293611884117126, 0.5804557204246521, -0.05539969727396965]","[0.5920279026031494, 0.39632105827331543, -2.068413493816479e-07, 0.606306254863739, 0.3535012900829315, -0.03366585075855255, 0.6071715950965881, 0.27535146474838257, -0.04528387263417244, 0.6096265912055969, 0.20873811841011047, -0.052225030958652496, 0.6127973794937134, 0.1580752283334732, -0.0553026907145977, 0.5615506172180176, 0.19953268766403198, -0.026782359927892685, 0.5950384140014648, 0.12247123569250107, -0.048461101949214935, 0.6280645728111267, 0.15649160742759705, -0.059588637202978134, 0.639093816280365, 0.19996337592601776, -0.061057284474372864, 0.5626044869422913, 0.2051597386598587, -0.013399188406765461, 0.6213427782058716, 0.1674882024526596, -0.038600411266088486, 0.6442732810974121, 0.23007294535636902, -0.047907061874866486, 0.6423584818840027, 0.27560633420944214, -0.046688780188560486, 0.5710991024971008, 0.2157870978116989, -0.003402502043172717, 0.6292247176170349, 0.1933024525642395, -0.032368604093790054, 0.6416109204292297, 0.2577246129512787, -0.037508267909288406, 0.6361923217773438, 0.30330348014831543, -0.030919747427105904, 0.5810430645942688, 0.23011067509651184, 0.005117806605994701, 0.6164452433586121, 0.1890084147453308, -0.014054529368877411, 0.6335511803627014, 0.22306562960147858, -0.013426017016172409, 0.6407433152198792, 0.2585022449493408, -0.005423678085207939]"
"[0.530849039554596, 0.7225589752197266, -1.4259827985085849e-08, 0.5372872352600098, 0.6568604707717896, -0.022508755326271057, 0.5233959555625916, 0.5939356684684753, -0.0304688960313797, 0.4838853180408478, 0.5616065263748169, -0.036768291145563126, 0.44752275943756104, 0.5529253482818604, -0.043046820908784866, 0.5060213804244995, 0.5261766314506531, 0.004178551957011223, 0.4760650098323822, 0.5024794340133667, -0.005390647798776627, 0.45526203513145447, 0.521047055721283, -0.018493836745619774, 0.4434111714363098, 0.5437494516372681, -0.026597077026963234, 0.4844098389148712, 0.5425397753715515, 0.010153298266232014, 0.4535363018512726, 0.519105851650238, 0.0010326368501409888, 0.4371682405471802, 0.5390729308128357, -0.014751119539141655, 0.42437744140625, 0.5680027008056641, -0.023251304402947426, 0.47095566987991333, 0.5698729157447815, 0.012438690289855003, 0.44264915585517883, 0.538818359375, -0.00039842049591243267, 0.42723339796066284, 0.5506222248077393, -0.013205590657889843, 0.4159906506538391, 0.5721864104270935, -0.017526285722851753, 0.4612535536289215, 0.6033251285552979, 0.01314548123627901, 0.44032931327819824, 0.5685951709747314, 0.0006456813425756991, 0.43146365880966187, 0.5662724375724792, -0.005920973606407642, 0.4264414310455322, 0.5723010301589966, -0.006885855458676815]",[]
"[0.5473726987838745, 0.7003109455108643, 4.115767282542038e-08, 0.5540896058082581, 0.6378141045570374, -0.01820041984319687, 0.5424470901489258, 0.5693708062171936, -0.023908836767077446, 0.510233461856842, 0.534963846206665, -0.028603078797459602, 0.47963884472846985, 0.5265470743179321, -0.03260166943073273, 0.5128288865089417, 0.5317232608795166, 0.0003728625597432256, 0.489729642868042, 0.48856839537620544, -0.013705304823815823, 0.469768762588501, 0.489226758480072, -0.027541937306523323, 0.45752230286598206, 0.5029907822608948, -0.03541219234466553, 0.49328139424324036, 0.561553955078125, 0.0036717872135341167, 0.4688781499862671, 0.5219810605049133, -0.009016182273626328, 0.44803085923194885, 0.5218709707260132, -0.02163122035562992, 0.4347345530986786, 0.5362527370452881, -0.028459390625357628, 0.48013564944267273, 0.5956020951271057, 0.0033487454056739807, 0.455610990524292, 0.5600836873054504, -0.008516399189829826, 0.43806666135787964, 0.5562444925308228, -0.015232810750603676, 0.4273572564125061, 0.5653002262115479, -0.017308061942458153, 0.4712769389152527, 0.6351203918457031, 0.0010957324411720037, 0.45100975036621094, 0.6045007109642029, -0.007531715091317892, 0.43828287720680237, 0.5948958992958069, -0.009994834661483765, 0.429824560880661, 0.5938814878463745, -0.00980815477669239]",[]
"[0.5137837529182434, 0.5157667398452759, -7.277456148813144e-08, 0.5313372611999512, 0.4635072350502014, -0.016535155475139618, 0.5400599241256714, 0.4172104597091675, -0.027455775067210197, 0.5453486442565918, 0.38687530159950256, -0.038051459938287735, 0.5414652824401855, 0.37230971455574036, -0.04846230894327164, 0.5067000389099121, 0.38014352321624756, -0.02566961757838726, 0.49228671193122864, 0.3546321988105774, -0.04808630421757698, 0.4884186089038849, 0.37807756662368774, -0.06304705142974854, 0.4916585683822632, 0.4096156358718872, -0.07030551135540009, 0.4893936514854431, 0.4136170446872711, -0.026226235553622246, 0.4745602607727051, 0.405210942029953, -0.04914511367678642, 0.4803221821784973, 0.43577098846435547, -0.058274511247873306, 0.49297767877578735, 0.46675869822502136, -0.06149240583181381, 0.47777652740478516, 0.45197516679763794, -0.02902340330183506, 0.4673588275909424, 0.45999574661254883, -0.04874970763921738, 0.47388169169425964, 0.47845515608787537, -0.052325889468193054, 0.4850856363773346, 0.49937382340431213, -0.051628340035676956, 0.47193002700805664, 0.49005818367004395, -0.033336982131004333, 0.4595763683319092, 0.5014227628707886, -0.045431897044181824, 0.463046669960022, 0.5113595724105835, -0.04692355543375015, 0.4716101884841919, 0.521898090839386, -0.04625530168414116]","[0.5587430596351624, 0.4599238336086273, -1.0146147388923055e-07, 0.5362516045570374, 0.3806903660297394, -0.0008802152005955577, 0.5337153673171997, 0.30734074115753174, 0.0021687098778784275, 0.5419672131538391, 0.24996308982372284, 0.0030104785691946745, 0.5491412878036499, 0.2121930867433548, 0.005089014768600464, 0.5569739937782288, 0.3109153211116791, 0.015139895491302013, 0.5690109133720398, 0.2643852233886719, 0.008617667481303215, 0.5624017119407654, 0.27564358711242676, 0.002692123642191291, 0.5546241998672485, 0.28920450806617737, 0.00012996714212931693, 0.5724520087242126, 0.32520490884780884, 0.012540402822196484, 0.584193229675293, 0.28454431891441345, 0.0064298114739358425, 0.5742797255516052, 0.29817748069763184, 0.0005021250690333545, 0.5652195811271667, 0.31327956914901733, -0.0019546090625226498, 0.5885517001152039, 0.33980628848075867, 0.007989449426531792, 0.5985932946205139, 0.30460384488105774, 0.0032302297186106443, 0.5864569544792175, 0.31848496198654175, 0.0030669299885630608, 0.5764469504356384, 0.3333691954612732, 0.004326699301600456, 0.6053277850151062, 0.35801100730895996, 0.0029185039456933737, 0.6135913133621216, 0.3264049291610718, 0.0015429947525262833, 0.6012757420539856, 0.3384997844696045, 0.004721177741885185, 0.5903830528259277, 0.3539896607398987, 0.008132075890898705]"
"[0.5141159892082214, 0.5282706618309021, -9.8413231341965e-08, 0.5373348593711853, 0.4844319522380829, -0.021925529465079308, 0.5496559143066406, 0.4397677183151245, -0.034854043275117874, 0.5602888464927673, 0.40843015909194946, -0.04702563211321831, 0.5603300333023071, 0.38702964782714844, -0.059165552258491516, 0.5118746161460876, 0.39446747303009033, -0.02989109978079796, 0.4929525852203369, 0.3578958809375763, -0.05428902432322502, 0.4865727126598358, 0.3820440471172333, -0.07047159224748611, 0.4904211759567261, 0.4153982996940613, -0.07840443402528763, 0.4926060438156128, 0.42748141288757324, -0.02856782078742981, 0.47235944867134094, 0.40988489985466003, -0.05530029907822609, 0.4771631062030792, 0.4480234384536743, -0.06706205010414124, 0.4914274215698242, 0.4837777018547058, -0.07123547047376633, 0.4796226918697357, 0.46359947323799133, -0.029844457283616066, 0.46510937809944153, 0.46560603380203247, -0.05383167415857315, 0.47328779101371765, 0.4940427541732788, -0.0589870922267437, 0.48733967542648315, 0.522773802280426, -0.058078307658433914, 0.4723251163959503, 0.49905306100845337, -0.032956287264823914, 0.4571942389011383, 0.5069743990898132, -0.04883803427219391, 0.46181485056877136, 0.5235292315483093, -0.051577914506196976, 0.4732109606266022, 0.5401473641395569, -0.050851549953222275]","[0.5504522323608398, 0.40740713477134705, -2.790452526824083e-07, 0.518291711807251, 0.35484015941619873, -0.015574398450553417, 0.5136481523513794, 0.26215073466300964, -0.019540680572390556, 0.5293265581130981, 0.1889963448047638, -0.02332591451704502, 0.549168050289154, 0.1455010324716568, -0.024564998224377632, 0.5495583415031433, 0.22131593525409698, 0.0020489427261054516, 0.5694929957389832, 0.17410942912101746, -0.01789667084813118, 0.5585952997207642, 0.2115040272474289, -0.029877662658691406, 0.5474657416343689, 0.2463926523923874, -0.03463108092546463, 0.5707242488861084, 0.2443026304244995, 0.0015178648754954338, 0.5888743996620178, 0.19786205887794495, -0.0197829008102417, 0.5689474940299988, 0.2512470483779907, -0.026280241087079048, 0.5571282505989075, 0.2886408269405365, -0.02462994121015072, 0.5883663892745972, 0.2745204567909241, -0.0034774739760905504, 0.6050853729248047, 0.2311406284570694, -0.026007501408457756, 0.5818390846252441, 0.28305983543395996, -0.022666173055768013, 0.5685535073280334, 0.3174573481082916, -0.013721938244998455, 0.6056589484214783, 0.3121628165245056, -0.009950384497642517, 0.6145406365394592, 0.2828572392463684, -0.02680845744907856, 0.5951285362243652, 0.31924551725387573, -0.02406051754951477, 0.5823748111724854, 0.3443361222743988, -0.017325544729828835]"
"[0.51600581407547, 0.5611850023269653, -6.649201367281421e-08, 0.5403885841369629, 0.5144659280776978, -0.02421632781624794, 0.5527007579803467, 0.47278252243995667, -0.03946007415652275, 0.5591118931770325, 0.44233226776123047, -0.05396917834877968, 0.5536789298057556, 0.42546316981315613, -0.06778448820114136, 0.511613130569458, 0.4121834933757782, -0.03069552592933178, 0.4877587556838989, 0.36821112036705017, -0.057598311454057693, 0.484078586101532, 0.3952091932296753, -0.07498770207166672, 0.49079397320747375, 0.4326932430267334, -0.08300289511680603, 0.49089276790618896, 0.4458409547805786, -0.02871447429060936, 0.4665355086326599, 0.42426660656929016, -0.05901729315519333, 0.47618111968040466, 0.4624968469142914, -0.07101984322071075, 0.4936070442199707, 0.49992355704307556, -0.07429195195436478, 0.4762745499610901, 0.4824661314487457, -0.029880555346608162, 0.4589983820915222, 0.4792900085449219, -0.05616595968604088, 0.47227492928504944, 0.5084506869316101, -0.06004498898983002, 0.48944947123527527, 0.5387721061706543, -0.05729527771472931, 0.46831098198890686, 0.5178461670875549, -0.03321162238717079, 0.4516047239303589, 0.5189104080200195, -0.04974263906478882, 0.4605833888053894, 0.5359651446342468, -0.0517348013818264, 0.4751231372356415, 0.5532055497169495, -0.04981223866343498]",[]
"[0.5175767540931702, 0.5702395439147949, -2.820291555849508e-08, 0.5436516404151917, 0.5359563231468201, -0.03409523889422417, 0.5604653358459473, 0.5025293827056885, -0.05724355950951576, 0.5709604620933533, 0.48573827743530273, -0.07889613509178162, 0.5605348348617554, 0.48204758763313293, -0.10007019340991974, 0.5084623694419861, 0.4241637587547302, -0.038279540836811066, 0.48562026023864746, 0.38267308473587036, -0.0713391825556755, 0.4828161299228668, 0.4074277877807617, -0.09550943970680237, 0.4916408658027649, 0.4453933537006378, -0.10837732255458832, 0.48785361647605896, 0.4569626748561859, -0.034676097333431244, 0.4634634256362915, 0.4301739037036896, -0.07203899323940277, 0.47512122988700867, 0.47609660029411316, -0.09260497987270355, 0.4944208562374115, 0.5174264907836914, -0.10142229497432709, 0.4731380343437195, 0.492428183555603, -0.03493286296725273, 0.45462852716445923, 0.4866045415401459, -0.06669176369905472, 0.4706416726112366, 0.5199206471443176, -0.07762400805950165, 0.49166741967201233, 0.5555874705314636, -0.07924602180719376, 0.4664064645767212, 0.5284912586212158, -0.03801780939102173, 0.44761282205581665, 0.5291664600372314, -0.05825300142168999, 0.458305299282074, 0.5496548414230347, -0.0643078163266182, 0.47473013401031494, 0.5716309547424316, -0.06566718965768814]",[]
"[0.5236392021179199, 0.5641147494316101, 1.485127310019152e-08, 0.5471999049186707, 0.5296937227249146, -0.03417215496301651, 0.5611511468887329, 0.49914371967315674, -0.058076899498701096, 0.5657466650009155, 0.48425352573394775, -0.08078151941299438, 0.5544906854629517, 0.48611393570899963, -0.10278436541557312, 0.5087994337081909, 0.41958683729171753, -0.03641652315855026, 0.48401346802711487, 0.3838607668876648, -0.06922633200883865, 0.4815669059753418, 0.4114874303340912, -0.09185386449098587, 0.49203503131866455, 0.44971296191215515, -0.10301269590854645, 0.48656606674194336, 0.45473161339759827, -0.03269891068339348, 0.4626103937625885, 0.4379980266094208, -0.06923948228359222, 0.47610899806022644, 0.4827447831630707, -0.0861840546131134, 0.49887192249298096, 0.5208333730697632, -0.09171162545681, 0.4715854823589325, 0.49104592204093933, -0.03337286412715912, 0.4531518518924713, 0.4900871217250824, -0.06528190523386002, 0.47042980790138245, 0.5268228650093079, -0.07312463223934174, 0.4924788773059845, 0.5606611371040344, -0.07176527380943298, 0.46333301067352295, 0.5268867015838623, -0.03702470287680626, 0.4437909424304962, 0.5314851403236389, -0.05775170773267746, 0.4554155468940735, 0.5549900531768799, -0.062297943979501724, 0.47308698296546936, 0.5760161876678467, -0.06162768229842186]","[0.5479351878166199, 0.41196104884147644, -2.749214615960227e-07, 0.5125503540039062, 0.36391377449035645, -0.01598990149796009, 0.5093604922294617, 0.2641068994998932, -0.01865023374557495, 0.5302973985671997, 0.19084058701992035, -0.020840587094426155, 0.5500001311302185, 0.15067151188850403, -0.02080964669585228, 0.5486208200454712, 0.227312371134758, -0.0015468808123841882, 0.5701961517333984, 0.1835561841726303, -0.021254047751426697, 0.5576748251914978, 0.21950410306453705, -0.033050958067178726, 0.5458399653434753, 0.251055508852005, -0.03802783414721489, 0.5706276297569275, 0.2529573142528534, -0.0017946113366633654, 0.5909130573272705, 0.20893344283103943, -0.025343934074044228, 0.5686342716217041, 0.2633245289325714, -0.03268623352050781, 0.5532451272010803, 0.3005112111568451, -0.031156856566667557, 0.5882867574691772, 0.2837373614311218, -0.006156388204544783, 0.6054139137268066, 0.2449049949645996, -0.029987292364239693, 0.5806128978729248, 0.29888153076171875, -0.027283158153295517, 0.5650503039360046, 0.33365851640701294, -0.01859654113650322, 0.6056239604949951, 0.31928956508636475, -0.011939667165279388, 0.6169309020042419, 0.2915707230567932, -0.02943098545074463, 0.5969318747520447, 0.3295705318450928, -0.026816312223672867, 0.5816292762756348, 0.3569633662700653, -0.020126033574342728]"
"[0.50773024559021, 0.5785053372383118, -2.143068300597406e-08, 0.5345144867897034, 0.5336993932723999, -0.033912163227796555, 0.5521145462989807, 0.4961228668689728, -0.05625786632299423, 0.5555087924003601, 0.4701894223690033, -0.07676946371793747, 0.5419679880142212, 0.46336936950683594, -0.0963885709643364, 0.5015883445739746, 0.4240666925907135, -0.03622696176171303, 0.48163408041000366, 0.3810867369174957, -0.06915159523487091, 0.4778389632701874, 0.4056349992752075, -0.09187782555818558, 0.48518526554107666, 0.4451291859149933, -0.10283620655536652, 0.48038220405578613, 0.45812949538230896, -0.03173481300473213, 0.45937469601631165, 0.43481162190437317, -0.06930991262197495, 0.471821129322052, 0.47908133268356323, -0.08653593808412552, 0.49241170287132263, 0.5226032137870789, -0.09169157594442368, 0.4655279219150543, 0.49417680501937866, -0.03149227797985077, 0.45006033778190613, 0.4902188181877136, -0.06381329894065857, 0.46630215644836426, 0.5237308740615845, -0.07136349380016327, 0.48697760701179504, 0.5581502914428711, -0.06940320879220963, 0.4563293159008026, 0.5287172794342041, -0.03420523926615715, 0.4404378831386566, 0.5310187935829163, -0.05495903268456459, 0.4517776370048523, 0.5530977845191956, -0.05929633602499962, 0.46818774938583374, 0.574191153049469, -0.05817324295639992]",[]
"[0.5411627292633057, 0.5395481586456299, -2.618566554701829e-07, 0.5664423108100891, 0.4892338216304779, -0.016331179067492485, 0.5890935659408569, 0.4471471309661865, -0.03481896221637726, 0.6067633032798767, 0.44396159052848816, -0.05494436249136925, 0.6165044903755188, 0.4573832154273987, -0.07666441798210144, 0.5199878215789795, 0.38131070137023926, -0.0325467623770237, 0.5151534080505371, 0.3874471187591553, -0.061156049370765686, 0.5300766825675964, 0.4157992899417877, -0.08348628133535385, 0.5481104254722595, 0.44556617736816406, -0.09482778608798981, 0.4926231801509857, 0.4233225882053375, -0.03626951575279236, 0.506674587726593, 0.4574889540672302, -0.06111826375126839, 0.5319716334342957, 0.49710357189178467, -0.07386768609285355, 0.5579007863998413, 0.5349804162979126, -0.07986997812986374, 0.4757886230945587, 0.47184988856315613, -0.040981292724609375, 0.49627888202667236, 0.5142907500267029, -0.06075380742549896, 0.5229873657226562, 0.5446974039077759, -0.06255996972322464, 0.5490307807922363, 0.5704768896102905, -0.05981406569480896, 0.4648231267929077, 0.520022988319397, -0.04784715175628662, 0.4769541025161743, 0.5538619756698608, -0.05841033160686493, 0.49869024753570557, 0.5756586194038391, -0.054704003036022186, 0.5204280614852905, 0.5895822644233704, -0.048945069313049316]",[]
"[0.5223640203475952, 0.5459359288215637, -1.2326414378094341e-07, 0.5525803565979004, 0.4930424094200134, -0.030581682920455933, 0.5710534453392029, 0.43776458501815796, -0.0478934645652771, 0.5756905674934387, 0.3904127776622772, -0.06294859945774078, 0.56368088722229, 0.36346063017845154, -0.07778967171907425, 0.5157066583633423, 0.3821101486682892, -0.03504070267081261, 0.49391981959342957, 0.3498915433883667, -0.0648263543844223, 0.48171836137771606, 0.3878854215145111, -0.0841013565659523, 0.4839341640472412, 0.4280710220336914, -0.09375713020563126, 0.4910600781440735, 0.41805413365364075, -0.031198928132653236, 0.46520528197288513, 0.4132097661495209, -0.0647408664226532, 0.46911942958831787, 0.46958285570144653, -0.0793120265007019, 0.4841806888580322, 0.5157318115234375, -0.0839286670088768, 0.4745962619781494, 0.45659029483795166, -0.030870793387293816, 0.45113903284072876, 0.46948325634002686, -0.06312785297632217, 0.4613628387451172, 0.5159090757369995, -0.06782018393278122, 0.4782700538635254, 0.553570032119751, -0.06448293477296829, 0.46576040983200073, 0.4932323098182678, -0.0328080989420414, 0.44111180305480957, 0.5105408430099487, -0.05609847232699394, 0.4467692971229553, 0.5429397821426392, -0.058456309139728546, 0.4603319764137268, 0.5658849477767944, -0.05542949587106705]",[]
"[0.5360298156738281, 0.5628436803817749, -1.5215046289540624e-07, 0.5581536293029785, 0.5337059497833252, -0.025905536487698555, 0.5641380548477173, 0.49393463134765625, -0.040643151849508286, 0.546552836894989, 0.46224522590637207, -0.05345284938812256, 0.5159124135971069, 0.45463326573371887, -0.06619768589735031, 0.5281264185905457, 0.4013580083847046, -0.025121765211224556, 0.5015654563903809, 0.3694765865802765, -0.048469554632902145, 0.4849640429019928, 0.398820698261261, -0.06447996199131012, 0.4853658378124237, 0.4342259466648102, -0.07272401452064514, 0.5038841366767883, 0.4158431887626648, -0.02172665484249592, 0.46963849663734436, 0.41220852732658386, -0.047929223626852036, 0.46617189049720764, 0.46218979358673096, -0.060832154005765915, 0.478746235370636, 0.50993412733078, -0.06440386921167374, 0.48844048380851746, 0.4438271224498749, -0.021332809701561928, 0.45596227049827576, 0.45313072204589844, -0.04779792204499245, 0.4577541649341583, 0.4984803795814514, -0.05375688523054123, 0.47074902057647705, 0.5386256575584412, -0.05155131593346596, 0.4798349142074585, 0.47615084052085876, -0.022615548223257065, 0.4487416744232178, 0.48978886008262634, -0.04236942529678345, 0.44872498512268066, 0.5235356688499451, -0.04487287253141403, 0.45977938175201416, 0.5517582893371582, -0.04186968132853508]",[]
[],"[0.5518144965171814, 0.36040884256362915, -1.2038131558256282e-07, 0.5152052640914917, 0.3355492651462555, -0.029974890872836113, 0.5014600157737732, 0.25035542249679565, -0.036359529942274094, 0.5073092579841614, 0.16905972361564636, -0.03864571452140808, 0.5182860493659973, 0.11330953240394592, -0.03673937916755676, 0.5036357045173645, 0.19227318465709686, -0.0035129899624735117, 0.5307027101516724, 0.1366620510816574, -0.02527039125561714, 0.5352259278297424, 0.18716832995414734, -0.03619203343987465, 0.5315731167793274, 0.2216697335243225, -0.0387355238199234, 0.529705822467804, 0.20422066748142242, 0.005725846625864506, 0.554212212562561, 0.15545809268951416, -0.019821731373667717, 0.5517888069152832, 0.2203531712293625, -0.02772907167673111, 0.542428195476532, 0.25047892332077026, -0.024833474308252335, 0.5525659918785095, 0.22157661616802216, 0.009396873414516449, 0.572776734828949, 0.19255518913269043, -0.019548306241631508, 0.5646359920501709, 0.2575456500053406, -0.018922969698905945, 0.552195131778717, 0.28104621171951294, -0.009469238109886646, 0.5715060830116272, 0.24183064699172974, 0.01122589223086834, 0.5880711078643799, 0.2293604463338852, -0.008328867144882679, 0.580562174320221, 0.27942803502082825, -0.006693726405501366, 0.5677213072776794, 0.30088362097740173, 0.0006215654429979622]"
"[0.5272251963615417, 0.590930700302124, -1.5104637540730437e-08, 0.5370562672615051, 0.561475396156311, -0.033334795385599136, 0.5309308767318726, 0.5365111827850342, -0.05520863085985184, 0.5057682394981384, 0.5083024501800537, -0.07383068650960922, 0.4778019189834595, 0.49456122517585754, -0.092319555580616, 0.5356566905975342, 0.42815858125686646, -0.03508609160780907, 0.5248801112174988, 0.37952375411987305, -0.05900831148028374, 0.5193348526954651, 0.37850597500801086, -0.07719910889863968, 0.5196377635002136, 0.3867681622505188, -0.08784356713294983, 0.5125716924667358, 0.4350919723510742, -0.02748393453657627, 0.48070791363716125, 0.43354272842407227, -0.057095807045698166, 0.46408435702323914, 0.4776780307292938, -0.07322103530168533, 0.45975807309150696, 0.5226553678512573, -0.07928916811943054, 0.4934108853340149, 0.4560888707637787, -0.022997749969363213, 0.4628159701824188, 0.4609317481517792, -0.05146960914134979, 0.45032304525375366, 0.497079461812973, -0.05986891686916351, 0.44756385684013367, 0.539153516292572, -0.05906992405653, 0.48071202635765076, 0.4826169013977051, -0.020700132474303246, 0.4564072787761688, 0.48466435074806213, -0.04178253561258316, 0.4490131735801697, 0.508910596370697, -0.04615076258778572, 0.4486139714717865, 0.5354510545730591, -0.04420071467757225]",[]
[],"[0.5311978459358215, 0.38228869438171387, -5.242834610896807e-09, 0.5772799849510193, 0.3662020266056061, -0.029998911544680595, 0.5986666679382324, 0.3023951053619385, -0.043082017451524734, 0.6097934246063232, 0.22850485146045685, -0.04920787364244461, 0.6123310327529907, 0.1633785367012024, -0.04990947246551514, 0.5410344004631042, 0.2467881143093109, -0.0398896299302578, 0.5856758952140808, 0.16259287297725677, -0.05415606126189232, 0.5958395600318909, 0.21138690412044525, -0.05718924105167389, 0.5870910882949829, 0.24811795353889465, -0.05607840046286583, 0.5205258727073669, 0.22922493517398834, -0.026007696986198425, 0.5714941620826721, 0.15807875990867615, -0.036944616585969925, 0.581230878829956, 0.20041437447071075, -0.03645838424563408, 0.5708035826683044, 0.2286214828491211, -0.034700796008110046, 0.5126215815544128, 0.2207510620355606, -0.013607882894575596, 0.5604220032691956, 0.16542576253414154, -0.020333940163254738, 0.5685427784919739, 0.20028512179851532, -0.015227473340928555, 0.5594624876976013, 0.2225337028503418, -0.011348663829267025, 0.5125624537467957, 0.21638800203800201, -0.0034966235980391502, 0.5519211888313293, 0.1794445812702179, -0.007435651496052742, 0.5575914978981018, 0.207909494638443, -0.004779296927154064, 0.549310028553009, 0.22911913692951202, -0.0024242070503532887]"
[],"[0.5383260846138, 0.3529461622238159, 2.3536978233096306e-07, 0.5812053680419922, 0.35860419273376465, -0.024757741019129753, 0.6118291020393372, 0.30530643463134766, -0.03782070428133011, 0.6255478858947754, 0.234623983502388, -0.04381117969751358, 0.6281289458274841, 0.17677953839302063, -0.04684283584356308, 0.557206928730011, 0.28198927640914917, -0.04995639994740486, 0.5897778868675232, 0.20060449838638306, -0.06370183080434799, 0.6107460260391235, 0.19346019625663757, -0.06368009001016617, 0.6196507215499878, 0.19797638058662415, -0.060706257820129395, 0.5332523584365845, 0.2505095899105072, -0.040181465446949005, 0.5855425596237183, 0.1616699993610382, -0.05452709645032883, 0.6024062633514404, 0.19272345304489136, -0.051444489508867264, 0.598175048828125, 0.2289116233587265, -0.04589223861694336, 0.5211559534072876, 0.22684845328330994, -0.03009037859737873, 0.5749872326850891, 0.160748690366745, -0.03904949128627777, 0.5887975692749023, 0.19157883524894714, -0.031160393729805946, 0.5827087163925171, 0.2191501259803772, -0.02387767843902111, 0.5163956880569458, 0.21087031066417694, -0.02149626612663269, 0.5622522830963135, 0.16895359754562378, -0.026722164824604988, 0.5738261342048645, 0.1947692632675171, -0.022789565846323967, 0.5680548548698425, 0.21726949512958527, -0.01892903819680214]"
"[0.5605754852294922, 0.3179992735385895, -2.9753061880910536e-07, 0.5296832919120789, 0.24687346816062927, -0.005627002101391554, 0.5169106125831604, 0.163600891828537, -0.009533758275210857, 0.5230351686477661, 0.10036729276180267, -0.01668524742126465, 0.5382033586502075, 0.0523042231798172, -0.022786948829889297, 0.5594358444213867, 0.10854315757751465, 0.011671513319015503, 0.5723666548728943, 0.06344526261091232, -0.006697418633848429, 0.5715564489364624, 0.07967089116573334, -0.023175330832600594, 0.5675484538078308, 0.1122550442814827, -0.03148091956973076, 0.5832526087760925, 0.12689583003520966, 0.00520051596686244, 0.5994608998298645, 0.08084414899349213, -0.013786602765321732, 0.5945663452148438, 0.12491481006145477, -0.024677636101841927, 0.5848262906074524, 0.17404194176197052, -0.027122145518660545, 0.603787899017334, 0.15434254705905914, -0.004418505355715752, 0.6185985207557678, 0.10894987732172012, -0.021772244945168495, 0.6113283038139343, 0.15259136259555817, -0.020122651010751724, 0.600135326385498, 0.1995665580034256, -0.013719754293560982, 0.6208685636520386, 0.19274498522281647, -0.015106750652194023, 0.6327570676803589, 0.1476595103740692, -0.02513815276324749, 0.6239405870437622, 0.17696470022201538, -0.01941533200442791, 0.6118872165679932, 0.21378064155578613, -0.011657489463686943]","[0.5316548347473145, 0.5668394565582275, -4.7439460360010344e-08, 0.5532452464103699, 0.5270401835441589, -0.02351921610534191, 0.5667246580123901, 0.49690312147140503, -0.045209236443042755, 0.5776834487915039, 0.4865361750125885, -0.06728753447532654, 0.5833227038383484, 0.5011864900588989, -0.08997899293899536, 0.5121508836746216, 0.41015976667404175, -0.0323849618434906, 0.49225854873657227, 0.40474408864974976, -0.06401178240776062, 0.5001498460769653, 0.4354180097579956, -0.08742094039916992, 0.5162239074707031, 0.46312418580055237, -0.09989605098962784, 0.4891507923603058, 0.4554176926612854, -0.03407236561179161, 0.4774245619773865, 0.4685939848423004, -0.0656137615442276, 0.5010508298873901, 0.5110531449317932, -0.07898281514644623, 0.5275918841362, 0.5408105254173279, -0.08397556096315384, 0.47336897253990173, 0.504306972026825, -0.03877831622958183, 0.467475563287735, 0.5241361856460571, -0.06636575609445572, 0.4936937689781189, 0.5600763559341431, -0.0681389644742012, 0.5196597576141357, 0.5836948752403259, -0.06399663537740707, 0.4651118516921997, 0.5508349537849426, -0.04581572487950325, 0.4555661678314209, 0.5667072534561157, -0.06110368296504021, 0.47481420636177063, 0.5878756642341614, -0.058544233441352844, 0.49568265676498413, 0.5974500775337219, -0.05362264811992645]"
[],"[0.5380235314369202, 0.34351515769958496, 1.722084732591611e-07, 0.5814681649208069, 0.3580227196216583, -0.018542779609560966, 0.6160705089569092, 0.3089446425437927, -0.03056640923023224, 0.6370207071304321, 0.23951669037342072, -0.03685159608721733, 0.6465989947319031, 0.17953573167324066, -0.04046846181154251, 0.5742971301078796, 0.2793918251991272, -0.050281114876270294, 0.6081973314285278, 0.1934376209974289, -0.0636494904756546, 0.6217966079711914, 0.20717978477478027, -0.061516303569078445, 0.6169515252113342, 0.23051610589027405, -0.055445462465286255, 0.5479744672775269, 0.24867552518844604, -0.04284276068210602, 0.5936602354049683, 0.1603921353816986, -0.0514644980430603, 0.609675407409668, 0.182552769780159, -0.0453658252954483, 0.6052814722061157, 0.20964595675468445, -0.03960825502872467, 0.5307108163833618, 0.22560279071331024, -0.03446517139673233, 0.5777703523635864, 0.15305066108703613, -0.03842978551983833, 0.5926468372344971, 0.17622503638267517, -0.02969576232135296, 0.5879006385803223, 0.19912531971931458, -0.023728875443339348, 0.520379364490509, 0.20921485126018524, -0.026962198317050934, 0.5618850588798523, 0.16274234652519226, -0.02996113896369934, 0.5743828415870667, 0.18149051070213318, -0.025045063346624374, 0.5700293183326721, 0.19974982738494873, -0.021018026396632195]"
[],"[0.5370745658874512, 0.3259546160697937, 6.079415726389925e-08, 0.5804356932640076, 0.34317389130592346, -0.014263848774135113, 0.6192618012428284, 0.29687070846557617, -0.02431429550051689, 0.643050491809845, 0.23077546060085297, -0.02954915724694729, 0.6509474515914917, 0.17343191802501678, -0.032605454325675964, 0.5836188793182373, 0.26839184761047363, -0.04805229604244232, 0.6184898018836975, 0.18280181288719177, -0.06227124109864235, 0.6264512538909912, 0.20850582420825958, -0.061709217727184296, 0.6176730990409851, 0.23732422292232513, -0.05682143568992615, 0.5579079389572144, 0.23671862483024597, -0.042967550456523895, 0.6022554039955139, 0.15506480634212494, -0.05131196230649948, 0.6132603883743286, 0.18125149607658386, -0.045936468988657, 0.604054868221283, 0.2064344435930252, -0.04175694286823273, 0.5392044186592102, 0.2120286375284195, -0.03673446550965309, 0.5843480229377747, 0.1429009735584259, -0.04032236710190773, 0.5952486395835876, 0.16822679340839386, -0.031184740364551544, 0.5876808762550354, 0.1904427856206894, -0.02546732686460018, 0.5270137786865234, 0.1941411793231964, -0.031032180413603783, 0.566687285900116, 0.14348086714744568, -0.032827965915203094, 0.5768689513206482, 0.16192013025283813, -0.026641065254807472, 0.5699902176856995, 0.17965999245643616, -0.022291041910648346]"
[],"[0.5318351984024048, 0.3210517466068268, 1.8723518735441758e-07, 0.5781049728393555, 0.33209240436553955, -0.01852184720337391, 0.6145697832107544, 0.2810590863227844, -0.031596966087818146, 0.6375606656074524, 0.2124028205871582, -0.038279786705970764, 0.64604252576828, 0.1536829173564911, -0.04207823425531387, 0.5739321708679199, 0.2511938214302063, -0.05827943608164787, 0.6117210984230042, 0.15760013461112976, -0.07031232863664627, 0.6257612705230713, 0.17189443111419678, -0.06449349969625473, 0.620481014251709, 0.1978803426027298, -0.055900800973176956, 0.5454630851745605, 0.22071605920791626, -0.05036875978112221, 0.5927779078483582, 0.12999750673770905, -0.056985802948474884, 0.609653115272522, 0.14957460761070251, -0.04721909016370773, 0.6067698001861572, 0.1739933043718338, -0.040093794465065, 0.5259228348731995, 0.19672638177871704, -0.040935125201940536, 0.5736463069915771, 0.12315427511930466, -0.04314142465591431, 0.5889909863471985, 0.1451544165611267, -0.0323658287525177, 0.5851343274116516, 0.16765226423740387, -0.026262618601322174, 0.5136654376983643, 0.17967376112937927, -0.032295241951942444, 0.5547902584075928, 0.133889839053154, -0.03474731370806694, 0.5687875747680664, 0.15011504292488098, -0.02954239211976528, 0.5664658546447754, 0.16631345450878143, -0.02590629830956459]"
[],"[0.5322445631027222, 0.3073931336402893, 5.9174737998546334e-08, 0.5762316584587097, 0.3276072144508362, -0.01996064931154251, 0.6139451861381531, 0.27792131900787354, -0.0330214723944664, 0.6356974840164185, 0.20604315400123596, -0.03892698884010315, 0.6428413987159729, 0.1443505883216858, -0.04169774800539017, 0.5730640292167664, 0.2467731535434723, -0.06199812516570091, 0.6094046235084534, 0.15319442749023438, -0.07486990094184875, 0.6183463335037231, 0.18636323511600494, -0.06884821504354477, 0.6072782278060913, 0.21964624524116516, -0.06009940057992935, 0.5451245307922363, 0.2153477966785431, -0.05371151491999626, 0.5914050936698914, 0.12500688433647156, -0.06217370927333832, 0.602925717830658, 0.15978434681892395, -0.05291011184453964, 0.5926063060760498, 0.19009163975715637, -0.04573780670762062, 0.5263780355453491, 0.19277340173721313, -0.04382571950554848, 0.5732499957084656, 0.1181221753358841, -0.047421716153621674, 0.5841774344444275, 0.15000134706497192, -0.035547833889722824, 0.5754188299179077, 0.17479248344898224, -0.028191562741994858, 0.5148670673370361, 0.1774495393037796, -0.034670427441596985, 0.5558649301528931, 0.12437206506729126, -0.037318479269742966, 0.5650570392608643, 0.148032084107399, -0.03051169402897358, 0.5567175149917603, 0.1681058406829834, -0.025773946195840836]"
[],"[0.5358084440231323, 0.3129839301109314, 8.70248726414502e-08, 0.579701840877533, 0.33056747913360596, -0.01994623802602291, 0.6166162490844727, 0.2810077667236328, -0.0339142270386219, 0.6378728151321411, 0.20824681222438812, -0.04130186513066292, 0.6436140537261963, 0.14659644663333893, -0.045911263674497604, 0.5745577812194824, 0.25088638067245483, -0.0600372813642025, 0.6084327697753906, 0.1570134311914444, -0.07450367510318756, 0.6194040775299072, 0.18283654749393463, -0.07093674689531326, 0.6110121011734009, 0.21391896903514862, -0.06375430524349213, 0.5460910201072693, 0.2204052209854126, -0.0523897223174572, 0.5916950106620789, 0.12971852719783783, -0.061275918036699295, 0.6043132543563843, 0.15984201431274414, -0.053145185112953186, 0.5957860350608826, 0.1882215142250061, -0.046868372708559036, 0.5269743204116821, 0.19724658131599426, -0.043436020612716675, 0.5744788646697998, 0.12318285554647446, -0.04740530252456665, 0.5862550735473633, 0.15148325264453888, -0.03628364950418472, 0.5782630443572998, 0.17560791969299316, -0.029472779482603073, 0.5151547193527222, 0.1803722232580185, -0.03534124046564102, 0.5573420524597168, 0.12892961502075195, -0.03826674073934555, 0.5680423974990845, 0.15102577209472656, -0.031992506235837936, 0.5607681274414062, 0.17121522128582, -0.02760612592101097]"
[],"[0.5407624244689941, 0.32480043172836304, 1.8865006268242723e-07, 0.5827327370643616, 0.342418909072876, -0.01686788909137249, 0.6193284392356873, 0.2915664613246918, -0.028703918680548668, 0.6403136849403381, 0.22170615196228027, -0.034801434725522995, 0.6480352282524109, 0.16317684948444366, -0.039280474185943604, 0.5776411890983582, 0.270995169878006, -0.052541572600603104, 0.6081945896148682, 0.18537887930870056, -0.06577553600072861, 0.6244292855262756, 0.17686209082603455, -0.06403690576553345, 0.6248288750648499, 0.18143898248672485, -0.05898483842611313, 0.5501977205276489, 0.23673366010189056, -0.046512797474861145, 0.5994933843612671, 0.14256644248962402, -0.056340157985687256, 0.6167461276054382, 0.16247965395450592, -0.04937165230512619, 0.6127338409423828, 0.19043029844760895, -0.04271058365702629, 0.5332465767860413, 0.21084290742874146, -0.039026908576488495, 0.5854201316833496, 0.1362505555152893, -0.04379010200500488, 0.6013715863227844, 0.1583690047264099, -0.03388408571481705, 0.5968893766403198, 0.1819440722465515, -0.026598026975989342, 0.5237978100776672, 0.1917802393436432, -0.032220128923654556, 0.5690199136734009, 0.13730043172836304, -0.03439406305551529, 0.5835350155830383, 0.1551922857761383, -0.028310878202319145, 0.5799868106842041, 0.1741005778312683, -0.023721100762486458]"
[],"[0.5443259477615356, 0.31560900807380676, 1.854795641520468e-07, 0.5879468321800232, 0.3418756127357483, -0.023125480860471725, 0.6223173141479492, 0.29652097821235657, -0.038355231285095215, 0.6410006284713745, 0.22419369220733643, -0.04592283070087433, 0.6508232951164246, 0.16525517404079437, -0.0512470081448555, 0.5753846168518066, 0.2692131996154785, -0.06263716518878937, 0.6049593687057495, 0.18210305273532867, -0.07608158141374588, 0.6220877170562744, 0.1863510012626648, -0.07331407815217972, 0.6234299540519714, 0.1999957114458084, -0.06829351931810379, 0.5502201318740845, 0.22941577434539795, -0.05324161797761917, 0.5991905927658081, 0.1533139944076538, -0.06278543919324875, 0.6139793992042542, 0.18558205664157867, -0.055589381605386734, 0.6069207191467285, 0.21479587256908417, -0.04981303960084915, 0.5357339382171631, 0.20371651649475098, -0.04240517318248749, 0.5859484672546387, 0.1457732617855072, -0.045976463705301285, 0.5998681783676147, 0.17547038197517395, -0.03596126660704613, 0.5938999652862549, 0.19960325956344604, -0.03013686276972294, 0.5286011099815369, 0.18629737198352814, -0.03264395892620087, 0.5702378749847412, 0.14725655317306519, -0.03562400862574577, 0.5837336182594299, 0.17124471068382263, -0.030958138406276703, 0.5785129070281982, 0.1912621110677719, -0.027803318575024605]"
[],"[0.5434883236885071, 0.3352763056755066, 1.7420431674963766e-07, 0.5880542397499084, 0.3506445288658142, -0.03008708730340004, 0.617865800857544, 0.2952045500278473, -0.04556998983025551, 0.6334725022315979, 0.2189779132604599, -0.052908532321453094, 0.6394956111907959, 0.15453092753887177, -0.056068360805511475, 0.5597074031829834, 0.2559702694416046, -0.056616853922605515, 0.6017889976501465, 0.16871832311153412, -0.07389818876981735, 0.6196819543838501, 0.18569692969322205, -0.07522525638341904, 0.6205426454544067, 0.20648647844791412, -0.07215937972068787, 0.538047194480896, 0.22120600938796997, -0.044172029942274094, 0.5976279973983765, 0.14179670810699463, -0.05999915301799774, 0.6110749840736389, 0.1829967051744461, -0.05745159834623337, 0.6013199687004089, 0.2166130542755127, -0.05266723781824112, 0.5293169021606445, 0.1980322301387787, -0.03193884715437889, 0.588235080242157, 0.13907328248023987, -0.04184430092573166, 0.5988751649856567, 0.17777550220489502, -0.033503469079732895, 0.5886264443397522, 0.2036932110786438, -0.026289628818631172, 0.5276108980178833, 0.1832343190908432, -0.021664179861545563, 0.5776376724243164, 0.14861682057380676, -0.027913816273212433, 0.5859037041664124, 0.17976737022399902, -0.02411099150776863, 0.5766909122467041, 0.2006632685661316, -0.0204261913895607]"
[],"[0.5409635305404663, 0.35455194115638733, -3.4535052151341006e-08, 0.5832555294036865, 0.3433299660682678, -0.03324282914400101, 0.6042202115058899, 0.2776529788970947, -0.04787233844399452, 0.6173731684684753, 0.2040926069021225, -0.05533404275774956, 0.6187542080879211, 0.13739649951457977, -0.057043418288230896, 0.5427072644233704, 0.21714109182357788, -0.04269414767622948, 0.5969294309616089, 0.13886414468288422, -0.06142931431531906, 0.6064054369926453, 0.18942061066627502, -0.06767445057630539, 0.596219539642334, 0.22523877024650574, -0.06876488775014877, 0.5258437395095825, 0.1988709270954132, -0.02974029630422592, 0.5851640701293945, 0.12925727665424347, -0.04606074467301369, 0.5931731462478638, 0.17773504555225372, -0.04661603271961212, 0.581786572933197, 0.20878782868385315, -0.04438721761107445, 0.5208171010017395, 0.19077686965465546, -0.019060874357819557, 0.5760911107063293, 0.13929346203804016, -0.030400386080145836, 0.582452654838562, 0.17996998131275177, -0.024179575964808464, 0.571712076663971, 0.20234398543834686, -0.018552962690591812, 0.5234430432319641, 0.18868646025657654, -0.011129668913781643, 0.5689378976821899, 0.15194697678089142, -0.0177394337952137, 0.5735176801681519, 0.18642565608024597, -0.01416702102869749, 0.5628514289855957, 0.20901350677013397, -0.010770777240395546]"
"[0.5238273739814758, 0.7269726395606995, -6.37509813827819e-08, 0.529049277305603, 0.6720044612884521, -0.032512079924345016, 0.5217454433441162, 0.6064982414245605, -0.042957521975040436, 0.4920215606689453, 0.5624290704727173, -0.04929588735103607, 0.462218701839447, 0.5389422178268433, -0.05453426390886307, 0.511570394039154, 0.54503333568573, -0.0029856592882424593, 0.48092344403266907, 0.5144301056861877, -0.01814975030720234, 0.45626869797706604, 0.5277169942855835, -0.03594357892870903, 0.4393583834171295, 0.5522043108940125, -0.045579444617033005, 0.4928174316883087, 0.5604087114334106, 0.009993591345846653, 0.4659850597381592, 0.530773401260376, -0.0026692040264606476, 0.4453674554824829, 0.5447191596031189, -0.02207469567656517, 0.42871880531311035, 0.5718245506286621, -0.03320654481649399, 0.47899991273880005, 0.5794610977172852, 0.018334263935685158, 0.45431554317474365, 0.5480605959892273, 0.005889959633350372, 0.4357605576515198, 0.5589480400085449, -0.008526799269020557, 0.4226307272911072, 0.5810898542404175, -0.015065797604620457, 0.46646133065223694, 0.6029258966445923, 0.02401757799088955, 0.4469110667705536, 0.5697988867759705, 0.01576372981071472, 0.43321478366851807, 0.5703132152557373, 0.009385035373270512, 0.4234742224216461, 0.5825234651565552, 0.0069907791912555695]",[]
"[0.5517914891242981, 0.28587549924850464, -3.2874925182113657e-07, 0.51840740442276, 0.21394002437591553, -0.004362853709608316, 0.5041778087615967, 0.13210639357566833, -0.007647239603102207, 0.5107550024986267, 0.06756976991891861, -0.014525053091347218, 0.5237531065940857, 0.02155337482690811, -0.02076656185090542, 0.547080397605896, 0.07213565707206726, 0.011252528987824917, 0.5581029653549194, 0.0254768505692482, -0.008243713527917862, 0.5554813742637634, 0.04424819350242615, -0.026032788679003716, 0.5506695508956909, 0.08386129885911942, -0.03491988778114319, 0.5712187886238098, 0.09092310070991516, 0.003896100679412484, 0.5858659148216248, 0.04272745922207832, -0.01567910611629486, 0.5780878663063049, 0.08694125711917877, -0.027407731860876083, 0.5668715238571167, 0.14024361968040466, -0.030528051778674126, 0.5927326679229736, 0.11972346901893616, -0.006523524411022663, 0.605061411857605, 0.07067987322807312, -0.023982413113117218, 0.5942115187644958, 0.11374679207801819, -0.023280445486307144, 0.5817611813545227, 0.1615600883960724, -0.017746614292263985, 0.6117724180221558, 0.15939423441886902, -0.01789022423326969, 0.6201187372207642, 0.10681939125061035, -0.027834467589855194, 0.6091410517692566, 0.13497835397720337, -0.022230297327041626, 0.5966247320175171, 0.17316287755966187, -0.014783812686800957]","[0.5023367404937744, 0.6109920144081116, -6.017987175255257e-08, 0.5319082140922546, 0.570917010307312, -0.03131019324064255, 0.557220995426178, 0.5360316038131714, -0.05439627915620804, 0.5647508502006531, 0.5114302635192871, -0.07678188383579254, 0.5484939813613892, 0.5304152965545654, -0.09932567924261093, 0.49479082226753235, 0.4674499034881592, -0.03589969500899315, 0.47002965211868286, 0.44460752606391907, -0.06874611973762512, 0.4740186333656311, 0.46731141209602356, -0.09367378056049347, 0.48900774121284485, 0.497499018907547, -0.10653519630432129, 0.4715612828731537, 0.507902204990387, -0.03401721641421318, 0.45469632744789124, 0.5023515820503235, -0.06971939653158188, 0.47185102105140686, 0.5392490029335022, -0.08771474659442902, 0.49611011147499084, 0.5774471163749695, -0.09454233944416046, 0.45574069023132324, 0.5471587181091309, -0.03575568273663521, 0.445948988199234, 0.5574377775192261, -0.06478109210729599, 0.4664660096168518, 0.5857737064361572, -0.07164833694696426, 0.49089857935905457, 0.614004373550415, -0.07038119435310364, 0.44528210163116455, 0.5839004516601562, -0.04068742319941521, 0.4321402609348297, 0.59046870470047, -0.0564422644674778, 0.44518083333969116, 0.6074308156967163, -0.05803418904542923, 0.46326902508735657, 0.6223011612892151, -0.05627638101577759]"
"[0.5366442203521729, 0.6881237030029297, -1.0484016144118868e-07, 0.5468254685401917, 0.6352885961532593, -0.035710763186216354, 0.5418256521224976, 0.5733522772789001, -0.04907389357686043, 0.5165690183639526, 0.5221449136734009, -0.05875907465815544, 0.4869198501110077, 0.4881902039051056, -0.06738695502281189, 0.5246658325195312, 0.497079074382782, -0.009610316716134548, 0.49913787841796875, 0.4464454650878906, -0.0271289199590683, 0.4837372601032257, 0.4590032696723938, -0.04499237984418869, 0.47773709893226624, 0.486602783203125, -0.05525456741452217, 0.5046334862709045, 0.5120362043380737, 0.002515940461307764, 0.4773581624031067, 0.47573813796043396, -0.017330337315797806, 0.4622800350189209, 0.502322793006897, -0.04064071550965309, 0.45335543155670166, 0.5384335517883301, -0.05369270592927933, 0.48942238092422485, 0.5323815941810608, 0.00994386151432991, 0.46550488471984863, 0.49808135628700256, -0.010995267890393734, 0.44936323165893555, 0.5202608108520508, -0.03159293159842491, 0.4410753548145294, 0.5567795634269714, -0.04125504568219185, 0.4775937795639038, 0.5564852952957153, 0.014971092343330383, 0.46063047647476196, 0.5276331901550293, -0.0023073290940374136, 0.44768378138542175, 0.5357174873352051, -0.015450078062713146, 0.4383958578109741, 0.5552893877029419, -0.022000983357429504]",[]
[],"[0.5470505952835083, 0.45954084396362305, -6.320740197907071e-08, 0.5325415134429932, 0.3770456910133362, 0.0036129585932940245, 0.5320497155189514, 0.30770984292030334, 0.007296849507838488, 0.5395965576171875, 0.25623106956481934, 0.0077555919997394085, 0.547721266746521, 0.22478161752223969, 0.00883335992693901, 0.5479914546012878, 0.31460994482040405, 0.01796748861670494, 0.5615730285644531, 0.2714221179485321, 0.012495655566453934, 0.5571156144142151, 0.2764327824115753, 0.006309472024440765, 0.5491294860839844, 0.27794650197029114, 0.0028400160372257233, 0.5587077736854553, 0.32737085223197937, 0.012701778672635555, 0.5726813673973083, 0.28824830055236816, 0.0068223606795072556, 0.5653385519981384, 0.29519033432006836, 3.875745824188925e-05, 0.5556411147117615, 0.30190515518188477, -0.0032349026296287775, 0.570800244808197, 0.34073296189308167, 0.006034314166754484, 0.5821815729141235, 0.30568745732307434, 0.0015905292239040136, 0.573997974395752, 0.3163359761238098, 0.0012613041326403618, 0.5642363429069519, 0.3233102262020111, 0.002177712507545948, 0.5834898352622986, 0.3593880832195282, -0.0007944851531647146, 0.5937639474868774, 0.32475894689559937, -0.0018139190506190062, 0.5850458741188049, 0.3353463113307953, 0.0016716999234631658, 0.5745805501937866, 0.34644344449043274, 0.005087924189865589]"
"[0.508427083492279, 0.5152261853218079, -8.419042352159067e-09, 0.5327496528625488, 0.478143572807312, -0.03248119726777077, 0.5452035069465637, 0.4459974765777588, -0.053881265223026276, 0.5526782870292664, 0.42778414487838745, -0.07282280921936035, 0.5477978587150574, 0.42152103781700134, -0.09185779839754105, 0.5066125392913818, 0.3915537893772125, -0.048361942172050476, 0.48285892605781555, 0.36726218461990356, -0.07972216606140137, 0.47647982835769653, 0.390853613615036, -0.10070746392011642, 0.48101818561553955, 0.42235568165779114, -0.11189072579145432, 0.48461025953292847, 0.4254632890224457, -0.04466508328914642, 0.45960575342178345, 0.42540720105171204, -0.07858363538980484, 0.4674868583679199, 0.4630565643310547, -0.09348064661026001, 0.4839428961277008, 0.4965541660785675, -0.10011627525091171, 0.4683758616447449, 0.462742418050766, -0.043994463980197906, 0.45015066862106323, 0.47855815291404724, -0.0738615095615387, 0.4622124433517456, 0.5059071779251099, -0.08066248893737793, 0.4800879955291748, 0.5333809852600098, -0.08093751966953278, 0.45993518829345703, 0.49840182065963745, -0.046017397195100784, 0.44108742475509644, 0.5148419141769409, -0.06554964184761047, 0.448806494474411, 0.532725989818573, -0.06993559747934341, 0.4634518027305603, 0.5478809475898743, -0.07081147283315659]",[]
"[0.5149601101875305, 0.5611628293991089, -4.0092217545861786e-08, 0.540677547454834, 0.5191546082496643, -0.030820216983556747, 0.5561814308166504, 0.4835718274116516, -0.05096343904733658, 0.5637474060058594, 0.4610350430011749, -0.06971459835767746, 0.558825671672821, 0.45395874977111816, -0.08789460361003876, 0.508689284324646, 0.4054182469844818, -0.0354619100689888, 0.4831952452659607, 0.37307360768318176, -0.06551437824964523, 0.47864478826522827, 0.4006147086620331, -0.08616477251052856, 0.4843568205833435, 0.4363414943218231, -0.09656932204961777, 0.48629191517829895, 0.44206884503364563, -0.032067883759737015, 0.4594208598136902, 0.4298819303512573, -0.06563424319028854, 0.47210928797721863, 0.47138020396232605, -0.08083870261907578, 0.4910391867160797, 0.5085207223892212, -0.08634185045957565, 0.4700043797492981, 0.4818962812423706, -0.03236444666981697, 0.45020920038223267, 0.4833052158355713, -0.06145895645022392, 0.4665752649307251, 0.5160200595855713, -0.06686849147081375, 0.4857160151004791, 0.5466557145118713, -0.06489945948123932, 0.46083584427833557, 0.520305335521698, -0.035454146564006805, 0.4421881437301636, 0.5231800079345703, -0.05393869802355766, 0.45320525765419006, 0.5426982045173645, -0.05673149600625038, 0.4691784679889679, 0.5592949390411377, -0.05536934360861778]",[]
"[0.5181897282600403, 0.579094648361206, -3.328233688648652e-08, 0.5455443263053894, 0.5411741137504578, -0.03512922301888466, 0.5642902851104736, 0.5049814581871033, -0.05846785381436348, 0.5723888278007507, 0.486044704914093, -0.0803443118929863, 0.5634239315986633, 0.4770873486995697, -0.10186352580785751, 0.5067161321640015, 0.4306255280971527, -0.03688990697264671, 0.48057758808135986, 0.39167702198028564, -0.07045209407806396, 0.4768521189689636, 0.4136274456977844, -0.09591291844844818, 0.48680737614631653, 0.4498520493507385, -0.10974609851837158, 0.48448505997657776, 0.46671074628829956, -0.03321051225066185, 0.45820948481559753, 0.44052761793136597, -0.07217764109373093, 0.47074609994888306, 0.48637187480926514, -0.0947335958480835, 0.49279046058654785, 0.5280381441116333, -0.10470932722091675, 0.469108909368515, 0.502971887588501, -0.033662401139736176, 0.44911545515060425, 0.49521687626838684, -0.06664381921291351, 0.46537303924560547, 0.5278584957122803, -0.07952526956796646, 0.4881369471549988, 0.5632469654083252, -0.08225934952497482, 0.46151188015937805, 0.5390234589576721, -0.03710686042904854, 0.4412912428379059, 0.5392774939537048, -0.058626048266887665, 0.4523656368255615, 0.5594054460525513, -0.06651126593351364, 0.47023868560791016, 0.5798449516296387, -0.06913913786411285]",[]
"[0.5156724452972412, 0.5953246355056763, -5.682607095991443e-08, 0.5425154566764832, 0.5509328842163086, -0.03086664155125618, 0.5596930384635925, 0.5073696970939636, -0.05010354891419411, 0.5599155426025391, 0.4797235131263733, -0.068401038646698, 0.542961061000824, 0.47239184379577637, -0.08600158244371414, 0.5040566325187683, 0.44138219952583313, -0.028085554018616676, 0.4803708791732788, 0.39524364471435547, -0.05835065618157387, 0.47666218876838684, 0.42004114389419556, -0.08084551244974136, 0.48575350642204285, 0.45946788787841797, -0.09225325286388397, 0.48219022154808044, 0.4760719835758209, -0.02479379251599312, 0.4588891267776489, 0.4478118121623993, -0.059645745903253555, 0.47009241580963135, 0.4942418932914734, -0.07834628969430923, 0.49111711978912354, 0.5364582538604736, -0.0853845551609993, 0.46687012910842896, 0.511357307434082, -0.02575145661830902, 0.449087917804718, 0.49985119700431824, -0.055607203394174576, 0.46266186237335205, 0.5339469909667969, -0.06507086008787155, 0.4829389452934265, 0.5695436596870422, -0.06529784947633743, 0.45728713274002075, 0.5458934307098389, -0.029508206993341446, 0.43922948837280273, 0.5410353541374207, -0.048561420291662216, 0.4477840065956116, 0.5614326000213623, -0.05371291935443878, 0.4628485143184662, 0.5834276676177979, -0.05398076772689819]",[]
"[0.5209827423095703, 0.6267713308334351, -8.456289180003296e-08, 0.5487643480300903, 0.5772690773010254, -0.028911413624882698, 0.5651305913925171, 0.5219731330871582, -0.04476187005639076, 0.5571395754814148, 0.4750160276889801, -0.05934912711381912, 0.528193473815918, 0.46344783902168274, -0.07317051291465759, 0.507957935333252, 0.4493854343891144, -0.021303974092006683, 0.48572665452957153, 0.39907315373420715, -0.050360895693302155, 0.4776059687137604, 0.4221620559692383, -0.07096651941537857, 0.482896625995636, 0.4617568254470825, -0.08047626912593842, 0.4830760061740875, 0.47820791602134705, -0.017465580254793167, 0.45693305134773254, 0.44190800189971924, -0.05065884068608284, 0.4642762839794159, 0.4903064966201782, -0.06728286296129227, 0.48296865820884705, 0.5399301648139954, -0.07157709449529648, 0.4661792814731598, 0.5117207765579224, -0.017900463193655014, 0.4452821910381317, 0.49586525559425354, -0.04760998860001564, 0.4560430347919464, 0.5341793298721313, -0.054886817932128906, 0.4737863540649414, 0.5727112293243408, -0.05233776941895485, 0.4544476568698883, 0.5465825796127319, -0.02070590667426586, 0.43536141514778137, 0.5373048782348633, -0.03972163423895836, 0.44316235184669495, 0.5610543489456177, -0.04260577633976936, 0.4571928381919861, 0.5858572125434875, -0.04000261425971985]",[]
"[0.5433459281921387, 0.266907662153244, -3.332973506076087e-07, 0.5081036686897278, 0.20214644074440002, -0.00468709971755743, 0.4917885661125183, 0.12036699056625366, -0.008279887959361076, 0.4975726306438446, 0.05337706580758095, -0.015368951484560966, 0.513789713382721, 0.008471652865409851, -0.021771827712655067, 0.5326855778694153, 0.05944524332880974, 0.007851037196815014, 0.5408250093460083, -0.0065603479743003845, -0.01193095650523901, 0.5386003255844116, 0.003881741315126419, -0.027717670425772667, 0.5361016392707825, 0.04025571793317795, -0.03511057794094086, 0.5577296614646912, 0.0745413601398468, 0.00023306807270273566, 0.5690321922302246, 0.012634489685297012, -0.021181637421250343, 0.5571272373199463, 0.05559251084923744, -0.031381506472826004, 0.5477311015129089, 0.10920371860265732, -0.032511014491319656, 0.5814477205276489, 0.10105768591165543, -0.010425467975437641, 0.5893042087554932, 0.04024305194616318, -0.03081466816365719, 0.5737643241882324, 0.08665154874324799, -0.029697898775339127, 0.563849925994873, 0.1369541585445404, -0.022753745317459106, 0.6043913960456848, 0.1388629674911499, -0.021773630753159523, 0.6058415770530701, 0.08037703484296799, -0.034700289368629456, 0.5908975005149841, 0.11263486742973328, -0.029600489884614944, 0.5815373063087463, 0.15504369139671326, -0.02173086255788803]","[0.480509489774704, 0.6125732660293579, -4.5153338845693725e-08, 0.5010479688644409, 0.5755302309989929, -0.02971344068646431, 0.5122731328010559, 0.5326328277587891, -0.04904878884553909, 0.5222329497337341, 0.5079768896102905, -0.06729478389024734, 0.5205046534538269, 0.5029774308204651, -0.08493629842996597, 0.4760778248310089, 0.4868376851081848, -0.036107949912548065, 0.45813417434692383, 0.44181957840919495, -0.06749345362186432, 0.4614020884037018, 0.4664919376373291, -0.08740179985761642, 0.47450217604637146, 0.5017346739768982, -0.09643193334341049, 0.45555219054222107, 0.5220462083816528, -0.033112164586782455, 0.4396081864833832, 0.4982849359512329, -0.06838430464267731, 0.45578521490097046, 0.5431869029998779, -0.08235622942447662, 0.47832173109054565, 0.5774767398834229, -0.08547406643629074, 0.4405845105648041, 0.559131383895874, -0.03401664271950722, 0.430479496717453, 0.5509825944900513, -0.06479035317897797, 0.4477834403514862, 0.5896982550621033, -0.06997909396886826, 0.4685254693031311, 0.6190080642700195, -0.0663674846291542, 0.4292718172073364, 0.5952478647232056, -0.03735285624861717, 0.416150838136673, 0.5918287634849548, -0.05661652237176895, 0.4264408051967621, 0.6157333850860596, -0.059040337800979614, 0.4408814609050751, 0.6354528069496155, -0.05676092207431793]"
"[0.5315308570861816, 0.653503954410553, 1.3335780479906134e-08, 0.5535753965377808, 0.6064659357070923, -0.02622103877365589, 0.562100887298584, 0.5346200466156006, -0.03610990568995476, 0.5450305342674255, 0.482166051864624, -0.044138044118881226, 0.5154602527618408, 0.4679504632949829, -0.051497120410203934, 0.5175938606262207, 0.47059890627861023, -0.011404070071876049, 0.5001678466796875, 0.4111678898334503, -0.03258209675550461, 0.483486145734787, 0.4236713647842407, -0.04811397194862366, 0.4799981117248535, 0.4598982632160187, -0.05507161468267441, 0.4909234344959259, 0.49234530329704285, -0.0063183484598994255, 0.4619603157043457, 0.44506850838661194, -0.030369844287633896, 0.45897287130355835, 0.4816073775291443, -0.043993983417749405, 0.47191348671913147, 0.526701033115387, -0.047048818320035934, 0.4720383286476135, 0.5221397876739502, -0.005209954455494881, 0.44673052430152893, 0.4860839545726776, -0.0304285679012537, 0.44759809970855713, 0.5209631323814392, -0.03753243759274483, 0.4603224992752075, 0.5632681846618652, -0.03489586338400841, 0.45860400795936584, 0.5583001375198364, -0.005914777982980013, 0.4370133876800537, 0.5339303612709045, -0.025759385898709297, 0.4385053813457489, 0.5577338933944702, -0.02874089777469635, 0.4492437541484833, 0.5886631608009338, -0.025089504197239876]",[]
"[0.5241113901138306, 0.5972083806991577, -1.4324697872325487e-07, 0.5467941761016846, 0.5725052952766418, -0.024987351149320602, 0.5511547327041626, 0.5392616987228394, -0.03931185603141785, 0.5256307721138, 0.5053806900978088, -0.051602281630039215, 0.4941224157810211, 0.48988282680511475, -0.06337937712669373, 0.5258668065071106, 0.46627792716026306, -0.021660851314663887, 0.5053750872612, 0.4368422031402588, -0.042460788041353226, 0.4909665584564209, 0.4576708972454071, -0.057150598615407944, 0.4854920506477356, 0.4866604804992676, -0.06460337340831757, 0.5039894580841064, 0.4652569591999054, -0.01748635247349739, 0.4783335328102112, 0.4396132230758667, -0.03915746882557869, 0.4694274067878723, 0.47575634717941284, -0.05154314264655113, 0.4703850746154785, 0.5184964537620544, -0.05566863715648651, 0.48858824372291565, 0.4716625511646271, -0.01639569364488125, 0.46324434876441956, 0.44611185789108276, -0.03824702277779579, 0.4555183947086334, 0.477403849363327, -0.044736601412296295, 0.45692819356918335, 0.518171489238739, -0.04347572103142738, 0.47763410210609436, 0.48417627811431885, -0.016930311918258667, 0.45838111639022827, 0.46080437302589417, -0.033526334911584854, 0.45381397008895874, 0.4821091592311859, -0.03614870086312294, 0.45665475726127625, 0.5114878416061401, -0.033686961978673935]",[]
"[0.5170497298240662, 0.6348882913589478, -7.314752537013192e-08, 0.5307081937789917, 0.587285578250885, -0.029230741783976555, 0.5283254981040955, 0.5428222417831421, -0.04424284026026726, 0.5042197108268738, 0.5048907995223999, -0.05701436847448349, 0.47588014602661133, 0.48596441745758057, -0.06891503930091858, 0.5087927579879761, 0.4633120000362396, -0.012705162167549133, 0.48019981384277344, 0.4287905693054199, -0.0342157706618309, 0.4643268883228302, 0.4497775733470917, -0.05260118097066879, 0.46162086725234985, 0.48103243112564087, -0.06243978068232536, 0.48503169417381287, 0.48191267251968384, -0.005717190448194742, 0.4513867497444153, 0.4546257257461548, -0.02917390875518322, 0.44314897060394287, 0.4923056960105896, -0.046238552778959274, 0.4493628740310669, 0.5333641171455383, -0.053612738847732544, 0.4681648313999176, 0.5087844729423523, -0.0029314267449080944, 0.4376411736011505, 0.49034127593040466, -0.025969618931412697, 0.4320518970489502, 0.5179583430290222, -0.03687463700771332, 0.4390251040458679, 0.5544492602348328, -0.038671161979436874, 0.4576352834701538, 0.5388994216918945, -0.0023836763575673103, 0.43218815326690674, 0.5283913612365723, -0.018641609698534012, 0.4283329248428345, 0.544299304485321, -0.024095943197607994, 0.434766948223114, 0.5660446882247925, -0.024193573743104935]",[]
[],"[0.5248463153839111, 0.6964579820632935, -3.307106055672193e-07, 0.5229393243789673, 0.6270159482955933, 0.007980460301041603, 0.5155528783798218, 0.5692864656448364, 0.004974811803549528, 0.4961775541305542, 0.5287724137306213, -0.0017934200586751103, 0.4725959897041321, 0.5114409923553467, -0.010293753817677498, 0.5302910804748535, 0.5158414840698242, 0.001408130512572825, 0.4916112422943115, 0.47640475630760193, -0.011726627126336098, 0.46424129605293274, 0.4867168068885803, -0.022240841761231422, 0.4493253231048584, 0.5056360363960266, -0.028399091213941574, 0.5296136140823364, 0.5300334095954895, -0.009494832716882229, 0.4817864000797272, 0.4935005009174347, -0.02139597199857235, 0.45535245537757874, 0.509412407875061, -0.028963228687644005, 0.43733200430870056, 0.5338472723960876, -0.0341658741235733, 0.522018313407898, 0.5574324131011963, -0.0206928588449955, 0.48027509450912476, 0.5110259056091309, -0.03258977830410004, 0.4525286555290222, 0.5163682103157043, -0.03661687672138214, 0.4336325526237488, 0.5314401388168335, -0.03855907917022705, 0.5093294382095337, 0.5904783606529236, -0.03090854361653328, 0.48642823100090027, 0.5495117902755737, -0.04277621954679489, 0.4691751301288605, 0.5283446311950684, -0.04761818051338196, 0.453456848859787, 0.5138433575630188, -0.04996909946203232]"
"[0.5240240097045898, 0.3747389316558838, -4.223099647759909e-09, 0.5663422346115112, 0.3525546193122864, -0.028517497703433037, 0.5860176682472229, 0.28504881262779236, -0.041008178144693375, 0.5985214114189148, 0.21008680760860443, -0.04709582403302193, 0.6023366451263428, 0.1438048928976059, -0.04793940857052803, 0.5278531312942505, 0.22663645446300507, -0.036836761981248856, 0.5723668932914734, 0.1418973207473755, -0.050137631595134735, 0.5845782160758972, 0.19231924414634705, -0.053461793810129166, 0.5751917362213135, 0.2283186912536621, -0.0526854433119297, 0.5090165138244629, 0.21365952491760254, -0.023913579061627388, 0.5577786564826965, 0.14229436218738556, -0.032963547855615616, 0.5709538459777832, 0.1860489547252655, -0.03301532194018364, 0.5618570446968079, 0.214900940656662, -0.032348185777664185, 0.5024453401565552, 0.2106352597475052, -0.012399704195559025, 0.5484612584114075, 0.15194617211818695, -0.01805892586708069, 0.5592932105064392, 0.1895708441734314, -0.0127571951597929, 0.5515826940536499, 0.21517413854599, -0.009084147401154041, 0.5035206079483032, 0.2107640504837036, -0.0030758900102227926, 0.541150689125061, 0.1677360236644745, -0.007016285322606564, 0.5486322641372681, 0.19571587443351746, -0.003850023029372096, 0.5413859486579895, 0.21940487623214722, -0.0010730846552178264]","[0.5118542909622192, 0.7052449584007263, -2.4061213821369165e-07, 0.5158284902572632, 0.6492433547973633, 0.005483911372721195, 0.5070267915725708, 0.5855817794799805, 0.0027420688420534134, 0.49088308215141296, 0.5404989123344421, -0.002291282871738076, 0.47175899147987366, 0.5169160962104797, -0.00890315230935812, 0.5246341824531555, 0.5427109599113464, -0.007093657273799181, 0.49338778853416443, 0.5071991086006165, -0.01956978254020214, 0.467998743057251, 0.4993724822998047, -0.028456052765250206, 0.450455904006958, 0.4991074204444885, -0.034185174852609634, 0.5211213827133179, 0.557136058807373, -0.016200754791498184, 0.4843762218952179, 0.521185576915741, -0.027721770107746124, 0.4591478109359741, 0.5155494809150696, -0.03476979210972786, 0.43761855363845825, 0.516704261302948, -0.04076341539621353, 0.5107788443565369, 0.5807925462722778, -0.02512158639729023, 0.47485825419425964, 0.5406203866004944, -0.038113005459308624, 0.4491991102695465, 0.5309543609619141, -0.04416388273239136, 0.4286695122718811, 0.5286951065063477, -0.04818534478545189, 0.49562862515449524, 0.6077774167060852, -0.03277857229113579, 0.46899259090423584, 0.5662738084793091, -0.04589979350566864, 0.4500783681869507, 0.5439550280570984, -0.05222587659955025, 0.43288201093673706, 0.5277330279350281, -0.05621166527271271]"
[],"[0.5274862051010132, 0.3507266342639923, 1.3161132983441348e-07, 0.5716847777366638, 0.34494084119796753, -0.025269027799367905, 0.5997923612594604, 0.2855231463909149, -0.03926622495055199, 0.6146106123924255, 0.20917166769504547, -0.04651493579149246, 0.6149576306343079, 0.144980326294899, -0.04966818541288376, 0.5470755100250244, 0.24586723744869232, -0.04645071551203728, 0.582869827747345, 0.15391403436660767, -0.06111336871981621, 0.5964301228523254, 0.18931691348552704, -0.06240484118461609, 0.5901371240615845, 0.2226397842168808, -0.05903719738125801, 0.5229771733283997, 0.22405220568180084, -0.035551100969314575, 0.5687280893325806, 0.14095376431941986, -0.045467156916856766, 0.5838534235954285, 0.17585521936416626, -0.043472614139318466, 0.5763859152793884, 0.20503349602222443, -0.040818631649017334, 0.5091415047645569, 0.21077565848827362, -0.0248479712754488, 0.5557144284248352, 0.14436861872673035, -0.030088813975453377, 0.5689508318901062, 0.176371768116951, -0.023380884900689125, 0.5621539354324341, 0.20110289752483368, -0.018649328500032425, 0.5031691193580627, 0.20257271826267242, -0.01582280918955803, 0.5438476204872131, 0.15984801948070526, -0.01985800452530384, 0.5542969107627869, 0.1846858710050583, -0.01615317165851593, 0.5476992130279541, 0.20605136454105377, -0.012865884229540825]"
"[0.5455419421195984, 0.2658681869506836, -3.0429632147388475e-07, 0.5072373151779175, 0.20369628071784973, -0.009420032612979412, 0.48636502027511597, 0.11945559084415436, -0.01631912589073181, 0.49132752418518066, 0.04120420292019844, -0.026229094713926315, 0.5197451710700989, 0.0029086247086524963, -0.03441742807626724, 0.5188937187194824, 0.051503825932741165, 0.005166815593838692, 0.5249224305152893, -0.02518726885318756, -0.02005961909890175, 0.5257610082626343, -0.011720962822437286, -0.03741135448217392, 0.5256162881851196, 0.027215462177991867, -0.04473113268613815, 0.5460593104362488, 0.06534889340400696, -0.0014276637230068445, 0.5590304732322693, -0.005769502371549606, -0.030153369531035423, 0.5475159883499146, 0.05045800656080246, -0.040329817682504654, 0.5380193591117859, 0.10893155634403229, -0.03879350796341896, 0.5719987154006958, 0.09058874845504761, -0.012035911902785301, 0.582449734210968, 0.026425354182720184, -0.03887774422764778, 0.5670217275619507, 0.08526298403739929, -0.03632326424121857, 0.5568425059318542, 0.13892604410648346, -0.025693293660879135, 0.5979267954826355, 0.12791535258293152, -0.023712147027254105, 0.5998591780662537, 0.07288050651550293, -0.039410386234521866, 0.5855630040168762, 0.11222852766513824, -0.03355268016457558, 0.5766437649726868, 0.15376536548137665, -0.023803716525435448]","[0.4596582055091858, 0.5693949460983276, -1.09751825405624e-08, 0.47280287742614746, 0.5392982363700867, -0.025206930935382843, 0.47891902923583984, 0.5087171196937561, -0.0438423752784729, 0.4846736490726471, 0.4944455623626709, -0.060695476830005646, 0.48203596472740173, 0.49441367387771606, -0.07809994369745255, 0.4641953408718109, 0.481093168258667, -0.04535442590713501, 0.459215372800827, 0.4483945965766907, -0.07378586381673813, 0.45946618914604187, 0.46221214532852173, -0.09276930242776871, 0.4650023877620697, 0.4875602424144745, -0.10317325592041016, 0.44613295793533325, 0.5094521641731262, -0.0441599115729332, 0.4410836696624756, 0.5034245848655701, -0.07416403293609619, 0.4500216543674469, 0.5355730652809143, -0.0870441198348999, 0.4625818729400635, 0.5615899562835693, -0.0929541364312172, 0.4328334927558899, 0.5433202981948853, -0.04502280429005623, 0.4315980076789856, 0.5527858138084412, -0.07150167226791382, 0.44048312306404114, 0.5809020400047302, -0.0775020569562912, 0.4524945318698883, 0.6042927503585815, -0.07794356346130371, 0.4239165186882019, 0.577930212020874, -0.047740500420331955, 0.41769856214523315, 0.5904220342636108, -0.0659651979804039, 0.4235279858112335, 0.6089491844177246, -0.06960669159889221, 0.43304646015167236, 0.6254343390464783, -0.07034923881292343]"
"[0.5444910526275635, 0.39235949516296387, -1.9183437061087716e-08, 0.592146635055542, 0.36814093589782715, -0.0320778489112854, 0.6080029010772705, 0.2967268228530884, -0.04587062448263168, 0.6119021773338318, 0.21538807451725006, -0.05122866481542587, 0.6138058304786682, 0.15267620980739594, -0.05199998617172241, 0.5462352633476257, 0.25824397802352905, -0.05090642347931862, 0.5879311561584473, 0.17968158423900604, -0.06686478853225708, 0.6089351773262024, 0.21128101646900177, -0.06974733620882034, 0.6081408858299255, 0.244055837392807, -0.06863787025213242, 0.5253667235374451, 0.23819661140441895, -0.03698493540287018, 0.5750928521156311, 0.16363966464996338, -0.05059989169239998, 0.5913248658180237, 0.20398354530334473, -0.049563050270080566, 0.5840827822685242, 0.23736576735973358, -0.0469244122505188, 0.5168470144271851, 0.22798125445842743, -0.023928970098495483, 0.5632044076919556, 0.16870839893817902, -0.03361932933330536, 0.5770101547241211, 0.20470330119132996, -0.027381401509046555, 0.5714139342308044, 0.23277848958969116, -0.022129662334918976, 0.5135230422019958, 0.22601279616355896, -0.013058517128229141, 0.5516357421875, 0.1857101321220398, -0.019863242283463478, 0.5626189112663269, 0.21555191278457642, -0.016729243099689484, 0.5593974590301514, 0.24136057496070862, -0.013330081477761269]","[0.559019148349762, 0.7440577745437622, -1.4264725223256391e-07, 0.5462721586227417, 0.7014023661613464, -0.003898128168657422, 0.5333616137504578, 0.6550837755203247, -0.006066422909498215, 0.5165730714797974, 0.6270824074745178, -0.00884842500090599, 0.5014784336090088, 0.6117092370986938, -0.011746120639145374, 0.5472568869590759, 0.6166159510612488, 0.0013700638664886355, 0.515052318572998, 0.5941048860549927, -0.008240158669650555, 0.4889219105243683, 0.5886604189872742, -0.018204577267169952, 0.46764060854911804, 0.5926804542541504, -0.024144569411873817, 0.5462964773178101, 0.6204009056091309, -0.00043469161028042436, 0.511917769908905, 0.6007670760154724, -0.007835538126528263, 0.48515304923057556, 0.5964229702949524, -0.016859564930200577, 0.46166515350341797, 0.6012958288192749, -0.02305625006556511, 0.5419170260429382, 0.6319451928138733, -0.0034999556373804808, 0.5121681094169617, 0.6076120138168335, -0.011166123673319817, 0.48650991916656494, 0.598647952079773, -0.01734122261404991, 0.46460312604904175, 0.5996670126914978, -0.02037721872329712, 0.5338501334190369, 0.6504161953926086, -0.006868606898933649, 0.5117308497428894, 0.6195826530456543, -0.013607176020741463, 0.49453043937683105, 0.6044677495956421, -0.01667611114680767, 0.4788447618484497, 0.5981951355934143, -0.01751396805047989]"
[],"[0.568317174911499, 0.732455313205719, -3.568386546248803e-07, 0.5541971325874329, 0.6702982783317566, -0.0037647769786417484, 0.5417439341545105, 0.6130625009536743, -0.008447048254311085, 0.5208646655082703, 0.570347249507904, -0.01651221513748169, 0.49561721086502075, 0.5511391162872314, -0.024970417842268944, 0.5482099056243896, 0.5344116687774658, 0.0064787412993609905, 0.5044337511062622, 0.51581209897995, -0.01057368703186512, 0.4789537787437439, 0.5470153093338013, -0.02449178136885166, 0.4656226634979248, 0.5848005414009094, -0.030612777918577194, 0.5522674322128296, 0.5420657396316528, 0.000964493490755558, 0.5021159648895264, 0.5250043272972107, -0.013849934563040733, 0.477647602558136, 0.5549354553222656, -0.023782113566994667, 0.46176034212112427, 0.5956394672393799, -0.026986371725797653, 0.5535172820091248, 0.5643975734710693, -0.007166306488215923, 0.5062295794487, 0.5407900214195251, -0.0225592702627182, 0.4796886742115021, 0.5602954030036926, -0.027092473581433296, 0.46293264627456665, 0.5915460586547852, -0.025132279843091965, 0.5510959029197693, 0.5955371856689453, -0.015928108245134354, 0.520959198474884, 0.56062912940979, -0.028772223740816116, 0.5005725622177124, 0.5487810969352722, -0.03193334490060806, 0.48362264037132263, 0.5481547713279724, -0.02995193377137184]"
"[0.5645420551300049, 0.6721349954605103, -1.2158969298070588e-07, 0.581426203250885, 0.6178417801856995, -0.02491992898285389, 0.5776795148849487, 0.564400315284729, -0.033856939524412155, 0.5431389808654785, 0.5282948017120361, -0.04055703058838844, 0.5103539824485779, 0.5207263827323914, -0.04656750708818436, 0.5572811961174011, 0.4984736740589142, -0.002953140065073967, 0.5351726412773132, 0.468026727437973, -0.016774054616689682, 0.5182656645774841, 0.4893181324005127, -0.030484791845083237, 0.5106774568557739, 0.5189437866210938, -0.03789665922522545, 0.5343317985534668, 0.5059605240821838, 0.004599631763994694, 0.503631591796875, 0.48815667629241943, -0.011795091442763805, 0.4899269938468933, 0.5199888348579407, -0.028889629989862442, 0.48594585061073303, 0.5589999556541443, -0.03693808615207672, 0.518466591835022, 0.5206796526908875, 0.008476096205413342, 0.49101001024246216, 0.5067958831787109, -0.011918280273675919, 0.47747132182121277, 0.5355151295661926, -0.027359191328287125, 0.4733310043811798, 0.575737476348877, -0.03169430047273636, 0.5075069665908813, 0.540097177028656, 0.010991611517965794, 0.4870803654193878, 0.5253791213035583, -0.005276575218886137, 0.4778662323951721, 0.5418402552604675, -0.013278978876769543, 0.47459352016448975, 0.5685425996780396, -0.014690355397760868]",[]
"[0.5388811230659485, 0.5563950538635254, -6.314995193434925e-09, 0.556494951248169, 0.5149139761924744, -0.028343886137008667, 0.5624874830245972, 0.47342756390571594, -0.047284167259931564, 0.5685465335845947, 0.4510231614112854, -0.06440963596105576, 0.564608633518219, 0.439187228679657, -0.08146504312753677, 0.524321973323822, 0.43198347091674805, -0.041829418390989304, 0.5034126043319702, 0.4017830789089203, -0.07205072790384293, 0.5014550685882568, 0.42582887411117554, -0.09283655881881714, 0.5125360488891602, 0.4595852494239807, -0.10359802842140198, 0.5052754878997803, 0.4675653874874115, -0.03935869038105011, 0.48665469884872437, 0.45647862553596497, -0.07363418489694595, 0.49606853723526, 0.4927651882171631, -0.08999650180339813, 0.5172202587127686, 0.5285248160362244, -0.09648921340703964, 0.4934177100658417, 0.5055007934570312, -0.039660751819610596, 0.48118963837623596, 0.5105989575386047, -0.06864156574010849, 0.494478702545166, 0.537344217300415, -0.07708635926246643, 0.5160866975784302, 0.5664032101631165, -0.07764473557472229, 0.48789599537849426, 0.5420435070991516, -0.04221028834581375, 0.4725489318370819, 0.5530233383178711, -0.062359217554330826, 0.4810824394226074, 0.5713374614715576, -0.06806130707263947, 0.49761295318603516, 0.5897732377052307, -0.06895150244235992]",[]
[],"[0.5462478399276733, 0.27025604248046875, -3.474027892025333e-07, 0.5082001686096191, 0.20366641879081726, -0.008461632765829563, 0.48795244097709656, 0.12347482144832611, -0.015219705179333687, 0.4908243417739868, 0.04736476019024849, -0.025454655289649963, 0.5161117315292358, 0.007617194205522537, -0.03406009450554848, 0.5204941630363464, 0.057665858417749405, 0.009722267277538776, 0.5283046960830688, -0.017519347369670868, -0.014107249677181244, 0.5317009687423706, 0.007660120725631714, -0.03153366222977638, 0.5336726307868958, 0.04958559572696686, -0.03916977345943451, 0.5475596785545349, 0.07270622998476028, 0.0036641680635511875, 0.5603780150413513, 0.0035899095237255096, -0.022470971569418907, 0.5508712530136108, 0.06107419729232788, -0.033179957419633865, 0.5424135327339172, 0.1166469007730484, -0.032856207340955734, 0.5734625458717346, 0.09724266827106476, -0.006400008220225573, 0.5838537216186523, 0.03585498034954071, -0.03198791667819023, 0.5694100856781006, 0.09577078372240067, -0.030077030882239342, 0.5589441061019897, 0.148115336894989, -0.02024415135383606, 0.5988894104957581, 0.1326744556427002, -0.017343813553452492, 0.6007653474807739, 0.0800326019525528, -0.03226381540298462, 0.5868375301361084, 0.12012925744056702, -0.026305831968784332, 0.57803875207901, 0.1610487401485443, -0.016634443774819374]"
[],"[0.5545812249183655, 0.3507401943206787, 8.467549861279622e-08, 0.5990719199180603, 0.3657436966896057, -0.01282920315861702, 0.6377354264259338, 0.3347116708755493, -0.027194209396839142, 0.6638947129249573, 0.27209150791168213, -0.037720683962106705, 0.668064296245575, 0.21102026104927063, -0.04749984294176102, 0.6053775548934937, 0.3047378957271576, -0.05234126001596451, 0.6348382234573364, 0.22520685195922852, -0.06481190770864487, 0.6439098715782166, 0.23788855969905853, -0.06311865895986557, 0.6404250860214233, 0.2672950029373169, -0.05900149419903755, 0.5764305591583252, 0.27575168013572693, -0.04990420117974281, 0.6152669191360474, 0.1966986060142517, -0.059997253119945526, 0.6274448037147522, 0.21559834480285645, -0.055711016058921814, 0.6250037550926208, 0.245063915848732, -0.052968285977840424, 0.5541312098503113, 0.25364118814468384, -0.04562940075993538, 0.5940781235694885, 0.18473555147647858, -0.049287568777799606, 0.6073817014694214, 0.20503264665603638, -0.04015969857573509, 0.604688823223114, 0.23142503201961517, -0.03566516935825348, 0.5370221138000488, 0.2376912236213684, -0.041555460542440414, 0.5695688128471375, 0.18526870012283325, -0.04318513348698616, 0.5845589637756348, 0.19798962771892548, -0.03712199628353119, 0.5848087072372437, 0.21844887733459473, -0.0334431454539299]"
[],"[0.5492386817932129, 0.37248653173446655, 2.2605500760164432e-07, 0.5944632291793823, 0.3803369700908661, -0.01635724864900112, 0.6328354477882385, 0.33933502435684204, -0.030292445793747902, 0.6545414328575134, 0.2723582983016968, -0.03948238864541054, 0.659064531326294, 0.2104669064283371, -0.04753099009394646, 0.5925418734550476, 0.32276639342308044, -0.05251329764723778, 0.6226322054862976, 0.2263888418674469, -0.06528238952159882, 0.6396043300628662, 0.219832643866539, -0.06308833509683609, 0.642437756061554, 0.2365398108959198, -0.05782817304134369, 0.5627835988998413, 0.2913653552532196, -0.04741114377975464, 0.6044021248817444, 0.1934085488319397, -0.055496346205472946, 0.6225203275680542, 0.2030932456254959, -0.0484694167971611, 0.6237908005714417, 0.22756540775299072, -0.043124254792928696, 0.541825532913208, 0.2669109106063843, -0.040996450930833817, 0.585453450679779, 0.18472355604171753, -0.04440922290086746, 0.6029030084609985, 0.19762612879276276, -0.034561462700366974, 0.6032080054283142, 0.22121693193912506, -0.028594035655260086, 0.5278657674789429, 0.247747004032135, -0.03527091071009636, 0.5637924075126648, 0.18703608214855194, -0.03725011274218559, 0.5816559791564941, 0.1944378912448883, -0.031231312081217766, 0.5836604237556458, 0.2116553634405136, -0.02692662551999092]"
[],"[0.5483831763267517, 0.3961193859577179, 3.0048860821807466e-07, 0.5951036810874939, 0.3910193145275116, -0.01685599982738495, 0.6312823295593262, 0.33854079246520996, -0.031524255871772766, 0.6491419672966003, 0.26600921154022217, -0.041037943214178085, 0.6492152214050293, 0.20566923916339874, -0.0498378723859787, 0.5844587087631226, 0.3228946924209595, -0.05357459560036659, 0.6136006116867065, 0.22964051365852356, -0.06522240489721298, 0.6333603858947754, 0.21497145295143127, -0.06290371716022491, 0.6406504511833191, 0.220633864402771, -0.05807191878557205, 0.5525550246238708, 0.2967217266559601, -0.048159483820199966, 0.5964257121086121, 0.19521936774253845, -0.05517898499965668, 0.6193541288375854, 0.2029019594192505, -0.04721136763691902, 0.6263937950134277, 0.22712770104408264, -0.041270963847637177, 0.5320848226547241, 0.2774870693683624, -0.04128718748688698, 0.5791873931884766, 0.1923477053642273, -0.043753594160079956, 0.6008458137512207, 0.20269256830215454, -0.034321174025535583, 0.6062898635864258, 0.22493954002857208, -0.028943954035639763, 0.5209318399429321, 0.2638777792453766, -0.035156819969415665, 0.5588840842247009, 0.20119749009609222, -0.03599143400788307, 0.5803924798965454, 0.20624148845672607, -0.03028169460594654, 0.587230384349823, 0.22118164598941803, -0.026714012026786804]"
[],"[0.5617867112159729, 0.7527555227279663, -4.3573547259256884e-07, 0.540932834148407, 0.685259997844696, 0.011180389672517776, 0.5300227999687195, 0.6330041289329529, 0.00813186727464199, 0.5157806277275085, 0.598319411277771, -4.586515206028707e-05, 0.49991559982299805, 0.5761076807975769, -0.009824368171393871, 0.5640539526939392, 0.5722672939300537, 0.003032220061868429, 0.5196124315261841, 0.5333398580551147, -0.012712996453046799, 0.4901619553565979, 0.5506169199943542, -0.025460615754127502, 0.4749729633331299, 0.5761448740959167, -0.032596562057733536, 0.5685553550720215, 0.5828325152397156, -0.010346275754272938, 0.516649603843689, 0.5482032299041748, -0.02342003956437111, 0.4873826205730438, 0.5648905038833618, -0.031736280769109726, 0.47111794352531433, 0.5934342741966248, -0.0375540591776371, 0.5661975741386414, 0.6052814722061157, -0.02405804954469204, 0.5200186967849731, 0.562825620174408, -0.03493335098028183, 0.49087852239608765, 0.5752120018005371, -0.03701811656355858, 0.4739062786102295, 0.5977671146392822, -0.038113102316856384, 0.5593521595001221, 0.6334320306777954, -0.037017203867435455, 0.5284044742584229, 0.5937296748161316, -0.04735875502228737, 0.5075792670249939, 0.5859501957893372, -0.04970027878880501, 0.4926953911781311, 0.5850570201873779, -0.050181787461042404]"
[],"[0.5779313445091248, 0.7133629322052002, -3.207898373602802e-07, 0.5636418461799622, 0.6518151164054871, -0.0025905072689056396, 0.5617485046386719, 0.5917375683784485, -0.005717371124774218, 0.5515158772468567, 0.5409068465232849, -0.011711817234754562, 0.5340734720230103, 0.5106483101844788, -0.018089545890688896, 0.5749702453613281, 0.529620885848999, 0.0056315758265554905, 0.5341721177101135, 0.4934234023094177, -0.01039670966565609, 0.5098444223403931, 0.5139567852020264, -0.024162905290722847, 0.4991558790206909, 0.5475002527236938, -0.03052939660847187, 0.5766931772232056, 0.5334674119949341, 0.0006782979471608996, 0.5332076549530029, 0.4954158365726471, -0.012975291348993778, 0.5086033940315247, 0.5212830305099487, -0.023094821721315384, 0.4953315854072571, 0.5601934194564819, -0.02764546498656273, 0.5748226046562195, 0.5485097169876099, -0.006572666112333536, 0.5365115404129028, 0.5033235549926758, -0.018933948129415512, 0.5098257660865784, 0.5217958092689514, -0.0230735894292593, 0.4957966208457947, 0.5547323226928711, -0.02266743779182434, 0.5690417289733887, 0.5711713433265686, -0.014478574506938457, 0.5469900965690613, 0.5228296518325806, -0.023298850283026695, 0.5292571187019348, 0.5149730443954468, -0.02539919503033161, 0.5160490870475769, 0.5221734642982483, -0.024303892627358437]"
"[0.5854334235191345, 0.6941424608230591, 1.198563239768191e-07, 0.6007187366485596, 0.6402630805969238, -0.03237459436058998, 0.6040797233581543, 0.5704763531684875, -0.04285548999905586, 0.5773934125900269, 0.5201617479324341, -0.049923691898584366, 0.54637610912323, 0.49603134393692017, -0.056292325258255005, 0.571877121925354, 0.5174835920333862, -0.005703779868781567, 0.5480958223342896, 0.4700886309146881, -0.021159004420042038, 0.5287685990333557, 0.4628174304962158, -0.03615143522620201, 0.5206831693649292, 0.4756387770175934, -0.04416438192129135, 0.549900472164154, 0.5370196104049683, 0.005176438018679619, 0.5255305767059326, 0.4863218069076538, -0.011991698294878006, 0.511915922164917, 0.4975351095199585, -0.029446789994835854, 0.5085952281951904, 0.5269706845283508, -0.03738130256533623, 0.5341717004776001, 0.5624287128448486, 0.011419863440096378, 0.5119292736053467, 0.514889121055603, -0.007676523644477129, 0.501011848449707, 0.5264395475387573, -0.021990489214658737, 0.500861406326294, 0.5575883984565735, -0.026175454258918762, 0.5214865207672119, 0.5927096009254456, 0.015237721614539623, 0.5029914975166321, 0.5562626719474792, -0.0016192154726013541, 0.49639517068862915, 0.5589708685874939, -0.011313190683722496, 0.49714887142181396, 0.5775385499000549, -0.014065774157643318]",[]
"[0.5946317911148071, 0.6937077045440674, 5.7686172283411e-08, 0.6100414991378784, 0.6341793537139893, -0.026005078107118607, 0.6109349727630615, 0.5603684186935425, -0.035685934126377106, 0.588293194770813, 0.5072155594825745, -0.043003737926483154, 0.5588817596435547, 0.4815821051597595, -0.05023305118083954, 0.5752184391021729, 0.5163125991821289, -0.009755830280482769, 0.5522886514663696, 0.4662970304489136, -0.02633865363895893, 0.53507000207901, 0.4707951843738556, -0.04169812798500061, 0.5266942977905273, 0.4911568760871887, -0.05020128935575485, 0.5525587797164917, 0.5412701368331909, -0.0027426029555499554, 0.5281602144241333, 0.492817759513855, -0.01971232146024704, 0.5141268968582153, 0.5049017071723938, -0.035875968635082245, 0.5079123973846436, 0.5330542922019958, -0.044275060296058655, 0.5364149808883667, 0.5714143514633179, 0.0007703157607465982, 0.5134094953536987, 0.5227488279342651, -0.015221615321934223, 0.5016195178031921, 0.5330451726913452, -0.02460833080112934, 0.4976341128349304, 0.5585659146308899, -0.027573348954319954, 0.524606466293335, 0.6060845851898193, 0.0022129127755761147, 0.505430281162262, 0.5688931941986084, -0.01058280561119318, 0.4971578121185303, 0.571475088596344, -0.015086018480360508, 0.4944380223751068, 0.58678138256073, -0.015458591282367706]",[]
"[0.6030328869819641, 0.6811250448226929, 2.3545541694147687e-07, 0.6177504658699036, 0.6176002025604248, -0.012925637885928154, 0.6163074970245361, 0.5445809364318848, -0.01828233152627945, 0.594913899898529, 0.4969762861728668, -0.022790687158703804, 0.568981945514679, 0.47240546345710754, -0.028063610196113586, 0.589637279510498, 0.5260045528411865, -0.002342747990041971, 0.5751507878303528, 0.4787057340145111, -0.00843740813434124, 0.5613906383514404, 0.4516054391860962, -0.01553946454077959, 0.5513017773628235, 0.431926429271698, -0.021256878972053528, 0.5678804516792297, 0.5491143465042114, -0.0011870060116052628, 0.550502598285675, 0.5021482110023499, -0.006719852332025766, 0.5363767743110657, 0.4755116105079651, -0.01489583682268858, 0.5243152379989624, 0.45627284049987793, -0.02139873057603836, 0.5513075590133667, 0.5739921927452087, -0.0018532724352553487, 0.5335785746574402, 0.5295820236206055, -0.007871335372328758, 0.5215456485748291, 0.5105713605880737, -0.010729161091148853, 0.5104925036430359, 0.5003504753112793, -0.012896995060145855, 0.5387207269668579, 0.603090763092041, -0.003733346238732338, 0.5219724178314209, 0.5690627098083496, -0.00845956802368164, 0.5139856338500977, 0.5556814670562744, -0.007962781935930252, 0.506554901599884, 0.5487571358680725, -0.007410673424601555]",[]
[],"[0.5504711866378784, 0.26515883207321167, -3.4994167208424187e-07, 0.5112170577049255, 0.2074960172176361, -0.011142872273921967, 0.48836877942085266, 0.12568557262420654, -0.018214676529169083, 0.49028530716896057, 0.04598981514573097, -0.027531716972589493, 0.5127246975898743, -0.0011495612561702728, -0.03463837876915932, 0.5200228095054626, 0.05583170801401138, 0.006917419843375683, 0.5289338827133179, -0.016058560460805893, -0.014809129759669304, 0.5342317819595337, 0.018161578103899956, -0.031629838049411774, 0.535176157951355, 0.06466686725616455, -0.03935537114739418, 0.5461928248405457, 0.07189515978097916, 0.003514578565955162, 0.5575942397117615, 0.012768598273396492, -0.019439997151494026, 0.5537761449813843, 0.06919656693935394, -0.030667927116155624, 0.5457810163497925, 0.12276960164308548, -0.032507117837667465, 0.5710080862045288, 0.09519150853157043, -0.003758532227948308, 0.5812404155731201, 0.039616815745830536, -0.02665773406624794, 0.571617841720581, 0.09766373038291931, -0.025284936651587486, 0.5609045624732971, 0.14864790439605713, -0.01753447763621807, 0.594761312007904, 0.12741482257843018, -0.012148266658186913, 0.5986076593399048, 0.08130655437707901, -0.02684258669614792, 0.5888630151748657, 0.12227099388837814, -0.02204740047454834, 0.5806721448898315, 0.16274678707122803, -0.013888141140341759]"
"[0.5595473647117615, 0.599306046962738, 7.969198634327768e-08, 0.5808879137039185, 0.556555449962616, -0.027091341093182564, 0.5901379585266113, 0.5114057064056396, -0.04432012140750885, 0.5933164358139038, 0.4836267828941345, -0.060292959213256836, 0.581896185874939, 0.47180184721946716, -0.07597093284130096, 0.538536787033081, 0.45584636926651, -0.031439270824193954, 0.5168895721435547, 0.4125874638557434, -0.06087176501750946, 0.5096256136894226, 0.418535053730011, -0.08141704648733139, 0.5138605833053589, 0.44108667969703674, -0.0917590782046318, 0.5166589617729187, 0.48814621567726135, -0.02951890416443348, 0.4967925250530243, 0.4618515372276306, -0.06351009756326675, 0.5040414929389954, 0.4972285032272339, -0.07960139960050583, 0.5223833322525024, 0.5368499755859375, -0.08447128534317017, 0.5031388998031616, 0.5258239507675171, -0.030955882743000984, 0.4924672544002533, 0.5238596200942993, -0.06084408611059189, 0.5033523440361023, 0.5519282817840576, -0.06771925836801529, 0.5202440023422241, 0.5812973976135254, -0.06568251550197601, 0.4965567886829376, 0.5642074942588806, -0.03461238741874695, 0.4841468334197998, 0.5671725869178772, -0.05452165752649307, 0.493164598941803, 0.584208607673645, -0.05789162963628769, 0.5070355534553528, 0.6007487773895264, -0.056132495403289795]",[]
"[0.5424226522445679, 0.5989147424697876, 4.681402643313959e-08, 0.5677554607391357, 0.5591732263565063, -0.026344750076532364, 0.5819814205169678, 0.5165507197380066, -0.04303327947854996, 0.5896589756011963, 0.49054786562919617, -0.058546993881464005, 0.5805196762084961, 0.48244810104370117, -0.0730246976017952, 0.5309802293777466, 0.4624156355857849, -0.028368746861815453, 0.5143659710884094, 0.41213810443878174, -0.05582549050450325, 0.5104250907897949, 0.42707204818725586, -0.07322399318218231, 0.5172618627548218, 0.4606705904006958, -0.08100007474422455, 0.5102936625480652, 0.4950138032436371, -0.025869334116578102, 0.49201205372810364, 0.47040003538131714, -0.0579228475689888, 0.50400710105896, 0.5126961469650269, -0.07041647285223007, 0.5242204070091248, 0.5521102547645569, -0.07242695242166519, 0.4959726929664612, 0.5326399803161621, -0.026966463774442673, 0.48601990938186646, 0.5309159159660339, -0.05473659187555313, 0.5009518265724182, 0.5642710328102112, -0.057832907885313034, 0.5193117260932922, 0.5916460156440735, -0.053071726113557816, 0.48830747604370117, 0.5699142813682556, -0.03026571124792099, 0.4766930043697357, 0.5729048252105713, -0.04733879491686821, 0.4878884553909302, 0.5934867858886719, -0.04761181399226189, 0.5024203062057495, 0.6096059679985046, -0.04356442391872406]",[]
"[0.5344508290290833, 0.610027015209198, 1.036297536671782e-08, 0.5529994964599609, 0.5699442028999329, -0.026528991758823395, 0.558793842792511, 0.5256502628326416, -0.04381527751684189, 0.5668925642967224, 0.49167463183403015, -0.06001659482717514, 0.5767198801040649, 0.47125303745269775, -0.07529690861701965, 0.5232338309288025, 0.4736056327819824, -0.029841365292668343, 0.513420581817627, 0.42769792675971985, -0.05976225435733795, 0.5092863440513611, 0.45001375675201416, -0.07885032892227173, 0.512870192527771, 0.4867287874221802, -0.08745910227298737, 0.5028595924377441, 0.5048549771308899, -0.027349773794412613, 0.4885893166065216, 0.4833044409751892, -0.059727586805820465, 0.49804380536079407, 0.5244632959365845, -0.07188236713409424, 0.5152948498725891, 0.5629162192344666, -0.07366436719894409, 0.4895803928375244, 0.5411621332168579, -0.028705544769763947, 0.4833347499370575, 0.5449948310852051, -0.0564526729285717, 0.4958851635456085, 0.5776852369308472, -0.05984153598546982, 0.5109571814537048, 0.6047096252441406, -0.055401548743247986, 0.4817345440387726, 0.5781174302101135, -0.03242316469550133, 0.4746638834476471, 0.5867253541946411, -0.04931638762354851, 0.4842682480812073, 0.6083223819732666, -0.05028792470693588, 0.49636614322662354, 0.6236516833305359, -0.04689768701791763]",[]
[],"[0.5326033234596252, 0.37883371114730835, -6.960249265830498e-08, 0.5586140155792236, 0.3122672140598297, -0.040080513805150986, 0.5528789162635803, 0.23107516765594482, -0.05388274043798447, 0.5446053743362427, 0.14949050545692444, -0.05845707282423973, 0.5324518084526062, 0.08426366746425629, -0.057363707572221756, 0.48188406229019165, 0.21560488641262054, -0.03817502409219742, 0.50713050365448, 0.11682665348052979, -0.05058383196592331, 0.5317164659500122, 0.15163913369178772, -0.055453263223171234, 0.5326271057128906, 0.19300200045108795, -0.05613434687256813, 0.4673471748828888, 0.2219446748495102, -0.018537525087594986, 0.5016953349113464, 0.13364940881729126, -0.028728846460580826, 0.5264097452163696, 0.16731268167495728, -0.03173656761646271, 0.5260493755340576, 0.2023780792951584, -0.032251209020614624, 0.4660224914550781, 0.22792676091194153, -0.0015264180256053805, 0.5010877251625061, 0.1521218866109848, -0.011158403940498829, 0.521599531173706, 0.18164680898189545, -0.010852277278900146, 0.5201557278633118, 0.21250711381435394, -0.008994272910058498, 0.4699394106864929, 0.23211225867271423, 0.012748559936881065, 0.4981611669063568, 0.17134517431259155, 0.005120113026350737, 0.513214647769928, 0.19563798606395721, 0.004987846128642559, 0.5114254951477051, 0.22410175204277039, 0.006687134969979525]"
[],"[0.5637993216514587, 0.22639311850070953, -1.525978206018408e-07, 0.520654559135437, 0.19079597294330597, -0.024413937702775, 0.4895554482936859, 0.11679768562316895, -0.029917309060692787, 0.4868789613246918, 0.041656289249658585, -0.03401368111371994, 0.4988086521625519, -0.010971009731292725, -0.03533986210823059, 0.4922650456428528, 0.06723184883594513, 0.00469518406316638, 0.5036042928695679, -0.0057781413197517395, -0.016768893226981163, 0.5214430689811707, 0.024330688640475273, -0.03308948874473572, 0.5321410894393921, 0.06972211599349976, -0.03928201645612717, 0.516828715801239, 0.06947066634893417, 0.01185434591025114, 0.5369364619255066, 0.010020289570093155, -0.011806823313236237, 0.5486471652984619, 0.05840644985437393, -0.02460549771785736, 0.5498268008232117, 0.10673710703849792, -0.026082182303071022, 0.5398586988449097, 0.07865538448095322, 0.013700177893042564, 0.5590141415596008, 0.038166821002960205, -0.011204289272427559, 0.5633019804954529, 0.09087249636650085, -0.016523651778697968, 0.5586785078048706, 0.13535559177398682, -0.01172046922147274, 0.5606901049613953, 0.0961918905377388, 0.013754679821431637, 0.5783404111862183, 0.07045035064220428, -0.003318837145343423, 0.5783072113990784, 0.1102214902639389, -0.004487324506044388, 0.5700422525405884, 0.1460590362548828, 0.0006300061359070241]"
[],"[0.5272646546363831, 0.3832099437713623, -3.7599399149712553e-08, 0.5620865225791931, 0.3242427706718445, -0.03493861109018326, 0.5671970844268799, 0.24528823792934418, -0.05058887228369713, 0.5617037415504456, 0.1615263819694519, -0.05867621302604675, 0.5466850996017456, 0.09841100126504898, -0.06152114272117615, 0.4949733018875122, 0.2215258777141571, -0.04071066156029701, 0.5292191505432129, 0.125331848859787, -0.05846472829580307, 0.5477405190467834, 0.1704397350549698, -0.06679664552211761, 0.5459762811660767, 0.213400200009346, -0.06944127380847931, 0.4742582440376282, 0.22388261556625366, -0.025209184736013412, 0.5155999064445496, 0.1368214190006256, -0.03985358029603958, 0.5333871841430664, 0.1740308701992035, -0.04339791461825371, 0.5316250920295715, 0.2081238180398941, -0.0439167395234108, 0.4681888520717621, 0.2268890142440796, -0.011872225441038609, 0.508525013923645, 0.1549340784549713, -0.02169107086956501, 0.52154940366745, 0.18355707824230194, -0.01883229799568653, 0.5187824964523315, 0.2110207974910736, -0.015612509101629257, 0.46958237886428833, 0.22767943143844604, -0.0012029990321025252, 0.501571774482727, 0.17151828110218048, -0.005978045053780079, 0.5112318396568298, 0.19663624465465546, -0.0037545650266110897, 0.5084777474403381, 0.22224166989326477, -0.0011212511453777552]"
[],"[0.524520218372345, 0.38592997193336487, 3.7471973968195016e-08, 0.568061888217926, 0.3382946252822876, -0.02626911550760269, 0.5812823176383972, 0.2616935074329376, -0.03912845999002457, 0.5804374814033508, 0.17919321358203888, -0.04617752507328987, 0.5695326924324036, 0.11393734812736511, -0.048131536692380905, 0.5150249004364014, 0.2420753538608551, -0.034804098308086395, 0.5479226112365723, 0.13794559240341187, -0.051620785146951675, 0.5647303462028503, 0.1757410317659378, -0.057157088071107864, 0.5628089308738708, 0.21384577453136444, -0.056943509727716446, 0.4906930923461914, 0.23621661961078644, -0.023907745257019997, 0.5320688486099243, 0.13755857944488525, -0.037388432770967484, 0.5480674505233765, 0.17362403869628906, -0.03833771124482155, 0.544032096862793, 0.20844727754592896, -0.036457572132349014, 0.47914376854896545, 0.23289421200752258, -0.014645128510892391, 0.5199887752532959, 0.15323777496814728, -0.022602524608373642, 0.5326499938964844, 0.18125593662261963, -0.017600223422050476, 0.527548611164093, 0.20760835707187653, -0.013040834106504917, 0.4761185944080353, 0.2298625260591507, -0.007437406573444605, 0.512530505657196, 0.17340680956840515, -0.010660802014172077, 0.5217469930648804, 0.1973862498998642, -0.007045077160000801, 0.5161222219467163, 0.22148177027702332, -0.00374031369574368]"
[],"[0.5265175700187683, 0.38300827145576477, 1.1684201695061347e-07, 0.5742740631103516, 0.34553277492523193, -0.02148684859275818, 0.5940148234367371, 0.27166610956192017, -0.03434059023857117, 0.5972843170166016, 0.1885613054037094, -0.041667576879262924, 0.5882677435874939, 0.12456616759300232, -0.04507199674844742, 0.532829225063324, 0.2584327459335327, -0.040949080139398575, 0.5546818971633911, 0.14897368848323822, -0.05534014478325844, 0.5724908709526062, 0.17387960851192474, -0.058319706469774246, 0.5725278854370117, 0.20802435278892517, -0.05656997486948967, 0.5044398903846741, 0.2493339627981186, -0.03222208842635155, 0.5390336513519287, 0.14626623690128326, -0.04139760509133339, 0.5591039061546326, 0.16870146989822388, -0.04055839031934738, 0.5577760934829712, 0.19970081746578217, -0.03934662789106369, 0.4879426956176758, 0.24284544587135315, -0.023594718426465988, 0.5262889862060547, 0.15617725253105164, -0.02760673314332962, 0.5429924726486206, 0.17930354177951813, -0.02126350626349449, 0.5401307940483093, 0.20770539343357086, -0.01750561036169529, 0.4795709252357483, 0.23669730126857758, -0.01653914712369442, 0.5150928497314453, 0.1784014105796814, -0.018657609820365906, 0.5284759998321533, 0.19684414565563202, -0.014396865852177143, 0.5257158875465393, 0.2215883582830429, -0.01113833487033844]"
[],"[0.5278505682945251, 0.38332629203796387, 1.9129863915168244e-07, 0.574855625629425, 0.3501001298427582, -0.019793489947915077, 0.5995261073112488, 0.28024259209632874, -0.03217719495296478, 0.6066559553146362, 0.20040398836135864, -0.03879271075129509, 0.60165935754776, 0.13618595898151398, -0.042008161544799805, 0.5434523820877075, 0.26630184054374695, -0.045020654797554016, 0.5692124962806702, 0.15995633602142334, -0.05808338522911072, 0.5855874419212341, 0.17556124925613403, -0.058421846479177475, 0.586911141872406, 0.2018456608057022, -0.05503647029399872, 0.5127891898155212, 0.25647154450416565, -0.037144262343645096, 0.550285279750824, 0.1485726535320282, -0.04722381755709648, 0.5700124502182007, 0.16991131007671356, -0.04480757191777229, 0.5686545968055725, 0.20196861028671265, -0.04183472320437431, 0.49333950877189636, 0.24922879040241241, -0.02861030213534832, 0.5318558216094971, 0.15437039732933044, -0.03300510719418526, 0.5503934025764465, 0.17570845782756805, -0.02528681978583336, 0.549135148525238, 0.20439627766609192, -0.020186947658658028, 0.4821537435054779, 0.2446877807378769, -0.02128308266401291, 0.5170487761497498, 0.17962588369846344, -0.023936618119478226, 0.5307680368423462, 0.19495145976543427, -0.019273938611149788, 0.5287469029426575, 0.21692830324172974, -0.015523061156272888]"
[],"[0.5242156386375427, 0.38057857751846313, 1.8548922753325314e-07, 0.5736819505691528, 0.34698307514190674, -0.01750718429684639, 0.5985173583030701, 0.2725909352302551, -0.02886313758790493, 0.6058999300003052, 0.18992702662944794, -0.03472667187452316, 0.6025118827819824, 0.12570056319236755, -0.03733886033296585, 0.5446884632110596, 0.26209133863449097, -0.0447373241186142, 0.5703388452529907, 0.15436691045761108, -0.05678727850317955, 0.5856711268424988, 0.17490427196025848, -0.055784061551094055, 0.586061418056488, 0.20494861900806427, -0.05148995667695999, 0.5133447647094727, 0.25232988595962524, -0.037688784301280975, 0.5485786199569702, 0.14177486300468445, -0.04580865800380707, 0.5683002471923828, 0.15915590524673462, -0.042387690395116806, 0.5683779716491699, 0.18804572522640228, -0.03950108587741852, 0.49318310618400574, 0.2453690618276596, -0.029699523001909256, 0.5300938487052917, 0.14702272415161133, -0.03299172595143318, 0.5498411655426025, 0.16564272344112396, -0.02548426203429699, 0.5506511330604553, 0.19223923981189728, -0.021104497835040092, 0.48166194558143616, 0.24108657240867615, -0.022580161690711975, 0.5145256519317627, 0.17380903661251068, -0.024474218487739563, 0.5289788246154785, 0.1867952048778534, -0.01956544816493988, 0.5282371640205383, 0.2071220427751541, -0.01603400893509388]"
[],"[0.519312858581543, 0.3717087507247925, 9.509880527502901e-08, 0.5694817900657654, 0.3365190029144287, -0.01815483532845974, 0.594298779964447, 0.26323646306991577, -0.03004482015967369, 0.6018892526626587, 0.1813514530658722, -0.03644281253218651, 0.5961582064628601, 0.11802015453577042, -0.038690630346536636, 0.5442007780075073, 0.25581690669059753, -0.04601112753152847, 0.565906822681427, 0.14088842272758484, -0.05937808007001877, 0.5829578638076782, 0.1712971180677414, -0.05848173052072525, 0.5805336236953735, 0.209283247590065, -0.053633905947208405, 0.5127535462379456, 0.24612338840961456, -0.03868333250284195, 0.5433276295661926, 0.1334606558084488, -0.04653739184141159, 0.5626237392425537, 0.15460450947284698, -0.04214499518275261, 0.5605013370513916, 0.185461163520813, -0.038698770105838776, 0.4910900890827179, 0.238430917263031, -0.0306251160800457, 0.5252602696418762, 0.14190182089805603, -0.033491507172584534, 0.542784571647644, 0.1629982590675354, -0.0240593533962965, 0.5404254198074341, 0.19152389466762543, -0.01843777298927307, 0.4777813255786896, 0.23130805790424347, -0.02374437265098095, 0.510163426399231, 0.1652582436800003, -0.02551613561809063, 0.5244917273521423, 0.1805613487958908, -0.019517427310347557, 0.5221429467201233, 0.20391510426998138, -0.015033436939120293]"
[],"[0.5175387859344482, 0.3663520812988281, 8.630123460307004e-08, 0.5653596520423889, 0.32936161756515503, -0.016512930393218994, 0.5894944667816162, 0.2558189034461975, -0.028281880542635918, 0.5957226157188416, 0.17332187294960022, -0.03521977365016937, 0.589279294013977, 0.11063870042562485, -0.03860558196902275, 0.5400492548942566, 0.24611595273017883, -0.043426238000392914, 0.5588212013244629, 0.1314121037721634, -0.05703209340572357, 0.5747108459472656, 0.1622258573770523, -0.05756248161196709, 0.572943925857544, 0.20053932070732117, -0.0540025532245636, 0.5085543990135193, 0.23841829597949982, -0.03741259127855301, 0.5366514325141907, 0.12739434838294983, -0.044674940407276154, 0.5549200177192688, 0.14808878302574158, -0.04078056663274765, 0.5531712174415588, 0.17779989540576935, -0.038301873952150345, 0.48605114221572876, 0.23343634605407715, -0.03075486794114113, 0.5172264575958252, 0.13753286004066467, -0.033361632376909256, 0.5341114401817322, 0.15778052806854248, -0.0241752527654171, 0.5326228141784668, 0.18558886647224426, -0.01917777583003044, 0.47162091732025146, 0.2295793890953064, -0.025170736014842987, 0.5005456805229187, 0.16257812082767487, -0.026682037860155106, 0.5141552686691284, 0.17670658230781555, -0.020459461957216263, 0.5123491883277893, 0.198818638920784, -0.01617775484919548]"
[],"[0.5173332095146179, 0.36415326595306396, 9.375153808832692e-08, 0.5656334161758423, 0.3305935263633728, -0.016911158338189125, 0.5898156762123108, 0.25780218839645386, -0.028827756643295288, 0.5951967239379883, 0.17594702541828156, -0.035528648644685745, 0.5905611515045166, 0.11255553364753723, -0.03882959112524986, 0.5412898063659668, 0.24922974407672882, -0.047091227024793625, 0.5574517250061035, 0.13235194981098175, -0.06029286980628967, 0.5732154250144958, 0.1578923612833023, -0.05923034995794296, 0.5727696418762207, 0.1954144388437271, -0.05457732826471329, 0.5096113085746765, 0.24176402390003204, -0.040651217103004456, 0.5355856418609619, 0.1290951669216156, -0.048487089574337006, 0.5535283088684082, 0.14921623468399048, -0.04360635578632355, 0.5521161556243896, 0.1801196038722992, -0.04029426351189613, 0.48705509305000305, 0.23627236485481262, -0.03325410932302475, 0.5156208276748657, 0.1384497582912445, -0.03612043708562851, 0.5318520665168762, 0.15940308570861816, -0.025947676971554756, 0.5305957198143005, 0.1877492070198059, -0.020240698009729385, 0.4724639654159546, 0.23171912133693695, -0.026876814663410187, 0.4996328055858612, 0.16240689158439636, -0.028625404462218285, 0.5127037763595581, 0.17704156041145325, -0.022143319249153137, 0.5109455585479736, 0.19958274066448212, -0.01769125647842884]"
[],"[0.5162261128425598, 0.36929410696029663, 6.318187217857485e-08, 0.565917432308197, 0.33723020553588867, -0.01679098606109619, 0.5928320288658142, 0.26505887508392334, -0.028978485614061356, 0.6002696752548218, 0.18357832729816437, -0.0359925702214241, 0.5958526134490967, 0.12066445499658585, -0.03931919112801552, 0.543734610080719, 0.25768616795539856, -0.04750971123576164, 0.5655966401100159, 0.1417199820280075, -0.062131501734256744, 0.57913738489151, 0.1731678992509842, -0.06168811023235321, 0.5740407109260559, 0.21363811194896698, -0.05680149421095848, 0.5123902559280396, 0.2478858232498169, -0.04149018973112106, 0.5422381162643433, 0.13604097068309784, -0.04980652779340744, 0.5592353343963623, 0.15928716957569122, -0.04493409022688866, 0.5557383894920349, 0.19158297777175903, -0.041403405368328094, 0.4904457926750183, 0.24029219150543213, -0.034635771065950394, 0.5233445763587952, 0.14417287707328796, -0.037611618638038635, 0.5386533737182617, 0.16787189245224, -0.02702334150671959, 0.5350507497787476, 0.197334423661232, -0.020848726853728294, 0.4762617349624634, 0.23412352800369263, -0.02883092872798443, 0.5057871341705322, 0.1663048416376114, -0.03009627014398575, 0.5190176963806152, 0.18323487043380737, -0.022811556234955788, 0.5156564116477966, 0.2074042111635208, -0.01772654801607132]"
[],"[0.5222988128662109, 0.3802274465560913, 1.9011139329450089e-07, 0.5696621537208557, 0.34910300374031067, -0.013592465780675411, 0.5965211391448975, 0.27753254771232605, -0.024815671145915985, 0.6036361455917358, 0.19751793146133423, -0.031189806759357452, 0.5978466868400574, 0.13940507173538208, -0.03517353907227516, 0.5496098399162292, 0.2702854573726654, -0.04597560688853264, 0.5674722790718079, 0.16131539642810822, -0.057581618428230286, 0.5832555294036865, 0.17926248908042908, -0.055878814309835434, 0.5843887329101562, 0.21086455881595612, -0.05082422494888306, 0.5183355808258057, 0.26036185026168823, -0.04102987423539162, 0.546112060546875, 0.1469278633594513, -0.048057205975055695, 0.5665022134780884, 0.16272883117198944, -0.04339094087481499, 0.5668630003929138, 0.1935538649559021, -0.03973275050520897, 0.4958421587944031, 0.25252896547317505, -0.0343993715941906, 0.5254427194595337, 0.1543588638305664, -0.0360836386680603, 0.5445705652236938, 0.17198140919208527, -0.027279771864414215, 0.5453823804855347, 0.19882185757160187, -0.022190919145941734, 0.481685608625412, 0.2468481808900833, -0.028290042653679848, 0.5092909336090088, 0.17657428979873657, -0.02919628657400608, 0.5254948139190674, 0.18645115196704865, -0.02316645160317421, 0.5261351466178894, 0.2054123431444168, -0.01887831836938858]"
[],"[0.49699878692626953, 0.4299159049987793, -1.75863483775629e-08, 0.46592968702316284, 0.3617902994155884, -0.010208175517618656, 0.45467662811279297, 0.2729460299015045, -0.012110752053558826, 0.4654756784439087, 0.1971915066242218, -0.015514814294874668, 0.47503212094306946, 0.14110067486763, -0.01744641736149788, 0.47924384474754333, 0.204596146941185, 0.013027920387685299, 0.48073628544807434, 0.13655564188957214, 0.0033521815203130245, 0.48412084579467773, 0.0991101861000061, -0.009396512061357498, 0.48540836572647095, 0.08288311958312988, -0.01829855516552925, 0.504688024520874, 0.20531126856803894, 0.010750619694590569, 0.5100858211517334, 0.12719956040382385, 0.00126714410725981, 0.5105879306793213, 0.0990455150604248, -0.013218633830547333, 0.5062708258628845, 0.10271510481834412, -0.023307006806135178, 0.5268896818161011, 0.2188250720500946, 0.005183464381843805, 0.5371140837669373, 0.1451871693134308, -0.004318397492170334, 0.5363933444023132, 0.11865954846143723, -0.015612668357789516, 0.5290289521217346, 0.13123607635498047, -0.022649399936199188, 0.5497991442680359, 0.24611899256706238, -0.0020283893682062626, 0.5610488057136536, 0.1867021769285202, -0.00966945756226778, 0.5597842335700989, 0.15002238750457764, -0.01672324351966381, 0.5514443516731262, 0.14155559241771698, -0.021394100040197372]"
[],"[0.5439000129699707, 0.21160393953323364, 5.168699246382857e-09, 0.5186862945556641, 0.17684036493301392, -0.03727171942591667, 0.4959011971950531, 0.1092083603143692, -0.046674635261297226, 0.491936057806015, 0.03544643148779869, -0.050490159541368484, 0.4996722340583801, -0.022188566625118256, -0.04956063628196716, 0.4569258391857147, 0.06317949295043945, -0.00671696662902832, 0.47716808319091797, -0.0015066638588905334, -0.03245118260383606, 0.5055664777755737, 0.021122202277183533, -0.049445003271102905, 0.5239119529724121, 0.048810623586177826, -0.055297959595918655, 0.48014673590660095, 0.05549827218055725, 0.007777838967740536, 0.5100067853927612, 0.0010751709342002869, -0.020555511116981506, 0.5310485363006592, 0.049143772572278976, -0.03309033066034317, 0.536798357963562, 0.08536671102046967, -0.03258728235960007, 0.5045847296714783, 0.054157860577106476, 0.015876347199082375, 0.5315800905227661, 0.018690846860408783, -0.016490058973431587, 0.5419551134109497, 0.07190562784671783, -0.02285902388393879, 0.5382516384124756, 0.1055985763669014, -0.016155289486050606, 0.5249355435371399, 0.0628465861082077, 0.021834759041666985, 0.545890212059021, 0.03994106128811836, -0.0016045529628172517, 0.5507794618606567, 0.08384834229946136, -0.0049670664593577385, 0.5440395474433899, 0.113749660551548, 0.0007160288514569402]"
[],"[0.523033618927002, 0.39152991771698, 2.410413628695096e-07, 0.5710660219192505, 0.36028948426246643, -0.013491163030266762, 0.5969718098640442, 0.2923748791217804, -0.025885451585054398, 0.607235848903656, 0.2123049944639206, -0.033144935965538025, 0.6015752553939819, 0.15232449769973755, -0.03845412656664848, 0.5505269765853882, 0.2812955677509308, -0.04854347184300423, 0.5720306038856506, 0.17382700741291046, -0.058582425117492676, 0.5872544050216675, 0.18153062462806702, -0.054706498980522156, 0.590768039226532, 0.20658475160598755, -0.048568516969680786, 0.5190839171409607, 0.26730412244796753, -0.042954158037900925, 0.552989661693573, 0.15693703293800354, -0.04898138344287872, 0.5726984143257141, 0.16647493839263916, -0.042365655303001404, 0.5756345391273499, 0.19205842912197113, -0.0375751294195652, 0.49718746542930603, 0.25649499893188477, -0.035382457077503204, 0.530745804309845, 0.15746702253818512, -0.03649544343352318, 0.5514373183250427, 0.166891410946846, -0.02787763439118862, 0.5561615228652954, 0.18881289660930634, -0.023356979712843895, 0.4839227795600891, 0.250271737575531, -0.0281527079641819, 0.5128659009933472, 0.17912058532238007, -0.029324693605303764, 0.5310922861099243, 0.17689454555511475, -0.024873537942767143, 0.5371236801147461, 0.1835368424654007, -0.021980538964271545]"
[],"[0.5591051578521729, 0.797360897064209, -2.0892044005904609e-07, 0.5448014736175537, 0.7307001352310181, -0.020232580602169037, 0.5304211378097534, 0.6678466200828552, -0.027956180274486542, 0.5032689571380615, 0.6230521202087402, -0.03591737151145935, 0.474067747592926, 0.6055834293365479, -0.04338465631008148, 0.5215827822685242, 0.595788300037384, 0.009250497445464134, 0.47902923822402954, 0.5751878619194031, -0.009441769681870937, 0.4535897672176361, 0.6039214730262756, -0.028769079595804214, 0.441903293132782, 0.6387689709663391, -0.038137588649988174, 0.5143227577209473, 0.6121461391448975, 0.013743216171860695, 0.471916139125824, 0.5933768153190613, -0.0027261495124548674, 0.4486725330352783, 0.6227715015411377, -0.02109413407742977, 0.43499478697776794, 0.6614909768104553, -0.029455844312906265, 0.5101582407951355, 0.635683536529541, 0.013680994510650635, 0.472438782453537, 0.6110884547233582, -0.0027639027684926987, 0.4468037486076355, 0.6303850412368774, -0.013855126686394215, 0.4326983690261841, 0.6626502871513367, -0.01547368336468935, 0.5058713555335999, 0.6659279465675354, 0.011541683226823807, 0.477909654378891, 0.6342107653617859, 0.000601912965066731, 0.4590877890586853, 0.6300846934318542, -0.0036529202479869127, 0.4457102417945862, 0.6357458829879761, -0.002181112067773938]"
[],"[0.5388335585594177, 0.46083489060401917, -1.2903535662189825e-07, 0.5099730491638184, 0.3838651478290558, -0.01150619238615036, 0.4979936480522156, 0.29695039987564087, -0.012846278958022594, 0.5023826360702515, 0.2251368910074234, -0.015939362347126007, 0.5111127495765686, 0.17377841472625732, -0.016854748129844666, 0.5281112194061279, 0.2596355974674225, 0.018454555422067642, 0.5417030453681946, 0.21436990797519684, 0.002370813861489296, 0.5437830686569214, 0.24816489219665527, -0.011920258402824402, 0.5398852229118347, 0.2849141061306, -0.01817258447408676, 0.5503785014152527, 0.2834398150444031, 0.018033938482403755, 0.5633032917976379, 0.24261049926280975, 0.0009500018786638975, 0.5596519708633423, 0.2879825234413147, -0.011107009835541248, 0.5508816838264465, 0.3244408369064331, -0.014167921617627144, 0.5682528018951416, 0.30986112356185913, 0.013209933415055275, 0.5791693329811096, 0.2784583270549774, -0.004047497175633907, 0.5716416835784912, 0.31976428627967834, -0.0052321841940283775, 0.56068354845047, 0.3510165214538574, -0.0001529675500933081, 0.5823273062705994, 0.340885728597641, 0.007145076058804989, 0.5923091173171997, 0.31183555722236633, -0.0019134226022288203, 0.5854844450950623, 0.3419352173805237, 0.002308945171535015, 0.576780378818512, 0.3662238121032715, 0.009214567951858044]"
[],"[0.5413275957107544, 0.23306331038475037, 3.196671372052151e-08, 0.5277483463287354, 0.19358891248703003, -0.041161589324474335, 0.5052051544189453, 0.12437132000923157, -0.05154044181108475, 0.4942876994609833, 0.052684489637613297, -0.0550762377679348, 0.4927750825881958, -0.00904826819896698, -0.05354204401373863, 0.45488858222961426, 0.07263122498989105, -0.014361487701535225, 0.4770963788032532, -0.007539302110671997, -0.034375809133052826, 0.5067057609558105, 0.004476673901081085, -0.045466769486665726, 0.5207699537277222, 0.02180054411292076, -0.04825954511761665, 0.47230100631713867, 0.06704750657081604, 0.0030857690144330263, 0.5038292407989502, -0.0007423609495162964, -0.020655684173107147, 0.5269541144371033, 0.03844356909394264, -0.029825028032064438, 0.5310885310173035, 0.06885237246751785, -0.028043776750564575, 0.4932709336280823, 0.06678347289562225, 0.014611470513045788, 0.5251497030258179, 0.01936744898557663, -0.014629767276346684, 0.5387405157089233, 0.07043798267841339, -0.02113136649131775, 0.534194827079773, 0.10110519826412201, -0.015614140778779984, 0.5118303298950195, 0.07259723544120789, 0.024024592712521553, 0.5372710227966309, 0.034760404378175735, 0.002364810323342681, 0.5449258685112, 0.07622649520635605, -0.0016892593121156096, 0.5382592082023621, 0.10584516823291779, 0.002690315945073962]"
"[0.5158523917198181, 0.5821127891540527, 5.2410420892101683e-08, 0.5282049775123596, 0.5406132936477661, -0.021173223853111267, 0.5325652360916138, 0.5043632984161377, -0.037215277552604675, 0.5348584055900574, 0.47979071736335754, -0.0519220195710659, 0.5298026204109192, 0.46447035670280457, -0.06609439849853516, 0.5080599784851074, 0.46116766333580017, -0.03538908436894417, 0.4992165267467499, 0.4248622953891754, -0.06273795664310455, 0.49583566188812256, 0.4336358606815338, -0.07931989431381226, 0.4980022609233856, 0.4576956033706665, -0.08747033029794693, 0.4901958107948303, 0.48889675736427307, -0.03526223450899124, 0.4799576699733734, 0.47707274556159973, -0.06551264226436615, 0.491700679063797, 0.5098610520362854, -0.07576053589582443, 0.5079496502876282, 0.5374500155448914, -0.078401118516922, 0.4785040616989136, 0.5249369144439697, -0.03748676925897598, 0.47536712884902954, 0.5313733816146851, -0.06403735280036926, 0.48837774991989136, 0.55750972032547, -0.06555560231208801, 0.5020714998245239, 0.5764303803443909, -0.061919014900922775, 0.47172674536705017, 0.5625967979431152, -0.04133852571249008, 0.4646855890750885, 0.5739632844924927, -0.058822665363550186, 0.4744005799293518, 0.5886359810829163, -0.05990142747759819, 0.48576778173446655, 0.5971559882164001, -0.05777864158153534]",[]
[],"[0.5379794239997864, 0.24426491558551788, -1.486622096535939e-07, 0.5392878651618958, 0.21847175061702728, -0.046581435948610306, 0.525779128074646, 0.15758591890335083, -0.0632224977016449, 0.5172983407974243, 0.09247228503227234, -0.0703432485461235, 0.514025092124939, 0.03611268103122711, -0.07176337391138077, 0.46473032236099243, 0.097599096596241, -0.04331354424357414, 0.5023139119148254, 0.02707408368587494, -0.06585609167814255, 0.5330384969711304, 0.05836327373981476, -0.07524426281452179, 0.5421741604804993, 0.09282742440700531, -0.07730324566364288, 0.47563400864601135, 0.07291566580533981, -0.023735305294394493, 0.5174160599708557, 0.020870130509138107, -0.047323014587163925, 0.5430883169174194, 0.07234270125627518, -0.05366187170147896, 0.5444492697715759, 0.10898713767528534, -0.05180351808667183, 0.4929282069206238, 0.05665305629372597, -0.008321495726704597, 0.5305138230323792, 0.028021231293678284, -0.03352626785635948, 0.5476131439208984, 0.07693163305521011, -0.0357019267976284, 0.5436712503433228, 0.10674823820590973, -0.030089376494288445, 0.5088485479354858, 0.05198662728071213, 0.0043568373657763, 0.5373075604438782, 0.03190084919333458, -0.013574403710663319, 0.5497943758964539, 0.06907171756029129, -0.014964205212891102, 0.544973611831665, 0.09403365105390549, -0.010482888668775558]"
[],"[0.5354868173599243, 0.3383227586746216, -7.272347346543029e-08, 0.5661677122116089, 0.2864914536476135, -0.03880128636956215, 0.5676370859146118, 0.20879603922367096, -0.052869703620672226, 0.5624701976776123, 0.12581810355186462, -0.05837380886077881, 0.5510451793670654, 0.060526587069034576, -0.058346349745988846, 0.49763500690460205, 0.17932158708572388, -0.036664944142103195, 0.5323605537414551, 0.0835019126534462, -0.052792321890592575, 0.5534527897834778, 0.12289461493492126, -0.05984388664364815, 0.5518912076950073, 0.16473858058452606, -0.06155533716082573, 0.4815005958080292, 0.17877016961574554, -0.01946089044213295, 0.5238142013549805, 0.09209796041250229, -0.032772891223430634, 0.5446135401725769, 0.1333385854959488, -0.035458944737911224, 0.5419408679008484, 0.1694614291191101, -0.03473382815718651, 0.47866305708885193, 0.18226778507232666, -0.005453288555145264, 0.5195846557617188, 0.1105930283665657, -0.017404964193701744, 0.5368798971176147, 0.14550359547138214, -0.015565474517643452, 0.5328307151794434, 0.1745530217885971, -0.011897730641067028, 0.48138880729675293, 0.1878565549850464, 0.00578156765550375, 0.5141363143920898, 0.12881135940551758, -0.0025758538395166397, 0.5272586345672607, 0.15800413489341736, -0.0013894408475607634, 0.5231273770332336, 0.1862596571445465, 0.0014951168559491634]"
[],"[0.5244907736778259, 0.32819098234176636, -1.4838421158458459e-08, 0.5677029490470886, 0.29417264461517334, -0.033336102962493896, 0.581723690032959, 0.21714980900287628, -0.04973483458161354, 0.5816076397895813, 0.1343432068824768, -0.0585106797516346, 0.5689710974693298, 0.0681905671954155, -0.062166329473257065, 0.5160054564476013, 0.19639869034290314, -0.04991555213928223, 0.5467272400856018, 0.08715327829122543, -0.07029923796653748, 0.5628473162651062, 0.1292293220758438, -0.07750696688890457, 0.5599534511566162, 0.17064473032951355, -0.0782727599143982, 0.49146929383277893, 0.1914629191160202, -0.03580916300415993, 0.5327628254890442, 0.09378230571746826, -0.051430847495794296, 0.5478715896606445, 0.1310896873474121, -0.05218101665377617, 0.5425084233283997, 0.16421976685523987, -0.05055900290608406, 0.4814426600933075, 0.18691225349903107, -0.023261910304427147, 0.5233820080757141, 0.11008058488368988, -0.03294297307729721, 0.5353891849517822, 0.14148741960525513, -0.026998646557331085, 0.52944016456604, 0.1670861840248108, -0.022117896005511284, 0.4800834357738495, 0.1810186207294464, -0.013202072121202946, 0.5173574090003967, 0.12314330041408539, -0.01777569204568863, 0.5261523723602295, 0.15279772877693176, -0.013677434995770454, 0.5193164944648743, 0.18080180883407593, -0.010135919786989689]"
[],"[0.5206930637359619, 0.3174469470977783, 2.0867867078777635e-07, 0.569864809513092, 0.29972684383392334, -0.02678178809583187, 0.5940148830413818, 0.23371198773384094, -0.043214645236730576, 0.5982223153114319, 0.155830979347229, -0.05228475108742714, 0.5928365588188171, 0.09323267638683319, -0.05797421187162399, 0.537188708782196, 0.22454771399497986, -0.05984296277165413, 0.5568434596061707, 0.1177738755941391, -0.07287997007369995, 0.5792337656021118, 0.10882619768381119, -0.06994592398405075, 0.5883145928382874, 0.12394537031650543, -0.06462019681930542, 0.5061885118484497, 0.20661410689353943, -0.04895579069852829, 0.5440086722373962, 0.09861759096384048, -0.05964766442775726, 0.5668118596076965, 0.11692491173744202, -0.053195878863334656, 0.5682562589645386, 0.14777478575706482, -0.04726117476820946, 0.4886012673377991, 0.19278892874717712, -0.03735721856355667, 0.5302500128746033, 0.10266098380088806, -0.043443139642477036, 0.5506469011306763, 0.1250186562538147, -0.034296706318855286, 0.5501347184181213, 0.15438739955425262, -0.028253549709916115, 0.4795069694519043, 0.18207666277885437, -0.027330657467246056, 0.5169186592102051, 0.12006940692663193, -0.03223387897014618, 0.5351998805999756, 0.1351902037858963, -0.028554797172546387, 0.5358774065971375, 0.15928983688354492, -0.025311142206192017]"
[],"[0.5201403498649597, 0.32904982566833496, 1.2784174430180428e-07, 0.5699837803840637, 0.3150874972343445, -0.01745951548218727, 0.6024690866470337, 0.2512560486793518, -0.03037109412252903, 0.6146202087402344, 0.1740107387304306, -0.03853968158364296, 0.6144497990608215, 0.11029675602912903, -0.04402101784944534, 0.5556626319885254, 0.23428033292293549, -0.04737241566181183, 0.5801234245300293, 0.12892794609069824, -0.062220897525548935, 0.5965326428413391, 0.1353248804807663, -0.06273594498634338, 0.5971304774284363, 0.1608351171016693, -0.05890703573822975, 0.5235437750816345, 0.2173062264919281, -0.04182790219783783, 0.5600915551185608, 0.10827704519033432, -0.05183015763759613, 0.5785841941833496, 0.12477671355009079, -0.04755843058228493, 0.5771090388298035, 0.1543407440185547, -0.04357508569955826, 0.5013205409049988, 0.2028980702161789, -0.035540368407964706, 0.5414625406265259, 0.10966101288795471, -0.040489040315151215, 0.5580273270606995, 0.12859803438186646, -0.031357552856206894, 0.5552324652671814, 0.1553342044353485, -0.025508996099233627, 0.4868254065513611, 0.1904163509607315, -0.03024326078593731, 0.5236952304840088, 0.12482310831546783, -0.03328428417444229, 0.5388409495353699, 0.1398225724697113, -0.02759709022939205, 0.5366142988204956, 0.1624307632446289, -0.023215817287564278]"
[],"[0.5215759873390198, 0.3415971100330353, 3.645980584110475e-08, 0.5724128484725952, 0.3284340500831604, -0.015715409070253372, 0.6076549291610718, 0.2650604546070099, -0.028023209422826767, 0.6249090433120728, 0.1862359493970871, -0.03515142202377319, 0.626820981502533, 0.12007559835910797, -0.039467085152864456, 0.5688406229019165, 0.24189206957817078, -0.05121646821498871, 0.5946340560913086, 0.13329321146011353, -0.06517711281776428, 0.6045425534248352, 0.15971319377422333, -0.0643155425786972, 0.5983028411865234, 0.19667726755142212, -0.05926193669438362, 0.5352451801300049, 0.22401702404022217, -0.04572252184152603, 0.5699046850204468, 0.11538821458816528, -0.05323243886232376, 0.5836067795753479, 0.13842052221298218, -0.04765070974826813, 0.5786442160606384, 0.1719292253255844, -0.0436612032353878, 0.5096102952957153, 0.21105560660362244, -0.03881167620420456, 0.5443681478500366, 0.11558271944522858, -0.04131436347961426, 0.557793378829956, 0.13964414596557617, -0.030898964032530785, 0.5535657405853271, 0.170147106051445, -0.0251663476228714, 0.49130308628082275, 0.2023017257452011, -0.03257563337683678, 0.5242586135864258, 0.1368948072195053, -0.03389858826994896, 0.5349382758140564, 0.15509015321731567, -0.026566242799162865, 0.5307111144065857, 0.17817075550556183, -0.021511390805244446]"
[],"[0.5291438698768616, 0.33910202980041504, 3.836881390384406e-08, 0.5774204134941101, 0.3295532763004303, -0.015343165956437588, 0.6111767888069153, 0.2677288055419922, -0.028779661282896996, 0.6274320483207703, 0.19319380819797516, -0.03708536550402641, 0.6318187713623047, 0.1295011192560196, -0.042986392974853516, 0.5728930234909058, 0.24497920274734497, -0.05581942945718765, 0.5986848473548889, 0.1353696882724762, -0.06921599805355072, 0.6094749569892883, 0.1617738902568817, -0.0665011927485466, 0.6047618389129639, 0.20093439519405365, -0.060382239520549774, 0.5398589968681335, 0.22889725863933563, -0.05106951668858528, 0.577128529548645, 0.12091974169015884, -0.05902746692299843, 0.5902230143547058, 0.14739564061164856, -0.05172654986381531, 0.5836095809936523, 0.18133731186389923, -0.0466865636408329, 0.514875590801239, 0.21796832978725433, -0.044616010040044785, 0.5533129572868347, 0.12186598777770996, -0.04746691882610321, 0.5662351250648499, 0.14830173552036285, -0.03569662198424339, 0.560930609703064, 0.17860697209835052, -0.029089178889989853, 0.49704036116600037, 0.21220660209655762, -0.03862294554710388, 0.5305626392364502, 0.13742595911026, -0.039725251495838165, 0.5416014194488525, 0.15610206127166748, -0.03130115941166878, 0.5370898842811584, 0.1805431991815567, -0.025821981951594353]"
[],"[0.530819296836853, 0.3198932409286499, 9.37058928229817e-08, 0.5786442756652832, 0.31952300667762756, -0.013261067681014538, 0.6104954481124878, 0.26173555850982666, -0.026364833116531372, 0.6286526918411255, 0.18973353505134583, -0.03491531312465668, 0.6332380175590515, 0.13024547696113586, -0.04233851283788681, 0.5733557939529419, 0.248337060213089, -0.05698910355567932, 0.5948978066444397, 0.14692795276641846, -0.06712444126605988, 0.6087219715118408, 0.1568431407213211, -0.06076012924313545, 0.6076443791389465, 0.18796631693840027, -0.052707213908433914, 0.540107786655426, 0.23223942518234253, -0.05280045419931412, 0.5735209584236145, 0.1253020465373993, -0.05924651399254799, 0.5893276929855347, 0.14341752231121063, -0.04993867874145508, 0.5861809253692627, 0.17426207661628723, -0.04318752512335777, 0.5158853530883789, 0.22077304124832153, -0.046255841851234436, 0.5484762191772461, 0.12517684698104858, -0.047661542892456055, 0.564822793006897, 0.1452743411064148, -0.03666452318429947, 0.5618175864219666, 0.17475832998752594, -0.03070738911628723, 0.4990149736404419, 0.21394848823547363, -0.03982961177825928, 0.5267480611801147, 0.14209336042404175, -0.04107905924320221, 0.540961742401123, 0.1554708331823349, -0.034345660358667374, 0.5381346940994263, 0.1798505336046219, -0.029933331534266472]"
[],"[0.5335490703582764, 0.3281039595603943, 8.497860193301676e-08, 0.5799522399902344, 0.32186442613601685, -0.011885201558470726, 0.61049485206604, 0.2647205591201782, -0.024589547887444496, 0.6268126964569092, 0.19437389075756073, -0.03308230638504028, 0.6320385932922363, 0.1351274847984314, -0.04020658880472183, 0.5744103789329529, 0.25482168793678284, -0.05422094836831093, 0.5942419767379761, 0.14788442850112915, -0.06541850417852402, 0.6075847744941711, 0.15578700602054596, -0.06003385782241821, 0.6068840622901917, 0.1888502687215805, -0.052025213837623596, 0.5418474674224854, 0.24032965302467346, -0.050669703632593155, 0.5725045204162598, 0.12877382338047028, -0.05853744596242905, 0.588311493396759, 0.14540892839431763, -0.04989398643374443, 0.5864313840866089, 0.1768648773431778, -0.0429178811609745, 0.517756998538971, 0.2288200408220291, -0.04483836889266968, 0.5479518175125122, 0.12810921669006348, -0.04701591655611992, 0.5638152360916138, 0.14766578376293182, -0.035273078829050064, 0.5619378089904785, 0.17715948820114136, -0.02812887355685234, 0.5006763935089111, 0.22219187021255493, -0.03906085714697838, 0.52640700340271, 0.14568857848644257, -0.0395241342484951, 0.5399999618530273, 0.1585986316204071, -0.03129281476140022, 0.5380325317382812, 0.1832827925682068, -0.025489196181297302]"
[],"[0.5355700254440308, 0.3334578275680542, 7.058753936917128e-08, 0.5814167261123657, 0.32985547184944153, -0.01141092274338007, 0.6124500036239624, 0.2752548158168793, -0.022479347884655, 0.6293125748634338, 0.20484352111816406, -0.029762843623757362, 0.6338917016983032, 0.14622946083545685, -0.03600030019879341, 0.5781741738319397, 0.25109732151031494, -0.0468636080622673, 0.5979154706001282, 0.16052661836147308, -0.05560755357146263, 0.6093565821647644, 0.17049598693847656, -0.05047176405787468, 0.6088205575942993, 0.20126356184482574, -0.04354389011859894, 0.546259880065918, 0.2383403331041336, -0.04314195364713669, 0.575120210647583, 0.14276157319545746, -0.0489223338663578, 0.5891811847686768, 0.15829625725746155, -0.04198604077100754, 0.5883282423019409, 0.18763376772403717, -0.03677426651120186, 0.5223174095153809, 0.23059597611427307, -0.037446875125169754, 0.550655722618103, 0.1429377645254135, -0.03922165185213089, 0.5660930275917053, 0.15936289727687836, -0.030763724818825722, 0.5654420852661133, 0.1871269941329956, -0.025974277406930923, 0.5052359104156494, 0.22780661284923553, -0.03165105730295181, 0.5289965271949768, 0.15943557024002075, -0.03233901038765907, 0.5431500673294067, 0.16947118937969208, -0.026184238493442535, 0.543100893497467, 0.19253526628017426, -0.021856147795915604]"
[],"[0.5400658249855042, 0.35598641633987427, 1.5789380825026456e-07, 0.5831128358840942, 0.34870055317878723, -0.011211615055799484, 0.6132335662841797, 0.29591047763824463, -0.0250630434602499, 0.6306324601173401, 0.22777366638183594, -0.03514261171221733, 0.6344739198684692, 0.16904939711093903, -0.045087385922670364, 0.5804706811904907, 0.2768222987651825, -0.053551990538835526, 0.600085437297821, 0.18400757014751434, -0.06303540617227554, 0.6144150495529175, 0.17686742544174194, -0.05651332810521126, 0.6164421439170837, 0.19634370505809784, -0.04830218851566315, 0.5497997999191284, 0.26049119234085083, -0.050387945026159286, 0.5816057920455933, 0.15976732969284058, -0.05684999004006386, 0.5971584916114807, 0.16887310147285461, -0.046649180352687836, 0.5986527800559998, 0.1962912678718567, -0.038686156272888184, 0.5280590057373047, 0.24782469868659973, -0.04489387571811676, 0.5605349540710449, 0.15482383966445923, -0.04740156605839729, 0.5773156881332397, 0.16493546962738037, -0.03699568286538124, 0.5778325796127319, 0.19192616641521454, -0.030429672449827194, 0.5131250619888306, 0.2391953468322754, -0.03926100954413414, 0.5391467809677124, 0.16446170210838318, -0.04101317375898361, 0.5557910799980164, 0.16884228587150574, -0.034805987030267715, 0.5583624243736267, 0.1892678439617157, -0.03016091138124466]"
[],"[0.5522065162658691, 0.2079925537109375, -1.8943912039048882e-07, 0.5477759838104248, 0.2348296344280243, -0.0563555508852005, 0.5396450161933899, 0.19199499487876892, -0.08287771046161652, 0.5422439575195312, 0.12286875396966934, -0.09737420082092285, 0.5494549870491028, 0.0633346289396286, -0.10674197226762772, 0.505055844783783, 0.1181655004620552, -0.0779300108551979, 0.4962468147277832, 0.07629396766424179, -0.11025454103946686, 0.5135414004325867, 0.11233026534318924, -0.12164800614118576, 0.529060959815979, 0.13897383213043213, -0.12530407309532166, 0.5155289173126221, 0.07154757529497147, -0.057830553501844406, 0.5149140954017639, 0.013236528262495995, -0.08933017402887344, 0.5289586782455444, 0.07188849151134491, -0.09085339307785034, 0.5364357829093933, 0.1039389818906784, -0.08609684556722641, 0.5273160934448242, 0.04279892519116402, -0.04178493842482567, 0.5281800627708435, 0.0098443403840065, -0.07297541201114655, 0.5372022390365601, 0.06630972027778625, -0.06794006377458572, 0.5410726070404053, 0.08765161037445068, -0.05829973518848419, 0.5378984212875366, 0.02791520394384861, -0.02917400933802128, 0.5368404984474182, 0.006895747035741806, -0.049636561423540115, 0.542268693447113, 0.048379696905612946, -0.047130078077316284, 0.5449935793876648, 0.06614995002746582, -0.0412471778690815]"
[],"[0.5360625982284546, 0.3690270781517029, 1.747958009445938e-07, 0.5823636054992676, 0.3665982186794281, -0.0156773179769516, 0.6156206727027893, 0.30952951312065125, -0.029157206416130066, 0.6324530839920044, 0.23344720900058746, -0.03719455748796463, 0.633939266204834, 0.1728077232837677, -0.04379497468471527, 0.57157301902771, 0.2893550395965576, -0.05593223124742508, 0.5978378653526306, 0.18384678661823273, -0.06740739941596985, 0.6135300993919373, 0.18511803448200226, -0.06338753551244736, 0.6149105429649353, 0.20637284219264984, -0.05705578997731209, 0.5415042042732239, 0.2657589614391327, -0.05005824565887451, 0.582189679145813, 0.16523444652557373, -0.05618967115879059, 0.5994277596473694, 0.18080082535743713, -0.047035276889801025, 0.5986719727516174, 0.20611658692359924, -0.04103223234415054, 0.5208663940429688, 0.24850435554981232, -0.042363643646240234, 0.563714325428009, 0.16192826628684998, -0.04391198232769966, 0.5804704427719116, 0.17970377206802368, -0.03301592543721199, 0.5792528390884399, 0.20453470945358276, -0.027208101004362106, 0.5075557827949524, 0.2358120232820511, -0.03528919816017151, 0.5429012179374695, 0.17067620158195496, -0.03692662715911865, 0.5599270462989807, 0.1808110475540161, -0.031419720500707626, 0.5610034465789795, 0.19840551912784576, -0.028068820014595985]"
[],"[0.5348361134529114, 0.3703577518463135, 1.3536396181734744e-07, 0.5822207927703857, 0.35795503854751587, -0.01511945016682148, 0.6119023561477661, 0.29692694544792175, -0.026413429528474808, 0.6203466653823853, 0.22281059622764587, -0.03347500041127205, 0.6174945831298828, 0.16572356224060059, -0.03810814023017883, 0.5618321895599365, 0.2799367308616638, -0.04204990714788437, 0.5810585618019104, 0.17729224264621735, -0.05376129969954491, 0.5985251069068909, 0.18318112194538116, -0.05299635976552963, 0.6021366715431213, 0.21079283952713013, -0.048672161996364594, 0.5303173065185547, 0.2644698917865753, -0.03660820424556732, 0.5669246912002563, 0.16511023044586182, -0.04474256932735443, 0.5859552621841431, 0.18175214529037476, -0.040629543364048004, 0.5859162211418152, 0.21054337918758392, -0.036881718784570694, 0.5106457471847534, 0.25109392404556274, -0.030246255919337273, 0.5527228713035583, 0.16425761580467224, -0.03338244557380676, 0.5701091885566711, 0.18283329904079437, -0.02574450708925724, 0.5684859156608582, 0.20999974012374878, -0.021102534607052803, 0.4995683431625366, 0.23888270556926727, -0.024733901023864746, 0.5374886393547058, 0.17765174806118011, -0.026606734842061996, 0.5540310144424438, 0.1913326382637024, -0.02215990424156189, 0.5534677505493164, 0.21424365043640137, -0.018798384815454483]"
[],"[0.5508211255073547, 0.7314048409461975, -7.899892580098822e-07, 0.5328875780105591, 0.5957992076873779, -0.012842613272368908, 0.5584945678710938, 0.471016526222229, -0.020418699830770493, 0.6237841844558716, 0.4517521560192108, -0.03314705193042755, 0.6647233963012695, 0.5144219398498535, -0.04195242375135422, 0.6248455047607422, 0.4574984610080719, 0.011091716587543488, 0.6707153916358948, 0.38286828994750977, -0.021498428657650948, 0.6309176087379456, 0.4273969829082489, -0.04097634181380272, 0.6110061407089233, 0.46919333934783936, -0.05074853077530861, 0.6565372943878174, 0.5098381638526917, 0.001971230609342456, 0.714815616607666, 0.4253416061401367, -0.034918300807476044, 0.6625897884368896, 0.4767225384712219, -0.04363440349698067, 0.634619951248169, 0.5199930667877197, -0.03920520469546318, 0.6828578114509583, 0.5682443976402283, -0.013082139194011688, 0.726247251033783, 0.4917791783809662, -0.04757418856024742, 0.6675905585289001, 0.5411809682846069, -0.03720685467123985, 0.6387931108474731, 0.5855385661125183, -0.01966923102736473, 0.7030642628669739, 0.644048273563385, -0.03028210997581482, 0.7214439511299133, 0.5692070126533508, -0.04866117984056473, 0.6779835224151611, 0.5933235287666321, -0.03785694018006325, 0.6555293202400208, 0.6282517910003662, -0.024600589647889137]"
[],"[0.5615617036819458, 0.721528172492981, -6.980835678405128e-07, 0.5511009097099304, 0.5860629081726074, -0.013390148058533669, 0.5760749578475952, 0.4659406244754791, -0.023320624604821205, 0.6413994431495667, 0.4531015157699585, -0.039090536534786224, 0.688782811164856, 0.5103907585144043, -0.050863057374954224, 0.6257634162902832, 0.43905818462371826, 0.003114880295470357, 0.6697695255279541, 0.361569344997406, -0.03847528621554375, 0.631834089756012, 0.42261263728141785, -0.06079276651144028, 0.6127671003341675, 0.4559299349784851, -0.07060699909925461, 0.658007800579071, 0.4923451244831085, -0.010111506097018719, 0.7056305408477783, 0.4167618155479431, -0.04970841109752655, 0.6566309332847595, 0.4767575263977051, -0.05781155824661255, 0.6391164064407349, 0.5030719041824341, -0.053878821432590485, 0.6860312223434448, 0.5535340309143066, -0.030162805691361427, 0.7255113124847412, 0.49115681648254395, -0.0674942135810852, 0.6696866154670715, 0.5471971035003662, -0.05679243803024292, 0.6467415690422058, 0.5765346884727478, -0.03910347819328308, 0.7084900140762329, 0.6227410435676575, -0.052545465528964996, 0.7278608083724976, 0.56471186876297, -0.0677245557308197, 0.684187650680542, 0.59768146276474, -0.05174427852034569, 0.6640827059745789, 0.6271228790283203, -0.03542434051632881]"
[],"[0.6054157018661499, 0.6867016553878784, -2.085086805436731e-07, 0.5771525502204895, 0.5674200654029846, -0.029709575697779655, 0.596294105052948, 0.4615744948387146, -0.038528285920619965, 0.6621757745742798, 0.4538271129131317, -0.0478295236825943, 0.7104904651641846, 0.4865169823169708, -0.05215894430875778, 0.596239447593689, 0.4280160665512085, -0.005130738485604525, 0.6597424745559692, 0.363382488489151, -0.04417436197400093, 0.6515030860900879, 0.41156119108200073, -0.06639640033245087, 0.6307436227798462, 0.4473811089992523, -0.07454425096511841, 0.6350789070129395, 0.48051905632019043, -0.004420452285557985, 0.6997106075286865, 0.4305492341518402, -0.04598530754446983, 0.6738693714141846, 0.48682862520217896, -0.059553112834692, 0.6483353972434998, 0.5112077593803406, -0.057509806007146835, 0.668351948261261, 0.5330623388290405, -0.011473736725747585, 0.7215984463691711, 0.5023640990257263, -0.053603578358888626, 0.683064341545105, 0.554765522480011, -0.05550449341535568, 0.6540229320526123, 0.5715552568435669, -0.043792929500341415, 0.6949005722999573, 0.5869438052177429, -0.021109944209456444, 0.7251632809638977, 0.5703467130661011, -0.04566475376486778, 0.6942565441131592, 0.6012017726898193, -0.0426304005086422, 0.6688015460968018, 0.6135406494140625, -0.03322583809494972]"
[],"[0.604681670665741, 0.6562307476997375, -7.157356662901293e-08, 0.6206689476966858, 0.5834499597549438, -0.019324269145727158, 0.6380509734153748, 0.4837895631790161, -0.023323219269514084, 0.6649351119995117, 0.42449066042900085, -0.024788128212094307, 0.6835276484489441, 0.39511191844940186, -0.020158104598522186, 0.5821865200996399, 0.3983783721923828, -0.00040826969780027866, 0.6583155989646912, 0.36684465408325195, -0.016902510076761246, 0.66363924741745, 0.4184471070766449, -0.02619038335978985, 0.6415128707885742, 0.4420347809791565, -0.029811276122927666, 0.6000780463218689, 0.41575297713279724, 0.0029210804495960474, 0.6712484359741211, 0.3896608352661133, -0.012961011379957199, 0.6716660857200623, 0.443595826625824, -0.01775563322007656, 0.6517789959907532, 0.46187788248062134, -0.016822703182697296, 0.6263523697853088, 0.44683706760406494, 0.002351389266550541, 0.6872236728668213, 0.4424796402454376, -0.015380892902612686, 0.6827470660209656, 0.49785059690475464, -0.0127610107883811, 0.6647168397903442, 0.5123927593231201, -0.006200234871357679, 0.6522825360298157, 0.48617681860923767, 0.000239594912272878, 0.6957806944847107, 0.49136990308761597, -0.010482900775969028, 0.6919507384300232, 0.5345304012298584, -0.006097181234508753, 0.6809734106063843, 0.5487062335014343, 0.0004337045247666538]"
[],"[0.6040700078010559, 0.6567701101303101, -6.897566606767214e-08, 0.6220299601554871, 0.5857837200164795, -0.0183279849588871, 0.6384687423706055, 0.48406508564949036, -0.021757278591394424, 0.664685070514679, 0.42242443561553955, -0.02282732166349888, 0.6835782527923584, 0.3886365294456482, -0.01783069223165512, 0.5805182456970215, 0.3978043794631958, -0.0012757923686876893, 0.6567881107330322, 0.36744043231010437, -0.01860339380800724, 0.6640955805778503, 0.4202680289745331, -0.02809232845902443, 0.643604040145874, 0.4456537961959839, -0.031635962426662445, 0.5978283882141113, 0.414559006690979, 0.0015804744325578213, 0.6699965000152588, 0.38971075415611267, -0.015779469162225723, 0.6719011068344116, 0.4443763792514801, -0.0211081113666296, 0.6525217294692993, 0.4632728397846222, -0.020237432792782784, 0.6244450807571411, 0.4449428617954254, 0.0007091175066307187, 0.6860944628715515, 0.4427506923675537, -0.018033334985375404, 0.683533787727356, 0.4989047348499298, -0.015439248643815517, 0.6664806008338928, 0.5138218998908997, -0.008562644943594933, 0.6509012579917908, 0.48355013132095337, -0.0015797415981069207, 0.6955671906471252, 0.4894251227378845, -0.012783970683813095, 0.6928209066390991, 0.5319780111312866, -0.008528453297913074, 0.6819730997085571, 0.5458777546882629, -0.001885471399873495]"
[],"[0.5375282168388367, 0.2764982581138611, -1.4154240446373478e-08, 0.5706321001052856, 0.2601310610771179, -0.04838999733328819, 0.5813555717468262, 0.20112115144729614, -0.07297182083129883, 0.5827842950820923, 0.12585800886154175, -0.08663707971572876, 0.5800104141235352, 0.061117611825466156, -0.0938166081905365, 0.5142512321472168, 0.1451282799243927, -0.07103953510522842, 0.5612919926643372, 0.05397118628025055, -0.09476304054260254, 0.578479528427124, 0.10307058691978455, -0.10061050951480865, 0.5733884572982788, 0.14378903806209564, -0.10124927014112473, 0.4970809817314148, 0.12730064988136292, -0.05318925529718399, 0.5500527024269104, 0.036436568945646286, -0.07395577430725098, 0.5649694204330444, 0.08718357235193253, -0.07265564799308777, 0.5582380294799805, 0.12901413440704346, -0.06882255524396896, 0.49315786361694336, 0.11871853470802307, -0.03779897466301918, 0.5423550009727478, 0.051126010715961456, -0.05353901907801628, 0.5542874932289124, 0.09367101639509201, -0.04509230703115463, 0.548005223274231, 0.12529341876506805, -0.03751762956380844, 0.49520885944366455, 0.1177138090133667, -0.026054786518216133, 0.5340051651000977, 0.06666549295186996, -0.03593773767352104, 0.5466355085372925, 0.09851907193660736, -0.03153073787689209, 0.5430756211280823, 0.12472826987504959, -0.02700778841972351]"
[],"[0.5324663519859314, 0.6547672152519226, -1.789383787809129e-07, 0.6180289387702942, 0.6550796627998352, -0.02625671960413456, 0.6770157814025879, 0.5628300905227661, -0.030962150543928146, 0.6860113143920898, 0.47931110858917236, -0.028512228280305862, 0.6544035077095032, 0.454968124628067, -0.021634474396705627, 0.6065202951431274, 0.40973713994026184, -0.025515712797641754, 0.6835320591926575, 0.39938560128211975, -0.03356941044330597, 0.678870677947998, 0.4620168209075928, -0.04038670286536217, 0.6557776927947998, 0.48650750517845154, -0.04525141045451164, 0.5707046389579773, 0.3923283815383911, -0.01358678750693798, 0.6521585583686829, 0.38448402285575867, -0.020906973630189896, 0.6533275842666626, 0.43964335322380066, -0.024562396109104156, 0.6305098533630371, 0.4634600281715393, -0.026295291259884834, 0.5522850751876831, 0.3993527591228485, -0.002440141513943672, 0.6267608404159546, 0.3863382339477539, -0.006416194140911102, 0.6309447288513184, 0.43032583594322205, -0.005441509652882814, 0.6129598617553711, 0.45179635286331177, -0.0047504110261797905, 0.545456051826477, 0.4176662564277649, 0.006905399728566408, 0.6077857613563538, 0.39927437901496887, 0.007005793042480946, 0.6100878715515137, 0.43156754970550537, 0.011070436798036098, 0.5958603024482727, 0.4493728578090668, 0.013763315975666046]"
[],"[0.5679060220718384, 0.6905885934829712, -1.335575205985151e-07, 0.5754147171974182, 0.5920066833496094, -0.010790692642331123, 0.5869375467300415, 0.49292755126953125, -0.01721140742301941, 0.6213417053222656, 0.4470398724079132, -0.02523929253220558, 0.6482758522033691, 0.43814244866371155, -0.027367500588297844, 0.5341455936431885, 0.432148814201355, 0.004053665790706873, 0.6103050112724304, 0.37440410256385803, -0.01800849847495556, 0.6159042119979858, 0.4207994341850281, -0.032192230224609375, 0.5961277484893799, 0.45371079444885254, -0.038073256611824036, 0.5560587048530579, 0.45190510153770447, 0.0009339863318018615, 0.6294008493423462, 0.41167378425598145, -0.01488657109439373, 0.631047785282135, 0.45775169134140015, -0.02120223455131054, 0.6115708351135254, 0.47974157333374023, -0.022998206317424774, 0.5868083834648132, 0.48054176568984985, -0.006219898816198111, 0.649007260799408, 0.46300414204597473, -0.01876205764710903, 0.6457905769348145, 0.5061150193214417, -0.01645389199256897, 0.6262067556381226, 0.5231969356536865, -0.012600564397871494, 0.6182171106338501, 0.516373872756958, -0.015271680429577827, 0.661213755607605, 0.5151427388191223, -0.01884971372783184, 0.6568973660469055, 0.5494028329849243, -0.013173617422580719, 0.6418824791908264, 0.5655166506767273, -0.007919774390757084]"
[],"[0.5580501556396484, 0.7299191951751709, -4.446751233899704e-07, 0.5302965641021729, 0.6027407646179199, -0.020983533933758736, 0.5480906963348389, 0.49779966473579407, -0.031929995864629745, 0.6093928217887878, 0.4760391116142273, -0.04576052725315094, 0.6572055220603943, 0.5240163803100586, -0.05588754639029503, 0.5757492184638977, 0.47507327795028687, -0.0031918331515043974, 0.6100008487701416, 0.41668006777763367, -0.03944961354136467, 0.5889100432395935, 0.4613744616508484, -0.062182292342185974, 0.5724532604217529, 0.4859466850757599, -0.0739554837346077, 0.6106306314468384, 0.5202595591545105, -0.010360374115407467, 0.6522614359855652, 0.466738224029541, -0.047906484454870224, 0.6190417408943176, 0.5165191888809204, -0.061249785125255585, 0.5984805226325989, 0.5371567606925964, -0.06281973421573639, 0.6399147510528564, 0.5683653354644775, -0.02403654344379902, 0.6811276078224182, 0.5319330096244812, -0.059813596308231354, 0.6402372717857361, 0.5760818719863892, -0.06089062988758087, 0.6154332756996155, 0.5968372821807861, -0.05239369720220566, 0.6634772419929504, 0.6218579411506653, -0.040429770946502686, 0.6924629807472229, 0.5893428325653076, -0.056803345680236816, 0.6594136953353882, 0.6173434257507324, -0.05130159854888916, 0.6351243257522583, 0.6391431093215942, -0.04353965446352959]"
"[0.5464209318161011, 0.7949544191360474, -3.169339493069856e-07, 0.5310598015785217, 0.6500528454780579, -0.002756707603111863, 0.5462011694908142, 0.5527064204216003, -0.0012224923120811582, 0.5810959339141846, 0.5129389762878418, -0.00541414599865675, 0.6118998527526855, 0.5123136639595032, -0.0072563039138913155, 0.6058441996574402, 0.5463360548019409, 0.024812428280711174, 0.6391633152961731, 0.48661720752716064, -0.001586484839208424, 0.6084375977516174, 0.51859050989151, -0.019508590921759605, 0.5864976644515991, 0.5512068271636963, -0.025947686284780502, 0.6265846490859985, 0.5870940685272217, 0.01488057617098093, 0.6721062064170837, 0.5232939124107361, -0.016294537112116814, 0.6303297281265259, 0.5570181012153625, -0.028043784201145172, 0.5986745953559875, 0.5935901403427124, -0.0238404031842947, 0.6413371562957764, 0.6331217288970947, -3.221471342840232e-05, 0.6713035106658936, 0.5736050605773926, -0.02566179819405079, 0.6325932741165161, 0.6052995920181274, -0.022727591916918755, 0.6067904233932495, 0.631560742855072, -0.009839928708970547, 0.6482259035110474, 0.6891628503799438, -0.015754451975226402, 0.6618590950965881, 0.6384825110435486, -0.0268230177462101, 0.6323111653327942, 0.6528366804122925, -0.017514484003186226, 0.6138340830802917, 0.6701776385307312, -0.0041640340350568295]","[0.5507988929748535, 0.6199224591255188, -2.2513671638080268e-07, 0.5393086075782776, 0.5664305686950684, -0.03240090608596802, 0.5557428002357483, 0.5109913349151611, -0.04972543939948082, 0.5935630202293396, 0.5020872950553894, -0.0640568882226944, 0.629738450050354, 0.5352398753166199, -0.07475671917200089, 0.6089527010917664, 0.49794405698776245, -0.023035366088151932, 0.6325660347938538, 0.47776859998703003, -0.05469748377799988, 0.6073713302612305, 0.5164511203765869, -0.07200407981872559, 0.593183696269989, 0.5451773405075073, -0.07893561571836472, 0.6382713317871094, 0.5321900844573975, -0.01859353668987751, 0.6703646183013916, 0.5183411836624146, -0.05096561461687088, 0.630806565284729, 0.5595633387565613, -0.05910535156726837, 0.6107457876205444, 0.584977924823761, -0.055319786071777344, 0.6562950611114502, 0.5694919228553772, -0.01933012716472149, 0.6820966005325317, 0.5622320771217346, -0.057275932282209396, 0.6396170854568481, 0.5982570648193359, -0.053867511451244354, 0.6186532378196716, 0.6223121285438538, -0.03965854272246361, 0.6652026772499084, 0.6110845804214478, -0.021790288388729095, 0.6797524094581604, 0.6033782958984375, -0.049283623695373535, 0.6491847038269043, 0.6282062530517578, -0.044704023748636246, 0.6329216957092285, 0.6485742330551147, -0.0326700396835804]"
[],"[0.5396730303764343, 0.7098793983459473, -5.338001187737973e-07, 0.5139517784118652, 0.5806117653846741, -0.012961937114596367, 0.5304603576660156, 0.46700114011764526, -0.020813895389437675, 0.5845754146575928, 0.44811055064201355, -0.03387506678700447, 0.6253451108932495, 0.5000612139701843, -0.04432196915149689, 0.5858708024024963, 0.44963911175727844, 0.0035110118333250284, 0.6235538125038147, 0.38387444615364075, -0.03060433268547058, 0.5931280255317688, 0.4374730587005615, -0.05161111801862717, 0.5747055411338806, 0.4756578207015991, -0.06120866537094116, 0.6189796328544617, 0.49365466833114624, -0.006464442238211632, 0.658765971660614, 0.4222318232059479, -0.041990090161561966, 0.616889476776123, 0.47882264852523804, -0.0538710281252861, 0.5961548089981079, 0.5200344920158386, -0.05207671970129013, 0.6445754170417786, 0.5440784096717834, -0.02205798774957657, 0.6828416585922241, 0.4843388497829437, -0.05282798036932945, 0.6343863606452942, 0.5353238582611084, -0.05052924528717995, 0.607170820236206, 0.5774277448654175, -0.038418181240558624, 0.6623101234436035, 0.6024715304374695, -0.03973967209458351, 0.6831856369972229, 0.5492178201675415, -0.05152220278978348, 0.6479636430740356, 0.574105978012085, -0.04269759729504585, 0.6263571381568909, 0.6053578853607178, -0.03156573697924614]"
[],"[0.5338581204414368, 0.29298892617225647, -1.3668487675033703e-08, 0.5777591466903687, 0.28502294421195984, -0.03854692727327347, 0.5988656282424927, 0.22406387329101562, -0.05953873321413994, 0.6062026023864746, 0.14702799916267395, -0.07184924930334091, 0.6015529036521912, 0.0814257264137268, -0.07810188084840775, 0.5313945412635803, 0.17455461621284485, -0.06364766508340836, 0.5805072784423828, 0.07702717185020447, -0.08667248487472534, 0.5923358798027039, 0.12704704701900482, -0.09129366278648376, 0.5844587087631226, 0.1660086214542389, -0.09037958085536957, 0.5105149745941162, 0.15212637186050415, -0.05019795149564743, 0.567266583442688, 0.05486967787146568, -0.07036510109901428, 0.5768523812294006, 0.10338610410690308, -0.06881637126207352, 0.5660631656646729, 0.1407335251569748, -0.06480304896831512, 0.5027421116828918, 0.13713249564170837, -0.0383748821914196, 0.55461585521698, 0.06166266277432442, -0.0512365959584713, 0.5619938969612122, 0.10218413919210434, -0.04211568087339401, 0.5516729354858398, 0.12943661212921143, -0.034846942871809006, 0.5020594596862793, 0.12883323431015015, -0.02953564189374447, 0.5455533862113953, 0.07336623966693878, -0.036145370453596115, 0.5517899394035339, 0.10773400962352753, -0.0307987742125988, 0.5418485403060913, 0.13443470001220703, -0.026679569855332375]"
[],"[0.5404982566833496, 0.7072411179542542, -5.888053351554845e-07, 0.5265125632286072, 0.5819032192230225, -0.013890889473259449, 0.5520989894866943, 0.47339698672294617, -0.020940661430358887, 0.6135275959968567, 0.46492433547973633, -0.03236992657184601, 0.6529580354690552, 0.5260627269744873, -0.0398080013692379, 0.5884648561477661, 0.44928592443466187, 0.004807552322745323, 0.6322183012962341, 0.3865903615951538, -0.02947155013680458, 0.5993914604187012, 0.43684545159339905, -0.048222582787275314, 0.5812584161758423, 0.46533671021461487, -0.056380171328783035, 0.6189680099487305, 0.49794521927833557, -0.0043916236609220505, 0.6662034392356873, 0.4374287724494934, -0.038046352565288544, 0.6257309317588806, 0.48878276348114014, -0.04581276327371597, 0.6090376973152161, 0.5149128437042236, -0.042514536529779434, 0.6453165411949158, 0.5533281564712524, -0.019652608782052994, 0.6872296929359436, 0.5037480592727661, -0.051676299422979355, 0.6401958465576172, 0.5508624315261841, -0.04343445599079132, 0.617298424243927, 0.5787590742111206, -0.028155449777841568, 0.6657116413116455, 0.6158924102783203, -0.03710142895579338, 0.6894587278366089, 0.5693851709365845, -0.050232648849487305, 0.6546810269355774, 0.5953621864318848, -0.03743843361735344, 0.6363176703453064, 0.6215763092041016, -0.02371947467327118]"
[],"[0.5541711449623108, 0.7073014974594116, -1.4539855897055531e-07, 0.5733393430709839, 0.6060682535171509, -0.006409481167793274, 0.5890540480613708, 0.5102788209915161, -0.01059084851294756, 0.6237467527389526, 0.4741309881210327, -0.018849708139896393, 0.6545233130455017, 0.4678049683570862, -0.022253956645727158, 0.5400131344795227, 0.44249725341796875, 0.00798561330884695, 0.6120803952217102, 0.39671000838279724, -0.013550672680139542, 0.6269220113754272, 0.4406992793083191, -0.025444870814681053, 0.6163646578788757, 0.4768182039260864, -0.028938498347997665, 0.5575056672096252, 0.46555179357528687, 0.0027364606503397226, 0.6341449022293091, 0.4426940679550171, -0.018556775525212288, 0.638038694858551, 0.49807974696159363, -0.025430141016840935, 0.6220060586929321, 0.5322697162628174, -0.024082371965050697, 0.5822521448135376, 0.49595460295677185, -0.006315191742032766, 0.6493500471115112, 0.49453338980674744, -0.02798861637711525, 0.6469681262969971, 0.5524119138717651, -0.028453310951590538, 0.6323681473731995, 0.5864242315292358, -0.02130250446498394, 0.6071978211402893, 0.5338928699493408, -0.016348611563444138, 0.6557689905166626, 0.5464884042739868, -0.025971103459596634, 0.6592053174972534, 0.5821788311004639, -0.02217426709830761, 0.653914213180542, 0.6044476628303528, -0.014876087196171284]"
[],"[0.5539473295211792, 0.6734771728515625, -3.313104812718848e-08, 0.585728108882904, 0.601170003414154, -0.0035139485262334347, 0.6069599986076355, 0.5111919641494751, -0.004663035739213228, 0.6316534280776978, 0.4657047390937805, -0.007579318713396788, 0.6442723870277405, 0.45561110973358154, -0.00648103654384613, 0.554132342338562, 0.430388867855072, 0.006220897193998098, 0.6191579103469849, 0.39680907130241394, -0.007965657860040665, 0.6320082545280457, 0.44001585245132446, -0.019649891182780266, 0.6187481880187988, 0.47360509634017944, -0.025018665939569473, 0.5620031952857971, 0.4418945610523224, 0.0032451243605464697, 0.6245971918106079, 0.4151306748390198, -0.007051652297377586, 0.6365448832511902, 0.4586876630783081, -0.014541340991854668, 0.6251440048217773, 0.4881194829940796, -0.017962388694286346, 0.5791695713996887, 0.46641162037849426, -0.001620011287741363, 0.6343532800674438, 0.44414541125297546, -0.009905833750963211, 0.6452118158340454, 0.48574087023735046, -0.009220348671078682, 0.6356633901596069, 0.513247013092041, -0.006899676751345396, 0.5987854599952698, 0.49863678216934204, -0.00715232640504837, 0.6420845985412598, 0.48057857155799866, -0.01017358060926199, 0.6482986807823181, 0.5125849843025208, -0.005086091347038746, 0.6402386426925659, 0.538585364818573, 0.00020582557772286236]"
[],"[0.5541408061981201, 0.6751655340194702, -2.39406610091919e-08, 0.5865992903709412, 0.6008352637290955, -0.0032257908023893833, 0.6077797412872314, 0.5119933485984802, -0.003844073275104165, 0.632473886013031, 0.4691852927207947, -0.006698390934616327, 0.6423449516296387, 0.4626494348049164, -0.005657045636326075, 0.5543529391288757, 0.4316709637641907, 0.009222126565873623, 0.6188519597053528, 0.39714452624320984, -0.005129612050950527, 0.6333779096603394, 0.4391818344593048, -0.017344404011964798, 0.6208757162094116, 0.473858505487442, -0.022856762632727623, 0.5625834465026855, 0.44521617889404297, 0.005792928859591484, 0.6236107349395752, 0.41680002212524414, -0.004536655731499195, 0.6372829675674438, 0.4595229923725128, -0.012746480293571949, 0.626571774482727, 0.48904234170913696, -0.01651087775826454, 0.5800292491912842, 0.47183483839035034, 0.0001657775865169242, 0.6339118480682373, 0.4461495280265808, -0.008859600871801376, 0.6461518406867981, 0.48696258664131165, -0.009344802238047123, 0.6367758512496948, 0.5140294432640076, -0.007475476246327162, 0.5995346903800964, 0.5057496428489685, -0.006100865080952644, 0.6426783204078674, 0.48384103178977966, -0.009862573817372322, 0.6498163938522339, 0.5150757431983948, -0.005163300316780806, 0.6414394974708557, 0.54133540391922, 7.004457438597456e-05]"
[],"[0.5116033554077148, 0.6995988488197327, -7.786236011497749e-08, 0.6028407216072083, 0.7141671776771545, -0.016342539340257645, 0.663446307182312, 0.6532140374183655, -0.022056598216295242, 0.6676972508430481, 0.5706668496131897, -0.023304486647248268, 0.6434709429740906, 0.527885377407074, -0.02252916805446148, 0.6377316117286682, 0.48675811290740967, -0.022067923098802567, 0.694698691368103, 0.4745623469352722, -0.02651822566986084, 0.6898360252380371, 0.5246628522872925, -0.03143850341439247, 0.6714635491371155, 0.5546757578849792, -0.03527522459626198, 0.5891609787940979, 0.45549535751342773, -0.01678340509533882, 0.6535220146179199, 0.4598449766635895, -0.014081004075706005, 0.6560187935829163, 0.5051352381706238, -0.01601131446659565, 0.639147937297821, 0.5302145481109619, -0.02056521736085415, 0.5493291616439819, 0.4586752951145172, -0.011150996200740337, 0.6072332262992859, 0.4588286876678467, -0.009144456125795841, 0.6116238236427307, 0.5013085007667542, -0.007896585389971733, 0.5969616174697876, 0.5293273329734802, -0.009837414138019085, 0.5183839201927185, 0.4762583076953888, -0.006335163023322821, 0.5688249468803406, 0.47306445240974426, -0.0042963488958776, 0.5757578015327454, 0.5077654123306274, 0.0017936044605448842, 0.5668142437934875, 0.533252477645874, 0.005616920068860054]"
[],"[0.5097871422767639, 0.7190940380096436, -8.310032484359908e-08, 0.6022199392318726, 0.7343263626098633, -0.010075807571411133, 0.6599490642547607, 0.6717449426651001, -0.010849648155272007, 0.6675884127616882, 0.5893533825874329, -0.007668264210224152, 0.6485448479652405, 0.5465719699859619, -0.0021013470832258463, 0.6363805532455444, 0.5058860182762146, -0.013571331277489662, 0.6933953166007996, 0.5025078654289246, -0.00972154550254345, 0.6861947178840637, 0.5547699928283691, -0.0094249676913023, 0.667107343673706, 0.5844353437423706, -0.010445626452565193, 0.5888035297393799, 0.4729280471801758, -0.0076395561918616295, 0.6540295481681824, 0.48171234130859375, 0.003645871067419648, 0.6545571684837341, 0.5291153788566589, 0.006314828991889954, 0.6354724168777466, 0.5548349618911743, 0.0037684564013034105, 0.5503309369087219, 0.47701939940452576, -0.00041615209192968905, 0.6086232662200928, 0.47746074199676514, 0.009360448457300663, 0.6119588017463684, 0.5206772089004517, 0.013318439945578575, 0.5947493314743042, 0.5495966672897339, 0.011908191256225109, 0.5204287767410278, 0.4964659512042999, 0.006490121129900217, 0.5710388422012329, 0.4913461208343506, 0.014790329150855541, 0.5769305229187012, 0.5258456468582153, 0.022842204198241234, 0.5665335059165955, 0.5525578260421753, 0.027023417875170708]"
[],"[0.500540554523468, 0.7436079382896423, -1.9325361222399806e-07, 0.5989685654640198, 0.7521772980690002, -0.01745268888771534, 0.6585467457771301, 0.6659350395202637, -0.017849907279014587, 0.6583602428436279, 0.5818202495574951, -0.013286744244396687, 0.633567214012146, 0.5519557595252991, -0.006410499569028616, 0.6222413778305054, 0.5025821924209595, -0.014997533522546291, 0.6876840591430664, 0.5088368654251099, -0.01732775941491127, 0.6806830763816833, 0.5668162703514099, -0.023343583568930626, 0.6585569977760315, 0.5939176082611084, -0.02932923659682274, 0.5737442374229431, 0.4837976396083832, -0.007980515249073505, 0.6442145705223083, 0.49642616510391235, -0.005433632992208004, 0.6439593434333801, 0.5476015210151672, -0.008321973495185375, 0.6221393942832947, 0.5728854537010193, -0.013038426637649536, 0.5377963185310364, 0.5006657242774963, -0.0012352861231192946, 0.600821852684021, 0.499056339263916, -0.00022578837524633855, 0.6057520508766174, 0.5441288948059082, -0.0002290298871230334, 0.5901694893836975, 0.5709545612335205, -0.002069227397441864, 0.5118347406387329, 0.5306808352470398, 0.004573431797325611, 0.5675415396690369, 0.5217912197113037, 0.006039457395672798, 0.5769537687301636, 0.5560292601585388, 0.010699047707021236, 0.5700340867042542, 0.5803362131118774, 0.013370862230658531]"
[],"[0.4998140335083008, 0.7417082190513611, -1.916118606004602e-07, 0.5979582667350769, 0.7515519857406616, -0.016207311302423477, 0.658013105392456, 0.6685478687286377, -0.01646036095917225, 0.659402072429657, 0.5863927602767944, -0.012155907228589058, 0.6344170570373535, 0.5562070608139038, -0.00556695694103837, 0.6232494115829468, 0.5049877762794495, -0.013617442920804024, 0.6867735385894775, 0.5080309510231018, -0.016093194484710693, 0.6802098155021667, 0.564673900604248, -0.022361332550644875, 0.6588738560676575, 0.5930628776550293, -0.028299275785684586, 0.5753605365753174, 0.48554766178131104, -0.0073809754103422165, 0.6444529891014099, 0.49516937136650085, -0.004981566220521927, 0.6448255777359009, 0.5454035997390747, -0.00801882054656744, 0.623607873916626, 0.5712689161300659, -0.012743481434881687, 0.5395370721817017, 0.502120316028595, -0.0013627309817820787, 0.6015192866325378, 0.4982357621192932, -0.000514113693498075, 0.6068049669265747, 0.5426746606826782, -0.0004220283299218863, 0.5915377140045166, 0.570094645023346, -0.00210157735273242, 0.5138602256774902, 0.5317803621292114, 0.0037789284251630306, 0.5689049959182739, 0.5227522253990173, 0.005292064510285854, 0.5781744122505188, 0.5569490790367126, 0.01027902215719223, 0.57084721326828, 0.5820930004119873, 0.013238877058029175]"
"[0.538317084312439, 0.7378824949264526, -2.315677107844749e-07, 0.5470654964447021, 0.6548007130622864, 0.0047344034537673, 0.5709695219993591, 0.5605886578559875, 0.004266328178346157, 0.6053397059440613, 0.5187593698501587, 0.0005780397332273424, 0.6311532855033875, 0.5086532831192017, -3.138182728434913e-05, 0.5454462170600891, 0.48988309502601624, 0.00903333816677332, 0.6121587157249451, 0.4628930687904358, -0.004707598127424717, 0.6212146282196045, 0.5041919350624084, -0.015355433337390423, 0.6055896878242493, 0.5332545042037964, -0.021146880462765694, 0.5636056065559387, 0.5058057904243469, -0.001715029706247151, 0.627613365650177, 0.48359936475753784, -0.011956500820815563, 0.6308789849281311, 0.5243263840675354, -0.01823403872549534, 0.6146776676177979, 0.5500391721725464, -0.020982978865504265, 0.5878114700317383, 0.5359405279159546, -0.013574427925050259, 0.6428488492965698, 0.5207862257957458, -0.02054797112941742, 0.642358124256134, 0.5601853132247925, -0.016439838334918022, 0.6281601190567017, 0.5797690153121948, -0.01283880416303873, 0.6127862334251404, 0.577688992023468, -0.025790203362703323, 0.6543347835540771, 0.5664441585540771, -0.025974927470088005, 0.6509886980056763, 0.6017988920211792, -0.016841204836964607, 0.6410596370697021, 0.621563196182251, -0.009717666544020176]",[]
[],"[0.5340737700462341, 0.3017633557319641, 1.2685845263149531e-08, 0.5816415548324585, 0.30814701318740845, -0.039343733340501785, 0.6095413565635681, 0.24850597977638245, -0.06003992259502411, 0.6210446357727051, 0.16749131679534912, -0.07109305262565613, 0.6223678588867188, 0.0986555814743042, -0.0756719782948494, 0.5442754030227661, 0.2071423977613449, -0.06920813769102097, 0.5905582308769226, 0.10821449011564255, -0.09143804013729095, 0.6045358180999756, 0.14875027537345886, -0.09273265302181244, 0.5991421937942505, 0.18653079867362976, -0.08915118128061295, 0.5210893750190735, 0.1752396523952484, -0.05418065935373306, 0.5828046798706055, 0.08007583767175674, -0.07575377076864243, 0.5923718214035034, 0.12530747056007385, -0.07259117066860199, 0.5798354744911194, 0.16199590265750885, -0.06689324975013733, 0.5118204951286316, 0.1504334807395935, -0.04039641097187996, 0.57213294506073, 0.07542246580123901, -0.054595571011304855, 0.579429566860199, 0.11570119112730026, -0.04548003152012825, 0.5673359036445618, 0.14358896017074585, -0.03760279715061188, 0.5096105337142944, 0.13467225432395935, -0.02947378158569336, 0.5620884895324707, 0.0829537957906723, -0.038290489464998245, 0.5680686235427856, 0.11735541373491287, -0.03513497859239578, 0.5564720034599304, 0.14336243271827698, -0.03209378942847252]"
[],"[0.5467112064361572, 0.7504967451095581, -1.2487942058214685e-07, 0.5313853621482849, 0.6352197527885437, -0.01773690991103649, 0.550778865814209, 0.5360609889030457, -0.021092182025313377, 0.6030272245407104, 0.5234720706939697, -0.02595667541027069, 0.6405408382415771, 0.5511764883995056, -0.027138879522681236, 0.5489848852157593, 0.5078469514846802, 0.009617739357054234, 0.5991758108139038, 0.4462398886680603, -0.013183117844164371, 0.6004096269607544, 0.4841994345188141, -0.028728019446134567, 0.585891842842102, 0.5179797410964966, -0.03400252014398575, 0.5847031474113464, 0.5500744581222534, 0.009608384221792221, 0.6363995671272278, 0.4985337257385254, -0.012073492631316185, 0.6290863752365112, 0.541406512260437, -0.024260275065898895, 0.6096948981285095, 0.572168231010437, -0.024827783927321434, 0.6142690181732178, 0.5977734923362732, 0.00433190306648612, 0.6576642990112305, 0.5691272020339966, -0.016637619584798813, 0.6403248906135559, 0.6058102250099182, -0.02044125273823738, 0.6178197860717773, 0.6262860298156738, -0.01486511155962944, 0.6342027187347412, 0.6488082408905029, -0.0027720462530851364, 0.6634079813957214, 0.6350139379501343, -0.011201657354831696, 0.6470678448677063, 0.6566284894943237, -0.0066759102046489716, 0.6265913844108582, 0.6708564758300781, 0.000861353415530175]"
[],"[0.5519931316375732, 0.7340877056121826, -3.0696415365127905e-07, 0.5188019275665283, 0.6414350271224976, -0.026185009628534317, 0.5238551497459412, 0.5487365126609802, -0.042352136224508286, 0.5726736783981323, 0.5279873013496399, -0.059090692549943924, 0.6179270148277283, 0.5617303252220154, -0.07328718900680542, 0.5538886785507202, 0.5207542777061462, -0.024106929078698158, 0.5972127318382263, 0.45326489210128784, -0.05914859473705292, 0.5867006182670593, 0.495823472738266, -0.07961296290159225, 0.5675787329673767, 0.5386409759521484, -0.08888135850429535, 0.594778835773468, 0.5554822087287903, -0.027046136558055878, 0.6376879811286926, 0.502938985824585, -0.06191148981451988, 0.613623321056366, 0.554263710975647, -0.07380493730306625, 0.5882996320724487, 0.5907430052757263, -0.07447900623083115, 0.626053512096405, 0.5990316271781921, -0.03510914742946625, 0.6623280048370361, 0.5592356324195862, -0.06946451216936111, 0.6313439607620239, 0.6115726232528687, -0.07398423552513123, 0.6023112535476685, 0.6483867764472961, -0.06769394874572754, 0.6448450088500977, 0.6476366519927979, -0.04507060721516609, 0.6643314957618713, 0.6297522187232971, -0.06582030653953552, 0.6405767798423767, 0.6628612279891968, -0.06471621990203857, 0.616727888584137, 0.6869065761566162, -0.05872896686196327]"
[],"[0.5325379371643066, 0.7786566019058228, -4.77043784030684e-07, 0.4911853075027466, 0.6531888842582703, -0.021467214450240135, 0.4975771903991699, 0.535115122795105, -0.03152738884091377, 0.5540627241134644, 0.5029860138893127, -0.04395771399140358, 0.6014063954353333, 0.5421851277351379, -0.053709644824266434, 0.5644209384918213, 0.508965253829956, -0.00765864597633481, 0.60102379322052, 0.4455614984035492, -0.039393845945596695, 0.5779709815979004, 0.5052101612091064, -0.05955059453845024, 0.5616293549537659, 0.5429296493530273, -0.06990211457014084, 0.6041947603225708, 0.5525937080383301, -0.013448343612253666, 0.6458057165145874, 0.4871538281440735, -0.05082578957080841, 0.6067330241203308, 0.5492069125175476, -0.062384482473134995, 0.579473614692688, 0.5962588787078857, -0.05972905084490776, 0.6308435201644897, 0.6021296977996826, -0.02491725981235504, 0.6643322110176086, 0.547887921333313, -0.055023565888404846, 0.6215128302574158, 0.5979653596878052, -0.053741682320833206, 0.5916904211044312, 0.6346775889396667, -0.043220411986112595, 0.6470785140991211, 0.6613337993621826, -0.03912537917494774, 0.6662062406539917, 0.6210311055183411, -0.05150693282485008, 0.6342665553092957, 0.6464873552322388, -0.04462078586220741, 0.6113213300704956, 0.6666581630706787, -0.03528571128845215]"
[],"[0.5319573879241943, 0.7787610292434692, -4.861686306867341e-07, 0.4868500530719757, 0.6495832800865173, -0.022599663585424423, 0.4952268600463867, 0.5352901220321655, -0.032036859542131424, 0.5512585043907166, 0.5048689246177673, -0.04372856765985489, 0.5964075922966003, 0.5375421643257141, -0.05301140248775482, 0.564864993095398, 0.5120511054992676, -0.005658925976604223, 0.6016048192977905, 0.4489348828792572, -0.03764362260699272, 0.5776568055152893, 0.5115411877632141, -0.05785105749964714, 0.5616390109062195, 0.5497250556945801, -0.06767760217189789, 0.606103777885437, 0.5549066066741943, -0.010379066690802574, 0.6485778093338013, 0.48743289709091187, -0.050132572650909424, 0.6060363054275513, 0.5519214272499084, -0.06344962865114212, 0.5779606103897095, 0.5998107194900513, -0.06051942706108093, 0.6324961185455322, 0.6021929979324341, -0.021030057221651077, 0.6649457812309265, 0.5491799116134644, -0.05461394041776657, 0.6180956959724426, 0.6013002991676331, -0.0563068725168705, 0.5884706974029541, 0.6363530158996582, -0.04601359739899635, 0.6472178101539612, 0.6581187844276428, -0.03409537672996521, 0.6642740368843079, 0.6192947030067444, -0.0483894906938076, 0.6291958093643188, 0.6447291970252991, -0.043012212961912155, 0.6060292720794678, 0.6618785858154297, -0.0338381864130497]"
[],"[0.5157979130744934, 0.722557783126831, -4.2326652760493744e-07, 0.47787612676620483, 0.6214709877967834, -0.01559105608612299, 0.48002889752388, 0.5125649571418762, -0.02416793443262577, 0.5284383296966553, 0.4734940826892853, -0.036270808428525925, 0.5741330981254578, 0.5149896144866943, -0.046111322939395905, 0.5490147471427917, 0.46362048387527466, -0.0007289067725650966, 0.5800395011901855, 0.39795392751693726, -0.029864821583032608, 0.5579834580421448, 0.45092564821243286, -0.047921113669872284, 0.5427709817886353, 0.4921165704727173, -0.055980052798986435, 0.584162712097168, 0.5010586977005005, -0.00858364813029766, 0.6190533638000488, 0.4272545278072357, -0.040021881461143494, 0.5864716172218323, 0.48531657457351685, -0.04952487349510193, 0.5637385249137878, 0.533065676689148, -0.04580102860927582, 0.611230731010437, 0.5484163761138916, -0.02145824022591114, 0.635918915271759, 0.4889886677265167, -0.05016491189599037, 0.5969076752662659, 0.5462834239006042, -0.04723347723484039, 0.5714106559753418, 0.5936940908432007, -0.03456554934382439, 0.631976842880249, 0.6091297268867493, -0.03624838963150978, 0.643619179725647, 0.5553680062294006, -0.0509057380259037, 0.6132919192314148, 0.5828222036361694, -0.043356552720069885, 0.5918511748313904, 0.6176034808158875, -0.03187350556254387]"
[],"[0.5456860065460205, 0.6660147309303284, -3.6485877785708e-07, 0.5179780721664429, 0.5941461324691772, -0.015762489289045334, 0.5130061507225037, 0.5055456757545471, -0.023173777386546135, 0.5430788397789001, 0.46606600284576416, -0.03190713748335838, 0.5804791450500488, 0.49630576372146606, -0.03756675496697426, 0.5659330487251282, 0.45001164078712463, -0.0032441713847219944, 0.5797430872917175, 0.3895742893218994, -0.030592817813158035, 0.558199405670166, 0.43943995237350464, -0.045020390301942825, 0.5483721494674683, 0.4724472761154175, -0.0507664754986763, 0.5972297787666321, 0.4820280075073242, -0.00968541856855154, 0.6184892654418945, 0.41726312041282654, -0.03944804146885872, 0.5846368074417114, 0.4743860065937042, -0.0447140596807003, 0.5691741108894348, 0.5086667537689209, -0.03851432353258133, 0.620802104473114, 0.5280569791793823, -0.020952677354216576, 0.6398037672042847, 0.4765447676181793, -0.05088743939995766, 0.5972400903701782, 0.5343295335769653, -0.04356219246983528, 0.57691490650177, 0.5700315833091736, -0.027946995571255684, 0.6397820711135864, 0.5884717106819153, -0.03385768458247185, 0.6464096903800964, 0.5473311543464661, -0.05279695242643356, 0.6114549040794373, 0.5798182487487793, -0.04458305239677429, 0.592179000377655, 0.6068122386932373, -0.03166521340608597]"
[],"[0.5066954493522644, 0.7021608352661133, -5.42807924830413e-07, 0.4855590760707855, 0.5784568786621094, -0.012258505448698997, 0.5006310343742371, 0.4721972644329071, -0.01791350543498993, 0.5585983395576477, 0.4526597261428833, -0.029200086370110512, 0.6003350019454956, 0.4999637305736542, -0.03762999176979065, 0.5508013963699341, 0.45679211616516113, 0.013368611223995686, 0.5835586786270142, 0.38206636905670166, -0.020824454724788666, 0.556341826915741, 0.4318399131298065, -0.04259065166115761, 0.5407532453536987, 0.4711862802505493, -0.05235246568918228, 0.5825991630554199, 0.49857568740844727, 0.003797885263338685, 0.6213638186454773, 0.4226013720035553, -0.03231680765748024, 0.5839471220970154, 0.4800991714000702, -0.04436706751585007, 0.5655900239944458, 0.5230267643928528, -0.042200058698654175, 0.6105970740318298, 0.5485986471176147, -0.012166189029812813, 0.6480904817581177, 0.4807615280151367, -0.04591042548418045, 0.6039826273918152, 0.5343142747879028, -0.04035298153758049, 0.5792413949966431, 0.5801829099655151, -0.025215094909071922, 0.6334360837936401, 0.6100172996520996, -0.03035983256995678, 0.6538825631141663, 0.5516971349716187, -0.047422681003808975, 0.6184171438217163, 0.5781707167625427, -0.03827623277902603, 0.5968747138977051, 0.6138803958892822, -0.025662919506430626]"
[],"[0.5280538201332092, 0.6854361295700073, -5.344260216588737e-07, 0.49967244267463684, 0.5732521414756775, -0.023869069293141365, 0.5132659673690796, 0.4679670035839081, -0.03342801705002785, 0.574806809425354, 0.4479045569896698, -0.04560921713709831, 0.6185639500617981, 0.5049133896827698, -0.05317850038409233, 0.5533379912376404, 0.44006815552711487, -0.0010841574985533953, 0.5938555002212524, 0.3765781819820404, -0.04130494222044945, 0.5646200776100159, 0.4322536289691925, -0.06293488293886185, 0.5459742546081543, 0.46203863620758057, -0.0721890851855278, 0.5871987342834473, 0.48723652958869934, -0.0064454590901732445, 0.6270192265510559, 0.42836469411849976, -0.046068500727415085, 0.5870542526245117, 0.4928508996963501, -0.05432850867509842, 0.5700985789299011, 0.5132139325141907, -0.05084366351366043, 0.6153892278671265, 0.5378555655479431, -0.019824286922812462, 0.6573518514633179, 0.4877946376800537, -0.05848486348986626, 0.6103613376617432, 0.5476463437080383, -0.052872542291879654, 0.5863649249076843, 0.573611319065094, -0.03858545050024986, 0.6381298303604126, 0.5928592681884766, -0.03637481480836868, 0.6625778079032898, 0.5575068593025208, -0.05567391589283943, 0.6265103816986084, 0.5948906540870667, -0.04745650663971901, 0.6059167981147766, 0.6190636157989502, -0.03661080822348595]"
[],"[0.52836674451828, 0.685551106929779, -5.279013635117735e-07, 0.4986935257911682, 0.5729855895042419, -0.02431469038128853, 0.5120553970336914, 0.4662064015865326, -0.034388937056064606, 0.5732867121696472, 0.445573091506958, -0.046997953206300735, 0.6172823309898376, 0.5046912431716919, -0.05505163222551346, 0.5543281435966492, 0.4401218891143799, -0.002560093067586422, 0.5944469571113586, 0.3779507279396057, -0.04301219433546066, 0.5644868016242981, 0.4331563711166382, -0.06457547843456268, 0.5460410118103027, 0.4615141749382019, -0.07392574846744537, 0.5877423286437988, 0.48781004548072815, -0.007971081882715225, 0.6272929906845093, 0.4284331798553467, -0.04793582484126091, 0.5862089395523071, 0.49141496419906616, -0.056056343019008636, 0.5698481202125549, 0.5114372372627258, -0.0524291954934597, 0.61518794298172, 0.5385101437568665, -0.02142740599811077, 0.6568076610565186, 0.48872658610343933, -0.06049564853310585, 0.6089355945587158, 0.546566903591156, -0.055305738002061844, 0.5856989622116089, 0.5717469453811646, -0.041211437433958054, 0.6373789310455322, 0.5938540101051331, -0.03808422014117241, 0.6625772714614868, 0.5580259561538696, -0.05786648765206337, 0.625755250453949, 0.5939419269561768, -0.05023689195513725, 0.6046801805496216, 0.6184003353118896, -0.039736308157444]"
[],"[0.5304821729660034, 0.6590185165405273, -1.3544934063247638e-07, 0.555231511592865, 0.6229751706123352, -0.05003470182418823, 0.5794726610183716, 0.5480477213859558, -0.06352797895669937, 0.6136389970779419, 0.5060049891471863, -0.06619615852832794, 0.6366665959358215, 0.49045783281326294, -0.06154721602797508, 0.5346192717552185, 0.40187397599220276, -0.028054382652044296, 0.6133627891540527, 0.4092053771018982, -0.048237234354019165, 0.6159213781356812, 0.4687161147594452, -0.0609845370054245, 0.5910689234733582, 0.4857299029827118, -0.06782397627830505, 0.5489275455474854, 0.40671199560165405, -0.00894969142973423, 0.6245366930961609, 0.41303539276123047, -0.03239554911851883, 0.6209390759468079, 0.47642049193382263, -0.03962785378098488, 0.5961421728134155, 0.494332879781723, -0.038429588079452515, 0.5674036741256714, 0.4309559166431427, 0.00416655745357275, 0.6317077875137329, 0.44859421253204346, -0.02202729694545269, 0.6270426511764526, 0.5086163282394409, -0.02469569817185402, 0.6046883463859558, 0.5185248851776123, -0.01936604082584381, 0.5848445296287537, 0.46766752004623413, 0.013827142305672169, 0.6354374289512634, 0.47881370782852173, -0.005971393082290888, 0.6285822987556458, 0.5231115221977234, -0.007953627035021782, 0.6071935296058655, 0.5321897268295288, -0.004070064052939415]"
[],"[0.4836433529853821, 0.6678174138069153, -1.5984504386779008e-07, 0.5646634101867676, 0.672595739364624, -0.025567417964339256, 0.6221163868904114, 0.5895225405693054, -0.031039265915751457, 0.6388747096061707, 0.5087480545043945, -0.02980203740298748, 0.6064178943634033, 0.4866413176059723, -0.02424711175262928, 0.5664291381835938, 0.4337804615497589, -0.02409343793988228, 0.6430647373199463, 0.43167418241500854, -0.032572634518146515, 0.6363601684570312, 0.49166339635849, -0.040121376514434814, 0.6122709512710571, 0.5131919980049133, -0.045349668711423874, 0.5349071025848389, 0.4115661084651947, -0.012889855541288853, 0.6151195764541626, 0.413552850484848, -0.019343020394444466, 0.6131528615951538, 0.4665029048919678, -0.02275869995355606, 0.5891825556755066, 0.4877893328666687, -0.024573132395744324, 0.5166718363761902, 0.4147605001926422, -0.0024899158161133528, 0.589544951915741, 0.4111512005329132, -0.005277707241475582, 0.5908612012863159, 0.4521050751209259, -0.0035983130801469088, 0.5712805986404419, 0.47197818756103516, -0.002601632149890065, 0.5070416927337646, 0.42863768339157104, 0.005961813032627106, 0.564921498298645, 0.41441142559051514, 0.0075020864605903625, 0.5675631165504456, 0.44541800022125244, 0.012994484044611454, 0.5540959239006042, 0.4646959900856018, 0.016684388741850853]"
[],"[0.478708416223526, 0.6611188054084778, 1.877083093404508e-07, 0.5542402267456055, 0.6780153512954712, -0.016980813816189766, 0.6128355860710144, 0.6151652336120605, -0.020876290276646614, 0.6288625001907349, 0.5327886343002319, -0.017516177147626877, 0.620037317276001, 0.48585203289985657, -0.010550277307629585, 0.5801752805709839, 0.47226235270500183, -0.031980618834495544, 0.638049840927124, 0.44208332896232605, -0.029899654909968376, 0.6464341878890991, 0.4744424521923065, -0.02255706489086151, 0.6388922929763794, 0.5002996921539307, -0.017095858231186867, 0.5400753021240234, 0.43307390809059143, -0.021695105358958244, 0.6112277507781982, 0.41352877020835876, -0.01797902025282383, 0.6218740940093994, 0.453377366065979, -0.011029062792658806, 0.6100723147392273, 0.4823377728462219, -0.007054883986711502, 0.5087884664535522, 0.4239892363548279, -0.009921249002218246, 0.5765618681907654, 0.40450388193130493, -0.005351371597498655, 0.5877712965011597, 0.44209787249565125, 0.0010733765084296465, 0.5773366093635559, 0.46948501467704773, 0.003314198926091194, 0.48562318086624146, 0.4326251149177551, 0.0014267370570451021, 0.543945848941803, 0.41462939977645874, 0.004544956609606743, 0.5545849204063416, 0.44325336813926697, 0.010694031603634357, 0.5488736629486084, 0.46594926714897156, 0.014854032546281815]"
[],"[0.47092849016189575, 0.6681612133979797, 3.067183627081249e-07, 0.5432296991348267, 0.6904508471488953, -0.023112008348107338, 0.6035513877868652, 0.6333361268043518, -0.028635304421186447, 0.6191636919975281, 0.5503493547439575, -0.025449030101299286, 0.6115853190422058, 0.4985060691833496, -0.019038187339901924, 0.5715444087982178, 0.4848993122577667, -0.03748556599020958, 0.627440869808197, 0.4510010778903961, -0.03479994833469391, 0.638308048248291, 0.48208868503570557, -0.026673754677176476, 0.6336936354637146, 0.5109758377075195, -0.02045147307217121, 0.5308487415313721, 0.44322073459625244, -0.023573100566864014, 0.5986344814300537, 0.41741669178009033, -0.018090466037392616, 0.6154013872146606, 0.4533245861530304, -0.011849239468574524, 0.6106916666030884, 0.4836478531360626, -0.008879404515028, 0.49813365936279297, 0.4335121810436249, -0.00843785610049963, 0.5620885491371155, 0.4101918041706085, -0.0033592120744287968, 0.5777067542076111, 0.4459786117076874, 0.0009720083326101303, 0.5732946991920471, 0.4730558395385742, 0.001362110604532063, 0.47347813844680786, 0.4424728751182556, 0.005995044019073248, 0.5279945731163025, 0.421233206987381, 0.008203377947211266, 0.5416572690010071, 0.4487690329551697, 0.012932839803397655, 0.5405910015106201, 0.47197771072387695, 0.016029788181185722]"
[],"[0.4716796278953552, 0.6695840954780579, 2.986686808981176e-07, 0.5435805320739746, 0.6897995471954346, -0.023174213245511055, 0.6029223203659058, 0.6328640580177307, -0.02864367887377739, 0.6184016466140747, 0.5506538152694702, -0.025437304750084877, 0.6123663783073425, 0.49889713525772095, -0.01907629892230034, 0.5704733729362488, 0.48456594347953796, -0.03722864016890526, 0.6257452964782715, 0.4502428472042084, -0.034251075237989426, 0.636371910572052, 0.48064589500427246, -0.02623283490538597, 0.6320984363555908, 0.5096064805984497, -0.02022370882332325, 0.5295823812484741, 0.44369572401046753, -0.02295701950788498, 0.5958766937255859, 0.41898810863494873, -0.016712073236703873, 0.6121346354484558, 0.45480671525001526, -0.010577555745840073, 0.607688844203949, 0.48573610186576843, -0.008087879978120327, 0.49694082140922546, 0.4349604845046997, -0.007430186029523611, 0.5597183108329773, 0.4123203158378601, -0.0020092360209673643, 0.5750582814216614, 0.44785213470458984, 0.0019080640049651265, 0.5707889199256897, 0.4758329689502716, 0.0017658526776358485, 0.4725222587585449, 0.4444274604320526, 0.007401401177048683, 0.525992214679718, 0.42312055826187134, 0.009213628247380257, 0.5400704145431519, 0.450334757566452, 0.013202869333326817, 0.5396840572357178, 0.47418734431266785, 0.01573198288679123]"
[],"[0.45629453659057617, 0.7065219879150391, -1.8187493822097167e-07, 0.5401243567466736, 0.7064393162727356, -0.019710887223482132, 0.5965683460235596, 0.6248687505722046, -0.022265281528234482, 0.6098455190658569, 0.5344542264938354, -0.01848137192428112, 0.6008849143981934, 0.49296310544013977, -0.009632885456085205, 0.5437334179878235, 0.4792848825454712, -0.020073501393198967, 0.6144098043441772, 0.45660200715065, -0.023684702813625336, 0.610595703125, 0.5155618786811829, -0.025752391666173935, 0.5892589688301086, 0.5454253554344177, -0.027055518701672554, 0.5077070593833923, 0.44989249110221863, -0.010155738331377506, 0.5877504944801331, 0.4302726984024048, -0.010764139704406261, 0.5898383855819702, 0.48245638608932495, -0.009973275475203991, 0.5691431760787964, 0.5110659599304199, -0.00958834309130907, 0.4858863651752472, 0.44903212785720825, -0.0005319960764609277, 0.5581504702568054, 0.42866966128349304, 0.0007552645402029157, 0.563163161277771, 0.4725317656993866, 0.004474697168916464, 0.5456745624542236, 0.49862831830978394, 0.005822844337671995, 0.4731486737728119, 0.46192601323127747, 0.007841017097234726, 0.5318246483802795, 0.4418082535266876, 0.010089188814163208, 0.5364313125610352, 0.4743705093860626, 0.015827808529138565, 0.5243931412696838, 0.4951610863208771, 0.019790567457675934]"
[],"[0.47145599126815796, 0.7223036885261536, -6.767385318795505e-09, 0.5407606363296509, 0.696984052658081, -0.03763914108276367, 0.5796386003494263, 0.6129141449928284, -0.045389141887426376, 0.6020939946174622, 0.5544170141220093, -0.04459933936595917, 0.5995461344718933, 0.5415175557136536, -0.03683725744485855, 0.5063354969024658, 0.46095362305641174, -0.023603804409503937, 0.588671088218689, 0.4383232593536377, -0.034442201256752014, 0.5961534976959229, 0.49860718846321106, -0.041982248425483704, 0.5766196250915527, 0.5343886017799377, -0.04435368999838829, 0.4868907332420349, 0.4511866271495819, -0.003620387054979801, 0.568373441696167, 0.43910306692123413, -0.013713780790567398, 0.576349139213562, 0.49571478366851807, -0.017952347174286842, 0.5586814284324646, 0.5272588729858398, -0.017950480803847313, 0.4815877676010132, 0.4606740176677704, 0.012978186830878258, 0.5539842844009399, 0.44612497091293335, 0.005311984568834305, 0.561865508556366, 0.49090713262557983, 0.0031909174285829067, 0.5471181869506836, 0.516057550907135, 0.004362095147371292, 0.48447734117507935, 0.4769728183746338, 0.026688573881983757, 0.5429463386535645, 0.4587973654270172, 0.02214466966688633, 0.5465867519378662, 0.4885197579860687, 0.021068517118692398, 0.5329762101173401, 0.505949079990387, 0.02201787754893303]"
"[0.4390869140625, 0.6328921318054199, -3.6432641792316645e-08, 0.4844450354576111, 0.6927298903465271, -0.017545154318213463, 0.5360314249992371, 0.7204827666282654, -0.02470744028687477, 0.5733019709587097, 0.709377110004425, -0.03389216959476471, 0.5979054570198059, 0.6958902478218079, -0.04176180064678192, 0.5822929739952087, 0.6231858730316162, -0.0028996409382671118, 0.6160653829574585, 0.6064068078994751, -0.024779971688985825, 0.5954387187957764, 0.6252079010009766, -0.042748577892780304, 0.5671228170394897, 0.6512964367866516, -0.05164419114589691, 0.5693291425704956, 0.5588820576667786, -0.0050710756331682205, 0.611089825630188, 0.5302855968475342, -0.024049941450357437, 0.5951245427131653, 0.5516982078552246, -0.0366990827023983, 0.5716692209243774, 0.5830053687095642, -0.042436860501766205, 0.5474156737327576, 0.5063248872756958, -0.011542577296495438, 0.5884410738945007, 0.46584051847457886, -0.03006717935204506, 0.5777628421783447, 0.49376335740089417, -0.03498932346701622, 0.5588508248329163, 0.5316321849822998, -0.034743379801511765, 0.5162930488586426, 0.4650234580039978, -0.019854838028550148, 0.5456928610801697, 0.4185870587825775, -0.03193982318043709, 0.5397202968597412, 0.4435429573059082, -0.03094341792166233, 0.5249395966529846, 0.4808928668498993, -0.027607202529907227]",[]
[],"[0.4463730454444885, 0.6934510469436646, -4.993662514607422e-07, 0.4533092975616455, 0.6009852290153503, -0.01369327213615179, 0.48838961124420166, 0.5237051248550415, -0.021262016147375107, 0.5477001070976257, 0.5130652785301208, -0.0313822478055954, 0.5951989889144897, 0.5492286682128906, -0.03780312463641167, 0.5366199016571045, 0.4916931986808777, 0.010859211906790733, 0.5743549466133118, 0.4328193664550781, -0.012912535108625889, 0.5455535054206848, 0.4661984443664551, -0.0280807763338089, 0.521359384059906, 0.5038110017776489, -0.03457469493150711, 0.565410315990448, 0.5343562960624695, 0.008382798172533512, 0.6048165559768677, 0.4889790713787079, -0.015460033901035786, 0.5687156319618225, 0.5245689153671265, -0.025477614253759384, 0.5420376658439636, 0.5559648275375366, -0.02609129436314106, 0.5828574299812317, 0.5859696269035339, 0.001038241432979703, 0.6187931299209595, 0.5471807718276978, -0.02609141729772091, 0.5789690017700195, 0.5767454504966736, -0.024110540747642517, 0.5523269176483154, 0.6048703789710999, -0.015072216279804707, 0.5906640887260437, 0.6472466588020325, -0.007332928944379091, 0.6181194186210632, 0.6114466786384583, -0.02494901418685913, 0.5883564949035645, 0.6288264989852905, -0.020395642146468163, 0.5650352239608765, 0.6531827449798584, -0.01165304146707058]"
[],"[0.4358229339122772, 0.723057746887207, -4.5261035097610147e-07, 0.4189748764038086, 0.619047224521637, -0.01565071940422058, 0.43025457859039307, 0.5213536620140076, -0.023808572441339493, 0.4739030599594116, 0.48310959339141846, -0.03440422564744949, 0.5166218280792236, 0.49128469824790955, -0.0397908054292202, 0.5075277090072632, 0.4897458553314209, 0.015562297776341438, 0.5372868776321411, 0.4296439290046692, -0.012379983440041542, 0.5064445734024048, 0.47320812940597534, -0.031271032989025116, 0.4856002628803253, 0.5175800919532776, -0.03949960321187973, 0.5367929339408875, 0.523819088935852, 0.012258566915988922, 0.5635669231414795, 0.4691409468650818, -0.01616516336798668, 0.5254204273223877, 0.5175487399101257, -0.026887478306889534, 0.5050947070121765, 0.558268129825592, -0.02613316848874092, 0.5591459274291992, 0.5649844408035278, 0.002504618838429451, 0.5774738192558289, 0.5161118507385254, -0.023105746135115623, 0.541087806224823, 0.5556058883666992, -0.018955431878566742, 0.5225873589515686, 0.5938258171081543, -0.008186760358512402, 0.5761224031448364, 0.6216287016868591, -0.00974282342940569, 0.5845370888710022, 0.5758275985717773, -0.02335406467318535, 0.5571708679199219, 0.5947554707527161, -0.017968367785215378, 0.5430845022201538, 0.620521605014801, -0.00882417056709528]"
[],"[0.5494667291641235, 0.3406682014465332, -3.960275662961976e-08, 0.5885764956474304, 0.31490015983581543, -0.037968095391988754, 0.6027690172195435, 0.25241562724113464, -0.057719357311725616, 0.6128042936325073, 0.17816062271595, -0.06987456232309341, 0.6181738376617432, 0.1103362888097763, -0.07592448592185974, 0.5359505414962769, 0.1884017437696457, -0.04954008013010025, 0.5911571979522705, 0.10313668102025986, -0.07161594927310944, 0.602496862411499, 0.15565668046474457, -0.08001178503036499, 0.5912749767303467, 0.19507448375225067, -0.08273045718669891, 0.519467830657959, 0.17116020619869232, -0.03636675328016281, 0.5805583596229553, 0.08825762569904327, -0.0565636083483696, 0.589942991733551, 0.1382170468568802, -0.05885434150695801, 0.5766578912734985, 0.17380522191524506, -0.05764421448111534, 0.5156266093254089, 0.16381803154945374, -0.025669431313872337, 0.5719373822212219, 0.0968642458319664, -0.03979214280843735, 0.579542338848114, 0.13911427557468414, -0.0332554429769516, 0.5673186182975769, 0.1666828691959381, -0.027217943221330643, 0.5187922716140747, 0.16360805928707123, -0.018072152510285378, 0.564013659954071, 0.11355515569448471, -0.026198891922831535, 0.5705896019935608, 0.1485995203256607, -0.021937403827905655, 0.5599783062934875, 0.1752830445766449, -0.017839858308434486]"
[],"[0.4559822380542755, 0.7181618809700012, -4.5309633378565195e-07, 0.4131526052951813, 0.6194444894790649, -0.014904170297086239, 0.4094224274158478, 0.5118108987808228, -0.019763637334108353, 0.4549001455307007, 0.4697816073894501, -0.02846571058034897, 0.5025784373283386, 0.4888697564601898, -0.033988118171691895, 0.45851564407348633, 0.4659367501735687, 0.01553755160421133, 0.4792855381965637, 0.4030952453613281, -0.013249550946056843, 0.45892608165740967, 0.45611900091171265, -0.03159097954630852, 0.44749701023101807, 0.4965672492980957, -0.03908320516347885, 0.4943404197692871, 0.4923933148384094, 0.009592563845217228, 0.5215998888015747, 0.4189750552177429, -0.021766677498817444, 0.49101918935775757, 0.4807448089122772, -0.03252263739705086, 0.4753156900405884, 0.5276436805725098, -0.028517423197627068, 0.5265642404556274, 0.5294229388237, -0.0024454991798847914, 0.5503969192504883, 0.46203258633613586, -0.034933317452669144, 0.5127038955688477, 0.5256216526031494, -0.030457191169261932, 0.4930056035518646, 0.5742976665496826, -0.014723253436386585, 0.5546246767044067, 0.5825325846672058, -0.016210945323109627, 0.5629379749298096, 0.5248804688453674, -0.03508606180548668, 0.5343552827835083, 0.5615329146385193, -0.026743020862340927, 0.5191724300384521, 0.5977214574813843, -0.012955293990671635]"
[],"[0.4390302002429962, 0.7248042821884155, -5.516895953405765e-07, 0.3995097875595093, 0.6117551326751709, -0.013095956295728683, 0.39432501792907715, 0.5007261633872986, -0.019069507718086243, 0.4421292245388031, 0.4561804533004761, -0.029932688921689987, 0.491902619600296, 0.4900802969932556, -0.03754127770662308, 0.4388156831264496, 0.4652789831161499, 0.014163332059979439, 0.4596424698829651, 0.39807766675949097, -0.017389167100191116, 0.43600377440452576, 0.45202478766441345, -0.03657599911093712, 0.4265788793563843, 0.4838205873966217, -0.045530177652835846, 0.4744422733783722, 0.492733895778656, 0.005748293362557888, 0.4991823136806488, 0.42734086513519287, -0.027397537603974342, 0.4688563048839569, 0.4920639395713806, -0.03755351901054382, 0.46030962467193604, 0.5222905278205872, -0.03503500670194626, 0.5081974864006042, 0.5282321572303772, -0.008984374813735485, 0.5333108305931091, 0.4684252440929413, -0.041443441063165665, 0.49846789240837097, 0.5313421487808228, -0.03547285124659538, 0.4846145808696747, 0.5646929740905762, -0.020800428465008736, 0.5385737419128418, 0.5774245858192444, -0.025706663727760315, 0.5501838326454163, 0.5220630168914795, -0.03983178734779358, 0.5208975672721863, 0.5635813474655151, -0.028332240879535675, 0.5090839266777039, 0.5941498875617981, -0.014608706347644329]"
[],"[0.4501209855079651, 0.7005821466445923, -1.4188810837367782e-07, 0.40190237760543823, 0.595431387424469, -0.022432995960116386, 0.3876588046550751, 0.49544623494148254, -0.0315951369702816, 0.4322507977485657, 0.4531530737876892, -0.043885208666324615, 0.48104819655418396, 0.4639250636100769, -0.052515700459480286, 0.3892652988433838, 0.48158371448516846, 0.009044568054378033, 0.4124899208545685, 0.40093570947647095, -0.02599540911614895, 0.42201706767082214, 0.43187573552131653, -0.053334083408117294, 0.4203234612941742, 0.47100144624710083, -0.06625339388847351, 0.43195754289627075, 0.5002464056015015, 0.006081987638026476, 0.46412959694862366, 0.42618101835250854, -0.031418755650520325, 0.4643961787223816, 0.4715457558631897, -0.05411139130592346, 0.4526742100715637, 0.5138187408447266, -0.06002024561166763, 0.47241654992103577, 0.523547351360321, -0.003532016184180975, 0.5109419226646423, 0.4587618410587311, -0.0381673239171505, 0.4997459948062897, 0.5089733600616455, -0.044887568801641464, 0.47933444380760193, 0.5513081550598145, -0.03827087581157684, 0.5079801082611084, 0.5577341318130493, -0.01592305302619934, 0.5385841727256775, 0.5147619247436523, -0.033617135137319565, 0.5235288143157959, 0.5486693978309631, -0.0311430636793375, 0.500375509262085, 0.5809533596038818, -0.023576684296131134]"
[],"[0.44978928565979004, 0.6986725926399231, -1.4683358529055113e-07, 0.40171435475349426, 0.5936443209648132, -0.02331453748047352, 0.38670799136161804, 0.49338921904563904, -0.03344140201807022, 0.43168139457702637, 0.45155155658721924, -0.0463188961148262, 0.48054003715515137, 0.4620525538921356, -0.05539516359567642, 0.3881801664829254, 0.4829704761505127, 0.005529150366783142, 0.41483038663864136, 0.4008435606956482, -0.030250737443566322, 0.42390066385269165, 0.433208703994751, -0.057736579328775406, 0.4199897050857544, 0.47243109345436096, -0.07084956765174866, 0.430758535861969, 0.5028916597366333, 0.002627616748213768, 0.464528888463974, 0.42769670486450195, -0.03418092802166939, 0.46417275071144104, 0.47285857796669006, -0.05557528883218765, 0.4507702887058258, 0.5122573375701904, -0.06141545623540878, 0.4710448384284973, 0.5266512632369995, -0.006961911916732788, 0.5101184248924255, 0.46138501167297363, -0.04074905812740326, 0.49873799085617065, 0.5104635953903198, -0.045890189707279205, 0.4771384596824646, 0.5483645796775818, -0.039177317172288895, 0.5065340995788574, 0.5607180595397949, -0.019493985921144485, 0.5386122465133667, 0.5167231559753418, -0.036534544080495834, 0.522964358329773, 0.551276445388794, -0.032915517687797546, 0.49820175766944885, 0.5815684199333191, -0.025216927751898766]"
[],"[0.42586180567741394, 0.6752879619598389, -9.049126248328321e-08, 0.4642643332481384, 0.606616735458374, -0.03146645054221153, 0.459489643573761, 0.5042932033538818, -0.033954743295907974, 0.4524376392364502, 0.4397975206375122, -0.028797797858715057, 0.44047969579696655, 0.4418686032295227, -0.01812162436544895, 0.3475683629512787, 0.4537526071071625, -0.014031443744897842, 0.4026941657066345, 0.37843090295791626, -0.02085729129612446, 0.4344925582408905, 0.4151291847229004, -0.029067931696772575, 0.43348705768585205, 0.4582573175430298, -0.033190105110406876, 0.3367141783237457, 0.4602552056312561, 0.002793386112898588, 0.3939601480960846, 0.3924752473831177, -0.002130261855199933, 0.4239659309387207, 0.42807820439338684, -0.007935508154332638, 0.41926300525665283, 0.4664081335067749, -0.010604245588183403, 0.3403114378452301, 0.4726741909980774, 0.01672462560236454, 0.3902572691440582, 0.4099481701850891, 0.009555695578455925, 0.4173256754875183, 0.43737155199050903, 0.00474203284829855, 0.4135048985481262, 0.467934250831604, 0.003709609853103757, 0.350408673286438, 0.4850196838378906, 0.02867181971669197, 0.39004912972450256, 0.42808854579925537, 0.02333657816052437, 0.40860703587532043, 0.44547170400619507, 0.02226211130619049, 0.4044768810272217, 0.4701343774795532, 0.02325567789375782]"
[],"[0.3913850784301758, 0.6992725133895874, -1.3963311573661485e-07, 0.45847195386886597, 0.6356307864189148, -0.02607356756925583, 0.47657206654548645, 0.5277071595191956, -0.03022446110844612, 0.47267818450927734, 0.45089423656463623, -0.028181636705994606, 0.45371919870376587, 0.44837522506713867, -0.021238576620817184, 0.36792296171188354, 0.44913357496261597, -0.019962862133979797, 0.4264947474002838, 0.3764857053756714, -0.028842853382229805, 0.4536663293838501, 0.41778451204299927, -0.036789607256650925, 0.4527524709701538, 0.45707136392593384, -0.0411151722073555, 0.34089094400405884, 0.44601553678512573, -0.007797200232744217, 0.4071672856807709, 0.3858732283115387, -0.01416561659425497, 0.4327322244644165, 0.4244574010372162, -0.018797539174556732, 0.4304804503917694, 0.4628596603870392, -0.020741436630487442, 0.3331199586391449, 0.45411038398742676, 0.0028206189163029194, 0.3945891261100769, 0.3975182771682739, -0.002042654436081648, 0.4169159531593323, 0.4274461269378662, -0.00433032913133502, 0.41690686345100403, 0.4604323208332062, -0.004757119342684746, 0.3374176025390625, 0.46458399295806885, 0.01138545572757721, 0.38519105315208435, 0.41570207476615906, 0.00888643879443407, 0.4022590219974518, 0.4386209547519684, 0.009875058196485043, 0.40460771322250366, 0.4666273891925812, 0.011749367229640484]"
[],"[0.3813941180706024, 0.6838361024856567, 5.32348174431263e-08, 0.45844918489456177, 0.6461704969406128, -0.021292293444275856, 0.4957631528377533, 0.5454297661781311, -0.0247865691781044, 0.4890441298484802, 0.4566486179828644, -0.020756131038069725, 0.46522802114486694, 0.4313569962978363, -0.012588107027113438, 0.4079594314098358, 0.45355311036109924, -0.03161075711250305, 0.4593409299850464, 0.3776874542236328, -0.03151579946279526, 0.47656992077827454, 0.3991718590259552, -0.027605975046753883, 0.47681480646133423, 0.4233838617801666, -0.02507908083498478, 0.3677480220794678, 0.4410569965839386, -0.01893734186887741, 0.4312138855457306, 0.3775753378868103, -0.018157828599214554, 0.45037999749183655, 0.4140034019947052, -0.014480765908956528, 0.444848895072937, 0.4509166479110718, -0.012531052343547344, 0.34725868701934814, 0.4452356994152069, -0.005311388988047838, 0.40623119473457336, 0.38382142782211304, -0.0026428389828652143, 0.4241738021373749, 0.41437971591949463, 0.0018724618712440133, 0.4188346266746521, 0.4479031562805176, 0.003046133555471897, 0.3385378122329712, 0.45684587955474854, 0.007158779073506594, 0.38473689556121826, 0.40461450815200806, 0.009021364152431488, 0.39873218536376953, 0.42581212520599365, 0.012914332561194897, 0.39625853300094604, 0.451763778924942, 0.015174482017755508]"
[],"[0.37874239683151245, 0.6807169914245605, 1.0942839878680388e-07, 0.4587104618549347, 0.6487261056900024, -0.019937170669436455, 0.4975908398628235, 0.5551856756210327, -0.02445937879383564, 0.4964796006679535, 0.46310386061668396, -0.021945232525467873, 0.47941747307777405, 0.4144541621208191, -0.015109162777662277, 0.4230272173881531, 0.4540676176548004, -0.02868865430355072, 0.47168898582458496, 0.3920595645904541, -0.02710733376443386, 0.4846595227718353, 0.43438929319381714, -0.021335097029805183, 0.48057714104652405, 0.47028934955596924, -0.017048513516783714, 0.3795813024044037, 0.4408150911331177, -0.017011001706123352, 0.43987223505973816, 0.3802953064441681, -0.012533138506114483, 0.45726409554481506, 0.4178810119628906, -0.007252248469740152, 0.45096778869628906, 0.45425471663475037, -0.005188457202166319, 0.3516572117805481, 0.44906502962112427, -0.0045937225222587585, 0.40868431329727173, 0.39072325825691223, 7.122573151718825e-05, 0.4258238673210144, 0.4232593774795532, 0.0060919830575585365, 0.4189966320991516, 0.45732128620147705, 0.007808685768395662, 0.33567363023757935, 0.46703726053237915, 0.006957939360290766, 0.38205671310424805, 0.4176037013530731, 0.00938483327627182, 0.397694855928421, 0.43892303109169006, 0.01484561525285244, 0.39517250657081604, 0.463879257440567, 0.018375473096966743]"
[],"[0.3781452476978302, 0.6800165176391602, 7.747529906509953e-08, 0.4579293429851532, 0.6490395069122314, -0.01981160417199135, 0.4970187246799469, 0.5560874342918396, -0.02484695240855217, 0.49550068378448486, 0.46305495500564575, -0.022970864549279213, 0.4782463312149048, 0.4130285680294037, -0.016748186200857162, 0.42355287075042725, 0.45490768551826477, -0.029647836461663246, 0.47269493341445923, 0.39472460746765137, -0.029321061447262764, 0.4838237762451172, 0.4411943256855011, -0.024173695594072342, 0.47746071219444275, 0.47880691289901733, -0.020070679485797882, 0.3801381289958954, 0.440523624420166, -0.018477287143468857, 0.4408940076828003, 0.3818082809448242, -0.014903496950864792, 0.45676085352897644, 0.4209479093551636, -0.009917035698890686, 0.4489341974258423, 0.4577178657054901, -0.00787192303687334, 0.35205480456352234, 0.44772377610206604, -0.0065988814458251, 0.4091748893260956, 0.3911174237728119, -0.002476857742294669, 0.4253431558609009, 0.42409762740135193, 0.0036092097871005535, 0.4176468551158905, 0.45783889293670654, 0.00548896286636591, 0.3356461822986603, 0.46479758620262146, 0.004418368451297283, 0.38227322697639465, 0.4166802167892456, 0.006634145509451628, 0.39732086658477783, 0.43866777420043945, 0.012343402951955795, 0.39413031935691833, 0.4634637236595154, 0.016143780201673508]"
[],"[0.37474191188812256, 0.7110360860824585, -1.5176374290604144e-07, 0.45870840549468994, 0.6609228253364563, -0.018625415861606598, 0.4905654788017273, 0.5598728060722351, -0.01994391717016697, 0.4860427677631378, 0.47081267833709717, -0.01605135202407837, 0.4674358069896698, 0.4373549222946167, -0.007363993674516678, 0.4017954170703888, 0.4591839611530304, -0.017328443005681038, 0.46746617555618286, 0.3905927836894989, -0.021662356331944466, 0.4851352274417877, 0.4413762390613556, -0.023920750245451927, 0.47646093368530273, 0.4790031313896179, -0.024679506197571754, 0.36557716131210327, 0.447334349155426, -0.00739336060360074, 0.43881428241729736, 0.388804167509079, -0.008759521879255772, 0.4559903144836426, 0.43703028559684753, -0.008663090877234936, 0.443168580532074, 0.4752682149410248, -0.008644651621580124, 0.34954938292503357, 0.4542452096939087, 0.002009028336033225, 0.41605937480926514, 0.3975878655910492, 0.002097079297527671, 0.432255357503891, 0.4377816617488861, 0.004892658907920122, 0.42249321937561035, 0.47393733263015747, 0.0061888243071734905, 0.34466055035591125, 0.46821025013923645, 0.010151231661438942, 0.39658123254776, 0.41921907663345337, 0.011332422494888306, 0.41002357006073, 0.4479590356349945, 0.01574523188173771, 0.4052138030529022, 0.47774288058280945, 0.019086329266428947]"
[],"[0.3841097354888916, 0.7259049415588379, -4.056183833256455e-09, 0.44824299216270447, 0.6448286175727844, -0.008689533919095993, 0.46770069003105164, 0.5411661863327026, -0.006043959874659777, 0.4768058955669403, 0.4755263030529022, -0.003384822979569435, 0.460828959941864, 0.46891850233078003, 0.0037382026202976704, 0.36958515644073486, 0.45413199067115784, 0.012038889341056347, 0.42842480540275574, 0.3887642025947571, 0.003833233378827572, 0.4519549012184143, 0.4322296977043152, -0.0061449650675058365, 0.44766145944595337, 0.4703553318977356, -0.01081942394375801, 0.34921586513519287, 0.45703569054603577, 0.015281357802450657, 0.4113221764564514, 0.39601555466651917, 0.00883026234805584, 0.43513235449790955, 0.43707945942878723, 0.0005314898444339633, 0.4295894503593445, 0.47442659735679626, -0.003767239861190319, 0.3440261483192444, 0.4709520637989044, 0.01621176488697529, 0.4023112654685974, 0.4116373658180237, 0.012573768384754658, 0.42355120182037354, 0.44674670696258545, 0.010418296791613102, 0.4185977280139923, 0.48018768429756165, 0.010505270212888718, 0.3501807451248169, 0.4879797697067261, 0.016089238226413727, 0.3959816098213196, 0.4346240758895874, 0.019132591784000397, 0.4104377031326294, 0.4577357769012451, 0.023876504972577095, 0.4069099724292755, 0.4843777120113373, 0.027514269575476646]"
[],"[0.4154355525970459, 0.6849715113639832, -9.376173437658508e-08, 0.412302166223526, 0.5916025638580322, -0.011660275049507618, 0.40879616141319275, 0.48667097091674805, -0.009455587714910507, 0.43501850962638855, 0.4443511962890625, -0.007230246905237436, 0.45443227887153625, 0.4684680104255676, -0.0012618718901649117, 0.34613293409347534, 0.4669836461544037, 0.008033331483602524, 0.3932874798774719, 0.39091819524765015, -0.005185249261558056, 0.41713955998420715, 0.4247056841850281, -0.015680136159062386, 0.41014495491981506, 0.46575209498405457, -0.01989809051156044, 0.3667259216308594, 0.4880809783935547, 0.010410699993371964, 0.41090652346611023, 0.4221152067184448, -0.0009573498391546309, 0.43132853507995605, 0.4572313129901886, -0.00946219265460968, 0.4237746000289917, 0.48826324939727783, -0.012556076981127262, 0.39630749821662903, 0.5140132308006287, 0.009399808011949062, 0.43748849630355835, 0.4576028883457184, -0.004593862220644951, 0.45297273993492126, 0.49112752079963684, -0.010377689264714718, 0.4435707926750183, 0.5184063911437988, -0.01000172644853592, 0.42611995339393616, 0.5402540564537048, 0.007760061416774988, 0.4565510153770447, 0.4895855188369751, -0.0009394706576131284, 0.4647279977798462, 0.5134207010269165, -0.000985048129223287, 0.4577430486679077, 0.5398693680763245, 0.0014288454549387097]"
[],"[0.4021802544593811, 0.7024857997894287, -4.626719984912597e-08, 0.367840051651001, 0.5935282707214355, -0.014048940502107143, 0.3702845871448517, 0.495651513338089, -0.01886780560016632, 0.4176209270954132, 0.4646094739437103, -0.026938647031784058, 0.4597117006778717, 0.4941757619380951, -0.03266599774360657, 0.37813621759414673, 0.477727472782135, 0.015638912096619606, 0.40396517515182495, 0.4190180003643036, -0.009505082853138447, 0.4091435670852661, 0.4390663206577301, -0.031008072197437286, 0.4078403115272522, 0.46611258387565613, -0.04175429791212082, 0.41706302762031555, 0.5048633813858032, 0.010239037685096264, 0.45079779624938965, 0.444151371717453, -0.020579097792506218, 0.4443037211894989, 0.484031081199646, -0.04066696763038635, 0.43315625190734863, 0.5258784890174866, -0.04436419531702995, 0.454542338848114, 0.5401663780212402, 0.00021602089691441506, 0.4933459758758545, 0.4862605929374695, -0.028745319694280624, 0.47242555022239685, 0.5336074233055115, -0.034337013959884644, 0.4504176080226898, 0.5766850113868713, -0.026751404628157616, 0.4866951107978821, 0.5860716700553894, -0.011296947486698627, 0.5105584263801575, 0.5452013611793518, -0.02387835830450058, 0.4889198839664459, 0.5785397291183472, -0.018121913075447083, 0.4695352613925934, 0.6108068823814392, -0.007905439473688602]"
[],"[0.40541505813598633, 0.700269877910614, -3.850907859259678e-08, 0.37285274267196655, 0.5912192463874817, -0.017517535015940666, 0.3748417794704437, 0.4917922019958496, -0.0243707112967968, 0.42232850193977356, 0.46180030703544617, -0.03363923355937004, 0.4641684293746948, 0.4985949397087097, -0.04000250995159149, 0.377047598361969, 0.4791977107524872, 0.009989284910261631, 0.40686696767807007, 0.41971829533576965, -0.018431752920150757, 0.41209375858306885, 0.4439036548137665, -0.04148983582854271, 0.4088818430900574, 0.4730304181575775, -0.052735861390829086, 0.41574010252952576, 0.5078017711639404, 0.0057153538800776005, 0.45167556405067444, 0.4460851848125458, -0.027731681242585182, 0.4455135464668274, 0.48668399453163147, -0.04756280034780502, 0.43369096517562866, 0.5283434987068176, -0.05063461512327194, 0.45372244715690613, 0.5435732007026672, -0.0035367344971746206, 0.49286192655563354, 0.48923927545547485, -0.03453250601887703, 0.47250884771347046, 0.5373772978782654, -0.03923940286040306, 0.4501335620880127, 0.5796284079551697, -0.030535545200109482, 0.4861285984516144, 0.5898007750511169, -0.014642231166362762, 0.5116221308708191, 0.5483427047729492, -0.028432339429855347, 0.49060359597206116, 0.5824082493782043, -0.022362826392054558, 0.47079771757125854, 0.6148846745491028, -0.011717908084392548]"
[],"[0.39355871081352234, 0.6476656794548035, -4.0820623325998895e-07, 0.34017398953437805, 0.5690497159957886, -0.014390883967280388, 0.3282545208930969, 0.47239360213279724, -0.018847158178687096, 0.36464405059814453, 0.4284249544143677, -0.026276584714651108, 0.4099388122558594, 0.4347614645957947, -0.030729273334145546, 0.37731197476387024, 0.43137985467910767, 0.01323146466165781, 0.39141640067100525, 0.36477893590927124, -0.011877324432134628, 0.37800198793411255, 0.40868890285491943, -0.027964040637016296, 0.37458592653274536, 0.45005446672439575, -0.034491997212171555, 0.4150293469429016, 0.44873905181884766, 0.00948148500174284, 0.43310824036598206, 0.3799634277820587, -0.019899053499102592, 0.4092029631137848, 0.43816161155700684, -0.03159014880657196, 0.39955249428749084, 0.49086377024650574, -0.02897082269191742, 0.4476918876171112, 0.47342056035995483, 0.0004625055880751461, 0.4638445973396301, 0.40957531332969666, -0.030666420236229897, 0.4333030581474304, 0.46549591422080994, -0.02921399660408497, 0.41811326146125793, 0.519656240940094, -0.016124669462442398, 0.47769662737846375, 0.512664258480072, -0.010021718218922615, 0.4846554398536682, 0.4584135115146637, -0.03135712817311287, 0.45982396602630615, 0.49096018075942993, -0.027332941070199013, 0.44566959142684937, 0.5336808562278748, -0.01631826162338257]"
[],"[0.3543338179588318, 0.6541728377342224, -5.84749102472415e-07, 0.31597083806991577, 0.5565633773803711, -0.01255291048437357, 0.3131597936153412, 0.4475633203983307, -0.0170177910476923, 0.3544468879699707, 0.3999740481376648, -0.02594403177499771, 0.403278648853302, 0.4098436236381531, -0.031194554641842842, 0.37006694078445435, 0.4044237732887268, 0.019011806696653366, 0.39094382524490356, 0.3296215832233429, -0.010705864988267422, 0.3668043613433838, 0.3852348327636719, -0.02846994623541832, 0.3585200309753418, 0.43244215846061707, -0.035328205674886703, 0.4043421149253845, 0.42928898334503174, 0.012824912555515766, 0.4314126670360565, 0.3464285135269165, -0.0210291538387537, 0.39650729298591614, 0.4151865839958191, -0.03133837878704071, 0.3852050304412842, 0.46993348002433777, -0.026630278676748276, 0.4358980357646942, 0.4628131687641144, 0.00037184334360063076, 0.4584392309188843, 0.38762015104293823, -0.03459813818335533, 0.41777920722961426, 0.4547760486602783, -0.029619600623846054, 0.403430312871933, 0.5130588412284851, -0.01321349386125803, 0.4666598439216614, 0.5147671103477478, -0.01364167034626007, 0.474741667509079, 0.4445616602897644, -0.03616685792803764, 0.44406449794769287, 0.48183804750442505, -0.03011411614716053, 0.43146032094955444, 0.5264286994934082, -0.01732751540839672]"
[],"[0.3462085723876953, 0.6422930359840393, -4.680316010308161e-07, 0.313489705324173, 0.5258737802505493, -0.010018166154623032, 0.31253477931022644, 0.41966375708580017, -0.015714876353740692, 0.3601859509944916, 0.3803410828113556, -0.027478089556097984, 0.41032955050468445, 0.405195951461792, -0.03680286929011345, 0.36500367522239685, 0.39206239581108093, 0.017939884215593338, 0.38649359345436096, 0.3180445432662964, -0.013278251513838768, 0.3620971441268921, 0.3697456419467926, -0.03272262588143349, 0.3512164056301117, 0.4146226942539215, -0.0402405746281147, 0.39892926812171936, 0.4200233519077301, 0.009238081984221935, 0.42746755480766296, 0.3384021818637848, -0.025201285257935524, 0.3947828412055969, 0.4021102786064148, -0.03654995560646057, 0.3820860683917999, 0.45440974831581116, -0.03229128196835518, 0.4310574233531952, 0.4570485055446625, -0.005481332074850798, 0.4569966197013855, 0.376560240983963, -0.03878360614180565, 0.4195931851863861, 0.43773818016052246, -0.03458743542432785, 0.40198975801467896, 0.49163201451301575, -0.018608666956424713, 0.4601553678512573, 0.5087111592292786, -0.02166222222149372, 0.47197672724723816, 0.43527185916900635, -0.039124470204114914, 0.44311752915382385, 0.4697403311729431, -0.030061375349760056, 0.4281630218029022, 0.513095498085022, -0.01575734093785286]"
[],"[0.34651979804039, 0.6414693593978882, -4.6802662723166577e-07, 0.31324124336242676, 0.5250717997550964, -0.010266760364174843, 0.31248822808265686, 0.41892945766448975, -0.015788579359650612, 0.3606952726840973, 0.37939727306365967, -0.027471166104078293, 0.41124585270881653, 0.404479444026947, -0.036816611886024475, 0.36465999484062195, 0.39198458194732666, 0.01910737156867981, 0.385753333568573, 0.3195241689682007, -0.011883762665092945, 0.3615240156650543, 0.3709915578365326, -0.031403716653585434, 0.3510318994522095, 0.41558852791786194, -0.03900223970413208, 0.39886224269866943, 0.4194856882095337, 0.010552649386227131, 0.42777255177497864, 0.3387949764728546, -0.02438337542116642, 0.3947118818759918, 0.402422696352005, -0.036238718777894974, 0.3816058039665222, 0.45527082681655884, -0.032009996473789215, 0.43116703629493713, 0.4555809199810028, -0.004099988844245672, 0.45749208331108093, 0.3761307895183563, -0.0377998873591423, 0.4198746085166931, 0.4375026822090149, -0.03419293463230133, 0.40193554759025574, 0.49167412519454956, -0.0183141827583313, 0.4606350064277649, 0.5062008500099182, -0.020240940153598785, 0.47283828258514404, 0.43369540572166443, -0.03775644302368164, 0.4440804123878479, 0.4687066078186035, -0.02896324172616005, 0.4291260242462158, 0.5119465589523315, -0.014764267951250076]"
"[0.36411911249160767, 0.5971900820732117, -5.84920698543101e-08, 0.3609449565410614, 0.5097436308860779, 0.008372200652956963, 0.3502156734466553, 0.4334811866283417, 0.004675345495343208, 0.36155882477760315, 0.3810321092605591, -0.006596342660486698, 0.3784777522087097, 0.3455740809440613, -0.014033107087016106, 0.28924134373664856, 0.37776315212249756, 0.014616528525948524, 0.34537413716316223, 0.30169710516929626, -0.00908337626606226, 0.3725769817829132, 0.33819910883903503, -0.022348595783114433, 0.3748101592063904, 0.37885332107543945, -0.026247842237353325, 0.29734551906585693, 0.37954050302505493, 0.000716941140126437, 0.3675304055213928, 0.3126806616783142, -0.02218795008957386, 0.3917805552482605, 0.3651871085166931, -0.029220838099718094, 0.3882395625114441, 0.40745821595191956, -0.027782702818512917, 0.3166102468967438, 0.38339489698410034, -0.01570749469101429, 0.39170724153518677, 0.34456756711006165, -0.04058385640382767, 0.41430801153182983, 0.41114065051078796, -0.04123138636350632, 0.4122420847415924, 0.45638802647590637, -0.0335753858089447, 0.34523090720176697, 0.3936181366443634, -0.03183358162641525, 0.4127233624458313, 0.38848841190338135, -0.04582461342215538, 0.4332723021507263, 0.4327349066734314, -0.0436253659427166, 0.43310481309890747, 0.4629914462566376, -0.036938417702913284]",[]
[],"[0.4998161792755127, 0.40083783864974976, -8.750608770924373e-08, 0.4645382761955261, 0.32984814047813416, -0.01399237010627985, 0.4526905417442322, 0.246013805270195, -0.017339633777737617, 0.4592463970184326, 0.16998493671417236, -0.021818557754158974, 0.4600166082382202, 0.10667186230421066, -0.02513684704899788, 0.48773378133773804, 0.17858797311782837, 0.013136451132595539, 0.49100542068481445, 0.11315011233091354, 0.004141642712056637, 0.49254876375198364, 0.07803326100111008, -0.009273728355765343, 0.49388617277145386, 0.05200636386871338, -0.020204434171319008, 0.5131828188896179, 0.18066179752349854, 0.011770350858569145, 0.5176640152931213, 0.10361112654209137, 0.0016382485628128052, 0.5148246884346008, 0.07689513266086578, -0.01491544209420681, 0.5103181004524231, 0.07399792224168777, -0.02780887484550476, 0.5340876579284668, 0.19389858841896057, 0.006567251868546009, 0.5443288683891296, 0.11882299184799194, -0.005455103237181902, 0.5390585064888, 0.09055134654045105, -0.01996413990855217, 0.5297953486442566, 0.09843204915523529, -0.029659675434231758, 0.5557745695114136, 0.2201448380947113, -0.0005283310310915112, 0.5666972398757935, 0.1565152108669281, -0.011419053189456463, 0.5629020929336548, 0.12014135718345642, -0.02148641273379326, 0.5528120994567871, 0.1118910163640976, -0.02874544821679592]"
[],"[0.5829931497573853, 0.3617057800292969, -2.8758731218658795e-07, 0.5453125238418579, 0.345963716506958, -0.023038800805807114, 0.5201621055603027, 0.24672658741474152, -0.02773285284638405, 0.5230936408042908, 0.1570630669593811, -0.030738020315766335, 0.535222589969635, 0.1007201224565506, -0.030868850648403168, 0.5490502119064331, 0.1781018078327179, -0.0010102374944835901, 0.5623616576194763, 0.11823397874832153, -0.02284000813961029, 0.5663293600082397, 0.1607835292816162, -0.03638554736971855, 0.5631493330001831, 0.2022293508052826, -0.04127175360918045, 0.574335515499115, 0.18897397816181183, 0.003266140352934599, 0.5885166525840759, 0.13676786422729492, -0.021280650049448013, 0.5870497822761536, 0.2012144923210144, -0.030189640820026398, 0.5773852467536926, 0.24501708149909973, -0.028746379539370537, 0.5952624082565308, 0.2083105742931366, 0.0025113995652645826, 0.6072165369987488, 0.16639509797096252, -0.024380311369895935, 0.6013461351394653, 0.2317797690629959, -0.023239674046635628, 0.5905611515045166, 0.2706356942653656, -0.014305571094155312, 0.6148521304130554, 0.2312193065881729, 0.00016037427121773362, 0.6239256262779236, 0.20212464034557343, -0.018711740151047707, 0.6197989583015442, 0.2505747973918915, -0.01640760898590088, 0.6110836863517761, 0.28098028898239136, -0.00917875301092863]"
[],"[0.34186694025993347, 0.6017690300941467, -6.406500574485108e-08, 0.387102872133255, 0.5226374864578247, -0.02912929840385914, 0.3895212709903717, 0.4178217649459839, -0.02756103314459324, 0.39188152551651, 0.35383954644203186, -0.018850786611437798, 0.3932458758354187, 0.34336525201797485, -0.004529933445155621, 0.3032761514186859, 0.3473237454891205, -0.003828783519566059, 0.3626203238964081, 0.2923114597797394, -0.006272004451602697, 0.39088696241378784, 0.3316839635372162, -0.00994719285517931, 0.39102110266685486, 0.37625962495803833, -0.010269164107739925, 0.293505996465683, 0.3661465644836426, 0.014682156033813953, 0.35634922981262207, 0.3189149498939514, 0.01414925791323185, 0.3872704803943634, 0.3585338294506073, 0.010086888447403908, 0.3905944228172302, 0.39928147196769714, 0.008442494086921215, 0.2992245554924011, 0.39481648802757263, 0.029908349737524986, 0.3574944734573364, 0.35227668285369873, 0.023287270218133926, 0.38874876499176025, 0.38743048906326294, 0.014687222428619862, 0.39553913474082947, 0.4252799153327942, 0.011699323542416096, 0.31161633133888245, 0.4228922724723816, 0.04366344213485718, 0.36092883348464966, 0.3860390782356262, 0.0366421602666378, 0.38306987285614014, 0.4088614284992218, 0.03135497868061066, 0.3886326849460602, 0.4396047294139862, 0.0301070436835289]"
[],"[0.2993924915790558, 0.6381785869598389, -9.399742140203671e-08, 0.37641388177871704, 0.5728320479393005, -0.02193046174943447, 0.4039434492588043, 0.4615461528301239, -0.021832238882780075, 0.40340933203697205, 0.3842768669128418, -0.01717173308134079, 0.3965228199958801, 0.3517714738845825, -0.007945551536977291, 0.31467941403388977, 0.3523816466331482, -0.0074362498708069324, 0.3764404058456421, 0.30610522627830505, -0.012808417901396751, 0.39272037148475647, 0.3597790598869324, -0.020455891266465187, 0.38374677300453186, 0.4007990062236786, -0.025552354753017426, 0.27803510427474976, 0.3632395565509796, 0.0038623977452516556, 0.3451441824436188, 0.3170761466026306, 0.0005536882672458887, 0.3662140667438507, 0.3649299144744873, -0.004170265980064869, 0.35769641399383545, 0.4017965793609619, -0.007914116606116295, 0.26251012086868286, 0.3939751088619232, 0.013084973208606243, 0.3228057622909546, 0.3390269875526428, 0.008136123418807983, 0.3452626168727875, 0.3756716251373291, 0.006602352950721979, 0.34013593196868896, 0.4069751799106598, 0.00621083052828908, 0.26140543818473816, 0.42946797609329224, 0.02092713490128517, 0.3116786777973175, 0.37440919876098633, 0.01816355250775814, 0.32956263422966003, 0.3961770832538605, 0.020460888743400574, 0.327289879322052, 0.42049968242645264, 0.0227302648127079]"
[],"[0.28216326236724854, 0.6460862159729004, -1.651672647540181e-07, 0.3685048222541809, 0.5971040725708008, -0.00624069245532155, 0.4013270437717438, 0.4923356771469116, 0.001917327637784183, 0.394527405500412, 0.4121745228767395, 0.012520411051809788, 0.3863576352596283, 0.3820406496524811, 0.026740027591586113, 0.329007089138031, 0.35981592535972595, 0.010910258628427982, 0.3840034604072571, 0.3317977786064148, 0.01738545671105385, 0.3927071690559387, 0.38538026809692383, 0.01529703103005886, 0.38238686323165894, 0.42066410183906555, 0.01194633450359106, 0.2826903760433197, 0.3745051920413971, 0.016550282016396523, 0.34810635447502136, 0.3393997550010681, 0.024333391338586807, 0.36175236105918884, 0.38740992546081543, 0.02259708195924759, 0.3497699499130249, 0.42215293645858765, 0.018760107457637787, 0.25743424892425537, 0.4126411974430084, 0.02182336524128914, 0.3148239254951477, 0.3652637302875519, 0.025621062144637108, 0.3302755057811737, 0.4036535620689392, 0.025470754131674767, 0.3217197060585022, 0.43734392523765564, 0.024049265310168266, 0.24576354026794434, 0.45419132709503174, 0.02705267444252968, 0.29320377111434937, 0.40265628695487976, 0.02968647889792919, 0.3084307610988617, 0.427739679813385, 0.03338632732629776, 0.30703204870224, 0.45623746514320374, 0.035458702594041824]"
[],"[0.2810687720775604, 0.6502398252487183, -1.7227517901119427e-07, 0.367933452129364, 0.597676157951355, -0.004463521763682365, 0.40178149938583374, 0.4925435781478882, 0.00458923215046525, 0.39637330174446106, 0.4121316373348236, 0.016158808022737503, 0.3868129849433899, 0.3841273784637451, 0.031304847449064255, 0.32881271839141846, 0.35969749093055725, 0.012266697362065315, 0.3832746744155884, 0.3344820737838745, 0.02061188779771328, 0.39225196838378906, 0.38741335272789, 0.01939111389219761, 0.3826473653316498, 0.4222656488418579, 0.016199178993701935, 0.2819923162460327, 0.37568897008895874, 0.01751049794256687, 0.34638381004333496, 0.3425208628177643, 0.027088943868875504, 0.35959479212760925, 0.39028385281562805, 0.02564314939081669, 0.3476707339286804, 0.4245193600654602, 0.021510815247893333, 0.25589439272880554, 0.4145931899547577, 0.02277473732829094, 0.3122981786727905, 0.36888569593429565, 0.02843795344233513, 0.3270859122276306, 0.40670549869537354, 0.028391478583216667, 0.31864991784095764, 0.44056445360183716, 0.026436209678649902, 0.24351634085178375, 0.45659589767456055, 0.028132783249020576, 0.28956037759780884, 0.4065558612346649, 0.03218930959701538, 0.3046821057796478, 0.4311425983905792, 0.03614405542612076, 0.30374306440353394, 0.4591926038265228, 0.038091156631708145]"
[],"[0.27150142192840576, 0.6931450366973877, -1.7976934429952962e-07, 0.35768750309944153, 0.6304742097854614, -0.011173433624207973, 0.39145660400390625, 0.5223448872566223, -0.00857891421765089, 0.3788162171840668, 0.4437870383262634, -0.0032811628188937902, 0.3528195917606354, 0.4296623766422272, 0.005297110881656408, 0.30857053399086, 0.40072333812713623, -0.0016322961309924722, 0.36955922842025757, 0.3626641035079956, -0.0016916125314310193, 0.37678262591362, 0.4221009910106659, -0.007731264922767878, 0.3621274530887604, 0.4587126672267914, -0.013059616088867188, 0.2632899582386017, 0.41717299818992615, 0.003823305247351527, 0.33010661602020264, 0.37871336936950684, 0.006275012623518705, 0.3428315818309784, 0.42627641558647156, 0.0020387787371873856, 0.3284669816493988, 0.4601372480392456, -0.0030087505001574755, 0.24050086736679077, 0.4536377787590027, 0.009110778570175171, 0.2974173426628113, 0.40473610162734985, 0.011884910054504871, 0.3126755654811859, 0.4425353705883026, 0.012139786966145039, 0.30393198132514954, 0.475661963224411, 0.010705053806304932, 0.2309432029724121, 0.4930269718170166, 0.013704017736017704, 0.27573299407958984, 0.44175881147384644, 0.01871800422668457, 0.2903212010860443, 0.4669809341430664, 0.02505972608923912, 0.2880823016166687, 0.49473026394844055, 0.028593383729457855]"
[],"[0.2756202220916748, 0.7097936272621155, -2.1054178489521291e-07, 0.35175660252571106, 0.6391907930374146, -0.015120620839297771, 0.37871596217155457, 0.5260022878646851, -0.010143849067389965, 0.37583428621292114, 0.45059698820114136, -0.001464313012547791, 0.3646828532218933, 0.44186028838157654, 0.012004164047539234, 0.28649649024009705, 0.4156671166419983, 0.0032168650068342686, 0.3520495295524597, 0.3670288324356079, 0.0024791122414171696, 0.36769968271255493, 0.42045900225639343, -0.002725080354139209, 0.3559427559375763, 0.46180883049964905, -0.00643382640555501, 0.2543290853500366, 0.4258992075920105, 0.011765730567276478, 0.3243445158004761, 0.3815179169178009, 0.012808435596525669, 0.34354469180107117, 0.4277873933315277, 0.009462789632380009, 0.3319760859012604, 0.46546754240989685, 0.006699119228869677, 0.24275951087474823, 0.45368197560310364, 0.018761569634079933, 0.30212101340293884, 0.4026379883289337, 0.019181547686457634, 0.32257789373397827, 0.4395906925201416, 0.017708368599414825, 0.31591248512268066, 0.47219356894493103, 0.01650652289390564, 0.2430967092514038, 0.48516225814819336, 0.024502472952008247, 0.2880810797214508, 0.4335794150829315, 0.02566671185195446, 0.3023657202720642, 0.45901745557785034, 0.02849038504064083, 0.298723429441452, 0.48758557438850403, 0.0305510051548481]"
[],"[0.3012244999408722, 0.688003420829773, -5.163685301567966e-08, 0.35579919815063477, 0.6107114553451538, -0.018448418006300926, 0.37014374136924744, 0.5117636322975159, -0.01142528373748064, 0.3762210011482239, 0.4584713578224182, 0.0009964838391169906, 0.3739864230155945, 0.4679919481277466, 0.01927047222852707, 0.27466443181037903, 0.42856094241142273, 0.011036613024771214, 0.3311256170272827, 0.37076815962791443, 0.013317539356648922, 0.35607314109802246, 0.41417646408081055, 0.010747222229838371, 0.3526521325111389, 0.4590241611003876, 0.010504032485187054, 0.25627657771110535, 0.43875032663345337, 0.025289176031947136, 0.31359174847602844, 0.38752031326293945, 0.02901148423552513, 0.3410435914993286, 0.42600613832473755, 0.0253111831843853, 0.34111055731773376, 0.46415138244628906, 0.02371719293296337, 0.2546815872192383, 0.4597732424736023, 0.03674102947115898, 0.3039856553077698, 0.4048343896865845, 0.03664783760905266, 0.33185622096061707, 0.433059424161911, 0.0289592444896698, 0.3339913487434387, 0.46323543787002563, 0.025415103882551193, 0.26332128047943115, 0.48000186681747437, 0.04726424813270569, 0.30191439390182495, 0.424617201089859, 0.04444803297519684, 0.3218422830104828, 0.44095057249069214, 0.04010578244924545, 0.3243865668773651, 0.4657561779022217, 0.03882712498307228]"
[],"[0.33892929553985596, 0.6824982166290283, -8.101136472760118e-08, 0.3228018879890442, 0.5812434554100037, -0.015160185284912586, 0.31629276275634766, 0.4855232536792755, -0.011372367851436138, 0.33571282029151917, 0.43401387333869934, -0.008032227866351604, 0.3512377440929413, 0.42582622170448303, 0.0009709679870866239, 0.2651257812976837, 0.4537709355354309, 0.028892599046230316, 0.31540510058403015, 0.3829578161239624, 0.016750307753682137, 0.3318764567375183, 0.4196784794330597, 0.008292626589536667, 0.32452481985092163, 0.45512932538986206, 0.006963036954402924, 0.2929670214653015, 0.47449827194213867, 0.033452991396188736, 0.3444899618625641, 0.41974401473999023, 0.019967667758464813, 0.3548009395599365, 0.46280017495155334, 0.011678366921842098, 0.346754789352417, 0.49085959792137146, 0.012339566834270954, 0.3235034942626953, 0.4971800744533539, 0.0319896824657917, 0.37199079990386963, 0.46664929389953613, 0.01428956352174282, 0.37606820464134216, 0.5115640163421631, 0.006562188267707825, 0.3658497929573059, 0.5392910838127136, 0.009659870527684689, 0.35139918327331543, 0.5198889970779419, 0.029375379905104637, 0.38814759254455566, 0.4939378499984741, 0.02160179242491722, 0.39133086800575256, 0.5211668610572815, 0.021063992753624916, 0.3853573799133301, 0.5424703359603882, 0.025616783648729324]"
[],"[0.3376808166503906, 0.6830339431762695, -5.49062413313095e-08, 0.32068347930908203, 0.5850663781166077, -0.015024338848888874, 0.31435129046440125, 0.489205539226532, -0.012636733241379261, 0.33530619740486145, 0.4365217685699463, -0.011148924939334393, 0.354958713054657, 0.42650678753852844, -0.0041010016575455666, 0.26606205105781555, 0.4573555588722229, 0.026691775768995285, 0.3136339485645294, 0.38574299216270447, 0.014052231796085835, 0.3305909037590027, 0.4190778434276581, 0.005576230585575104, 0.3245284855365753, 0.4526102542877197, 0.004147910978645086, 0.2940109968185425, 0.47705382108688354, 0.03048793412744999, 0.343742311000824, 0.42483869194984436, 0.016993824392557144, 0.3546014130115509, 0.4648813009262085, 0.009084725752472878, 0.34763115644454956, 0.4915274381637573, 0.009576495736837387, 0.3241633176803589, 0.49905163049697876, 0.028303474187850952, 0.3719062805175781, 0.4717858135700226, 0.010999209247529507, 0.37599417567253113, 0.5157619714736938, 0.0041534374468028545, 0.36633458733558655, 0.544315755367279, 0.007456664461642504, 0.35151684284210205, 0.5208581686019897, 0.02476530522108078, 0.38924533128738403, 0.49825841188430786, 0.01750948466360569, 0.39233165979385376, 0.524065375328064, 0.017219651490449905, 0.3865145146846771, 0.5449652075767517, 0.02165629155933857]"
[],"[0.3103712499141693, 0.6775283813476562, -5.460686338665255e-07, 0.2738560438156128, 0.5848621129989624, -0.020961914211511612, 0.2702966630458832, 0.4863843321800232, -0.03220181539654732, 0.3077782392501831, 0.4361020624637604, -0.0441649854183197, 0.35033634305000305, 0.4330451786518097, -0.05216442048549652, 0.3299940824508667, 0.4492228925228119, -0.0026735393330454826, 0.34680986404418945, 0.3783503770828247, -0.03241267800331116, 0.32015079259872437, 0.4237560033798218, -0.04851311445236206, 0.3134990334510803, 0.475272536277771, -0.055699028074741364, 0.36549806594848633, 0.4734189510345459, -0.005068057216703892, 0.3915557265281677, 0.4010399281978607, -0.038577139377593994, 0.35587847232818604, 0.45326223969459534, -0.04656009003520012, 0.3444853127002716, 0.5053291320800781, -0.042665354907512665, 0.3934936821460724, 0.5082667469978333, -0.013094360008835793, 0.40973663330078125, 0.44036081433296204, -0.04796893522143364, 0.3725033104419708, 0.49123257398605347, -0.041524823755025864, 0.3634916841983795, 0.5394698977470398, -0.02693791501224041, 0.41653236746788025, 0.5598398447036743, -0.022948583588004112, 0.41799208521842957, 0.4951263666152954, -0.04585867375135422, 0.3875809907913208, 0.5258182287216187, -0.04002152010798454, 0.37917837500572205, 0.5645233988761902, -0.029116595163941383]"
"[0.5561596155166626, 0.5663373470306396, -7.46151016528529e-08, 0.5795883536338806, 0.5220268368721008, -0.021272776648402214, 0.5998084545135498, 0.4749292731285095, -0.03844965621829033, 0.6188434958457947, 0.45856621861457825, -0.056287650018930435, 0.6250766515731812, 0.4677046537399292, -0.07365109026432037, 0.5433885455131531, 0.4056369662284851, -0.0239102803170681, 0.5196583867073059, 0.37246161699295044, -0.0533333495259285, 0.5247617363929749, 0.40468037128448486, -0.07272721081972122, 0.5384072065353394, 0.43751445412635803, -0.0813855305314064, 0.522850751876831, 0.44320958852767944, -0.02525940164923668, 0.5078384280204773, 0.43484845757484436, -0.05928602069616318, 0.5292161703109741, 0.4826657176017761, -0.07303587347269058, 0.552984893321991, 0.5218735337257385, -0.07530136406421661, 0.5095769762992859, 0.4819142520427704, -0.02985779009759426, 0.49995970726013184, 0.4879479706287384, -0.05959799513220787, 0.5241447687149048, 0.5281652212142944, -0.06271766126155853, 0.5472994446754456, 0.558197021484375, -0.056844472885131836, 0.5024572014808655, 0.5196124315261841, -0.03640495613217354, 0.49105018377304077, 0.5245286822319031, -0.053835634142160416, 0.5085405111312866, 0.5530234575271606, -0.05296894162893295, 0.5286509990692139, 0.5726949572563171, -0.047255437821149826]",[]
[],"[0.30459409952163696, 0.6748762130737305, -6.57562281958235e-07, 0.2687571048736572, 0.5789788961410522, -0.015481190755963326, 0.2615911364555359, 0.4793890416622162, -0.025189587846398354, 0.2978479862213135, 0.42773890495300293, -0.038400229066610336, 0.34339573979377747, 0.42536836862564087, -0.048642951995134354, 0.32593289017677307, 0.442797988653183, 0.010296104475855827, 0.3294771611690521, 0.3633679747581482, -0.020433150231838226, 0.30107298493385315, 0.4071177840232849, -0.03770344331860542, 0.29625457525253296, 0.45767471194267273, -0.04539857432246208, 0.3607572317123413, 0.4617499113082886, 0.004596292041242123, 0.373119592666626, 0.37971168756484985, -0.03095671720802784, 0.3348682224750519, 0.43602776527404785, -0.0400489903986454, 0.32812023162841797, 0.48893824219703674, -0.036258764564991, 0.392024427652359, 0.4923959970474243, -0.007248887326568365, 0.3971724510192871, 0.4137745201587677, -0.044503096491098404, 0.3552110493183136, 0.47396373748779297, -0.03928731754422188, 0.3510407507419586, 0.5276351571083069, -0.024948924779891968, 0.41921862959861755, 0.5430463552474976, -0.020599905401468277, 0.41291600465774536, 0.4640544652938843, -0.044617652893066406, 0.3791026473045349, 0.5031505227088928, -0.03926229104399681, 0.3746083676815033, 0.5497837066650391, -0.028385071083903313]"
[],"[0.3117339015007019, 0.6709470748901367, -5.437523782347853e-07, 0.2645188868045807, 0.5634410977363586, -0.0062410044483840466, 0.2575453221797943, 0.46604567766189575, -0.008100301027297974, 0.29884669184684753, 0.4176601469516754, -0.01579923741519451, 0.3441489040851593, 0.4250456392765045, -0.02196783386170864, 0.30960726737976074, 0.4207492768764496, 0.023496577516198158, 0.3275242745876312, 0.35839274525642395, -0.0006092420080676675, 0.31016647815704346, 0.4039429724216461, -0.01901312544941902, 0.30103251338005066, 0.4460020065307617, -0.028071196749806404, 0.34501203894615173, 0.44342681765556335, 0.014078846201300621, 0.37147387862205505, 0.37370777130126953, -0.012873861938714981, 0.3458167612552643, 0.4321994483470917, -0.025195758789777756, 0.3310151696205139, 0.4828660786151886, -0.02504979446530342, 0.3775905668735504, 0.47616511583328247, -0.0004064308013767004, 0.39903873205184937, 0.40885797142982483, -0.028011489659547806, 0.3685815632343292, 0.46591052412986755, -0.0262331273406744, 0.3519727289676666, 0.5171874165534973, -0.015324669890105724, 0.4072752892971039, 0.5245734453201294, -0.015979794785380363, 0.4141610562801361, 0.46497786045074463, -0.0313086099922657, 0.38833367824554443, 0.5036346316337585, -0.023343781009316444, 0.37547847628593445, 0.5448648929595947, -0.011870307847857475]"
[],"[0.30073243379592896, 0.6805211901664734, -5.07730817389529e-07, 0.2690691351890564, 0.5566921830177307, -0.00504800071939826, 0.27059388160705566, 0.4513380229473114, -0.007376945111900568, 0.31691253185272217, 0.4134984314441681, -0.016408467665314674, 0.364767849445343, 0.43776431679725647, -0.023479977622628212, 0.31411275267601013, 0.4232805073261261, 0.02658523991703987, 0.34050047397613525, 0.35126781463623047, 0.0003906081255991012, 0.32153865694999695, 0.39592158794403076, -0.01951461471617222, 0.31058424711227417, 0.4414926767349243, -0.02887776866555214, 0.3477950990200043, 0.45225369930267334, 0.01662323996424675, 0.38198739290237427, 0.3813614547252655, -0.013236927799880505, 0.35350385308265686, 0.4380951225757599, -0.02765420451760292, 0.3360311985015869, 0.4899194538593292, -0.027937335893511772, 0.3794514238834381, 0.4883362352848053, 0.0013095971662551165, 0.4085332453250885, 0.4221813380718231, -0.025888266041874886, 0.3755647540092468, 0.47329312562942505, -0.02528468705713749, 0.35469627380371094, 0.5250066518783569, -0.01477219071239233, 0.40783315896987915, 0.5376434326171875, -0.015450600534677505, 0.4202089309692383, 0.4750058054924011, -0.028721848502755165, 0.39247095584869385, 0.5074461102485657, -0.021669553592801094, 0.3760021924972534, 0.5486269593238831, -0.011124702170491219]"
[],"[0.30037203431129456, 0.6764097809791565, -4.936165964863903e-07, 0.2688745856285095, 0.5527898073196411, -0.006400638725608587, 0.27003103494644165, 0.44908928871154785, -0.010097332298755646, 0.3158499598503113, 0.4120175540447235, -0.02016310766339302, 0.36306506395339966, 0.43694424629211426, -0.028327802196145058, 0.31596529483795166, 0.4201350212097168, 0.02330722101032734, 0.34084609150886536, 0.3518580496311188, -0.0036117343697696924, 0.3214973509311676, 0.3957669734954834, -0.024170318618416786, 0.31034693121910095, 0.4396904408931732, -0.03410785272717476, 0.3500109910964966, 0.44971805810928345, 0.013525981456041336, 0.3810299336910248, 0.38001754879951477, -0.01606583409011364, 0.35355910658836365, 0.4352773129940033, -0.030349042266607285, 0.33713656663894653, 0.48617950081825256, -0.031019816175103188, 0.3815229833126068, 0.4868811070919037, -0.0015689419815316796, 0.40901198983192444, 0.4193262457847595, -0.028967641294002533, 0.37685999274253845, 0.4700867533683777, -0.02787836827337742, 0.35614675283432007, 0.5219448804855347, -0.01725013181567192, 0.4091469347476959, 0.5375906229019165, -0.018205072730779648, 0.4214951694011688, 0.47404295206069946, -0.03232870623469353, 0.3936123251914978, 0.5062509775161743, -0.024953685700893402, 0.3764494061470032, 0.5478339791297913, -0.014055691659450531]"
"[0.334322988986969, 0.6521862745285034, -2.3924053849100346e-08, 0.3397848606109619, 0.5407444834709167, 0.008243400603532791, 0.32758665084838867, 0.44961950182914734, 0.010332661680877209, 0.3430815637111664, 0.4102613925933838, 0.003943486604839563, 0.36741527915000916, 0.40208864212036133, 0.0009093904518522322, 0.26601099967956543, 0.42600101232528687, 0.03237477317452431, 0.3280690312385559, 0.3521216809749603, 0.01060357317328453, 0.3603953421115875, 0.3888794481754303, -0.007629248313605785, 0.3626868724822998, 0.4318547546863556, -0.01487380638718605, 0.2834668755531311, 0.44034621119499207, 0.018869346007704735, 0.35714811086654663, 0.3799285888671875, -0.0027523920871317387, 0.3777478039264679, 0.43121838569641113, -0.016206426545977592, 0.3660028874874115, 0.474254310131073, -0.019271360710263252, 0.3120066523551941, 0.45427995920181274, 0.001505044987425208, 0.384725421667099, 0.412542462348938, -0.01821174845099449, 0.39783841371536255, 0.4699466824531555, -0.022792620584368706, 0.38474971055984497, 0.5087462663650513, -0.018974030390381813, 0.34654536843299866, 0.47448456287384033, -0.016146516427397728, 0.4065798223018646, 0.45810145139694214, -0.023856399580836296, 0.4156731367111206, 0.4994645416736603, -0.020382007583975792, 0.4052141308784485, 0.5320203304290771, -0.014165781438350677]",[]
[],"[0.324821412563324, 0.645016074180603, 3.308344709296307e-09, 0.38195788860321045, 0.5671534538269043, -0.014045340940356255, 0.3930948078632355, 0.4658295214176178, -0.006709746550768614, 0.3879903256893158, 0.41285407543182373, 0.005047832150012255, 0.3782711625099182, 0.41833487153053284, 0.02161611244082451, 0.29687264561653137, 0.3945696949958801, 0.008464605547487736, 0.34234941005706787, 0.3393157124519348, 0.014707051217556, 0.36848852038383484, 0.3762334883213043, 0.01522756926715374, 0.37076228857040405, 0.41565990447998047, 0.016148341819643974, 0.27392011880874634, 0.41109955310821533, 0.02092360518872738, 0.32091280817985535, 0.35763782262802124, 0.030837347730994225, 0.35031530261039734, 0.3875424861907959, 0.03063998557627201, 0.3556441068649292, 0.42164677381515503, 0.028943361714482307, 0.2689019739627838, 0.4402949810028076, 0.031882062554359436, 0.30865398049354553, 0.37917354702949524, 0.037639159709215164, 0.33896303176879883, 0.399997740983963, 0.03317146748304367, 0.34596967697143555, 0.4307628571987152, 0.029391303658485413, 0.2759966254234314, 0.4681984782218933, 0.04224665090441704, 0.30742397904396057, 0.4071192145347595, 0.045517705380916595, 0.3292929530143738, 0.4152710735797882, 0.04523545503616333, 0.3352505564689636, 0.4379095435142517, 0.04505307227373123]"
[],"[0.2933650016784668, 0.6683571338653564, -1.0581234732853773e-07, 0.38200339674949646, 0.6080907583236694, -0.017550263553857803, 0.41491860151290894, 0.501865565776825, -0.01968647912144661, 0.40061110258102417, 0.4250601530075073, -0.018426384776830673, 0.3793719708919525, 0.4024312496185303, -0.01435408741235733, 0.32359445095062256, 0.38818860054016113, -0.011470041237771511, 0.3779287338256836, 0.34669601917266846, -0.01653834618628025, 0.3879041075706482, 0.4024476110935211, -0.024573471397161484, 0.3755951225757599, 0.438944011926651, -0.030723143368959427, 0.2787635326385498, 0.3995271325111389, -0.00462718028575182, 0.338423490524292, 0.3639047145843506, -0.005918004550039768, 0.35252195596694946, 0.40713992714881897, -0.011366094462573528, 0.34068483114242554, 0.4405338168144226, -0.017506901174783707, 0.25445571541786194, 0.4312191903591156, 0.0013387907529249787, 0.3080734312534332, 0.38877105712890625, -0.00018892365915235132, 0.3217569589614868, 0.42248332500457764, -0.0007368243532255292, 0.31157007813453674, 0.4527543783187866, -0.002585866954177618, 0.24331116676330566, 0.46613824367523193, 0.0061850277706980705, 0.2867754101753235, 0.4172581732273102, 0.006590400822460651, 0.29942160844802856, 0.44115692377090454, 0.011271144263446331, 0.2936389744281769, 0.4672238826751709, 0.013986061327159405]"
[],"[0.28825879096984863, 0.6526466012001038, -3.1660537302968805e-08, 0.38175055384635925, 0.6182069182395935, -0.006655172444880009, 0.4237483739852905, 0.5338510870933533, -0.008833260275423527, 0.41532206535339355, 0.45461639761924744, -0.008912799879908562, 0.3877285420894623, 0.42147737741470337, -0.0071096522733569145, 0.3663988411426544, 0.4005204737186432, -0.011067565530538559, 0.4075298011302948, 0.36119306087493896, -0.011435921303927898, 0.4133770167827606, 0.4140806794166565, -0.015002689324319363, 0.40428540110588074, 0.45041853189468384, -0.018212081864476204, 0.3156956732273102, 0.3932759761810303, -0.008776549249887466, 0.3682495057582855, 0.3659018278121948, -0.0002363112143939361, 0.37883755564689636, 0.40696632862091064, 0.000864095170982182, 0.36927488446235657, 0.43824031949043274, -0.0032298972364515066, 0.2778307795524597, 0.4115227460861206, -0.005719535052776337, 0.32938718795776367, 0.3849281668663025, 0.0019564346875995398, 0.3400545120239258, 0.41976821422576904, 0.005781217943876982, 0.33037811517715454, 0.45121657848358154, 0.003950377926230431, 0.2525893747806549, 0.43709465861320496, -0.002895610174164176, 0.29804614186286926, 0.4096810817718506, 0.004088371992111206, 0.30911457538604736, 0.4385315179824829, 0.012720759958028793, 0.30337411165237427, 0.4665639102458954, 0.017094802111387253]"
[],"[0.28622129559516907, 0.6528341770172119, -5.972424332867377e-08, 0.380363792181015, 0.6209089159965515, -0.007569648791104555, 0.4237740635871887, 0.5380743741989136, -0.010079341940581799, 0.4157901108264923, 0.46134239435195923, -0.010554482229053974, 0.3868604302406311, 0.43032747507095337, -0.009313171729445457, 0.3676680028438568, 0.40075480937957764, -0.010597563348710537, 0.4082549810409546, 0.37054526805877686, -0.011788176372647285, 0.41101449728012085, 0.42422473430633545, -0.017113862559199333, 0.39940857887268066, 0.45765966176986694, -0.022015204653143883, 0.31690260767936707, 0.39294153451919556, -0.008727287873625755, 0.36803799867630005, 0.37111151218414307, -0.0016972764860838652, 0.3764742314815521, 0.4130309522151947, -0.002106556436046958, 0.36480534076690674, 0.44281405210494995, -0.007317536044865847, 0.2785508632659912, 0.41057905554771423, -0.006296209525316954, 0.3292374610900879, 0.3873884379863739, -0.00012418221740517765, 0.33837994933128357, 0.42253705859184265, 0.002798360073938966, 0.3271495997905731, 0.452180415391922, 0.0004486402322072536, 0.2526674270629883, 0.43564072251319885, -0.004212626721709967, 0.2982153594493866, 0.41121408343315125, 0.0014776646858081222, 0.3077693581581116, 0.4407007396221161, 0.009529578499495983, 0.3004104197025299, 0.4672233462333679, 0.013449948281049728]"
[],"[0.29980409145355225, 0.67759770154953, -4.4086693407052735e-08, 0.3889071047306061, 0.6503315567970276, -0.0031479636672884226, 0.43440574407577515, 0.5711116790771484, -0.0017158944392576814, 0.433378666639328, 0.4909704029560089, 0.003675577463582158, 0.4089291989803314, 0.45505213737487793, 0.01143455971032381, 0.38838568329811096, 0.4329807460308075, -0.015933342278003693, 0.43311548233032227, 0.4008018970489502, -0.006222360767424107, 0.43589094281196594, 0.4503876566886902, 0.0011057715164497495, 0.4261721670627594, 0.4847067594528198, 0.004527484066784382, 0.33729302883148193, 0.4177250862121582, -0.011466003023087978, 0.39512449502944946, 0.3911229074001312, 0.0037947853561490774, 0.40324342250823975, 0.43263739347457886, 0.01192374899983406, 0.39202287793159485, 0.4645409882068634, 0.01255575567483902, 0.29794740676879883, 0.4301895499229431, -0.004218675661832094, 0.351475328207016, 0.4019809663295746, 0.009640593081712723, 0.3608624339103699, 0.4394285976886749, 0.01706903800368309, 0.350376158952713, 0.4737406373023987, 0.016795074567198753, 0.27062147855758667, 0.4536972641944885, 0.003520554630085826, 0.31519073247909546, 0.42606014013290405, 0.014402155764400959, 0.32618945837020874, 0.45520827174186707, 0.024082079529762268, 0.3220425844192505, 0.4839014708995819, 0.02876567654311657]"
"[0.5756306052207947, 0.5777242183685303, -7.047890449030092e-08, 0.5977892279624939, 0.5413321256637573, -0.02873131074011326, 0.6160645484924316, 0.5018884539604187, -0.05409376695752144, 0.6394991874694824, 0.4836972951889038, -0.07879193127155304, 0.6603476405143738, 0.4889659583568573, -0.10370901972055435, 0.5509597063064575, 0.4012368619441986, -0.03863426670432091, 0.533149242401123, 0.39121782779693604, -0.0721421018242836, 0.541056752204895, 0.4218391478061676, -0.09714002907276154, 0.5554550290107727, 0.4561367332935333, -0.10973013192415237, 0.5254451632499695, 0.4331236481666565, -0.03688748925924301, 0.5279683470726013, 0.470328688621521, -0.07090053707361221, 0.5510370135307312, 0.5161846876144409, -0.0864311084151268, 0.5746021270751953, 0.5551533699035645, -0.09155526012182236, 0.5092378258705139, 0.4747955799102783, -0.03818916901946068, 0.5175861716270447, 0.518174409866333, -0.06553114950656891, 0.5426111221313477, 0.556807816028595, -0.06906206905841827, 0.5660327076911926, 0.5891826152801514, -0.06529773026704788, 0.5003811120986938, 0.5162463784217834, -0.042555294930934906, 0.5057116746902466, 0.5504574775695801, -0.05860024690628052, 0.5258702039718628, 0.5834153890609741, -0.05818871408700943, 0.5449820756912231, 0.6042701005935669, -0.0533052496612072]","[0.5964356660842896, 0.4235690236091614, -2.766394118225435e-07, 0.5662379264831543, 0.3649123013019562, -0.013698107562959194, 0.5588904619216919, 0.27714863419532776, -0.01916455663740635, 0.5696016550064087, 0.20658351480960846, -0.025673039257526398, 0.5876753926277161, 0.15835992991924286, -0.029977625235915184, 0.5958308577537537, 0.2273024320602417, 0.007309761364012957, 0.6111351251602173, 0.17068228125572205, -0.013243475928902626, 0.6094593405723572, 0.1942293792963028, -0.027421075850725174, 0.6032885313034058, 0.23198841512203217, -0.033219948410987854, 0.6196660995483398, 0.246873676776886, 0.005061209201812744, 0.6369386315345764, 0.18809370696544647, -0.016751205548644066, 0.6227957010269165, 0.23509585857391357, -0.025644663721323013, 0.6099827885627747, 0.2793543338775635, -0.024791473522782326, 0.6399897336959839, 0.27587759494781494, -0.0015081060118973255, 0.6558423042297363, 0.22405803203582764, -0.02550441399216652, 0.6348331570625305, 0.2740790843963623, -0.02378121018409729, 0.6197580695152283, 0.3175053298473358, -0.014582176692783833, 0.6599034667015076, 0.31678417325019836, -0.009321179240942001, 0.6666011810302734, 0.2728569805622101, -0.026933880522847176, 0.6489516496658325, 0.30806344747543335, -0.02343946322798729, 0.6366448998451233, 0.34223246574401855, -0.015202966518700123]"
[],"[0.30630195140838623, 0.7011367082595825, -1.5613061066233058e-08, 0.39977210760116577, 0.6545678973197937, -0.0017600907012820244, 0.4454083740711212, 0.5630218386650085, 0.003410103265196085, 0.4432198405265808, 0.47674453258514404, 0.012414242140948772, 0.4202076494693756, 0.44049137830734253, 0.025303024798631668, 0.38483554124832153, 0.42684951424598694, -0.0013670502230525017, 0.43236061930656433, 0.38993239402770996, 0.012434872798621655, 0.43914681673049927, 0.4474690854549408, 0.021489690989255905, 0.43000537157058716, 0.48716452717781067, 0.02702169306576252, 0.3340596556663513, 0.42049136757850647, 0.004967899993062019, 0.39518746733665466, 0.38284504413604736, 0.022859876975417137, 0.40780332684516907, 0.4284551739692688, 0.030254896730184555, 0.3988625109195709, 0.46444782614707947, 0.03142686188220978, 0.29932504892349243, 0.4405941665172577, 0.013636496849358082, 0.3578656315803528, 0.40049195289611816, 0.03019140288233757, 0.3695314824581146, 0.43912941217422485, 0.037033721804618835, 0.35961902141571045, 0.47678470611572266, 0.03729995712637901, 0.27723002433776855, 0.4707401394844055, 0.02281252108514309, 0.324573278427124, 0.4268944561481476, 0.037575095891952515, 0.33675217628479004, 0.4561646580696106, 0.04860623553395271, 0.3333333134651184, 0.4887303113937378, 0.05463205277919769]"
[],"[0.31085580587387085, 0.7186585664749146, -2.638527405451896e-07, 0.40563568472862244, 0.6614629030227661, -0.011351563036441803, 0.4507136046886444, 0.5466527342796326, -0.005163590423762798, 0.45591220259666443, 0.4579129219055176, 0.005294283386319876, 0.4306652843952179, 0.4435502886772156, 0.019877232611179352, 0.37428706884384155, 0.4105755388736725, -0.0007705396274104714, 0.4393720328807831, 0.3690410852432251, 0.0011825993424281478, 0.44893118739128113, 0.4308525025844574, -0.002862174529582262, 0.43726181983947754, 0.47277775406837463, -0.006183913443237543, 0.33142441511154175, 0.41097337007522583, 0.00714122224599123, 0.4022727906703949, 0.3788836598396301, 0.013777275569736958, 0.41484200954437256, 0.43152403831481934, 0.011989114806056023, 0.4000498354434967, 0.46982717514038086, 0.008499161340296268, 0.3078632652759552, 0.4363126754760742, 0.014924151822924614, 0.369619220495224, 0.3984648585319519, 0.022310243919491768, 0.38358598947525024, 0.44230717420578003, 0.02303795889019966, 0.37371936440467834, 0.4795270264148712, 0.021123651415109634, 0.29730334877967834, 0.46992355585098267, 0.021719034761190414, 0.3445870280265808, 0.42817166447639465, 0.03016277775168419, 0.3563675284385681, 0.4585387110710144, 0.036852359771728516, 0.351413756608963, 0.49102696776390076, 0.04034087061882019]"
[],"[0.3579951822757721, 0.6902827620506287, -1.0765123192868487e-07, 0.41941842436790466, 0.6163309812545776, -0.025120185688138008, 0.4424639642238617, 0.5122588276863098, -0.019595598801970482, 0.4543611407279968, 0.44810837507247925, -0.007319848518818617, 0.4495117962360382, 0.4519704580307007, 0.011656957678496838, 0.35020506381988525, 0.4109882712364197, 0.0053445808589458466, 0.41541483998298645, 0.3556196391582489, 0.005442225839942694, 0.43763160705566406, 0.40447381138801575, 0.002038647187873721, 0.42959317564964294, 0.44502702355384827, 0.0011079604737460613, 0.33177250623703003, 0.4154936373233795, 0.02241223305463791, 0.3994930684566498, 0.3654156029224396, 0.02262226678431034, 0.42417246103286743, 0.4130174517631531, 0.01751124858856201, 0.41683799028396606, 0.4520389437675476, 0.015407830476760864, 0.3288646340370178, 0.4330843985080719, 0.03612372651696205, 0.3886079788208008, 0.38228708505630493, 0.03440636023879051, 0.4146284759044647, 0.4220251142978668, 0.026540962979197502, 0.410484254360199, 0.4559442102909088, 0.023063529282808304, 0.33439934253692627, 0.4535667896270752, 0.04808962345123291, 0.38153544068336487, 0.40825319290161133, 0.04488154873251915, 0.39920446276664734, 0.4317052662372589, 0.03978607803583145, 0.3952856659889221, 0.4592438340187073, 0.03769044950604439]"
[],"[0.35806623101234436, 0.6889955997467041, -9.446132764878712e-08, 0.41744017601013184, 0.6168237924575806, -0.023161303251981735, 0.4409167170524597, 0.5147477388381958, -0.019813619554042816, 0.45575323700904846, 0.45556819438934326, -0.011116841807961464, 0.45608481764793396, 0.4649210572242737, 0.004126401152461767, 0.3488021790981293, 0.41584447026252747, 0.004223264288157225, 0.41550785303115845, 0.3611406981945038, 0.0013857090380042791, 0.4352857172489166, 0.4112125337123871, -0.0034867438953369856, 0.4238719046115875, 0.4510982036590576, -0.005420241970568895, 0.33059653639793396, 0.4169006049633026, 0.0186892319470644, 0.39941561222076416, 0.3676646649837494, 0.015489436686038971, 0.42277005314826965, 0.41558659076690674, 0.009974794462323189, 0.41290706396102905, 0.4527222514152527, 0.007816282100975513, 0.3279748558998108, 0.43093907833099365, 0.0299094058573246, 0.38845908641815186, 0.3794236183166504, 0.02552305907011032, 0.41322025656700134, 0.4203183054924011, 0.01921667717397213, 0.40650370717048645, 0.4529834985733032, 0.017159197479486465, 0.33485284447669983, 0.44828885793685913, 0.03945139795541763, 0.38396671414375305, 0.4020870327949524, 0.034863147884607315, 0.40087804198265076, 0.42729684710502625, 0.031114280223846436, 0.39460477232933044, 0.4538584351539612, 0.030073242262005806]"
"[0.39286407828330994, 0.9260659217834473, -4.820092840418511e-07, 0.3375445008277893, 0.938274621963501, 0.014400550164282322, 0.286810040473938, 0.8933424353599548, 0.030225973576307297, 0.2605351507663727, 0.8449517488479614, 0.03783867135643959, 0.24781933426856995, 0.8039568662643433, 0.04339555278420448, 0.30102354288101196, 0.7720879316329956, 0.06233803927898407, 0.26400429010391235, 0.7127645015716553, 0.07215066254138947, 0.23790372908115387, 0.689888596534729, 0.06907147169113159, 0.2248738408088684, 0.6764971017837524, 0.06351892650127411, 0.3259515166282654, 0.7362210154533386, 0.050649866461753845, 0.27285531163215637, 0.6760609745979309, 0.05819069221615791, 0.24273578822612762, 0.6553272604942322, 0.04449767619371414, 0.22487100958824158, 0.6531620025634766, 0.032544903457164764, 0.358582466840744, 0.7143992185592651, 0.036278508603572845, 0.305276095867157, 0.6556676626205444, 0.03732409328222275, 0.27161407470703125, 0.6319699883460999, 0.024312680587172508, 0.24817019701004028, 0.6261630058288574, 0.014560903422534466, 0.3996467590332031, 0.7026581168174744, 0.021944131702184677, 0.36702677607536316, 0.6489503979682922, 0.016730887815356255, 0.3388441205024719, 0.6214544773101807, 0.011333943344652653, 0.3128809928894043, 0.6105103492736816, 0.008254009298980236]","[0.37054094672203064, 0.6167522072792053, -2.7876941999238625e-07, 0.32770252227783203, 0.5141376256942749, -0.01692265458405018, 0.33115124702453613, 0.40989893674850464, -0.021576832979917526, 0.3746716380119324, 0.36860597133636475, -0.026090992614626884, 0.4186757504940033, 0.3741925060749054, -0.029189199209213257, 0.38104188442230225, 0.41233745217323303, -0.003830760484561324, 0.4128376841545105, 0.3572309613227844, -0.023895159363746643, 0.40280476212501526, 0.3748421370983124, -0.03735562786459923, 0.39244818687438965, 0.4002481997013092, -0.04378526657819748, 0.4134017825126648, 0.44401344656944275, -0.003991774749010801, 0.4436364769935608, 0.4035840332508087, -0.027165886014699936, 0.4245844781398773, 0.4368443489074707, -0.03851906582713127, 0.4085792601108551, 0.469150185585022, -0.03994174674153328, 0.44025856256484985, 0.47932958602905273, -0.007498187478631735, 0.4689881503582001, 0.4456630051136017, -0.031994711607694626, 0.44319409132003784, 0.47989141941070557, -0.033119264990091324, 0.4241999387741089, 0.5089903473854065, -0.026570074260234833, 0.4606902599334717, 0.5237091779708862, -0.012057040818035603, 0.4784908890724182, 0.49399447441101074, -0.02937646582722664, 0.45363950729370117, 0.5199006795883179, -0.026090167462825775, 0.435676634311676, 0.5454860925674438, -0.018308958038687706]"
"[0.4028656780719757, 0.9425758123397827, -4.879514108324656e-07, 0.35253530740737915, 0.9423039555549622, 0.022236764430999756, 0.312954843044281, 0.8801547288894653, 0.04900649935007095, 0.28456658124923706, 0.8256101012229919, 0.06678751856088638, 0.2649598717689514, 0.7851313948631287, 0.08112674206495285, 0.34390488266944885, 0.7577875852584839, 0.09268482774496078, 0.31077632308006287, 0.6938918232917786, 0.11999591439962387, 0.27915194630622864, 0.6692945957183838, 0.12493979930877686, 0.2566668689250946, 0.6532065868377686, 0.12383950501680374, 0.3644949793815613, 0.7227824330329895, 0.08186811208724976, 0.3084898591041565, 0.6568887829780579, 0.10784678161144257, 0.2690648138523102, 0.634662389755249, 0.09566837549209595, 0.23984138667583466, 0.6315194368362427, 0.08310998976230621, 0.38646256923675537, 0.699589729309082, 0.06853821128606796, 0.324770987033844, 0.6353022456169128, 0.0857183188199997, 0.2871978282928467, 0.6131380200386047, 0.07099223881959915, 0.25906407833099365, 0.6046428680419922, 0.057639364153146744, 0.41059696674346924, 0.6912366151809692, 0.05586933344602585, 0.3684149980545044, 0.6227676868438721, 0.0623042918741703, 0.3375983238220215, 0.5939505100250244, 0.05974827706813812, 0.308265745639801, 0.5809715986251831, 0.05740001052618027]",[]
[],"[0.34740787744522095, 0.6095885038375854, -4.7258265567506896e-07, 0.30957138538360596, 0.5109944939613342, -0.00902345310896635, 0.30851757526397705, 0.4107538163661957, -0.008929756470024586, 0.3503234386444092, 0.3656662404537201, -0.01503785140812397, 0.39796504378318787, 0.37374353408813477, -0.018907494843006134, 0.3633555769920349, 0.3839879631996155, 0.0378200002014637, 0.3790387511253357, 0.32137471437454224, 0.015223102644085884, 0.3571615219116211, 0.36314308643341064, -0.0017944606952369213, 0.3515017032623291, 0.40378791093826294, -0.00898100808262825, 0.3951699137687683, 0.4044879674911499, 0.031323179602622986, 0.42197710275650024, 0.3306099772453308, 0.002938657533377409, 0.3886815309524536, 0.38148704171180725, -0.0112735815346241, 0.376067578792572, 0.4304550588130951, -0.009185331873595715, 0.42527785897254944, 0.43597611784935, 0.018444424495100975, 0.4494182765483856, 0.3642869293689728, -0.014715839177370071, 0.408674955368042, 0.42197468876838684, -0.015102583914995193, 0.3909972310066223, 0.4787105619907379, -0.0010850749677047133, 0.45413312315940857, 0.48576441407203674, 0.004438342992216349, 0.46525436639785767, 0.4171227514743805, -0.016777606680989265, 0.4338538646697998, 0.4501834511756897, -0.011525691486895084, 0.41844654083251953, 0.4955516457557678, 0.0012562241172417998]"
[],"[0.34206637740135193, 0.6046803593635559, -3.254539251429378e-07, 0.3062915802001953, 0.4949953854084015, -0.008383882232010365, 0.3054890036582947, 0.3879370093345642, -0.01005533430725336, 0.3541005849838257, 0.3492552638053894, -0.017275620251893997, 0.40310657024383545, 0.3720329701900482, -0.023108845576643944, 0.35367777943611145, 0.3665752410888672, 0.020355889573693275, 0.3743119537830353, 0.29553651809692383, -0.0045177629217505455, 0.36034345626831055, 0.3283388018608093, -0.02286897972226143, 0.3505162000656128, 0.3628237247467041, -0.030970053747296333, 0.3898124694824219, 0.39430323243141174, 0.012639332562685013, 0.41780543327331543, 0.3179049789905548, -0.015875214710831642, 0.39289823174476624, 0.36349228024482727, -0.02943253703415394, 0.37623903155326843, 0.41086989641189575, -0.028416262939572334, 0.4224277436733246, 0.4311510920524597, -0.00028792291413992643, 0.44829779863357544, 0.35643041133880615, -0.029183685779571533, 0.4142764210700989, 0.4077661633491516, -0.029396388679742813, 0.3915005922317505, 0.4613856375217438, -0.01762857846915722, 0.4515346884727478, 0.48192518949508667, -0.014407547190785408, 0.4631401300430298, 0.41516950726509094, -0.031087815761566162, 0.43635961413383484, 0.4445119798183441, -0.025400610640645027, 0.4185601472854614, 0.4865984618663788, -0.014279902912676334]"
[],"[0.3424067795276642, 0.6071635484695435, -3.262241250467923e-07, 0.30647605657577515, 0.49572500586509705, -0.009037545882165432, 0.30455857515335083, 0.38943955302238464, -0.011623391881585121, 0.35327965021133423, 0.34947699308395386, -0.01967197097837925, 0.4027654826641083, 0.3713160455226898, -0.026127131655812263, 0.35373440384864807, 0.3664153218269348, 0.020994514226913452, 0.3753213584423065, 0.29652929306030273, -0.004361128434538841, 0.360342800617218, 0.33019372820854187, -0.023415492847561836, 0.34967076778411865, 0.36594584584236145, -0.03206908702850342, 0.39001354575157166, 0.3939681649208069, 0.013370976783335209, 0.418489545583725, 0.3174037039279938, -0.015466171316802502, 0.3934507966041565, 0.3642672598361969, -0.02949392795562744, 0.37641438841819763, 0.41335800290107727, -0.028921036049723625, 0.42282816767692566, 0.43010416626930237, 0.0003800323756877333, 0.44987308979034424, 0.35581228137016296, -0.028367262333631516, 0.41626808047294617, 0.4070146977901459, -0.0281918253749609, 0.39316874742507935, 0.4612221121788025, -0.016397617757320404, 0.4520323872566223, 0.4804503917694092, -0.013958909548819065, 0.46385014057159424, 0.4142494201660156, -0.030241115018725395, 0.437750905752182, 0.4445245862007141, -0.02409183979034424, 0.4203798174858093, 0.4866562485694885, -0.012816865928471088]"
"[0.3488425314426422, 0.6132408380508423, 1.792865020888712e-07, 0.41755014657974243, 0.5590530633926392, 0.01900506392121315, 0.4352458119392395, 0.470681369304657, 0.03341648727655411, 0.45372650027275085, 0.41651949286460876, 0.03589962050318718, 0.45962443947792053, 0.39601120352745056, 0.04045744612812996, 0.35124266147613525, 0.3684226870536804, 0.07167323678731918, 0.39803630113601685, 0.31120890378952026, 0.05704553797841072, 0.41718992590904236, 0.3402450382709503, 0.03732357919216156, 0.4121907651424408, 0.3752790093421936, 0.02901090867817402, 0.34722068905830383, 0.36381852626800537, 0.05478937551379204, 0.40779441595077515, 0.319640576839447, 0.03801042586565018, 0.4222436249256134, 0.3724881410598755, 0.01930350251495838, 0.41187214851379395, 0.41515296697616577, 0.013622067868709564, 0.35141777992248535, 0.3645854592323303, 0.033088624477386475, 0.4301750957965851, 0.3464733064174652, 0.011544322595000267, 0.43174809217453003, 0.41422948241233826, 0.0035697147250175476, 0.4126144349575043, 0.4533383548259735, 0.007661451119929552, 0.3588191270828247, 0.37146955728530884, 0.012245254591107368, 0.43533405661582947, 0.371995210647583, 0.0028297093231230974, 0.43855780363082886, 0.4260033369064331, 0.00658329576253891, 0.42328065633773804, 0.46085068583488464, 0.014315608888864517]",[]
"[0.5744237303733826, 0.5850035548210144, -7.25030631087975e-08, 0.598214864730835, 0.5512062311172485, -0.027913957834243774, 0.6162536144256592, 0.5164074301719666, -0.05340446159243584, 0.6392773389816284, 0.5004841685295105, -0.07830793410539627, 0.6616447567939758, 0.5046987533569336, -0.10322248935699463, 0.5460254549980164, 0.40920111536979675, -0.03805321827530861, 0.5353641510009766, 0.4086202383041382, -0.07158583402633667, 0.546046793460846, 0.440898060798645, -0.09548007696866989, 0.5616248250007629, 0.47306960821151733, -0.10728482156991959, 0.5207249522209167, 0.4420528709888458, -0.037369824945926666, 0.5274112820625305, 0.48081618547439575, -0.07152700424194336, 0.5537186861038208, 0.5325678586959839, -0.08474305272102356, 0.5792334675788879, 0.5700591802597046, -0.08785101771354675, 0.5052542090415955, 0.48723387718200684, -0.03986087068915367, 0.5170934200286865, 0.5307422876358032, -0.06881667673587799, 0.5466591119766235, 0.5733010768890381, -0.0709553137421608, 0.5732723474502563, 0.6046190857887268, -0.06560876220464706, 0.49796411395072937, 0.5335168838500977, -0.04528658464550972, 0.5045624375343323, 0.570918619632721, -0.06314581632614136, 0.5278281569480896, 0.6034660339355469, -0.06270690262317657, 0.5491926074028015, 0.6215106844902039, -0.057420846074819565]","[0.6026462912559509, 0.42387694120407104, -3.1936858135850343e-07, 0.5677353143692017, 0.38002899289131165, -0.016457470133900642, 0.5560428500175476, 0.2890724539756775, -0.022911250591278076, 0.5664510726928711, 0.21492204070091248, -0.02940649352967739, 0.5836122035980225, 0.16469734907150269, -0.03348511457443237, 0.5941480398178101, 0.23017841577529907, 0.001258566859178245, 0.6084257364273071, 0.1737002432346344, -0.021025149151682854, 0.6042369604110718, 0.20316487550735474, -0.03527996689081192, 0.5983890891075134, 0.24543167650699615, -0.041232574731111526, 0.6188163161277771, 0.24745796620845795, -0.00019699653785210103, 0.6346468925476074, 0.18903085589408875, -0.023726817220449448, 0.6172313094139099, 0.24249200522899628, -0.031526003032922745, 0.6049785614013672, 0.2897375822067261, -0.02983626164495945, 0.639647901058197, 0.2745665907859802, -0.006229908671230078, 0.6538125276565552, 0.22309575974941254, -0.031437959522008896, 0.6310772895812988, 0.27791523933410645, -0.028580892831087112, 0.6181357502937317, 0.3220199942588806, -0.018942855298519135, 0.6604534387588501, 0.31305110454559326, -0.013769104145467281, 0.6624967455863953, 0.274904727935791, -0.03261435031890869, 0.644122838973999, 0.3143240511417389, -0.029491065070033073, 0.6341077089309692, 0.347184419631958, -0.021753080189228058]"
"[0.3595758080482483, 0.5518578290939331, -1.930828545937402e-07, 0.3505975604057312, 0.4585006833076477, -0.0047183348797261715, 0.35411524772644043, 0.3669857084751129, -0.010476173833012581, 0.38349929451942444, 0.329083114862442, -0.017927877604961395, 0.4063233733177185, 0.3250853419303894, -0.022330498322844505, 0.3111283481121063, 0.32571589946746826, -0.007888047955930233, 0.37318986654281616, 0.27335643768310547, -0.026605693623423576, 0.3914443552494049, 0.31050553917884827, -0.03887415677309036, 0.381499320268631, 0.3447023332118988, -0.04543168842792511, 0.3350757658481598, 0.35121622681617737, -0.014568471349775791, 0.39822766184806824, 0.315110981464386, -0.029646841809153557, 0.40943193435668945, 0.3535842001438141, -0.03613685071468353, 0.3946891725063324, 0.3780694603919983, -0.040004897862672806, 0.3675326704978943, 0.3813225030899048, -0.02284884639084339, 0.42486870288848877, 0.3567492961883545, -0.03782224282622337, 0.429764986038208, 0.394835889339447, -0.03657394275069237, 0.4133410155773163, 0.41456738114356995, -0.03410704806447029, 0.40089818835258484, 0.4144589900970459, -0.03154740482568741, 0.4446747601032257, 0.3931172788143158, -0.03873911127448082, 0.44324350357055664, 0.4269964396953583, -0.032290030270814896, 0.4283541738986969, 0.44830796122550964, -0.02651103585958481]",[]
[],"[0.3320543169975281, 0.5783750414848328, -4.726284785760981e-08, 0.4044133126735687, 0.5246517658233643, -0.020324720069766045, 0.42994236946105957, 0.42091259360313416, -0.014541851356625557, 0.42816856503486633, 0.3609289526939392, -0.002293354831635952, 0.4231923222541809, 0.3674141764640808, 0.014323229901492596, 0.33939793705940247, 0.3131725490093231, 0.0014818258350715041, 0.3953632712364197, 0.27608686685562134, 0.007719547487795353, 0.4150344729423523, 0.31930750608444214, 0.006173052359372377, 0.4092088043689728, 0.3538752496242523, 0.0038969500456005335, 0.3089659810066223, 0.3246087431907654, 0.017372282221913338, 0.3656410276889801, 0.28289395570755005, 0.023276900872588158, 0.3898848295211792, 0.3218432664871216, 0.020366031676530838, 0.3873502314090729, 0.3592557907104492, 0.01765415631234646, 0.29764050245285034, 0.35122308135032654, 0.0320025235414505, 0.3463036119937897, 0.30041611194610596, 0.03477722406387329, 0.3716031014919281, 0.32993873953819275, 0.029826002195477486, 0.37094226479530334, 0.36282896995544434, 0.02652008645236492, 0.2985619306564331, 0.3773256540298462, 0.045680880546569824, 0.33753952383995056, 0.3252643644809723, 0.04440078139305115, 0.3564445674419403, 0.34104397892951965, 0.04133041948080063, 0.3584851026535034, 0.36408162117004395, 0.039772581309080124]"
[],"[0.31389081478118896, 0.6043152809143066, -6.909572647373352e-08, 0.40380942821502686, 0.5592389106750488, -0.008937600068747997, 0.44610825181007385, 0.46016865968704224, -0.007012521382421255, 0.43950724601745605, 0.3864968419075012, -0.002953935880213976, 0.4150717556476593, 0.364877313375473, 0.0036488447804003954, 0.3698144257068634, 0.31092438101768494, -0.00025374675169587135, 0.4222733974456787, 0.29345065355300903, -0.00012653213343583047, 0.42815983295440674, 0.35198691487312317, -0.0069675748236477375, 0.41536813974380493, 0.3864196836948395, -0.013607222586870193, 0.31805405020713806, 0.32315054535865784, 0.0031065689399838448, 0.3788257837295532, 0.30482029914855957, 0.00720840273424983, 0.39072954654693604, 0.3525591790676117, 0.0032883272506296635, 0.3785104751586914, 0.3841377794742584, -0.0030252940487116575, 0.28580382466316223, 0.3615248203277588, 0.006162384990602732, 0.34094247221946716, 0.33459901809692383, 0.006938869599252939, 0.3545290231704712, 0.3718155026435852, 0.005981180816888809, 0.3446418046951294, 0.40246230363845825, 0.0031463075429201126, 0.2671932578086853, 0.4045739471912384, 0.008906803093850613, 0.3162916600704193, 0.373111367225647, 0.009635692462325096, 0.3283870220184326, 0.40130919218063354, 0.013502704910933971, 0.3235258162021637, 0.4273809790611267, 0.015236648730933666]"
[],"[0.3125191032886505, 0.6052952408790588, -8.316034438848874e-08, 0.4031352400779724, 0.5603153705596924, -0.008483660407364368, 0.44576171040534973, 0.4609982371330261, -0.006360978819429874, 0.439914733171463, 0.3862924575805664, -0.0022840145975351334, 0.41684821248054504, 0.36193838715553284, 0.004333699122071266, 0.3702075183391571, 0.3120774030685425, 0.0005746821989305317, 0.42203131318092346, 0.2931894361972809, 0.0005241736653260887, 0.4274652600288391, 0.35151833295822144, -0.006526095326989889, 0.41448304057121277, 0.38613784313201904, -0.013223825953900814, 0.31849437952041626, 0.32377567887306213, 0.0036722542718052864, 0.3787708282470703, 0.30433669686317444, 0.007653048262000084, 0.39003685116767883, 0.3518166244029999, 0.003563069039955735, 0.3774201571941376, 0.38325709104537964, -0.00282357819378376, 0.2861155569553375, 0.36128678917884827, 0.006466356571763754, 0.34104686975479126, 0.33300983905792236, 0.007491135969758034, 0.3538263440132141, 0.369892954826355, 0.006831035017967224, 0.3435411751270294, 0.4003356993198395, 0.004131522495299578, 0.2672482132911682, 0.40369829535484314, 0.008933711796998978, 0.31624549627304077, 0.3708430826663971, 0.010188469663262367, 0.32784920930862427, 0.39913085103034973, 0.014611057937145233, 0.32265448570251465, 0.42545169591903687, 0.016717219725251198]"
[],"[0.3042532503604889, 0.6305495500564575, -8.927056427410207e-08, 0.3985178470611572, 0.6122707724571228, -0.0037925641518086195, 0.4470597505569458, 0.5290682315826416, -0.003344952128827572, 0.4462830126285553, 0.44265541434288025, -0.00013246916932985187, 0.42331463098526, 0.4015476107597351, 0.0048491512425243855, 0.40753060579299927, 0.37277355790138245, -0.010773480869829655, 0.4551073908805847, 0.3506733775138855, -0.0051614465191960335, 0.4529644250869751, 0.40619057416915894, -0.0045178839936852455, 0.4395994246006012, 0.438778817653656, -0.006167471408843994, 0.3556973338127136, 0.35546955466270447, -0.007962508127093315, 0.413070410490036, 0.3472353518009186, 0.006450076587498188, 0.41646111011505127, 0.39305731654167175, 0.010654660873115063, 0.40161076188087463, 0.4215205907821655, 0.007526622619479895, 0.31431543827056885, 0.3696788251399994, -0.0033040691632777452, 0.3676261007785797, 0.3579985499382019, 0.008552991785109043, 0.37269631028175354, 0.3985031545162201, 0.014002911746501923, 0.35887932777404785, 0.4302547574043274, 0.012058218941092491, 0.28398311138153076, 0.3946972191333771, 0.001491169212386012, 0.3302549123764038, 0.3822689950466156, 0.010642307810485363, 0.33630818128585815, 0.4169480502605438, 0.019750848412513733, 0.32789868116378784, 0.4442245066165924, 0.02392549254000187]"
[],"[0.30872488021850586, 0.6495090126991272, -1.856521265608535e-07, 0.40281420946121216, 0.6351025104522705, -0.0053974115289747715, 0.4523201584815979, 0.553071141242981, -0.005202977918088436, 0.4500479996204376, 0.4687245786190033, -0.002124595921486616, 0.4245230257511139, 0.4323594570159912, 0.002542362315580249, 0.4106234014034271, 0.3980357348918915, -0.012155374512076378, 0.4540484547615051, 0.3839605152606964, -0.009406933560967445, 0.45055845379829407, 0.43842095136642456, -0.011473233811557293, 0.43640613555908203, 0.47211378812789917, -0.015010726638138294, 0.3591068685054779, 0.3818762004375458, -0.010060480795800686, 0.41437283158302307, 0.37818822264671326, 0.0001488257257733494, 0.41681399941444397, 0.42472323775291443, 0.0016280191484838724, 0.4013839364051819, 0.4537195563316345, -0.002814328297972679, 0.3187794089317322, 0.39663493633270264, -0.006385421846061945, 0.3705046772956848, 0.38735103607177734, 0.0010985109256580472, 0.37467068433761597, 0.4291926622390747, 0.004361061379313469, 0.3605935275554657, 0.460388720035553, 0.0018413948127999902, 0.28907763957977295, 0.42126888036727905, -0.002653517760336399, 0.33351072669029236, 0.4084736406803131, 0.0025312183424830437, 0.33879929780960083, 0.44356125593185425, 0.009764364920556545, 0.3299538493156433, 0.4696236848831177, 0.01301101129502058]"
[],"[0.3145962357521057, 0.6807954907417297, -8.569265474989152e-08, 0.4087880551815033, 0.6584700345993042, -0.0014890037709847093, 0.46469852328300476, 0.5742905735969543, 0.003104561474174261, 0.4679363965988159, 0.48522403836250305, 0.011028788052499294, 0.441588819026947, 0.44553738832473755, 0.021496739238500595, 0.42176690697669983, 0.42535343766212463, -0.003695234889164567, 0.46291568875312805, 0.39337819814682007, 0.008793426677584648, 0.4634236991405487, 0.4493526518344879, 0.014784159138798714, 0.4521663188934326, 0.4867779016494751, 0.017363598570227623, 0.3702164590358734, 0.408119797706604, 0.0008873531478457153, 0.42432481050491333, 0.3792727589607239, 0.020439397543668747, 0.4323551058769226, 0.42506587505340576, 0.026939773932099342, 0.4201301336288452, 0.4591684937477112, 0.025980396196246147, 0.32983827590942383, 0.4196540415287018, 0.007805660832673311, 0.379075288772583, 0.39118683338165283, 0.02568051405251026, 0.38904160261154175, 0.42949378490448, 0.030597591772675514, 0.3772664964199066, 0.4655541777610779, 0.028167251497507095, 0.3015499711036682, 0.44339585304260254, 0.015097379684448242, 0.34402239322662354, 0.41490232944488525, 0.030490323901176453, 0.3547094464302063, 0.44452518224716187, 0.040547385811805725, 0.34868234395980835, 0.47500771284103394, 0.044937554746866226]"
[],"[0.3381790816783905, 0.7016701698303223, -1.4706494688709881e-08, 0.42513376474380493, 0.670826256275177, -0.004337989259511232, 0.47053390741348267, 0.5714713335037231, 0.004656083881855011, 0.4724012613296509, 0.49446818232536316, 0.01674952730536461, 0.45149144530296326, 0.46895691752433777, 0.03208320587873459, 0.409527450799942, 0.4254130721092224, 0.009624249301850796, 0.4628165066242218, 0.4109649360179901, 0.018649233505129814, 0.4675300419330597, 0.4630734920501709, 0.019075481221079826, 0.45406681299209595, 0.4969087839126587, 0.017623886466026306, 0.3622884154319763, 0.4221818447113037, 0.014686016365885735, 0.4232979714870453, 0.4081725776195526, 0.028156034648418427, 0.43366172909736633, 0.4539388418197632, 0.028807228431105614, 0.4197475016117096, 0.4855903089046478, 0.0258508138358593, 0.3314743638038635, 0.4492952227592468, 0.020065894350409508, 0.38521870970726013, 0.4224865734577179, 0.028704173862934113, 0.3969172537326813, 0.46031635999679565, 0.029147012159228325, 0.38570553064346313, 0.4899559020996094, 0.026798084378242493, 0.3126718997955322, 0.48575547337532043, 0.02550736628472805, 0.3616410493850708, 0.45767146348953247, 0.030909869819879532, 0.3710319995880127, 0.4867944121360779, 0.035472214221954346, 0.3639814853668213, 0.511614978313446, 0.03786804527044296]"
[],"[0.33744657039642334, 0.7032882571220398, 1.7678141617238907e-08, 0.4253588616847992, 0.6715602874755859, -0.007190663833171129, 0.4729095995426178, 0.5686243772506714, 0.0008473790367133915, 0.4770970642566681, 0.492175430059433, 0.01208433136343956, 0.45662418007850647, 0.46906161308288574, 0.02665543742477894, 0.40640324354171753, 0.42537206411361694, 0.007729574106633663, 0.4625105857849121, 0.4115111827850342, 0.014699215069413185, 0.46504032611846924, 0.4630100727081299, 0.013417305424809456, 0.45019957423210144, 0.4945032596588135, 0.010525600984692574, 0.35779136419296265, 0.42462655901908875, 0.01326319482177496, 0.4204193949699402, 0.41119998693466187, 0.02414456196129322, 0.43012145161628723, 0.45663636922836304, 0.023295080289244652, 0.4160206913948059, 0.4872157871723175, 0.01941566728055477, 0.3267502784729004, 0.45385390520095825, 0.01867329142987728, 0.38132667541503906, 0.4290369749069214, 0.025344960391521454, 0.39308229088783264, 0.46592485904693604, 0.024907775223255157, 0.38169023394584656, 0.4936559796333313, 0.02200264297425747, 0.30908825993537903, 0.4915812015533447, 0.02378477342426777, 0.3595917522907257, 0.46918556094169617, 0.02792634628713131, 0.3681824803352356, 0.4960935413837433, 0.031399134546518326, 0.3598114252090454, 0.5175487399101257, 0.03278912603855133]"
"[0.42544639110565186, 0.635651171207428, -1.5426831367904015e-08, 0.4486842453479767, 0.6080103516578674, -0.03334209695458412, 0.44736164808273315, 0.5242070555686951, -0.04257127270102501, 0.44776472449302673, 0.46068286895751953, -0.04679851606488228, 0.4415658116340637, 0.43018531799316406, -0.04731524735689163, 0.381972074508667, 0.43108171224594116, -0.014780215919017792, 0.4176170527935028, 0.3840925693511963, -0.030269259586930275, 0.44030171632766724, 0.41525304317474365, -0.044478096067905426, 0.43619072437286377, 0.4518406391143799, -0.05263145640492439, 0.3829227387905121, 0.43148916959762573, -0.003539940807968378, 0.414333313703537, 0.38257333636283875, -0.017998794093728065, 0.4397197365760803, 0.4113611578941345, -0.028768735006451607, 0.438119113445282, 0.4464039206504822, -0.03421541303396225, 0.3868587613105774, 0.44355279207229614, 0.0032230291981250048, 0.4168842136859894, 0.3900505304336548, -0.013376587070524693, 0.4398166239261627, 0.4165883958339691, -0.01622781530022621, 0.43736401200294495, 0.44734838604927063, -0.015107952058315277, 0.3899628818035126, 0.4619617760181427, 0.007155350875109434, 0.4179900288581848, 0.41088590025901794, -0.007824602536857128, 0.4349733889102936, 0.4312014877796173, -0.00858264323323965, 0.43375301361083984, 0.45741361379623413, -0.006329819560050964]",[]
"[0.5714930295944214, 0.5814543962478638, -3.188338126847157e-08, 0.5949505567550659, 0.545917809009552, -0.0274572242051363, 0.6121318936347961, 0.5104678869247437, -0.05225770175457001, 0.6356475353240967, 0.496064156293869, -0.0768757313489914, 0.6579750776290894, 0.4996996819972992, -0.10120929777622223, 0.5450551509857178, 0.40768325328826904, -0.03886425122618675, 0.5343006253242493, 0.41517218947410583, -0.0739918127655983, 0.5474200248718262, 0.44836515188217163, -0.09705384075641632, 0.5653784871101379, 0.47420886158943176, -0.10808991640806198, 0.5185000896453857, 0.4436906576156616, -0.03874862194061279, 0.5273224115371704, 0.4887509047985077, -0.07424652576446533, 0.5554996132850647, 0.5374280214309692, -0.08642946183681488, 0.5813338160514832, 0.5667899250984192, -0.08879810571670532, 0.5015106201171875, 0.4908860921859741, -0.04193629324436188, 0.5153629183769226, 0.5403503775596619, -0.07292479276657104, 0.5472381114959717, 0.5820533037185669, -0.07430839538574219, 0.5752014517784119, 0.6079553365707397, -0.06819451600313187, 0.4932714104652405, 0.5389565825462341, -0.047994229942560196, 0.5043329000473022, 0.5822869539260864, -0.06681887805461884, 0.530495822429657, 0.6110799312591553, -0.06676791608333588, 0.554302990436554, 0.6233947277069092, -0.06166400387883186]",[]
[],"[0.3859473168849945, 0.6272531747817993, -8.500860815274791e-08, 0.38465598225593567, 0.5490055084228516, -0.010191052220761776, 0.39544352889060974, 0.4585004448890686, -0.015114624053239822, 0.419071763753891, 0.4149252474308014, -0.020150722935795784, 0.43510860204696655, 0.40683093667030334, -0.020739519968628883, 0.3519816994667053, 0.3973461985588074, -0.0044928486458957195, 0.41206979751586914, 0.3528550863265991, -0.021790215745568275, 0.4234941601753235, 0.3943693935871124, -0.032867226749658585, 0.4086032211780548, 0.429362416267395, -0.0376245342195034, 0.3721221685409546, 0.41988301277160645, -0.0067727770656347275, 0.42745524644851685, 0.38298630714416504, -0.021212095394730568, 0.43574535846710205, 0.4245876967906952, -0.02695031464099884, 0.42265570163726807, 0.45352038741111755, -0.028510475531220436, 0.39822840690612793, 0.45131203532218933, -0.011544810608029366, 0.4439171552658081, 0.42093753814697266, -0.025194978341460228, 0.448988676071167, 0.46035072207450867, -0.021975582465529442, 0.4376349449157715, 0.48467859625816345, -0.016831250861287117, 0.4245637357234955, 0.48714345693588257, -0.017250463366508484, 0.45772624015808105, 0.4578554332256317, -0.023417651653289795, 0.4586208164691925, 0.4851919412612915, -0.016474789008498192, 0.4506029188632965, 0.5044122934341431, -0.009550932794809341]"
[],"[0.6240194439888, 0.6394385695457458, -5.345327735994942e-07, 0.5867704749107361, 0.5328744649887085, -0.017857663333415985, 0.5944775342941284, 0.4192101061344147, -0.025227045640349388, 0.653328537940979, 0.3938829004764557, -0.0357535295188427, 0.6988092660903931, 0.4383764863014221, -0.042800139635801315, 0.6415544748306274, 0.3794776499271393, 0.0019226082367822528, 0.6766523122787476, 0.3144962191581726, -0.031068187206983566, 0.6507245302200317, 0.36899954080581665, -0.05085869878530502, 0.6356036067008972, 0.4013170599937439, -0.060751572251319885, 0.6772659420967102, 0.4192890226840973, -0.005116632208228111, 0.7135650515556335, 0.3548848032951355, -0.03930966928601265, 0.6765851378440857, 0.41552498936653137, -0.05020145699381828, 0.6600311398506165, 0.4466002583503723, -0.04920242354273796, 0.7070894837379456, 0.4657716453075409, -0.018172219395637512, 0.7436925768852234, 0.4075509011745453, -0.05185721814632416, 0.6978691816329956, 0.4692583382129669, -0.04625796526670456, 0.6727575063705444, 0.5065925121307373, -0.03250262141227722, 0.7306894063949585, 0.5219460725784302, -0.033462077379226685, 0.7470276355743408, 0.47598087787628174, -0.05180643871426582, 0.712760865688324, 0.5125862956047058, -0.04280100017786026, 0.694214403629303, 0.5418781638145447, -0.030808478593826294]"
[],"[0.6076288819313049, 0.6592495441436768, -5.331704642230761e-07, 0.5811144113540649, 0.5280449986457825, -0.014312684535980225, 0.5950189828872681, 0.4155571758747101, -0.024793079122900963, 0.6536259055137634, 0.3833404779434204, -0.04079020023345947, 0.6985784769058228, 0.42963331937789917, -0.05297049507498741, 0.6350849270820618, 0.3827819228172302, 0.007325111888349056, 0.6758134961128235, 0.30922192335128784, -0.028088819235563278, 0.6537867784500122, 0.37014952301979065, -0.0506129190325737, 0.6367589235305786, 0.4069145917892456, -0.06168472021818161, 0.6710962057113647, 0.4211404621601105, -0.0030277513433247805, 0.7113122344017029, 0.35169923305511475, -0.038945119827985764, 0.6793330311775208, 0.41961655020713806, -0.05125686153769493, 0.659845232963562, 0.45517611503601074, -0.051132768392562866, 0.7016755938529968, 0.46738487482070923, -0.01965360902249813, 0.7430810928344727, 0.4017418622970581, -0.05275678634643555, 0.702712893486023, 0.46816325187683105, -0.0491742268204689, 0.6746217608451843, 0.5133956074714661, -0.03640791401267052, 0.724473774433136, 0.522883415222168, -0.03870140016078949, 0.7502678036689758, 0.46545952558517456, -0.053079117089509964, 0.718889057636261, 0.5020870566368103, -0.043577540665864944, 0.6943098306655884, 0.5385400056838989, -0.03174547106027603]"
[],"[0.6163632273674011, 0.6236915588378906, -3.760634115224093e-07, 0.5924014449119568, 0.5075427293777466, -0.023994851857423782, 0.610456645488739, 0.39585110545158386, -0.027562562376260757, 0.6677342653274536, 0.37764257192611694, -0.03275241330265999, 0.7107745409011841, 0.4207923710346222, -0.0316651277244091, 0.6212892532348633, 0.3678669333457947, 0.006494906265288591, 0.6681495308876038, 0.303592324256897, -0.0298423171043396, 0.6507167220115662, 0.35962387919425964, -0.04625546932220459, 0.630034327507019, 0.3870973587036133, -0.050221074372529984, 0.6586594581604004, 0.407676100730896, 0.004688465967774391, 0.7014042139053345, 0.3533363342285156, -0.03264472633600235, 0.6725220680236816, 0.41836482286453247, -0.03938506916165352, 0.6543195247650146, 0.4353501498699188, -0.03265063092112541, 0.6913828253746033, 0.4541427791118622, -0.005651639774441719, 0.7296113967895508, 0.4137172996997833, -0.04361072927713394, 0.6926963329315186, 0.47779443860054016, -0.040485478937625885, 0.6689678430557251, 0.49930453300476074, -0.025697071105241776, 0.7172709107398987, 0.5063202977180481, -0.018787186592817307, 0.7449826002120972, 0.47035759687423706, -0.03855838626623154, 0.7171705365180969, 0.5078499913215637, -0.03307314217090607, 0.6972528100013733, 0.53168785572052, -0.022452397271990776]"
"[0.6154332160949707, 0.6050205230712891, -8.932010331363927e-08, 0.609246015548706, 0.5089003443717957, 0.0033900649286806583, 0.6081177592277527, 0.4224846363067627, -0.005744725465774536, 0.6283096075057983, 0.36668792366981506, -0.02094409428536892, 0.6530722379684448, 0.33628422021865845, -0.03230768069624901, 0.5646588802337646, 0.3661850094795227, 0.004464991856366396, 0.6343593597412109, 0.3101156949996948, -0.02430010586977005, 0.6568017601966858, 0.3498244285583496, -0.040673065930604935, 0.6533433794975281, 0.3911832869052887, -0.04704819619655609, 0.5751768350601196, 0.37093064188957214, -0.009487570263445377, 0.6573666334152222, 0.32314762473106384, -0.03444419801235199, 0.6733022928237915, 0.37687528133392334, -0.04136050119996071, 0.6619329452514648, 0.4168103039264679, -0.04091662913560867, 0.5961883664131165, 0.3815273344516754, -0.026055186986923218, 0.6781383752822876, 0.3568797707557678, -0.04872027039527893, 0.6893869638442993, 0.41749653220176697, -0.04508620500564575, 0.6797791719436646, 0.4544115960597992, -0.036535296589136124, 0.6253322958946228, 0.402362197637558, -0.04326535388827324, 0.6914637088775635, 0.4023410975933075, -0.05498206615447998, 0.7036887407302856, 0.44787168502807617, -0.049705710262060165, 0.7003540396690369, 0.4753686189651489, -0.04169042408466339]",[]
"[0.6143996119499207, 0.6053096055984497, -8.79638335504751e-08, 0.6091949939727783, 0.5082765221595764, 0.003996836952865124, 0.608729898929596, 0.4223788380622864, -0.00500261876732111, 0.6288657188415527, 0.3679814636707306, -0.02025042474269867, 0.6528550982475281, 0.3397047519683838, -0.031563207507133484, 0.5639912486076355, 0.3665270209312439, 0.005137888249009848, 0.63496994972229, 0.31120893359184265, -0.022718269377946854, 0.6572232246398926, 0.3506179749965668, -0.038119979202747345, 0.6537004113197327, 0.39071759581565857, -0.04397021606564522, 0.5744011998176575, 0.3708483576774597, -0.008800748735666275, 0.6579513549804688, 0.32842859625816345, -0.033351797610521317, 0.6731845736503601, 0.38211897015571594, -0.04018303006887436, 0.661129355430603, 0.42032331228256226, -0.03980402275919914, 0.5954681634902954, 0.38086438179016113, -0.025281252339482307, 0.6784688830375671, 0.3612101078033447, -0.04767702519893646, 0.6889315247535706, 0.42166876792907715, -0.04461894556879997, 0.6789688467979431, 0.457327663898468, -0.036520153284072876, 0.6247926354408264, 0.4005691409111023, -0.042298659682273865, 0.6913397908210754, 0.4025813341140747, -0.0534849539399147, 0.7036367058753967, 0.4472150206565857, -0.048532478511333466, 0.7003606557846069, 0.4743618965148926, -0.04082344099879265]",[]
[],"[0.5657782554626465, 0.6035997867584229, 2.1595485577563522e-07, 0.6479692459106445, 0.5880663394927979, -0.01628233678638935, 0.698764443397522, 0.5122746229171753, -0.019572844728827477, 0.6961572170257568, 0.4254510700702667, -0.016971949487924576, 0.6764194965362549, 0.3792482018470764, -0.011814040131866932, 0.6480349898338318, 0.3862687647342682, -0.026981303468346596, 0.6869007349014282, 0.3170374035835266, -0.0229592714458704, 0.7009721994400024, 0.3411621153354645, -0.015632344409823418, 0.7029251456260681, 0.3726022243499756, -0.010519370436668396, 0.598779559135437, 0.3640923500061035, -0.01746894046664238, 0.649746835231781, 0.3026162087917328, -0.00908326543867588, 0.6684162020683289, 0.33027327060699463, -0.0024197036400437355, 0.6675557494163513, 0.36518219113349915, -0.0001844751968747005, 0.5614230036735535, 0.37010931968688965, -0.006648620590567589, 0.6106626987457275, 0.32319319248199463, 0.001191239687614143, 0.6266173124313354, 0.35201072692871094, 0.007197520695626736, 0.6247119903564453, 0.38374292850494385, 0.007986380718648434, 0.5353893041610718, 0.3909391164779663, 0.003548246808350086, 0.5779688358306885, 0.35384368896484375, 0.00884240958839655, 0.5943288803100586, 0.3745766580104828, 0.015733027830719948, 0.5958080291748047, 0.3987874388694763, 0.019963784143328667]"
[],"[0.568783164024353, 0.6383917331695557, -1.223393475413559e-08, 0.6554956436157227, 0.6062699556350708, -0.010314550250768661, 0.7029039859771729, 0.5207781791687012, -0.011392527259886265, 0.7023645639419556, 0.4372588098049164, -0.00738963857293129, 0.6797294616699219, 0.405193954706192, 0.0005647053476423025, 0.6412668824195862, 0.38097047805786133, -0.016990315169095993, 0.6989713907241821, 0.3332579433917999, -0.013477983884513378, 0.7042009830474854, 0.38423416018486023, -0.009344746358692646, 0.6909672021865845, 0.4232119917869568, -0.006243768148124218, 0.5927397608757019, 0.3639927804470062, -0.00983242318034172, 0.6612053513526917, 0.3211326599121094, -0.0008980071288533509, 0.6730265617370605, 0.3667694330215454, 0.005735450889915228, 0.6602742075920105, 0.40325820446014404, 0.008368528448045254, 0.5601908564567566, 0.37499871850013733, -0.0012670480646193027, 0.6207336187362671, 0.3324941396713257, 0.008845697157084942, 0.6337767839431763, 0.3715325891971588, 0.016839560121297836, 0.6234303712844849, 0.40786609053611755, 0.01912800408899784, 0.5386980772018433, 0.3989308774471283, 0.006858103442937136, 0.5882607698440552, 0.3575175702571869, 0.015858905389904976, 0.6007921695709229, 0.386290043592453, 0.02588087134063244, 0.59614098072052, 0.4148654043674469, 0.03228823468089104]"
"[0.5743341445922852, 0.5787994861602783, -5.66728530770888e-08, 0.5957319736480713, 0.5425174236297607, -0.027769874781370163, 0.6127205491065979, 0.5045532584190369, -0.05262577161192894, 0.6348001956939697, 0.48868969082832336, -0.07706066220998764, 0.6564339399337769, 0.4925766885280609, -0.10095274448394775, 0.5429022312164307, 0.40782293677330017, -0.038697414100170135, 0.5337622165679932, 0.4062143862247467, -0.07350944727659225, 0.5478124618530273, 0.4381188154220581, -0.09609609097242355, 0.5663229823112488, 0.4680964946746826, -0.10605757683515549, 0.5166195631027222, 0.4418294429779053, -0.03787260502576828, 0.5280720591545105, 0.4867529273033142, -0.07188574224710464, 0.5561527609825134, 0.5331442356109619, -0.08278495818376541, 0.5816482305526733, 0.5610800385475159, -0.0840839073061943, 0.5004388093948364, 0.4870646595954895, -0.04051515460014343, 0.5173689723014832, 0.5380791425704956, -0.06882862001657486, 0.5487022399902344, 0.5765436887741089, -0.06942249089479446, 0.5759385824203491, 0.6005321145057678, -0.06302112340927124, 0.4927680790424347, 0.5336765646934509, -0.04625185206532478, 0.5031939148902893, 0.5762579441070557, -0.0626620426774025, 0.5286681652069092, 0.6041852235794067, -0.06164559721946716, 0.5520022511482239, 0.6163398623466492, -0.05593487620353699]","[0.5894486904144287, 0.4166066646575928, -3.21827428706456e-07, 0.5593661069869995, 0.36819231510162354, -0.0099174240604043, 0.5503966808319092, 0.27854666113853455, -0.013709788210690022, 0.5600592494010925, 0.21040984988212585, -0.019368376582860947, 0.5730767250061035, 0.15963295102119446, -0.023547420278191566, 0.5916278958320618, 0.22542689740657806, 0.00750307273119688, 0.6049249768257141, 0.1672951728105545, -0.012370296753942966, 0.6005057692527771, 0.18498188257217407, -0.02474195323884487, 0.5941012501716614, 0.22371894121170044, -0.029035426676273346, 0.6153603196144104, 0.24244199693202972, 0.003178653074428439, 0.6311653852462769, 0.18118268251419067, -0.018264165148139, 0.6113805174827576, 0.2331182062625885, -0.024104755371809006, 0.5984750986099243, 0.28050345182418823, -0.020327651873230934, 0.635758101940155, 0.2691253125667572, -0.005243191495537758, 0.6486698985099792, 0.21235843002796173, -0.028527360409498215, 0.6241440773010254, 0.265798419713974, -0.024723071604967117, 0.6108611226081848, 0.3114582300186157, -0.01396479457616806, 0.656182587146759, 0.30782830715179443, -0.01465973723679781, 0.6584399342536926, 0.26045113801956177, -0.03174441680312157, 0.6389822363853455, 0.297338604927063, -0.027409588918089867, 0.6288051009178162, 0.3331468403339386, -0.018512841314077377]"
[],"[0.5690850615501404, 0.6387470960617065, -8.936606121778823e-09, 0.6548692584037781, 0.6067233085632324, -0.01206276286393404, 0.7031399011611938, 0.5209460854530334, -0.013898179866373539, 0.7023444175720215, 0.43717658519744873, -0.010612229816615582, 0.6784684658050537, 0.4055761396884918, -0.0033280737698078156, 0.6402894258499146, 0.3795047104358673, -0.017655985429883003, 0.6989652514457703, 0.33167776465415955, -0.015670865774154663, 0.7047660946846008, 0.3831470310688019, -0.012513329274952412, 0.6913889646530151, 0.42240795493125916, -0.009900937788188457, 0.5923755764961243, 0.36364510655403137, -0.010463830083608627, 0.6616941094398499, 0.31728535890579224, -0.004218111280351877, 0.6740877628326416, 0.3640524744987488, 0.001289079082198441, 0.6613331437110901, 0.4022289216518402, 0.003937950823456049, 0.5603889226913452, 0.3752220571041107, -0.0021332537289708853, 0.6215054988861084, 0.32951995730400085, 0.005917047616094351, 0.6348819732666016, 0.3688700497150421, 0.013832896947860718, 0.6247480511665344, 0.40586382150650024, 0.01678317040205002, 0.5391647815704346, 0.3997933268547058, 0.00558505579829216, 0.588993489742279, 0.35565343499183655, 0.013416401110589504, 0.6015212535858154, 0.38428059220314026, 0.02353079989552498, 0.5969002842903137, 0.41310998797416687, 0.030312219634652138]"
[],"[0.6069848537445068, 0.6365662217140198, -1.3262295794902457e-07, 0.6426839232444763, 0.566940426826477, -0.023206591606140137, 0.6611328721046448, 0.4687226116657257, -0.01817409135401249, 0.6898871064186096, 0.42676541209220886, -0.007402500603348017, 0.7056029438972473, 0.4439813494682312, 0.00908408872783184, 0.5870945453643799, 0.37518373131752014, 0.004490166436880827, 0.6550506949424744, 0.3333792984485626, -0.0018110290402546525, 0.6715763807296753, 0.383232444524765, -0.008384838700294495, 0.662239134311676, 0.4231383800506592, -0.010780440643429756, 0.5937772393226624, 0.38799619674682617, 0.0161457359790802, 0.6594722270965576, 0.35645052790641785, 0.012049856595695019, 0.6723246574401855, 0.4018016457557678, 0.007735217455774546, 0.6644819378852844, 0.433715283870697, 0.00765748368576169, 0.6113475561141968, 0.41549548506736755, 0.023615168407559395, 0.6692413091659546, 0.3974386155605316, 0.01533884834498167, 0.6797142624855042, 0.44014737010002136, 0.008526993915438652, 0.67215496301651, 0.464436411857605, 0.007722839247435331, 0.6324281692504883, 0.4506307542324066, 0.029428649693727493, 0.6757529973983765, 0.4275738000869751, 0.021917002275586128, 0.6826574206352234, 0.4591546058654785, 0.01883314736187458, 0.6777064800262451, 0.48387840390205383, 0.019499581307172775]"
[],"[0.60789555311203, 0.6588388681411743, -1.6442359651591687e-07, 0.592549741268158, 0.5411877632141113, -0.02512851171195507, 0.6041802167892456, 0.4326213002204895, -0.028258701786398888, 0.655577540397644, 0.39474770426750183, -0.031998369842767715, 0.6942669153213501, 0.4079408049583435, -0.029979269951581955, 0.574210524559021, 0.3987462520599365, 0.018831603229045868, 0.638029932975769, 0.33372125029563904, -0.004985664039850235, 0.6401597857475281, 0.37449073791503906, -0.01962464489042759, 0.6216087937355042, 0.40503954887390137, -0.02417057380080223, 0.6087141633033752, 0.43176162242889404, 0.02355787716805935, 0.673032820224762, 0.3899105489253998, -0.0021386698354035616, 0.6619833111763, 0.436618834733963, -0.014150705188512802, 0.6378649473190308, 0.45648929476737976, -0.014342902228236198, 0.6412501931190491, 0.4658493995666504, 0.020155729725956917, 0.700670063495636, 0.45014849305152893, -0.00869747344404459, 0.6829881072044373, 0.4953346252441406, -0.01969398744404316, 0.6575166583061218, 0.5129901170730591, -0.016693636775016785, 0.6692012548446655, 0.49881306290626526, 0.014468954876065254, 0.7144030332565308, 0.48878782987594604, 5.14932326041162e-05, 0.702886700630188, 0.5166276693344116, -0.004008418880403042, 0.6828330159187317, 0.5310375094413757, -0.0014751736307516694]"
[],"[0.6209193468093872, 0.6191360354423523, -3.9760230663432594e-09, 0.5871603488922119, 0.5340017080307007, -0.022975146770477295, 0.5835952758789062, 0.4331608712673187, -0.0316922664642334, 0.6250402331352234, 0.39264583587646484, -0.04086226597428322, 0.6635090112686157, 0.3956530690193176, -0.048028647899627686, 0.5725305676460266, 0.4233230650424957, -0.00976133905351162, 0.6066660284996033, 0.3557629883289337, -0.040393345057964325, 0.620198130607605, 0.3648453950881958, -0.06189926341176033, 0.623162031173706, 0.3865564167499542, -0.07237730920314789, 0.6083185076713562, 0.4477952718734741, -0.011389452964067459, 0.6505439877510071, 0.3939320743083954, -0.04954411834478378, 0.6434420347213745, 0.4362345039844513, -0.06644324213266373, 0.6248936057090759, 0.4776291251182556, -0.0681583434343338, 0.6428187489509583, 0.47886228561401367, -0.017774946987628937, 0.6844186782836914, 0.42959126830101013, -0.05494958907365799, 0.6663025617599487, 0.4784110486507416, -0.0597374327480793, 0.6423584818840027, 0.5197126269340515, -0.051467157900333405, 0.6702736616134644, 0.5151751041412354, -0.025952760130167007, 0.69465571641922, 0.4898548722267151, -0.05022266507148743, 0.6772524118423462, 0.5221236348152161, -0.05012785270810127, 0.65791916847229, 0.5483769178390503, -0.042825210839509964]"
"[0.5785313844680786, 0.6035492420196533, 9.704670844712382e-08, 0.5653519630432129, 0.5298962593078613, 0.010175572708249092, 0.5616592764854431, 0.4535357654094696, 0.008442822843790054, 0.5809991359710693, 0.400610089302063, 8.890543540474027e-05, 0.6020623445510864, 0.36522185802459717, -0.005803545005619526, 0.4990861117839813, 0.43547457456588745, 0.01970318704843521, 0.545071005821228, 0.36702460050582886, 0.0033666605595499277, 0.5744197368621826, 0.3751450479030609, -0.008426902815699577, 0.5894517302513123, 0.3983613848686218, -0.013369684107601643, 0.5075364112854004, 0.42870283126831055, 0.006189587060362101, 0.5618503093719482, 0.3612750768661499, -0.006920302752405405, 0.591145932674408, 0.3787594437599182, -0.014233868569135666, 0.6038560271263123, 0.40787628293037415, -0.016129449009895325, 0.5264819264411926, 0.42637261748313904, -0.008976302109658718, 0.5839723944664001, 0.3647961914539337, -0.022199176251888275, 0.6094334125518799, 0.3936542272567749, -0.0225032027810812, 0.6184993982315063, 0.42426633834838867, -0.019019922241568565, 0.5529364347457886, 0.42915281653404236, -0.023748919367790222, 0.6034340858459473, 0.3933001160621643, -0.030741261318325996, 0.6270169019699097, 0.41690772771835327, -0.026626329869031906, 0.637742280960083, 0.44402337074279785, -0.020720599219202995]",[]
"[0.5716864466667175, 0.5790318250656128, -6.508588512588176e-08, 0.5955023765563965, 0.5391818881034851, -0.02340410090982914, 0.610815167427063, 0.4938984811306, -0.044015537947416306, 0.6311664581298828, 0.47188931703567505, -0.06464539468288422, 0.6514887809753418, 0.47287270426750183, -0.08514562994241714, 0.5412277579307556, 0.39839327335357666, -0.03205789253115654, 0.5318438410758972, 0.39963752031326294, -0.06382029503583908, 0.547610878944397, 0.4329031705856323, -0.08500511199235916, 0.5671232342720032, 0.46115031838417053, -0.09496095776557922, 0.5150806903839111, 0.43287211656570435, -0.032693419605493546, 0.5257740020751953, 0.4740520715713501, -0.06560985743999481, 0.5555533170700073, 0.5230476260185242, -0.07731509953737259, 0.5823031663894653, 0.554426372051239, -0.07922887057065964, 0.4988296627998352, 0.47995901107788086, -0.03634851425886154, 0.5148651003837585, 0.525788426399231, -0.06552527099847794, 0.5473966598510742, 0.5676606893539429, -0.06724803149700165, 0.575279951095581, 0.5945732593536377, -0.06128796562552452, 0.49119144678115845, 0.5289938449859619, -0.042405400425195694, 0.5025620460510254, 0.5687507390975952, -0.060451023280620575, 0.528476357460022, 0.5985335111618042, -0.060303255915641785, 0.5515706539154053, 0.6119870543479919, -0.05496680364012718]","[0.590764582157135, 0.4032287895679474, -3.167723150454549e-07, 0.5590283274650574, 0.35374346375465393, -0.011502370238304138, 0.5490002632141113, 0.2665470540523529, -0.015723735094070435, 0.558639407157898, 0.19926074147224426, -0.021671652793884277, 0.5727069973945618, 0.1501023769378662, -0.025851653888821602, 0.5913845896720886, 0.21385225653648376, 0.009579232893884182, 0.6047570109367371, 0.15662235021591187, -0.00988782662898302, 0.597684919834137, 0.176721453666687, -0.022760380059480667, 0.5900102257728577, 0.21452543139457703, -0.0275636687874794, 0.6140620112419128, 0.23076830804347992, 0.006350129377096891, 0.6297419667243958, 0.16893573105335236, -0.014908245764672756, 0.6092235445976257, 0.2142198234796524, -0.022570472210645676, 0.5955104231834412, 0.259507954120636, -0.020228631794452667, 0.6336533427238464, 0.25608253479003906, -0.0011652946704998612, 0.6472806930541992, 0.19857624173164368, -0.02443307265639305, 0.6220434904098511, 0.24807755649089813, -0.022218210622668266, 0.607568621635437, 0.2932131588459015, -0.012398334220051765, 0.6535330414772034, 0.29382020235061646, -0.009795313701033592, 0.6554046273231506, 0.24526554346084595, -0.02711489610373974, 0.6354053020477295, 0.2807050347328186, -0.023605234920978546, 0.6242088675498962, 0.3175349235534668, -0.015124295838177204]"
"[0.5766467452049255, 0.6020989418029785, 1.2192917608899734e-07, 0.5769651532173157, 0.5374357104301453, 0.01837753690779209, 0.5777871608734131, 0.46618571877479553, 0.02120044454932213, 0.5918905138969421, 0.4159905016422272, 0.0157493706792593, 0.6023489236831665, 0.3765007555484772, 0.011807101778686047, 0.5109742283821106, 0.4405570328235626, 0.03090931847691536, 0.5523506999015808, 0.3774857223033905, 0.020679766312241554, 0.5837360620498657, 0.3787385821342468, 0.012165004387497902, 0.6035522818565369, 0.39695680141448975, 0.008768614381551743, 0.5087414979934692, 0.431678831577301, 0.01551037561148405, 0.560062825679779, 0.3697737157344818, 0.00803203135728836, 0.5909897089004517, 0.3830077052116394, 0.0032235458493232727, 0.607292890548706, 0.40833064913749695, 0.0018983439076691866, 0.5168255567550659, 0.42500224709510803, -0.001095648854970932, 0.573236346244812, 0.36570626497268677, -0.008884851820766926, 0.6019574403762817, 0.3876914381980896, -0.007835445925593376, 0.6162757277488708, 0.41507068276405334, -0.0048574586398899555, 0.5342268347740173, 0.420036256313324, -0.016799524426460266, 0.584740400314331, 0.3820402920246124, -0.019707515835762024, 0.6115615963935852, 0.4001861810684204, -0.014992895536124706, 0.6254041194915771, 0.42436251044273376, -0.009652895852923393]",[]
[],"[0.5313573479652405, 0.6993800401687622, -2.898534035011835e-08, 0.6096394062042236, 0.6407535076141357, -0.019941873848438263, 0.6362297534942627, 0.520962119102478, -0.01628940738737583, 0.6182634830474854, 0.44034433364868164, -0.0063626463524997234, 0.5879710912704468, 0.4425206482410431, 0.007572485134005547, 0.5413738489151001, 0.4212074875831604, -0.005405864678323269, 0.597753643989563, 0.37093716859817505, -0.0008646565838716924, 0.6172808408737183, 0.41458749771118164, -0.0016936770407482982, 0.6148650646209717, 0.4526861906051636, -0.00296564819291234, 0.5014562606811523, 0.43681585788726807, 0.008345409296452999, 0.5635887384414673, 0.38881993293762207, 0.01471797376871109, 0.5836228132247925, 0.4274222254753113, 0.013879985548555851, 0.5764979124069214, 0.4645519256591797, 0.01213472057133913, 0.485446959733963, 0.4688502550125122, 0.021458527073264122, 0.5376769304275513, 0.41327711939811707, 0.02647724561393261, 0.5563825964927673, 0.44219648838043213, 0.02555880695581436, 0.5518115758895874, 0.4762175977230072, 0.023828189820051193, 0.48260095715522766, 0.5015877485275269, 0.03331899270415306, 0.521801233291626, 0.44705575704574585, 0.0373539961874485, 0.5355808734893799, 0.46567004919052124, 0.03981625661253929, 0.535144031047821, 0.4901544749736786, 0.041062597185373306]"
[],"[0.5277066826820374, 0.7107683420181274, -1.8173022908740677e-07, 0.6039458513259888, 0.6572102904319763, -0.006184155587106943, 0.6359885931015015, 0.5603724122047424, 0.0029946460854262114, 0.6311059594154358, 0.4895177483558655, 0.017383961006999016, 0.6067183613777161, 0.48655012249946594, 0.03637165203690529, 0.5587684512138367, 0.43589839339256287, 0.002864611567929387, 0.6058158874511719, 0.39213287830352783, 0.011759829707443714, 0.6186591386795044, 0.4406748414039612, 0.013464374467730522, 0.6140036582946777, 0.47849947214126587, 0.01353110559284687, 0.5172817707061768, 0.4456930160522461, 0.012881997041404247, 0.571766197681427, 0.3991217017173767, 0.023185715079307556, 0.5869290232658386, 0.4424602687358856, 0.024839479476213455, 0.5797715783119202, 0.4810028374195099, 0.024033620953559875, 0.4949369430541992, 0.47206956148147583, 0.024008234962821007, 0.5433722734451294, 0.41890016198158264, 0.03390651196241379, 0.5572997331619263, 0.45125633478164673, 0.0363352932035923, 0.5526179671287537, 0.4898219108581543, 0.036027517169713974, 0.48646217584609985, 0.5002729892730713, 0.03510688990354538, 0.5218894481658936, 0.4475618302822113, 0.04397011920809746, 0.5339465141296387, 0.4669419229030609, 0.04937051609158516, 0.5353441834449768, 0.49443888664245605, 0.05235055088996887]"
[],"[0.5241003632545471, 0.7306530475616455, -2.5156512606372416e-07, 0.6029800176620483, 0.6652544736862183, -0.012055882252752781, 0.6278013586997986, 0.5576022863388062, -0.00777028501033783, 0.613616406917572, 0.48497074842453003, 0.0003938036097679287, 0.5896449089050293, 0.4793833792209625, 0.012686722911894321, 0.541219174861908, 0.45906317234039307, 0.0003837686381302774, 0.6012629270553589, 0.41626638174057007, -0.0016258142422884703, 0.6127767562866211, 0.4714990258216858, -0.008698486723005772, 0.6001062989234924, 0.5087302327156067, -0.014020045287907124, 0.5041142702102661, 0.46857261657714844, 0.007827501744031906, 0.5679821968078613, 0.42281243205070496, 0.008127287030220032, 0.5817601084709167, 0.47044405341148376, 0.0037761980202049017, 0.5685023069381714, 0.5079470872879028, 0.00036133939283899963, 0.4882555305957794, 0.4927538335323334, 0.014690064825117588, 0.541776180267334, 0.44130268692970276, 0.017138859257102013, 0.5572047233581543, 0.4796189069747925, 0.017421172931790352, 0.5496918559074402, 0.5142183899879456, 0.016981447115540504, 0.48483410477638245, 0.5205594301223755, 0.020619412884116173, 0.5238891839981079, 0.4686611294746399, 0.02541404403746128, 0.5366904139518738, 0.4917594790458679, 0.03062180057168007, 0.5348206758499146, 0.5153392553329468, 0.03393783047795296]"
[],"[0.5258282423019409, 0.7293238639831543, -2.3799059079010476e-07, 0.6031882762908936, 0.6664679050445557, -0.012305810116231441, 0.6278641819953918, 0.559882640838623, -0.008285772986710072, 0.6141642332077026, 0.48877960443496704, -0.0005838668439537287, 0.5890343189239502, 0.48717162013053894, 0.0110151506960392, 0.5409751534461975, 0.4566105902194977, 0.001615445245988667, 0.6006319522857666, 0.4150310754776001, 0.0005724120419472456, 0.6123315095901489, 0.47027912735939026, -0.0064948867075145245, 0.5996412634849548, 0.5074678659439087, -0.012007542885839939, 0.5035393238067627, 0.468030720949173, 0.009113858453929424, 0.5665757060050964, 0.42452946305274963, 0.010614519007503986, 0.5808160305023193, 0.4713723659515381, 0.005788092501461506, 0.5680612921714783, 0.5083461403846741, 0.0016149180009961128, 0.4874943494796753, 0.49491846561431885, 0.016045015305280685, 0.5398387908935547, 0.4446553885936737, 0.01915769837796688, 0.5555897355079651, 0.48159050941467285, 0.01862846501171589, 0.5486525297164917, 0.5157889723777771, 0.017341522499918938, 0.48401492834091187, 0.5245622396469116, 0.022067546844482422, 0.5222597122192383, 0.4734685719013214, 0.027417486533522606, 0.5348408818244934, 0.495815634727478, 0.0325787179172039, 0.5332131385803223, 0.519284188747406, 0.03563205525279045]"
[],"[0.5330101251602173, 0.7728352546691895, -2.8332556212262716e-07, 0.602536678314209, 0.6835734844207764, -0.015621579252183437, 0.615054190158844, 0.5688342452049255, -0.011402231641113758, 0.600595235824585, 0.4943503141403198, -0.0032442016527056694, 0.5870537757873535, 0.4819689095020294, 0.009914709255099297, 0.5161876082420349, 0.49424389004707336, 0.002003988716751337, 0.5754683017730713, 0.4271641671657562, -0.000971726723946631, 0.5960870981216431, 0.4776758551597595, -0.007917281240224838, 0.5883129239082336, 0.5188093781471252, -0.012607391923666, 0.4857027530670166, 0.5098451972007751, 0.010630820877850056, 0.5495240688323975, 0.43966567516326904, 0.009591442532837391, 0.5703076124191284, 0.4840066134929657, 0.0061102379113435745, 0.5622283220291138, 0.5256350040435791, 0.003998061642050743, 0.47584715485572815, 0.5336784720420837, 0.017703192308545113, 0.5293444991111755, 0.46312007308006287, 0.018770573660731316, 0.5503855347633362, 0.49812719225883484, 0.020474130287766457, 0.5471078753471375, 0.5348598957061768, 0.02169514074921608, 0.47771528363227844, 0.5599417686462402, 0.023206235840916634, 0.5146943926811218, 0.49390774965286255, 0.02816622704267502, 0.5315962433815002, 0.5135233998298645, 0.03461093828082085, 0.5328001976013184, 0.5406914353370667, 0.039113327860832214]"
[],"[0.5846686363220215, 0.750091552734375, -2.214044343418209e-07, 0.5877407789230347, 0.6632615327835083, -0.027734827250242233, 0.5796038508415222, 0.5617226958274841, -0.02534014917910099, 0.5911717414855957, 0.5037544369697571, -0.01803044229745865, 0.6086417436599731, 0.5157390236854553, -0.005515686236321926, 0.5163450837135315, 0.5190120935440063, 0.012644988484680653, 0.5663884878158569, 0.45565250515937805, 0.0024032886140048504, 0.5870115160942078, 0.4895923435688019, -0.0072660320438444614, 0.5826238989830017, 0.5284429788589478, -0.011506130918860435, 0.5325714349746704, 0.534469485282898, 0.02432147040963173, 0.5791178941726685, 0.4722175896167755, 0.013356748037040234, 0.5964031219482422, 0.5070883631706238, 0.004870493896305561, 0.5917989015579224, 0.5414397120475769, 0.0035174807999283075, 0.5557565689086914, 0.5562086701393127, 0.03001100942492485, 0.6024627685546875, 0.5086470246315002, 0.014406692236661911, 0.6173500418663025, 0.5398452281951904, 0.004036499187350273, 0.6124224662780762, 0.5686742067337036, 0.003063688287511468, 0.5804425477981567, 0.5800187587738037, 0.03357602283358574, 0.6183235049247742, 0.5419721603393555, 0.02133309841156006, 0.6286004185676575, 0.5655874609947205, 0.01483885757625103, 0.6258867979049683, 0.5917056798934937, 0.014103828929364681]"
[],"[0.5878797769546509, 0.7281558513641357, -2.1782607007025945e-07, 0.5690959692001343, 0.6419508457183838, -0.01794060505926609, 0.5679144263267517, 0.5445822477340698, -0.023110097274184227, 0.5984140634536743, 0.49559491872787476, -0.028465064242482185, 0.6267348527908325, 0.49709102511405945, -0.029960354790091515, 0.5249900817871094, 0.5046277642250061, 4.982459722668864e-05, 0.582504153251648, 0.4324660897254944, -0.02220997028052807, 0.595980703830719, 0.47426843643188477, -0.0360804907977581, 0.5880575180053711, 0.5164695382118225, -0.0417754240334034, 0.5532800555229187, 0.5243249535560608, -2.837974898284301e-05, 0.610607385635376, 0.46373358368873596, -0.021588092669844627, 0.616155743598938, 0.5113518834114075, -0.030243365094065666, 0.6058132648468018, 0.5460169315338135, -0.030866730958223343, 0.5845242738723755, 0.5494270324707031, -0.004648790694773197, 0.6342786550521851, 0.5108470320701599, -0.027036797255277634, 0.6357863545417786, 0.5562337040901184, -0.029829053208231926, 0.6245635747909546, 0.5840831995010376, -0.02486085705459118, 0.6127177476882935, 0.5797240734100342, -0.01077670231461525, 0.6500896215438843, 0.5435317158699036, -0.02149905450642109, 0.6507276892662048, 0.575302243232727, -0.017469748854637146, 0.6427764892578125, 0.5994573831558228, -0.010747219435870647]"
"[0.5698736310005188, 0.5823462009429932, -9.317083282667227e-08, 0.5921157002449036, 0.5413175225257874, -0.02064480073750019, 0.6063573956489563, 0.4956789016723633, -0.03969380259513855, 0.6259863972663879, 0.4726907014846802, -0.05940581485629082, 0.6464386582374573, 0.47241485118865967, -0.0787634328007698, 0.5385926961898804, 0.3982522487640381, -0.027173183858394623, 0.5307011604309082, 0.3945366144180298, -0.05789439007639885, 0.5466410517692566, 0.42809727787971497, -0.07893282175064087, 0.565440833568573, 0.4588671624660492, -0.08855388313531876, 0.5134384036064148, 0.43169867992401123, -0.028529291972517967, 0.5256891250610352, 0.47262638807296753, -0.06028854474425316, 0.5554803609848022, 0.521955668926239, -0.07210599631071091, 0.5814999341964722, 0.5544306635856628, -0.07400646805763245, 0.4972291588783264, 0.4780767858028412, -0.03287685289978981, 0.5154447555541992, 0.5250450968742371, -0.059982139617204666, 0.5472732186317444, 0.564899206161499, -0.06195354834198952, 0.5737783908843994, 0.5915408730506897, -0.056410834193229675, 0.4888446629047394, 0.5268017053604126, -0.03953954949975014, 0.5018360614776611, 0.5661028623580933, -0.055234357714653015, 0.5271727442741394, 0.5944758653640747, -0.05456152558326721, 0.548886239528656, 0.6078303456306458, -0.04909326508641243]",[]
[],"[0.587138295173645, 0.729553759098053, -2.3153522477059596e-07, 0.5661014318466187, 0.6418084502220154, -0.01416986994445324, 0.5629692077636719, 0.5434353351593018, -0.019434098154306412, 0.5919472575187683, 0.4936906099319458, -0.02566457726061344, 0.6217830181121826, 0.492216020822525, -0.0282899159938097, 0.5241382122039795, 0.5039700865745544, -0.0012156751472502947, 0.583380401134491, 0.4309750199317932, -0.022258127108216286, 0.59615159034729, 0.4728585481643677, -0.034970905631780624, 0.586635172367096, 0.5139738321304321, -0.0404898077249527, 0.5508272051811218, 0.5236210227012634, -0.0032776331063359976, 0.6107814311981201, 0.4645657241344452, -0.02266079932451248, 0.6166510581970215, 0.5110262632369995, -0.029739966616034508, 0.6050480008125305, 0.5455589294433594, -0.030499272048473358, 0.5809603929519653, 0.548698902130127, -0.009166335687041283, 0.634118378162384, 0.5120644569396973, -0.028623713180422783, 0.6361368894577026, 0.5575369000434875, -0.029284648597240448, 0.6238786578178406, 0.5866931080818176, -0.024339158087968826, 0.6086559295654297, 0.5788480043411255, -0.016424722969532013, 0.6493967771530151, 0.5442864894866943, -0.02455306053161621, 0.6501421928405762, 0.5770724415779114, -0.01892048493027687, 0.6406428813934326, 0.6022880673408508, -0.01200613658875227]"
"[0.6184493899345398, 0.8117102980613708, 8.256438377429731e-08, 0.6343702077865601, 0.726676344871521, -0.021738672628998756, 0.6215826869010925, 0.6612644195556641, -0.030551636591553688, 0.5952240228652954, 0.6138484477996826, -0.039234012365341187, 0.570859968662262, 0.5752356648445129, -0.04726402834057808, 0.5510860681533813, 0.6159017086029053, -0.002095380099490285, 0.5308983325958252, 0.5744507312774658, -0.014190730638802052, 0.5342758297920227, 0.5674342513084412, -0.026056678965687752, 0.5435832142829895, 0.5642626881599426, -0.035031531006097794, 0.5256115794181824, 0.6547728776931763, 0.0017999322153627872, 0.49663376808166504, 0.6358104944229126, -0.011859459802508354, 0.4983642101287842, 0.6482157707214355, -0.02517034113407135, 0.5028334856033325, 0.6656630635261536, -0.03362639993429184, 0.5102469325065613, 0.6999320387840271, 0.0020249318331480026, 0.47891128063201904, 0.6895555853843689, -0.015039839781820774, 0.4770421087741852, 0.7064154148101807, -0.023927416652441025, 0.4813145697116852, 0.7319272756576538, -0.027805376797914505, 0.5052686333656311, 0.7489885091781616, 0.00044377835001796484, 0.47210389375686646, 0.754256010055542, -0.015342202968895435, 0.4666942059993744, 0.765689492225647, -0.02144833840429783, 0.4681054651737213, 0.7806205749511719, -0.023293709382414818]",[]
[],"[0.586602509021759, 0.7042058110237122, -4.2955315393555793e-07, 0.5327357053756714, 0.6102795004844666, -0.018191559240221977, 0.5138217210769653, 0.5126620531082153, -0.029061047360301018, 0.5508991479873657, 0.45960313081741333, -0.0430959016084671, 0.6009119749069214, 0.4693930745124817, -0.05500131845474243, 0.5683361887931824, 0.4639904797077179, 4.921201980323531e-05, 0.5861541032791138, 0.40577924251556396, -0.03474367782473564, 0.5697328448295593, 0.45500123500823975, -0.05880579352378845, 0.5588557720184326, 0.4928683638572693, -0.0708622932434082, 0.6051337122917175, 0.4841867685317993, -0.0074050347320735455, 0.6279752254486084, 0.41548430919647217, -0.04656072333455086, 0.6004067063331604, 0.47896304726600647, -0.06207406520843506, 0.5837644934654236, 0.5281566381454468, -0.061633165925741196, 0.6368108987808228, 0.514795184135437, -0.02046559751033783, 0.656735897064209, 0.45375972986221313, -0.05716637894511223, 0.6242070198059082, 0.5180675387382507, -0.05671248957514763, 0.6044574975967407, 0.5672511458396912, -0.04422372207045555, 0.6629848480224609, 0.560838520526886, -0.03535554185509682, 0.6681235432624817, 0.5103456974029541, -0.05338768661022186, 0.64133620262146, 0.5537404417991638, -0.04494354873895645, 0.6263691782951355, 0.5911021828651428, -0.03237202391028404]"
[],"[0.5735146999359131, 0.6990221738815308, -4.306763798922475e-07, 0.5284025073051453, 0.5927721858024597, -0.013361314311623573, 0.5231520533561707, 0.49038559198379517, -0.02337677776813507, 0.5660025477409363, 0.4418776333332062, -0.037622082978487015, 0.6154532432556152, 0.4542059898376465, -0.04952365159988403, 0.5674363374710083, 0.4420536756515503, -0.00012288875586818904, 0.5907753705978394, 0.37470299005508423, -0.031208699569106102, 0.576633870601654, 0.4219686985015869, -0.05226169899106026, 0.563308835029602, 0.4591972529888153, -0.0630900114774704, 0.6049900054931641, 0.4698469638824463, -0.009887581691145897, 0.6329818367958069, 0.39910608530044556, -0.04218773916363716, 0.6063029766082764, 0.45404139161109924, -0.05557834729552269, 0.5868893265724182, 0.49832919239997864, -0.05668460205197334, 0.6367919445037842, 0.5084268450737, -0.02458195760846138, 0.6623725891113281, 0.4490489363670349, -0.05439130589365959, 0.6275618672370911, 0.501854419708252, -0.055983591824769974, 0.6043245792388916, 0.5470757484436035, -0.047715649008750916, 0.6612110137939453, 0.5591817498207092, -0.040964432060718536, 0.6752685308456421, 0.5066382884979248, -0.05430866777896881, 0.6492382884025574, 0.5400611162185669, -0.047903336584568024, 0.630241870880127, 0.5760367512702942, -0.03863484412431717]"
[],"[0.5735217928886414, 0.6918314695358276, -4.597344229750888e-07, 0.5379353761672974, 0.578605055809021, -0.011353293433785439, 0.5397152304649353, 0.4659205973148346, -0.016480183228850365, 0.5885584354400635, 0.42336007952690125, -0.026639467105269432, 0.6390208005905151, 0.45292359590530396, -0.03363037109375, 0.5822060704231262, 0.4282572865486145, 0.010972041636705399, 0.6090863347053528, 0.35673195123672485, -0.016630927100777626, 0.5904085040092468, 0.4063974618911743, -0.03511513024568558, 0.5770177245140076, 0.4405207633972168, -0.04470115527510643, 0.6189499497413635, 0.4608849287033081, 0.0010618303203955293, 0.6498174071311951, 0.3856631815433502, -0.02816060557961464, 0.6204305291175842, 0.4422093629837036, -0.0401003435254097, 0.6036446690559387, 0.47983911633491516, -0.040008679032325745, 0.6511805057525635, 0.5037152767181396, -0.014164851047098637, 0.6836665868759155, 0.43993300199508667, -0.04186069220304489, 0.6448934078216553, 0.4961468279361725, -0.04113448038697243, 0.6198639273643494, 0.5390361547470093, -0.03122221864759922, 0.6773431897163391, 0.5582585334777832, -0.03127220273017883, 0.6970318555831909, 0.5019143223762512, -0.04405166208744049, 0.6667785048484802, 0.5343375205993652, -0.036690760403871536, 0.6447983384132385, 0.5685529112815857, -0.02672499604523182]"
[],"[0.5750078558921814, 0.6910419464111328, -4.8224984539047e-07, 0.5392407774925232, 0.5792508125305176, -0.011769307777285576, 0.5397353172302246, 0.46476683020591736, -0.01753745973110199, 0.5877640247344971, 0.421000212430954, -0.02783403918147087, 0.6375020742416382, 0.4513852000236511, -0.03488806262612343, 0.5842010974884033, 0.42774441838264465, 0.006834376137703657, 0.6121183633804321, 0.35820576548576355, -0.022339098155498505, 0.5916875600814819, 0.4102243185043335, -0.041263606399297714, 0.5761902928352356, 0.4440426826477051, -0.05082543194293976, 0.6205809712409973, 0.4617283344268799, -0.002940118545666337, 0.6517916917800903, 0.3873535990715027, -0.033258963376283646, 0.6214016079902649, 0.4438769221305847, -0.04470254108309746, 0.6037566065788269, 0.4814714789390564, -0.04434635862708092, 0.6528061628341675, 0.5045950412750244, -0.017928127199411392, 0.6836307048797607, 0.4396940767765045, -0.04586702212691307, 0.6447030901908875, 0.4961276054382324, -0.04491792246699333, 0.6198018789291382, 0.5396668314933777, -0.035161275416612625, 0.6781141757965088, 0.5581450462341309, -0.03479507192969322, 0.6949582695960999, 0.5016668438911438, -0.048089608550071716, 0.663356363773346, 0.5362849831581116, -0.041149452328681946, 0.6416733264923096, 0.5733155012130737, -0.031557608395814896]"
[],"[0.595245897769928, 0.637285053730011, -4.2721321591443484e-08, 0.5951286554336548, 0.5495820045471191, -0.01096571795642376, 0.6013436317443848, 0.454914927482605, -0.015489944256842136, 0.6354537606239319, 0.4071745276451111, -0.021076222881674767, 0.6567597389221191, 0.39617669582366943, -0.021571198478341103, 0.5445874333381653, 0.4032001495361328, 0.008006361313164234, 0.6100659370422363, 0.3430851101875305, -0.01126387994736433, 0.6266642212867737, 0.38579052686691284, -0.025157902389764786, 0.6140159368515015, 0.4229506850242615, -0.031185533851385117, 0.567809522151947, 0.41410964727401733, 0.005724394228309393, 0.6265875101089478, 0.36386942863464355, -0.010158348828554153, 0.6380451917648315, 0.4068959951400757, -0.020120272412896156, 0.6252177357673645, 0.4307091534137726, -0.02343459241092205, 0.5997719168663025, 0.43491238355636597, -0.0004096325137652457, 0.6508021354675293, 0.40643244981765747, -0.016768688336014748, 0.6574650406837463, 0.45061036944389343, -0.01984139159321785, 0.6451492309570312, 0.4667258858680725, -0.017775190994143486, 0.6332778930664062, 0.46436986327171326, -0.007748896721750498, 0.6733289361000061, 0.4503052234649658, -0.01654456928372383, 0.676741898059845, 0.48519518971443176, -0.014387750998139381, 0.6680435538291931, 0.5015355348587036, -0.010160879231989384]"
[],"[0.5633140206336975, 0.6640249490737915, -7.70957413465112e-08, 0.6512588262557983, 0.6185623407363892, -0.010964064858853817, 0.6891457438468933, 0.5174485445022583, -0.009718643501400948, 0.6817964315414429, 0.437747597694397, -0.005330232437700033, 0.6621469855308533, 0.4172733426094055, 0.002915268065407872, 0.6107137203216553, 0.38542836904525757, -0.005342463962733746, 0.6710877418518066, 0.3369008004665375, -0.008043643087148666, 0.6807615756988525, 0.38967233896255493, -0.013163020834326744, 0.6662718653678894, 0.427330881357193, -0.016482744365930557, 0.5654287338256836, 0.3833915591239929, 0.0001502138184150681, 0.6315118074417114, 0.3380076587200165, 0.0022112468723207712, 0.6463330984115601, 0.3830451965332031, 0.0018538673175498843, 0.6317593455314636, 0.4189770519733429, 0.00047632286441512406, 0.5391911864280701, 0.4048156440258026, 0.005331076681613922, 0.5976871252059937, 0.3530322015285492, 0.007795232348144054, 0.6127474308013916, 0.3881952166557312, 0.01138258446007967, 0.6017253398895264, 0.42245811223983765, 0.0126552265137434, 0.5253052711486816, 0.4328320324420929, 0.009740087203681469, 0.5715360641479492, 0.37958571314811707, 0.012843234464526176, 0.5840582251548767, 0.40451768040657043, 0.019868727773427963, 0.5790770649909973, 0.43289825320243835, 0.02486506663262844]"
[],"[0.5574402213096619, 0.6571234464645386, -4.4316113445574956e-08, 0.6485916376113892, 0.6276644468307495, -0.013341904617846012, 0.6960470676422119, 0.5358089804649353, -0.01604127138853073, 0.6889888048171997, 0.4477349519729614, -0.013771804049611092, 0.6626798510551453, 0.4108584523200989, -0.0078040980733931065, 0.6342670917510986, 0.39595091342926025, -0.01832454465329647, 0.6913410425186157, 0.35459738969802856, -0.01976006291806698, 0.6933889985084534, 0.4102742373943329, -0.020913399755954742, 0.6779904961585999, 0.4512026906013489, -0.02145850844681263, 0.5844787955284119, 0.3782266080379486, -0.011271843686699867, 0.6506888270378113, 0.34322798252105713, -0.006802666466683149, 0.659630537033081, 0.3917635679244995, -0.0038922259118407965, 0.6439570784568787, 0.42847904562950134, -0.0036512885708361864, 0.5503671169281006, 0.3892105519771576, -0.0035381268244236708, 0.6117706298828125, 0.34914302825927734, 0.0020338622853159904, 0.6220199465751648, 0.389078289270401, 0.008345510810613632, 0.6087260842323303, 0.42400240898132324, 0.01023141946643591, 0.5277421474456787, 0.41325658559799194, 0.0035797622986137867, 0.5782352685928345, 0.371357262134552, 0.008827653713524342, 0.5894217491149902, 0.40066713094711304, 0.01768556609749794, 0.5830271244049072, 0.42768844962120056, 0.023652782663702965]"
"[0.5726709961891174, 0.5645065903663635, -7.481523311980709e-08, 0.592103898525238, 0.5229178071022034, -0.02482963167130947, 0.6070842146873474, 0.4788033664226532, -0.046836089342832565, 0.625144362449646, 0.46602100133895874, -0.06870001554489136, 0.6378600597381592, 0.4815535843372345, -0.09026788175106049, 0.5406790971755981, 0.3913043439388275, -0.033788323402404785, 0.5258708000183105, 0.3921937048435211, -0.06776569038629532, 0.5413348078727722, 0.42682942748069763, -0.09086257964372635, 0.562669575214386, 0.4568313956260681, -0.10162124037742615, 0.5153672695159912, 0.4300617277622223, -0.03479258716106415, 0.5214607119560242, 0.46751245856285095, -0.07073484361171722, 0.5500763654708862, 0.5166144371032715, -0.08431971073150635, 0.5774241089820862, 0.5510179996490479, -0.08680874854326248, 0.4994172155857086, 0.47740834951400757, -0.03897908329963684, 0.5112914443016052, 0.5225915312767029, -0.06948927789926529, 0.5424162745475769, 0.5636652708053589, -0.07157105207443237, 0.5699262619018555, 0.5897890329360962, -0.06546448171138763, 0.4915362596511841, 0.5238928198814392, -0.0457601323723793, 0.4986385703086853, 0.5616922378540039, -0.0634186640381813, 0.5225226879119873, 0.5930796265602112, -0.06224491819739342, 0.5441474318504333, 0.6068141460418701, -0.05626286566257477]","[0.5915167331695557, 0.32398316264152527, -4.0006213453125383e-07, 0.5610314607620239, 0.28690677881240845, -0.01520597655326128, 0.5511878728866577, 0.22079616785049438, -0.024218207225203514, 0.5586158633232117, 0.17032642662525177, -0.03312811255455017, 0.5695431232452393, 0.12882843613624573, -0.04042476415634155, 0.5946950316429138, 0.1695004254579544, -0.009683378040790558, 0.6040430068969727, 0.12210819870233536, -0.03047165647149086, 0.5933899879455566, 0.15627700090408325, -0.04290943592786789, 0.5850346088409424, 0.19845134019851685, -0.04802834987640381, 0.6163425445556641, 0.18984147906303406, -0.01204326655715704, 0.6277252435684204, 0.14612019062042236, -0.035916637629270554, 0.606000542640686, 0.2007628232240677, -0.04229037091135979, 0.592962920665741, 0.2514466345310211, -0.04010448977351189, 0.6336742639541626, 0.2190292626619339, -0.017725592479109764, 0.6423168778419495, 0.1797821819782257, -0.04303976520895958, 0.6182345151901245, 0.23524805903434753, -0.03949306532740593, 0.606157660484314, 0.28103259205818176, -0.029835186898708344, 0.6502230167388916, 0.2568425238132477, -0.02444148063659668, 0.6494522094726562, 0.22875115275382996, -0.04411548003554344, 0.6303102374076843, 0.2677538990974426, -0.04073064401745796, 0.6211755275726318, 0.30264389514923096, -0.032748784869909286]"
[],"[0.5581953525543213, 0.656417727470398, -5.730808894099937e-08, 0.6491298079490662, 0.6276135444641113, -0.012388319708406925, 0.6952944397926331, 0.5367976427078247, -0.014915001578629017, 0.6883715987205505, 0.45103344321250916, -0.012649212032556534, 0.6625229716300964, 0.4153778553009033, -0.00667424313724041, 0.6349696516990662, 0.3955267071723938, -0.01852770894765854, 0.6922533512115479, 0.35322707891464233, -0.020314151421189308, 0.6931285262107849, 0.40970033407211304, -0.021757403388619423, 0.6766933798789978, 0.45039743185043335, -0.022449389100074768, 0.5847917795181274, 0.3782406747341156, -0.011860311962664127, 0.6508907079696655, 0.34184083342552185, -0.007011569105088711, 0.6592074632644653, 0.39089712500572205, -0.003547229804098606, 0.6432898044586182, 0.42778417468070984, -0.003112845355644822, 0.5502141714096069, 0.38940227031707764, -0.004449044354259968, 0.6111971139907837, 0.34825849533081055, 0.0015791102778166533, 0.6211012601852417, 0.38842713832855225, 0.00830340851098299, 0.6077181100845337, 0.4237988591194153, 0.010269387625157833, 0.5269683003425598, 0.41331803798675537, 0.002401583595201373, 0.5769404172897339, 0.37097930908203125, 0.008183975704014301, 0.5876964926719666, 0.4005928337574005, 0.017395365983247757, 0.5811690092086792, 0.42783015966415405, 0.023445263504981995]"
[],"[0.5865831971168518, 0.6657705307006836, -4.626636018745245e-10, 0.5889979004859924, 0.5407017469406128, -0.019210178405046463, 0.600344717502594, 0.4397006332874298, -0.025727061554789543, 0.6458972692489624, 0.4181634783744812, -0.03472770377993584, 0.6831902861595154, 0.45090779662132263, -0.03880123049020767, 0.559731125831604, 0.4151718020439148, 0.008771774359047413, 0.6212624907493591, 0.3530944883823395, -0.01849508471786976, 0.633141815662384, 0.39420825242996216, -0.03710707649588585, 0.6186710596084595, 0.42695334553718567, -0.04425375536084175, 0.588829755783081, 0.45516541600227356, 0.008320664055645466, 0.65385901927948, 0.4158549904823303, -0.018794778734445572, 0.6527762413024902, 0.4614833891391754, -0.03208199143409729, 0.6318169832229614, 0.48576635122299194, -0.03444652631878853, 0.6208479404449463, 0.4951693117618561, 0.0015637768665328622, 0.6809704899787903, 0.4748970568180084, -0.027265116572380066, 0.668785810470581, 0.5191972255706787, -0.03469577804207802, 0.6452655792236328, 0.5386060476303101, -0.03063364326953888, 0.6508670449256897, 0.5374816656112671, -0.0072135343216359615, 0.7001484036445618, 0.5319596529006958, -0.021501386538147926, 0.688847541809082, 0.5607913732528687, -0.020720820873975754, 0.6658113598823547, 0.5771893262863159, -0.015560034662485123]"
[],"[0.5706704258918762, 0.6817023754119873, -5.172372539163916e-07, 0.5460856556892395, 0.5453274250030518, -0.01181191299110651, 0.5578881502151489, 0.4351767301559448, -0.018175264820456505, 0.6094620227813721, 0.4045923054218292, -0.030286625027656555, 0.6543992757797241, 0.43623775243759155, -0.03881426528096199, 0.5870826840400696, 0.40938037633895874, 0.016344567760825157, 0.6204248070716858, 0.3440043032169342, -0.015842251479625702, 0.6020310521125793, 0.39443761110305786, -0.03729111701250076, 0.5858270525932312, 0.4227309823036194, -0.047516126185655594, 0.6223151683807373, 0.4495144188404083, 0.005809278693050146, 0.658611536026001, 0.39043763279914856, -0.027966398745775223, 0.6291251182556152, 0.45311784744262695, -0.04125231131911278, 0.6091220378875732, 0.48426225781440735, -0.041343919932842255, 0.6540834307670593, 0.4954461455345154, -0.011046165600419044, 0.6903653740882874, 0.44354912638664246, -0.04155316203832626, 0.6560103893280029, 0.5013835430145264, -0.03948582336306572, 0.6316743493080139, 0.537990927696228, -0.028049981221556664, 0.6797502040863037, 0.5494804382324219, -0.030128566548228264, 0.7046948075294495, 0.501321017742157, -0.04157514497637749, 0.6776326894760132, 0.5384963750839233, -0.03138016536831856, 0.6572144031524658, 0.5715492367744446, -0.019392861053347588]"
[],"[0.5715084075927734, 0.6799934506416321, -5.248625143394747e-07, 0.5473527312278748, 0.5445040464401245, -0.011782503686845303, 0.560264527797699, 0.43566980957984924, -0.018201040104031563, 0.6115125417709351, 0.405389666557312, -0.030492138117551804, 0.655570387840271, 0.43559059500694275, -0.039039917290210724, 0.585384726524353, 0.41110357642173767, 0.01688426360487938, 0.6196985840797424, 0.34458014369010925, -0.01652357541024685, 0.6016073226928711, 0.39624935388565063, -0.03870348259806633, 0.5848869681358337, 0.42493826150894165, -0.049141619354486465, 0.6205068826675415, 0.44987958669662476, 0.005935187917202711, 0.657348096370697, 0.388297975063324, -0.028656961396336555, 0.6285102963447571, 0.4509751796722412, -0.042180705815553665, 0.6087141633033752, 0.4818185567855835, -0.04225623980164528, 0.6529886722564697, 0.49507230520248413, -0.011524653993546963, 0.6896907091140747, 0.44063445925712585, -0.04238569363951683, 0.6560788154602051, 0.49950048327445984, -0.039775073528289795, 0.6323767900466919, 0.536360502243042, -0.027899745851755142, 0.6796877980232239, 0.5486716032028198, -0.03134587034583092, 0.7045632004737854, 0.4997318387031555, -0.04274407774209976, 0.6785272359848022, 0.5366297960281372, -0.0323602557182312, 0.6593146324157715, 0.5692256689071655, -0.020322229713201523]"
[],"[0.5912548303604126, 0.666964590549469, -5.657565225192229e-07, 0.5541194677352905, 0.5714322924613953, -0.01695828326046467, 0.5601716041564941, 0.45954635739326477, -0.022778788581490517, 0.6091322898864746, 0.4238760769367218, -0.03243359178304672, 0.6557167768478394, 0.4485911428928375, -0.03910575807094574, 0.6266576051712036, 0.4308629035949707, 0.012796439230442047, 0.6553927659988403, 0.36709123849868774, -0.018575839698314667, 0.6230934262275696, 0.4104806184768677, -0.036340612918138504, 0.6074900031089783, 0.4504724442958832, -0.04309499263763428, 0.6595462560653687, 0.4671661853790283, 0.006664318963885307, 0.6978158354759216, 0.39248397946357727, -0.03056546300649643, 0.649443507194519, 0.4473566710948944, -0.04107530415058136, 0.6273432970046997, 0.49780693650245667, -0.03471122682094574, 0.6858174800872803, 0.5114527940750122, -0.005923095624893904, 0.7167527675628662, 0.4439389407634735, -0.04534409940242767, 0.6619192361831665, 0.5009863376617432, -0.040230389684438705, 0.637172520160675, 0.5522763729095459, -0.021477319300174713, 0.7075163125991821, 0.5715281963348389, -0.020091071724891663, 0.7179584503173828, 0.5134419202804565, -0.04348212480545044, 0.6801716089248657, 0.543438196182251, -0.03583154454827309, 0.6631863713264465, 0.5806524753570557, -0.02126249670982361]"
[],"[0.5974955558776855, 0.618254542350769, -3.6532520653054235e-07, 0.5587994456291199, 0.5459878444671631, -0.024800293147563934, 0.5639811754226685, 0.4450426697731018, -0.03404081240296364, 0.6144585013389587, 0.4194226562976837, -0.042574938386678696, 0.6597208976745605, 0.45417898893356323, -0.04749639332294464, 0.6292755007743835, 0.40937015414237976, -0.011591288261115551, 0.656568706035614, 0.3537450134754181, -0.04116787388920784, 0.6288098692893982, 0.40255317091941833, -0.05576228350400925, 0.6151036024093628, 0.4340030252933502, -0.06154751032590866, 0.6636086106300354, 0.445344477891922, -0.01339693646878004, 0.6972023844718933, 0.38254696130752563, -0.04473232850432396, 0.6559281945228577, 0.43477946519851685, -0.05052950978279114, 0.6375690698623657, 0.46740472316741943, -0.0442923940718174, 0.6872653961181641, 0.4909317195415497, -0.020847614854574203, 0.7184657454490662, 0.43843913078308105, -0.055665742605924606, 0.6700366735458374, 0.4888339936733246, -0.04975816607475281, 0.646185040473938, 0.5220221877098083, -0.03402673825621605, 0.7032814621925354, 0.5481396317481995, -0.030258644372224808, 0.714322030544281, 0.5065219402313232, -0.05482981353998184, 0.6787137389183044, 0.5375010371208191, -0.04862659424543381, 0.6608319878578186, 0.5649071931838989, -0.036275554448366165]"
[],"[0.56743985414505, 0.6731612682342529, -6.586026870536443e-07, 0.537964403629303, 0.5369696617126465, -0.011034108698368073, 0.552012026309967, 0.41824105381965637, -0.016507258638739586, 0.6108686327934265, 0.3898370563983917, -0.028333650901913643, 0.6559447646141052, 0.43858519196510315, -0.0379907488822937, 0.6186776757240295, 0.40185731649398804, 0.01319314818829298, 0.6536381244659424, 0.3433196544647217, -0.022893637418746948, 0.6186714768409729, 0.3902183175086975, -0.044526416808366776, 0.5986133217811584, 0.4284336268901825, -0.053811829537153244, 0.649931788444519, 0.4459938704967499, 0.002193381544202566, 0.6912643909454346, 0.37958264350891113, -0.03598988428711891, 0.6459627747535706, 0.4356997311115265, -0.04645620658993721, 0.6233814358711243, 0.4782617390155792, -0.042531970888376236, 0.6776936650276184, 0.4979897737503052, -0.015253839083015919, 0.7125594019889832, 0.4358579218387604, -0.05181370675563812, 0.6627990007400513, 0.49254828691482544, -0.04528023675084114, 0.6360276341438293, 0.5383503437042236, -0.028605148196220398, 0.6994844675064087, 0.5627250075340271, -0.034488752484321594, 0.7184041142463684, 0.5036705732345581, -0.052091531455516815, 0.6806724667549133, 0.5353503823280334, -0.04078524559736252, 0.6597265601158142, 0.5725126266479492, -0.026145894080400467]"
"[0.5726586580276489, 0.5737614631652832, -9.695049385527454e-08, 0.5980679988861084, 0.5328352451324463, -0.02867663837969303, 0.6166806221008301, 0.48604950308799744, -0.05047034099698067, 0.6309579014778137, 0.46165022253990173, -0.07124343514442444, 0.626541256904602, 0.4738571345806122, -0.09062045067548752, 0.5462028384208679, 0.40853485465049744, -0.035226382315158844, 0.518288254737854, 0.3904019892215729, -0.07048613578081131, 0.534952700138092, 0.42418932914733887, -0.09312059730291367, 0.557776153087616, 0.4556507468223572, -0.10258179903030396, 0.5232812166213989, 0.4497780203819275, -0.03405654802918434, 0.5144214630126953, 0.46505507826805115, -0.07275765389204025, 0.5428043603897095, 0.5130519866943359, -0.08621630072593689, 0.5694171786308289, 0.5462466478347778, -0.08742517977952957, 0.5077279806137085, 0.4942978620529175, -0.03685281425714493, 0.5043794512748718, 0.517591655254364, -0.07002672553062439, 0.5345529317855835, 0.5563907027244568, -0.07227834314107895, 0.5616787672042847, 0.5799166560173035, -0.0653061643242836, 0.4995858073234558, 0.5355751514434814, -0.04233270883560181, 0.4918579161167145, 0.5553351044654846, -0.06234675273299217, 0.513155996799469, 0.5872211456298828, -0.06156526133418083, 0.5348884463310242, 0.603140115737915, -0.055154260247945786]",[]
[],"[0.5688295960426331, 0.6742997169494629, -6.468683295679512e-07, 0.5404159426689148, 0.5369373559951782, -0.010074758902192116, 0.5533574819564819, 0.4195239841938019, -0.014931230805814266, 0.6114768385887146, 0.38985809683799744, -0.0262749120593071, 0.658198893070221, 0.4341611862182617, -0.03534509241580963, 0.6175374984741211, 0.4048213064670563, 0.015187489800155163, 0.6525788903236389, 0.3425082564353943, -0.01978669874370098, 0.6202301979064941, 0.3894035220146179, -0.04151441529393196, 0.6003983616828918, 0.42945465445518494, -0.05089395493268967, 0.649508535861969, 0.4471524655818939, 0.004531789105385542, 0.6901202201843262, 0.3793250322341919, -0.03265902400016785, 0.6476044654846191, 0.4366779625415802, -0.04392902925610542, 0.6247262358665466, 0.48213493824005127, -0.04067892208695412, 0.678266167640686, 0.4976924955844879, -0.012404910288751125, 0.7122514247894287, 0.4360024929046631, -0.04770299047231674, 0.6652129888534546, 0.4917741119861603, -0.04201393201947212, 0.6379781365394592, 0.5387999415397644, -0.026098335161805153, 0.7010772824287415, 0.5612309575080872, -0.031097322702407837, 0.7196885943412781, 0.5011765956878662, -0.04817283898591995, 0.684256374835968, 0.5313927531242371, -0.03740517795085907, 0.6626942157745361, 0.5689067840576172, -0.023152677342295647]"
"[0.5781357288360596, 0.6277973651885986, -8.087279468327324e-08, 0.5721180438995361, 0.5261151790618896, 0.0019003368215635419, 0.578680157661438, 0.43609902262687683, -0.007034600712358952, 0.6109793782234192, 0.3918425738811493, -0.021652057766914368, 0.6434527039527893, 0.3843497335910797, -0.032522596418857574, 0.5399057865142822, 0.38571301102638245, 8.527601312380284e-05, 0.6151241064071655, 0.33266305923461914, -0.028813298791646957, 0.633876383304596, 0.3765248954296112, -0.04553811252117157, 0.6262068748474121, 0.4164171814918518, -0.05189242959022522, 0.5557606220245361, 0.39631885290145874, -0.012602102942764759, 0.6348584294319153, 0.3596614599227905, -0.03799796849489212, 0.6482781171798706, 0.41290491819381714, -0.046591613441705704, 0.6361903548240662, 0.4514402747154236, -0.047234512865543365, 0.5810444951057434, 0.4121023416519165, -0.02762753516435623, 0.6577292680740356, 0.4062519371509552, -0.05309007689356804, 0.6664573550224304, 0.4711560010910034, -0.051752977073192596, 0.6551766395568848, 0.5117312073707581, -0.04365224391222, 0.6116728782653809, 0.43803343176841736, -0.04296223074197769, 0.6717324256896973, 0.4483742117881775, -0.057427916675806046, 0.6787827014923096, 0.500704288482666, -0.05255214497447014, 0.6714047789573669, 0.5356630086898804, -0.04397273808717728]",[]
[],"[0.5730666518211365, 0.6231741905212402, 2.175678481819432e-08, 0.642227292060852, 0.5793141722679138, -0.026278221979737282, 0.6666266322135925, 0.47755759954452515, -0.026496196165680885, 0.6728774309158325, 0.42123860120773315, -0.020403871312737465, 0.6680765748023987, 0.4327948987483978, -0.00933766644448042, 0.5805492401123047, 0.3753545880317688, -0.008657941594719887, 0.6461184024810791, 0.34388914704322815, -0.013771271333098412, 0.66097092628479, 0.39641648530960083, -0.0207571592181921, 0.6476466655731201, 0.4306676387786865, -0.024966396391391754, 0.5587701201438904, 0.3786123991012573, 0.0054810731671750546, 0.6233305931091309, 0.35306620597839355, 0.003475496545433998, 0.6411241292953491, 0.40135782957077026, 4.403317143442109e-05, 0.6294865012168884, 0.43059414625167847, -0.0023857147898525, 0.5509299635887146, 0.39899876713752747, 0.016907231882214546, 0.608576774597168, 0.3705905079841614, 0.01191573217511177, 0.6283669471740723, 0.41015246510505676, 0.008555440232157707, 0.6188130378723145, 0.4366147816181183, 0.007302593439817429, 0.551866352558136, 0.4234224855899811, 0.026497934013605118, 0.5998328328132629, 0.39696747064590454, 0.021782640367746353, 0.6145563125610352, 0.423226535320282, 0.020794671028852463, 0.606106698513031, 0.4445493221282959, 0.021050576120615005]"
[],"[0.5651605725288391, 0.7263707518577576, 3.7182263668000815e-07, 0.5780310034751892, 0.78110271692276, -0.0394977442920208, 0.5754983425140381, 0.8302777409553528, -0.06636606156826019, 0.5689296126365662, 0.861383318901062, -0.08664803951978683, 0.555854082107544, 0.8927650451660156, -0.10721489042043686, 0.5309472680091858, 0.7848675847053528, -0.0766339972615242, 0.4907119572162628, 0.7644109725952148, -0.10714879631996155, 0.4628121554851532, 0.7615677118301392, -0.12882257997989655, 0.4340682327747345, 0.7719526886940002, -0.1440795660018921, 0.5047410130500793, 0.755613386631012, -0.06805060803890228, 0.4504837691783905, 0.7402817606925964, -0.09711511433124542, 0.4196467101573944, 0.757757306098938, -0.1147674098610878, 0.3918183147907257, 0.7877988815307617, -0.13036014139652252, 0.48298633098602295, 0.7448044419288635, -0.06005140021443367, 0.4277801215648651, 0.7332432866096497, -0.08726274967193604, 0.3927745223045349, 0.7694559097290039, -0.1008051410317421, 0.36487340927124023, 0.812304675579071, -0.11075899749994278, 0.47042450308799744, 0.7474412322044373, -0.05394739657640457, 0.4225486218929291, 0.747994065284729, -0.07323290407657623, 0.392598032951355, 0.7675609588623047, -0.08161506801843643, 0.3693947196006775, 0.7943698763847351, -0.08972179889678955]"
[],"[0.5034040808677673, 0.3734193742275238, -4.529928787633253e-08, 0.4650588035583496, 0.3084571659564972, -0.01602816954255104, 0.45391222834587097, 0.22150710225105286, -0.020623639225959778, 0.4587166905403137, 0.14497855305671692, -0.025402523577213287, 0.45508280396461487, 0.08318086713552475, -0.028833476826548576, 0.4949186444282532, 0.14758385717868805, 0.00765254395082593, 0.5010793805122375, 0.07264631986618042, -0.0020931989420205355, 0.5029250383377075, 0.029394157230854034, -0.015020373277366161, 0.5011978149414062, -0.0015550926327705383, -0.025245927274227142, 0.5204280018806458, 0.15313169360160828, 0.006822603289037943, 0.530308723449707, 0.06996814906597137, -0.007293160073459148, 0.5304270386695862, 0.04668586701154709, -0.024381151422858238, 0.522525429725647, 0.056134164333343506, -0.035180434584617615, 0.5404399037361145, 0.17086440324783325, 0.002497858600690961, 0.5545664429664612, 0.09460138529539108, -0.01110494788736105, 0.5491071939468384, 0.0656854510307312, -0.025456326082348824, 0.5358853340148926, 0.07499349117279053, -0.03372520953416824, 0.5615764260292053, 0.20297527313232422, -0.003715474857017398, 0.572598397731781, 0.14295466244220734, -0.015886075794696808, 0.5677507519721985, 0.10428060591220856, -0.026619430631399155, 0.5553488731384277, 0.09139835834503174, -0.033434804528951645]"
"[0.5748171806335449, 0.5562456250190735, -1.301606289416668e-07, 0.6002917885780334, 0.5256847739219666, -0.03563735634088516, 0.6195992231369019, 0.4828110933303833, -0.060112208127975464, 0.6219325065612793, 0.4576248526573181, -0.08269228041172028, 0.6063873767852783, 0.4653635025024414, -0.10386089980602264, 0.553322434425354, 0.4092974066734314, -0.04042152687907219, 0.5185508131980896, 0.3803176283836365, -0.07683210074901581, 0.5244100689888, 0.41869112849235535, -0.09940731525421143, 0.5434548258781433, 0.4581776559352875, -0.10840852558612823, 0.5293846130371094, 0.45229437947273254, -0.03573780506849289, 0.5065563321113586, 0.4495168924331665, -0.07529880851507187, 0.5297070145606995, 0.5025323033332825, -0.08892469853162766, 0.558053731918335, 0.5376752018928528, -0.09005460888147354, 0.5116729140281677, 0.49387186765670776, -0.03577105328440666, 0.4960019588470459, 0.5018090009689331, -0.0704001784324646, 0.5210668444633484, 0.547178328037262, -0.07298755645751953, 0.5478081107139587, 0.5753453969955444, -0.06600235402584076, 0.49959439039230347, 0.5329819917678833, -0.038824766874313354, 0.48232024908065796, 0.5415827035903931, -0.05989812687039375, 0.49962303042411804, 0.5727368593215942, -0.059713609516620636, 0.5195404291152954, 0.5912647843360901, -0.054061323404312134]",[]
[],"[0.5639562606811523, 0.7259851694107056, 7.285314040927915e-07, 0.6002735495567322, 0.75565505027771, -0.06328600645065308, 0.6243307590484619, 0.7660236358642578, -0.11132539063692093, 0.6437889933586121, 0.7478940486907959, -0.14904063940048218, 0.6516374945640564, 0.7475173473358154, -0.18894615769386292, 0.539912760257721, 0.7797765135765076, -0.12015798687934875, 0.49444645643234253, 0.7645490169525146, -0.1604914665222168, 0.45853161811828613, 0.7794496417045593, -0.1885865181684494, 0.4256734549999237, 0.7999716401100159, -0.20853060483932495, 0.5066307187080383, 0.7572782039642334, -0.10407810658216476, 0.4471723139286041, 0.7394927740097046, -0.14112341403961182, 0.41043272614479065, 0.7684229016304016, -0.16584396362304688, 0.378355473279953, 0.8077747821807861, -0.18773038685321808, 0.4815200865268707, 0.7478571534156799, -0.08850054442882538, 0.4266449809074402, 0.7323113083839417, -0.12007474154233932, 0.39333242177963257, 0.769462525844574, -0.13976360857486725, 0.3675593435764313, 0.8124010562896729, -0.15468116104602814, 0.46773090958595276, 0.747673749923706, -0.07631424814462662, 0.4217478036880493, 0.7469078898429871, -0.0975787341594696, 0.3937581777572632, 0.7663504481315613, -0.10948015004396439, 0.37375280261039734, 0.7921243906021118, -0.1209816113114357]"
[],"[0.554462194442749, 0.759746253490448, -5.425991957963561e-07, 0.5386665463447571, 0.6234610676765442, -0.02313554286956787, 0.5634018778800964, 0.5111060738563538, -0.03936973214149475, 0.6292852759361267, 0.5069851875305176, -0.058171432465314865, 0.6763748526573181, 0.570332407951355, -0.07400407642126083, 0.6116313934326172, 0.484294593334198, -0.016570979729294777, 0.6577048897743225, 0.4279075264930725, -0.05700450390577316, 0.6305479407310486, 0.4785269498825073, -0.08226077258586884, 0.6067456007003784, 0.5145441889762878, -0.09473126381635666, 0.6465479731559753, 0.5402424931526184, -0.024030311033129692, 0.6945478916168213, 0.49188292026519775, -0.06330873817205429, 0.6523619890213013, 0.5463045239448547, -0.0757170096039772, 0.6245282292366028, 0.5770388245582581, -0.07613374292850494, 0.6716099977493286, 0.601731538772583, -0.03747154399752617, 0.7174344658851624, 0.5661923289299011, -0.07189445197582245, 0.6712917685508728, 0.6119828224182129, -0.07117170840501785, 0.6401514410972595, 0.6405786275863647, -0.061558082699775696, 0.6841831207275391, 0.6665623188018799, -0.05373203381896019, 0.7105942964553833, 0.6375699639320374, -0.06764351576566696, 0.6777743101119995, 0.6633656024932861, -0.05933437496423721, 0.6540116667747498, 0.6836905479431152, -0.049511052668094635]"
[],"[0.5289788246154785, 0.7413498163223267, -6.507008265543845e-07, 0.5139721632003784, 0.607313871383667, -0.01758590340614319, 0.5374540090560913, 0.49774545431137085, -0.029818857088685036, 0.5993154644966125, 0.4913365840911865, -0.04672151058912277, 0.645047128200531, 0.5392034649848938, -0.06054997816681862, 0.5929895639419556, 0.4716050326824188, -0.0011167643824592233, 0.6330050826072693, 0.40980538725852966, -0.04155367612838745, 0.6003620624542236, 0.4656694531440735, -0.06744886189699173, 0.5789440274238586, 0.500712513923645, -0.07967744022607803, 0.6246901154518127, 0.5245757699012756, -0.011684324592351913, 0.6724435091018677, 0.4643994867801666, -0.05161430314183235, 0.6290552020072937, 0.5213674902915955, -0.06581127643585205, 0.6035737991333008, 0.5522370934486389, -0.06619296967983246, 0.6517072916030884, 0.5830597877502441, -0.02844267152249813, 0.6937357187271118, 0.5330334305763245, -0.06490544229745865, 0.6461184024810791, 0.5854037404060364, -0.0588315986096859, 0.6185401082038879, 0.6150821447372437, -0.044443387538194656, 0.6707531213760376, 0.6496292352676392, -0.047667019069194794, 0.6981469392776489, 0.6014381647109985, -0.06275822222232819, 0.6606152057647705, 0.6329700946807861, -0.048211999237537384, 0.637050449848175, 0.6593769192695618, -0.03275487571954727]"
[],"[0.5105547904968262, 0.7361133098602295, -6.857968060103303e-07, 0.49632495641708374, 0.6037795543670654, -0.009229104034602642, 0.5198888778686523, 0.4850873351097107, -0.015699421986937523, 0.5801509618759155, 0.4668652415275574, -0.028863275423645973, 0.6195397973060608, 0.5290533900260925, -0.039549581706523895, 0.5758352875709534, 0.47096461057662964, 0.013683867640793324, 0.6187971830368042, 0.4019664525985718, -0.021455733105540276, 0.582962155342102, 0.4496266543865204, -0.043140385299921036, 0.5632738471031189, 0.48924002051353455, -0.05314277857542038, 0.6073508262634277, 0.5178125500679016, 0.0012867256300523877, 0.6589764952659607, 0.44832074642181396, -0.03580925613641739, 0.6108811497688293, 0.49960556626319885, -0.04716206341981888, 0.587096631526947, 0.5390364527702332, -0.044401898980140686, 0.6336139440536499, 0.5722795128822327, -0.017121903598308563, 0.6790527701377869, 0.5084079504013062, -0.05074632912874222, 0.6261885762214661, 0.5579832196235657, -0.0432744063436985, 0.5993403196334839, 0.5975820422172546, -0.027153609320521355, 0.6531066298484802, 0.6393769979476929, -0.037426844239234924, 0.6775292754173279, 0.5789023637771606, -0.05142788589000702, 0.637835681438446, 0.6056856513023376, -0.03869399428367615, 0.617231547832489, 0.6395642161369324, -0.02442934736609459]"
[],"[0.5001345872879028, 0.71867436170578, -6.080520620344032e-07, 0.49032503366470337, 0.5765756368637085, -0.009954016655683517, 0.5155429244041443, 0.46064677834510803, -0.0188745204359293, 0.5755143761634827, 0.4493311047554016, -0.03474598377943039, 0.6162598133087158, 0.5094345211982727, -0.049003489315509796, 0.5793678164482117, 0.4564656913280487, 0.008069570176303387, 0.6240248084068298, 0.3955248296260834, -0.028891904279589653, 0.5888336300849915, 0.4388178884983063, -0.05426812544465065, 0.5648557543754578, 0.47933098673820496, -0.06684455275535583, 0.6089087724685669, 0.5079730153083801, -0.00497153727337718, 0.6596943140029907, 0.442285418510437, -0.04368523135781288, 0.6119405627250671, 0.4936460256576538, -0.05791432410478592, 0.5836199522018433, 0.5409064292907715, -0.05741478130221367, 0.6318821310997009, 0.5642154216766357, -0.023673932999372482, 0.6778551936149597, 0.49911656975746155, -0.055933643132448196, 0.6270866394042969, 0.5447149872779846, -0.05090950056910515, 0.5944864153862, 0.5908329486846924, -0.03692331537604332, 0.6465529799461365, 0.6295132637023926, -0.04450232535600662, 0.6764717102050781, 0.5701313614845276, -0.05669764429330826, 0.6405013799667358, 0.5914109349250793, -0.044277239590883255, 0.6158066391944885, 0.6259832382202148, -0.030519716441631317]"
[],"[0.4999476969242096, 0.7168076038360596, -6.110319645813433e-07, 0.4899935722351074, 0.5756027102470398, -0.010808481834828854, 0.5155463814735413, 0.46058389544487, -0.019960366189479828, 0.5755653381347656, 0.4496002793312073, -0.03576856851577759, 0.6149372458457947, 0.5127457976341248, -0.049895599484443665, 0.5764903426170349, 0.4568788707256317, 0.006599938031286001, 0.6213209629058838, 0.39502590894699097, -0.030049167573451996, 0.585067629814148, 0.4383217394351959, -0.054603833705186844, 0.5625582933425903, 0.47671523690223694, -0.06682492792606354, 0.6064069271087646, 0.5078464150428772, -0.005991267506033182, 0.6573363542556763, 0.44219282269477844, -0.04465744271874428, 0.6082925796508789, 0.49224135279655457, -0.05873710289597511, 0.5808785557746887, 0.5369209051132202, -0.058093465864658356, 0.6307270526885986, 0.5639357566833496, -0.024145422503352165, 0.6767005920410156, 0.4992307722568512, -0.056513674557209015, 0.6256691813468933, 0.5433478355407715, -0.05159999802708626, 0.594662606716156, 0.5882753133773804, -0.03767631575465202, 0.6468708515167236, 0.629616379737854, -0.04441877827048302, 0.6756196618080139, 0.5689942836761475, -0.05680736154317856, 0.6381206512451172, 0.5899962186813354, -0.04455619305372238, 0.614115834236145, 0.6261484026908875, -0.030908973887562752]"
[],"[0.5347012281417847, 0.6507400870323181, -4.145420007262146e-07, 0.5070660710334778, 0.5366628170013428, -0.026210159063339233, 0.5236940383911133, 0.4361797273159027, -0.03819718211889267, 0.5873581767082214, 0.43063855171203613, -0.051772940903902054, 0.6334795355796814, 0.48487693071365356, -0.061048369854688644, 0.5737318396568298, 0.4144517183303833, -0.011314349249005318, 0.6115022301673889, 0.3547358512878418, -0.05226479843258858, 0.5795761346817017, 0.40290942788124084, -0.07320327311754227, 0.5631189942359924, 0.42612168192863464, -0.08204800635576248, 0.6040706038475037, 0.4660119414329529, -0.015802226960659027, 0.6424529552459717, 0.4100552499294281, -0.055510520935058594, 0.5986149907112122, 0.46137627959251404, -0.06320097297430038, 0.5851461291313171, 0.47720128297805786, -0.059275709092617035, 0.6287768483161926, 0.5210930705070496, -0.02768878825008869, 0.6664875745773315, 0.47476521134376526, -0.06739610433578491, 0.6155359148979187, 0.5224364995956421, -0.06060102581977844, 0.5947362780570984, 0.5439240336418152, -0.04501047730445862, 0.648150622844696, 0.5833399295806885, -0.04257752373814583, 0.6689069271087646, 0.541458010673523, -0.06466031819581985, 0.630531370639801, 0.5687084197998047, -0.05581960082054138, 0.6108593344688416, 0.5930294990539551, -0.043305300176143646]"
"[0.5592759251594543, 0.5786232352256775, -1.2840884267006913e-07, 0.5858967304229736, 0.5443999767303467, -0.03750867024064064, 0.6014988422393799, 0.4968614876270294, -0.060275349766016006, 0.5965825915336609, 0.46744176745414734, -0.08030850440263748, 0.5756068825721741, 0.46990352869033813, -0.09855398535728455, 0.5439139604568481, 0.4241366386413574, -0.03670978546142578, 0.5188140273094177, 0.37689298391342163, -0.06799183785915375, 0.5182707905769348, 0.4070598781108856, -0.08717220276594162, 0.5307062864303589, 0.4499724209308624, -0.09475403279066086, 0.521521806716919, 0.4609825313091278, -0.029131945222616196, 0.4975949823856354, 0.4375779628753662, -0.06392274051904678, 0.5161194205284119, 0.49123018980026245, -0.0770040974020958, 0.5410856008529663, 0.528342604637146, -0.0780823826789856, 0.5048842430114746, 0.49892890453338623, -0.026246558874845505, 0.48844781517982483, 0.4867345988750458, -0.056500013917684555, 0.5063531398773193, 0.5315402150154114, -0.06001797318458557, 0.5289126038551331, 0.5629291534423828, -0.05419564247131348, 0.4920268952846527, 0.5369095206260681, -0.02635280042886734, 0.4747609794139862, 0.5274911522865295, -0.04495001211762428, 0.48495763540267944, 0.5551782250404358, -0.045530788600444794, 0.5007193088531494, 0.5776138305664062, -0.04082992672920227]","[0.5749714374542236, 0.22421059012413025, -2.4578241664130474e-07, 0.546944260597229, 0.20589038729667664, -0.025275513529777527, 0.5363790392875671, 0.16594237089157104, -0.04134798049926758, 0.5405440330505371, 0.13523563742637634, -0.05388302356004715, 0.5478012561798096, 0.10214914381504059, -0.0645146295428276, 0.5673021674156189, 0.12149450182914734, -0.0414871983230114, 0.5779044032096863, 0.11044043302536011, -0.06462216377258301, 0.5798446536064148, 0.15660738945007324, -0.07624741643667221, 0.5746965408325195, 0.20218443870544434, -0.0808151587843895, 0.5930771827697754, 0.13865502178668976, -0.03926361724734306, 0.6079345345497131, 0.14128540456295013, -0.06650499254465103, 0.6016237139701843, 0.2033519446849823, -0.07519327849149704, 0.5886291265487671, 0.25327548384666443, -0.07644885778427124, 0.6128553152084351, 0.1630048006772995, -0.03837985172867775, 0.6257639527320862, 0.17020896077156067, -0.06881074607372284, 0.6140650510787964, 0.23140230774879456, -0.06921294331550598, 0.5988704562187195, 0.2765308618545532, -0.06311892718076706, 0.6268211603164673, 0.19237279891967773, -0.03856968507170677, 0.6406486630439758, 0.21117064356803894, -0.06526744365692139, 0.6311979293823242, 0.2566775679588318, -0.06592525541782379, 0.6174276471138, 0.29080796241760254, -0.06083076447248459]"
"[0.5561060309410095, 0.5798543691635132, -8.281952545985405e-08, 0.5824007391929626, 0.5487378835678101, -0.032493580132722855, 0.5950704216957092, 0.507330060005188, -0.052046868950128555, 0.5814265012741089, 0.4853808283805847, -0.06994231045246124, 0.553770124912262, 0.48650607466697693, -0.0872650295495987, 0.539089024066925, 0.4312739968299866, -0.031188026070594788, 0.5162186026573181, 0.3803000748157501, -0.06090698763728142, 0.5116299986839294, 0.4032142162322998, -0.08179592341184616, 0.5203298330307007, 0.44204097986221313, -0.09182057529687881, 0.5149362087249756, 0.465656578540802, -0.026654861867427826, 0.49267613887786865, 0.4329695999622345, -0.06073826551437378, 0.5036748647689819, 0.4823093116283417, -0.07834585011005402, 0.5240414142608643, 0.5244401693344116, -0.08412784337997437, 0.4979652166366577, 0.5010737180709839, -0.026130571961402893, 0.48012664914131165, 0.4831101894378662, -0.05582258105278015, 0.4911865293979645, 0.521935224533081, -0.06473062932491302, 0.5092478394508362, 0.5582007765769958, -0.06397134065628052, 0.48547086119651794, 0.5360174775123596, -0.028089523315429688, 0.4658774733543396, 0.5238373279571533, -0.0468020960688591, 0.47121042013168335, 0.5464159846305847, -0.05088780075311661, 0.48333853483200073, 0.5696964263916016, -0.049892496317625046]","[0.5663574934005737, 0.2887924313545227, -2.521457815873873e-07, 0.5331207513809204, 0.2586021423339844, -0.02431952953338623, 0.5255066752433777, 0.19708439707756042, -0.03694980964064598, 0.5368720889091492, 0.14384114742279053, -0.046967748552560806, 0.5482529401779175, 0.10051458328962326, -0.05433052033185959, 0.5620139241218567, 0.15308502316474915, -0.026257503777742386, 0.5780671238899231, 0.10767365247011185, -0.0486956350505352, 0.5833697319030762, 0.1534716933965683, -0.060875054448843, 0.5784605741500854, 0.20134446024894714, -0.0655069500207901, 0.5871670842170715, 0.1717849224805832, -0.023346371948719025, 0.6070378422737122, 0.14598524570465088, -0.05008109658956528, 0.6029955148696899, 0.2072576880455017, -0.059399157762527466, 0.5885065197944641, 0.255520761013031, -0.06026070564985275, 0.6061649322509766, 0.1955142617225647, -0.023152805864810944, 0.622501790523529, 0.18062765896320343, -0.051321130245923996, 0.6128531694412231, 0.23769426345825195, -0.05159306153655052, 0.5970540642738342, 0.2794675827026367, -0.045050136744976044, 0.6207112073898315, 0.22266998887062073, -0.02434968575835228, 0.6352868676185608, 0.21616332232952118, -0.047260068356990814, 0.6274573802947998, 0.25562769174575806, -0.04691118746995926, 0.6134272217750549, 0.2880159616470337, -0.041207462549209595]"
[],"[0.5787948966026306, 0.6750413179397583, -1.2853143971369718e-07, 0.5745022296905518, 0.6291274428367615, -0.010870235040783882, 0.560454785823822, 0.5684939622879028, -0.013548596762120724, 0.5382524132728577, 0.5298170447349548, -0.01665354333817959, 0.5152742266654968, 0.5096439719200134, -0.019434010609984398, 0.5582606196403503, 0.5216377973556519, 0.0068895104341208935, 0.5368266701698303, 0.4934159517288208, -0.00664451252669096, 0.5135999321937561, 0.4947124123573303, -0.021354688331484795, 0.4927841126918793, 0.5054551959037781, -0.0300539992749691, 0.5527247190475464, 0.5272711515426636, 0.0071148984134197235, 0.5281632542610168, 0.5033653378486633, -0.0066991844214499, 0.5076389908790588, 0.5086745023727417, -0.02150609716773033, 0.48950687050819397, 0.5228391885757446, -0.029435042291879654, 0.5503851175308228, 0.5386373400688171, 0.00441895704716444, 0.5282766819000244, 0.5132028460502625, -0.009025637991726398, 0.5094693303108215, 0.5155423879623413, -0.01781880483031273, 0.49199792742729187, 0.526121973991394, -0.02028748393058777, 0.5513032674789429, 0.5544115304946899, 0.0006281432579271495, 0.5329685211181641, 0.5223451852798462, -0.00995014701038599, 0.5185288786888123, 0.5161336064338684, -0.01387918833643198, 0.5047104954719543, 0.5170044898986816, -0.013870618306100368]"
[],"[0.5480067133903503, 0.26786279678344727, 1.3505882634490263e-07, 0.5983601212501526, 0.2841448485851288, -0.028546366840600967, 0.639347493648529, 0.2375795543193817, -0.04919265955686569, 0.6552248001098633, 0.16728335618972778, -0.061228856444358826, 0.6516234874725342, 0.10740309953689575, -0.07019001245498657, 0.5872606635093689, 0.20232722163200378, -0.0793478935956955, 0.62261563539505, 0.0914129689335823, -0.10006125271320343, 0.6469419002532959, 0.10627073049545288, -0.1012796089053154, 0.6532619595527649, 0.13690748810768127, -0.09775937348604202, 0.5551901459693909, 0.1702594757080078, -0.06954667717218399, 0.6075459718704224, 0.0627010315656662, -0.08649424463510513, 0.6289054155349731, 0.09454093128442764, -0.08126235008239746, 0.6248156428337097, 0.13196918368339539, -0.07646135985851288, 0.5349991321563721, 0.14538225531578064, -0.05806194245815277, 0.5894683003425598, 0.05774105340242386, -0.06780197471380234, 0.607787013053894, 0.08968351036310196, -0.056810539215803146, 0.6028069853782654, 0.12106548249721527, -0.049681030213832855, 0.5238110423088074, 0.12778103351593018, -0.04797942191362381, 0.5706915855407715, 0.06742329895496368, -0.0543084517121315, 0.5869790315628052, 0.09164698421955109, -0.04784335196018219, 0.5824226140975952, 0.1180955097079277, -0.04311143979430199]"
[],"[0.5592457056045532, 0.2562350928783417, -5.6582425855822294e-08, 0.608538031578064, 0.27553898096084595, -0.01203598827123642, 0.6522078514099121, 0.23531483113765717, -0.025818215683102608, 0.6776512265205383, 0.1729981005191803, -0.034886617213487625, 0.6926345825195312, 0.11956746131181717, -0.04193266108632088, 0.6219920516014099, 0.20766860246658325, -0.05880516394972801, 0.6589442491531372, 0.0979500487446785, -0.0756661519408226, 0.6636749505996704, 0.12901785969734192, -0.07511670887470245, 0.6512802839279175, 0.1693074107170105, -0.0697927176952362, 0.5882561206817627, 0.1739058941602707, -0.056143809109926224, 0.6371403336524963, 0.06730090826749802, -0.06812930107116699, 0.6436309218406677, 0.0999867171049118, -0.06255216896533966, 0.6298622488975525, 0.13787314295768738, -0.05789211392402649, 0.5627425909042358, 0.1440792977809906, -0.05121583491563797, 0.6088061332702637, 0.053460828959941864, -0.05568818002939224, 0.6157884001731873, 0.08429034054279327, -0.04380662366747856, 0.605242133140564, 0.11530124396085739, -0.03666115924715996, 0.543708324432373, 0.119424968957901, -0.0463230200111866, 0.5822130441665649, 0.055153027176856995, -0.04761585220694542, 0.5889534950256348, 0.08065441995859146, -0.03855563700199127, 0.5798141360282898, 0.10697998851537704, -0.03234447166323662]"
[],"[0.574962854385376, 0.2515227198600769, -1.5468638991933403e-07, 0.622254490852356, 0.2794346511363983, -0.013083342462778091, 0.6718733310699463, 0.25257012248039246, -0.028782404959201813, 0.7034025192260742, 0.19730877876281738, -0.040403272956609726, 0.7061663866043091, 0.14172986149787903, -0.05092974379658699, 0.6460825204849243, 0.23364752531051636, -0.05734486132860184, 0.6797705292701721, 0.14093124866485596, -0.07927166670560837, 0.6750025749206543, 0.16946467757225037, -0.08557242155075073, 0.6612964272499084, 0.20742151141166687, -0.0856461226940155, 0.6126247048377991, 0.19724273681640625, -0.05704455077648163, 0.6573372483253479, 0.10427328199148178, -0.07545571029186249, 0.6527119278907776, 0.1352880299091339, -0.07463859021663666, 0.6357530355453491, 0.17291834950447083, -0.07273072004318237, 0.5850415825843811, 0.16119959950447083, -0.05529949069023132, 0.6278092861175537, 0.08297621458768845, -0.06606794893741608, 0.6254305839538574, 0.11267974227666855, -0.056613195687532425, 0.612528383731842, 0.1431339681148529, -0.05028252303600311, 0.5631032586097717, 0.12775766849517822, -0.05366389453411102, 0.5970844030380249, 0.0777527242898941, -0.05855128914117813, 0.595020055770874, 0.10508718341588974, -0.05063668265938759, 0.5842117071151733, 0.13097552955150604, -0.045251548290252686]"
"[0.5828084349632263, 0.27573394775390625, -2.830172149970167e-07, 0.6275866031646729, 0.3120182156562805, -0.016673823818564415, 0.6797168850898743, 0.2936864495277405, -0.02908463217318058, 0.7121472358703613, 0.2405863106250763, -0.037130746990442276, 0.7171920537948608, 0.18260082602500916, -0.04345966875553131, 0.6728718876838684, 0.24708318710327148, -0.04655328392982483, 0.7019184827804565, 0.18318696320056915, -0.06929723173379898, 0.6814398765563965, 0.21968403458595276, -0.07695385813713074, 0.661342442035675, 0.2560810148715973, -0.07814615219831467, 0.6441674828529358, 0.20224636793136597, -0.04482343792915344, 0.6787821054458618, 0.13779860734939575, -0.06467782706022263, 0.6595304608345032, 0.17837287485599518, -0.06448029726743698, 0.639926552772522, 0.21507740020751953, -0.06171547248959541, 0.6172482967376709, 0.16396716237068176, -0.04345693066716194, 0.6458291411399841, 0.1173987165093422, -0.05773505941033363, 0.6315993666648865, 0.15648944675922394, -0.04849238693714142, 0.6180964708328247, 0.1853591352701187, -0.04080459475517273, 0.592749834060669, 0.13370965421199799, -0.04285392537713051, 0.6124140024185181, 0.11043903231620789, -0.05076964944601059, 0.6008316278457642, 0.1425103098154068, -0.04387906193733215, 0.5910083651542664, 0.16210311651229858, -0.038036100566387177]",[]
[],"[0.5060641169548035, 0.3631112575531006, -6.911346162041809e-08, 0.4678812026977539, 0.3009737730026245, -0.0137895243242383, 0.4562495946884155, 0.2108103334903717, -0.01829417236149311, 0.4598804712295532, 0.13571980595588684, -0.024029672145843506, 0.45496702194213867, 0.0750332772731781, -0.028408395126461983, 0.5017991065979004, 0.14028486609458923, 0.008673951961100101, 0.5143058896064758, 0.06480778753757477, -0.006199988536536694, 0.5158593058586121, 0.03139830380678177, -0.022525804117321968, 0.5113509297370911, 0.020840846002101898, -0.03278716281056404, 0.5258659720420837, 0.14760920405387878, 0.005829320289194584, 0.5447281002998352, 0.05713740363717079, -0.012325114570558071, 0.5386641621589661, 0.03170289844274521, -0.03080582804977894, 0.5235245823860168, 0.050399065017700195, -0.04066888242959976, 0.5451326966285706, 0.1670105755329132, -0.0007191546610556543, 0.5672951340675354, 0.08726416528224945, -0.016348758712410927, 0.5576401948928833, 0.06000727415084839, -0.03029012866318226, 0.5404998064041138, 0.07682405412197113, -0.036788299679756165, 0.5651119351387024, 0.19975045323371887, -0.009046947583556175, 0.5807298421859741, 0.13605128228664398, -0.021212413907051086, 0.5739408135414124, 0.10209818184375763, -0.03017904795706272, 0.5588136315345764, 0.09965144097805023, -0.03472438082098961]"
[],"[0.587173581123352, 0.30566272139549255, -2.734369957124727e-07, 0.6314793825149536, 0.3398102819919586, -0.010382143780589104, 0.6836371421813965, 0.32673823833465576, -0.023305390030145645, 0.7198452353477478, 0.2800416946411133, -0.03285694867372513, 0.7335907220840454, 0.2222011834383011, -0.041247397661209106, 0.6790127158164978, 0.2944207191467285, -0.05025352165102959, 0.7155923843383789, 0.21187810599803925, -0.07018069922924042, 0.6982246041297913, 0.2376149445772171, -0.07506479322910309, 0.6776581406593323, 0.2751825451850891, -0.07398434728384018, 0.6495569348335266, 0.2527731955051422, -0.050585705786943436, 0.6926279664039612, 0.16919630765914917, -0.06621233373880386, 0.6767389178276062, 0.19663123786449432, -0.06296562403440475, 0.6564792990684509, 0.23364059627056122, -0.05936184898018837, 0.622657299041748, 0.21089985966682434, -0.04971122369170189, 0.661706805229187, 0.14245080947875977, -0.05958768352866173, 0.6496143341064453, 0.17210659384727478, -0.04800998419523239, 0.6335859298706055, 0.20494183897972107, -0.039874278008937836, 0.5985680222511292, 0.17256402969360352, -0.04887564480304718, 0.6289207935333252, 0.13103845715522766, -0.053593605756759644, 0.6195192933082581, 0.15973585844039917, -0.04398556426167488, 0.6062335968017578, 0.18729832768440247, -0.036672674119472504]"
[],"[0.5827876329421997, 0.30991506576538086, -2.004705095259851e-07, 0.6271305084228516, 0.35091447830200195, -0.00704984599724412, 0.6823632121086121, 0.3416045904159546, -0.01913696900010109, 0.7235077023506165, 0.2968513071537018, -0.026458363980054855, 0.7384200692176819, 0.2423655092716217, -0.032046422362327576, 0.6668140292167664, 0.31195205450057983, -0.06171587482094765, 0.7211275696754456, 0.2217371165752411, -0.0768410935997963, 0.7101929187774658, 0.2411809265613556, -0.07276883721351624, 0.6906079649925232, 0.2725084125995636, -0.06557831913232803, 0.6399680376052856, 0.2702944278717041, -0.061968524008989334, 0.704918384552002, 0.17495986819267273, -0.07574384659528732, 0.6974711418151855, 0.1960826814174652, -0.0658763125538826, 0.6787598729133606, 0.22596362233161926, -0.05721459165215492, 0.6182903051376343, 0.2299814224243164, -0.059051480144262314, 0.6728626489639282, 0.1542005091905594, -0.06533928215503693, 0.6646673679351807, 0.17816480994224548, -0.04878389090299606, 0.6506258249282837, 0.20445291697978973, -0.03747783973813057, 0.5989806652069092, 0.196781188249588, -0.05556620657444, 0.641833484172821, 0.14209632575511932, -0.05499272793531418, 0.6345797777175903, 0.1641746610403061, -0.04129176586866379, 0.6212432980537415, 0.188111811876297, -0.03199924901127815]"
[],"[0.5865213871002197, 0.3113624155521393, -1.5637415629043971e-07, 0.6305854916572571, 0.35040342807769775, -0.00990356970578432, 0.6836245059967041, 0.3412739038467407, -0.02376100979745388, 0.721709132194519, 0.2927156984806061, -0.03282696753740311, 0.7364165186882019, 0.23554031550884247, -0.039976537227630615, 0.6639615893363953, 0.31358978152275085, -0.06152312085032463, 0.7152616381645203, 0.21714968979358673, -0.07872451096773148, 0.7055433392524719, 0.23925848305225372, -0.0775994136929512, 0.6858319640159607, 0.27420932054519653, -0.07206280529499054, 0.6358092427253723, 0.26945239305496216, -0.06050700694322586, 0.6966758370399475, 0.1740199625492096, -0.07385632395744324, 0.691462516784668, 0.1957443505525589, -0.06702172011137009, 0.6731551289558411, 0.2265602946281433, -0.061133284121751785, 0.6138349175453186, 0.22668173909187317, -0.05686945468187332, 0.6658033132553101, 0.15156395733356476, -0.062228716909885406, 0.6617971658706665, 0.17565296590328217, -0.048906441777944565, 0.648288369178772, 0.20178693532943726, -0.040473323315382004, 0.5960716009140015, 0.18932679295539856, -0.05307428538799286, 0.636055588722229, 0.14079515635967255, -0.05276329070329666, 0.6327319145202637, 0.16376151144504547, -0.04200214520096779, 0.6208286881446838, 0.1862824261188507, -0.034990761429071426]"
[],"[0.5835138559341431, 0.3214273154735565, -4.853286128536638e-08, 0.6342007517814636, 0.3548398017883301, -0.015440741553902626, 0.6840216517448425, 0.32927680015563965, -0.03180892392992973, 0.7144311666488647, 0.270084947347641, -0.041935473680496216, 0.7268794178962708, 0.21043770015239716, -0.0493391752243042, 0.647133469581604, 0.28854256868362427, -0.07310736924409866, 0.6982423663139343, 0.18061859905719757, -0.09052127599716187, 0.7024644613265991, 0.2219318449497223, -0.08715643733739853, 0.6856594085693359, 0.2622643709182739, -0.07968463003635406, 0.616158664226532, 0.24598005414009094, -0.068765789270401, 0.6779033541679382, 0.14895357191562653, -0.08140519261360168, 0.6839033961296082, 0.189835324883461, -0.0731784850358963, 0.6656672954559326, 0.22421324253082275, -0.0671205073595047, 0.593930721282959, 0.21175728738307953, -0.061477188020944595, 0.650519073009491, 0.1324971318244934, -0.065517358481884, 0.6580690741539001, 0.16986083984375, -0.05169064179062843, 0.6451928615570068, 0.1986778974533081, -0.043922677636146545, 0.5778194069862366, 0.18676964938640594, -0.05442153662443161, 0.6237685680389404, 0.13352884352207184, -0.055565159767866135, 0.6316166520118713, 0.16181612014770508, -0.046083856374025345, 0.6202085018157959, 0.18470560014247894, -0.04010909050703049]"
[],"[0.5840745568275452, 0.3208470940589905, 1.400578355514881e-07, 0.6339605450630188, 0.35622185468673706, -0.02576402947306633, 0.67856764793396, 0.3111599087715149, -0.04325767979025841, 0.7051175236701965, 0.23939555883407593, -0.05271247774362564, 0.7115076184272766, 0.17633149027824402, -0.05902504548430443, 0.6241613030433655, 0.2653930187225342, -0.07042757421731949, 0.67280113697052, 0.1678803712129593, -0.08810891956090927, 0.6890230178833008, 0.19273017346858978, -0.08795373141765594, 0.6847912669181824, 0.2244056761264801, -0.08336823433637619, 0.5945775508880615, 0.22449374198913574, -0.06040327250957489, 0.6602757573127747, 0.13962271809577942, -0.07400868088006973, 0.6743431687355042, 0.177823007106781, -0.0689142569899559, 0.6620643138885498, 0.21115291118621826, -0.06415648758411407, 0.577433168888092, 0.1960262954235077, -0.0488441064953804, 0.6422465443611145, 0.13057908415794373, -0.05541280657052994, 0.6550846099853516, 0.16750222444534302, -0.04586498811841011, 0.6446040868759155, 0.1936601996421814, -0.03993946686387062, 0.5694030523300171, 0.1770436018705368, -0.03841131925582886, 0.6243243217468262, 0.1383494734764099, -0.04243474081158638, 0.6356751322746277, 0.16802150011062622, -0.03703559190034866, 0.626201868057251, 0.19025175273418427, -0.03334656357765198]"
"[0.5904062986373901, 0.34614622592926025, 2.271099575068547e-08, 0.6317529678344727, 0.33558154106140137, -0.03280813619494438, 0.6546062231063843, 0.26987844705581665, -0.04679923132061958, 0.6697810888290405, 0.19959257543087006, -0.05340991169214249, 0.6767860054969788, 0.13869816064834595, -0.054992783814668655, 0.5949738621711731, 0.19160336256027222, -0.04439663141965866, 0.6515647172927856, 0.13406021893024445, -0.06161853298544884, 0.6695212125778198, 0.1807129979133606, -0.06711743026971817, 0.6634838581085205, 0.21629968285560608, -0.06742307543754578, 0.5798971056938171, 0.1755094677209854, -0.030816005542874336, 0.6424282193183899, 0.12778934836387634, -0.04424450173974037, 0.658149778842926, 0.17543311417102814, -0.04358584061264992, 0.6502115726470947, 0.20734615623950958, -0.04112929850816727, 0.5762885808944702, 0.17190317809581757, -0.01914266124367714, 0.6357426643371582, 0.13440097868442535, -0.02955670654773712, 0.6471133232116699, 0.17463907599449158, -0.023269617930054665, 0.6397917866706848, 0.200109601020813, -0.017435865476727486, 0.5790839195251465, 0.1748369038105011, -0.009910786524415016, 0.6264463067054749, 0.14365166425704956, -0.016518332064151764, 0.6360692977905273, 0.17503675818443298, -0.012371201068162918, 0.631201446056366, 0.19892729818820953, -0.007801201194524765]","[0.5421883463859558, 0.7244433760643005, 2.649757959716226e-07, 0.5538245439529419, 0.6697471141815186, -0.017177188768982887, 0.5443331003189087, 0.6088643074035645, -0.022791093215346336, 0.5189347863197327, 0.5814800262451172, -0.02656708098948002, 0.49376508593559265, 0.5769339203834534, -0.03027407079935074, 0.5099771618843079, 0.5991500616073608, -0.005834640935063362, 0.49156883358955383, 0.5688080787658691, -0.015387950465083122, 0.47636643052101135, 0.5461000800132751, -0.024275055155158043, 0.4667755663394928, 0.5289597511291504, -0.030161073431372643, 0.4931793212890625, 0.625632643699646, -0.002272707177326083, 0.47331497073173523, 0.592811107635498, -0.01150981243699789, 0.4597179591655731, 0.5682072639465332, -0.020193472504615784, 0.4503512382507324, 0.5502628684043884, -0.025597527623176575, 0.48122748732566833, 0.6518285274505615, -0.001246614963747561, 0.46287262439727783, 0.6188245415687561, -0.011053487658500671, 0.45145750045776367, 0.5925868153572083, -0.015333248302340508, 0.44327157735824585, 0.5747698545455933, -0.016764579340815544, 0.47271135449409485, 0.6804067492485046, -0.0018691768636927009, 0.456216037273407, 0.648883581161499, -0.010111141949892044, 0.4476512670516968, 0.6250558495521545, -0.012203656136989594, 0.44137251377105713, 0.6067449450492859, -0.012383189983665943]"
"[0.568705677986145, 0.5746749639511108, -6.094833082670448e-08, 0.595930278301239, 0.5392625331878662, -0.02507384680211544, 0.6191698908805847, 0.5024422407150269, -0.04684542119503021, 0.6355147957801819, 0.4897056519985199, -0.0685599222779274, 0.6446630954742432, 0.5028747916221619, -0.08971870690584183, 0.5692481398582458, 0.4071003198623657, -0.03208262100815773, 0.5487964153289795, 0.3680317997932434, -0.06389470398426056, 0.5531166791915894, 0.3995593190193176, -0.08480443805456161, 0.5654355883598328, 0.43891480565071106, -0.09400007873773575, 0.545725405216217, 0.4390676021575928, -0.03178670257329941, 0.5336905717849731, 0.4295063614845276, -0.06704960763454437, 0.5529601573944092, 0.47891783714294434, -0.08113088458776474, 0.5754133462905884, 0.5234403610229492, -0.08373643457889557, 0.5285267233848572, 0.47512340545654297, -0.03473920002579689, 0.522344172000885, 0.48024699091911316, -0.06451614201068878, 0.5448799729347229, 0.5225287079811096, -0.06804574280977249, 0.5671173334121704, 0.558146595954895, -0.06283654272556305, 0.5169695615768433, 0.5124740600585938, -0.039905890822410583, 0.5092322826385498, 0.5169587135314941, -0.05742966756224632, 0.5269532203674316, 0.5465822815895081, -0.05725114047527313, 0.5465429425239563, 0.5699410438537598, -0.052144065499305725]",[]
"[0.5884830951690674, 0.5655806064605713, -9.493064823118402e-08, 0.6089280247688293, 0.5323135256767273, -0.024615829810500145, 0.6260564923286438, 0.5018438100814819, -0.04880116134881973, 0.6456096172332764, 0.49569422006607056, -0.07297954708337784, 0.6661418676376343, 0.5190494656562805, -0.09792811423540115, 0.570591390132904, 0.39780476689338684, -0.03779686987400055, 0.5516855120658875, 0.38885563611984253, -0.06954410672187805, 0.5573590397834778, 0.42555344104766846, -0.09273722767829895, 0.5711352825164795, 0.46267223358154297, -0.10423174500465393, 0.5444260239601135, 0.4306774139404297, -0.03779354318976402, 0.5402688384056091, 0.46120208501815796, -0.07035237550735474, 0.5619308352470398, 0.5097278952598572, -0.08477027714252472, 0.5873315930366516, 0.552161455154419, -0.08938241750001907, 0.5265673398971558, 0.4720833897590637, -0.0401783287525177, 0.5289124846458435, 0.5083565711975098, -0.06613132357597351, 0.5532554984092712, 0.548770010471344, -0.06997372210025787, 0.5784758925437927, 0.5835815668106079, -0.06677578389644623, 0.5153852105140686, 0.5133188366889954, -0.045137934386730194, 0.5132759213447571, 0.5412940979003906, -0.05960477888584137, 0.5312168002128601, 0.571637749671936, -0.059149883687496185, 0.5510491728782654, 0.5925304889678955, -0.054951392114162445]",[]
"[0.510153591632843, 0.36302971839904785, -6.591278634004993e-08, 0.4726850390434265, 0.30224165320396423, -0.01537254173308611, 0.46146368980407715, 0.21230991184711456, -0.020465990528464317, 0.46476057171821594, 0.13682609796524048, -0.026377202942967415, 0.46052467823028564, 0.07544370740652084, -0.03079088218510151, 0.510944128036499, 0.14196227490901947, 0.006285442039370537, 0.5215795636177063, 0.06477175652980804, -0.007965944707393646, 0.521145224571228, 0.02223718911409378, -0.02317979745566845, 0.5153013467788696, -0.00036565959453582764, -0.033280592411756516, 0.5351194739341736, 0.15088745951652527, 0.0038217753171920776, 0.5533681511878967, 0.06515751779079437, -0.015340855345129967, 0.5442306995391846, 0.03719568997621536, -0.03282313048839569, 0.5254303216934204, 0.051873043179512024, -0.04159034416079521, 0.553988516330719, 0.17148399353027344, -0.002383539918810129, 0.5760449767112732, 0.09736914932727814, -0.019090311601758003, 0.5653404593467712, 0.06684903800487518, -0.031940266489982605, 0.5466663241386414, 0.0777619332075119, -0.03729533404111862, 0.5728417038917542, 0.20550818741321564, -0.010573706589639187, 0.5885382890701294, 0.14704813063144684, -0.023894112557172775, 0.5817092657089233, 0.11039508879184723, -0.03308235481381416, 0.5663334131240845, 0.10258492827415466, -0.037444714456796646]","[0.4620368182659149, 0.666772723197937, -3.99352595437108e-09, 0.47965702414512634, 0.6177597045898438, -0.023142138496041298, 0.4829370379447937, 0.5744661092758179, -0.03953440859913826, 0.4873197674751282, 0.5523378252983093, -0.05502593517303467, 0.48247870802879333, 0.5470587611198425, -0.0699668675661087, 0.45193853974342346, 0.534004271030426, -0.03135108947753906, 0.43086519837379456, 0.5120034217834473, -0.06041688844561577, 0.44150158762931824, 0.5399614572525024, -0.07972516864538193, 0.45976826548576355, 0.5702245831489563, -0.08942780643701553, 0.43401870131492615, 0.5698847770690918, -0.031448084861040115, 0.4198012053966522, 0.5647696256637573, -0.06565570831298828, 0.44229772686958313, 0.6091305017471313, -0.07984185218811035, 0.46593722701072693, 0.6437118053436279, -0.08392894268035889, 0.4206685423851013, 0.610542893409729, -0.03447230905294418, 0.4087792634963989, 0.6158963441848755, -0.06613141298294067, 0.4326784908771515, 0.6546206474304199, -0.06992229074239731, 0.45723652839660645, 0.6829022169113159, -0.0658477246761322, 0.4142833352088928, 0.6516106128692627, -0.03915996104478836, 0.4005298912525177, 0.6629177927970886, -0.05991358309984207, 0.4145374298095703, 0.6840579509735107, -0.06146366149187088, 0.43181076645851135, 0.6963508129119873, -0.058516815304756165]"
"[0.5793450474739075, 0.5702494382858276, -6.137412356110872e-08, 0.6043368577957153, 0.5446774363517761, -0.02915024943649769, 0.6216861009597778, 0.5154605507850647, -0.05507552623748779, 0.641726553440094, 0.5083933472633362, -0.08037503808736801, 0.6604320406913757, 0.5246524214744568, -0.1057344600558281, 0.5612355470657349, 0.40596088767051697, -0.041060853749513626, 0.5490319132804871, 0.40030574798583984, -0.0756203681230545, 0.5572118759155273, 0.43534013628959656, -0.09948426485061646, 0.5707389712333679, 0.47405749559402466, -0.11096130311489105, 0.5351238250732422, 0.4373438358306885, -0.040158629417419434, 0.5375178456306458, 0.4752923548221588, -0.0758819729089737, 0.5623732209205627, 0.5273540019989014, -0.0892815962433815, 0.5877458453178406, 0.567245602607727, -0.09221336245536804, 0.5179830193519592, 0.48071232438087463, -0.04254573583602905, 0.5264809727668762, 0.524606466293335, -0.07246667891740799, 0.5550532937049866, 0.5699297189712524, -0.0745539516210556, 0.5812469124794006, 0.6032443642616272, -0.06902667135000229, 0.5087916254997253, 0.525826096534729, -0.04792901873588562, 0.5124366283416748, 0.560741662979126, -0.06598140299320221, 0.5339847207069397, 0.5945684909820557, -0.06536995619535446, 0.5545439720153809, 0.614308774471283, -0.06015634536743164]","[0.6105706691741943, 0.42555689811706543, -3.061737174903101e-07, 0.578664243221283, 0.36859697103500366, -0.019786177203059196, 0.5696783065795898, 0.27818313241004944, -0.02897689677774906, 0.5805544853210449, 0.20006020367145538, -0.03779676556587219, 0.6010926961898804, 0.14851665496826172, -0.04380703717470169, 0.6058116555213928, 0.22000102698802948, -0.003547192318364978, 0.6276139616966248, 0.160501629114151, -0.028835557401180267, 0.626827597618103, 0.19709140062332153, -0.04480728879570961, 0.6168762445449829, 0.24434837698936462, -0.051106326282024384, 0.6309659481048584, 0.24413146078586578, -0.0033919778652489185, 0.6540787220001221, 0.19070720672607422, -0.029921475797891617, 0.6395551562309265, 0.24996699392795563, -0.03999854996800423, 0.6222601532936096, 0.29521945118904114, -0.039774131029844284, 0.6529051661491394, 0.2763391435146332, -0.007800113409757614, 0.6725251078605652, 0.23092074692249298, -0.03599829971790314, 0.6510801315307617, 0.2900289297103882, -0.03348749503493309, 0.6333930492401123, 0.33268845081329346, -0.02345927432179451, 0.6740975975990295, 0.3190498352050781, -0.013786102645099163, 0.684554934501648, 0.2808607220649719, -0.03468737751245499, 0.6670492887496948, 0.3215482831001282, -0.031130457296967506, 0.6525208353996277, 0.3536210060119629, -0.022485004737973213]"
"[0.5831125974655151, 0.5810847878456116, -7.405317603570438e-08, 0.6053590178489685, 0.5518470406532288, -0.03028019145131111, 0.6218235492706299, 0.5190374255180359, -0.05693470314145088, 0.6410586833953857, 0.5055032968521118, -0.08284418284893036, 0.6598600745201111, 0.5146743655204773, -0.1081533282995224, 0.5616917014122009, 0.4089159667491913, -0.04040292277932167, 0.5436156988143921, 0.4001633822917938, -0.07715845108032227, 0.5538361072540283, 0.4359568953514099, -0.10153402388095856, 0.5715842843055725, 0.4729160666465759, -0.11271528899669647, 0.5346264839172363, 0.44127434492111206, -0.03969179838895798, 0.5351884961128235, 0.47490692138671875, -0.07780291140079498, 0.5611467957496643, 0.527759313583374, -0.09130564332008362, 0.5871492028236389, 0.5657482147216797, -0.0934162586927414, 0.5162774324417114, 0.4847467541694641, -0.042752139270305634, 0.5231029391288757, 0.5249630808830261, -0.07483870536088943, 0.5522584915161133, 0.5702746510505676, -0.07634568959474564, 0.5785496830940247, 0.6004744172096252, -0.06967373192310333, 0.5066837072372437, 0.5300873517990112, -0.04887032136321068, 0.5095233917236328, 0.5630970597267151, -0.06788209080696106, 0.5312844514846802, 0.5982416868209839, -0.06681714206933975, 0.5519247055053711, 0.6164705157279968, -0.06069585308432579]","[0.6123366355895996, 0.4198018014431, -3.2293758067680756e-07, 0.5777277946472168, 0.3678557574748993, -0.017788782715797424, 0.5676537752151489, 0.27503687143325806, -0.025458749383687973, 0.5778695940971375, 0.19654515385627747, -0.03299904242157936, 0.5963943004608154, 0.14494925737380981, -0.0378887876868248, 0.6018972992897034, 0.21690554916858673, -0.0030652836430817842, 0.6225488781929016, 0.153631329536438, -0.026630766689777374, 0.6218649744987488, 0.19152536988258362, -0.041669171303510666, 0.6114948987960815, 0.2394172102212906, -0.04769963398575783, 0.6280347108840942, 0.2387549728155136, -0.0035730672534555197, 0.6497267484664917, 0.18277674913406372, -0.027802444994449615, 0.6380208134651184, 0.24092786014080048, -0.03729100152850151, 0.6210613250732422, 0.28757229447364807, -0.03729305416345596, 0.6507502198219299, 0.2689586281776428, -0.008306371979415417, 0.668296754360199, 0.2223239541053772, -0.034257739782333374, 0.6499974727630615, 0.2820047438144684, -0.03183608502149582, 0.6330837607383728, 0.3251890242099762, -0.02266654558479786, 0.6726173162460327, 0.3093014359474182, -0.01449359580874443, 0.6813111305236816, 0.2736687958240509, -0.03429499641060829, 0.6660832166671753, 0.3156055212020874, -0.031153477728366852, 0.6528244614601135, 0.3484148681163788, -0.023312758654356003]"
"[0.5792940855026245, 0.5860952138900757, -1.039082704323846e-07, 0.6011467576026917, 0.5533630847930908, -0.026687854900956154, 0.6183782815933228, 0.5139729976654053, -0.049347102642059326, 0.6378586888313293, 0.49401652812957764, -0.0716610997915268, 0.6547240018844604, 0.4954301714897156, -0.09327463805675507, 0.5562344193458557, 0.40966659784317017, -0.03215218335390091, 0.5417482852935791, 0.3885188400745392, -0.06432613730430603, 0.552698016166687, 0.4216010868549347, -0.0864226445555687, 0.570160448551178, 0.4574368894100189, -0.09655408561229706, 0.5305874943733215, 0.4397205710411072, -0.03138912096619606, 0.533988893032074, 0.46731773018836975, -0.06561720371246338, 0.5607438683509827, 0.5172353386878967, -0.07875575870275497, 0.5864561200141907, 0.5534869432449341, -0.08091271668672562, 0.5132319331169128, 0.4823214113712311, -0.03417670354247093, 0.521790087223053, 0.5176041722297668, -0.06300033628940582, 0.5513757467269897, 0.5603010654449463, -0.06509921699762344, 0.5773693323135376, 0.5900185108184814, -0.05909525975584984, 0.5035849809646606, 0.5275702476501465, -0.03970969468355179, 0.5070570707321167, 0.5565358996391296, -0.057263635098934174, 0.5295733213424683, 0.5894652605056763, -0.05645455792546272, 0.5500741004943848, 0.6079390048980713, -0.05044723302125931]","[0.606329083442688, 0.41261523962020874, -3.192486133229977e-07, 0.5748012065887451, 0.35614848136901855, -0.011180735193192959, 0.5662342309951782, 0.258624404668808, -0.014408716931939125, 0.5772905349731445, 0.18693120777606964, -0.01905612088739872, 0.5945387482643127, 0.13755150139331818, -0.02201724611222744, 0.6013944745063782, 0.206466943025589, 0.006340896710753441, 0.6163855791091919, 0.1508452296257019, -0.01416991837322712, 0.6167280673980713, 0.17594581842422485, -0.029129868373274803, 0.6107615232467651, 0.2145807445049286, -0.03587793931365013, 0.6266276836395264, 0.2271295040845871, 0.0025083289947360754, 0.6436450481414795, 0.17541082203388214, -0.020649639889597893, 0.6305904388427734, 0.22961804270744324, -0.030486367642879486, 0.6156062483787537, 0.27832257747650146, -0.030492961406707764, 0.6484375596046448, 0.25814181566238403, -0.005180939566344023, 0.6635785102844238, 0.21022798120975494, -0.029519062489271164, 0.6449783444404602, 0.2654488682746887, -0.028081107884645462, 0.629301130771637, 0.31011471152305603, -0.019633496180176735, 0.6691729426383972, 0.29872065782546997, -0.013836750760674477, 0.676517128944397, 0.25970458984375, -0.031504951417446136, 0.6607312560081482, 0.2985180616378784, -0.027700375765562057, 0.6478955149650574, 0.33218324184417725, -0.019633546471595764]"
"[0.5710288882255554, 0.5828531980514526, -9.792050548185216e-08, 0.5977538824081421, 0.545836329460144, -0.024827633053064346, 0.6183215379714966, 0.5024757981300354, -0.04438871517777443, 0.6342249512672424, 0.4793414771556854, -0.06379429250955582, 0.6378574371337891, 0.4847071170806885, -0.08200562745332718, 0.556159496307373, 0.4060918092727661, -0.02949071116745472, 0.535668134689331, 0.3776921331882477, -0.061340462416410446, 0.5486667156219482, 0.4105767607688904, -0.08185461163520813, 0.5675821900367737, 0.4489262104034424, -0.0903717577457428, 0.5305373668670654, 0.43543320894241333, -0.029327664524316788, 0.5267285704612732, 0.45731866359710693, -0.06450074166059494, 0.5527695417404175, 0.5075839161872864, -0.07725057750940323, 0.5779306888580322, 0.5456562042236328, -0.07848457247018814, 0.51253741979599, 0.47635358572006226, -0.032771553844213486, 0.5159286260604858, 0.5097530484199524, -0.06275924295186996, 0.5448981523513794, 0.5526020526885986, -0.06513901799917221, 0.570911169052124, 0.5817584991455078, -0.058747027069330215, 0.5020756721496582, 0.5191361904144287, -0.03874818980693817, 0.5022274255752563, 0.5481252670288086, -0.05715193599462509, 0.5236417651176453, 0.579755425453186, -0.05703134089708328, 0.5447356700897217, 0.5964618921279907, -0.05119675397872925]",[]
"[0.5767084956169128, 0.5610731840133667, -6.689187870279056e-08, 0.602527916431427, 0.5283482074737549, -0.03171885758638382, 0.6223222017288208, 0.49099522829055786, -0.05514218658208847, 0.6309916377067566, 0.4663732349872589, -0.07740826159715652, 0.6165568232536316, 0.47132936120033264, -0.09825970232486725, 0.5569884181022644, 0.41119521856307983, -0.0375472791492939, 0.525956928730011, 0.37238314747810364, -0.07255075126886368, 0.5356447100639343, 0.4051021337509155, -0.09370718151330948, 0.5558468103408813, 0.44291630387306213, -0.1018751710653305, 0.5345941781997681, 0.44996315240859985, -0.03482554107904434, 0.5143210291862488, 0.438047856092453, -0.07384701073169708, 0.5385982990264893, 0.4901864230632782, -0.0862182006239891, 0.5650988221168518, 0.5280115604400635, -0.08632812649011612, 0.5182004570960999, 0.4897698760032654, -0.036447953432798386, 0.5037862062454224, 0.49277210235595703, -0.07011676579713821, 0.5300407409667969, 0.5376029014587402, -0.07093985378742218, 0.5557725429534912, 0.5679534077644348, -0.06294956803321838, 0.508243203163147, 0.5277606248855591, -0.04084208235144615, 0.4917002320289612, 0.5326579809188843, -0.061121441423892975, 0.5107894539833069, 0.5630950331687927, -0.059592124074697495, 0.5317240953445435, 0.583775520324707, -0.05298689752817154]",[]
"[0.5633141994476318, 0.5586733818054199, -1.5927761864986678e-07, 0.5894142985343933, 0.5295922756195068, -0.035199426114559174, 0.610203742980957, 0.48164889216423035, -0.058588992804288864, 0.6151852607727051, 0.4573228061199188, -0.07998926192522049, 0.6006209850311279, 0.4619700014591217, -0.10007315129041672, 0.5513763427734375, 0.41094064712524414, -0.039307236671447754, 0.5227640867233276, 0.3666718006134033, -0.07339656352996826, 0.5279046893119812, 0.4033530354499817, -0.09475428611040115, 0.5448693633079529, 0.4448128938674927, -0.10348758846521378, 0.5285996198654175, 0.4496992826461792, -0.034122683107852936, 0.5069992542266846, 0.43083733320236206, -0.0720575824379921, 0.5283247828483582, 0.48677128553390503, -0.08682969957590103, 0.5553651452064514, 0.5259405374526978, -0.08906716853380203, 0.5106008052825928, 0.4873097538948059, -0.03337228670716286, 0.4971645772457123, 0.4824717044830322, -0.0660957545042038, 0.518572211265564, 0.5294872522354126, -0.07068858295679092, 0.5428920388221741, 0.5619347095489502, -0.06540347635746002, 0.4971955418586731, 0.5229100584983826, -0.035442303866147995, 0.4819115400314331, 0.5197433829307556, -0.05574628338217735, 0.4973738193511963, 0.5528641939163208, -0.05657770857214928, 0.5160320401191711, 0.5773495435714722, -0.05201391503214836]",[]
"[0.5626811385154724, 0.561939001083374, -7.88929384043513e-08, 0.5889846682548523, 0.5321011543273926, -0.03857596591114998, 0.6031214594841003, 0.48877695202827454, -0.062265217304229736, 0.5980755090713501, 0.4602035880088806, -0.0832308903336525, 0.5747988224029541, 0.4586879312992096, -0.10278941690921783, 0.5493127703666687, 0.41758647561073303, -0.04012508690357208, 0.525618851184845, 0.3648310899734497, -0.07282639294862747, 0.5250079035758972, 0.39374545216560364, -0.09252486377954483, 0.5378471612930298, 0.4359625279903412, -0.10045983642339706, 0.5258091688156128, 0.45337364077568054, -0.03273395448923111, 0.5019385814666748, 0.42163482308387756, -0.06856323033571243, 0.5173259377479553, 0.47497665882110596, -0.08219850808382034, 0.541010320186615, 0.5129983425140381, -0.08396889269351959, 0.5086537599563599, 0.49043217301368713, -0.03004279173910618, 0.4918098747730255, 0.47311174869537354, -0.0611906424164772, 0.5082036852836609, 0.5197521448135376, -0.06475867331027985, 0.5295590758323669, 0.553189218044281, -0.05935101583600044, 0.49555274844169617, 0.5266324281692505, -0.03041224554181099, 0.4779266119003296, 0.51723712682724, -0.049661748111248016, 0.4880145490169525, 0.5460967421531677, -0.0505947545170784, 0.5033533573150635, 0.56955885887146, -0.04659782350063324]",[]
"[0.5829553604125977, 0.5134353637695312, -4.911590423262169e-08, 0.5921809673309326, 0.5006154179573059, -0.04015126824378967, 0.5875093340873718, 0.4800453186035156, -0.06340060383081436, 0.5721691846847534, 0.4730501174926758, -0.08264151215553284, 0.5503534078598022, 0.47288012504577637, -0.10203634202480316, 0.551681637763977, 0.4040580987930298, -0.043417565524578094, 0.5254793763160706, 0.3819323480129242, -0.07396583259105682, 0.5205773115158081, 0.4151783883571625, -0.09535887092351913, 0.527283787727356, 0.45143306255340576, -0.10637243092060089, 0.5317463278770447, 0.42468491196632385, -0.034654565155506134, 0.5035672783851624, 0.4131072461605072, -0.06795943528413773, 0.5078829526901245, 0.464759886264801, -0.08622494339942932, 0.5230820775032043, 0.50457364320755, -0.09305679798126221, 0.5192613005638123, 0.4507383108139038, -0.030002906918525696, 0.49473023414611816, 0.4500596523284912, -0.06090560927987099, 0.49797722697257996, 0.4972158670425415, -0.07174304872751236, 0.5134445428848267, 0.5310609340667725, -0.07225990295410156, 0.5130712985992432, 0.47626423835754395, -0.027993686497211456, 0.49349477887153625, 0.4813704490661621, -0.04941194877028465, 0.49504193663597107, 0.5125522017478943, -0.05547080934047699, 0.5060811042785645, 0.5348839163780212, -0.055623859167099]",[]
[],"[0.5634521842002869, 0.6632971167564392, -1.5333677083617658e-07, 0.5346899032592773, 0.638971209526062, -0.00091108976630494, 0.517611026763916, 0.5860514640808105, -0.002010915195569396, 0.5093150734901428, 0.543552041053772, -0.004753299057483673, 0.5002294182777405, 0.5190200805664062, -0.007880928926169872, 0.5411739349365234, 0.5414959788322449, 0.002003956586122513, 0.5265735983848572, 0.5073271989822388, -0.01096994336694479, 0.5055236220359802, 0.5028514266014099, -0.023081190884113312, 0.48615092039108276, 0.5123870968818665, -0.030113738030195236, 0.5511552691459656, 0.5354015827178955, -0.003610692685469985, 0.5359629988670349, 0.49928075075149536, -0.015264877118170261, 0.5131053924560547, 0.4955809712409973, -0.02601732313632965, 0.4915294349193573, 0.5072064995765686, -0.03228962421417236, 0.5608178377151489, 0.5346716642379761, -0.010364649817347527, 0.5435530543327332, 0.4999467730522156, -0.020649679005146027, 0.518208384513855, 0.4949244260787964, -0.026380140334367752, 0.4951494634151459, 0.5011119246482849, -0.028652021661400795, 0.5694280862808228, 0.540877640247345, -0.01743522845208645, 0.5495813488960266, 0.5113663673400879, -0.026280071586370468, 0.5276702046394348, 0.5031415820121765, -0.029205908998847008, 0.5076296329498291, 0.5041369199752808, -0.029691824689507484]"
"[0.5143966674804688, 0.37757226824760437, -8.881387714154698e-08, 0.4790057837963104, 0.312628835439682, -0.01407824270427227, 0.46868449449539185, 0.2185588926076889, -0.020326027646660805, 0.4706316292285919, 0.14460939168930054, -0.027766769751906395, 0.4672110974788666, 0.08532246947288513, -0.0334714837372303, 0.520234227180481, 0.14895518124103546, 0.004009540192782879, 0.5373002886772156, 0.06663534045219421, -0.014989341609179974, 0.5342661738395691, 0.03127054125070572, -0.03274410590529442, 0.5246122479438782, 0.024602696299552917, -0.04259314015507698, 0.5437703728675842, 0.16176870465278625, 0.0005049197934567928, 0.5689074993133545, 0.07175349444150925, -0.02138437330722809, 0.5576319694519043, 0.046785950660705566, -0.03839031606912613, 0.5366671681404114, 0.06831204891204834, -0.04551907628774643, 0.5623521208763123, 0.18519829213619232, -0.0068559348583221436, 0.5882225632667542, 0.11143188923597336, -0.023277856409549713, 0.5757957100868225, 0.08351949602365494, -0.03349100798368454, 0.556024968624115, 0.09605179727077484, -0.036612965166568756, 0.580217182636261, 0.22064727544784546, -0.016279179602861404, 0.5944072604179382, 0.1626299023628235, -0.027411924675107002, 0.586756706237793, 0.12700287997722626, -0.03376216068863869, 0.5719529390335083, 0.11734701693058014, -0.03585740923881531]","[0.4599243700504303, 0.6586931943893433, 4.413065468611421e-08, 0.4744361639022827, 0.6041737794876099, -0.02115330845117569, 0.47275692224502563, 0.559494137763977, -0.03663298860192299, 0.4713643193244934, 0.5482427477836609, -0.05144629254937172, 0.46733078360557556, 0.565934419631958, -0.06621067225933075, 0.4534381330013275, 0.5410824418067932, -0.03204798325896263, 0.43371233344078064, 0.5229457020759583, -0.059908270835876465, 0.4443696439266205, 0.5557142496109009, -0.07759404182434082, 0.46100690960884094, 0.5857695937156677, -0.08684129267930984, 0.4367247521877289, 0.5800730586051941, -0.0336073599755764, 0.4227137863636017, 0.5723718404769897, -0.06684951484203339, 0.4437396824359894, 0.619070291519165, -0.07971985638141632, 0.4657519459724426, 0.6519168615341187, -0.08348891139030457, 0.42363420128822327, 0.6202487945556641, -0.03769589588046074, 0.4108838737010956, 0.6230649948120117, -0.06889859586954117, 0.4335021674633026, 0.6640239953994751, -0.07221908867359161, 0.4563400447368622, 0.691339910030365, -0.06831403076648712, 0.4158797264099121, 0.6591897010803223, -0.043205030262470245, 0.4020835757255554, 0.6695151925086975, -0.06304746121168137, 0.4144224524497986, 0.6916128993034363, -0.06378620117902756, 0.42997118830680847, 0.7034329771995544, -0.06108584627509117]"
[],"[0.5523672699928284, 0.24645987153053284, 8.53551256341234e-08, 0.5994895100593567, 0.25260618329048157, -0.04023323580622673, 0.6298118829727173, 0.19302085041999817, -0.06189128756523132, 0.6424769759178162, 0.1092231273651123, -0.07306189835071564, 0.6372013688087463, 0.03754652664065361, -0.07842504978179932, 0.5640227198600769, 0.15214574337005615, -0.07577867805957794, 0.6050856113433838, 0.05046524107456207, -0.09936834126710892, 0.6221241354942322, 0.0837671235203743, -0.1008819192647934, 0.6205035448074341, 0.12325551360845566, -0.09622708708047867, 0.5397787094116211, 0.12211434543132782, -0.05960553511977196, 0.5978147387504578, 0.02538030967116356, -0.08101550489664078, 0.6093940734863281, 0.06595005840063095, -0.07740333676338196, 0.5989648103713989, 0.10214304178953171, -0.07113296538591385, 0.5294075012207031, 0.09902612119913101, -0.04410353675484657, 0.5860975384712219, 0.02642696350812912, -0.057523902505636215, 0.5944800972938538, 0.06475088745355606, -0.04715241119265556, 0.584359347820282, 0.09300161898136139, -0.03842301666736603, 0.5266300439834595, 0.0844784677028656, -0.031376924365758896, 0.5762826204299927, 0.03345874324440956, -0.03941845893859863, 0.5830175876617432, 0.06676758080720901, -0.03462790697813034, 0.5730800628662109, 0.09240955114364624, -0.030126601457595825]"
[],"[0.5493229627609253, 0.23122072219848633, 1.1743754413373608e-07, 0.6000828146934509, 0.23967042565345764, -0.02395527809858322, 0.6391950845718384, 0.18592146039009094, -0.0410379022359848, 0.6586011648178101, 0.10901665687561035, -0.051311202347278595, 0.6624153852462769, 0.04126397520303726, -0.05806243419647217, 0.5848607420921326, 0.15262283384799957, -0.0609646700322628, 0.6274499297142029, 0.05152638629078865, -0.08105869591236115, 0.6438097357749939, 0.07372540980577469, -0.08322747051715851, 0.6391879320144653, 0.10279475152492523, -0.07937465608119965, 0.5546827912330627, 0.1225825622677803, -0.0527963787317276, 0.6125962734222412, 0.018821507692337036, -0.06892827898263931, 0.6276730895042419, 0.050625529140233994, -0.06580615788698196, 0.6171013116836548, 0.08473880589008331, -0.061213575303554535, 0.5362368822097778, 0.09621558338403702, -0.04387049376964569, 0.5933497548103333, 0.01264989748597145, -0.05269814655184746, 0.6069572567939758, 0.04171279817819595, -0.043377045542001724, 0.5980145931243896, 0.06786511838436127, -0.03636178746819496, 0.5263663530349731, 0.07421154528856277, -0.03620348870754242, 0.5756557583808899, 0.01663416624069214, -0.04038943722844124, 0.587388813495636, 0.0422510951757431, -0.03428664803504944, 0.5792741775512695, 0.06555119901895523, -0.029579652473330498]"
[],"[0.552719235420227, 0.21863535046577454, 1.539607552558664e-08, 0.6057738661766052, 0.25412556529045105, -0.025799328461289406, 0.6516898274421692, 0.20886874198913574, -0.04426893591880798, 0.6750901937484741, 0.1341075599193573, -0.05418737605214119, 0.6782388687133789, 0.06751493364572525, -0.059929393231868744, 0.5961911678314209, 0.17443311214447021, -0.07684289664030075, 0.6442689895629883, 0.056051671504974365, -0.09769544750452042, 0.6567592024803162, 0.09546813368797302, -0.09737294912338257, 0.6439462304115295, 0.13703450560569763, -0.09145742654800415, 0.5639265179634094, 0.13255274295806885, -0.06722921878099442, 0.624968945980072, 0.018834594637155533, -0.08232291787862778, 0.6380418539047241, 0.06541000306606293, -0.07613483816385269, 0.6221442222595215, 0.10721327364444733, -0.07027425616979599, 0.5445261597633362, 0.10002721101045609, -0.05577610060572624, 0.6034700870513916, 0.01309765875339508, -0.06192988529801369, 0.6159594058990479, 0.05412454530596733, -0.04920949041843414, 0.6036128997802734, 0.08449018746614456, -0.04140157625079155, 0.5338519811630249, 0.0746806412935257, -0.045582354068756104, 0.5835817456245422, 0.02345886453986168, -0.048916563391685486, 0.5953394174575806, 0.055143021047115326, -0.041277483105659485, 0.5848540663719177, 0.08015598356723785, -0.03617893159389496]"
[],"[0.567803680896759, 0.22098085284233093, -3.12660439760748e-08, 0.6169463992118835, 0.2636962831020355, -0.0176297128200531, 0.6642023324966431, 0.23645341396331787, -0.03585488349199295, 0.6933361887931824, 0.174503356218338, -0.047150518745183945, 0.6978148221969604, 0.11614422500133514, -0.05602234601974487, 0.6236240863800049, 0.211319237947464, -0.07889898866415024, 0.667177677154541, 0.09870495647192001, -0.09883558005094528, 0.6743994355201721, 0.1277599185705185, -0.09713315218687057, 0.6616089940071106, 0.1658308207988739, -0.09078236669301987, 0.5895454287528992, 0.16709284484386444, -0.07365545630455017, 0.6440301537513733, 0.060451894998550415, -0.08883451670408249, 0.6521825790405273, 0.09508329629898071, -0.08022909611463547, 0.6383065581321716, 0.13244275748729706, -0.07366456836462021, 0.5664482712745667, 0.13004043698310852, -0.06561493873596191, 0.6184123158454895, 0.04531407356262207, -0.07169049233198166, 0.6264042854309082, 0.07671847194433212, -0.05786673724651337, 0.6148185729980469, 0.10591224581003189, -0.04987117648124695, 0.5512129068374634, 0.09949809312820435, -0.05789278820157051, 0.5945671200752258, 0.04425704479217529, -0.059356700628995895, 0.6023571491241455, 0.0701327919960022, -0.05037595331668854, 0.5921385288238525, 0.09590362012386322, -0.04502663016319275]"
[],"[0.5813634395599365, 0.25627464056015015, -1.563178670949128e-07, 0.6274018883705139, 0.28888076543807983, -0.014261611737310886, 0.6770279407501221, 0.2678837776184082, -0.027668870985507965, 0.7075945138931274, 0.21376724541187286, -0.03682798892259598, 0.712853193283081, 0.15578043460845947, -0.04475456103682518, 0.6572232246398926, 0.2125251293182373, -0.051181528717279434, 0.6897026300430298, 0.15187442302703857, -0.07113533467054367, 0.6790826320648193, 0.1858348548412323, -0.076933354139328, 0.6619421243667603, 0.2204250991344452, -0.07687929272651672, 0.6226437091827393, 0.1719616800546646, -0.04937756806612015, 0.6650981307029724, 0.10868275910615921, -0.06423674523830414, 0.6578572988510132, 0.14213581383228302, -0.06259719282388687, 0.6416661143302917, 0.17513063549995422, -0.060810741037130356, 0.5941068530082703, 0.1382792592048645, -0.04675000160932541, 0.6348063349723816, 0.09067143499851227, -0.05599068105220795, 0.6313784122467041, 0.1220049187541008, -0.0473565012216568, 0.619101881980896, 0.14788183569908142, -0.04193231090903282, 0.5717320442199707, 0.11314859986305237, -0.0444866418838501, 0.6055362820625305, 0.08763323724269867, -0.04850329831242561, 0.6033626794815063, 0.11511748284101486, -0.04113328456878662, 0.5934180021286011, 0.1346200704574585, -0.03614208102226257]"
[],"[0.5827901363372803, 0.26501142978668213, -2.0937235944984423e-07, 0.6278443336486816, 0.3015502691268921, -0.012774298898875713, 0.6794919967651367, 0.288931667804718, -0.027637438848614693, 0.7129256725311279, 0.240901917219162, -0.037517912685871124, 0.7155969142913818, 0.185022234916687, -0.04562944546341896, 0.6506438255310059, 0.2603738307952881, -0.06123508885502815, 0.6984364986419678, 0.17384110391139984, -0.08125779777765274, 0.6866897344589233, 0.20305125415325165, -0.08400444686412811, 0.6665253043174744, 0.23762613534927368, -0.08115709573030472, 0.6206811666488647, 0.21982619166374207, -0.05959484726190567, 0.6772120594978333, 0.12973126769065857, -0.07573454082012177, 0.6673469543457031, 0.1598707139492035, -0.07032501697540283, 0.6477386951446533, 0.19512613117694855, -0.06508459895849228, 0.5976414084434509, 0.17896531522274017, -0.05612047016620636, 0.649785041809082, 0.10448800027370453, -0.06411662697792053, 0.6416312456130981, 0.1350640505552292, -0.051004067063331604, 0.6263510584831238, 0.16388937830924988, -0.04244454950094223, 0.5802209973335266, 0.14236755669116974, -0.05283268913626671, 0.6193509101867676, 0.09576871991157532, -0.05444030463695526, 0.6133459806442261, 0.1226118877530098, -0.04423799738287926, 0.6006296277046204, 0.14607392251491547, -0.037742312997579575]"
[],"[0.584758996963501, 0.2830624580383301, -1.981426578367973e-07, 0.6270812749862671, 0.3216421604156494, -0.010580685921013355, 0.6780386567115784, 0.3115551173686981, -0.022888705134391785, 0.7137590646743774, 0.264234334230423, -0.0308223944157362, 0.7283432483673096, 0.20927172899246216, -0.037031643092632294, 0.6606760025024414, 0.2864048480987549, -0.05246470496058464, 0.7069677710533142, 0.19524163007736206, -0.06966359168291092, 0.6948873996734619, 0.21506811678409576, -0.07077722251415253, 0.6757689714431763, 0.24962079524993896, -0.06698597222566605, 0.6331099271774292, 0.24558016657829285, -0.05089976638555527, 0.6864085793495178, 0.15207335352897644, -0.06581307202577591, 0.6749275326728821, 0.1760348230600357, -0.06109737977385521, 0.6558047533035278, 0.2105628252029419, -0.055679257959127426, 0.6098650693893433, 0.20312392711639404, -0.04765653610229492, 0.6588913798332214, 0.1243932917714119, -0.05547471344470978, 0.6488928198814392, 0.1509641855955124, -0.04333967715501785, 0.6338555812835693, 0.18061652779579163, -0.03459104150533676, 0.5900613069534302, 0.16501905024051666, -0.04430864378809929, 0.6262140870094299, 0.11422882974147797, -0.04641466215252876, 0.6185001134872437, 0.13827230036258698, -0.037018340080976486, 0.6060807108879089, 0.16335740685462952, -0.030278338119387627]"
[],"[0.5784246921539307, 0.3021409511566162, -1.270452969492908e-07, 0.6206179857254028, 0.34290921688079834, -0.011057669296860695, 0.6742846965789795, 0.33394765853881836, -0.024143468588590622, 0.7146354913711548, 0.28773218393325806, -0.03183015063405037, 0.7325047850608826, 0.2321377694606781, -0.037392571568489075, 0.6584837436676025, 0.29903310537338257, -0.0603969469666481, 0.7118287086486816, 0.20963627099990845, -0.07458848506212234, 0.702099084854126, 0.22916266322135925, -0.07092954963445663, 0.682941734790802, 0.257887065410614, -0.06405558437108994, 0.6329149007797241, 0.2544190585613251, -0.05817762389779091, 0.6950294971466064, 0.1689518839120865, -0.06988681107759476, 0.6888094544410706, 0.1896604299545288, -0.0617440827190876, 0.6698541641235352, 0.21608856320381165, -0.05475654453039169, 0.6124330759048462, 0.212197944521904, -0.05325130373239517, 0.6655809879302979, 0.14305907487869263, -0.05722128599882126, 0.6597767472267151, 0.16745847463607788, -0.04278668761253357, 0.6446306705474854, 0.19206485152244568, -0.033690765500068665, 0.5950665473937988, 0.17603810131549835, -0.04826147481799126, 0.6357551217079163, 0.13211877644062042, -0.04767072945833206, 0.6299793720245361, 0.15483002364635468, -0.03642572835087776, 0.6165156364440918, 0.17550091445446014, -0.028879716992378235]"
[],"[0.5853473544120789, 0.29828402400016785, -1.4594452579785866e-07, 0.6302728652954102, 0.33962583541870117, -0.008512378670275211, 0.6808985471725464, 0.3338559865951538, -0.022055912762880325, 0.7189699411392212, 0.28975027799606323, -0.03018457442522049, 0.7355649471282959, 0.23656094074249268, -0.03607504442334175, 0.6656073927879333, 0.2946139872074127, -0.06614479422569275, 0.7167171835899353, 0.21147112548351288, -0.07749861478805542, 0.706928014755249, 0.2381364405155182, -0.06857004761695862, 0.6871104836463928, 0.268698513507843, -0.0586695671081543, 0.6397337913513184, 0.2508525848388672, -0.06517724692821503, 0.7009041905403137, 0.1715765744447708, -0.07575865089893341, 0.6947005391120911, 0.1965547502040863, -0.06292134523391724, 0.6765000820159912, 0.22349116206169128, -0.053364574909210205, 0.6179736256599426, 0.2110842913389206, -0.060661137104034424, 0.6711071729660034, 0.15007692575454712, -0.06359197199344635, 0.66485595703125, 0.1750607192516327, -0.04553476348519325, 0.6506240963935852, 0.19794245064258575, -0.03483607992529869, 0.5987576842308044, 0.1804293841123581, -0.055739693343639374, 0.6414064168930054, 0.1386295109987259, -0.053438451141119, 0.635708212852478, 0.16062410175800323, -0.039605725556612015, 0.6225042939186096, 0.18024715781211853, -0.030978910624980927]"
[],"[0.5913092494010925, 0.29551368951797485, -1.3677718868621014e-07, 0.6334092617034912, 0.34042811393737793, -0.011491965502500534, 0.683356523513794, 0.33137279748916626, -0.023906636983156204, 0.7205206155776978, 0.2844253182411194, -0.030335746705532074, 0.7339974045753479, 0.23194223642349243, -0.034354016184806824, 0.6663916707038879, 0.29530826210975647, -0.06390513479709625, 0.7151497006416321, 0.2085074484348297, -0.075343556702137, 0.704122006893158, 0.22859293222427368, -0.06670451164245605, 0.6861640810966492, 0.2597505450248718, -0.05704452469944954, 0.6403425335884094, 0.2505297064781189, -0.060396958142519, 0.6989710330963135, 0.16978558897972107, -0.07347370684146881, 0.6901152729988098, 0.19129791855812073, -0.06244291737675667, 0.6719048023223877, 0.21793287992477417, -0.052737608551979065, 0.6189901828765869, 0.2095533013343811, -0.05381740257143974, 0.6700266003608704, 0.14640896022319794, -0.05921165645122528, 0.6615840196609497, 0.17162984609603882, -0.042820196598768234, 0.647223711013794, 0.1947939097881317, -0.031634047627449036, 0.6002904176712036, 0.17902718484401703, -0.04696495458483696, 0.6400773525238037, 0.1350737065076828, -0.046462900936603546, 0.6334214806556702, 0.156253382563591, -0.034511320292949677, 0.6206907629966736, 0.1756531447172165, -0.026370691135525703]"
