Left,Right
"[0.44165748357772827, 0.41019320487976074, 2.7822178338965387e-08, 0.4151410758495331, 0.4554712176322937, -0.023471960797905922, 0.398529589176178, 0.5303837656974792, -0.029934460297226906, 0.407792329788208, 0.5994958877563477, -0.034401070326566696, 0.4254302978515625, 0.6486235857009888, -0.03755300119519234, 0.4234246611595154, 0.6240691542625427, -0.0024369428865611553, 0.43112823367118835, 0.6940321326255798, -0.015290596522390842, 0.44364428520202637, 0.7149525880813599, -0.02899700403213501, 0.4556259512901306, 0.7080703973770142, -0.03689505532383919, 0.4485156238079071, 0.6181806325912476, 0.0033850008621811867, 0.46292898058891296, 0.6888282299041748, -0.009837677702307701, 0.47441691160202026, 0.6986656188964844, -0.02691224031150341, 0.4825754165649414, 0.675390899181366, -0.03768808767199516, 0.4673880636692047, 0.5987523794174194, 0.005515519995242357, 0.4817436933517456, 0.6654757261276245, -0.010325804352760315, 0.4940923750400543, 0.6735621690750122, -0.027593789622187614, 0.5034946799278259, 0.6461007595062256, -0.03718443587422371, 0.4830927848815918, 0.5681931972503662, 0.005867285653948784, 0.4944637417793274, 0.6188375353813171, -0.010235917754471302, 0.5038148164749146, 0.6280243992805481, -0.022803813219070435, 0.5127080678939819, 0.6115666031837463, -0.029741089791059494]",[]
"[0.43375885486602783, 0.4048413634300232, 1.4773051759675582e-07, 0.40339529514312744, 0.4525722861289978, -0.02212798409163952, 0.3921659588813782, 0.537452220916748, -0.024945352226495743, 0.3988007605075836, 0.6091310381889343, -0.026368198916316032, 0.40758073329925537, 0.669275164604187, -0.02677820436656475, 0.42429062724113464, 0.6192771792411804, 0.0013641692930832505, 0.4323844313621521, 0.6864977478981018, -0.01141931489109993, 0.4405403137207031, 0.7104308605194092, -0.02493445575237274, 0.4462835192680359, 0.7045649886131287, -0.032669056206941605, 0.4494587779045105, 0.6054130792617798, 0.0062284646555781364, 0.4648761749267578, 0.6758471131324768, -0.007176929619163275, 0.4691237807273865, 0.6966682076454163, -0.023058230057358742, 0.46678614616394043, 0.6765084266662598, -0.0326494462788105, 0.4694655239582062, 0.5758540034294128, 0.006747279781848192, 0.4849160611629486, 0.6466338038444519, -0.011212047189474106, 0.4880988895893097, 0.6668946743011475, -0.02824050560593605, 0.48391497135162354, 0.6456950902938843, -0.036538105458021164, 0.4875243306159973, 0.5362254977226257, 0.0055353217758238316, 0.4950634241104126, 0.591756284236908, -0.014087923802435398, 0.4956522583961487, 0.6197560429573059, -0.02901255339384079, 0.4902702569961548, 0.6184021830558777, -0.036723289638757706]",[]
"[0.4346376359462738, 0.49906033277511597, -7.185564498968233e-08, 0.39890581369400024, 0.5252546668052673, -0.01891971006989479, 0.3798369765281677, 0.6138755083084106, -0.019110945984721184, 0.37780314683914185, 0.695439875125885, -0.018521199002861977, 0.3845701813697815, 0.7541857361793518, -0.01706804893910885, 0.3953292965888977, 0.6860159635543823, 0.004218198824673891, 0.3959241807460785, 0.7560734748840332, -0.008739260025322437, 0.4094899892807007, 0.7716127634048462, -0.01902470923960209, 0.4177209734916687, 0.7632294297218323, -0.023659367114305496, 0.42277854681015015, 0.6865361332893372, 0.008811076171696186, 0.43354591727256775, 0.7550086379051208, -0.009719118475914001, 0.44136837124824524, 0.7197087407112122, -0.01981714740395546, 0.4368812143802643, 0.6711452603340149, -0.02023208700120449, 0.44833672046661377, 0.6755857467651367, 0.009570111520588398, 0.4592839181423187, 0.7402176260948181, -0.011917417868971825, 0.4619384706020355, 0.6976550817489624, -0.015972523018717766, 0.4547700881958008, 0.6462912559509277, -0.011172681115567684, 0.4714438319206238, 0.6569065451622009, 0.008899761363863945, 0.48001131415367126, 0.705702006816864, -0.009769175201654434, 0.47949159145355225, 0.6739331483840942, -0.012174543924629688, 0.4712812006473541, 0.6296938061714172, -0.00795393530279398]",[]
"[0.4184311330318451, 0.6291292905807495, -2.287040246073957e-07, 0.4334718883037567, 0.6602150201797485, -0.0580056831240654, 0.4231710135936737, 0.7146973013877869, -0.07710092514753342, 0.4074152708053589, 0.7692895531654358, -0.0839390680193901, 0.3931434154510498, 0.8132322430610657, -0.08562972396612167, 0.357669472694397, 0.758373498916626, -0.05165881663560867, 0.35729238390922546, 0.8554336428642273, -0.06630508601665497, 0.3859415054321289, 0.8694896697998047, -0.0717083290219307, 0.40719279646873474, 0.8546023964881897, -0.07208053022623062, 0.3580615222454071, 0.7630073428153992, -0.023204684257507324, 0.37194380164146423, 0.8420860171318054, -0.038180917501449585, 0.39987805485725403, 0.8335117101669312, -0.04435701295733452, 0.4121825098991394, 0.8078134059906006, -0.04525434970855713, 0.36460113525390625, 0.7699658274650574, 0.0006143897189758718, 0.3859594464302063, 0.8285263776779175, -0.015400931239128113, 0.40797704458236694, 0.8126609325408936, -0.02383723296225071, 0.4162371754646301, 0.7865015864372253, -0.02594948746263981, 0.37227314710617065, 0.780302107334137, 0.0203609187155962, 0.38759830594062805, 0.8261445760726929, 0.007157785352319479, 0.40359440445899963, 0.8252283930778503, -0.0006571979029104114, 0.41175833344459534, 0.8128727078437805, -0.0032945326529443264]",[]
"[0.41992440819740295, 0.6321156620979309, -1.3757133388025977e-07, 0.42761945724487305, 0.6616291403770447, -0.06350720673799515, 0.4134635627269745, 0.7164926528930664, -0.08428323268890381, 0.3948589861392975, 0.7750639915466309, -0.09228722006082535, 0.3802003562450409, 0.832644522190094, -0.09561998397111893, 0.3550322651863098, 0.7566252946853638, -0.050001222640275955, 0.35313451290130615, 0.854592502117157, -0.06306596100330353, 0.37974798679351807, 0.8685624599456787, -0.06863335520029068, 0.400413453578949, 0.8527858853340149, -0.06947821378707886, 0.3621995747089386, 0.7643572092056274, -0.01851881481707096, 0.36835119128227234, 0.8479586243629456, -0.03371139615774155, 0.3953031301498413, 0.8419461250305176, -0.04397379606962204, 0.4097442924976349, 0.8170366287231445, -0.04748575761914253, 0.37230703234672546, 0.7724993824958801, 0.007893252186477184, 0.38372254371643066, 0.8298982977867126, -0.00914470013231039, 0.4046440124511719, 0.8145216107368469, -0.023133495822548866, 0.4149360954761505, 0.7877093553543091, -0.028694652020931244, 0.3813198208808899, 0.7855754494667053, 0.030023464933037758, 0.39145928621292114, 0.8266812562942505, 0.01486846711486578, 0.40547439455986023, 0.8219739198684692, 0.0026213310193270445, 0.4122757315635681, 0.8070930242538452, -0.0033415937796235085]",[]
"[0.42875075340270996, 0.6321881413459778, -1.7533879770326166e-07, 0.4311569333076477, 0.6578280925750732, -0.056773591786623, 0.41539034247398376, 0.7125851511955261, -0.07451194524765015, 0.39700794219970703, 0.7709730267524719, -0.08174670487642288, 0.38230329751968384, 0.8246071934700012, -0.08479844033718109, 0.362969309091568, 0.7570409774780273, -0.03959767520427704, 0.35630375146865845, 0.8504409193992615, -0.057599980384111404, 0.38152286410331726, 0.8632987141609192, -0.06730489432811737, 0.4023515284061432, 0.8487310409545898, -0.07021860033273697, 0.37420737743377686, 0.7671144604682922, -0.01335791777819395, 0.38159409165382385, 0.8447051048278809, -0.03429790213704109, 0.4059605896472931, 0.8299970030784607, -0.047011468559503555, 0.4161563813686371, 0.8009909391403198, -0.050304338335990906, 0.3872030973434448, 0.7758443355560303, 0.007344016805291176, 0.40136101841926575, 0.8237689137458801, -0.014952392317354679, 0.41976726055145264, 0.7986545562744141, -0.028645267710089684, 0.4261302351951599, 0.767764687538147, -0.0317414291203022, 0.3981259763240814, 0.784974992275238, 0.02413061261177063, 0.4112482964992523, 0.8160319328308105, 0.006231415551155806, 0.424520343542099, 0.7981691956520081, -0.004555648658424616, 0.4289356768131256, 0.773735761642456, -0.007831797003746033]",[]
"[0.43357834219932556, 0.6363508701324463, 2.5295918248957605e-08, 0.42959317564964294, 0.6596101522445679, -0.05340765789151192, 0.41549715399742126, 0.7156034111976624, -0.07050686329603195, 0.40105438232421875, 0.7770236134529114, -0.0779612585902214, 0.3884560763835907, 0.8353784680366516, -0.08220956474542618, 0.3668818473815918, 0.7545782327651978, -0.034537311643362045, 0.3582139015197754, 0.8324770927429199, -0.056147392839193344, 0.3779258728027344, 0.8549883961677551, -0.06880761682987213, 0.4000987708568573, 0.8515034317970276, -0.0731283500790596, 0.3816450536251068, 0.7660531401634216, -0.012041418813169003, 0.38484665751457214, 0.8487335443496704, -0.03612348064780235, 0.40832313895225525, 0.8468689322471619, -0.0484977588057518, 0.4214904308319092, 0.8273956775665283, -0.04977959021925926, 0.3978106379508972, 0.7724179625511169, 0.004502486903220415, 0.413034588098526, 0.8161601424217224, -0.024381620809435844, 0.42815548181533813, 0.7809703350067139, -0.03517810255289078, 0.43024927377700806, 0.7493240833282471, -0.03299970552325249, 0.411455363035202, 0.7786741256713867, 0.017538703978061676, 0.42529043555259705, 0.8064619302749634, -0.006579812150448561, 0.4341435134410858, 0.7753008604049683, -0.014752119779586792, 0.4323427379131317, 0.7459471821784973, -0.013773585669696331]",[]
"[0.4363304078578949, 0.6273727416992188, -1.40960196404194e-07, 0.4314621090888977, 0.659866213798523, -0.05300837755203247, 0.41174569725990295, 0.717907190322876, -0.06671065837144852, 0.3964007794857025, 0.7832310795783997, -0.07105985283851624, 0.3845914900302887, 0.8412294983863831, -0.07094724476337433, 0.36421531438827515, 0.7671197652816772, -0.024838853627443314, 0.35960036516189575, 0.8554793000221252, -0.041573893278837204, 0.38494789600372314, 0.8663330674171448, -0.05058768764138222, 0.40732428431510925, 0.8504685163497925, -0.0518200621008873, 0.3793599009513855, 0.7710176110267639, 0.0005484510911628604, 0.38923659920692444, 0.839827835559845, -0.020934004336595535, 0.41376936435699463, 0.815117597579956, -0.033588260412216187, 0.4237617254257202, 0.7818915843963623, -0.0345168299973011, 0.39505112171173096, 0.7736745476722717, 0.01991940103471279, 0.4100441336631775, 0.818610429763794, -0.005138223525136709, 0.42754030227661133, 0.783720850944519, -0.017149217426776886, 0.4313497841358185, 0.749976396560669, -0.01598486676812172, 0.40857771039009094, 0.7789671421051025, 0.03584913909435272, 0.41873788833618164, 0.8165041208267212, 0.017413070425391197, 0.42975902557373047, 0.7942442297935486, 0.010132119059562683, 0.43257689476013184, 0.7660682201385498, 0.011544573120772839]",[]
"[0.4303334653377533, 0.6254501342773438, -1.416866410863804e-07, 0.4244752824306488, 0.6596700549125671, -0.0496637225151062, 0.403335303068161, 0.723414957523346, -0.06060806289315224, 0.3855821490287781, 0.790299117565155, -0.062404975295066833, 0.3713347315788269, 0.8470897078514099, -0.06017326936125755, 0.36131927371025085, 0.7695062160491943, -0.02045811340212822, 0.36085912585258484, 0.8553398847579956, -0.036408208310604095, 0.38756540417671204, 0.8638043403625488, -0.04515499249100685, 0.40811896324157715, 0.8453508019447327, -0.04625764489173889, 0.37513986229896545, 0.7706663608551025, 0.004357593599706888, 0.38961413502693176, 0.8365587592124939, -0.015398713760077953, 0.41551679372787476, 0.8085075616836548, -0.026458127424120903, 0.4241914749145508, 0.773149311542511, -0.026280170306563377, 0.39078205823898315, 0.7705556750297546, 0.02331189438700676, 0.41169679164886475, 0.8147695660591125, -0.0003686367126647383, 0.42918720841407776, 0.781193196773529, -0.010554006323218346, 0.43011537194252014, 0.7489449977874756, -0.008342497982084751, 0.40454331040382385, 0.7722569704055786, 0.039178092032670975, 0.42076048254966736, 0.8066411018371582, 0.020750731229782104, 0.4312395453453064, 0.7787977457046509, 0.014659576117992401, 0.43057477474212646, 0.7461290955543518, 0.017452631145715714]",[]
"[0.4296098053455353, 0.6272871494293213, -1.7122724216278584e-07, 0.4138449728488922, 0.6585599184036255, -0.05033792927861214, 0.38762158155441284, 0.7166224718093872, -0.06118747219443321, 0.3709355592727661, 0.7862095832824707, -0.06290639936923981, 0.3602713346481323, 0.8456167578697205, -0.06040500849485397, 0.3538134694099426, 0.7758334279060364, -0.018852267414331436, 0.36223649978637695, 0.8565309047698975, -0.034691356122493744, 0.39067748188972473, 0.8590220808982849, -0.04207107424736023, 0.40784531831741333, 0.8377242088317871, -0.04166731610894203, 0.3709535300731659, 0.77764892578125, 0.00686637032777071, 0.3984359800815582, 0.8382721543312073, -0.012949547730386257, 0.4203391969203949, 0.7942319512367249, -0.020604824647307396, 0.42305442690849304, 0.7521259188652039, -0.017819585278630257, 0.38955074548721313, 0.7738474607467651, 0.026223039254546165, 0.4186027944087982, 0.813502848148346, 0.002607423812150955, 0.4330558776855469, 0.7708666324615479, -0.004223538562655449, 0.42971834540367126, 0.7340130805969238, 0.0004810752288904041, 0.40650779008865356, 0.7703210711479187, 0.04230865091085434, 0.4238389730453491, 0.8047502040863037, 0.02519913949072361, 0.43028730154037476, 0.7783383727073669, 0.01998293772339821, 0.42542120814323425, 0.7488327622413635, 0.023282255977392197]",[]
"[0.43038085103034973, 0.6135866045951843, -8.790308925199497e-08, 0.4060806334018707, 0.6377409100532532, -0.03861580416560173, 0.37555190920829773, 0.7016670107841492, -0.04784533381462097, 0.35942304134368896, 0.7750575542449951, -0.05133432894945145, 0.35359326004981995, 0.8367260694503784, -0.05097106844186783, 0.3648771643638611, 0.7713249325752258, -0.01813393086194992, 0.3568631112575531, 0.8511579632759094, -0.0392487533390522, 0.3769310414791107, 0.8594874143600464, -0.04877167195081711, 0.39214441180229187, 0.8410812020301819, -0.050637807697057724, 0.38899946212768555, 0.7709254622459412, -0.003177518490701914, 0.41157373785972595, 0.8288262486457825, -0.030605005100369453, 0.42233750224113464, 0.7769263386726379, -0.037612270563840866, 0.41547268629074097, 0.7333424687385559, -0.034354034811258316, 0.41161251068115234, 0.7632373571395874, 0.006053882651031017, 0.43598097562789917, 0.8010033369064331, -0.02336413413286209, 0.4402307868003845, 0.7530131936073303, -0.02454405464231968, 0.4299168586730957, 0.7181504964828491, -0.01631733402609825, 0.4310404062271118, 0.7519487142562866, 0.012446691282093525, 0.4476785659790039, 0.7805504202842712, -0.009079026989638805, 0.4512321352958679, 0.7451457381248474, -0.010638117790222168, 0.44345036149024963, 0.7142060995101929, -0.004870101809501648]",[]
"[0.43719181418418884, 0.5894935131072998, -1.4545533133514255e-07, 0.40630054473876953, 0.6156630516052246, -0.020330581814050674, 0.37878069281578064, 0.6976455450057983, -0.023706698790192604, 0.37204524874687195, 0.7740121483802795, -0.025568339973688126, 0.3623354434967041, 0.8291134834289551, -0.025944119319319725, 0.3820449113845825, 0.7625782489776611, -0.0013949674321338534, 0.37117841839790344, 0.8286304473876953, -0.01953505165874958, 0.3849392235279083, 0.8408638834953308, -0.030406147241592407, 0.39574041962623596, 0.8256245255470276, -0.03429825231432915, 0.40726950764656067, 0.7642804384231567, 0.003256123745813966, 0.41782110929489136, 0.8131179213523865, -0.020880574360489845, 0.4276392161846161, 0.7613145709037781, -0.028815677389502525, 0.42339080572128296, 0.7141619324684143, -0.026436734944581985, 0.43149715662002563, 0.7550507187843323, 0.0037657315842807293, 0.4451684057712555, 0.7863677144050598, -0.022446120157837868, 0.4485304653644562, 0.7331584692001343, -0.022390753030776978, 0.44049885869026184, 0.6957159042358398, -0.013722788542509079, 0.45540863275527954, 0.7386283278465271, 0.002875196048989892, 0.46353790163993835, 0.7648512125015259, -0.016234472393989563, 0.4641936719417572, 0.7234448194503784, -0.014931794255971909, 0.45661821961402893, 0.6919931769371033, -0.007616500370204449]","[0.49267393350601196, 0.3158568739891052, 1.986082764915409e-07, 0.4860166013240814, 0.38232719898223877, -0.025681549683213234, 0.4628179371356964, 0.4328555762767792, -0.037450626492500305, 0.4270987808704376, 0.4424457550048828, -0.04640371352434158, 0.39500293135643005, 0.44344353675842285, -0.05385805666446686, 0.4261709451675415, 0.4683683514595032, -0.010284990072250366, 0.39463961124420166, 0.49498310685157776, -0.023780636489391327, 0.3754645884037018, 0.4919223189353943, -0.036952707916498184, 0.36275485157966614, 0.47819292545318604, -0.04580886289477348, 0.4128911793231964, 0.42598190903663635, -0.0042542447336018085, 0.3793289065361023, 0.43782463669776917, -0.016984829679131508, 0.36502525210380554, 0.4259694516658783, -0.02953723818063736, 0.3556175231933594, 0.40656447410583496, -0.03737867251038551, 0.40604448318481445, 0.38088172674179077, -0.0018397500971332192, 0.37410369515419006, 0.39197057485580444, -0.013961747288703918, 0.3605683445930481, 0.38510316610336304, -0.021457411348819733, 0.3521069884300232, 0.36955612897872925, -0.02544030174612999, 0.40469324588775635, 0.33489808440208435, -0.0019172666361555457, 0.378092497587204, 0.3443794846534729, -0.010530450381338596, 0.36684319376945496, 0.34381556510925293, -0.013472191989421844, 0.3602936565876007, 0.33642643690109253, -0.014555583707988262]"
"[0.436675488948822, 0.5519019365310669, -7.79131710260117e-08, 0.4064549207687378, 0.6025826930999756, -0.006474319379776716, 0.38871315121650696, 0.6888031959533691, -0.0051417225040495396, 0.38796496391296387, 0.7546018362045288, -0.005689158104360104, 0.38750535249710083, 0.8041554689407349, -0.00609580148011446, 0.40335193276405334, 0.7470582723617554, 0.01140310987830162, 0.4020901918411255, 0.7990787625312805, -0.0017283742781728506, 0.40315714478492737, 0.8175110816955566, -0.010832591913640499, 0.4016492962837219, 0.816868782043457, -0.014632964506745338, 0.4289281964302063, 0.7422621846199036, 0.008848926983773708, 0.4330092668533325, 0.789162814617157, -0.012106022797524929, 0.4324718415737152, 0.7327889800071716, -0.018693359568715096, 0.4279860258102417, 0.6874246001243591, -0.015613005496561527, 0.45357751846313477, 0.7254576086997986, 0.0035742386244237423, 0.45842400193214417, 0.7638360261917114, -0.019618891179561615, 0.4540134370326996, 0.7062259912490845, -0.016606751829385757, 0.44871535897254944, 0.666612446308136, -0.006420975551009178, 0.4789581298828125, 0.6995583772659302, -0.002043485874310136, 0.47924166917800903, 0.737683892250061, -0.01788226142525673, 0.47285303473472595, 0.6960240006446838, -0.012916164472699165, 0.4681255519390106, 0.6649118065834045, -0.0036667881067842245]",[]
"[0.43669119477272034, 0.5130862593650818, -3.3814945510357575e-08, 0.4032008647918701, 0.5295064449310303, -0.025093119591474533, 0.37499913573265076, 0.6114678978919983, -0.027919206768274307, 0.36801373958587646, 0.6938287615776062, -0.028522487729787827, 0.36617159843444824, 0.7586642503738403, -0.027762673795223236, 0.38386309146881104, 0.6885610818862915, 0.0026401644572615623, 0.3812028765678406, 0.7528879046440125, -0.012206603772938251, 0.3946229815483093, 0.771178126335144, -0.023876840248703957, 0.4032580554485321, 0.7652954459190369, -0.029364516958594322, 0.40975964069366455, 0.6945090889930725, 0.010105688124895096, 0.4211445450782776, 0.756615936756134, -0.012038538232445717, 0.43409019708633423, 0.7185795903205872, -0.023673947900533676, 0.4320806562900543, 0.6698297262191772, -0.02408193238079548, 0.43388378620147705, 0.6887325644493103, 0.01297163125127554, 0.4463476538658142, 0.7414567470550537, -0.011934206821024418, 0.4535377025604248, 0.6973286867141724, -0.01633051596581936, 0.44731947779655457, 0.6466733813285828, -0.010473459027707577, 0.4562407433986664, 0.6735080480575562, 0.013830172829329967, 0.46399375796318054, 0.7135711908340454, -0.007162510417401791, 0.46784907579421997, 0.6846455931663513, -0.010621475987136364, 0.46112579107284546, 0.6443203687667847, -0.00622257636860013]",[]
"[0.44662120938301086, 0.531704306602478, -6.406533969993689e-08, 0.41769272089004517, 0.5865631103515625, -0.007304152008146048, 0.4047675132751465, 0.6748854517936707, -0.007228290196508169, 0.41000843048095703, 0.7381615042686462, -0.008955049328505993, 0.41627252101898193, 0.7832480669021606, -0.010544105432927608, 0.4282374083995819, 0.7202813625335693, 0.009592198766767979, 0.4326983094215393, 0.7688758373260498, -0.004510890692472458, 0.43315139412879944, 0.7965478897094727, -0.013477014377713203, 0.42995351552963257, 0.7982556819915771, -0.016417045146226883, 0.45329007506370544, 0.7121943235397339, 0.00652356818318367, 0.45642098784446716, 0.7700403332710266, -0.01496926974505186, 0.4472636282444, 0.7178539633750916, -0.02140171453356743, 0.44010984897613525, 0.6691722869873047, -0.01698201894760132, 0.47719523310661316, 0.6949659585952759, 0.0006603130605071783, 0.4774971008300781, 0.7402245998382568, -0.023051081225275993, 0.464954137802124, 0.6822311878204346, -0.019437052309513092, 0.45807111263275146, 0.6392595171928406, -0.007737319450825453, 0.5020501017570496, 0.664991021156311, -0.00552761135622859, 0.49904921650886536, 0.7127301096916199, -0.02066856436431408, 0.4859212636947632, 0.6748559474945068, -0.01428586058318615, 0.47955772280693054, 0.6425612568855286, -0.003624995704740286]","[0.42027124762535095, 0.45368075370788574, 4.5079325161623274e-08, 0.43883979320526123, 0.4857003688812256, -0.01822328381240368, 0.447706013917923, 0.5057799220085144, -0.034889258444309235, 0.45592695474624634, 0.5009337663650513, -0.050964586436748505, 0.4616304934024811, 0.4862854480743408, -0.06758672744035721, 0.4124929904937744, 0.5205515623092651, -0.03482236713171005, 0.39512667059898376, 0.5499331951141357, -0.05810392275452614, 0.3930167257785797, 0.5358607769012451, -0.07530830055475235, 0.39884719252586365, 0.5115811228752136, -0.08435562998056412, 0.39993253350257874, 0.48945048451423645, -0.036141104996204376, 0.38570329546928406, 0.4964260160923004, -0.06209257245063782, 0.38712987303733826, 0.47632262110710144, -0.07678909599781036, 0.3957720100879669, 0.4539051651954651, -0.08381958305835724, 0.3923489451408386, 0.4588235020637512, -0.03851332515478134, 0.3814369738101959, 0.4540954530239105, -0.06306969374418259, 0.38434094190597534, 0.43213021755218506, -0.07216908782720566, 0.3940664529800415, 0.41188618540763855, -0.07391779124736786, 0.38967281579971313, 0.4309559464454651, -0.04155697301030159, 0.377273291349411, 0.4230087697505951, -0.05888262018561363, 0.37623658776283264, 0.4071803390979767, -0.06186683475971222, 0.3815276026725769, 0.3891056180000305, -0.06132036820054054]"
"[0.44808000326156616, 0.539014995098114, -4.000009568017049e-08, 0.4190022349357605, 0.5813722610473633, -0.012129460461437702, 0.40667566657066345, 0.6695267558097839, -0.013334296643733978, 0.41284987330436707, 0.7370907664299011, -0.015001071617007256, 0.4180300235748291, 0.7898101210594177, -0.0163082517683506, 0.43374156951904297, 0.713681697845459, 0.005328372586518526, 0.43834081292152405, 0.7664825916290283, -0.009455833584070206, 0.4369654357433319, 0.7946310043334961, -0.017585795372724533, 0.43322741985321045, 0.798479437828064, -0.02015678957104683, 0.45754101872444153, 0.7068250179290771, 0.0044559515081346035, 0.45836788415908813, 0.7670844197273254, -0.018925949931144714, 0.4502266049385071, 0.7077679634094238, -0.023677486926317215, 0.44554081559181213, 0.6569491624832153, -0.017717964947223663, 0.48033538460731506, 0.6908022165298462, 0.0002793181629385799, 0.4803397059440613, 0.7399133443832397, -0.027734389528632164, 0.467240571975708, 0.6749454140663147, -0.023429183289408684, 0.46153533458709717, 0.62949538230896, -0.01027614250779152, 0.504273533821106, 0.6638713479042053, -0.004372808150947094, 0.5012397766113281, 0.7112191319465637, -0.02546878345310688, 0.4882148504257202, 0.66660076379776, -0.02107900381088257, 0.4832160174846649, 0.6305256485939026, -0.010936902835965157]","[0.43809518218040466, 0.4236765503883362, 1.6872826691383125e-08, 0.4626254737377167, 0.4525732100009918, -0.02350488305091858, 0.4768196642398834, 0.47600671648979187, -0.044772371649742126, 0.48408621549606323, 0.47645336389541626, -0.06537699699401855, 0.4846581518650055, 0.461588054895401, -0.08586928248405457, 0.42353275418281555, 0.5174865126609802, -0.036663297563791275, 0.39720219373703003, 0.5512838959693909, -0.06263788789510727, 0.3967459499835968, 0.5311407446861267, -0.07980082929134369, 0.4057861268520355, 0.502258837223053, -0.08820050209760666, 0.40855807065963745, 0.4834880530834198, -0.03696722537279129, 0.3860820233821869, 0.4913080036640167, -0.06785525381565094, 0.39793580770492554, 0.45577967166900635, -0.0801267921924591, 0.4145870804786682, 0.4252557158470154, -0.08273135870695114, 0.39916232228279114, 0.44945958256721497, -0.039334312081336975, 0.3836515247821808, 0.4445331394672394, -0.06610710918903351, 0.39614421129226685, 0.4106965661048889, -0.06832989305257797, 0.41173094511032104, 0.3865729868412018, -0.06345268338918686, 0.39578306674957275, 0.41854149103164673, -0.04321372136473656, 0.381892591714859, 0.4095197319984436, -0.05959345027804375, 0.3893338143825531, 0.3858787417411804, -0.056942593306303024, 0.40034037828445435, 0.36612212657928467, -0.05094178393483162]"
"[0.45554059743881226, 0.37683045864105225, 3.326953823545864e-09, 0.4776745140552521, 0.4169567823410034, -0.02342316508293152, 0.48741036653518677, 0.45693641901016235, -0.04170023649930954, 0.4897010624408722, 0.47869864106178284, -0.059765979647636414, 0.47864699363708496, 0.47619137167930603, -0.07651343941688538, 0.4281533360481262, 0.5129858255386353, -0.021493252366781235, 0.3967539072036743, 0.5516928434371948, -0.045823633670806885, 0.39333078265190125, 0.5339611768722534, -0.06294839084148407, 0.40063387155532837, 0.5084646344184875, -0.07117754966020584, 0.412771612405777, 0.47809281945228577, -0.021014487370848656, 0.3865710198879242, 0.4922580420970917, -0.05162820965051651, 0.40137115120887756, 0.4566127061843872, -0.0650300458073616, 0.42113983631134033, 0.4264715909957886, -0.06678874045610428, 0.4034517705440521, 0.44225913286209106, -0.023761587217450142, 0.38609397411346436, 0.4428403973579407, -0.05125061050057411, 0.40415048599243164, 0.4096943140029907, -0.0545683428645134, 0.42469504475593567, 0.38644251227378845, -0.048706963658332825, 0.3987562656402588, 0.40657752752304077, -0.028189318254590034, 0.3833138644695282, 0.4071369767189026, -0.045221518725156784, 0.39447468519210815, 0.3852061629295349, -0.04337043687701225, 0.4095519185066223, 0.36795735359191895, -0.036570630967617035]","[0.4500344395637512, 0.543942391872406, -1.4303834561246731e-08, 0.42116281390190125, 0.5808880925178528, -0.01373317837715149, 0.4064527153968811, 0.6704469323158264, -0.016319455578923225, 0.412318617105484, 0.7389780282974243, -0.019469603896141052, 0.4166935980319977, 0.7907724380493164, -0.02220510132610798, 0.43365591764450073, 0.7163847088813782, 0.00495234364643693, 0.43852314352989197, 0.7712427377700806, -0.010583779774606228, 0.4383666217327118, 0.801132321357727, -0.01927073858678341, 0.4325251877307892, 0.803389847278595, -0.02162366919219494, 0.45770981907844543, 0.7080647349357605, 0.004992181435227394, 0.45902666449546814, 0.7689747214317322, -0.019473159685730934, 0.45174509286880493, 0.7109074592590332, -0.02461647428572178, 0.4443452060222626, 0.6587824821472168, -0.01812584698200226, 0.48091089725494385, 0.6924437284469604, 0.0014735000440850854, 0.4802567958831787, 0.7421040534973145, -0.025996718555688858, 0.4687304198741913, 0.6776482462882996, -0.021220045164227486, 0.46088993549346924, 0.6302668452262878, -0.0073049478232860565, 0.5054467916488647, 0.6666178107261658, -0.002868702169507742, 0.50121009349823, 0.7130022644996643, -0.022448573261499405, 0.48927727341651917, 0.6696057915687561, -0.01756906509399414, 0.48319119215011597, 0.6336459517478943, -0.006826559081673622]"
"[0.44691622257232666, 0.5424859523773193, -1.4953118920857378e-07, 0.4161146879196167, 0.5908095836639404, -0.008853649720549583, 0.402730256319046, 0.6797420382499695, -0.008953450247645378, 0.40491819381713867, 0.7468072772026062, -0.01028376817703247, 0.4105098843574524, 0.7943235039710999, -0.011481653898954391, 0.42058873176574707, 0.7303717136383057, 0.005915662739425898, 0.42219477891921997, 0.7851715683937073, -0.009059278294444084, 0.4257851243019104, 0.8098338842391968, -0.018017804250121117, 0.4262966513633728, 0.8086179494857788, -0.020914241671562195, 0.44620320200920105, 0.7223566770553589, 0.004047457128763199, 0.45164400339126587, 0.7757978439331055, -0.018055103719234467, 0.44707393646240234, 0.7171093225479126, -0.02305786684155464, 0.44081756472587585, 0.6679549217224121, -0.01812794618308544, 0.4710023105144501, 0.7052805423736572, -0.0008115637465380132, 0.47550320625305176, 0.7456117272377014, -0.025422148406505585, 0.46584203839302063, 0.6857426762580872, -0.021641992032527924, 0.4580291211605072, 0.6437349319458008, -0.010194257833063602, 0.49684345722198486, 0.6788042783737183, -0.006099230609834194, 0.49633553624153137, 0.7237133979797363, -0.022487010806798935, 0.48621806502342224, 0.6840456128120422, -0.017036093398928642, 0.4802815020084381, 0.6515268087387085, -0.0073521677404642105]","[0.4610801935195923, 0.40039199590682983, -5.729875240945148e-08, 0.48274144530296326, 0.4379483461380005, -0.02634783461689949, 0.48963481187820435, 0.476841539144516, -0.04730488359928131, 0.4824018180370331, 0.4931987524032593, -0.06713860481977463, 0.46339160203933716, 0.4923054277896881, -0.08559364080429077, 0.42839592695236206, 0.526454746723175, -0.033666837960481644, 0.39353007078170776, 0.5662181973457336, -0.06155139580368996, 0.3933447301387787, 0.5459402799606323, -0.07913095504045486, 0.4048306345939636, 0.5215939283370972, -0.08735448867082596, 0.41198697686195374, 0.492054283618927, -0.03282206878066063, 0.38481682538986206, 0.5028011202812195, -0.06619317829608917, 0.40453583002090454, 0.4638574421405792, -0.07834653556346893, 0.4278833568096161, 0.4365856349468231, -0.07966256141662598, 0.4027794301509857, 0.4556494355201721, -0.035106588155031204, 0.38291192054748535, 0.4530025124549866, -0.06636645644903183, 0.404614120721817, 0.41665223240852356, -0.06836385279893875, 0.4283590316772461, 0.3944683074951172, -0.061542581766843796, 0.39893344044685364, 0.4205806851387024, -0.03903590142726898, 0.38019293546676636, 0.41829901933670044, -0.060608286410570145, 0.392902672290802, 0.3916693329811096, -0.05907604470849037, 0.4104361832141876, 0.37328723073005676, -0.052044548094272614]"
"[0.44436609745025635, 0.5564698576927185, -1.595251717390056e-07, 0.41220763325691223, 0.6011420488357544, -0.007205178961157799, 0.39339426159858704, 0.6794326901435852, -0.0065869661048054695, 0.3909893333911896, 0.7428039908409119, -0.007643884979188442, 0.3914666771888733, 0.7893684506416321, -0.008493227884173393, 0.40543240308761597, 0.7404016852378845, 0.008871084079146385, 0.40172210335731506, 0.7947316765785217, -0.004476791713386774, 0.40746963024139404, 0.8176366686820984, -0.012468508444726467, 0.41258755326271057, 0.8168905377388, -0.015174624510109425, 0.43115755915641785, 0.736122190952301, 0.0062845805659890175, 0.4393475353717804, 0.7867701053619385, -0.015048387460410595, 0.4406321942806244, 0.7314042448997498, -0.020998898893594742, 0.4369746446609497, 0.6842849254608154, -0.01702428050339222, 0.4558979868888855, 0.7210201621055603, 0.0010038984473794699, 0.4645153284072876, 0.7561986446380615, -0.02330140396952629, 0.4601005017757416, 0.6996936798095703, -0.021175576373934746, 0.4538134038448334, 0.6614347100257874, -0.010968325659632683, 0.4808255136013031, 0.6976301074028015, -0.00449345400556922, 0.48421427607536316, 0.7365857362747192, -0.020881235599517822, 0.47876840829849243, 0.6974174976348877, -0.016403067857027054, 0.47414228320121765, 0.6672250628471375, -0.007318882271647453]","[0.45427486300468445, 0.4075017273426056, -4.7897064092694563e-08, 0.4737343192100525, 0.4457668364048004, -0.02579185739159584, 0.4792484641075134, 0.4868532121181488, -0.044525403529405594, 0.46505096554756165, 0.507046103477478, -0.06164279952645302, 0.44074487686157227, 0.5096075534820557, -0.07671397924423218, 0.425881028175354, 0.5398619771003723, -0.02639629691839218, 0.3951664865016937, 0.5723890066146851, -0.0500059500336647, 0.39214959740638733, 0.5503957271575928, -0.06576503068208694, 0.3976856768131256, 0.5230511426925659, -0.07377000898122787, 0.408314049243927, 0.5043206214904785, -0.024802302941679955, 0.3813631534576416, 0.5126171112060547, -0.054924268275499344, 0.3972337245941162, 0.46932464838027954, -0.06647336483001709, 0.41680020093917847, 0.43613961338996887, -0.06741801649332047, 0.39763325452804565, 0.467184841632843, -0.026431983336806297, 0.3785150647163391, 0.4628620445728302, -0.055430129170417786, 0.39692938327789307, 0.42497578263282776, -0.057390373200178146, 0.4168556034564972, 0.4008437991142273, -0.05081886798143387, 0.3914596438407898, 0.429512619972229, -0.02976364828646183, 0.37531939148902893, 0.4247968792915344, -0.0500589944422245, 0.3867262899875641, 0.3988809883594513, -0.049271196126937866, 0.40183037519454956, 0.3812095820903778, -0.04305102303624153]"
"[0.4424709677696228, 0.5791625380516052, -9.016749658030676e-08, 0.41015276312828064, 0.608260989189148, -0.01737271435558796, 0.3824847340583801, 0.6863160729408264, -0.019634494557976723, 0.37669721245765686, 0.7611665725708008, -0.02092512510716915, 0.3687833547592163, 0.8141434192657471, -0.021216994151473045, 0.3895230293273926, 0.7489182949066162, -0.001569834304973483, 0.37961238622665405, 0.810368537902832, -0.017361873760819435, 0.3933205008506775, 0.8233158588409424, -0.02633611485362053, 0.4049341678619385, 0.8130308389663696, -0.029452605172991753, 0.4150499701499939, 0.7509292960166931, 0.0019944270607084036, 0.42664146423339844, 0.7989848852157593, -0.021447259932756424, 0.43709760904312134, 0.7454613447189331, -0.02812931127846241, 0.434083491563797, 0.6955382823944092, -0.02481899969279766, 0.4388846158981323, 0.7417972087860107, 0.0019797682762145996, 0.453985333442688, 0.7726812958717346, -0.0225794967263937, 0.45668965578079224, 0.7197170257568359, -0.021912124007940292, 0.4484829306602478, 0.6789401173591614, -0.013001243583858013, 0.461463063955307, 0.7253120541572571, 0.0008313757716678083, 0.47116097807884216, 0.7514405250549316, -0.01665392890572548, 0.47136807441711426, 0.7131373882293701, -0.015366901643574238, 0.46279364824295044, 0.6823315024375916, -0.008307984098792076]","[0.44466009736061096, 0.4356153905391693, -1.0334829880775942e-07, 0.4655380845069885, 0.47515609860420227, -0.022428564727306366, 0.46837663650512695, 0.5099641680717468, -0.03840950131416321, 0.44996392726898193, 0.524016261100769, -0.05286047235131264, 0.4245118200778961, 0.5229464769363403, -0.06597267836332321, 0.41375744342803955, 0.5456374287605286, -0.024235399439930916, 0.39118385314941406, 0.5695806741714478, -0.04364164546132088, 0.3898072838783264, 0.5507039427757263, -0.05696292966604233, 0.3946642577648163, 0.5256485342979431, -0.06373047083616257, 0.39694151282310486, 0.5107911229133606, -0.022421307861804962, 0.3775632679462433, 0.5161511898040771, -0.04537925124168396, 0.3886479437351227, 0.4839198887348175, -0.05513670668005943, 0.4033963680267334, 0.4529428482055664, -0.057204555720090866, 0.38770872354507446, 0.47379106283187866, -0.02314740978181362, 0.3738778829574585, 0.46757322549819946, -0.046940725296735764, 0.3862321674823761, 0.4373100697994232, -0.05024943873286247, 0.4017215073108673, 0.4125041663646698, -0.04628300666809082, 0.38350969552993774, 0.43796417117118835, -0.025130337104201317, 0.36914461851119995, 0.429966539144516, -0.04212844744324684, 0.376463919878006, 0.40807271003723145, -0.0416676327586174, 0.38864442706108093, 0.3889288902282715, -0.03682226315140724]"
"[0.4463275671005249, 0.5511095523834229, -5.5110863428353696e-08, 0.4106157720088959, 0.6029472947120667, -0.022572960704565048, 0.38110482692718506, 0.6749172806739807, -0.025782940909266472, 0.3710106611251831, 0.754337728023529, -0.027031200006604195, 0.3685872256755829, 0.8146072030067444, -0.025802627205848694, 0.38951414823532104, 0.7337556481361389, 0.011624245904386044, 0.3975428640842438, 0.7874490022659302, -0.0023042357061058283, 0.41485387086868286, 0.7697392106056213, -0.01319077331572771, 0.4199162721633911, 0.7471156716346741, -0.017415570095181465, 0.4138946533203125, 0.7335195541381836, 0.019989127293229103, 0.4281121790409088, 0.7874076962471008, 0.0008250658866018057, 0.4378340244293213, 0.7384186387062073, -0.008286804892122746, 0.4345038831233978, 0.7004294395446777, -0.007168713491410017, 0.43482840061187744, 0.7241138219833374, 0.023367898538708687, 0.45209988951683044, 0.7629662752151489, 0.001986327115446329, 0.4539373517036438, 0.7154275178909302, 0.0003216880722902715, 0.44536659121513367, 0.6785140633583069, 0.0076603153720498085, 0.4524554908275604, 0.7066508531570435, 0.024990497156977654, 0.4639969766139984, 0.7395724058151245, 0.01023996714502573, 0.4648763835430145, 0.7068093419075012, 0.010125633329153061, 0.4556874632835388, 0.6786604523658752, 0.0162944495677948]",[]
[],"[0.45311591029167175, 0.42672353982925415, -8.047498312180323e-08, 0.46860459446907043, 0.4689342975616455, -0.02137267217040062, 0.4643176198005676, 0.5075023770332336, -0.03506613150238991, 0.43955445289611816, 0.5250076055526733, -0.04703792929649353, 0.41296327114105225, 0.5310915112495422, -0.05748521536588669, 0.42114388942718506, 0.5568403601646423, -0.01801300048828125, 0.4039336144924164, 0.5603621602058411, -0.035374950617551804, 0.4017564058303833, 0.5341553688049316, -0.048678334802389145, 0.40122273564338684, 0.5077805519104004, -0.05599473789334297, 0.40489858388900757, 0.5312206745147705, -0.015243331901729107, 0.38479897379875183, 0.5271913409233093, -0.03383919224143028, 0.38578298687934875, 0.497458279132843, -0.045214615762233734, 0.3889082074165344, 0.4696984589099884, -0.050564076751470566, 0.39442917704582214, 0.5012763738632202, -0.01513382326811552, 0.37611284852027893, 0.49486562609672546, -0.03579147160053253, 0.37929436564445496, 0.4646034240722656, -0.04251811280846596, 0.386324942111969, 0.43814167380332947, -0.04279323294758797, 0.3888093829154968, 0.46962490677833557, -0.016283923760056496, 0.3727518320083618, 0.46263983845710754, -0.032585371285676956, 0.3746947646141052, 0.4393438398838043, -0.03585116192698479, 0.3811880350112915, 0.41696587204933167, -0.034664709120988846]"
"[0.4396994113922119, 0.566084623336792, 1.2070748311998614e-07, 0.4201999306678772, 0.6094689965248108, -0.0303032286465168, 0.3922575116157532, 0.668269693851471, -0.0348653718829155, 0.37339603900909424, 0.7274878025054932, -0.03315884247422218, 0.3614862859249115, 0.7738876938819885, -0.03022654354572296, 0.37180042266845703, 0.6880874633789062, -0.007724243216216564, 0.36409834027290344, 0.7471807599067688, -0.011625156737864017, 0.36483168601989746, 0.7892093658447266, -0.01780456118285656, 0.36386731266975403, 0.8244383931159973, -0.023268038406968117, 0.3912045359611511, 0.697053849697113, 0.007395140361040831, 0.4035146236419678, 0.7680539488792419, -0.002838556421920657, 0.4167647659778595, 0.7458709478378296, -0.009572605602443218, 0.4203950762748718, 0.7146954536437988, -0.010233231820166111, 0.41103529930114746, 0.7006310224533081, 0.019531622529029846, 0.4287968575954437, 0.7597436308860779, 0.006796462461352348, 0.43799564242362976, 0.7273217439651489, 0.0047878241166472435, 0.43680205941200256, 0.6942838430404663, 0.008159161545336246, 0.4275631308555603, 0.6974334716796875, 0.029340850189328194, 0.44320130348205566, 0.7381864786148071, 0.016956420615315437, 0.4486984312534332, 0.7149131298065186, 0.01467129122465849, 0.4435974657535553, 0.6901255249977112, 0.01720602996647358]","[0.43835318088531494, 0.42786329984664917, 2.5407204118366167e-10, 0.4459848999977112, 0.46894633769989014, -0.01335231028497219, 0.43961864709854126, 0.5010687112808228, -0.022187361493706703, 0.4216223955154419, 0.5196200013160706, -0.03066014125943184, 0.4038051664829254, 0.5313229560852051, -0.0385512113571167, 0.40520042181015015, 0.5245149731636047, -0.006972656585276127, 0.38812822103500366, 0.5370461940765381, -0.017856528982520103, 0.38385844230651855, 0.5363112092018127, -0.027922198176383972, 0.3856549859046936, 0.525690495967865, -0.03369855880737305, 0.39271873235702515, 0.49695640802383423, -0.006558733526617289, 0.37900033593177795, 0.5029113292694092, -0.020591484382748604, 0.37818020582199097, 0.48522016406059265, -0.030243823304772377, 0.38359346985816956, 0.4612148106098175, -0.034289587289094925, 0.38606706261634827, 0.46535342931747437, -0.007913513109087944, 0.3734647333621979, 0.46603521704673767, -0.02335543930530548, 0.37421149015426636, 0.4456121027469635, -0.028441784903407097, 0.3811171352863312, 0.4241734743118286, -0.028154797852039337, 0.383487731218338, 0.43319714069366455, -0.010036515071988106, 0.370875746011734, 0.4287969470024109, -0.02227325737476349, 0.37137237191200256, 0.4146271049976349, -0.02414357103407383, 0.3772585391998291, 0.39834368228912354, -0.022505570203065872]"
"[0.4360356628894806, 0.5521860122680664, 2.1611715794733755e-07, 0.42320096492767334, 0.6097947955131531, -0.02706664241850376, 0.396992027759552, 0.6729247570037842, -0.02838503010571003, 0.3759705126285553, 0.7306414842605591, -0.023687412962317467, 0.3654208481311798, 0.7840197086334229, -0.017146984115242958, 0.3668483793735504, 0.6492490172386169, 0.00029689961229451, 0.3499574065208435, 0.7189425230026245, 0.006042567081749439, 0.34620773792266846, 0.7662553787231445, 0.0063482848927378654, 0.34702450037002563, 0.80478435754776, 0.006141590420156717, 0.3738453686237335, 0.6486772894859314, 0.017488257959485054, 0.36146080493927, 0.7208842039108276, 0.026303628459572792, 0.3672097623348236, 0.7598756551742554, 0.02488098107278347, 0.37498125433921814, 0.7806521058082581, 0.02369191125035286, 0.38352352380752563, 0.6512554883956909, 0.03192126378417015, 0.37856343388557434, 0.7108193635940552, 0.03769495338201523, 0.3854813575744629, 0.7350637912750244, 0.034780338406562805, 0.3893396854400635, 0.7472273111343384, 0.033084411174058914, 0.39418867230415344, 0.6560578346252441, 0.04391683265566826, 0.39345255494117737, 0.7084706425666809, 0.04607553780078888, 0.39772850275039673, 0.7244985103607178, 0.04581760615110397, 0.3993707299232483, 0.7295613288879395, 0.0468871183693409]",[]
"[0.43565309047698975, 0.5306267738342285, -1.0789578119840826e-08, 0.4092453122138977, 0.5587701201438904, -0.029169518500566483, 0.3796840310096741, 0.6272103190422058, -0.03680488094687462, 0.36373791098594666, 0.7004661560058594, -0.039045631885528564, 0.3607780337333679, 0.7622182369232178, -0.04073743894696236, 0.3628420829772949, 0.6387332081794739, -0.02064126916229725, 0.3581100106239319, 0.715203583240509, -0.03440818563103676, 0.3748997747898102, 0.7485969662666321, -0.044796112924814224, 0.38948339223861694, 0.7556424140930176, -0.05090339854359627, 0.3855675458908081, 0.6489220261573792, -0.009601286612451077, 0.39450937509536743, 0.7268331050872803, -0.02584078162908554, 0.41230595111846924, 0.7229426503181458, -0.03563522547483444, 0.422080397605896, 0.6996846795082092, -0.039361923933029175, 0.41008448600769043, 0.6519535183906555, -0.0012226932449266315, 0.4223678708076477, 0.7197591662406921, -0.01913500763475895, 0.43387359380722046, 0.6991366744041443, -0.022734642028808594, 0.43681061267852783, 0.6666723489761353, -0.020960761234164238, 0.4339253306388855, 0.6481837034225464, 0.00528138130903244, 0.4433220624923706, 0.6904071569442749, -0.012041565030813217, 0.44956013560295105, 0.6752045154571533, -0.015547465533018112, 0.4480299651622772, 0.6496877670288086, -0.014190565794706345]",[]
"[0.4206315279006958, 0.5833656787872314, -8.553234209784932e-08, 0.4117417633533478, 0.6221522688865662, -0.045639071613550186, 0.38735824823379517, 0.6811932921409607, -0.05457769334316254, 0.3681303560733795, 0.7450740337371826, -0.05467088147997856, 0.3564516603946686, 0.8035337924957275, -0.05142655223608017, 0.3501720428466797, 0.7275886535644531, -0.016896942630410194, 0.3436501920223236, 0.8108149766921997, -0.028555134311318398, 0.3683159351348877, 0.8225889801979065, -0.036582931876182556, 0.386325478553772, 0.8092302083969116, -0.038012806326150894, 0.3620670437812805, 0.7281336784362793, 0.007130961865186691, 0.36361590027809143, 0.8034945726394653, -0.007414561230689287, 0.39030277729034424, 0.7900727987289429, -0.018329184502363205, 0.4026857316493988, 0.7597097754478455, -0.01933637633919716, 0.3759133517742157, 0.7284454107284546, 0.026148132979869843, 0.38578107953071594, 0.7832873463630676, 0.007396527100354433, 0.4074047803878784, 0.7618631720542908, -0.003738126950338483, 0.41401082277297974, 0.7325721979141235, -0.0034640775993466377, 0.3885248899459839, 0.7307412624359131, 0.042462337762117386, 0.3964523673057556, 0.7766698598861694, 0.027439558878540993, 0.4084067940711975, 0.7572405934333801, 0.02143603377044201, 0.4110720157623291, 0.7278252243995667, 0.023259731009602547]",[]
"[0.4338696599006653, 0.4816860556602478, 2.4606831061646517e-07, 0.44468456506729126, 0.5144297480583191, -0.04953514784574509, 0.42781054973602295, 0.5663700103759766, -0.06670194864273071, 0.3961116373538971, 0.6291151642799377, -0.07475394010543823, 0.3680957853794098, 0.6763589978218079, -0.07876109331846237, 0.37739723920822144, 0.6495662927627563, -0.02690659835934639, 0.3501001000404358, 0.7377684712409973, -0.03631408140063286, 0.3619953989982605, 0.782286524772644, -0.04447163641452789, 0.37795156240463257, 0.8012859225273132, -0.049016714096069336, 0.3812364637851715, 0.6639323830604553, -0.003843763144686818, 0.3655230700969696, 0.7586079835891724, -0.014340055175125599, 0.38347673416137695, 0.7850446701049805, -0.025376388803124428, 0.39768531918525696, 0.7864284515380859, -0.030779151245951653, 0.3892441391944885, 0.6742092370986938, 0.014545426703989506, 0.38621458411216736, 0.752327561378479, 0.0014051259495317936, 0.4008146822452545, 0.7529307007789612, -0.010359102860093117, 0.40940067172050476, 0.7367257475852966, -0.014805798418819904, 0.3982723355293274, 0.6820796728134155, 0.02948750928044319, 0.3948787450790405, 0.746679425239563, 0.01993269845843315, 0.40458112955093384, 0.74786376953125, 0.012989501468837261, 0.4103493392467499, 0.7316806316375732, 0.010332562029361725]",[]
"[0.4283137321472168, 0.5774967074394226, -2.8210038749421074e-08, 0.4349517524242401, 0.6324642300605774, -0.03792577236890793, 0.4206521213054657, 0.6925331950187683, -0.047462280839681625, 0.4017353653907776, 0.753354012966156, -0.050351839512586594, 0.3874954581260681, 0.7975463271141052, -0.04872966185212135, 0.36559435725212097, 0.7297609448432922, -0.011936722323298454, 0.3552493453025818, 0.818243682384491, -0.02256038412451744, 0.38092565536499023, 0.8333627581596375, -0.030453603714704514, 0.4033793807029724, 0.8222817778587341, -0.03269943594932556, 0.37158605456352234, 0.7328077554702759, 0.007028915453702211, 0.37111079692840576, 0.8123242855072021, -0.0019114541355520487, 0.395683616399765, 0.8087306618690491, -0.010736030526459217, 0.40965282917022705, 0.7911167144775391, -0.013755165971815586, 0.3810371458530426, 0.7351605892181396, 0.021174922585487366, 0.38655945658683777, 0.7946202158927917, 0.011252266354858875, 0.403841108083725, 0.7830140590667725, 0.0022842627950012684, 0.4144296646118164, 0.763041615486145, -0.00028448383091017604, 0.3907797932624817, 0.7385160326957703, 0.032236456871032715, 0.3944220244884491, 0.783748209476471, 0.024872003123164177, 0.40723785758018494, 0.7794163227081299, 0.019410375505685806, 0.41639429330825806, 0.7661195993423462, 0.018326222896575928]",[]
"[0.4315071105957031, 0.5994499325752258, -2.3216632882849808e-07, 0.44242310523986816, 0.6428179144859314, -0.05339465290307999, 0.4310404062271118, 0.7005120515823364, -0.07014162838459015, 0.4164426028728485, 0.7619398832321167, -0.07582668960094452, 0.4019484221935272, 0.8090113997459412, -0.07592589408159256, 0.36615657806396484, 0.7256584763526917, -0.042855214327573776, 0.3655162453651428, 0.8270253539085388, -0.058290641754865646, 0.39295727014541626, 0.8410492539405823, -0.06440668553113937, 0.4124167561531067, 0.8285712003707886, -0.06502735614776611, 0.36901119351387024, 0.7315754890441895, -0.016271809116005898, 0.3834579885005951, 0.8053908944129944, -0.032868534326553345, 0.4066111445426941, 0.789106547832489, -0.03872476518154144, 0.4140530824661255, 0.7620309591293335, -0.03868139535188675, 0.3781009912490845, 0.7397668361663818, 0.0054724863730371, 0.3970254063606262, 0.7925335764884949, -0.012385019101202488, 0.4151744842529297, 0.7693259716033936, -0.01875673420727253, 0.42108291387557983, 0.7438300251960754, -0.01837250590324402, 0.3883484899997711, 0.7522255182266235, 0.0233511570841074, 0.4000371992588043, 0.7900708317756653, 0.009323866106569767, 0.4141881763935089, 0.7800318598747253, 0.0028348390478640795, 0.42164525389671326, 0.7642853260040283, 0.001950475387275219]",[]
"[0.4226943254470825, 0.6202719211578369, -2.918728796430514e-07, 0.4408750534057617, 0.6583428978919983, -0.052892543375492096, 0.4320983290672302, 0.7198487520217896, -0.072489894926548, 0.41867685317993164, 0.7830084562301636, -0.07972671091556549, 0.40327897667884827, 0.8287274837493896, -0.08205802738666534, 0.36824923753738403, 0.7396963834762573, -0.06235897168517113, 0.36838942766189575, 0.8440641164779663, -0.0758247897028923, 0.3964042067527771, 0.8554403185844421, -0.07710286974906921, 0.4176798462867737, 0.8411487340927124, -0.07524385303258896, 0.35918936133384705, 0.740740954875946, -0.03568120673298836, 0.37630265951156616, 0.8247102499008179, -0.048320334404706955, 0.4061930179595947, 0.8131060600280762, -0.04730673134326935, 0.4186707139015198, 0.7878637313842773, -0.045003198087215424, 0.3607122600078583, 0.7452735304832458, -0.012062747031450272, 0.3852519094944, 0.8140326738357544, -0.025509165599942207, 0.41119006276130676, 0.7980828285217285, -0.02628384344279766, 0.42199575901031494, 0.773037850856781, -0.02491815760731697, 0.3660355508327484, 0.756968080997467, 0.008044954389333725, 0.3801543414592743, 0.8075884580612183, -0.004461087752133608, 0.40106701850891113, 0.8052434325218201, -0.00886385329067707, 0.4126845598220825, 0.7919296622276306, -0.009890411049127579]",[]
"[0.42144209146499634, 0.6271166801452637, -2.3093704726306896e-07, 0.4381359815597534, 0.6659387946128845, -0.054741714149713516, 0.429657518863678, 0.7267304062843323, -0.07528816163539886, 0.4153120517730713, 0.7888927459716797, -0.08406022191047668, 0.39836084842681885, 0.8343745470046997, -0.08795921504497528, 0.3672652542591095, 0.7530267834663391, -0.05590593442320824, 0.3683602809906006, 0.8536804914474487, -0.06919185072183609, 0.39540529251098633, 0.8658797144889832, -0.07185718417167664, 0.41567954421043396, 0.8481793403625488, -0.07091673463582993, 0.36061742901802063, 0.7557713389396667, -0.028862832114100456, 0.3724910318851471, 0.8430650234222412, -0.04211707040667534, 0.40217694640159607, 0.8392808437347412, -0.04521319642663002, 0.4184039533138275, 0.8172318935394287, -0.04515770450234413, 0.3629717230796814, 0.7611909508705139, -0.005368493963032961, 0.3811928629875183, 0.8311820030212402, -0.01931503415107727, 0.4070202112197876, 0.8223236203193665, -0.023975500836968422, 0.4214688241481781, 0.8002055287361145, -0.024808257818222046, 0.3695400059223175, 0.7717296481132507, 0.014406334608793259, 0.38166508078575134, 0.8215919733047485, 0.0014510515611618757, 0.4011401832103729, 0.8234643936157227, -0.005155081395059824, 0.41486474871635437, 0.8137990236282349, -0.007578523363918066]",[]
"[0.4199097752571106, 0.6307910084724426, -2.041060440660658e-07, 0.4377622604370117, 0.6678022742271423, -0.052563466131687164, 0.42971357703208923, 0.7295404672622681, -0.07303185760974884, 0.41425806283950806, 0.7911473512649536, -0.08189740031957626, 0.39621326327323914, 0.8337276577949524, -0.08596236258745193, 0.3680388927459717, 0.7509077191352844, -0.06015055999159813, 0.3675099313259125, 0.8482295274734497, -0.07500066608190536, 0.3947473466396332, 0.8632554411888123, -0.07684378325939178, 0.4154246151447296, 0.8489665985107422, -0.07461032271385193, 0.3584827780723572, 0.7539708614349365, -0.03462764248251915, 0.3701149523258209, 0.8406084775924683, -0.04991735517978668, 0.39802631735801697, 0.8339691758155823, -0.05043777823448181, 0.41108083724975586, 0.8082336783409119, -0.04746611416339874, 0.35881930589675903, 0.7600488066673279, -0.012358915992081165, 0.37871992588043213, 0.8290210366249084, -0.027596918866038322, 0.40298759937286377, 0.8176136016845703, -0.029640628024935722, 0.4137401282787323, 0.7912389636039734, -0.027637280523777008, 0.3640272617340088, 0.7720319032669067, 0.006373290903866291, 0.37550824880599976, 0.8256480693817139, -0.006764462683349848, 0.3950353264808655, 0.8341538310050964, -0.012012043036520481, 0.4082784652709961, 0.8266209363937378, -0.012944896705448627]",[]
"[0.429378479719162, 0.622128963470459, -2.8822896069868875e-07, 0.4464690089225769, 0.6629830598831177, -0.04571716487407684, 0.4367048740386963, 0.7212162017822266, -0.0642346516251564, 0.42056548595428467, 0.7789374589920044, -0.07372349500656128, 0.4061219096183777, 0.8213860988616943, -0.07901552319526672, 0.37293604016304016, 0.7489289045333862, -0.04922725632786751, 0.37073662877082825, 0.847148597240448, -0.06804660707712173, 0.39909133315086365, 0.860001802444458, -0.0745685026049614, 0.41962674260139465, 0.8396931886672974, -0.07482175529003143, 0.3651580214500427, 0.7498573064804077, -0.0288228802382946, 0.3808014392852783, 0.8321170806884766, -0.04619470611214638, 0.4084964096546173, 0.8157907128334045, -0.04739033430814743, 0.4174704849720001, 0.7866363525390625, -0.04403718188405037, 0.3665641248226166, 0.7531276941299438, -0.01230460125952959, 0.39334139227867126, 0.8167714476585388, -0.02911296673119068, 0.4157361686229706, 0.7950333952903748, -0.029127324000000954, 0.4217519462108612, 0.7651035189628601, -0.024914532899856567, 0.37287774682044983, 0.7612633109092712, 0.0008657849393785, 0.3892677426338196, 0.8152679204940796, -0.012143608182668686, 0.40820497274398804, 0.8135555982589722, -0.013824726454913616, 0.4178828299045563, 0.7985190153121948, -0.011309402994811535]",[]
"[0.4303942024707794, 0.5662764310836792, -1.2614522404419404e-07, 0.4155501127243042, 0.5830309987068176, -0.047439444810152054, 0.3888123035430908, 0.6309043765068054, -0.06094960495829582, 0.37068599462509155, 0.6943936347961426, -0.06670118123292923, 0.35734468698501587, 0.7532016634941101, -0.0702267587184906, 0.3437316119670868, 0.6716814041137695, -0.02680296078324318, 0.3373644948005676, 0.7547463178634644, -0.04837559536099434, 0.3618646562099457, 0.7727019786834717, -0.06226314604282379, 0.38458698987960815, 0.7607651948928833, -0.0670100599527359, 0.36175408959388733, 0.6895365118980408, -0.0070234304293990135, 0.36441734433174133, 0.767471194267273, -0.03297696262598038, 0.39363640546798706, 0.7614253759384155, -0.04844965413212776, 0.4132710099220276, 0.7325698733329773, -0.050722815096378326, 0.3803103566169739, 0.7006987929344177, 0.007407841272652149, 0.39580661058425903, 0.7539772391319275, -0.021890662610530853, 0.4184127151966095, 0.7264074087142944, -0.034003619104623795, 0.42779797315597534, 0.6868719458580017, -0.03191016986966133, 0.3968072533607483, 0.7056024670600891, 0.018800757825374603, 0.4086933434009552, 0.7449108958244324, -0.005274580325931311, 0.42305415868759155, 0.7226666808128357, -0.013238199055194855, 0.4290151596069336, 0.6886781454086304, -0.01112668402493]",[]
"[0.4420076608657837, 0.6088457107543945, -1.786743837328686e-07, 0.4472064971923828, 0.641364336013794, -0.056102823466062546, 0.43487802147865295, 0.692602276802063, -0.07110751420259476, 0.4224071800708771, 0.746337354183197, -0.07435466349124908, 0.41001325845718384, 0.7932263016700745, -0.07207061350345612, 0.3767143785953522, 0.7390632629394531, -0.0370485782623291, 0.36936652660369873, 0.8255866765975952, -0.052412912249565125, 0.3962455987930298, 0.8376460075378418, -0.06058301404118538, 0.4173940420150757, 0.8262161612510681, -0.0624726265668869, 0.38361823558807373, 0.7424015402793884, -0.009579651989042759, 0.3890596628189087, 0.8150435090065002, -0.024445079267024994, 0.41362297534942627, 0.8079192042350769, -0.03258880227804184, 0.42403480410575867, 0.7857953310012817, -0.03365353122353554, 0.3952777683734894, 0.7446804046630859, 0.011989876627922058, 0.41088730096817017, 0.7901443839073181, -0.007288893219083548, 0.42756387591362, 0.7697723507881165, -0.018472867086529732, 0.43059951066970825, 0.748833417892456, -0.020101455971598625, 0.40591299533843994, 0.7483815550804138, 0.029750317335128784, 0.4186127185821533, 0.7812424302101135, 0.013430650345981121, 0.4306224584579468, 0.7671555876731873, 0.004931200295686722, 0.43446293473243713, 0.7484350204467773, 0.0036185854114592075]",[]
"[0.4372246265411377, 0.6161969900131226, -1.5720384283213207e-07, 0.4268913269042969, 0.6468700170516968, -0.04976677522063255, 0.40284493565559387, 0.6999832391738892, -0.062234871089458466, 0.38409996032714844, 0.7599337100982666, -0.06578459590673447, 0.3718923032283783, 0.81431645154953, -0.06533410400152206, 0.3588571846485138, 0.7433594465255737, -0.02368689887225628, 0.3539055287837982, 0.8315642476081848, -0.03951219096779823, 0.3818802237510681, 0.8450385332107544, -0.04918966069817543, 0.4053638279438019, 0.8296204805374146, -0.05131294205784798, 0.37338942289352417, 0.7472103834152222, 0.0007990298909135163, 0.38050782680511475, 0.8152718544006348, -0.018631838262081146, 0.40815469622612, 0.7973195314407349, -0.031674593687057495, 0.4200564920902252, 0.7671183943748474, -0.03388707712292671, 0.38966354727745056, 0.750907838344574, 0.019833708181977272, 0.4015359878540039, 0.7994235754013062, -0.0014956764644011855, 0.42203375697135925, 0.7774821519851685, -0.013781387358903885, 0.42838355898857117, 0.748847246170044, -0.014418129809200764, 0.4043620824813843, 0.7555412650108337, 0.03556184470653534, 0.41300612688064575, 0.79111248254776, 0.01961260475218296, 0.42489561438560486, 0.7743955850601196, 0.012032872065901756, 0.4286624491214752, 0.7476626634597778, 0.012390422634780407]",[]
"[0.43374067544937134, 0.6157515048980713, -1.8183582994879544e-07, 0.40817761421203613, 0.6374587416648865, -0.049668651074171066, 0.3742682635784149, 0.6972182393074036, -0.061160966753959656, 0.35695526003837585, 0.7717060446739197, -0.06472677737474442, 0.3438448905944824, 0.8331813216209412, -0.06365030258893967, 0.3560820519924164, 0.7605698108673096, -0.01673862338066101, 0.3616824746131897, 0.8388177156448364, -0.04043718799948692, 0.3872676491737366, 0.8211724758148193, -0.05140706151723862, 0.39714083075523376, 0.7894368767738342, -0.05269375443458557, 0.37835851311683655, 0.759847104549408, 0.005542386323213577, 0.4043366014957428, 0.8151183724403381, -0.02308233454823494, 0.42090553045272827, 0.7595917582511902, -0.03190318122506142, 0.41651174426078796, 0.7215143442153931, -0.028239473700523376, 0.4008473753929138, 0.7543467879295349, 0.0203241053968668, 0.42779549956321716, 0.7884202003479004, -0.01205640472471714, 0.43721699714660645, 0.7360104918479919, -0.01600700430572033, 0.4281138777732849, 0.704152524471283, -0.007599207106977701, 0.42068105936050415, 0.7482918500900269, 0.0317997969686985, 0.44010740518569946, 0.774820864200592, 0.007722632493823767, 0.4454646408557892, 0.7330105900764465, 0.00375021668151021, 0.43679291009902954, 0.7009941339492798, 0.009548572823405266]",[]
"[0.42812755703926086, 0.5939673185348511, -1.641211326841585e-07, 0.39098215103149414, 0.6376089453697205, -0.012855985201895237, 0.365194171667099, 0.705232560634613, -0.01441956963390112, 0.35558998584747314, 0.7722381949424744, -0.017517078667879105, 0.3479323387145996, 0.8214913606643677, -0.01965770497918129, 0.3701300323009491, 0.7601264715194702, 0.008580546826124191, 0.35807833075523376, 0.8252137899398804, -0.009323586709797382, 0.3697245121002197, 0.8370141983032227, -0.021601766347885132, 0.3800657391548157, 0.8206015229225159, -0.02600165270268917, 0.3949158489704132, 0.7607274055480957, 0.008902475237846375, 0.4008365869522095, 0.8111001253128052, -0.015543327666819096, 0.41000986099243164, 0.7632672786712646, -0.025335565209388733, 0.40887847542762756, 0.7118503451347351, -0.024070650339126587, 0.4188727140426636, 0.7524810433387756, 0.0052984291687607765, 0.42830488085746765, 0.7860825657844543, -0.01982227899134159, 0.43162205815315247, 0.7344309091567993, -0.020730940625071526, 0.42630869150161743, 0.6890244483947754, -0.012524829246103764, 0.4423903822898865, 0.7384918928146362, 0.0006101610488258302, 0.44735169410705566, 0.7710909843444824, -0.015537025406956673, 0.4477028548717499, 0.7340850234031677, -0.01320436131209135, 0.44224610924720764, 0.6978911757469177, -0.005540461745113134]",[]
"[0.4202256202697754, 0.5598810315132141, -1.0556606611089592e-07, 0.38634151220321655, 0.6249985098838806, -0.0031900033354759216, 0.3717881739139557, 0.7131751775741577, -0.00025761721190065145, 0.37265878915786743, 0.773952305316925, -0.0004560985544230789, 0.3754046857357025, 0.8154396414756775, -0.0006256751948967576, 0.39384782314300537, 0.758224606513977, 0.013754556886851788, 0.3939989507198334, 0.8047290444374084, 0.0009066805359907448, 0.3935215175151825, 0.8019573092460632, -0.009671621955931187, 0.39183732867240906, 0.7771418690681458, -0.014568950049579144, 0.41934362053871155, 0.7493622899055481, 0.009758074767887592, 0.4228563904762268, 0.792334258556366, -0.007214806508272886, 0.4179660379886627, 0.7466911673545837, -0.015112309716641903, 0.41277453303337097, 0.7003641724586487, -0.015542152337729931, 0.4438467025756836, 0.729412853717804, 0.0030622160993516445, 0.446067750453949, 0.7648806571960449, -0.01400809921324253, 0.438534140586853, 0.7207208275794983, -0.012794217094779015, 0.43291425704956055, 0.6811128854751587, -0.006722999271005392, 0.4694806635379791, 0.7012959122657776, -0.004174137953668833, 0.46739569306373596, 0.7400282621383667, -0.014756886288523674, 0.4587600827217102, 0.7103864550590515, -0.010531038045883179, 0.4532565474510193, 0.6805031299591064, -0.003936125431209803]",[]
"[0.4282922148704529, 0.5266724228858948, -9.614233675847572e-08, 0.3995858430862427, 0.5954910516738892, -0.003296677954494953, 0.3949035108089447, 0.6777386665344238, -0.00230734352953732, 0.4013446867465973, 0.7416688203811646, -0.005285362247377634, 0.4125533699989319, 0.7880419492721558, -0.008143842220306396, 0.42534807324409485, 0.7214416265487671, 0.015531236305832863, 0.4322872757911682, 0.7777904272079468, -0.000867917260620743, 0.4236131012439728, 0.76951003074646, -0.013784300535917282, 0.4159013628959656, 0.7357926964759827, -0.018575269728899002, 0.4466950297355652, 0.7088244557380676, 0.011051657609641552, 0.4500010907649994, 0.7611626982688904, -0.00834186002612114, 0.4370424449443817, 0.7118552327156067, -0.01761402189731598, 0.4316159784793854, 0.662388801574707, -0.01751864328980446, 0.4674854278564453, 0.6880942583084106, 0.003483561333268881, 0.46887293457984924, 0.7392401695251465, -0.016396749764680862, 0.45426785945892334, 0.6893980503082275, -0.014497960917651653, 0.4488767981529236, 0.6443375945091248, -0.00613781064748764, 0.4898280203342438, 0.6586515307426453, -0.004474818706512451, 0.48758554458618164, 0.7121155858039856, -0.01752476766705513, 0.47284188866615295, 0.68072110414505, -0.011877014301717281, 0.46698418259620667, 0.6447064876556396, -0.0027006985619664192]",[]
"[0.44477197527885437, 0.33076781034469604, -7.364059939618528e-08, 0.4643855094909668, 0.36997202038764954, -0.016145940870046616, 0.4706195890903473, 0.4096922278404236, -0.030291670933365822, 0.47724416851997375, 0.42972034215927124, -0.04510321468114853, 0.4868709444999695, 0.4323834478855133, -0.05891326442360878, 0.42194047570228577, 0.47223329544067383, -0.015755459666252136, 0.39167311787605286, 0.5158523917198181, -0.038188498467206955, 0.3915214538574219, 0.4921090006828308, -0.05349569022655487, 0.40284639596939087, 0.46017467975616455, -0.059741683304309845, 0.4069910943508148, 0.4356320798397064, -0.01778537593781948, 0.3822873532772064, 0.45231813192367554, -0.043452270328998566, 0.39683035016059875, 0.4147851765155792, -0.053875695914030075, 0.41626736521720886, 0.38636648654937744, -0.05462523549795151, 0.3985952138900757, 0.398066908121109, -0.022594081237912178, 0.3811386823654175, 0.40116381645202637, -0.04531388357281685, 0.3965899646282196, 0.37143486738204956, -0.04768690466880798, 0.4156935214996338, 0.35252976417541504, -0.04258367791771889, 0.39476877450942993, 0.36256319284439087, -0.028445208445191383, 0.3794604539871216, 0.3630717992782593, -0.040851954370737076, 0.3902643918991089, 0.3441008925437927, -0.03749341145157814, 0.40557488799095154, 0.33034589886665344, -0.0307898111641407]","[0.4440097212791443, 0.4995207190513611, -1.8576871241293702e-07, 0.4167972207069397, 0.5661557912826538, -0.0030087423510849476, 0.41174620389938354, 0.650117039680481, -0.0009251167648471892, 0.4173152446746826, 0.7131835222244263, -0.0021980167366564274, 0.4247124195098877, 0.7609856128692627, -0.0035823530051857233, 0.4372471570968628, 0.6935024857521057, 0.014901445247232914, 0.4457515776157379, 0.7495368123054504, 0.0019828511867672205, 0.44270002841949463, 0.7657941579818726, -0.007038034964352846, 0.4364038407802582, 0.761406421661377, -0.010465852916240692, 0.4601452946662903, 0.6819655895233154, 0.010151331312954426, 0.46431490778923035, 0.7369013428688049, -0.009865316562354565, 0.45327940583229065, 0.682553768157959, -0.01676558516919613, 0.44619056582450867, 0.6349047422409058, -0.014035940170288086, 0.48282381892204285, 0.6621940732002258, 0.002626442816108465, 0.4842401146888733, 0.7101969718933105, -0.01984155923128128, 0.46996405720710754, 0.6547362804412842, -0.017787901684641838, 0.4622335135936737, 0.6127495169639587, -0.008189363405108452, 0.505912184715271, 0.6325596570968628, -0.004920206498354673, 0.5060398578643799, 0.6847721338272095, -0.019405798986554146, 0.4910263121128082, 0.6511593461036682, -0.01407109946012497, 0.48274481296539307, 0.6171941757202148, -0.00492319418117404]"
"[0.44350990653038025, 0.30584022402763367, -4.259808861206693e-08, 0.47048765420913696, 0.35659313201904297, -0.023604795336723328, 0.4807959198951721, 0.40067625045776367, -0.04013114422559738, 0.4892001152038574, 0.4229546785354614, -0.05614447966217995, 0.49862170219421387, 0.42384281754493713, -0.07061635702848434, 0.4269430935382843, 0.46241557598114014, -0.019158706068992615, 0.398136705160141, 0.5046430230140686, -0.043095823377370834, 0.394778847694397, 0.48920705914497375, -0.05963660776615143, 0.404769629240036, 0.4592047333717346, -0.06693124026060104, 0.40963008999824524, 0.42841005325317383, -0.017450418323278427, 0.39089837670326233, 0.4341578483581543, -0.04798860475420952, 0.4086441695690155, 0.3925263583660126, -0.06081924960017204, 0.4312601387500763, 0.3582707643508911, -0.06216976419091225, 0.3988422453403473, 0.3919082283973694, -0.019177833572030067, 0.3865785598754883, 0.38528206944465637, -0.04698618873953819, 0.4049486517906189, 0.3508988320827484, -0.05061885714530945, 0.42696067690849304, 0.32548147439956665, -0.044797416776418686, 0.3942098617553711, 0.35818132758140564, -0.022496609017252922, 0.3832680583000183, 0.3535756468772888, -0.03915819898247719, 0.3957443833351135, 0.3294433355331421, -0.03717244416475296, 0.4109935760498047, 0.3109576106071472, -0.030122822150588036]","[0.4513218104839325, 0.4954557418823242, -4.74006043305053e-08, 0.42158177495002747, 0.5435860753059387, -0.011299984529614449, 0.4147627353668213, 0.6343132257461548, -0.011730523779988289, 0.42471420764923096, 0.7013781070709229, -0.012960989959537983, 0.432707279920578, 0.75034499168396, -0.014009463600814342, 0.44515910744667053, 0.6784375905990601, 0.008302650414407253, 0.4507535696029663, 0.726565957069397, -0.005051362328231335, 0.4513195753097534, 0.7574581503868103, -0.012796418741345406, 0.4492848217487335, 0.7634484171867371, -0.015162726864218712, 0.4699086546897888, 0.6698700785636902, 0.00743840029463172, 0.4740736782550812, 0.7333818078041077, -0.014527262188494205, 0.4608527719974518, 0.6772041916847229, -0.01939978636801243, 0.45327550172805786, 0.6244183778762817, -0.01322223711758852, 0.4934089183807373, 0.6520605683326721, 0.003344014985486865, 0.4937690198421478, 0.7017884850502014, -0.0235866978764534, 0.47622188925743103, 0.6395944952964783, -0.02047521248459816, 0.46918830275535583, 0.5917134284973145, -0.007837199606001377, 0.5171316266059875, 0.6220360994338989, -0.0011169054778292775, 0.5123971700668335, 0.6745033264160156, -0.02095762826502323, 0.49654632806777954, 0.634480893611908, -0.016711508855223656, 0.4913986027240753, 0.5955833792686462, -0.0066663650795817375]"
"[0.45631909370422363, 0.3201525807380676, 1.7207119284989858e-08, 0.4774930775165558, 0.3574010133743286, -0.03355635330080986, 0.4851148724555969, 0.38899511098861694, -0.05911523476243019, 0.4879259169101715, 0.40960919857025146, -0.08270926028490067, 0.4921307861804962, 0.4220830798149109, -0.10468435287475586, 0.4269563555717468, 0.46373409032821655, -0.0372944250702858, 0.3939933478832245, 0.5023145079612732, -0.06915628910064697, 0.3913285434246063, 0.48521533608436584, -0.08991210907697678, 0.4034274220466614, 0.45691022276878357, -0.09953536093235016, 0.41026771068573, 0.430178165435791, -0.03373638540506363, 0.38886669278144836, 0.42835116386413574, -0.07149505615234375, 0.4107528030872345, 0.38676145672798157, -0.08623922616243362, 0.43722257018089294, 0.36250707507133484, -0.08872232586145401, 0.4004649519920349, 0.39326921105384827, -0.034356098622083664, 0.38663530349731445, 0.38340285420417786, -0.06872187554836273, 0.4103713035583496, 0.3506850004196167, -0.07270754128694534, 0.4371369481086731, 0.3325265049934387, -0.06700621545314789, 0.3964160084724426, 0.3580095171928406, -0.03733278438448906, 0.3835238218307495, 0.35121428966522217, -0.06039092689752579, 0.3980741500854492, 0.32736775279045105, -0.06045936048030853, 0.4175146818161011, 0.31243693828582764, -0.054398152977228165]","[0.44772079586982727, 0.49162882566452026, -7.040901550681156e-08, 0.4187105894088745, 0.5467220544815063, -0.009396095760166645, 0.41217702627182007, 0.6359265446662903, -0.00974571704864502, 0.4222964644432068, 0.7009978890419006, -0.011591733433306217, 0.4283488988876343, 0.7511234879493713, -0.013318441808223724, 0.443791925907135, 0.6828653812408447, 0.010696831159293652, 0.44977977871894836, 0.7279045581817627, -0.00226774113252759, 0.44864803552627563, 0.7581896781921387, -0.009757015854120255, 0.4439103305339813, 0.7660866379737854, -0.011985215358436108, 0.46766385436058044, 0.672548770904541, 0.008684850297868252, 0.4705583453178406, 0.7343916296958923, -0.013178637251257896, 0.45671346783638, 0.6775146126747131, -0.01815379224717617, 0.4486255645751953, 0.626423716545105, -0.01205485500395298, 0.49035680294036865, 0.653444766998291, 0.0035331842955201864, 0.4906775653362274, 0.7024587988853455, -0.02344731241464615, 0.4726253151893616, 0.6410889625549316, -0.020478298887610435, 0.46469205617904663, 0.5942478179931641, -0.007854165509343147, 0.5137704610824585, 0.6221628189086914, -0.0017701733158901334, 0.5094811916351318, 0.6753877401351929, -0.020899571478366852, 0.4929574429988861, 0.6372464895248413, -0.016071224585175514, 0.4871899485588074, 0.5993224382400513, -0.005638681352138519]"
"[0.44666436314582825, 0.32949239015579224, 4.162681079833419e-07, 0.43186435103416443, 0.42015451192855835, -0.013494925573468208, 0.4095277190208435, 0.5037181973457336, -0.019596904516220093, 0.37997016310691833, 0.5593706965446472, -0.025653529912233353, 0.35941576957702637, 0.6066271066665649, -0.030805272981524467, 0.3995366096496582, 0.5740575790405273, -0.003910181112587452, 0.37069493532180786, 0.6572721004486084, -0.01864798739552498, 0.37566477060317993, 0.7073860168457031, -0.03065207041800022, 0.381646066904068, 0.7267499566078186, -0.0382327102124691, 0.4116165339946747, 0.5402582287788391, -0.0068170493468642235, 0.3903309404850006, 0.6347398161888123, -0.02165348455309868, 0.3973512053489685, 0.6881792545318604, -0.03618998825550079, 0.4050696790218353, 0.7115821838378906, -0.045167528092861176, 0.4220004379749298, 0.4865962862968445, -0.012470357120037079, 0.4044005572795868, 0.5486496686935425, -0.034479666501283646, 0.4088921844959259, 0.5690181255340576, -0.050648607313632965, 0.41467395424842834, 0.5726121664047241, -0.058549776673316956, 0.42846396565437317, 0.42098093032836914, -0.018323184922337532, 0.3971618413925171, 0.43743833899497986, -0.0409226156771183, 0.3834458589553833, 0.4461095929145813, -0.053042441606521606, 0.3743082582950592, 0.451025128364563, -0.0589425228536129]","[0.41378918290138245, 0.6048557162284851, -2.3862017428655236e-07, 0.41160303354263306, 0.60715252161026, -0.054911721497774124, 0.3983742594718933, 0.6449145078659058, -0.0763637125492096, 0.38475552201271057, 0.6993603110313416, -0.08702156692743301, 0.3741458058357239, 0.752994954586029, -0.09439714252948761, 0.3476015329360962, 0.6789394617080688, -0.0580071397125721, 0.34359410405158997, 0.771194577217102, -0.08319282531738281, 0.3724398612976074, 0.7812236547470093, -0.0948806181550026, 0.3989459276199341, 0.7643869519233704, -0.09819333255290985, 0.358702689409256, 0.6999709606170654, -0.03479476273059845, 0.37202906608581543, 0.7714244723320007, -0.06222720071673393, 0.40052300691604614, 0.7473620772361755, -0.0720914974808693, 0.4148963987827301, 0.7090200185775757, -0.0723830908536911, 0.37207934260368347, 0.7186580896377563, -0.016042441129684448, 0.3929809331893921, 0.7632560729980469, -0.043170031160116196, 0.41397154331207275, 0.7291548252105713, -0.04936077073216438, 0.42107221484184265, 0.6915627121925354, -0.046385183930397034, 0.3844722807407379, 0.7339946031570435, -0.0010123951360583305, 0.401084303855896, 0.757560670375824, -0.02345113828778267, 0.4162074327468872, 0.7303810715675354, -0.029772890731692314, 0.42083939909935, 0.6990452408790588, -0.028555208817124367]"
"[0.4543246924877167, 0.33892279863357544, -4.777631801289317e-08, 0.47215235233306885, 0.37509220838546753, -0.02660263143479824, 0.48016154766082764, 0.41425788402557373, -0.04912444204092026, 0.4807242453098297, 0.431774765253067, -0.07119525223970413, 0.4743850529193878, 0.4264683127403259, -0.09115252643823624, 0.41941043734550476, 0.4741488993167877, -0.02876133844256401, 0.3827827572822571, 0.5149076581001282, -0.058503519743680954, 0.38703200221061707, 0.48427295684814453, -0.0764014944434166, 0.4047774374485016, 0.44948166608810425, -0.08358602970838547, 0.4047488272190094, 0.43666160106658936, -0.027880478650331497, 0.37940821051597595, 0.441672682762146, -0.061762548983097076, 0.40402913093566895, 0.3977581858634949, -0.07253371179103851, 0.42954564094543457, 0.3791981339454651, -0.07184521108865738, 0.39584508538246155, 0.3995455205440521, -0.031017642468214035, 0.37815508246421814, 0.394614577293396, -0.06190388649702072, 0.40417927503585815, 0.35856133699417114, -0.06173568218946457, 0.4299740195274353, 0.3434845805168152, -0.05296163260936737, 0.3915608823299408, 0.3644424378871918, -0.036180946975946426, 0.37597548961639404, 0.35904860496520996, -0.056692395359277725, 0.3910767436027527, 0.3342883884906769, -0.05401724576950073, 0.40913549065589905, 0.32249993085861206, -0.04574696347117424]","[0.439887136220932, 0.503706693649292, -1.0636968994504059e-07, 0.4100304841995239, 0.5547354221343994, -0.010122453793883324, 0.4010201096534729, 0.6446872353553772, -0.00967219565063715, 0.4103105664253235, 0.7093441486358643, -0.010247431695461273, 0.41733479499816895, 0.7574819922447205, -0.01070528756827116, 0.4246794879436493, 0.6953447461128235, 0.010112401098012924, 0.4295094609260559, 0.7426621913909912, -0.0025050113908946514, 0.4318814277648926, 0.7742376923561096, -0.010547258891165257, 0.431010901927948, 0.7813385725021362, -0.013496572151780128, 0.45086514949798584, 0.6866844892501831, 0.008945106528699398, 0.4558846354484558, 0.7449295520782471, -0.012402437627315521, 0.4457293450832367, 0.6882439851760864, -0.018423058092594147, 0.43819665908813477, 0.6369367837905884, -0.013533935882151127, 0.4756077826023102, 0.6683604717254639, 0.004648189526051283, 0.4774857461452484, 0.7138157486915588, -0.020899593830108643, 0.4629020094871521, 0.6529155373573303, -0.01835857331752777, 0.45503413677215576, 0.6085596084594727, -0.006868207827210426, 0.5009259581565857, 0.6381561160087585, 5.2514475100906566e-05, 0.499472975730896, 0.6890068054199219, -0.018055330961942673, 0.4859860837459564, 0.6495136022567749, -0.01338017638772726, 0.48000919818878174, 0.6144723892211914, -0.003529275069013238]"
"[0.4452652335166931, 0.34172239899635315, -2.675436938659459e-08, 0.4676346480846405, 0.38402432203292847, -0.028055770322680473, 0.4769614636898041, 0.43261322379112244, -0.05014723166823387, 0.4720059931278229, 0.44921329617500305, -0.07064836472272873, 0.4551892876625061, 0.4391542971134186, -0.08850863575935364, 0.4155423045158386, 0.48286768794059753, -0.03156377002596855, 0.3795119524002075, 0.5230525135993958, -0.060053177177906036, 0.38057518005371094, 0.495377779006958, -0.07636842131614685, 0.39855557680130005, 0.4595247209072113, -0.08256303519010544, 0.3988626301288605, 0.4440840780735016, -0.029011324048042297, 0.3691186010837555, 0.4551175534725189, -0.061895616352558136, 0.39288488030433655, 0.409271776676178, -0.07111293077468872, 0.41979336738586426, 0.3853476643562317, -0.06928025186061859, 0.389142781496048, 0.40742337703704834, -0.030355218797922134, 0.3675979673862457, 0.4064995050430298, -0.06080501899123192, 0.39355364441871643, 0.36908912658691406, -0.05905401334166527, 0.41989484429359436, 0.35053327679634094, -0.04926600307226181, 0.38372713327407837, 0.37025102972984314, -0.03378169611096382, 0.367235004901886, 0.36716851592063904, -0.055726125836372375, 0.3817439079284668, 0.34062331914901733, -0.053497154265642166, 0.3995579481124878, 0.32743585109710693, -0.04537147656083107]","[0.43323570489883423, 0.5216057300567627, -9.647995113937213e-08, 0.40036067366600037, 0.5645180940628052, -0.010923264548182487, 0.385757178068161, 0.6538494825363159, -0.010976445861160755, 0.38970670104026794, 0.7228531837463379, -0.011682914569973946, 0.39666348695755005, 0.7702138423919678, -0.012235968373715878, 0.4060978889465332, 0.7085826992988586, 0.004289612174034119, 0.40772002935409546, 0.7571595311164856, -0.010558749549090862, 0.41147956252098083, 0.782725989818573, -0.020229768007993698, 0.41362059116363525, 0.7802426815032959, -0.024072004482150078, 0.43318870663642883, 0.7015886902809143, 0.003423387184739113, 0.4410063624382019, 0.7552050948143005, -0.0184166319668293, 0.43317535519599915, 0.6998140215873718, -0.024729330092668533, 0.42563596367836, 0.6488115787506104, -0.021189851686358452, 0.45875659584999084, 0.6843907237052917, -0.0003962985647376627, 0.46359437704086304, 0.7302943468093872, -0.02608160302042961, 0.45156410336494446, 0.6705902218818665, -0.023157699033617973, 0.443720281124115, 0.6249049305915833, -0.012254154309630394, 0.48504137992858887, 0.6554664373397827, -0.0046755727380514145, 0.4838029444217682, 0.7028578519821167, -0.023990964516997337, 0.4731620252132416, 0.6641216278076172, -0.020130066201090813, 0.4679304361343384, 0.6278953552246094, -0.011083952151238918]"
"[0.42829084396362305, 0.5261374115943909, -1.539258107641217e-07, 0.3947489857673645, 0.570400059223175, -0.008738058619201183, 0.3751445710659027, 0.654984712600708, -0.008392001502215862, 0.3753891587257385, 0.7211859822273254, -0.009488899260759354, 0.3752279579639435, 0.7704017162322998, -0.01047238614410162, 0.3902131915092468, 0.7162597179412842, 0.009357173927128315, 0.3866187036037445, 0.7693259716033936, -0.005061144009232521, 0.3914140462875366, 0.7950780987739563, -0.014240625314414501, 0.39464592933654785, 0.7959307432174683, -0.0175546333193779, 0.41749122738838196, 0.7140313982963562, 0.007086057681590319, 0.42393675446510315, 0.771552562713623, -0.014835655689239502, 0.42363810539245605, 0.7141240835189819, -0.021124398335814476, 0.41958028078079224, 0.6635239124298096, -0.01685214415192604, 0.4440394639968872, 0.6997555494308472, 0.0018573070410639048, 0.45005255937576294, 0.7419705986976624, -0.023387305438518524, 0.4441395103931427, 0.680935800075531, -0.020526744425296783, 0.4381978213787079, 0.6383053064346313, -0.009313495829701424, 0.47167980670928955, 0.6753136515617371, -0.003688282333314419, 0.4729505777359009, 0.7213654518127441, -0.02064979262650013, 0.464836448431015, 0.6797798871994019, -0.015067142434418201, 0.4600037932395935, 0.6454930901527405, -0.004922277759760618]","[0.4525887966156006, 0.3679867386817932, -7.245724020776834e-08, 0.4733424782752991, 0.4035978615283966, -0.031566958874464035, 0.4771517813205719, 0.4465431869029999, -0.054415732622146606, 0.45786750316619873, 0.45955905318260193, -0.0748206377029419, 0.42929965257644653, 0.4496366083621979, -0.0931171178817749, 0.41632047295570374, 0.5018230080604553, -0.03790603205561638, 0.37969574332237244, 0.5388779044151306, -0.06738335639238358, 0.3794279098510742, 0.5073534846305847, -0.08588115870952606, 0.390080988407135, 0.47515830397605896, -0.09493034332990646, 0.39678505063056946, 0.46493422985076904, -0.03526345640420914, 0.36524373292922974, 0.4690832793712616, -0.07080002874135971, 0.38579827547073364, 0.42203545570373535, -0.08389285206794739, 0.41039204597473145, 0.3935891389846802, -0.085635706782341, 0.38648128509521484, 0.42513400316238403, -0.036286480724811554, 0.36255359649658203, 0.4156601130962372, -0.07009845227003098, 0.38548967242240906, 0.3778352737426758, -0.07331085205078125, 0.4107631742954254, 0.35786575078964233, -0.0670095831155777, 0.3816014528274536, 0.38573649525642395, -0.0392732247710228, 0.3612790107727051, 0.37982213497161865, -0.06312739849090576, 0.373822957277298, 0.35186854004859924, -0.06286514550447464, 0.3926188349723816, 0.33505719900131226, -0.056618645787239075]"
"[0.428890585899353, 0.5466493964195251, -1.1246583397905852e-07, 0.39452001452445984, 0.5788440108299255, -0.015438352711498737, 0.37104469537734985, 0.653762936592102, -0.018894795328378677, 0.3649349808692932, 0.7238751649856567, -0.022677570581436157, 0.36180922389030457, 0.7781985998153687, -0.026191145181655884, 0.38021644949913025, 0.7198594808578491, 0.004625618923455477, 0.3742508292198181, 0.7740958333015442, -0.012269265949726105, 0.3807098865509033, 0.8029000163078308, -0.022268610075116158, 0.3839119076728821, 0.8011195659637451, -0.0255938321352005, 0.40776708722114563, 0.7214353680610657, 0.005164516624063253, 0.4131371080875397, 0.7807870507240295, -0.019465677440166473, 0.4181544780731201, 0.723804771900177, -0.0262098740786314, 0.4142940044403076, 0.672365665435791, -0.02127375267446041, 0.43439367413520813, 0.7111456394195557, 0.0019169682636857033, 0.44020095467567444, 0.7557910084724426, -0.027031296864151955, 0.43879812955856323, 0.6935606598854065, -0.02531244233250618, 0.4321891963481903, 0.6481717228889465, -0.013551709242165089, 0.4611493945121765, 0.6902232766151428, -0.0021231528371572495, 0.4631829857826233, 0.7344855070114136, -0.02383560873568058, 0.4576754570007324, 0.6898143887519836, -0.020924417302012444, 0.45044752955436707, 0.6517852544784546, -0.011453578248620033]","[0.4533599317073822, 0.37545186281204224, -4.0522696309608364e-08, 0.4675634205341339, 0.41639769077301025, -0.02672077715396881, 0.46429967880249023, 0.4566524624824524, -0.04454658553004265, 0.4415295422077179, 0.46552854776382446, -0.06084667146205902, 0.4144141376018524, 0.4598720371723175, -0.07500391453504562, 0.4088954031467438, 0.49459031224250793, -0.023716488853096962, 0.3775506913661957, 0.5307251214981079, -0.04816029593348503, 0.37405121326446533, 0.5079084038734436, -0.06440266221761703, 0.38151970505714417, 0.4773975610733032, -0.07209303975105286, 0.3918801546096802, 0.46129682660102844, -0.021115895360708237, 0.3633628189563751, 0.4706133306026459, -0.05043325945734978, 0.37934809923171997, 0.43015408515930176, -0.06299731880426407, 0.40035930275917053, 0.401545912027359, -0.06480139493942261, 0.3829475939273834, 0.4252150058746338, -0.022209785878658295, 0.3613842725753784, 0.4213387668132782, -0.05060698837041855, 0.3782593011856079, 0.3871263861656189, -0.05493086948990822, 0.39859306812286377, 0.36412376165390015, -0.04996556416153908, 0.37877964973449707, 0.38757067918777466, -0.025198079645633698, 0.35851311683654785, 0.38406988978385925, -0.045561015605926514, 0.3664873242378235, 0.3616349399089813, -0.04687423259019852, 0.3812485933303833, 0.34424740076065063, -0.04212816432118416]"
"[0.4271993637084961, 0.5497257709503174, -7.464628737352541e-08, 0.38983914256095886, 0.5799888372421265, -0.014679268933832645, 0.3638782203197479, 0.6593711376190186, -0.017130032181739807, 0.3588654100894928, 0.7359421253204346, -0.019784290343523026, 0.3569910526275635, 0.7922449111938477, -0.022023070603609085, 0.37557411193847656, 0.7214345932006836, 0.005716155283153057, 0.3694630563259125, 0.7775370478630066, -0.010626116767525673, 0.3762423098087311, 0.8054429292678833, -0.01937759667634964, 0.38160616159439087, 0.8045251369476318, -0.021813899278640747, 0.40270906686782837, 0.724319338798523, 0.006314446683973074, 0.4091794192790985, 0.7862858772277832, -0.019249524921178818, 0.41601642966270447, 0.7246012687683105, -0.0247811172157526, 0.41257554292678833, 0.6717919707298279, -0.018220769241452217, 0.4282033443450928, 0.7160159945487976, 0.00315187219530344, 0.4369391202926636, 0.762315571308136, -0.02562709152698517, 0.4363452196121216, 0.6961298584938049, -0.02163158543407917, 0.42919495701789856, 0.6510095000267029, -0.008032480254769325, 0.4545731544494629, 0.6965933442115784, -0.0008271898259408772, 0.45858684182167053, 0.736419677734375, -0.022037984803318977, 0.4543476998806, 0.6885749697685242, -0.018218742683529854, 0.4462229013442993, 0.6542593836784363, -0.00786170270293951]",[]
"[0.4255119860172272, 0.5643057227134705, -8.309303467513018e-08, 0.39028283953666687, 0.5855063199996948, -0.018982620909810066, 0.360321044921875, 0.6638801693916321, -0.020355481654405594, 0.35355955362319946, 0.7407022714614868, -0.020295608788728714, 0.35291722416877747, 0.7957257032394409, -0.01943746767938137, 0.3704005181789398, 0.7244315147399902, -0.00017776459571905434, 0.3607161045074463, 0.7886475920677185, -0.01526392437517643, 0.3730625510215759, 0.8024703860282898, -0.023671714588999748, 0.3829207718372345, 0.7927401065826416, -0.02658509463071823, 0.3970393240451813, 0.72674161195755, 0.004250259138643742, 0.4083663523197174, 0.7826858162879944, -0.020107809454202652, 0.41847172379493713, 0.7251983880996704, -0.027149448171257973, 0.41409218311309814, 0.6714502573013306, -0.023465512320399284, 0.42174193263053894, 0.7185512781143188, 0.004877141676843166, 0.4340735971927643, 0.7612276077270508, -0.02265455201268196, 0.4368516206741333, 0.7008901238441467, -0.02215351164340973, 0.4284096956253052, 0.6534839272499084, -0.012410147115588188, 0.44516244530677795, 0.7016305327415466, 0.00440956698730588, 0.4507486820220947, 0.734156608581543, -0.017067885026335716, 0.4523985981941223, 0.6905754804611206, -0.017046689987182617, 0.44494128227233887, 0.6540664434432983, -0.010300387628376484]",[]
"[0.426816463470459, 0.5620515942573547, -1.4922574109732523e-07, 0.3908679187297821, 0.5867015719413757, -0.024745378643274307, 0.35520339012145996, 0.6583778858184814, -0.028614716604351997, 0.3440840542316437, 0.7376101016998291, -0.029886268079280853, 0.339602530002594, 0.7979642152786255, -0.028987137600779533, 0.3656848073005676, 0.7225252985954285, 0.0005573688540607691, 0.3721488416194916, 0.780044436454773, -0.01860206574201584, 0.3931865692138672, 0.7597154974937439, -0.030379464849829674, 0.40342819690704346, 0.7290293574333191, -0.03403007611632347, 0.3901233971118927, 0.7259734272956848, 0.008926761336624622, 0.4052635431289673, 0.7718416452407837, -0.015262710861861706, 0.41661879420280457, 0.716548502445221, -0.024174246937036514, 0.4129190444946289, 0.671515703201294, -0.022249359637498856, 0.41260403394699097, 0.7215687036514282, 0.012246020138263702, 0.4286266565322876, 0.7558104395866394, -0.013520179316401482, 0.4333893358707428, 0.7017244696617126, -0.01454312726855278, 0.4257897734642029, 0.6611835956573486, -0.0063453721813857555, 0.434337854385376, 0.7097791433334351, 0.013837935402989388, 0.4440115988254547, 0.7392507791519165, -0.004668642301112413, 0.44755253195762634, 0.6997304558753967, -0.005057285074144602, 0.44041764736175537, 0.6670186519622803, 0.001312499982304871]","[0.431486576795578, 0.4315125644207001, -4.931441921485202e-08, 0.4347699284553528, 0.4705314338207245, -0.018070867285132408, 0.42315244674682617, 0.49691200256347656, -0.030035709962248802, 0.408180832862854, 0.5050249099731445, -0.040727294981479645, 0.3929499685764313, 0.5015608668327332, -0.05058378353714943, 0.3861980736255646, 0.4912879765033722, -0.019624538719654083, 0.3715420663356781, 0.5046635270118713, -0.0353865884244442, 0.369547575712204, 0.508367657661438, -0.047149572521448135, 0.3776113986968994, 0.5019339323043823, -0.05326180160045624, 0.3773958384990692, 0.46317899227142334, -0.01759776845574379, 0.36215540766716003, 0.4617463946342468, -0.03619839996099472, 0.3650103211402893, 0.4509955644607544, -0.04740801081061363, 0.3787764608860016, 0.4348941445350647, -0.05201537907123566, 0.3744271397590637, 0.43539297580718994, -0.01733531430363655, 0.36054325103759766, 0.42641812562942505, -0.03668418899178505, 0.36297106742858887, 0.41110220551490784, -0.044552940875291824, 0.37469586730003357, 0.3933948576450348, -0.04568798094987869, 0.37612760066986084, 0.40985992550849915, -0.01809019222855568, 0.3628907799720764, 0.3951641917228699, -0.034997958689928055, 0.36107704043388367, 0.3785807490348816, -0.040874894708395004, 0.3669021427631378, 0.3599739670753479, -0.04153553396463394]"
"[0.42546483874320984, 0.562088131904602, 4.831557731677094e-08, 0.39605122804641724, 0.5882524847984314, -0.0351545549929142, 0.3616630434989929, 0.6541934013366699, -0.042159341275691986, 0.3437514007091522, 0.7353325486183167, -0.043616779148578644, 0.33552974462509155, 0.8008261919021606, -0.043380994349718094, 0.3497583866119385, 0.6999882459640503, -0.005601355340331793, 0.3388203978538513, 0.763566255569458, -0.01972193643450737, 0.3471316993236542, 0.7925882935523987, -0.029736151918768883, 0.35198378562927246, 0.8045995235443115, -0.03432052955031395, 0.37377190589904785, 0.7134871482849121, 0.00894765742123127, 0.3870365619659424, 0.7804543972015381, -0.013865374960005283, 0.40432995557785034, 0.7384509444236755, -0.022997824475169182, 0.40506312251091003, 0.6951487064361572, -0.021024229004979134, 0.39758098125457764, 0.7194046974182129, 0.018339969217777252, 0.4141964614391327, 0.766230046749115, -0.007557633798569441, 0.4241078495979309, 0.7167028784751892, -0.009632598608732224, 0.4186554551124573, 0.675855278968811, -0.0016162587562575936, 0.4195862114429474, 0.7186263203620911, 0.025263464078307152, 0.43048766255378723, 0.751964271068573, 0.005641576834022999, 0.43674376606941223, 0.7139886021614075, 0.004089602269232273, 0.43006622791290283, 0.6812257766723633, 0.00981364119797945]",[]
"[0.4217309057712555, 0.5941920280456543, -1.2336604982010613e-07, 0.4002704620361328, 0.6141286492347717, -0.04739493876695633, 0.3661269545555115, 0.6727871894836426, -0.057709693908691406, 0.34423238039016724, 0.7459298372268677, -0.05989331379532814, 0.3298972249031067, 0.8078683614730835, -0.0583915039896965, 0.3420604169368744, 0.7206695079803467, -0.017398087307810783, 0.33790361881256104, 0.7982987761497498, -0.03595538064837456, 0.3619850277900696, 0.8034957647323608, -0.045002225786447525, 0.37742477655410767, 0.7825099229812622, -0.04619326442480087, 0.3618520200252533, 0.7291637659072876, 0.00501128938049078, 0.38039863109588623, 0.7919127941131592, -0.018092114478349686, 0.4029032289981842, 0.7521055936813354, -0.026046834886074066, 0.4051936864852905, 0.7131960988044739, -0.023287493735551834, 0.381378710269928, 0.7325358390808105, 0.020780639722943306, 0.40288591384887695, 0.7774361371994019, -0.005076042842119932, 0.4177929759025574, 0.736095666885376, -0.009281464852392673, 0.4139253795146942, 0.7005425095558167, -0.002898585516959429, 0.3983314633369446, 0.733272135257721, 0.03323064371943474, 0.4136582314968109, 0.7666887044906616, 0.013975542970001698, 0.4239220917224884, 0.7358923554420471, 0.010424703359603882, 0.4207247495651245, 0.7037481665611267, 0.014971430413424969]",[]
"[0.4279259741306305, 0.4962029457092285, 3.250000020216248e-07, 0.40561848878860474, 0.583762526512146, -0.03604649379849434, 0.37822777032852173, 0.659169614315033, -0.04056991636753082, 0.35836315155029297, 0.7325248122215271, -0.04008784517645836, 0.34396570920944214, 0.8005124926567078, -0.03788219392299652, 0.35737356543540955, 0.6894404292106628, 0.023104969412088394, 0.3499702215194702, 0.7536824345588684, 0.030848708003759384, 0.35877469182014465, 0.7727400064468384, 0.02773282118141651, 0.3669869601726532, 0.7812801003456116, 0.026643142104148865, 0.3754308819770813, 0.6781858205795288, 0.04536861181259155, 0.37302497029304504, 0.7553386092185974, 0.049821268767118454, 0.38699808716773987, 0.7616177797317505, 0.03710446134209633, 0.3982545733451843, 0.7509791851043701, 0.03172066807746887, 0.39340871572494507, 0.6748731732368469, 0.06284964829683304, 0.397002249956131, 0.7410032153129578, 0.06646182388067245, 0.40547317266464233, 0.7312982678413391, 0.05665448680520058, 0.40716615319252014, 0.7104443311691284, 0.05333895608782768, 0.41044285893440247, 0.6770533323287964, 0.0771552324295044, 0.40752482414245605, 0.7408888936042786, 0.08397815376520157, 0.40829020738601685, 0.7478709816932678, 0.08344991505146027, 0.40470796823501587, 0.7415561079978943, 0.08491966128349304]",[]
"[0.4091989994049072, 0.5686246752738953, 5.550771220441675e-08, 0.3805389702320099, 0.608157753944397, -0.03331085294485092, 0.3659553825855255, 0.6682865023612976, -0.049032263457775116, 0.37935569882392883, 0.7158043384552002, -0.06040947884321213, 0.4041140079498291, 0.7392990589141846, -0.06996677815914154, 0.3951491713523865, 0.7558311223983765, -0.028856223449110985, 0.42049479484558105, 0.8024626970291138, -0.04993089288473129, 0.43304455280303955, 0.8070627450942993, -0.06267969310283661, 0.44303661584854126, 0.8092952966690063, -0.06933283805847168, 0.41758978366851807, 0.7378848195075989, -0.02187320590019226, 0.4346367418766022, 0.7819417119026184, -0.043047185987234116, 0.4390254020690918, 0.7738081216812134, -0.05280115455389023, 0.4467911124229431, 0.773612916469574, -0.055161964148283005, 0.43411657214164734, 0.7078609466552734, -0.0187655221670866, 0.43688398599624634, 0.7152188420295715, -0.04333193972706795, 0.42403173446655273, 0.6873928308486938, -0.046809639781713486, 0.4180344045162201, 0.6793047785758972, -0.04277537763118744, 0.4463386535644531, 0.6734378337860107, -0.018210452049970627, 0.4415304660797119, 0.6752995252609253, -0.03603455424308777, 0.42845025658607483, 0.6584779024124146, -0.037271901965141296, 0.42082270979881287, 0.6518694758415222, -0.03353400155901909]",[]
"[0.41917160153388977, 0.6355054974555969, -7.11210930148809e-08, 0.41600897908210754, 0.6614470481872559, -0.05150534585118294, 0.39244377613067627, 0.7147856950759888, -0.06299113482236862, 0.3714692294597626, 0.7728613615036011, -0.063900887966156, 0.35481128096580505, 0.8223021626472473, -0.06068282946944237, 0.34568893909454346, 0.740131139755249, -0.02772453799843788, 0.3363116681575775, 0.8242583870887756, -0.041868239641189575, 0.3598017692565918, 0.8443268537521362, -0.04785893112421036, 0.38074028491973877, 0.8357650637626648, -0.0473603829741478, 0.357156366109848, 0.7487287521362305, -0.001344193471595645, 0.3556840121746063, 0.8201234936714172, -0.0182501133531332, 0.3821132183074951, 0.8164752125740051, -0.026901427656412125, 0.39518484473228455, 0.7942354679107666, -0.02571510151028633, 0.37027621269226074, 0.7559819221496582, 0.019571514800190926, 0.3778705596923828, 0.8072731494903564, -0.0018379376269876957, 0.3999183177947998, 0.7917390465736389, -0.012048918753862381, 0.40596750378608704, 0.7671427726745605, -0.010596518404781818, 0.38159188628196716, 0.7627924680709839, 0.03731819987297058, 0.3894214630126953, 0.8004452586174011, 0.018968500196933746, 0.40309566259384155, 0.7853747606277466, 0.011383303441107273, 0.40773096680641174, 0.7584902048110962, 0.012714840471744537]",[]
"[0.42251676321029663, 0.65870600938797, -1.2321426368089305e-07, 0.4191795289516449, 0.6769106388092041, -0.05227860435843468, 0.398864209651947, 0.7298223376274109, -0.0665663629770279, 0.3801266849040985, 0.7887507081031799, -0.07058738172054291, 0.36166641116142273, 0.8362027406692505, -0.07006406784057617, 0.34571152925491333, 0.7437781691551208, -0.03308667615056038, 0.3352593779563904, 0.8253927826881409, -0.05365033075213432, 0.3562964200973511, 0.8511583805084229, -0.0635034441947937, 0.37909364700317383, 0.851466715335846, -0.0655151978135109, 0.3573450446128845, 0.7611919641494751, -0.009943198412656784, 0.3613068461418152, 0.8322914838790894, -0.03505939245223999, 0.38688305020332336, 0.8216008543968201, -0.04506731033325195, 0.4004332721233368, 0.795950174331665, -0.043239425867795944, 0.37121954560279846, 0.7753423452377319, 0.007270290050655603, 0.3847680687904358, 0.8227996230125427, -0.021371344104409218, 0.40356534719467163, 0.7936614155769348, -0.02973872236907482, 0.407291054725647, 0.765722393989563, -0.025216035544872284, 0.38202324509620667, 0.7853239178657532, 0.021006226539611816, 0.39381328225135803, 0.8162325620651245, -0.002674581715837121, 0.40718579292297363, 0.7908998131752014, -0.009665139019489288, 0.4099307656288147, 0.7629994750022888, -0.006863510236144066]",[]
"[0.4153827130794525, 0.6754439473152161, -1.1824948842331651e-07, 0.41872549057006836, 0.6898992657661438, -0.05312629044055939, 0.4035146236419678, 0.7411413192749023, -0.0699126273393631, 0.38579386472702026, 0.8001636862754822, -0.07533426582813263, 0.36835747957229614, 0.8468726873397827, -0.07670792192220688, 0.347091406583786, 0.7570658326148987, -0.04591699689626694, 0.33959436416625977, 0.8402585387229919, -0.0658644437789917, 0.36082661151885986, 0.8700385689735413, -0.07313575595617294, 0.3838082253932953, 0.87281334400177, -0.07400015741586685, 0.3514435291290283, 0.774704098701477, -0.021793412044644356, 0.363288938999176, 0.846411943435669, -0.04597484692931175, 0.39129745960235596, 0.8290728330612183, -0.051357049494981766, 0.40294069051742554, 0.7968336939811707, -0.04712619632482529, 0.3616334795951843, 0.7909277081489563, -0.002562464913353324, 0.3824261724948883, 0.8402102589607239, -0.029259640723466873, 0.403181254863739, 0.811664342880249, -0.03276696801185608, 0.4064221978187561, 0.7810015082359314, -0.026377664878964424, 0.37082669138908386, 0.8037688136100769, 0.013118009082973003, 0.38911765813827515, 0.8337812423706055, -0.010575789958238602, 0.40444907546043396, 0.8095400929450989, -0.01586892642080784, 0.4073357880115509, 0.7813320159912109, -0.012203102931380272]",[]
"[0.41352379322052, 0.6706990599632263, -1.6785062939561612e-07, 0.42048609256744385, 0.6901313066482544, -0.051968012005090714, 0.4034894108772278, 0.7424508333206177, -0.0670849084854126, 0.3840775191783905, 0.8038731217384338, -0.07036587595939636, 0.3669879138469696, 0.8542695045471191, -0.06905318051576614, 0.34562698006629944, 0.754764974117279, -0.046974193304777145, 0.3374754786491394, 0.8433642983436584, -0.06340569257736206, 0.35887932777404785, 0.871946394443512, -0.0669209212064743, 0.38109204173088074, 0.8734055757522583, -0.06548149138689041, 0.34672510623931885, 0.7696706056594849, -0.022020304575562477, 0.36549460887908936, 0.8431214094161987, -0.04196330904960632, 0.3927806317806244, 0.8232389688491821, -0.04406929388642311, 0.40100404620170593, 0.7907235026359558, -0.03921262174844742, 0.3547590672969818, 0.7855471968650818, -0.001712400233373046, 0.3779676556587219, 0.8416743874549866, -0.025392109528183937, 0.4001305103302002, 0.8144325017929077, -0.02774147130548954, 0.404208779335022, 0.7840976119041443, -0.021906381472945213, 0.3625301718711853, 0.7997463941574097, 0.015206258744001389, 0.3797691762447357, 0.8388519287109375, -0.006320870481431484, 0.39691832661628723, 0.8177050948143005, -0.011257149279117584, 0.40205106139183044, 0.790774405002594, -0.008179870434105396]",[]
"[0.41879919171333313, 0.6420214176177979, -1.3317743707830232e-07, 0.4275277256965637, 0.6720749139785767, -0.05513191595673561, 0.41255709528923035, 0.7213028073310852, -0.07331685721874237, 0.3914062976837158, 0.7737222909927368, -0.08017124235630035, 0.3764379024505615, 0.8235926628112793, -0.08249115198850632, 0.3529813885688782, 0.755418062210083, -0.044639166444540024, 0.3422585427761078, 0.844397246837616, -0.05828085541725159, 0.36654865741729736, 0.8672027587890625, -0.06396454572677612, 0.3881702125072479, 0.8568117618560791, -0.06485669314861298, 0.35753554105758667, 0.761989951133728, -0.01769028976559639, 0.36233434081077576, 0.8389328718185425, -0.03310201317071915, 0.38652586936950684, 0.8336647152900696, -0.04088207706809044, 0.39850783348083496, 0.8102361559867859, -0.042241327464580536, 0.3659322261810303, 0.7695190906524658, 0.0047310409136116505, 0.3769775629043579, 0.8291189074516296, -0.010845127515494823, 0.39484328031539917, 0.8173258304595947, -0.019440816715359688, 0.40380269289016724, 0.792639434337616, -0.02163420431315899, 0.3743019998073578, 0.7792779207229614, 0.02317569963634014, 0.388094425201416, 0.8176117539405823, 0.008339147083461285, 0.4012115001678467, 0.8077353835105896, -0.0002686083025764674, 0.40688055753707886, 0.787129282951355, -0.002884854096919298]",[]
"[0.42947953939437866, 0.6451416015625, -1.0404258432572533e-07, 0.4316973090171814, 0.6614429950714111, -0.05205225944519043, 0.416059672832489, 0.7090769410133362, -0.06789327412843704, 0.39960095286369324, 0.7617350816726685, -0.07299760729074478, 0.3876194357872009, 0.8110510110855103, -0.07367631047964096, 0.3634227216243744, 0.7552814483642578, -0.04005681723356247, 0.3509501516819, 0.8385821580886841, -0.05412263423204422, 0.3746699094772339, 0.8547748923301697, -0.06276413053274155, 0.3957762122154236, 0.844699501991272, -0.0663958266377449, 0.3713681101799011, 0.7682229280471802, -0.01582580804824829, 0.36513981223106384, 0.8453087210655212, -0.028920959681272507, 0.38768240809440613, 0.8540775775909424, -0.040171559900045395, 0.4027644991874695, 0.8400332927703857, -0.04583348333835602, 0.3835027515888214, 0.7766318321228027, 0.0037947380915284157, 0.3858642578125, 0.8335838913917542, -0.009749962016940117, 0.4027080535888672, 0.8335672616958618, -0.02315560169517994, 0.4126824140548706, 0.8161815404891968, -0.030138075351715088, 0.39447343349456787, 0.7802998423576355, 0.019702216610312462, 0.40132570266723633, 0.8156210780143738, 0.0064624762162566185, 0.41258078813552856, 0.8128089904785156, -0.0043962132185697556, 0.41848212480545044, 0.7984950542449951, -0.010162255726754665]",[]
"[0.43305259943008423, 0.6282641887664795, -1.1432548063794457e-07, 0.43619003891944885, 0.6559208035469055, -0.06674952805042267, 0.42139196395874023, 0.710199236869812, -0.08974462747573853, 0.4039362072944641, 0.7684125304222107, -0.09980767965316772, 0.3873502016067505, 0.8269993662834167, -0.1056612879037857, 0.36368703842163086, 0.7476729154586792, -0.049410488456487656, 0.3599686026573181, 0.8381929993629456, -0.0644397884607315, 0.3865872323513031, 0.851262629032135, -0.072433702647686, 0.4084937274456024, 0.8342549204826355, -0.07487349957227707, 0.3728278577327728, 0.7549552917480469, -0.017345840111374855, 0.37095314264297485, 0.8407691121101379, -0.034134428948163986, 0.39952394366264343, 0.8379481434822083, -0.04709097370505333, 0.41680005192756653, 0.8164361119270325, -0.05208490043878555, 0.3835991322994232, 0.7643091678619385, 0.008997122757136822, 0.3885115087032318, 0.8230988383293152, -0.010358954779803753, 0.4118973910808563, 0.809076726436615, -0.027854135259985924, 0.425268292427063, 0.7843173742294312, -0.03531326353549957, 0.3931138813495636, 0.7785987854003906, 0.03091527707874775, 0.40153926610946655, 0.8161265254020691, 0.012933374382555485, 0.4164709448814392, 0.8068513870239258, -0.0021969876252114773, 0.4243435859680176, 0.7889204025268555, -0.01001835148781538]",[]
"[0.4342520534992218, 0.6522517800331116, -2.2818042566541408e-07, 0.43233373761177063, 0.6725355386734009, -0.05353598669171333, 0.4132344722747803, 0.721821665763855, -0.06925222277641296, 0.39388951659202576, 0.7762441635131836, -0.0748676061630249, 0.3776310980319977, 0.8227723240852356, -0.07597991824150085, 0.36341091990470886, 0.7562512159347534, -0.03928343579173088, 0.35050806403160095, 0.8458759188652039, -0.057183027267456055, 0.3765893280506134, 0.8588877320289612, -0.0645684227347374, 0.40009060502052307, 0.8438615202903748, -0.06528620421886444, 0.3748324513435364, 0.7640467286109924, -0.014107540249824524, 0.38304054737091064, 0.8293368816375732, -0.034328002482652664, 0.40836101770401, 0.8145700097084045, -0.04381958022713661, 0.41641008853912354, 0.7874799370765686, -0.04449360817670822, 0.38734108209609985, 0.769058108329773, 0.005777889862656593, 0.4024578630924225, 0.8109533786773682, -0.016451656818389893, 0.4202542006969452, 0.7866144776344299, -0.026866300031542778, 0.42271512746810913, 0.7597519159317017, -0.027192339301109314, 0.39811474084854126, 0.7744946479797363, 0.022079939022660255, 0.41033223271369934, 0.8042325973510742, 0.0045682527124881744, 0.42288243770599365, 0.7847018837928772, -0.0029611708596348763, 0.42476436495780945, 0.7576096057891846, -0.003112355014309287]",[]
"[0.43001455068588257, 0.6386552453041077, -1.593132452626378e-07, 0.4205143451690674, 0.6726061701774597, -0.04964123293757439, 0.3960748016834259, 0.7266413569450378, -0.06081627309322357, 0.3741176724433899, 0.7868545651435852, -0.06299959868192673, 0.35689303278923035, 0.8385549783706665, -0.06091580539941788, 0.34833118319511414, 0.7571879625320435, -0.01963644102215767, 0.33780139684677124, 0.842698872089386, -0.03523985669016838, 0.3628394305706024, 0.8604857325553894, -0.04435644671320915, 0.3847663104534149, 0.8498430848121643, -0.045663561671972275, 0.3615257143974304, 0.7640571594238281, 0.005156741477549076, 0.36489689350128174, 0.8345315456390381, -0.01377176120877266, 0.39324453473091125, 0.8185400366783142, -0.02495712973177433, 0.4066081941127777, 0.7863695025444031, -0.02510649897158146, 0.3759000897407532, 0.770011305809021, 0.02386331744492054, 0.384694904088974, 0.8224323987960815, 0.00203303387388587, 0.40738555788993835, 0.8001064658164978, -0.008953473530709743, 0.41449037194252014, 0.7706300616264343, -0.007757816929370165, 0.3881804645061493, 0.7774710059165955, 0.03921620920300484, 0.39420029520988464, 0.81852126121521, 0.023218290880322456, 0.40712475776672363, 0.8021459579467773, 0.016450410708785057, 0.4112573266029358, 0.7741265892982483, 0.017921311780810356]",[]
"[0.4205145835876465, 0.6369045376777649, -1.5030323652354127e-07, 0.40604719519615173, 0.6648858189582825, -0.04622744023799896, 0.37968742847442627, 0.7176775336265564, -0.05771038681268692, 0.35898616909980774, 0.7790893316268921, -0.0614333376288414, 0.3431033194065094, 0.8295760750770569, -0.061156414449214935, 0.3402365744113922, 0.7644740343093872, -0.019279934465885162, 0.33280980587005615, 0.8459004759788513, -0.036680616438388824, 0.35979926586151123, 0.861687421798706, -0.0450948141515255, 0.38177168369293213, 0.8477063179016113, -0.04625151678919792, 0.3567683696746826, 0.7694664597511292, 0.0018208640394732356, 0.3743985891342163, 0.8334532380104065, -0.020648878067731857, 0.3998538553714752, 0.8009732365608215, -0.02912319451570511, 0.40523800253868103, 0.7604265213012695, -0.026843726634979248, 0.37629246711730957, 0.7705402970314026, 0.016892962157726288, 0.3995857238769531, 0.8138427138328552, -0.008313927799463272, 0.41607028245925903, 0.7805593609809875, -0.014147833921015263, 0.4151284396648407, 0.7466052174568176, -0.009110407903790474, 0.39429664611816406, 0.769928514957428, 0.028675399720668793, 0.41121286153793335, 0.7992972731590271, 0.008739009499549866, 0.4213763177394867, 0.7708303332328796, 0.004079677164554596, 0.4196104109287262, 0.738460898399353, 0.007883686572313309]",[]
"[0.423019140958786, 0.6274757385253906, -2.2291575874078262e-07, 0.39408496022224426, 0.6522652506828308, -0.040244556963443756, 0.35940393805503845, 0.7110987305641174, -0.049848996102809906, 0.3401665687561035, 0.7840695381164551, -0.05447988957166672, 0.3270329236984253, 0.8425272107124329, -0.05502738058567047, 0.34526893496513367, 0.7753172516822815, -0.008051734417676926, 0.3416822552680969, 0.8516281247138977, -0.033379413187503815, 0.3669966757297516, 0.8492282629013062, -0.047473080456256866, 0.3815711438655853, 0.8204548954963684, -0.05109637975692749, 0.36879634857177734, 0.7763168215751648, 0.007944183424115181, 0.3863850235939026, 0.8323806524276733, -0.02358565665781498, 0.4036158323287964, 0.7812179923057556, -0.03486274182796478, 0.4014959931373596, 0.7369757294654846, -0.032549940049648285, 0.39079925417900085, 0.7727172374725342, 0.016874870285391808, 0.4114355146884918, 0.8081881403923035, -0.01620548591017723, 0.42141568660736084, 0.7597758769989014, -0.01997929997742176, 0.4151681363582611, 0.7222180366516113, -0.011213399469852448, 0.41108375787734985, 0.7666980624198914, 0.022815627977252007, 0.4245002865791321, 0.7962924838066101, 4.8583384341327474e-05, 0.431182324886322, 0.760131299495697, -0.002741597592830658, 0.42582225799560547, 0.7261798977851868, 0.0034964154474437237]",[]
"[0.4220747649669647, 0.6140810251235962, -1.6115286882723012e-07, 0.38779565691947937, 0.641377866268158, -0.020221704617142677, 0.35529136657714844, 0.708406388759613, -0.023596985265612602, 0.3437085449695587, 0.7800127863883972, -0.02596445381641388, 0.3334898054599762, 0.8333112001419067, -0.026607882231473923, 0.35479602217674255, 0.771140992641449, 0.003357046516612172, 0.34175634384155273, 0.83690345287323, -0.01435345970094204, 0.35336095094680786, 0.8538928627967834, -0.025745835155248642, 0.364102303981781, 0.8406426310539246, -0.029660740867257118, 0.37858152389526367, 0.7747786045074463, 0.008332028985023499, 0.38755953311920166, 0.8239408731460571, -0.015119395218789577, 0.4007670283317566, 0.7787421941757202, -0.024260422214865685, 0.40063226222991943, 0.7315808534622192, -0.022781100124120712, 0.40200161933898926, 0.769521951675415, 0.008823664858937263, 0.4159877300262451, 0.7990507483482361, -0.015702875331044197, 0.42259809374809265, 0.7516160011291504, -0.017059018835425377, 0.41742199659347534, 0.7123875021934509, -0.00955940317362547, 0.4251536726951599, 0.7584259510040283, 0.007682355120778084, 0.4350959062576294, 0.7821705341339111, -0.008789815939962864, 0.4381648004055023, 0.7461376190185547, -0.007959860377013683, 0.43194669485092163, 0.7152944803237915, -0.0013636486837640405]",[]
"[0.4221678078174591, 0.5812199711799622, -1.0263585892289484e-07, 0.38862016797065735, 0.6267678737640381, -0.008760254830121994, 0.36752572655677795, 0.703606903553009, -0.009593004360795021, 0.362108051776886, 0.7672491073608398, -0.01191867608577013, 0.3581386208534241, 0.8134390711784363, -0.013569868169724941, 0.37182262539863586, 0.76277756690979, 0.003666449571028352, 0.36409100890159607, 0.8247510194778442, -0.013163546100258827, 0.3708249032497406, 0.8361883759498596, -0.024506568908691406, 0.3778907358646393, 0.8167895078659058, -0.028702903538942337, 0.39910900592803955, 0.7611905932426453, 0.002131977817043662, 0.4051767885684967, 0.8067325353622437, -0.01905439794063568, 0.4103139638900757, 0.7602396607398987, -0.02627481520175934, 0.4086957275867462, 0.7139918208122253, -0.02477172389626503, 0.4255000948905945, 0.7481093406677246, -0.0022659588139504194, 0.43062034249305725, 0.7825976610183716, -0.02362382598221302, 0.43117278814315796, 0.7344898581504822, -0.021343380212783813, 0.42840155959129333, 0.6947777271270752, -0.012974828481674194, 0.45202523469924927, 0.726578414440155, -0.007456271443516016, 0.45369672775268555, 0.7594919204711914, -0.021690184250473976, 0.45090988278388977, 0.7243173122406006, -0.01716589368879795, 0.4468620717525482, 0.6939172744750977, -0.008826845325529575]",[]
"[0.426768034696579, 0.5440471172332764, -1.5992618784821389e-07, 0.39567282795906067, 0.6010642647743225, -0.003819204168394208, 0.3837410807609558, 0.6896645426750183, -0.0011131298961117864, 0.3880600929260254, 0.7526392936706543, -0.0014362330548465252, 0.3894263803958893, 0.7957414388656616, -0.0018218104960396886, 0.4036323130130768, 0.7416511178016663, 0.015492817386984825, 0.4049451947212219, 0.7911280393600464, 0.003918527625501156, 0.403102844953537, 0.8079953789710999, -0.004417493008077145, 0.3979807496070862, 0.806649923324585, -0.00790178868919611, 0.4267355501651764, 0.733069896697998, 0.011467983946204185, 0.4275137186050415, 0.7830448746681213, -0.008660546503961086, 0.42361387610435486, 0.7314597964286804, -0.016205092892050743, 0.4197864234447479, 0.6836323142051697, -0.013759978115558624, 0.44945967197418213, 0.7161685228347778, 0.004833112005144358, 0.44859185814857483, 0.7549412250518799, -0.01769152283668518, 0.441473126411438, 0.701337456703186, -0.017358511686325073, 0.4374401271343231, 0.6594907641410828, -0.008828732185065746, 0.4742622375488281, 0.6919668912887573, -0.0018502729944884777, 0.47229763865470886, 0.7344239950180054, -0.01609768532216549, 0.4621196687221527, 0.7009591460227966, -0.012237037532031536, 0.45711758732795715, 0.6697377562522888, -0.004195710178464651]",[]
"[0.4368341863155365, 0.5383173227310181, -1.3751595417943463e-07, 0.4052503705024719, 0.5886309146881104, -0.0073413061909377575, 0.3956068158149719, 0.671869695186615, -0.006544547155499458, 0.4022926688194275, 0.7372862100601196, -0.007838468067348003, 0.4063602685928345, 0.784376859664917, -0.009035974740982056, 0.41766539216041565, 0.719601035118103, 0.010730067268013954, 0.4233732521533966, 0.7735664248466492, -0.0029509461019188166, 0.42248424887657166, 0.7967487573623657, -0.011582395061850548, 0.41746994853019714, 0.7951035499572754, -0.014466692693531513, 0.44172078371047974, 0.7117922902107239, 0.008342690765857697, 0.4449554681777954, 0.7689173817634583, -0.01365097425878048, 0.437229186296463, 0.7145184278488159, -0.020146546885371208, 0.43039754033088684, 0.6640903949737549, -0.015968944877386093, 0.46477991342544556, 0.6960026621818542, 0.002956402488052845, 0.4662419855594635, 0.741609513759613, -0.02220976911485195, 0.4549964666366577, 0.6842196583747864, -0.020692262798547745, 0.4476584792137146, 0.6392899751663208, -0.010222447104752064, 0.4890652298927307, 0.6710414886474609, -0.0026106846053153276, 0.486733615398407, 0.7184606790542603, -0.01997309923171997, 0.4763350784778595, 0.6818194389343262, -0.016300426796078682, 0.4716505706310272, 0.6463881134986877, -0.007515690755099058]","[0.430244505405426, 0.428152859210968, 1.499649471270459e-08, 0.45648083090782166, 0.45398858189582825, -0.024871118366718292, 0.46924617886543274, 0.4800069332122803, -0.04390246048569679, 0.4695444107055664, 0.4778032898902893, -0.061564695090055466, 0.4556247293949127, 0.467353880405426, -0.07866449654102325, 0.41409745812416077, 0.5238329768180847, -0.03268776461482048, 0.3869344890117645, 0.5523441433906555, -0.056700460612773895, 0.38404396176338196, 0.5311405658721924, -0.0738518238067627, 0.3901246190071106, 0.501903772354126, -0.0826091393828392, 0.3967975378036499, 0.49224165081977844, -0.03126629441976547, 0.3721022605895996, 0.5012261271476746, -0.05925702676177025, 0.38109201192855835, 0.46652528643608093, -0.0732843354344368, 0.39487093687057495, 0.43362462520599365, -0.07765001058578491, 0.38665473461151123, 0.4590385854244232, -0.03220764175057411, 0.36877429485321045, 0.453154057264328, -0.058150868862867355, 0.3797694444656372, 0.4213332235813141, -0.06425462663173676, 0.3946440815925598, 0.39557287096977234, -0.06200770288705826, 0.38280871510505676, 0.4263620376586914, -0.034578729420900345, 0.3668893575668335, 0.41963621973991394, -0.05290310084819794, 0.3710022568702698, 0.3972773849964142, -0.054033681750297546, 0.380178838968277, 0.37559401988983154, -0.05029193311929703]"
"[0.4372726082801819, 0.5398692488670349, -9.611438400725092e-08, 0.4063951373100281, 0.5852523446083069, -0.010567455552518368, 0.39375466108322144, 0.6715998649597168, -0.010752345435321331, 0.3998929560184479, 0.7371730804443359, -0.011944929137825966, 0.40482521057128906, 0.7852509617805481, -0.01292357873171568, 0.41643285751342773, 0.71876460313797, 0.007447632495313883, 0.41961410641670227, 0.7703375220298767, -0.006331103853881359, 0.42131003737449646, 0.7963224649429321, -0.014297854155302048, 0.41856682300567627, 0.7991687655448914, -0.016742732375860214, 0.44147607684135437, 0.7127869129180908, 0.006463510915637016, 0.4437512755393982, 0.7729660272598267, -0.015498802997171879, 0.43799933791160583, 0.7177776098251343, -0.02105826698243618, 0.4315909743309021, 0.6671546697616577, -0.015797853469848633, 0.4655863046646118, 0.6976491212844849, 0.0023853788152337074, 0.4664298892021179, 0.7428074479103088, -0.023660365492105484, 0.45563188195228577, 0.6820271611213684, -0.02145477570593357, 0.4482971131801605, 0.636732280254364, -0.009943518787622452, 0.4907839894294739, 0.6727706789970398, -0.002066501649096608, 0.48806077241897583, 0.7195605635643005, -0.020648008212447166, 0.47661155462265015, 0.6805608868598938, -0.01680145040154457, 0.47076883912086487, 0.6455552577972412, -0.0073941610753536224]","[0.440813809633255, 0.38433271646499634, -8.095561554455344e-09, 0.46428731083869934, 0.42373552918434143, -0.02556787244975567, 0.4718102812767029, 0.46325787901878357, -0.04406091570854187, 0.47087419033050537, 0.4742033779621124, -0.06129951402544975, 0.45930302143096924, 0.4717910885810852, -0.07752314954996109, 0.4149131774902344, 0.5081927180290222, -0.02795960195362568, 0.38636186718940735, 0.5483801960945129, -0.05418640747666359, 0.3834359049797058, 0.527847170829773, -0.0731203481554985, 0.39372268319129944, 0.4962165951728821, -0.08223641663789749, 0.3986436128616333, 0.47305169701576233, -0.026293255388736725, 0.3723493218421936, 0.4933464229106903, -0.059036560356616974, 0.3849465548992157, 0.45482608675956726, -0.07589999586343765, 0.4058075547218323, 0.4213906526565552, -0.08008217811584473, 0.3894062340259552, 0.4385767877101898, -0.02744300104677677, 0.37105798721313477, 0.4403670132160187, -0.057286690920591354, 0.38470470905303955, 0.4070985019207001, -0.06459976732730865, 0.4044918417930603, 0.3818929195404053, -0.06129398196935654, 0.38620302081108093, 0.4061681926250458, -0.03000880591571331, 0.3697061836719513, 0.4029688537120819, -0.04974288493394852, 0.3764740824699402, 0.3799414038658142, -0.05054476112127304, 0.39036041498184204, 0.3604896068572998, -0.04552565515041351]"
"[0.43431738018989563, 0.5434656739234924, -9.975259729344543e-08, 0.4028143882751465, 0.5864546298980713, -0.010211722925305367, 0.38876619935035706, 0.6719132661819458, -0.010387127287685871, 0.39178621768951416, 0.7382531762123108, -0.011565604247152805, 0.39129647612571716, 0.7873505353927612, -0.012517128139734268, 0.4081154465675354, 0.7200005054473877, 0.007840770296752453, 0.40854600071907043, 0.7712970972061157, -0.005637823604047298, 0.4105384349822998, 0.7978062629699707, -0.01338162925094366, 0.4093768894672394, 0.8028773069381714, -0.015974778681993484, 0.43299293518066406, 0.7157706618309021, 0.00686266552656889, 0.43593457341194153, 0.7751995325088501, -0.0153806759044528, 0.43151000142097473, 0.7187299728393555, -0.020791657269001007, 0.4257895350456238, 0.6693706512451172, -0.015560222789645195, 0.45739638805389404, 0.7021077275276184, 0.0028306760359555483, 0.459032267332077, 0.748029351234436, -0.023664887994527817, 0.44942212104797363, 0.6861465573310852, -0.02120663784444332, 0.44214966893196106, 0.64190274477005, -0.009572774171829224, 0.48319894075393677, 0.6785136461257935, -0.0015052499948069453, 0.4797283709049225, 0.722467839717865, -0.02049737237393856, 0.4693314731121063, 0.6818991303443909, -0.016979020088911057, 0.4638732373714447, 0.6478356122970581, -0.00790929514914751]","[0.4483451247215271, 0.39655718207359314, -5.063413688333185e-09, 0.4678235948085785, 0.4344669580459595, -0.025850404053926468, 0.47408637404441833, 0.47126615047454834, -0.045374102890491486, 0.4687943458557129, 0.4842562973499298, -0.06387362629175186, 0.45263803005218506, 0.48143184185028076, -0.08107691258192062, 0.4114280641078949, 0.5152233839035034, -0.027560709044337273, 0.38034307956695557, 0.549818754196167, -0.05328666418790817, 0.3775820732116699, 0.5305013060569763, -0.07088250666856766, 0.38723915815353394, 0.5017557144165039, -0.07926547527313232, 0.39638134837150574, 0.4802352488040924, -0.026365723460912704, 0.37172842025756836, 0.4904351830482483, -0.05792934447526932, 0.3889026939868927, 0.45355185866355896, -0.0719822496175766, 0.41053569316864014, 0.42666447162628174, -0.07459765672683716, 0.3882185220718384, 0.44435828924179077, -0.028331581503152847, 0.3699135482311249, 0.44427943229675293, -0.05727747827768326, 0.3883447051048279, 0.41075292229652405, -0.06106285750865936, 0.4092479646205902, 0.3886101245880127, -0.05578499287366867, 0.3854631185531616, 0.4094341993331909, -0.03204050287604332, 0.36848917603492737, 0.40792959928512573, -0.051625922322273254, 0.3778076469898224, 0.3856205940246582, -0.050951674580574036, 0.39142152667045593, 0.3685455322265625, -0.04481968283653259]"
"[0.42921146750450134, 0.5442680716514587, -1.7094389193061943e-07, 0.3967605233192444, 0.5925533771514893, -0.006940439343452454, 0.3802800476551056, 0.6748478412628174, -0.005845753476023674, 0.3797660171985626, 0.7413516044616699, -0.006632478907704353, 0.37830650806427, 0.7919601202011108, -0.007204696536064148, 0.39297711849212646, 0.7317975759506226, 0.01164077315479517, 0.39010369777679443, 0.7874286770820618, -0.0019874474965035915, 0.3953390121459961, 0.8107585310935974, -0.011046069674193859, 0.3993630111217499, 0.8120435476303101, -0.014511910267174244, 0.41897326707839966, 0.7293378114700317, 0.009189200587570667, 0.42624416947364807, 0.780608057975769, -0.01284613087773323, 0.4249315559864044, 0.7247341871261597, -0.020125383511185646, 0.41976290941238403, 0.675701379776001, -0.01689683273434639, 0.4445001184940338, 0.7158268094062805, 0.003909830003976822, 0.452051043510437, 0.7561546564102173, -0.02041701227426529, 0.4456087648868561, 0.6971153616905212, -0.018744012340903282, 0.4380958378314972, 0.6548585295677185, -0.008729605004191399, 0.47047072649002075, 0.6926590800285339, -0.0015877109253779054, 0.47393471002578735, 0.7322589159011841, -0.018220890313386917, 0.4653523564338684, 0.6906237602233887, -0.014273409731686115, 0.4575093686580658, 0.6569769382476807, -0.005410288460552692]",[]
"[0.42929965257644653, 0.5746662616729736, -1.2955540285020106e-07, 0.3981952965259552, 0.6001067161560059, -0.016479823738336563, 0.37034279108047485, 0.6765851974487305, -0.0191222932189703, 0.3654385805130005, 0.7477303743362427, -0.021051138639450073, 0.36330533027648926, 0.797685444355011, -0.021933389827609062, 0.3758169114589691, 0.7397326827049255, -0.0020887325517833233, 0.3646087348461151, 0.8009399175643921, -0.02019312046468258, 0.37651804089546204, 0.817639946937561, -0.03122231364250183, 0.38910579681396484, 0.8054683804512024, -0.03513263538479805, 0.40210750699043274, 0.7405684590339661, 0.00033443537540733814, 0.4138617217540741, 0.7863699793815613, -0.02434452436864376, 0.42165398597717285, 0.7341093420982361, -0.032072827219963074, 0.4182240664958954, 0.6841635704040527, -0.029707932844758034, 0.42652803659439087, 0.7304751873016357, -0.0007833594572730362, 0.4386288821697235, 0.7615299224853516, -0.02712973766028881, 0.44025155901908875, 0.7075930237770081, -0.02668374590575695, 0.4338265359401703, 0.6652880907058716, -0.01787593774497509, 0.45040223002433777, 0.7133457660675049, -0.002980938646942377, 0.4561905562877655, 0.7404462099075317, -0.022003713995218277, 0.45603078603744507, 0.7007733583450317, -0.02049233205616474, 0.44956713914871216, 0.668722927570343, -0.013248876668512821]","[0.4394606053829193, 0.40778565406799316, -4.291762323305193e-08, 0.46025967597961426, 0.44869858026504517, -0.024301839992403984, 0.4647279679775238, 0.4915318489074707, -0.040674202144145966, 0.44420015811920166, 0.5013179183006287, -0.05536487698554993, 0.4155457615852356, 0.49109554290771484, -0.06832914054393768, 0.41257229447364807, 0.5321550369262695, -0.024360060691833496, 0.3823479413986206, 0.5621827244758606, -0.04542899876832962, 0.3782029151916504, 0.5439212322235107, -0.059300072491168976, 0.38185274600982666, 0.5210416316986084, -0.06635970622301102, 0.39288926124572754, 0.49868446588516235, -0.022331876680254936, 0.36581212282180786, 0.5080003142356873, -0.04939814284443855, 0.37766674160957336, 0.46757179498672485, -0.0602574497461319, 0.39504531025886536, 0.4322795867919922, -0.061201538890600204, 0.3816027343273163, 0.4623599648475647, -0.023246070370078087, 0.362199991941452, 0.45537424087524414, -0.050243765115737915, 0.3767935633659363, 0.4211663603782654, -0.054489701986312866, 0.39601677656173706, 0.3954346776008606, -0.04950490966439247, 0.376535028219223, 0.4253857433795929, -0.02558708004653454, 0.3585147261619568, 0.4157859683036804, -0.04540383815765381, 0.36689072847366333, 0.3924280107021332, -0.04668180271983147, 0.3821839690208435, 0.3731745481491089, -0.041974298655986786]"
"[0.42744359374046326, 0.5760752558708191, -2.9014922020564882e-08, 0.39586105942726135, 0.6017919182777405, -0.027211077511310577, 0.36166802048683167, 0.6640152931213379, -0.03243894875049591, 0.34983381628990173, 0.7388026714324951, -0.034536879509687424, 0.33913323283195496, 0.796139121055603, -0.03517568111419678, 0.3572008013725281, 0.7258707284927368, 0.00023396471806336194, 0.3458692729473114, 0.781593382358551, -0.014845565892755985, 0.35530078411102295, 0.8103827238082886, -0.024942981079220772, 0.36170220375061035, 0.8203495144844055, -0.029366610571742058, 0.3792910575866699, 0.7346531748771667, 0.009059946984052658, 0.3914898931980133, 0.7952489256858826, -0.015441271476447582, 0.40904057025909424, 0.7503003478050232, -0.024255603551864624, 0.40937259793281555, 0.7028123736381531, -0.021044177934527397, 0.4010506868362427, 0.73337721824646, 0.013141585513949394, 0.4192724823951721, 0.7728583216667175, -0.014316366985440254, 0.42966797947883606, 0.7231423854827881, -0.015734482556581497, 0.4234733283519745, 0.6819828152656555, -0.006291863042861223, 0.42184194922447205, 0.7237709760665894, 0.015301262959837914, 0.4352737367153168, 0.7561484575271606, -0.00480529572814703, 0.4413994252681732, 0.7191472053527832, -0.005168358329683542, 0.43445149064064026, 0.6851860880851746, 0.0019853573758155107]",[]
"[0.4399157762527466, 0.2101239562034607, 1.1059661630952178e-07, 0.444995641708374, 0.28764480352401733, 0.0028317079413682222, 0.44124555587768555, 0.3588874042034149, 0.004327780567109585, 0.43984949588775635, 0.41111961007118225, 0.0033095325343310833, 0.44012680649757385, 0.4494432508945465, 0.002414214424788952, 0.41622018814086914, 0.33949390053749084, 0.019047435373067856, 0.4037201702594757, 0.3661006689071655, 0.018771005794405937, 0.3940753638744354, 0.3747253715991974, 0.015077066607773304, 0.3870614171028137, 0.38362160325050354, 0.012200996279716492, 0.4017586410045624, 0.3218199610710144, 0.013974251225590706, 0.37424761056900024, 0.34452512860298157, 0.016317090019583702, 0.3563311696052551, 0.35895439982414246, 0.013187357224524021, 0.34246402978897095, 0.3764885365962982, 0.009962072595953941, 0.38842740654945374, 0.3003264367580414, 0.007346403785049915, 0.36144113540649414, 0.3250935971736908, 0.007087465841323137, 0.3441524803638458, 0.34617653489112854, 0.006005622446537018, 0.3332468867301941, 0.36979588866233826, 0.005173767916858196, 0.37819352746009827, 0.2778013348579407, 0.0006673155585303903, 0.35519903898239136, 0.30868926644325256, 0.002028675051406026, 0.3437717854976654, 0.32996082305908203, 0.00548009667545557, 0.33582204580307007, 0.35147300362586975, 0.007716988679021597]","[0.4002508521080017, 0.577105700969696, -1.16634190305831e-07, 0.44312843680381775, 0.5852020978927612, -0.0368504598736763, 0.46637824177742004, 0.6343236565589905, -0.05937963351607323, 0.46718138456344604, 0.6985152959823608, -0.07065925002098083, 0.45477908849716187, 0.7457318305969238, -0.07803031802177429, 0.4087774157524109, 0.6369798183441162, -0.0900547057390213, 0.42434701323509216, 0.7484108805656433, -0.10611733794212341, 0.4485498070716858, 0.7649267315864563, -0.09917213767766953, 0.46156221628189087, 0.7495278716087341, -0.09136150777339935, 0.38157549500465393, 0.6593398451805115, -0.07519424706697464, 0.40966689586639404, 0.7754049897193909, -0.09439782053232193, 0.4368336796760559, 0.7800219058990479, -0.08602024614810944, 0.4476909339427948, 0.7594887614250183, -0.07782932370901108, 0.3666989207267761, 0.6836018562316895, -0.059037573635578156, 0.3967975080013275, 0.7860618829727173, -0.07429588586091995, 0.42185476422309875, 0.7883912324905396, -0.06447426974773407, 0.43224138021469116, 0.7719273567199707, -0.05574974790215492, 0.3616073727607727, 0.7042809128761292, -0.04446584731340408, 0.38567253947257996, 0.7824618220329285, -0.05770636722445488, 0.4045242369174957, 0.7897670865058899, -0.055558718740940094, 0.41422683000564575, 0.7789497971534729, -0.05189836770296097]"
"[0.42498692870140076, 0.5712378025054932, 2.3520827951983847e-08, 0.3960530757904053, 0.6091328263282776, -0.034726642072200775, 0.36454474925994873, 0.6745738387107849, -0.04072369635105133, 0.34763413667678833, 0.7521311640739441, -0.0414070300757885, 0.33614230155944824, 0.812016487121582, -0.03978496789932251, 0.34978532791137695, 0.7193511724472046, 0.0011017165379598737, 0.34499090909957886, 0.7785970568656921, -0.012635900638997555, 0.3584231436252594, 0.8000965118408203, -0.023027747869491577, 0.3667145073413849, 0.8046213388442993, -0.02739451825618744, 0.3725295066833496, 0.7271151542663574, 0.01619167998433113, 0.3868457078933716, 0.7927750945091248, -0.005460586864501238, 0.40379515290260315, 0.7533950209617615, -0.015606853179633617, 0.40590164065361023, 0.7130128145217896, -0.014231267385184765, 0.39489617943763733, 0.7262912392616272, 0.02571116015315056, 0.41400864720344543, 0.7767297625541687, 0.00025539385387673974, 0.4235379993915558, 0.7306240797042847, -0.004033176228404045, 0.4189978837966919, 0.6905481815338135, 0.0027252361178398132, 0.4148489534854889, 0.7189591526985168, 0.03277917951345444, 0.42856571078300476, 0.755114734172821, 0.01296889130026102, 0.43480184674263, 0.7214062213897705, 0.009532003663480282, 0.42878276109695435, 0.6895118355751038, 0.014197474345564842]",[]
"[0.42072543501853943, 0.5941121578216553, 5.964666982549716e-09, 0.3994944095611572, 0.6220666766166687, -0.040195565670728683, 0.3682200014591217, 0.6809293627738953, -0.04762197285890579, 0.3470589220523834, 0.754913330078125, -0.047286152839660645, 0.3324156403541565, 0.8157408833503723, -0.04465637356042862, 0.34314122796058655, 0.715928852558136, -0.011852013878524303, 0.33415159583091736, 0.7843521237373352, -0.02233295515179634, 0.3499853014945984, 0.8141118288040161, -0.028935333713889122, 0.36298877000808716, 0.8203129172325134, -0.031163983047008514, 0.36127325892448425, 0.7284421324729919, 0.007589345797896385, 0.3741958439350128, 0.79661625623703, -0.008252072148025036, 0.39609506726264954, 0.7681018114089966, -0.014987041242420673, 0.4021276831626892, 0.730117917060852, -0.013267867267131805, 0.3816847801208496, 0.7339314222335815, 0.021912865340709686, 0.40163281559944153, 0.7846818566322327, 0.0006458202260546386, 0.41563481092453003, 0.7478684782981873, -0.003936207853257656, 0.4145217537879944, 0.7107369303703308, 0.0008031344623304904, 0.39991411566734314, 0.7349759936332703, 0.03366975858807564, 0.41573601961135864, 0.7706612348556519, 0.01489755418151617, 0.42464444041252136, 0.7408307790756226, 0.01068728044629097, 0.421501100063324, 0.7087562084197998, 0.014027934521436691]",[]
"[0.4098602831363678, 0.6012620329856873, -7.739593144151513e-08, 0.3985781967639923, 0.6416829228401184, -0.04555945470929146, 0.3703036308288574, 0.7031304836273193, -0.05336375907063484, 0.3476520776748657, 0.7675262093544006, -0.052476342767477036, 0.3317626714706421, 0.8246057629585266, -0.048304032534360886, 0.33287039399147034, 0.7407686114311218, -0.010322574526071548, 0.3277486562728882, 0.8164503574371338, -0.02162221260368824, 0.35066887736320496, 0.8304038643836975, -0.028646692633628845, 0.3683498501777649, 0.8186502456665039, -0.029146092012524605, 0.3458595275878906, 0.7425267696380615, 0.013989703729748726, 0.35891619324684143, 0.8082569241523743, -2.0856974515481852e-05, 0.38400694727897644, 0.7819257974624634, -0.007700625341385603, 0.3937038481235504, 0.7452411651611328, -0.005792893003672361, 0.3613872528076172, 0.7407534718513489, 0.032286882400512695, 0.38029760122299194, 0.7908552885055542, 0.013016575947403908, 0.3995031714439392, 0.7578808665275574, 0.005435147788375616, 0.4036533236503601, 0.7248638272285461, 0.008773814886808395, 0.3745926022529602, 0.7393518090248108, 0.0476553812623024, 0.3893630802631378, 0.7765539884567261, 0.03133084997534752, 0.40116429328918457, 0.7481225728988647, 0.026184767484664917, 0.40233030915260315, 0.716743528842926, 0.029504742473363876]",[]
"[0.4132547974586487, 0.6116552352905273, -4.9932133094898745e-08, 0.40401798486709595, 0.6448588371276855, -0.0458950400352478, 0.3793776333332062, 0.7022566199302673, -0.05531343072652817, 0.3573360741138458, 0.7630338072776794, -0.05662531778216362, 0.33993959426879883, 0.8156933188438416, -0.05444362387061119, 0.3357661962509155, 0.7361253499984741, -0.013661333359777927, 0.3185872435569763, 0.8137585520744324, -0.02822977490723133, 0.33820080757141113, 0.8350903987884521, -0.037813201546669006, 0.3579193353652954, 0.8309659957885742, -0.039932236075401306, 0.34912392497062683, 0.743864893913269, 0.008813971653580666, 0.34244292974472046, 0.8199890851974487, -0.00839688628911972, 0.36785539984703064, 0.8135396838188171, -0.02046491578221321, 0.38167673349380493, 0.7887779474258423, -0.02139381319284439, 0.363865464925766, 0.7480741143226624, 0.025437502190470695, 0.36980751156806946, 0.7997987270355225, 0.003949347883462906, 0.39006665349006653, 0.7756422758102417, -0.008001516573131084, 0.39601272344589233, 0.745887279510498, -0.00728300167247653, 0.37674763798713684, 0.7515972852706909, 0.03908086195588112, 0.38321858644485474, 0.7905188798904419, 0.022112492471933365, 0.3951892554759979, 0.7687036991119385, 0.014968146570026875, 0.3987008035182953, 0.7375175356864929, 0.01638873852789402]",[]
"[0.4163159430027008, 0.609818696975708, -3.0378298987443486e-08, 0.40886661410331726, 0.6491102576255798, -0.04513263702392578, 0.38726508617401123, 0.7055737972259521, -0.05536506697535515, 0.36687201261520386, 0.7679959535598755, -0.057288192212581635, 0.35183435678482056, 0.822619616985321, -0.05537853389978409, 0.34034210443496704, 0.7419382929801941, -0.017045726999640465, 0.32669496536254883, 0.8254601955413818, -0.030512921512126923, 0.3481687307357788, 0.8440662026405334, -0.04020717367529869, 0.3698977530002594, 0.835900068283081, -0.04284443333745003, 0.35264965891838074, 0.7480244636535645, 0.005413530394434929, 0.34819576144218445, 0.826109766960144, -0.00888554286211729, 0.3731473386287689, 0.8224621415138245, -0.021524565294384956, 0.38898664712905884, 0.7985836267471313, -0.024716610088944435, 0.36626777052879333, 0.7519633769989014, 0.022630680352449417, 0.36809808015823364, 0.8112619519233704, 0.004401879385113716, 0.3882907032966614, 0.7945410013198853, -0.008868332020938396, 0.39933517575263977, 0.7684406042098999, -0.01091101672500372, 0.37854480743408203, 0.7563284635543823, 0.03700992092490196, 0.38338205218315125, 0.7998455762863159, 0.022100873291492462, 0.39566731452941895, 0.7833982110023499, 0.014425909146666527, 0.4024873673915863, 0.7563092708587646, 0.014377722516655922]",[]
"[0.4216712415218353, 0.6073251962661743, -1.688114821263298e-07, 0.4225086271762848, 0.6534493565559387, -0.043556079268455505, 0.4085402190685272, 0.7039342522621155, -0.05601740628480911, 0.3942614197731018, 0.7558571696281433, -0.060814689844846725, 0.38476037979125977, 0.8007326126098633, -0.060739126056432724, 0.35196998715400696, 0.7389556169509888, -0.024785222485661507, 0.33652734756469727, 0.8251854777336121, -0.040319908410310745, 0.36037003993988037, 0.8452173471450806, -0.05059036612510681, 0.38286739587783813, 0.8372000455856323, -0.054263729602098465, 0.3608836829662323, 0.7457402348518372, -0.005057083442807198, 0.3604676127433777, 0.8199862837791443, -0.021264418959617615, 0.3842403292655945, 0.8145686984062195, -0.03350384533405304, 0.3961843252182007, 0.7923855781555176, -0.038038309663534164, 0.3722313642501831, 0.7513868808746338, 0.009824424982070923, 0.3803102970123291, 0.8074151873588562, -0.005734096746891737, 0.39575809240341187, 0.7917701601982117, -0.017653658986091614, 0.4022333025932312, 0.7656225562095642, -0.021373409777879715, 0.38248685002326965, 0.7558324933052063, 0.02114684134721756, 0.3865695595741272, 0.7965266108512878, 0.010060973465442657, 0.396890252828598, 0.7956930994987488, 0.001600483083166182, 0.40351659059524536, 0.782809853553772, -0.001523828599601984]",[]
"[0.4143349528312683, 0.6395321488380432, -1.19172128165701e-07, 0.43668198585510254, 0.6652565598487854, -0.057271845638751984, 0.4315023720264435, 0.722542941570282, -0.0788159891963005, 0.4151877760887146, 0.7861507534980774, -0.08616697788238525, 0.4052499234676361, 0.8396486043930054, -0.08849365264177322, 0.367004930973053, 0.7490638494491577, -0.0746801421046257, 0.3665066361427307, 0.8459076881408691, -0.089296355843544, 0.38954147696495056, 0.872270941734314, -0.08898870646953583, 0.41132301092147827, 0.8641656041145325, -0.08489876985549927, 0.3563861548900604, 0.7585130929946899, -0.045970331877470016, 0.36722099781036377, 0.8424093127250671, -0.057694192975759506, 0.3936544358730316, 0.8491153120994568, -0.05403963476419449, 0.4117456376552582, 0.8291974663734436, -0.04923984408378601, 0.3568623661994934, 0.7697012424468994, -0.020358756184577942, 0.37721213698387146, 0.8367547988891602, -0.03291594609618187, 0.39904549717903137, 0.8362303376197815, -0.03434610366821289, 0.41230449080467224, 0.8185744285583496, -0.03318353369832039, 0.36242473125457764, 0.7843048572540283, 0.0015623880317434669, 0.37859708070755005, 0.8317957520484924, -0.011735663749277592, 0.39654481410980225, 0.8437172174453735, -0.017977386713027954, 0.41028958559036255, 0.8422574400901794, -0.019917504861950874]",[]
"[0.4150455892086029, 0.6573176980018616, -1.9187721989055717e-07, 0.4410020709037781, 0.6838340163230896, -0.04648294672369957, 0.43565165996551514, 0.7483368515968323, -0.06139523535966873, 0.4184802174568176, 0.8136465549468994, -0.06295368075370789, 0.4056828022003174, 0.8595726490020752, -0.06015044450759888, 0.37411418557167053, 0.7541213631629944, -0.06638248264789581, 0.3791205585002899, 0.8472303748130798, -0.08057931810617447, 0.40135645866394043, 0.8745185732841492, -0.0815805122256279, 0.4206360876560211, 0.8690521121025085, -0.07902616262435913, 0.3586028218269348, 0.7584438920021057, -0.042398180812597275, 0.3747575581073761, 0.8338677883148193, -0.05302852764725685, 0.39996829628944397, 0.8342123031616211, -0.04926850274205208, 0.4120033383369446, 0.8116774559020996, -0.0452224537730217, 0.3556958734989166, 0.7686289548873901, -0.020741861313581467, 0.3781428933143616, 0.8331904411315918, -0.03357298672199249, 0.4004901945590973, 0.8326714634895325, -0.03428373485803604, 0.4101993441581726, 0.8151076436042786, -0.032647453248500824, 0.35880541801452637, 0.7805836200714111, -0.0016186998691409826, 0.3785551190376282, 0.8306405544281006, -0.014598319306969643, 0.39475879073143005, 0.8339300751686096, -0.018397366628050804, 0.4037897288799286, 0.8228103518486023, -0.018482983112335205]",[]
"[0.4148499369621277, 0.6408873200416565, -2.4927101094363024e-07, 0.4461189806461334, 0.6688671708106995, -0.04638097435235977, 0.4453628361225128, 0.7325887680053711, -0.06208685040473938, 0.42718473076820374, 0.7982459664344788, -0.06312408298254013, 0.41520488262176514, 0.8487234115600586, -0.05982382223010063, 0.38368746638298035, 0.7422310709953308, -0.07804959267377853, 0.3831638991832733, 0.8442129492759705, -0.09484966099262238, 0.40440991520881653, 0.8732634782791138, -0.09617703408002853, 0.42454683780670166, 0.8738430142402649, -0.09350349009037018, 0.3626232147216797, 0.75068199634552, -0.05418935418128967, 0.3843119442462921, 0.8370945453643799, -0.06357256323099136, 0.409607857465744, 0.8267898559570312, -0.05564631521701813, 0.4201209545135498, 0.7989771962165833, -0.0495959147810936, 0.35700929164886475, 0.7622381448745728, -0.032088495790958405, 0.3869272768497467, 0.8280800580978394, -0.0436319038271904, 0.40596696734428406, 0.8073441982269287, -0.04041815549135208, 0.41183602809906006, 0.7808606624603271, -0.03696199879050255, 0.3590817451477051, 0.772499680519104, -0.012659859843552113, 0.38344305753707886, 0.8191022276878357, -0.02539503015577793, 0.3965238928794861, 0.807550847530365, -0.02755357138812542, 0.40318799018859863, 0.7866166234016418, -0.026873212307691574]","[0.43334856629371643, 0.25197356939315796, 6.238671090841308e-08, 0.4399243891239166, 0.30819153785705566, -0.004424166399985552, 0.4384826123714447, 0.3659859299659729, -0.006551599130034447, 0.4391932487487793, 0.4141290485858917, -0.009967269375920296, 0.4434374272823334, 0.4515193998813629, -0.012942420318722725, 0.4149920344352722, 0.3434109091758728, 0.005983071867376566, 0.40209633111953735, 0.36675819754600525, 0.0017471228493377566, 0.39197301864624023, 0.369892954826355, -0.0033462035935372114, 0.3820700943470001, 0.37307795882225037, -0.006889214739203453, 0.4008200764656067, 0.3227066695690155, 0.0026555343065410852, 0.3783799409866333, 0.33195310831069946, -0.0008480577962473035, 0.360466331243515, 0.3383100926876068, -0.006220035254955292, 0.34456607699394226, 0.3464266359806061, -0.010624667629599571, 0.3891759216785431, 0.30296218395233154, -0.0025454822462052107, 0.3653688132762909, 0.3121040463447571, -0.009385870769619942, 0.34704479575157166, 0.3265239894390106, -0.013562113046646118, 0.33236661553382874, 0.3418120741844177, -0.015674563124775887, 0.3800303041934967, 0.28667542338371277, -0.008123586885631084, 0.35819485783576965, 0.3043461740016937, -0.012434253469109535, 0.34465503692626953, 0.32204508781433105, -0.012619203887879848, 0.3332698345184326, 0.3410988450050354, -0.01277066394686699]"
"[0.40467485785484314, 0.5769989490509033, -8.22586443405271e-08, 0.4465198218822479, 0.5845959186553955, -0.04453468695282936, 0.46459251642227173, 0.6381912231445312, -0.07087244838476181, 0.46466928720474243, 0.7047880291938782, -0.08320058137178421, 0.4529033601284027, 0.7564177513122559, -0.09128986299037933, 0.40781301259994507, 0.6356879472732544, -0.10944284498691559, 0.42811015248298645, 0.7499819993972778, -0.12362857162952423, 0.451642781496048, 0.7591443061828613, -0.11194363981485367, 0.4628309905529022, 0.7396742105484009, -0.1011262908577919, 0.38116756081581116, 0.6599247455596924, -0.089234858751297, 0.41286876797676086, 0.7754467725753784, -0.10712185502052307, 0.43870827555656433, 0.7735870480537415, -0.09447832405567169, 0.4470828175544739, 0.7465907335281372, -0.0840892493724823, 0.3678569495677948, 0.6867673397064209, -0.0670037716627121, 0.4015880525112152, 0.7884823679924011, -0.08036034554243088, 0.42615747451782227, 0.7809926271438599, -0.06819390505552292, 0.43397387862205505, 0.7555786371231079, -0.05889902263879776, 0.36503487825393677, 0.7110409140586853, -0.04670362174510956, 0.3891300559043884, 0.7846724987030029, -0.05824529379606247, 0.41004830598831177, 0.782930850982666, -0.05557204782962799, 0.4192287027835846, 0.7626212239265442, -0.052442796528339386]",[]
"[0.44073763489723206, 0.6070601940155029, -2.1134873406936094e-07, 0.45103079080581665, 0.6570357084274292, -0.049834929406642914, 0.4383251667022705, 0.7156425714492798, -0.062387097626924515, 0.42410555481910706, 0.7706434726715088, -0.06460153311491013, 0.4116670489311218, 0.8128868937492371, -0.06235222890973091, 0.3793385922908783, 0.7487871050834656, -0.03052823431789875, 0.37454941868782043, 0.8362694978713989, -0.04249325767159462, 0.40151625871658325, 0.8488759994506836, -0.05115319788455963, 0.4217010736465454, 0.8384557962417603, -0.05429098382592201, 0.38439884781837463, 0.7466652989387512, -0.004447413608431816, 0.3876761794090271, 0.8172730207443237, -0.015404291450977325, 0.4139326810836792, 0.8198196291923523, -0.025829019024968147, 0.4288155138492584, 0.8062198758125305, -0.030356047675013542, 0.3936457335948944, 0.7459188103675842, 0.01690269261598587, 0.4017907679080963, 0.8000153303146362, 0.0030062864534556866, 0.4231131076812744, 0.7940306663513184, -0.009992384351789951, 0.435505211353302, 0.7786697745323181, -0.015139415860176086, 0.40283387899398804, 0.7466627359390259, 0.03492522984743118, 0.4118163585662842, 0.7860515713691711, 0.022757112979888916, 0.42663127183914185, 0.781191885471344, 0.013619447126984596, 0.43642565608024597, 0.7666112780570984, 0.01035701297223568]",[]
"[0.4342799186706543, 0.61295485496521, -1.9533935358140297e-07, 0.43274834752082825, 0.6520746350288391, -0.04569896310567856, 0.41648203134536743, 0.703190803527832, -0.05761438608169556, 0.40129977464675903, 0.7481078505516052, -0.06143834814429283, 0.391707181930542, 0.7870991826057434, -0.060840945690870285, 0.3624306321144104, 0.7526302933692932, -0.02495906874537468, 0.3543733060359955, 0.8395034670829773, -0.038880959153175354, 0.38007742166519165, 0.8547043800354004, -0.048741765320301056, 0.40341323614120483, 0.8437057137489319, -0.05232984200119972, 0.37469375133514404, 0.7542719841003418, -0.0038938606157898903, 0.37794095277786255, 0.8216903805732727, -0.019937753677368164, 0.4046143591403961, 0.8120254278182983, -0.03485390171408653, 0.41850605607032776, 0.788591206073761, -0.04078526794910431, 0.3872181475162506, 0.756187915802002, 0.012591679580509663, 0.3950420618057251, 0.8092875480651855, -0.0030408839229494333, 0.4149109125137329, 0.7971543073654175, -0.01789577305316925, 0.4243682026863098, 0.7736743092536926, -0.02336486242711544, 0.39801573753356934, 0.7553414702415466, 0.025659874081611633, 0.40428587794303894, 0.7945877313613892, 0.014841335825622082, 0.41713178157806396, 0.7879452705383301, 0.006543189287185669, 0.4246586561203003, 0.7683458924293518, 0.003964713774621487]",[]
"[0.4290642738342285, 0.6236547231674194, -1.38740134048021e-07, 0.4141341745853424, 0.6499906778335571, -0.04970289021730423, 0.3855764865875244, 0.7030075788497925, -0.059823084622621536, 0.3641834855079651, 0.7646936178207397, -0.060833193361759186, 0.35106462240219116, 0.8167712688446045, -0.05741583928465843, 0.34998568892478943, 0.7499896287918091, -0.020252978429198265, 0.3455800414085388, 0.8330422639846802, -0.035641878843307495, 0.3718547523021698, 0.8460529446601868, -0.04158793017268181, 0.3911924362182617, 0.8339095115661621, -0.0405900776386261, 0.3657890856266022, 0.7532016634941101, 0.004395318683236837, 0.38306182622909546, 0.8118894100189209, -0.015211734920740128, 0.4073207378387451, 0.7819223403930664, -0.022745370864868164, 0.4115979075431824, 0.7496017217636108, -0.02005043812096119, 0.3830675482749939, 0.753447413444519, 0.02283148653805256, 0.40527424216270447, 0.7972497940063477, -0.0015503652393817902, 0.42315900325775146, 0.7630026936531067, -0.008704123087227345, 0.42252621054649353, 0.7316358685493469, -0.004305294249206781, 0.3981477618217468, 0.7532941102981567, 0.03798193484544754, 0.41309720277786255, 0.7898833155632019, 0.018211359158158302, 0.42528441548347473, 0.7634230852127075, 0.01290136482566595, 0.4265856146812439, 0.7306986451148987, 0.01677517220377922]","[0.4520338177680969, 0.4776875972747803, 3.803712615990662e-07, 0.4396263062953949, 0.4630957245826721, -0.042234886437654495, 0.4234040081501007, 0.45928388833999634, -0.06835584342479706, 0.3995059132575989, 0.4548335671424866, -0.08844462037086487, 0.3741307258605957, 0.46609801054000854, -0.10761475563049316, 0.3912406265735626, 0.6026894450187683, -0.04353441670536995, 0.3766883611679077, 0.6764044165611267, -0.05971444398164749, 0.3702429533004761, 0.7313617467880249, -0.07451284676790237, 0.36822354793548584, 0.776314914226532, -0.08559682220220566, 0.3932029902935028, 0.6216433644294739, -0.03131173178553581, 0.3782837986946106, 0.6983789205551147, -0.04685128107666969, 0.3721950054168701, 0.7475282549858093, -0.060823094099760056, 0.3744748830795288, 0.7818936705589294, -0.07150807231664658, 0.3976284861564636, 0.6349427700042725, -0.021837376058101654, 0.3815324604511261, 0.708878755569458, -0.03376796469092369, 0.37147167325019836, 0.7576816082000732, -0.042039256542921066, 0.3640235662460327, 0.7948342561721802, -0.047979943454265594, 0.4043576419353485, 0.6456234455108643, -0.01596805453300476, 0.3866753578186035, 0.7108244895935059, -0.02522505261003971, 0.37625613808631897, 0.7558772563934326, -0.03033406101167202, 0.36773571372032166, 0.7890298366546631, -0.03400537371635437]"
"[0.43318507075309753, 0.5892820954322815, -6.402608221378614e-08, 0.40459853410720825, 0.6146361827850342, -0.031844332814216614, 0.37276503443717957, 0.6823762655258179, -0.03978497162461281, 0.35831156373023987, 0.7592429518699646, -0.04364069551229477, 0.3458968698978424, 0.8160367608070374, -0.04475118964910507, 0.36843419075012207, 0.742436408996582, -0.008990511298179626, 0.35813596844673157, 0.8156648874282837, -0.029434485360980034, 0.3740236759185791, 0.8295952081680298, -0.04151328280568123, 0.3878071904182434, 0.8143136501312256, -0.04539436846971512, 0.3928133249282837, 0.7466363310813904, 0.0027083291206508875, 0.40732741355895996, 0.7978987097740173, -0.02321438677608967, 0.4193979501724243, 0.7502979040145874, -0.031793296337127686, 0.41629108786582947, 0.7077124118804932, -0.0296506118029356, 0.4158477187156677, 0.7425253987312317, 0.009154331870377064, 0.43328332901000977, 0.7777005434036255, -0.017517685890197754, 0.43873244524002075, 0.7315763831138611, -0.017895400524139404, 0.43067270517349243, 0.6952599287033081, -0.009412853047251701, 0.4370438754558563, 0.7329120635986328, 0.013115525245666504, 0.4489588737487793, 0.7609366178512573, -0.005862041376531124, 0.4519926607608795, 0.7254647016525269, -0.005626123398542404, 0.44453272223472595, 0.6943579316139221, 0.0012541665928438306]","[0.4853448271751404, 0.35901159048080444, 1.3515469277081138e-07, 0.4897865951061249, 0.4142831265926361, -0.02249264344573021, 0.4742410480976105, 0.4651426672935486, -0.0351044200360775, 0.4377112090587616, 0.471807062625885, -0.04523184522986412, 0.4059266149997711, 0.46845126152038574, -0.05434197559952736, 0.44015052914619446, 0.5217286944389343, -0.016941143199801445, 0.42404863238334656, 0.5711948871612549, -0.031287699937820435, 0.4112701117992401, 0.5866890549659729, -0.043523214757442474, 0.4012965261936188, 0.5848016738891602, -0.0514967106282711, 0.42073512077331543, 0.48591065406799316, -0.013074769638478756, 0.38976097106933594, 0.501731812953949, -0.02874044142663479, 0.3780340552330017, 0.48544517159461975, -0.04100629687309265, 0.37447309494018555, 0.45913252234458923, -0.04732135310769081, 0.4097379446029663, 0.442399799823761, -0.011763710528612137, 0.38039347529411316, 0.45084628462791443, -0.0278826542198658, 0.37081393599510193, 0.4377264976501465, -0.03606380894780159, 0.3690171539783478, 0.41629165410995483, -0.038574814796447754, 0.40613603591918945, 0.39579033851623535, -0.011983649805188179, 0.3811863660812378, 0.40241822600364685, -0.02448710799217224, 0.37294405698776245, 0.39697736501693726, -0.028669200837612152, 0.3708394169807434, 0.385337233543396, -0.02918693609535694]"
"[0.43083977699279785, 0.5536439418792725, -1.7009706709814054e-07, 0.3978191316127777, 0.5994105339050293, -0.010247367434203625, 0.37735533714294434, 0.6812005639076233, -0.010505194775760174, 0.3751986026763916, 0.7514417171478271, -0.012125779874622822, 0.3725984990596771, 0.8018126487731934, -0.01297785621136427, 0.3908607065677643, 0.7412177324295044, 0.006772804073989391, 0.38794517517089844, 0.7996594905853271, -0.009254958480596542, 0.39687466621398926, 0.7994169592857361, -0.020496562123298645, 0.4032202661037445, 0.7736713886260986, -0.025079766288399696, 0.4175981283187866, 0.7367689609527588, 0.005952781066298485, 0.42189812660217285, 0.7874278426170349, -0.014504246413707733, 0.4258955419063568, 0.7358145713806152, -0.022473029792308807, 0.4239404797554016, 0.68535977602005, -0.02162844128906727, 0.4430058002471924, 0.721181333065033, 0.001948353834450245, 0.4481784999370575, 0.7646556496620178, -0.0194304920732975, 0.44707775115966797, 0.7129782438278198, -0.017521489411592484, 0.44321131706237793, 0.6692506074905396, -0.009357558563351631, 0.46958398818969727, 0.6973515748977661, -0.0029681057203561068, 0.4694277048110962, 0.7388882637023926, -0.017778968438506126, 0.46562862396240234, 0.7031933665275574, -0.01396153774112463, 0.4616054594516754, 0.6698746681213379, -0.006273288279771805]",[]
"[0.40361109375953674, 0.5776209831237793, -7.579367178323082e-08, 0.44532230496406555, 0.5787111520767212, -0.03543323278427124, 0.4680682420730591, 0.6337046027183533, -0.05602330341935158, 0.4673618674278259, 0.7021198272705078, -0.06557504832744598, 0.45240333676338196, 0.7499080896377563, -0.07195691019296646, 0.41164693236351013, 0.6297736763954163, -0.0864374041557312, 0.42696458101272583, 0.7340845465660095, -0.10334046930074692, 0.4481540322303772, 0.7582443356513977, -0.09995739907026291, 0.463196724653244, 0.7557750940322876, -0.09509068727493286, 0.38662970066070557, 0.655907154083252, -0.07134825736284256, 0.41522955894470215, 0.7594713568687439, -0.08892998099327087, 0.4388207197189331, 0.7667794227600098, -0.08222289383411407, 0.44927889108657837, 0.750454843044281, -0.07623383402824402, 0.3739781677722931, 0.6818326115608215, -0.0550726018846035, 0.405208557844162, 0.7758287191390991, -0.06990589946508408, 0.42803218960762024, 0.7742915153503418, -0.062339670956134796, 0.43792662024497986, 0.754641056060791, -0.05533546581864357, 0.37037599086761475, 0.7043218016624451, -0.040096212178468704, 0.3955695331096649, 0.773450493812561, -0.05263243988156319, 0.4156801402568817, 0.7796513438224792, -0.05192529782652855, 0.4265604317188263, 0.7681540250778198, -0.04966325685381889]",[]
"[0.4346945285797119, 0.5367032885551453, -1.6170019989658613e-07, 0.4007438123226166, 0.580228328704834, -0.00993832666426897, 0.38667920231819153, 0.669453501701355, -0.010158057324588299, 0.389475554227829, 0.7430002689361572, -0.011611757799983025, 0.387472540140152, 0.794109582901001, -0.012795201502740383, 0.4076164960861206, 0.7271625399589539, 0.007715639658272266, 0.40828225016593933, 0.7821235656738281, -0.006337868515402079, 0.4091441333293915, 0.8078969717025757, -0.01487826183438301, 0.4067608118057251, 0.81280517578125, -0.01839290000498295, 0.43202292919158936, 0.7213495969772339, 0.005817685276269913, 0.4341069161891937, 0.7807545065879822, -0.018664326518774033, 0.42915913462638855, 0.7225831747055054, -0.025504298508167267, 0.42425066232681274, 0.6720472574234009, -0.02129792794585228, 0.4559040069580078, 0.7058941125869751, 0.0009721770766191185, 0.45844903588294983, 0.7523264288902283, -0.02638641931116581, 0.44809097051620483, 0.690372884273529, -0.02412649244070053, 0.441229909658432, 0.6462265849113464, -0.012968989089131355, 0.4815566837787628, 0.6808992028236389, -0.004274879116564989, 0.4796515703201294, 0.7235566973686218, -0.023307694122195244, 0.46803927421569824, 0.6825347542762756, -0.019925754517316818, 0.46186569333076477, 0.6501490473747253, -0.011352273635566235]",[]
"[0.43265053629875183, 0.5327337980270386, -1.1708399227927657e-07, 0.4001944363117218, 0.5781552195549011, -0.012413546442985535, 0.3869103789329529, 0.66893470287323, -0.014934403821825981, 0.39130115509033203, 0.7426497340202332, -0.018514243885874748, 0.3892406225204468, 0.7978120446205139, -0.02167551964521408, 0.40862247347831726, 0.7239965796470642, 0.006860540714114904, 0.40998563170433044, 0.7771984934806824, -0.00781592633575201, 0.40909990668296814, 0.8073495626449585, -0.016204364597797394, 0.40407657623291016, 0.8155176639556885, -0.01933901011943817, 0.43305787444114685, 0.7175279259681702, 0.005555566865950823, 0.4324229955673218, 0.7791333198547363, -0.019222628325223923, 0.42750847339630127, 0.7194109559059143, -0.02514631859958172, 0.42334848642349243, 0.6674230694770813, -0.019810620695352554, 0.4573322534561157, 0.7021269202232361, 0.000915335607714951, 0.45733770728111267, 0.7518981695175171, -0.027278020977973938, 0.44651955366134644, 0.6886761784553528, -0.024025259539484978, 0.43998345732688904, 0.6420468688011169, -0.011682401411235332, 0.48353782296180725, 0.6767658591270447, -0.004336410202085972, 0.4786510169506073, 0.7222056984901428, -0.02392754517495632, 0.46566978096961975, 0.6805149912834167, -0.019731832668185234, 0.4596000611782074, 0.6450985670089722, -0.010188744403421879]","[0.4307980537414551, 0.478900671005249, -9.652980281771306e-08, 0.4359898865222931, 0.5365562438964844, -0.009848319925367832, 0.43322819471359253, 0.5767784118652344, -0.019794436171650887, 0.42537200450897217, 0.604314386844635, -0.030400481075048447, 0.41831162571907043, 0.6008837223052979, -0.0402919203042984, 0.4100499749183655, 0.5773558020591736, -0.01695357821881771, 0.38999143242836, 0.5876314043998718, -0.03474580869078636, 0.38784506916999817, 0.5626164078712463, -0.04580212011933327, 0.39012327790260315, 0.539622962474823, -0.05110161378979683, 0.400419682264328, 0.5366679430007935, -0.020845377817749977, 0.3796621859073639, 0.5203154683113098, -0.04396040737628937, 0.39048704504966736, 0.48319026827812195, -0.05138406157493591, 0.4020181894302368, 0.45124486088752747, -0.05152815580368042, 0.3936331868171692, 0.4956248700618744, -0.02593730390071869, 0.37922051548957825, 0.46818724274635315, -0.04831632226705551, 0.3931630551815033, 0.4363234043121338, -0.04764764383435249, 0.4081308841705322, 0.4101754426956177, -0.04110218584537506, 0.3912932276725769, 0.4590552747249603, -0.031499169766902924, 0.37897852063179016, 0.43377700448036194, -0.04547750949859619, 0.3888967037200928, 0.41226792335510254, -0.041773006319999695, 0.400430828332901, 0.3941880464553833, -0.03499243035912514]"
"[0.4290611743927002, 0.5399430394172668, -1.3040381929840805e-07, 0.3965129554271698, 0.5852331519126892, -0.010384333319962025, 0.3834133744239807, 0.6753814220428467, -0.011184240691363811, 0.3889000713825226, 0.7457116842269897, -0.013162070885300636, 0.3877963721752167, 0.7992563843727112, -0.014826293103396893, 0.40717270970344543, 0.7293917536735535, 0.0065066758543252945, 0.4094187021255493, 0.7833245992660522, -0.0069312141276896, 0.4068445861339569, 0.8117105960845947, -0.014015812426805496, 0.40051400661468506, 0.8186365962028503, -0.016362790018320084, 0.4314304292201996, 0.7226319909095764, 0.0047066654078662395, 0.4303327202796936, 0.7853827476501465, -0.01856915093958378, 0.42363405227661133, 0.7256465554237366, -0.02351919747889042, 0.4196617603302002, 0.6726673245429993, -0.01784786954522133, 0.4552570879459381, 0.7069745659828186, -0.00010327282507205382, 0.4539460241794586, 0.7545626759529114, -0.027367308735847473, 0.4423273801803589, 0.6907056570053101, -0.02419762872159481, 0.4369768798351288, 0.6441238522529602, -0.012086109258234501, 0.481123149394989, 0.6815624833106995, -0.005231364630162716, 0.4753713011741638, 0.7302289605140686, -0.023840831592679024, 0.4628535211086273, 0.6892790794372559, -0.01920311152935028, 0.459013432264328, 0.6536144018173218, -0.009613772854208946]","[0.441192090511322, 0.4538084864616394, -3.0280560281426006e-08, 0.4536382257938385, 0.5068541765213013, -0.01921473816037178, 0.45790040493011475, 0.5490191578865051, -0.034801047295331955, 0.45318078994750977, 0.5744081139564514, -0.04987873136997223, 0.4387884736061096, 0.5760800242424011, -0.06406752020120621, 0.41074422001838684, 0.5758574604988098, -0.02728896588087082, 0.38209468126296997, 0.596537709236145, -0.05241309851408005, 0.3760814964771271, 0.5744175910949707, -0.06858241558074951, 0.37785086035728455, 0.5518690943717957, -0.07693392783403397, 0.395781010389328, 0.5346791744232178, -0.029101738706231117, 0.37196099758148193, 0.5295137763023376, -0.05951123312115669, 0.389294296503067, 0.48716968297958374, -0.06953419744968414, 0.40726137161254883, 0.45257073640823364, -0.07021703571081161, 0.3874112665653229, 0.49098047614097595, -0.03317642584443092, 0.37094148993492126, 0.4713757038116455, -0.06252054125070572, 0.39276671409606934, 0.43484413623809814, -0.06126554682850838, 0.4147476255893707, 0.40953701734542847, -0.05266398936510086, 0.38644662499427795, 0.4503772258758545, -0.03839072212576866, 0.37217673659324646, 0.43438106775283813, -0.05797337740659714, 0.3877057135105133, 0.4099419414997101, -0.05344989895820618, 0.4043440520763397, 0.3928764760494232, -0.0446188747882843]"
"[0.4209849238395691, 0.5469174981117249, -1.6864672147676174e-07, 0.3885226249694824, 0.5920782685279846, -0.010125813074409962, 0.37514543533325195, 0.683368444442749, -0.010924425907433033, 0.37706348299980164, 0.7539843320846558, -0.012823540717363358, 0.37381553649902344, 0.8069532513618469, -0.014280851930379868, 0.39311110973358154, 0.7396278381347656, 0.006273007020354271, 0.3926459848880768, 0.7958418726921082, -0.008562428876757622, 0.39376652240753174, 0.8220148086547852, -0.017201807349920273, 0.39246490597724915, 0.8239424824714661, -0.020246049389243126, 0.4183450937271118, 0.7347696423530579, 0.004495096858590841, 0.4205276370048523, 0.7914945483207703, -0.01877685822546482, 0.4164160192012787, 0.73235023021698, -0.024423163384199142, 0.4126436710357666, 0.6815471649169922, -0.019712084904313087, 0.44330060482025146, 0.7200596332550049, -0.00030998073634691536, 0.445186972618103, 0.7634970545768738, -0.026062076911330223, 0.43578895926475525, 0.7014877796173096, -0.022364521399140358, 0.4303276836872101, 0.6580418348312378, -0.010749515146017075, 0.4696621000766754, 0.6963335275650024, -0.005606655962765217, 0.46771642565727234, 0.7407956719398499, -0.022520124912261963, 0.4572245478630066, 0.7005285620689392, -0.017123281955718994, 0.4529908001422882, 0.6685159206390381, -0.007470116019248962]",[]
"[0.41690805554389954, 0.5669305324554443, -1.4487780219951674e-07, 0.38401633501052856, 0.6118358969688416, -0.008450520224869251, 0.3667171001434326, 0.6928263902664185, -0.009189442731440067, 0.3642078936100006, 0.7576619982719421, -0.011828589253127575, 0.35998091101646423, 0.8049417734146118, -0.014034360647201538, 0.37508076429367065, 0.7540138363838196, 0.008678690530359745, 0.36968305706977844, 0.8101714849472046, -0.008037774823606014, 0.37372997403144836, 0.8336837291717529, -0.018814774230122566, 0.3773043155670166, 0.826336681842804, -0.022706830874085426, 0.40213724970817566, 0.7520400285720825, 0.006078765727579594, 0.406255304813385, 0.8040590882301331, -0.016294371336698532, 0.4077305495738983, 0.7480186223983765, -0.022589078173041344, 0.4054809510707855, 0.6997048258781433, -0.018941564485430717, 0.4279920756816864, 0.7375332713127136, 0.0002736477763392031, 0.43227165937423706, 0.7769267559051514, -0.024877121672034264, 0.42860883474349976, 0.7178763747215271, -0.02137869782745838, 0.42425617575645447, 0.6779695153236389, -0.010284913703799248, 0.45456039905548096, 0.7141556143760681, -0.005960662383586168, 0.4548533260822296, 0.7560272812843323, -0.0223329309374094, 0.448740690946579, 0.7168875932693481, -0.016467275097966194, 0.444873183965683, 0.6869910359382629, -0.006430611480027437]",[]
"[0.4160403907299042, 0.5916145443916321, -1.3767004247711156e-07, 0.3826633095741272, 0.623001217842102, -0.014339077286422253, 0.35765203833580017, 0.6992549300193787, -0.016707448288798332, 0.3499739468097687, 0.7716351747512817, -0.019332505762577057, 0.3438168466091156, 0.8232005834579468, -0.020990893244743347, 0.3598616123199463, 0.7605803608894348, 0.0022705693263560534, 0.34851324558258057, 0.8218895196914673, -0.016014549881219864, 0.35664433240890503, 0.8437302112579346, -0.026903605088591576, 0.3655766248703003, 0.8338210582733154, -0.030430398881435394, 0.3863130211830139, 0.761577308177948, 0.0031556179746985435, 0.39231836795806885, 0.8143028020858765, -0.02135375514626503, 0.4013529121875763, 0.7602000832557678, -0.027614353224635124, 0.39973318576812744, 0.7110605239868164, -0.02358982153236866, 0.4116760492324829, 0.7515332698822021, 0.00036818120861425996, 0.41985049843788147, 0.7949597835540771, -0.026143895462155342, 0.4229413866996765, 0.7375576496124268, -0.022913603112101555, 0.4180876612663269, 0.6944369077682495, -0.0116806011646986, 0.4368351101875305, 0.7336210012435913, -0.003438263898715377, 0.441336989402771, 0.7718262076377869, -0.0226207934319973, 0.4408426582813263, 0.7300707697868347, -0.01882791891694069, 0.4355536699295044, 0.6956808567047119, -0.009509547613561153]",[]
"[0.4199005961418152, 0.5881973505020142, -4.430425448731512e-08, 0.3818992078304291, 0.6290415525436401, -0.023660872131586075, 0.3516125977039337, 0.6966691017150879, -0.02709755301475525, 0.34023138880729675, 0.7764498591423035, -0.028546983376145363, 0.3367195427417755, 0.8392735123634338, -0.028038905933499336, 0.35754162073135376, 0.7530413866043091, 0.010497482493519783, 0.3593006730079651, 0.8062393069267273, -0.005195642821490765, 0.37589573860168457, 0.8002618551254272, -0.01774243265390396, 0.38457444310188293, 0.7822479605674744, -0.02320156618952751, 0.38124802708625793, 0.7591320276260376, 0.018618807196617126, 0.38913050293922424, 0.8113933205604553, -0.002829864388331771, 0.40145230293273926, 0.7623528242111206, -0.013325276784598827, 0.401581346988678, 0.7196101546287537, -0.012917588464915752, 0.40418434143066406, 0.7550182342529297, 0.021664198487997055, 0.41468101739883423, 0.797925591468811, -0.00243355636484921, 0.4203372299671173, 0.7448800206184387, -0.0032894667237997055, 0.4161015450954437, 0.7025729417800903, 0.005038512870669365, 0.4264325797557831, 0.7422438859939575, 0.022852331399917603, 0.4326308071613312, 0.7774776816368103, 0.00487125338986516, 0.435700923204422, 0.7387253046035767, 0.005073459353297949, 0.42944878339767456, 0.7062438130378723, 0.01187851931899786]",[]
[],"[0.4253389537334442, 0.5593141913414001, 1.9538376250238798e-07, 0.39183932542800903, 0.601946234703064, -0.015398325398564339, 0.3645097613334656, 0.6566590070724487, -0.019695119932293892, 0.3476502597332001, 0.7140285968780518, -0.022904755547642708, 0.3434831202030182, 0.7612004280090332, -0.026030968874692917, 0.3698112666606903, 0.6887004971504211, 0.001625784090720117, 0.36363229155540466, 0.7463178634643555, -0.0029412242583930492, 0.36211255192756653, 0.7727000713348389, -0.008471569046378136, 0.3595684766769409, 0.7909506559371948, -0.012701667845249176, 0.39105573296546936, 0.6967097520828247, 0.006390475668013096, 0.39361274242401123, 0.7599830627441406, -0.0036473379004746675, 0.3950697183609009, 0.74811851978302, -0.011164391413331032, 0.39369702339172363, 0.7261836528778076, -0.013314493000507355, 0.4113020598888397, 0.6995452046394348, 0.009045685641467571, 0.4167018234729767, 0.7629384994506836, -0.0021341624669730663, 0.41565367579460144, 0.7404889464378357, -0.004243677947670221, 0.4107491970062256, 0.7103930115699768, -0.0019692773930728436, 0.43038979172706604, 0.696637749671936, 0.010393192991614342, 0.43337494134902954, 0.7478235960006714, 0.0010949616553261876, 0.4305567741394043, 0.7363379001617432, -0.00015890863141976297, 0.4242096543312073, 0.7142002582550049, 0.001794306794181466]"
"[0.41937869787216187, 0.6240510940551758, -8.627319658671695e-08, 0.3907581865787506, 0.6373598575592041, -0.0380142517387867, 0.3576197922229767, 0.6978935599327087, -0.045192498713731766, 0.3394991457462311, 0.7719683647155762, -0.046480823308229446, 0.32775142788887024, 0.8338800668716431, -0.045156221836805344, 0.3466244339942932, 0.7531816959381104, -0.011205176822841167, 0.34020230174064636, 0.8201338052749634, -0.03052576072514057, 0.3574937582015991, 0.8336272239685059, -0.04150380939245224, 0.36988377571105957, 0.8235371112823486, -0.045000430196523666, 0.3701927065849304, 0.7595340609550476, 0.004236850421875715, 0.3874434530735016, 0.8200962543487549, -0.022038910537958145, 0.4032953977584839, 0.775255560874939, -0.031075768172740936, 0.40111371874809265, 0.7314519882202148, -0.028596699237823486, 0.3924902379512787, 0.7576625943183899, 0.013615219853818417, 0.4120287299156189, 0.8022847175598145, -0.01708163321018219, 0.422434538602829, 0.7531075477600098, -0.021066317334771156, 0.41467779874801636, 0.7139032483100891, -0.01330077089369297, 0.4114453196525574, 0.7503994703292847, 0.020476097241044044, 0.4240291118621826, 0.7820987105369568, -0.0032943477854132652, 0.43167251348495483, 0.7485134601593018, -0.007459362968802452, 0.42481765151023865, 0.7166258096694946, -0.002932238392531872]",[]
"[0.4339393675327301, 0.5503796935081482, 2.2768206520140666e-07, 0.4153309464454651, 0.6315439343452454, -0.02540283091366291, 0.3851000666618347, 0.6981524229049683, -0.025835197418928146, 0.3592691421508789, 0.7579048275947571, -0.022934025153517723, 0.3448140621185303, 0.8162943124771118, -0.018357347697019577, 0.35849815607070923, 0.698594331741333, 0.020755864679813385, 0.3505806028842926, 0.7649439573287964, 0.02668069489300251, 0.35004276037216187, 0.7987683415412903, 0.02388426661491394, 0.3500192165374756, 0.827796220779419, 0.022209713235497475, 0.36319735646247864, 0.687701940536499, 0.034547943621873856, 0.3614211678504944, 0.7619411945343018, 0.03555862978100777, 0.37036535143852234, 0.7756510972976685, 0.02501898817718029, 0.3804965913295746, 0.7765755653381348, 0.020864998921751976, 0.37085840106010437, 0.6848825812339783, 0.04461515694856644, 0.3715454936027527, 0.7555649876594543, 0.04367973655462265, 0.3780548572540283, 0.7612863183021545, 0.03625066950917244, 0.38004070520401, 0.7600747346878052, 0.034818168729543686, 0.3807646334171295, 0.6878728866577148, 0.05230118706822395, 0.3623269498348236, 0.7539219856262207, 0.05513792484998703, 0.3513394892215729, 0.7880508303642273, 0.054308418184518814, 0.3393009305000305, 0.8149794936180115, 0.05527858808636665]",[]
"[0.4348197877407074, 0.4033656120300293, 1.2395810244925087e-07, 0.40028735995292664, 0.45228368043899536, -0.020776715129613876, 0.3879806399345398, 0.5419938564300537, -0.023500418290495872, 0.39568841457366943, 0.6167227625846863, -0.025593504309654236, 0.40463075041770935, 0.6785876750946045, -0.026770787313580513, 0.42383188009262085, 0.6227960586547852, 0.0031569988932460546, 0.43555328249931335, 0.6906592845916748, -0.010902363806962967, 0.4419749677181244, 0.7201064229011536, -0.02531692571938038, 0.44385120272636414, 0.7188800573348999, -0.033184438943862915, 0.45054733753204346, 0.6090108156204224, 0.006182149052619934, 0.47346213459968567, 0.6917063593864441, -0.009766229428350925, 0.4722468852996826, 0.691903829574585, -0.024789080023765564, 0.4628944396972656, 0.6583837270736694, -0.03172466158866882, 0.47232386469841003, 0.5816377401351929, 0.005201252177357674, 0.4931460916996002, 0.6546811461448669, -0.01389078889042139, 0.48445966839790344, 0.6446393728256226, -0.025392012670636177, 0.4700500965118408, 0.6054635643959045, -0.028265243396162987, 0.4915209114551544, 0.5442443490028381, 0.0023470958694815636, 0.5022460222244263, 0.6013801097869873, -0.01522110402584076, 0.4940396845340729, 0.5968425869941711, -0.023335745558142662, 0.4805174469947815, 0.5673835873603821, -0.025224393233656883]",[]
"[0.4124212861061096, 0.5805938839912415, -1.113088643478477e-08, 0.45108214020729065, 0.5811532735824585, -0.04676065966486931, 0.47162896394729614, 0.6332048773765564, -0.07448850572109222, 0.47001636028289795, 0.7005763649940491, -0.08816898614168167, 0.45592355728149414, 0.7516956329345703, -0.09883357584476471, 0.4130745232105255, 0.6295102834701538, -0.10807567834854126, 0.4263947904109955, 0.730388343334198, -0.1295967847108841, 0.45027828216552734, 0.7588012218475342, -0.12675386667251587, 0.4666323959827423, 0.7599252462387085, -0.12167660892009735, 0.388394832611084, 0.6569135785102844, -0.08841482549905777, 0.42108622193336487, 0.7651167511940002, -0.10972816497087479, 0.4494284987449646, 0.7657607197761536, -0.09991578012704849, 0.4613647162914276, 0.7474284172058105, -0.09089519828557968, 0.3769616186618805, 0.6852566003799438, -0.06785715371370316, 0.4136045575141907, 0.7737095355987549, -0.08553409576416016, 0.43955838680267334, 0.7653703093528748, -0.0750025138258934, 0.44936853647232056, 0.7452001571655273, -0.0657464861869812, 0.37482818961143494, 0.7109819054603577, -0.04947085678577423, 0.40419313311576843, 0.7731768488883972, -0.06331797689199448, 0.4260285496711731, 0.7715554237365723, -0.06087976694107056, 0.43618130683898926, 0.7568068504333496, -0.05747407302260399]",[]
"[0.4208681583404541, 0.5755312442779541, 3.192151254438613e-08, 0.4136424660682678, 0.6483175754547119, -0.03412199392914772, 0.390593945980072, 0.7155676484107971, -0.037536829710006714, 0.3666389286518097, 0.7860179543495178, -0.03496722877025604, 0.3517085611820221, 0.8426591753959656, -0.028372997418045998, 0.35202717781066895, 0.733427107334137, 0.008152087219059467, 0.3422773480415344, 0.8059990406036377, 0.005130038131028414, 0.35893648862838745, 0.8201932907104492, -0.00037805302417837083, 0.3677654564380646, 0.8168818354606628, -0.002513611689209938, 0.35718852281570435, 0.7323472499847412, 0.027157511562108994, 0.3554854094982147, 0.8115416765213013, 0.020061898976564407, 0.37589147686958313, 0.8125556707382202, 0.010128170251846313, 0.3860890567302704, 0.7921958565711975, 0.007689562626183033, 0.36663535237312317, 0.7325714826583862, 0.041002798825502396, 0.37072718143463135, 0.7992120385169983, 0.03072584606707096, 0.3880004584789276, 0.790018618106842, 0.021805208176374435, 0.39396044611930847, 0.7691863179206848, 0.02089119516313076, 0.376272588968277, 0.7336335182189941, 0.05233443155884743, 0.3812074065208435, 0.7797796130180359, 0.04424210265278816, 0.39363405108451843, 0.7694442272186279, 0.03919677063822746, 0.39595410227775574, 0.7511653304100037, 0.03969266265630722]",[]
"[0.4492807984352112, 0.40055757761001587, 3.203743119684077e-07, 0.4289785921573639, 0.5256379842758179, 0.0033622493501752615, 0.4050558805465698, 0.6408201456069946, -0.004801577888429165, 0.39526960253715515, 0.7274717092514038, -0.015199759975075722, 0.3969782292842865, 0.7941946983337402, -0.028783069923520088, 0.41725224256515503, 0.6227409839630127, -0.038370002061128616, 0.40317970514297485, 0.7006890177726746, -0.06466463953256607, 0.3981409966945648, 0.7558032274246216, -0.08144925534725189, 0.39431995153427124, 0.7988705039024353, -0.0946655124425888, 0.43039241433143616, 0.5796341896057129, -0.05781649425625801, 0.42941388487815857, 0.6717674136161804, -0.08754146844148636, 0.42340439558029175, 0.7299451231956482, -0.1091756522655487, 0.41814330220222473, 0.7805982828140259, -0.12656807899475098, 0.43807098269462585, 0.5234841704368591, -0.07503341883420944, 0.4391992390155792, 0.6056690812110901, -0.1108773797750473, 0.43590280413627625, 0.6477952003479004, -0.13228486478328705, 0.4329225718975067, 0.6880436539649963, -0.14770957827568054, 0.4371236264705658, 0.45939871668815613, -0.08951091766357422, 0.421742707490921, 0.47698384523391724, -0.12399229407310486, 0.40429243445396423, 0.4785030484199524, -0.14022843539714813, 0.38988667726516724, 0.4809764623641968, -0.15202055871486664]",[]
"[0.4284808337688446, 0.28377455472946167, 1.8572266924365977e-07, 0.43045008182525635, 0.3432219326496124, -0.005058480426669121, 0.43207892775535583, 0.4053976237773895, -0.004193475004285574, 0.44125914573669434, 0.4495543837547302, -0.004072978161275387, 0.452639639377594, 0.485604465007782, -0.0036625447683036327, 0.3920086622238159, 0.3601280450820923, 0.021304074674844742, 0.3727476894855499, 0.3784220218658447, 0.031066708266735077, 0.3619270920753479, 0.3940735459327698, 0.03406579792499542, 0.3546173572540283, 0.4090351164340973, 0.034820862114429474, 0.3891903758049011, 0.34499433636665344, 0.024105092510581017, 0.36936116218566895, 0.36063432693481445, 0.03761361539363861, 0.36049023270606995, 0.3804343044757843, 0.04062866419553757, 0.35345494747161865, 0.3992929458618164, 0.04065104201436043, 0.3901432752609253, 0.3335385322570801, 0.02473405934870243, 0.3725007474422455, 0.3513033390045166, 0.035922735929489136, 0.36336761713027954, 0.3721243739128113, 0.03986034542322159, 0.35815155506134033, 0.39100271463394165, 0.0409301333129406, 0.3932163715362549, 0.3262559175491333, 0.024122897535562515, 0.3770771920681, 0.34591877460479736, 0.033281147480010986, 0.3683435916900635, 0.36472511291503906, 0.03890877962112427, 0.3617146611213684, 0.38275203108787537, 0.04181992635130882]",[]
"[0.4364945888519287, 0.5990574359893799, -3.4735569443000713e-07, 0.46729815006256104, 0.6587110757827759, -0.027064774185419083, 0.4635130763053894, 0.722905695438385, -0.03801688924431801, 0.4485234320163727, 0.7853846549987793, -0.042841579765081406, 0.4376056492328644, 0.8318017721176147, -0.04452843219041824, 0.3963654935359955, 0.7278103232383728, -0.03899397328495979, 0.41448354721069336, 0.8284235000610352, -0.046976394951343536, 0.43548956513404846, 0.8022429943084717, -0.04723546653985977, 0.4356863796710968, 0.7675613164901733, -0.046385619789361954, 0.3803054690361023, 0.7286341786384583, -0.025734921917319298, 0.40665873885154724, 0.8154817223548889, -0.03548010066151619, 0.4280123710632324, 0.7905243635177612, -0.03556709736585617, 0.4273388981819153, 0.7620428204536438, -0.035144880414009094, 0.3769233524799347, 0.7276301980018616, -0.012843197211623192, 0.40383467078208923, 0.8059260845184326, -0.023684684187173843, 0.4223376214504242, 0.7855286598205566, -0.020934630185365677, 0.4213334321975708, 0.7576161026954651, -0.017757292836904526, 0.3814457058906555, 0.7320114970207214, -0.0011669318191707134, 0.4016994535923004, 0.7943071722984314, -0.011025786399841309, 0.41603028774261475, 0.7779126167297363, -0.009948489256203175, 0.41492322087287903, 0.7516882419586182, -0.0072132013738155365]",[]
"[0.44516974687576294, 0.6016125082969666, -2.829819436556136e-07, 0.45783111453056335, 0.6598398685455322, -0.04438282921910286, 0.4473161995410919, 0.7183483839035034, -0.05985462665557861, 0.4324309825897217, 0.7738065123558044, -0.06695117056369781, 0.4184817373752594, 0.817979097366333, -0.0693952739238739, 0.3759283721446991, 0.7393577098846436, -0.029371006414294243, 0.3973136842250824, 0.8316413164138794, -0.041316352784633636, 0.4205993711948395, 0.8113934993743896, -0.04843077436089516, 0.42449674010276794, 0.7798952460289001, -0.05113441124558449, 0.3756070137023926, 0.7392522692680359, -0.006915540900081396, 0.4036647081375122, 0.8155323266983032, -0.024232862517237663, 0.4227648079395294, 0.7841578125953674, -0.03281570225954056, 0.4222569465637207, 0.7512615323066711, -0.0344257578253746, 0.3822830021381378, 0.7385517358779907, 0.011976921930909157, 0.4104929566383362, 0.8024271130561829, -0.006036256439983845, 0.4264616370201111, 0.775880753993988, -0.011585554108023643, 0.426565021276474, 0.747094988822937, -0.010288630612194538, 0.39046043157577515, 0.7437775135040283, 0.02802450768649578, 0.41265928745269775, 0.7951175570487976, 0.013712828978896141, 0.4260753393173218, 0.7731184959411621, 0.009283095598220825, 0.42506909370422363, 0.745894193649292, 0.01083182543516159]",[]
"[0.44039663672447205, 0.6132110953330994, -2.1152803242330265e-07, 0.42878592014312744, 0.6547514200210571, -0.04155007377266884, 0.40470409393310547, 0.7120602130889893, -0.05200200527906418, 0.38680195808410645, 0.7745043039321899, -0.05558428540825844, 0.37681907415390015, 0.8156962394714355, -0.05477333441376686, 0.36062440276145935, 0.745894193649292, -0.013617261312901974, 0.36629748344421387, 0.8256961107254028, -0.031868841499090195, 0.39265596866607666, 0.8140067458152771, -0.043833695352077484, 0.4042811989784241, 0.782525897026062, -0.047360312193632126, 0.37160253524780273, 0.7501786351203918, 0.006074400153011084, 0.38070017099380493, 0.820236086845398, -0.0130929509177804, 0.405251681804657, 0.7989081144332886, -0.023813311010599136, 0.41316935420036316, 0.7706447243690491, -0.02480340003967285, 0.38354164361953735, 0.7515985369682312, 0.020031172782182693, 0.3948420286178589, 0.8053188323974609, -0.0006374420481733978, 0.4152907431125641, 0.7848012447357178, -0.008583558723330498, 0.4212190508842468, 0.757843554019928, -0.0066182841546833515, 0.3943910598754883, 0.751790463924408, 0.031078144907951355, 0.4040509760379791, 0.795048713684082, 0.017268432304263115, 0.41833436489105225, 0.7778646945953369, 0.012817630544304848, 0.42241278290748596, 0.7506269812583923, 0.01530990656465292]",[]
"[0.43495264649391174, 0.6205646395683289, -1.5643992412606167e-07, 0.4006088078022003, 0.6558942794799805, -0.030432069674134254, 0.363737553358078, 0.7078800797462463, -0.03528817743062973, 0.34718865156173706, 0.7807378172874451, -0.03702360764145851, 0.3424322307109833, 0.8349345922470093, -0.03443596139550209, 0.3589819073677063, 0.7544086575508118, 0.006446339190006256, 0.3592824637889862, 0.8222740888595581, -0.015438186936080456, 0.3800976872444153, 0.7962345480918884, -0.027887580916285515, 0.3875926733016968, 0.7574288249015808, -0.030396388843655586, 0.38485974073410034, 0.7557840347290039, 0.018552929162979126, 0.3979770541191101, 0.8186500072479248, -0.00878600962460041, 0.41053080558776855, 0.7683650255203247, -0.02004377916455269, 0.40635284781455994, 0.7291136980056763, -0.018339935690164566, 0.4071038067340851, 0.7523508667945862, 0.024209104478359222, 0.42394083738327026, 0.7940918207168579, -0.005159822292625904, 0.43045133352279663, 0.745897114276886, -0.009288168512284756, 0.42306438088417053, 0.7104853987693787, -0.0012673503952100873, 0.42648547887802124, 0.745771050453186, 0.02778468281030655, 0.43824708461761475, 0.7774899005889893, 0.009829435497522354, 0.44192981719970703, 0.7428444623947144, 0.008365906774997711, 0.43559563159942627, 0.7124549746513367, 0.014725865796208382]",[]
"[0.42874792218208313, 0.5952314138412476, -5.604996289321207e-08, 0.39067918062210083, 0.642808198928833, -0.008855131454765797, 0.36239326000213623, 0.7112829089164734, -0.008533800020813942, 0.35210636258125305, 0.7710633873939514, -0.009819990023970604, 0.3578898012638092, 0.8180199861526489, -0.010779274627566338, 0.37516939640045166, 0.7561835050582886, 0.009857697412371635, 0.37049952149391174, 0.8054318428039551, -0.0053093465976417065, 0.38250869512557983, 0.7911388874053955, -0.017866265028715134, 0.3913742005825043, 0.7537315487861633, -0.022946225479245186, 0.4003966748714447, 0.7565837502479553, 0.00958215445280075, 0.40352046489715576, 0.8007402420043945, -0.008123790845274925, 0.4125652015209198, 0.7607354521751404, -0.017840197309851646, 0.41340336203575134, 0.711449921131134, -0.01910402812063694, 0.4246859550476074, 0.7477811574935913, 0.006072440650314093, 0.430402010679245, 0.7855425477027893, -0.011277370154857635, 0.43364864587783813, 0.743418276309967, -0.0121157830581069, 0.43112635612487793, 0.6982896327972412, -0.006817570421844721, 0.44885778427124023, 0.7326171398162842, 0.001585670979693532, 0.450792133808136, 0.7666305899620056, -0.010198795236647129, 0.4510820209980011, 0.7380125522613525, -0.008270668797194958, 0.4478378891944885, 0.7048354148864746, -0.002523328410461545]",[]
"[0.4304267466068268, 0.5738465785980225, -1.8057752981803787e-07, 0.39689940214157104, 0.6235970258712769, -0.005671958439052105, 0.37477976083755493, 0.7031639218330383, -0.0053602890111505985, 0.3714013993740082, 0.7662021517753601, -0.007323449943214655, 0.3785982131958008, 0.8037866353988647, -0.009000087156891823, 0.3936583995819092, 0.758618175983429, 0.00730754854157567, 0.39276590943336487, 0.8104217648506165, -0.00914189126342535, 0.39689767360687256, 0.7983099818229675, -0.020469825714826584, 0.3995285630226135, 0.7622642517089844, -0.02455517090857029, 0.4203810691833496, 0.7546953558921814, 0.004451477434486151, 0.4251713454723358, 0.7980122566223145, -0.014569844119250774, 0.4248020648956299, 0.7443984150886536, -0.021437231451272964, 0.42104703187942505, 0.6972318887710571, -0.020358813926577568, 0.4458960294723511, 0.7411465644836426, -0.001227225991897285, 0.4512515366077423, 0.7765780091285706, -0.020609412342309952, 0.4458875358104706, 0.7237461805343628, -0.018491603434085846, 0.4408430755138397, 0.6836380362510681, -0.010922258719801903, 0.472361296415329, 0.7198901772499084, -0.00739844748750329, 0.4735085964202881, 0.7574453353881836, -0.019258059561252594, 0.4660921096801758, 0.7215471267700195, -0.014127688482403755, 0.4604228436946869, 0.6923809051513672, -0.006246580276638269]",[]
"[0.43814945220947266, 0.5690144896507263, -1.148733090872156e-07, 0.4053354561328888, 0.6168126463890076, -0.008409064263105392, 0.3877487778663635, 0.6955450177192688, -0.0084930919110775, 0.38623666763305664, 0.7609909176826477, -0.010674810968339443, 0.3968769609928131, 0.8106603622436523, -0.01264096051454544, 0.4181625545024872, 0.7438080310821533, 0.009837434627115726, 0.42156481742858887, 0.7966151237487793, -0.004806805867701769, 0.41775795817375183, 0.7973266243934631, -0.015463374555110931, 0.4114096164703369, 0.7743253111839294, -0.01918729580938816, 0.4412027597427368, 0.7371344566345215, 0.00821693055331707, 0.44498035311698914, 0.7918186187744141, -0.011072962544858456, 0.43805593252182007, 0.743312656879425, -0.019122926518321037, 0.4315037727355957, 0.695030689239502, -0.017683282494544983, 0.46402454376220703, 0.7230619788169861, 0.0034362212754786015, 0.4648277163505554, 0.7675135731697083, -0.01739959605038166, 0.45474860072135925, 0.7159920334815979, -0.016831332817673683, 0.44828882813453674, 0.6718409061431885, -0.008812985382974148, 0.4883243143558502, 0.7002955675125122, -0.0019928705878555775, 0.4851742684841156, 0.7460283041000366, -0.015983181074261665, 0.4745287001132965, 0.7136772871017456, -0.01273303758352995, 0.4688120484352112, 0.6795691251754761, -0.005293537396937609]",[]
"[0.4263836443424225, 0.47215867042541504, 3.230842438028958e-08, 0.43796443939208984, 0.5200495719909668, -0.01814064383506775, 0.43881136178970337, 0.5540845394134521, -0.032925937324762344, 0.4365280568599701, 0.5615884065628052, -0.046872347593307495, 0.4326842129230499, 0.5423490405082703, -0.0605468675494194, 0.40691202878952026, 0.5435090065002441, -0.029765618965029716, 0.38779550790786743, 0.5711366534233093, -0.05244246497750282, 0.3848767876625061, 0.5645160675048828, -0.06805334240198135, 0.3889244496822357, 0.5465881824493408, -0.07636705785989761, 0.39581042528152466, 0.5104995965957642, -0.030244717374444008, 0.38166654109954834, 0.5218216776847839, -0.057299040257930756, 0.39074695110321045, 0.4975670874118805, -0.06870019435882568, 0.40493643283843994, 0.47061485052108765, -0.07197106629610062, 0.38938575983047485, 0.4783303141593933, -0.032175399363040924, 0.37986353039741516, 0.47506165504455566, -0.05646589770913124, 0.3893176317214966, 0.4511653184890747, -0.05965229123830795, 0.40398815274238586, 0.4298112690448761, -0.05632263794541359, 0.38840141892433167, 0.44976550340652466, -0.03525193780660629, 0.3770665228366852, 0.4381442964076996, -0.05137446150183678, 0.3809998035430908, 0.42398181557655334, -0.05135725066065788, 0.3907833993434906, 0.40890470147132874, -0.0478808619081974]","[0.44106027483940125, 0.5720540285110474, -1.850865629648979e-07, 0.40741166472435, 0.6171969771385193, -0.010737238451838493, 0.3902122676372528, 0.6959936022758484, -0.011502545326948166, 0.3904263973236084, 0.7629148960113525, -0.013432763516902924, 0.4017335772514343, 0.8125452995300293, -0.014824233017861843, 0.41820257902145386, 0.7474715709686279, 0.005493806209415197, 0.42137855291366577, 0.8022521734237671, -0.009833531454205513, 0.42032769322395325, 0.8003622889518738, -0.020122196525335312, 0.415554404258728, 0.7750393748283386, -0.02370510809123516, 0.44265061616897583, 0.7422634363174438, 0.0049001541920006275, 0.4466071128845215, 0.7986792325973511, -0.014732157811522484, 0.4396800100803375, 0.7478122711181641, -0.0221487395465374, 0.43262779712677, 0.6974605917930603, -0.0204777829349041, 0.46687552332878113, 0.727706253528595, 0.0010986968409270048, 0.4691731333732605, 0.773999810218811, -0.019999371841549873, 0.45913776755332947, 0.720505952835083, -0.018985740840435028, 0.45226800441741943, 0.676295280456543, -0.010937720537185669, 0.4920439124107361, 0.7030552625656128, -0.003439802909269929, 0.48875564336776733, 0.7501227855682373, -0.017815081402659416, 0.47807765007019043, 0.716203510761261, -0.014453302137553692, 0.47271209955215454, 0.682514488697052, -0.007171597331762314]"
"[0.42651501297950745, 0.4781345725059509, 4.9146947844747046e-08, 0.44126635789871216, 0.5240020751953125, -0.020370682701468468, 0.4480842649936676, 0.5562930107116699, -0.036571137607097626, 0.4475374221801758, 0.5637190341949463, -0.05157050862908363, 0.4420821964740753, 0.548863410949707, -0.0663679763674736, 0.407420814037323, 0.5557102560997009, -0.0318027138710022, 0.38934919238090515, 0.5818271040916443, -0.05442831292748451, 0.38346561789512634, 0.5777952075004578, -0.0699726864695549, 0.3832874596118927, 0.5664190053939819, -0.0787976011633873, 0.3941047787666321, 0.5221679210662842, -0.031954940408468246, 0.38027703762054443, 0.5293079614639282, -0.06162905693054199, 0.39199915528297424, 0.49973049759864807, -0.07330657541751862, 0.4078220725059509, 0.46993497014045715, -0.07570488750934601, 0.38603246212005615, 0.48958495259284973, -0.03369685634970665, 0.3787288963794708, 0.4818245768547058, -0.06134924292564392, 0.3927018344402313, 0.4522057771682739, -0.06385212391614914, 0.40930670499801636, 0.4286084473133087, -0.05869246646761894, 0.38449999690055847, 0.4601719379425049, -0.03666109964251518, 0.3754146695137024, 0.44313132762908936, -0.05514054745435715, 0.382953405380249, 0.42579394578933716, -0.05456547066569328, 0.39405354857444763, 0.410730242729187, -0.04976090416312218]","[0.4383572041988373, 0.5858309268951416, -1.8665879508716898e-07, 0.40441179275512695, 0.6255624890327454, -0.011617887765169144, 0.38687753677368164, 0.701207160949707, -0.013520562089979649, 0.38561490178108215, 0.7667549848556519, -0.016526103019714355, 0.39452242851257324, 0.8157878518104553, -0.018922297284007072, 0.41753339767456055, 0.7521929740905762, 0.0025791977532207966, 0.4217292368412018, 0.8098387718200684, -0.01420189905911684, 0.41761520504951477, 0.8073368668556213, -0.02499525062739849, 0.4115206003189087, 0.7756413221359253, -0.028146225959062576, 0.44115814566612244, 0.7455478310585022, 0.0025831093080341816, 0.44437041878700256, 0.8029503226280212, -0.017406180500984192, 0.436288058757782, 0.7528598308563232, -0.024161256849765778, 0.4309251010417938, 0.7021143436431885, -0.02207532338798046, 0.4645589590072632, 0.7308284044265747, -0.0007478652405552566, 0.46466612815856934, 0.7778005003929138, -0.022370515391230583, 0.45421677827835083, 0.7249113321304321, -0.02093626745045185, 0.4493910074234009, 0.6794201135635376, -0.012508152052760124, 0.48971736431121826, 0.7076227068901062, -0.0048807780258357525, 0.4849105477333069, 0.756812572479248, -0.019429095089435577, 0.473930299282074, 0.7246386408805847, -0.015923039987683296, 0.47008854150772095, 0.6899863481521606, -0.008487789891660213]"
"[0.4332050085067749, 0.589430570602417, -1.6524386126093304e-07, 0.40101420879364014, 0.631026029586792, -0.010200240649282932, 0.38241830468177795, 0.705195963382721, -0.010816048830747604, 0.3801538348197937, 0.7694258689880371, -0.012927486561238766, 0.38943082094192505, 0.81833416223526, -0.014780867844820023, 0.4112532436847687, 0.7551807761192322, 0.0052829827181994915, 0.4125715494155884, 0.8124390840530396, -0.011564004234969616, 0.41081008315086365, 0.8071325421333313, -0.022788716480135918, 0.4061221480369568, 0.7766158580780029, -0.026697201654314995, 0.4336736798286438, 0.7505350112915039, 0.004350626841187477, 0.43616852164268494, 0.8062503337860107, -0.01640143431723118, 0.4321112036705017, 0.7542638182640076, -0.023801295086741447, 0.427135705947876, 0.7036035656929016, -0.0222419872879982, 0.4568850100040436, 0.7372963428497314, 6.703299004584551e-05, 0.45846959948539734, 0.7858482599258423, -0.02264806069433689, 0.4502832591533661, 0.7291659712791443, -0.021269310265779495, 0.44434645771980286, 0.6819148063659668, -0.012735496275126934, 0.4820711612701416, 0.7160987257957458, -0.004972504917532206, 0.48064684867858887, 0.7634653449058533, -0.021497681736946106, 0.47047892212867737, 0.729957640171051, -0.018890298902988434, 0.46429988741874695, 0.695884644985199, -0.011791258119046688]","[0.41788166761398315, 0.4679316282272339, -5.626623789112273e-08, 0.4299149215221405, 0.5100101232528687, -0.01701492816209793, 0.43802088499069214, 0.5455603003501892, -0.03191358596086502, 0.44272151589393616, 0.560394823551178, -0.04626568406820297, 0.44015800952911377, 0.5533691048622131, -0.06024938449263573, 0.3967207670211792, 0.5562303066253662, -0.027892030775547028, 0.38348472118377686, 0.5868308544158936, -0.049732793122529984, 0.38086146116256714, 0.5791485905647278, -0.06425100564956665, 0.382236123085022, 0.5668534636497498, -0.07201830297708511, 0.38368019461631775, 0.52277010679245, -0.02963515929877758, 0.3780047297477722, 0.5278574228286743, -0.057985879480838776, 0.3939492702484131, 0.49822843074798584, -0.06817348301410675, 0.41126859188079834, 0.4730212688446045, -0.06929728388786316, 0.3768627345561981, 0.4884685277938843, -0.03294882923364639, 0.3775239586830139, 0.48019975423812866, -0.05966791883111, 0.3944697976112366, 0.45225977897644043, -0.060993093997240067, 0.41157445311546326, 0.43334969878196716, -0.05490918457508087, 0.3765236735343933, 0.4577271640300751, -0.03727671876549721, 0.3740619719028473, 0.4427168369293213, -0.055140357464551926, 0.38490036129951477, 0.4242404103279114, -0.053610194474458694, 0.3969446122646332, 0.4111630916595459, -0.047796525061130524]"
"[0.4321099817752838, 0.5887556076049805, -1.8517839350806753e-07, 0.39765599370002747, 0.6394258737564087, -0.006221194285899401, 0.3769223392009735, 0.7105943560600281, -0.005811444018036127, 0.3735266625881195, 0.7731022238731384, -0.007979711517691612, 0.38230741024017334, 0.8194065093994141, -0.009843092411756516, 0.4021826386451721, 0.7625769376754761, 0.009864545427262783, 0.40275460481643677, 0.8198841214179993, -0.006552131846547127, 0.40396180748939514, 0.8102648854255676, -0.018231814727187157, 0.40208321809768677, 0.77801114320755, -0.022799303755164146, 0.4262489974498749, 0.7578956484794617, 0.006745951250195503, 0.42760589718818665, 0.8103607296943665, -0.01468142680823803, 0.42671507596969604, 0.7573856115341187, -0.023054474964737892, 0.42282456159591675, 0.7054985761642456, -0.022245066240429878, 0.44986459612846375, 0.7448962926864624, 0.0005180836888030171, 0.4514150619506836, 0.787929117679596, -0.021208323538303375, 0.44545865058898926, 0.734418511390686, -0.020195841789245605, 0.43939468264579773, 0.689818799495697, -0.01230555772781372, 0.47479474544525146, 0.7247592806816101, -0.0063126650638878345, 0.47403478622436523, 0.7665860056877136, -0.020388228818774223, 0.4657086133956909, 0.7314055562019348, -0.01698533073067665, 0.4591541290283203, 0.6985947489738464, -0.009857245720922947]","[0.41677922010421753, 0.4608723521232605, -5.1150664148735814e-08, 0.4258913993835449, 0.5013078451156616, -0.014953172765672207, 0.42827388644218445, 0.5400803089141846, -0.02729630470275879, 0.4282802939414978, 0.5630171895027161, -0.039165839552879333, 0.42399531602859497, 0.5662999153137207, -0.05031541362404823, 0.39674845337867737, 0.5438633561134338, -0.02494785375893116, 0.38408681750297546, 0.5827215909957886, -0.04662935435771942, 0.38012808561325073, 0.5782478451728821, -0.06076151132583618, 0.38333314657211304, 0.5613862872123718, -0.06753948330879211, 0.38600048422813416, 0.5141110420227051, -0.02643974870443344, 0.3750419616699219, 0.5279183387756348, -0.05317717045545578, 0.38825923204421997, 0.5038527250289917, -0.06320663541555405, 0.4061293601989746, 0.47892454266548157, -0.064487986266613, 0.3797985911369324, 0.4824015498161316, -0.029463699087500572, 0.3755112588405609, 0.4803382158279419, -0.05502459779381752, 0.3897480070590973, 0.45591410994529724, -0.05749226734042168, 0.40607935190200806, 0.4372412860393524, -0.05257822945713997, 0.3783745765686035, 0.4531154930591583, -0.03319653868675232, 0.37291932106018066, 0.4416102170944214, -0.05079811438918114, 0.3809511661529541, 0.4244767427444458, -0.05082957446575165, 0.3921601474285126, 0.40983331203460693, -0.046449363231658936]"
"[0.429188996553421, 0.5988507270812988, -2.5046915652637836e-07, 0.3949664235115051, 0.6492025852203369, -0.007445850875228643, 0.370597779750824, 0.7177138328552246, -0.007904116064310074, 0.36144325137138367, 0.7780311703681946, -0.010526658967137337, 0.37078696489334106, 0.8217202425003052, -0.012541945092380047, 0.38687095046043396, 0.7715643644332886, 0.007847202010452747, 0.38673415780067444, 0.8265997171401978, -0.009260086342692375, 0.39711543917655945, 0.8071828484535217, -0.022127429023385048, 0.40240979194641113, 0.7668401002883911, -0.02713359333574772, 0.4115622043609619, 0.7679638862609863, 0.005782607477158308, 0.415822833776474, 0.8168768882751465, -0.013418584130704403, 0.42109277844429016, 0.7698082327842712, -0.021886304020881653, 0.41827911138534546, 0.7206680178642273, -0.021917065605521202, 0.43556490540504456, 0.7557837963104248, 0.0005808569258078933, 0.4415420889854431, 0.7949621081352234, -0.017871130257844925, 0.440150648355484, 0.7483558654785156, -0.01741662621498108, 0.4337541460990906, 0.7059662938117981, -0.01098380982875824, 0.4593791365623474, 0.7374464273452759, -0.005502220708876848, 0.4624623656272888, 0.7731929421424866, -0.017152778804302216, 0.45756077766418457, 0.7403141260147095, -0.01365115586668253, 0.4504365622997284, 0.7085728645324707, -0.006835443899035454]",[]
"[0.4400075078010559, 0.5791569352149963, 7.72047386021768e-08, 0.40039485692977905, 0.6362132430076599, -0.011156969703733921, 0.3728020489215851, 0.6962180137634277, -0.011822148226201534, 0.3598060607910156, 0.7570725679397583, -0.013548493385314941, 0.3621479868888855, 0.809164822101593, -0.014865787699818611, 0.3900728225708008, 0.7405803203582764, 0.01628878526389599, 0.38309746980667114, 0.793069064617157, 0.0067842579446733, 0.39005765318870544, 0.7956644296646118, -0.0034697449300438166, 0.39560285210609436, 0.7808554768562317, -0.008231664076447487, 0.4109781086444855, 0.7462406158447266, 0.019174758344888687, 0.41035476326942444, 0.7980596423149109, 0.005844751838594675, 0.41694292426109314, 0.7674710750579834, -0.0043318010866642, 0.4175738990306854, 0.7303631901741028, -0.006107107270509005, 0.43055853247642517, 0.7430156469345093, 0.018873577937483788, 0.4337961673736572, 0.7899572253227234, 0.004524486139416695, 0.4355138838291168, 0.7535639405250549, 0.0023553245700895786, 0.43227800726890564, 0.7133775353431702, 0.006805230863392353, 0.4494176506996155, 0.7319199442863464, 0.017483986914157867, 0.4510066509246826, 0.7683666348457336, 0.0068454076535999775, 0.4505356252193451, 0.7428037524223328, 0.007207049988210201, 0.44548991322517395, 0.7119908332824707, 0.012064010836184025]","[0.43089383840560913, 0.622974157333374, -1.9319099919812288e-07, 0.39432287216186523, 0.6514423489570618, -0.016060996800661087, 0.3648783564567566, 0.7120805978775024, -0.017623603343963623, 0.35300764441490173, 0.7767619490623474, -0.019132930785417557, 0.3536145091056824, 0.8286967873573303, -0.019341308623552322, 0.3741775453090668, 0.7689598202705383, 0.004283670336008072, 0.3660071790218353, 0.829510509967804, -0.012046439573168755, 0.38091689348220825, 0.820182204246521, -0.022702986374497414, 0.39144790172576904, 0.7882394790649414, -0.026271259412169456, 0.3977641463279724, 0.771826982498169, 0.007678327616304159, 0.40309852361679077, 0.8201490640640259, -0.01253656018525362, 0.4136185050010681, 0.776110053062439, -0.02097775973379612, 0.41301244497299194, 0.7298345565795898, -0.02029534988105297, 0.4209069609642029, 0.7660310864448547, 0.0070914700627326965, 0.4288868308067322, 0.8005350828170776, -0.014559833332896233, 0.4329248368740082, 0.752895176410675, -0.015782903879880905, 0.428836464881897, 0.7112555503845215, -0.009331689216196537, 0.4439246654510498, 0.753582239151001, 0.005245288368314505, 0.44899311661720276, 0.781078577041626, -0.010709675960242748, 0.4503512382507324, 0.7448741793632507, -0.010378655046224594, 0.4455791413784027, 0.7118990421295166, -0.004704230930656195]"
"[0.4331352114677429, 0.6361104249954224, -1.82208040655496e-07, 0.39878517389297485, 0.6566917896270752, -0.024585340172052383, 0.3668840825557709, 0.7108539938926697, -0.02917916141450405, 0.3516201674938202, 0.7794545292854309, -0.0317404679954052, 0.3501148521900177, 0.8362037539482117, -0.03226931393146515, 0.36977842450141907, 0.7735919952392578, 0.0005539951380342245, 0.36296385526657104, 0.8348198533058167, -0.016295375302433968, 0.3814818263053894, 0.8209247589111328, -0.027387989684939384, 0.39351993799209595, 0.7874903678894043, -0.031084146350622177, 0.3939131498336792, 0.7760279774665833, 0.00914918351918459, 0.4010544419288635, 0.826347291469574, -0.01240906585007906, 0.41443541646003723, 0.7832557559013367, -0.022445475682616234, 0.4158332943916321, 0.7363132238388062, -0.022503793239593506, 0.41636988520622253, 0.7713223695755005, 0.012936101295053959, 0.4272231459617615, 0.8058485984802246, -0.010426975786685944, 0.43360161781311035, 0.7598174810409546, -0.014389353804290295, 0.4311510920524597, 0.7164723873138428, -0.009128685109317303, 0.43744370341300964, 0.7619215846061707, 0.014933294616639614, 0.44441741704940796, 0.7857812643051147, -0.0021748635917901993, 0.4482407569885254, 0.7519772052764893, -0.004523760639131069, 0.44491657614707947, 0.718070924282074, -0.00038845697417855263]","[0.44223862886428833, 0.5846539735794067, 3.738490406135497e-08, 0.4033550024032593, 0.6405833959579468, -0.016115466132760048, 0.37260720133781433, 0.6980953812599182, -0.017916524782776833, 0.3575958013534546, 0.7640073895454407, -0.019468482583761215, 0.3603035509586334, 0.8202947974205017, -0.020024526864290237, 0.38244396448135376, 0.7421352863311768, 0.0162632018327713, 0.37670570611953735, 0.7977629899978638, 0.006927900947630405, 0.3903193473815918, 0.797960638999939, -0.0035727848298847675, 0.40052396059036255, 0.7825477123260498, -0.008346544578671455, 0.4030788242816925, 0.7479420304298401, 0.022907957434654236, 0.4062804877758026, 0.803316593170166, 0.009603079408407211, 0.41656693816185, 0.7718972563743591, -0.0012895248364657164, 0.41824954748153687, 0.7372352480888367, -0.0034114979207515717, 0.4227491617202759, 0.7455062866210938, 0.02591874450445175, 0.4308643043041229, 0.792712390422821, 0.011173712089657784, 0.4346247911453247, 0.7554003596305847, 0.008268056437373161, 0.4317474067211151, 0.7168986797332764, 0.012551063671708107, 0.4419657289981842, 0.7371461987495422, 0.02758268266916275, 0.4471355676651001, 0.7721578478813171, 0.01716514863073826, 0.44878122210502625, 0.7446303367614746, 0.017325395718216896, 0.4434847831726074, 0.7143579721450806, 0.022244218736886978]"
"[0.43604975938796997, 0.6297067999839783, -1.3381415442381694e-07, 0.408517986536026, 0.6687074303627014, -0.02928970754146576, 0.37591204047203064, 0.7228438854217529, -0.03407092019915581, 0.35623374581336975, 0.7894002199172974, -0.03486116975545883, 0.3499448895454407, 0.8476760387420654, -0.03291355073451996, 0.3627152740955353, 0.7643595337867737, 0.004752956796437502, 0.36911702156066895, 0.8349381685256958, -0.009526297450065613, 0.3931262493133545, 0.8196133375167847, -0.020204506814479828, 0.4050537049770355, 0.7850257158279419, -0.02275543287396431, 0.383078008890152, 0.7650547027587891, 0.019508903846144676, 0.39807021617889404, 0.8303982019424438, 0.0019322134321555495, 0.4148370623588562, 0.795670747756958, -0.009157596156001091, 0.4189518690109253, 0.7571443319320679, -0.009795194491744041, 0.40351974964141846, 0.7623406648635864, 0.02939625084400177, 0.42244952917099, 0.807934582233429, 0.010239274241030216, 0.4316311776638031, 0.7713844776153564, 0.004250568337738514, 0.43086597323417664, 0.7326878309249878, 0.008127287030220032, 0.4217503070831299, 0.7584570050239563, 0.03737102821469307, 0.4359237551689148, 0.7899944186210632, 0.024138271808624268, 0.441537082195282, 0.7621458172798157, 0.021456938236951828, 0.43913906812667847, 0.7302131056785583, 0.025631526485085487]",[]
"[0.43494531512260437, 0.5959532856941223, -8.614348701030394e-08, 0.41880595684051514, 0.6688186526298523, -0.02662532962858677, 0.3936401903629303, 0.7303407788276672, -0.029010875150561333, 0.3715422451496124, 0.7965311408042908, -0.02660071849822998, 0.3602367341518402, 0.851475179195404, -0.02049591764807701, 0.3554263412952423, 0.7603762149810791, 0.00910923071205616, 0.36673346161842346, 0.8338581323623657, 0.005062739830464125, 0.39040809869766235, 0.8194564580917358, -0.0007424002978950739, 0.40021657943725586, 0.7895392775535583, -0.0008233544649556279, 0.36687707901000977, 0.7514640092849731, 0.02643781341612339, 0.38413238525390625, 0.826965868473053, 0.018078049644827843, 0.4033421576023102, 0.802219033241272, 0.007964740507304668, 0.41145506501197815, 0.7711937427520752, 0.006493824999779463, 0.38243892788887024, 0.7431756854057312, 0.04035906121134758, 0.3965185880661011, 0.8075479865074158, 0.033103447407484055, 0.41056424379348755, 0.7885094881057739, 0.026484409347176552, 0.4153386652469635, 0.7594505548477173, 0.027335459366440773, 0.39933672547340393, 0.7377245426177979, 0.05272359773516655, 0.39545631408691406, 0.7802811861038208, 0.052626870572566986, 0.3889812231063843, 0.7905112504959106, 0.050544120371341705, 0.3781423568725586, 0.7948935627937317, 0.052351243793964386]",[]
"[0.4352115988731384, 0.571223795413971, 1.6976036931737326e-07, 0.43343788385391235, 0.6522532105445862, -0.028452768921852112, 0.41288402676582336, 0.7223697304725647, -0.028921715915203094, 0.39128226041793823, 0.7947547435760498, -0.02518189325928688, 0.380952388048172, 0.8511850833892822, -0.018131505697965622, 0.3699699640274048, 0.7440161108970642, 0.018649058416485786, 0.3539756238460541, 0.8083505034446716, 0.0219853725284338, 0.36686405539512634, 0.8412907719612122, 0.019074371084570885, 0.37908411026000977, 0.8574210405349731, 0.017912529408931732, 0.37747475504875183, 0.7379398345947266, 0.035120610147714615, 0.366531103849411, 0.812933087348938, 0.035514507442712784, 0.38649412989616394, 0.8253470659255981, 0.027253128588199615, 0.399143248796463, 0.8151117563247681, 0.025063103064894676, 0.3915748596191406, 0.7348979711532593, 0.04674013331532478, 0.3864179253578186, 0.7951630353927612, 0.043940916657447815, 0.4015735983848572, 0.7982532978057861, 0.03394029662013054, 0.4088597297668457, 0.7894653081893921, 0.03085983730852604, 0.4082113802433014, 0.7347496747970581, 0.0560295432806015, 0.4050336480140686, 0.7715919613838196, 0.0555533692240715, 0.41070976853370667, 0.7696113586425781, 0.05168010666966438, 0.41029417514801025, 0.7594043016433716, 0.05138945206999779]",[]
"[0.438408225774765, 0.6616376638412476, -2.087856643129271e-07, 0.4340863823890686, 0.7027242183685303, -0.045259710401296616, 0.41475093364715576, 0.7570467591285706, -0.05801939219236374, 0.39551296830177307, 0.8148751854896545, -0.06254871934652328, 0.381966233253479, 0.8645243048667908, -0.0631481260061264, 0.3652476668357849, 0.7744893431663513, -0.023675281554460526, 0.3703901767730713, 0.8644288182258606, -0.03682884946465492, 0.39413923025131226, 0.8505290746688843, -0.04522281140089035, 0.4036386013031006, 0.8187446594238281, -0.04789832979440689, 0.37532904744148254, 0.7829640507698059, -0.00040107424138113856, 0.38154059648513794, 0.8599058389663696, -0.017185518518090248, 0.4047652781009674, 0.8391512632369995, -0.029258860275149345, 0.41273966431617737, 0.8093258738517761, -0.03286033868789673, 0.3878806233406067, 0.7896549701690674, 0.01864195242524147, 0.3959590494632721, 0.8473425507545471, 0.00023258289729710668, 0.41500401496887207, 0.8265233039855957, -0.010525834746658802, 0.42131543159484863, 0.7950360774993896, -0.011903710663318634, 0.3985532224178314, 0.7977430820465088, 0.034911125898361206, 0.4067460000514984, 0.8416475057601929, 0.019815972074866295, 0.4185997545719147, 0.823670506477356, 0.012085587717592716, 0.42050349712371826, 0.7942489385604858, 0.01135088037699461]",[]
"[0.4339241087436676, 0.5908955335617065, -2.0299854952554597e-07, 0.42281749844551086, 0.6018460392951965, -0.05018987879157066, 0.4067668318748474, 0.6477593183517456, -0.0683133602142334, 0.39879685640335083, 0.7040425539016724, -0.07799971103668213, 0.3925313651561737, 0.7550750374794006, -0.084247887134552, 0.359892338514328, 0.7134637832641602, -0.03693579509854317, 0.371132493019104, 0.7916840314865112, -0.060120221227407455, 0.39786678552627563, 0.7891326546669006, -0.07621873915195465, 0.4131619930267334, 0.7655229568481445, -0.0836586207151413, 0.37492868304252625, 0.729485273361206, -0.01701500080525875, 0.38163310289382935, 0.7995564937591553, -0.04120917618274689, 0.4071546196937561, 0.7808144092559814, -0.056057482957839966, 0.4189894199371338, 0.7505814433097839, -0.06089482456445694, 0.3916003108024597, 0.7383214831352234, -0.002353228395804763, 0.40069377422332764, 0.7894167900085449, -0.027028830721974373, 0.4209286868572235, 0.7640174627304077, -0.03847252205014229, 0.42837387323379517, 0.7322183847427368, -0.03962777927517891, 0.407578706741333, 0.7432129383087158, 0.008822924457490444, 0.4159187376499176, 0.7799662947654724, -0.00953609123826027, 0.426283061504364, 0.7624245882034302, -0.01729988493025303, 0.4278985559940338, 0.7365062236785889, -0.018066629767417908]",[]
"[0.43023890256881714, 0.6802327036857605, -2.011543074331712e-07, 0.434390127658844, 0.7127737998962402, -0.052626028656959534, 0.4186249077320099, 0.7647283673286438, -0.06929654628038406, 0.40126925706863403, 0.8215166330337524, -0.07549789547920227, 0.38618484139442444, 0.8712608218193054, -0.07709801197052002, 0.36347559094429016, 0.7845115065574646, -0.03813273459672928, 0.3696795105934143, 0.8789215683937073, -0.05140836164355278, 0.3935394287109375, 0.8658644556999207, -0.0567416213452816, 0.4036397337913513, 0.8344175219535828, -0.0573076568543911, 0.3675701916217804, 0.7929595708847046, -0.011259235441684723, 0.3769497275352478, 0.8707680702209473, -0.027232510969042778, 0.40197083353996277, 0.8495706915855408, -0.035127345472574234, 0.4106858968734741, 0.8195470571517944, -0.03586653992533684, 0.37592458724975586, 0.8006359338760376, 0.011173976585268974, 0.3888848125934601, 0.858154833316803, -0.007718244101852179, 0.4102964699268341, 0.8331182599067688, -0.01615452580153942, 0.41634097695350647, 0.8027011156082153, -0.016029002144932747, 0.3843449652194977, 0.8133972883224487, 0.030455701053142548, 0.39652347564697266, 0.8521909713745117, 0.013347648084163666, 0.41135236620903015, 0.832624614238739, 0.0053261625580489635, 0.41444313526153564, 0.804535984992981, 0.0046057202853262424]",[]
"[0.42239633202552795, 0.6925380229949951, -1.5840987543924712e-07, 0.43229779601097107, 0.721401572227478, -0.050918057560920715, 0.4191773533821106, 0.7693861126899719, -0.06767299026250839, 0.4018365442752838, 0.8228442668914795, -0.0733087882399559, 0.3869886100292206, 0.8705815076828003, -0.07446444779634476, 0.3628191649913788, 0.7874721884727478, -0.04427759721875191, 0.36725878715515137, 0.8797434568405151, -0.054152313619852066, 0.38959118723869324, 0.8785660266876221, -0.05382809415459633, 0.40144142508506775, 0.8523029685020447, -0.050666145980358124, 0.3611934781074524, 0.7935956716537476, -0.017498623579740524, 0.3736899197101593, 0.8727641701698303, -0.029659360647201538, 0.3992447257041931, 0.8556073904037476, -0.031319014728069305, 0.40740662813186646, 0.8275126218795776, -0.028144625946879387, 0.3653319776058197, 0.7999217510223389, 0.0055779218673706055, 0.3854089677333832, 0.8580820560455322, -0.009335854090750217, 0.405716210603714, 0.8366467952728271, -0.013503256253898144, 0.40924277901649475, 0.8106433153152466, -0.011711076833307743, 0.3701864182949066, 0.8113482594490051, 0.025599295273423195, 0.38874608278274536, 0.8497564196586609, 0.009931878186762333, 0.4033525586128235, 0.8327785730361938, 0.003512671682983637, 0.4049009084701538, 0.8093585968017578, 0.0035842121578752995]",[]
"[0.4185379147529602, 0.6940983533859253, -2.138516208560759e-07, 0.4290241301059723, 0.7230069041252136, -0.04836281016469002, 0.41672974824905396, 0.7705090641975403, -0.06598050147294998, 0.399594247341156, 0.8240705728530884, -0.07302847504615784, 0.3845847547054291, 0.8720316290855408, -0.07566419988870621, 0.3612518608570099, 0.7833721041679382, -0.048403434455394745, 0.3691784143447876, 0.8781144022941589, -0.060498762875795364, 0.3903282582759857, 0.8648298978805542, -0.06043342128396034, 0.3975989818572998, 0.8324936032295227, -0.05733482912182808, 0.35611698031425476, 0.7851074934005737, -0.023661892861127853, 0.37150201201438904, 0.8659429550170898, -0.03763982653617859, 0.3955191373825073, 0.8444269299507141, -0.037922684103250504, 0.40062418580055237, 0.8174931406974792, -0.03430150821805, 0.35876283049583435, 0.7891695499420166, -0.002095447387546301, 0.38246577978134155, 0.8482517600059509, -0.017990246415138245, 0.4027213752269745, 0.8253964781761169, -0.01852327026426792, 0.4045916795730591, 0.801196277141571, -0.014883163385093212, 0.3633909225463867, 0.7990971207618713, 0.016656387597322464, 0.3840387761592865, 0.8428550958633423, 0.0013281663414090872, 0.39939308166503906, 0.8232731819152832, -0.002081101993098855, 0.400447815656662, 0.7994260787963867, -0.00028386403573676944]",[]
"[0.43194204568862915, 0.6615762114524841, -2.171369715142646e-07, 0.4416540861129761, 0.6989015936851501, -0.049687884747982025, 0.4275139570236206, 0.7538995742797852, -0.06679503619670868, 0.4084373116493225, 0.8110586404800415, -0.07388809323310852, 0.3909216523170471, 0.8526168465614319, -0.07618242502212524, 0.3672081232070923, 0.7755348086357117, -0.0400150865316391, 0.36751776933670044, 0.8715358376502991, -0.05205665901303291, 0.3918205201625824, 0.8585889339447021, -0.056522585451602936, 0.40135082602500916, 0.8270915746688843, -0.057107649743556976, 0.3659042418003082, 0.7787295579910278, -0.014761296100914478, 0.37425509095191956, 0.8564876914024353, -0.026765627786517143, 0.3990248143672943, 0.8375511765480042, -0.03104979358613491, 0.4052479863166809, 0.8122933506965637, -0.0310751311480999, 0.3717747926712036, 0.7819849252700806, 0.006545679178088903, 0.3870953321456909, 0.840688943862915, -0.007867786101996899, 0.4076089859008789, 0.8201144933700562, -0.012302198447287083, 0.41282108426094055, 0.79422926902771, -0.011656890623271465, 0.3800247013568878, 0.7917196750640869, 0.02471509948372841, 0.39268946647644043, 0.8356062173843384, 0.01207653246819973, 0.408206582069397, 0.8192886114120483, 0.00796507764607668, 0.4116307497024536, 0.7947438955307007, 0.008494219742715359]",[]
"[0.44042059779167175, 0.6400454640388489, -2.1369814362515172e-07, 0.4490705132484436, 0.6864001154899597, -0.047356605529785156, 0.43347328901290894, 0.7433875799179077, -0.06257427483797073, 0.4153619408607483, 0.8018583059310913, -0.06860038638114929, 0.4004673659801483, 0.8494292497634888, -0.06983876973390579, 0.37408447265625, 0.7654368281364441, -0.03225323557853699, 0.38067740201950073, 0.8583386540412903, -0.04272416979074478, 0.4048128128051758, 0.8368195295333862, -0.047965820878744125, 0.40907469391822815, 0.8042516112327576, -0.04999764263629913, 0.37404483556747437, 0.7663514018058777, -0.008212262764573097, 0.3838678300380707, 0.8481578826904297, -0.021606992930173874, 0.4082207679748535, 0.8254262208938599, -0.02920469641685486, 0.41337254643440247, 0.7979385256767273, -0.03145281970500946, 0.38148990273475647, 0.7679693102836609, 0.012085312977433205, 0.39517462253570557, 0.8317676186561584, -0.0035881863441318274, 0.4154869019985199, 0.8108600974082947, -0.009999142028391361, 0.4199782609939575, 0.7827510237693787, -0.010385016910731792, 0.3908139169216156, 0.7758341431617737, 0.029404805973172188, 0.40403056144714355, 0.821832001209259, 0.015381062403321266, 0.4182301163673401, 0.8047791123390198, 0.009643109515309334, 0.4203152358531952, 0.7782965898513794, 0.009142843075096607]",[]
"[0.4503074288368225, 0.636925220489502, -2.0969032732409687e-07, 0.4507160484790802, 0.6767139434814453, -0.04928036406636238, 0.4341091513633728, 0.7318989634513855, -0.06496486067771912, 0.41627275943756104, 0.7924906611442566, -0.07195837795734406, 0.40248143672943115, 0.8461706638336182, -0.07425439357757568, 0.3789149224758148, 0.7562199831008911, -0.0285255778580904, 0.38731011748313904, 0.8476420640945435, -0.04359359294176102, 0.4091513752937317, 0.822671115398407, -0.05215262994170189, 0.4129626750946045, 0.7877089977264404, -0.05521902069449425, 0.3859633207321167, 0.766755223274231, -0.004799386952072382, 0.39386290311813354, 0.8473921418190002, -0.023235725238919258, 0.4163508415222168, 0.8192905187606812, -0.034356918185949326, 0.42053136229515076, 0.7882024645805359, -0.03745892271399498, 0.39689821004867554, 0.7744173407554626, 0.01417182944715023, 0.4057460129261017, 0.8359757661819458, -0.0057390001602470875, 0.4247136116027832, 0.8093633651733398, -0.014422154054045677, 0.4278438687324524, 0.7783454060554504, -0.014786696061491966, 0.4071582555770874, 0.7839801907539368, 0.029909860342741013, 0.4161760210990906, 0.8298397064208984, 0.013880191370844841, 0.4287378191947937, 0.8067481517791748, 0.006925397086888552, 0.4292503297328949, 0.7755874991416931, 0.006338206585496664]",[]
"[0.447521835565567, 0.5858284831047058, -7.673327928614526e-08, 0.4467718005180359, 0.658532977104187, -0.024398047477006912, 0.4294321835041046, 0.7223681807518005, -0.028084974735975266, 0.410645991563797, 0.7866003513336182, -0.02873249538242817, 0.40056508779525757, 0.8338759541511536, -0.024910010397434235, 0.3808877766132355, 0.7643500566482544, 0.007364300545305014, 0.376164048910141, 0.842737078666687, 0.0007934446330182254, 0.3973976671695709, 0.8406546115875244, -0.0055969879031181335, 0.4126376211643219, 0.8218216896057129, -0.007799086626619101, 0.38794082403182983, 0.7683854103088379, 0.019319329410791397, 0.38988780975341797, 0.8337926864624023, 0.012645168229937553, 0.4103633463382721, 0.8128452301025391, 0.005032659042626619, 0.41967085003852844, 0.7863975763320923, 0.003120285691693425, 0.3976602852344513, 0.7702873349189758, 0.026889348402619362, 0.4026098847389221, 0.8207314014434814, 0.018060417845845222, 0.41764721274375916, 0.7963038086891174, 0.012680304236710072, 0.42401349544525146, 0.7684322595596313, 0.013147220015525818, 0.4073595702648163, 0.7716144323348999, 0.03234870359301567, 0.40964213013648987, 0.8137742877006531, 0.02688693441450596, 0.4211999773979187, 0.7965831160545349, 0.025510180741548538, 0.42464980483055115, 0.7732773423194885, 0.028073282912373543]",[]
"[0.43715864419937134, 0.6367136240005493, -1.9388153305044398e-07, 0.42837268114089966, 0.6847037672996521, -0.04027742147445679, 0.4039513170719147, 0.7404344081878662, -0.05049632117152214, 0.3835715055465698, 0.7959383726119995, -0.053740765899419785, 0.3728678226470947, 0.8434577584266663, -0.0535784587264061, 0.3599183261394501, 0.7688192129135132, -0.015355754643678665, 0.373929888010025, 0.8521280288696289, -0.03218977525830269, 0.39809033274650574, 0.8305279016494751, -0.043218422681093216, 0.4056858718395233, 0.7909246683120728, -0.04583171755075455, 0.3714837431907654, 0.7695838809013367, 0.005366410128772259, 0.3866099417209625, 0.8470945358276367, -0.014199399389326572, 0.41027674078941345, 0.8199129104614258, -0.025886977091431618, 0.416936993598938, 0.7853684425354004, -0.027264561504125595, 0.3854594826698303, 0.7696483135223389, 0.021441658958792686, 0.40232449769973755, 0.8287647366523743, 0.00045809533912688494, 0.4221014380455017, 0.8033312559127808, -0.007891115732491016, 0.4254421293735504, 0.7700649499893188, -0.005700171925127506, 0.39896634221076965, 0.7716686725616455, 0.03513918071985245, 0.4116709530353546, 0.8192139863967896, 0.020285600796341896, 0.4237844944000244, 0.7977924346923828, 0.015412443317472935, 0.42458245158195496, 0.7665826082229614, 0.018122179433703423]",[]
[],"[0.4321112036705017, 0.6402262449264526, -3.4698803119681543e-07, 0.4135796129703522, 0.6888124346733093, -0.01613217033445835, 0.385848730802536, 0.7363423109054565, -0.021049031987786293, 0.370989054441452, 0.7875386476516724, -0.025555836036801338, 0.3674409091472626, 0.8295344114303589, -0.027527552098035812, 0.34612396359443665, 0.771840512752533, -0.002995741553604603, 0.36817994713783264, 0.8461211323738098, -0.0217890627682209, 0.39752450585365295, 0.8173270225524902, -0.03155584633350372, 0.405622273683548, 0.7769516706466675, -0.0334627702832222, 0.35853657126426697, 0.7657468318939209, 0.00020710661192424595, 0.39355483651161194, 0.8428390026092529, -0.02320089377462864, 0.4178723692893982, 0.7989926934242249, -0.030873293057084084, 0.4199952483177185, 0.7588624954223633, -0.029563749209046364, 0.3760903477668762, 0.7563381195068359, 0.0001806163927540183, 0.4085384011268616, 0.8233674168586731, -0.024841297417879105, 0.4275786280632019, 0.7802340984344482, -0.025937596336007118, 0.4280005097389221, 0.7370667457580566, -0.01815674640238285, 0.39556965231895447, 0.7459622025489807, -0.0006156796007417142, 0.3991398513317108, 0.8037232160568237, -0.017028016969561577, 0.39671310782432556, 0.7975316047668457, -0.017871418967843056, 0.38658878207206726, 0.7820273637771606, -0.012553827837109566]"
"[0.4372580349445343, 0.6279044151306152, -1.2084147726909578e-07, 0.407766729593277, 0.6581658124923706, -0.02480480447411537, 0.3749406039714813, 0.7116860747337341, -0.028939317911863327, 0.35899797081947327, 0.7808973789215088, -0.030726978555321693, 0.35064488649368286, 0.8363372087478638, -0.029796872287988663, 0.3717624247074127, 0.7695724368095398, 0.0029260192532092333, 0.3632500469684601, 0.8307967782020569, -0.013410262763500214, 0.3817826211452484, 0.8215505480766296, -0.024436302483081818, 0.39318743348121643, 0.7891315221786499, -0.02805090881884098, 0.3962998390197754, 0.7702282667160034, 0.01183383259922266, 0.4011167585849762, 0.8259423971176147, -0.008707280270755291, 0.41578635573387146, 0.7892313003540039, -0.018901662901043892, 0.4168740510940552, 0.7460284233093262, -0.019166791811585426, 0.4182269871234894, 0.7636565566062927, 0.01588093675673008, 0.429240345954895, 0.8030841946601868, -0.005544437561184168, 0.43608832359313965, 0.7674768567085266, -0.00933131668716669, 0.43236058950424194, 0.7306399345397949, -0.004428472835570574, 0.4379887580871582, 0.7531324028968811, 0.01801729016005993, 0.4460744261741638, 0.7842651605606079, 0.0038681980222463608, 0.44904226064682007, 0.7577147483825684, 0.002961523598060012, 0.4436064660549164, 0.7276471257209778, 0.007659763563424349]",[]
"[0.42719385027885437, 0.5894895792007446, -2.5977593054449244e-07, 0.4027975797653198, 0.6097806692123413, -0.04786394536495209, 0.36976900696754456, 0.6660919785499573, -0.0623311772942543, 0.3543977439403534, 0.7407540082931519, -0.07020695507526398, 0.35400015115737915, 0.8028504848480225, -0.07407746464014053, 0.34581422805786133, 0.7346852421760559, -0.021881934255361557, 0.35330119729042053, 0.8137860894203186, -0.05180469527840614, 0.3880537748336792, 0.7946415543556213, -0.06906908005475998, 0.40459829568862915, 0.7582430839538574, -0.07412935793399811, 0.3653686046600342, 0.7443366050720215, -0.003414931008592248, 0.3887099325656891, 0.8066189885139465, -0.03879910334944725, 0.4153655767440796, 0.7579382061958313, -0.05229346454143524, 0.4194214344024658, 0.7104613184928894, -0.05040503293275833, 0.3849298357963562, 0.7498526573181152, 0.007940989919006824, 0.41229596734046936, 0.7912878394126892, -0.02716624177992344, 0.42737865447998047, 0.7421361804008484, -0.03221699222922325, 0.42367932200431824, 0.6952186226844788, -0.023570800200104713, 0.4034743309020996, 0.7509113550186157, 0.0157353226095438, 0.4199104905128479, 0.7843819260597229, -0.008427982218563557, 0.43063199520111084, 0.7496921420097351, -0.011257797479629517, 0.42959171533584595, 0.7102190256118774, -0.00424297945573926]",[]
"[0.44420289993286133, 0.5956422090530396, -1.8146859304124519e-07, 0.4102261960506439, 0.6501387357711792, -0.008027504198253155, 0.3838734030723572, 0.720844030380249, -0.008461968973279, 0.37263476848602295, 0.7784067392349243, -0.010670443065464497, 0.3734566867351532, 0.8248286843299866, -0.012105308473110199, 0.39433836936950684, 0.7699117660522461, 0.007430689875036478, 0.3923163414001465, 0.8213872909545898, -0.008607828058302402, 0.40479159355163574, 0.8033224940299988, -0.020843571051955223, 0.41342103481292725, 0.7677018046379089, -0.025730838999152184, 0.41911011934280396, 0.767011284828186, 0.006178868003189564, 0.425358384847641, 0.808628499507904, -0.010815317742526531, 0.4320462942123413, 0.7668467164039612, -0.019160650670528412, 0.43104490637779236, 0.7254995107650757, -0.02024858444929123, 0.44334474205970764, 0.7550152540206909, 0.0018029867205768824, 0.450663298368454, 0.7854115962982178, -0.013842846266925335, 0.45133471488952637, 0.7441667318344116, -0.013067051768302917, 0.4474889636039734, 0.7083670496940613, -0.007790560368448496, 0.46841666102409363, 0.7364331483840942, -0.00365406833589077, 0.4710959792137146, 0.7644626498222351, -0.01210745982825756, 0.4679230749607086, 0.7350869178771973, -0.007920547388494015, 0.46251919865608215, 0.7098979949951172, -0.0015701373340561986]",[]
"[0.4503084421157837, 0.5770902037620544, -2.0626998775696848e-07, 0.41767117381095886, 0.6327093243598938, -0.004387520719319582, 0.39895209670066833, 0.7064352035522461, -0.003052470972761512, 0.3941798210144043, 0.7629407048225403, -0.00427616061642766, 0.3981645703315735, 0.8061252236366272, -0.004919491242617369, 0.41803881525993347, 0.752216100692749, 0.010657898150384426, 0.4201242923736572, 0.8055934906005859, -0.003525159088894725, 0.42596450448036194, 0.7859944105148315, -0.013872480019927025, 0.42669492959976196, 0.7477582693099976, -0.017514823004603386, 0.4416576027870178, 0.7460328936576843, 0.00790667999535799, 0.4457455277442932, 0.7924609184265137, -0.009027915075421333, 0.44632449746131897, 0.7442539930343628, -0.01624552719295025, 0.4416794180870056, 0.6989027261734009, -0.015645494684576988, 0.46453583240509033, 0.7322906851768494, 0.0024738952051848173, 0.4685123860836029, 0.7727604508399963, -0.01415412500500679, 0.4641324281692505, 0.724306583404541, -0.012777711264789104, 0.45803403854370117, 0.6842686533927917, -0.006131905131042004, 0.48770058155059814, 0.7115044593811035, -0.003468368435278535, 0.4876967668533325, 0.7495169043540955, -0.014047008939087391, 0.4818645417690277, 0.7160364985466003, -0.009894123300909996, 0.47640177607536316, 0.6862255930900574, -0.002826109528541565]",[]
"[0.4411449730396271, 0.4288468360900879, -1.403078719874884e-08, 0.458455890417099, 0.46533119678497314, -0.020224621519446373, 0.4654482305049896, 0.4971362054347992, -0.03651198372244835, 0.46688729524612427, 0.5090226531028748, -0.05175429582595825, 0.46222609281539917, 0.5108331441879272, -0.06576787680387497, 0.4263589680194855, 0.528731107711792, -0.030690297484397888, 0.4028017222881317, 0.5726610422134399, -0.05420473963022232, 0.4001277685165405, 0.5528970956802368, -0.0689215436577797, 0.407450407743454, 0.5242019891738892, -0.07550747692584991, 0.4115428030490875, 0.49769294261932373, -0.030534187331795692, 0.38937199115753174, 0.5175318717956543, -0.05838995799422264, 0.40019458532333374, 0.48263823986053467, -0.06932652741670609, 0.41682690382003784, 0.45352014899253845, -0.0709383487701416, 0.40247684717178345, 0.4652353823184967, -0.03231579065322876, 0.38456812500953674, 0.4696105420589447, -0.05803138017654419, 0.3961309790611267, 0.4392016530036926, -0.06099800020456314, 0.4125184416770935, 0.41827672719955444, -0.05642902851104736, 0.39885929226875305, 0.4340411424636841, -0.03511333093047142, 0.38354647159576416, 0.4298609793186188, -0.0526961013674736, 0.3871752619743347, 0.4110164940357208, -0.05235671624541283, 0.3959389328956604, 0.39478427171707153, -0.04751898720860481]","[0.45376718044281006, 0.5717601180076599, -1.6420082715740136e-07, 0.42198991775512695, 0.6247511506080627, -0.007602510042488575, 0.40276962518692017, 0.6990413069725037, -0.007342956494539976, 0.4013766348361969, 0.7597887516021729, -0.009425142779946327, 0.41572242975234985, 0.7955013513565063, -0.011367066763341427, 0.42500025033950806, 0.738979160785675, 0.010640190914273262, 0.4261305332183838, 0.7928627729415894, -0.004049041774123907, 0.43027132749557495, 0.7907332181930542, -0.01454060897231102, 0.4304092228412628, 0.767657995223999, -0.01836935617029667, 0.4507407546043396, 0.7342540621757507, 0.008424535393714905, 0.45663315057754517, 0.7856860756874084, -0.010489825159311295, 0.45470094680786133, 0.7360965013504028, -0.018007852137088776, 0.4479249119758606, 0.6889645457267761, -0.016565272584557533, 0.4754018187522888, 0.7194624543190002, 0.003013067413121462, 0.47869133949279785, 0.7649363875389099, -0.017414536327123642, 0.472713828086853, 0.7127088904380798, -0.016038814559578896, 0.465185284614563, 0.6685919761657715, -0.0077708568423986435, 0.5000887513160706, 0.6953872442245483, -0.003025946207344532, 0.4999695420265198, 0.7414429187774658, -0.016027186065912247, 0.493144690990448, 0.7095377445220947, -0.011618156917393208, 0.48735901713371277, 0.6761910915374756, -0.0037134159356355667]"
"[0.45740416646003723, 0.429293155670166, -1.4164916350978274e-08, 0.4787719249725342, 0.46173474192619324, -0.02952496148645878, 0.4850757122039795, 0.4961472153663635, -0.05048650503158569, 0.48124516010284424, 0.5089861154556274, -0.06900959461927414, 0.4654475450515747, 0.5142768025398254, -0.08622433990240097, 0.43088582158088684, 0.5296905040740967, -0.04003297537565231, 0.40289440751075745, 0.5730546116828918, -0.06741636246442795, 0.39930620789527893, 0.554440975189209, -0.08456447720527649, 0.40762418508529663, 0.5248784422874451, -0.09250002354383469, 0.41425979137420654, 0.49677038192749023, -0.03677135705947876, 0.3881559371948242, 0.5079302191734314, -0.07086218148469925, 0.4030176103115082, 0.4722377359867096, -0.08570050448179245, 0.42455247044563293, 0.4461902678012848, -0.0889768898487091, 0.4045935571193695, 0.46380963921546936, -0.036030203104019165, 0.38559606671333313, 0.4606681764125824, -0.06808224320411682, 0.40149378776550293, 0.42757976055145264, -0.07285165786743164, 0.4214092195034027, 0.4073978662490845, -0.06808404624462128, 0.40161561965942383, 0.4348257780075073, -0.036829620599746704, 0.38432905077934265, 0.4268554747104645, -0.059747084975242615, 0.3915456533432007, 0.40273115038871765, -0.060299865901470184, 0.40439391136169434, 0.3848826289176941, -0.054793521761894226]","[0.45333805680274963, 0.5781986117362976, -1.793515593817574e-07, 0.42148977518081665, 0.6205868721008301, -0.011176140047609806, 0.40186962485313416, 0.6936529874801636, -0.011971699073910713, 0.3963080048561096, 0.7572799324989319, -0.013979067094624043, 0.4059624671936035, 0.8050845265388489, -0.015611602924764156, 0.42632654309272766, 0.7408011555671692, 0.004103885963559151, 0.4251161515712738, 0.7994562387466431, -0.012156780809164047, 0.4272075891494751, 0.7939850091934204, -0.02300512045621872, 0.4266265630722046, 0.766782283782959, -0.02692084200680256, 0.4486633539199829, 0.7353885769844055, 0.003803502768278122, 0.45292672514915466, 0.789888322353363, -0.016128744930028915, 0.45092323422431946, 0.7409663796424866, -0.023795681074261665, 0.44513392448425293, 0.6940072178840637, -0.022755680605769157, 0.47163739800453186, 0.7209997773170471, 0.00022645507124252617, 0.4749617576599121, 0.7652679681777954, -0.021707432344555855, 0.46928662061691284, 0.7123013138771057, -0.02102847397327423, 0.4627184569835663, 0.6692059636116028, -0.013346848078072071, 0.49617600440979004, 0.6988732814788818, -0.004165366757661104, 0.4957014322280884, 0.7410703301429749, -0.020011767745018005, 0.488099068403244, 0.707336962223053, -0.017649583518505096, 0.48216643929481506, 0.6749482154846191, -0.011012022383511066]"
"[0.4391239881515503, 0.4330281615257263, -3.81466058740898e-08, 0.4572950601577759, 0.4708191752433777, -0.02277287095785141, 0.46569687128067017, 0.5072885751724243, -0.04135993868112564, 0.4668775498867035, 0.5180891156196594, -0.05881238356232643, 0.45707398653030396, 0.5143385529518127, -0.07547998428344727, 0.4196758568286896, 0.5316141247749329, -0.033703409135341644, 0.39808326959609985, 0.5709601640701294, -0.05942748859524727, 0.39482995867729187, 0.5555328130722046, -0.07685410231351852, 0.4013673961162567, 0.528364360332489, -0.08544006943702698, 0.40457355976104736, 0.49850115180015564, -0.03315310552716255, 0.38591766357421875, 0.5088904500007629, -0.06382810324430466, 0.3998304009437561, 0.4768531024456024, -0.07707256078720093, 0.41948673129081726, 0.45040038228034973, -0.08009655028581619, 0.39549964666366577, 0.46389734745025635, -0.03465411812067032, 0.3844098746776581, 0.4632790684700012, -0.06309152394533157, 0.4004772901535034, 0.4330059289932251, -0.06647403538227081, 0.4194192588329315, 0.41316866874694824, -0.06174004077911377, 0.3919014036655426, 0.431499719619751, -0.037369128316640854, 0.3808707296848297, 0.42362967133522034, -0.05689985677599907, 0.39009448885917664, 0.4029703736305237, -0.05615157261490822, 0.4032231569290161, 0.38773536682128906, -0.0505896732211113]","[0.44827571511268616, 0.5769649147987366, -1.8234409537853935e-07, 0.41505521535873413, 0.6268614530563354, -0.006355502177029848, 0.3952954113483429, 0.6988049149513245, -0.005279130302369595, 0.3911753296852112, 0.759917140007019, -0.006717032752931118, 0.3986274302005768, 0.8056461811065674, -0.007999468594789505, 0.4167006015777588, 0.7461981773376465, 0.011109334416687489, 0.4147917926311493, 0.8032699227333069, -0.004707756452262402, 0.4193418323993683, 0.8005080819129944, -0.015770452097058296, 0.42044270038604736, 0.7740856409072876, -0.019686054438352585, 0.44095608592033386, 0.740943431854248, 0.008343754336237907, 0.4448899030685425, 0.7947419881820679, -0.012347403913736343, 0.445325642824173, 0.742904543876648, -0.019971737638115883, 0.4399247169494629, 0.6939595341682434, -0.01812024600803852, 0.4644283354282379, 0.7270819544792175, 0.002436602022498846, 0.4677231013774872, 0.7700119018554688, -0.019616879522800446, 0.4636456072330475, 0.7155706882476807, -0.018141398206353188, 0.4569823443889618, 0.6720471382141113, -0.00935402698814869, 0.48841172456741333, 0.7058948278427124, -0.0039752209559082985, 0.4892716705799103, 0.7472044825553894, -0.018509134650230408, 0.48327499628067017, 0.7117763757705688, -0.014607824385166168, 0.47710487246513367, 0.679621696472168, -0.00666884845122695]"
"[0.44651344418525696, 0.5845011472702026, -2.0163260217032075e-07, 0.41265368461608887, 0.6267914175987244, -0.01042009238153696, 0.387782484292984, 0.6961479783058167, -0.010744075290858746, 0.38095179200172424, 0.758086621761322, -0.012605295516550541, 0.3861975073814392, 0.8072624206542969, -0.013830533251166344, 0.4028989374637604, 0.7475548386573792, 0.006647750269621611, 0.4002584218978882, 0.8067085146903992, -0.01086460705846548, 0.410134881734848, 0.7994423508644104, -0.02238391898572445, 0.41554856300354004, 0.7703033089637756, -0.026346055790781975, 0.4275335967540741, 0.746583878993988, 0.006016735453158617, 0.43283185362815857, 0.7947325110435486, -0.017463689669966698, 0.43927472829818726, 0.7416902780532837, -0.026180481538176537, 0.4356698989868164, 0.6910869479179382, -0.024510160088539124, 0.45117953419685364, 0.7378804087638855, 0.0018930459627881646, 0.458988755941391, 0.7753256559371948, -0.02271324023604393, 0.4591973125934601, 0.7187350392341614, -0.022582700476050377, 0.4518418312072754, 0.6723865270614624, -0.013960227370262146, 0.4748067557811737, 0.7231051921844482, -0.0029980794060975313, 0.47905799746513367, 0.7577935457229614, -0.020069854333996773, 0.4772144556045532, 0.7184796929359436, -0.017969895154237747, 0.47050538659095764, 0.6834080815315247, -0.010571775957942009]","[0.4249875545501709, 0.4475287199020386, -2.701787948922174e-08, 0.4445342719554901, 0.48372167348861694, -0.02446909062564373, 0.45461297035217285, 0.5179105997085571, -0.04313431680202484, 0.45706450939178467, 0.5311774611473083, -0.06001663580536842, 0.45036780834198, 0.5339140295982361, -0.07645929604768753, 0.40945637226104736, 0.5330111384391785, -0.03716880828142166, 0.39441534876823425, 0.5682398676872253, -0.062449339777231216, 0.3908134698867798, 0.5539600253105164, -0.08031909912824631, 0.39714547991752625, 0.5267601013183594, -0.08953454345464706, 0.3957243859767914, 0.4997834265232086, -0.03559630364179611, 0.38288822770118713, 0.5075269341468811, -0.0651395320892334, 0.39425867795944214, 0.47733569145202637, -0.08005315065383911, 0.41174736618995667, 0.4517323970794678, -0.08536376804113388, 0.38815513253211975, 0.46616360545158386, -0.03587937355041504, 0.38179636001586914, 0.46106693148612976, -0.06355839967727661, 0.3937622308731079, 0.43389350175857544, -0.07071740925312042, 0.4102933406829834, 0.4138287901878357, -0.06952770054340363, 0.3855837285518646, 0.43489643931388855, -0.03742382302880287, 0.3774715065956116, 0.42389896512031555, -0.057389117777347565, 0.38357412815093994, 0.40524572134017944, -0.06006435304880142, 0.3953738510608673, 0.389610230922699, -0.05774225667119026]"
"[0.44245755672454834, 0.5822906494140625, -2.0738585249091557e-07, 0.40858909487724304, 0.6308639049530029, -0.01059021521359682, 0.38225990533828735, 0.6981135606765747, -0.011820180341601372, 0.3719077408313751, 0.760166347026825, -0.014664207585155964, 0.3752744197845459, 0.8087769746780396, -0.016437141224741936, 0.3937091529369354, 0.7503998875617981, 0.006110542919486761, 0.3886372745037079, 0.811229944229126, -0.011761059053242207, 0.4016726613044739, 0.7992376089096069, -0.023730503395199776, 0.40960606932640076, 0.7650532722473145, -0.02787051722407341, 0.4190434217453003, 0.7479651570320129, 0.005353398155421019, 0.4229293167591095, 0.7993646264076233, -0.01710839569568634, 0.43063080310821533, 0.7487865090370178, -0.025656282901763916, 0.4283154308795929, 0.6980492472648621, -0.024237405508756638, 0.4433853030204773, 0.7368590831756592, 0.0011239650193601847, 0.4503597915172577, 0.7742470502853394, -0.021243151277303696, 0.45071226358413696, 0.7224124670028687, -0.020717790350317955, 0.44488343596458435, 0.677973210811615, -0.012551192194223404, 0.46742600202560425, 0.7196065783500671, -0.004072099458426237, 0.47036370635032654, 0.753312349319458, -0.018480150029063225, 0.468086302280426, 0.7165890336036682, -0.015121852047741413, 0.46233442425727844, 0.6832169890403748, -0.007314120419323444]",[]
"[0.4424399137496948, 0.5888000130653381, -2.0948182566371543e-07, 0.4103853106498718, 0.6254062056541443, -0.01614387519657612, 0.38115084171295166, 0.6909182071685791, -0.018323305994272232, 0.368576318025589, 0.7572786211967468, -0.020477604120969772, 0.3655870258808136, 0.8090927004814148, -0.020569564774632454, 0.3833124041557312, 0.7483813762664795, 0.0029261561576277018, 0.37629780173301697, 0.8108768463134766, -0.014856455847620964, 0.39369791746139526, 0.7976388931274414, -0.025487054139375687, 0.4047975242137909, 0.7655914425849915, -0.0287819541990757, 0.4069555699825287, 0.7481613755226135, 0.005910970736294985, 0.41640111804008484, 0.7973566651344299, -0.016070840880274773, 0.427063912153244, 0.7496076822280884, -0.023608412593603134, 0.4230543076992035, 0.7080179452896118, -0.022025976330041885, 0.4294983446598053, 0.7405017018318176, 0.004842444788664579, 0.4423685669898987, 0.7755213379859924, -0.01803400181233883, 0.4461892247200012, 0.7253774404525757, -0.017664799466729164, 0.43924322724342346, 0.6869054436683655, -0.009864521212875843, 0.4515896141529083, 0.7270122766494751, 0.002418265212327242, 0.4598754346370697, 0.7552486658096313, -0.01298478152602911, 0.46140554547309875, 0.7179884314537048, -0.011199459433555603, 0.45411330461502075, 0.6865424513816833, -0.004418154712766409]",[]
"[0.4371708631515503, 0.5919862389564514, -1.0614928669383517e-07, 0.41102635860443115, 0.6215665936470032, -0.028426023200154305, 0.38041865825653076, 0.6815115213394165, -0.0338144488632679, 0.3636871576309204, 0.7525233626365662, -0.03616097941994667, 0.3575705289840698, 0.812484622001648, -0.03555798530578613, 0.3746260106563568, 0.7421950101852417, 0.0018430297495797276, 0.3748215138912201, 0.8048454523086548, -0.015828533098101616, 0.3948008716106415, 0.7919344902038574, -0.026622295379638672, 0.40521231293678284, 0.7609145045280457, -0.029188230633735657, 0.39728137850761414, 0.7430439591407776, 0.013020362704992294, 0.41207513213157654, 0.7960842847824097, -0.009684866294264793, 0.4246879816055298, 0.7490792274475098, -0.018698574975132942, 0.4220690429210663, 0.7080827951431274, -0.016609637066721916, 0.4189658463001251, 0.7383725047111511, 0.01869729906320572, 0.4366777539253235, 0.7737448811531067, -0.006167544052004814, 0.442369282245636, 0.7272359728813171, -0.00911027379333973, 0.43585461378097534, 0.6901508569717407, -0.0018076121341437101, 0.43868812918663025, 0.7302588224411011, 0.022353148087859154, 0.45089688897132874, 0.756868839263916, 0.004852208774536848, 0.4535961449146271, 0.7223862409591675, 0.0032724160701036453, 0.4464598596096039, 0.6920377612113953, 0.009074026718735695]",[]
"[0.437888503074646, 0.5898088216781616, -6.030863630712702e-08, 0.4145236313343048, 0.617621660232544, -0.03411146253347397, 0.38386186957359314, 0.6771265268325806, -0.04059823602437973, 0.36524710059165955, 0.7492058277130127, -0.04220707342028618, 0.3560502231121063, 0.8119667768478394, -0.040713343769311905, 0.3666240870952606, 0.7305543422698975, -0.0001524874969618395, 0.3666282892227173, 0.7924218773841858, -0.015539806336164474, 0.38728272914886475, 0.7876457571983337, -0.024632293730974197, 0.3986133635044098, 0.7646887302398682, -0.026422856375575066, 0.387449711561203, 0.7349650859832764, 0.014729959890246391, 0.4012685716152191, 0.7968255877494812, -0.005706134717911482, 0.41996151208877563, 0.7547762989997864, -0.013514216989278793, 0.42232248187065125, 0.7152019739151001, -0.010283663868904114, 0.40839141607284546, 0.73256516456604, 0.023718640208244324, 0.4271925091743469, 0.7737715840339661, -0.00037778212572447956, 0.4380602240562439, 0.7301157116889954, -0.003889375599101186, 0.4341833293437958, 0.69399493932724, 0.003527960041537881, 0.42711737751960754, 0.726321816444397, 0.030400438234210014, 0.44118407368659973, 0.7580173015594482, 0.012842164374887943, 0.44729354977607727, 0.7253830432891846, 0.010595148429274559, 0.4420087933540344, 0.6950515508651733, 0.01625789888203144]",[]
"[0.4263286590576172, 0.5711013078689575, -1.8603414275730756e-07, 0.3901253342628479, 0.5978955030441284, -0.026075804606080055, 0.355068564414978, 0.6691884398460388, -0.03153926134109497, 0.3407391607761383, 0.7464545965194702, -0.035296205431222916, 0.34748148918151855, 0.8081850409507751, -0.037126876413822174, 0.36016589403152466, 0.7394840717315674, -0.0027805971913039684, 0.35075604915618896, 0.8125187158584595, -0.024886637926101685, 0.37094563245773315, 0.8125845789909363, -0.038974836468696594, 0.3873234987258911, 0.7872528433799744, -0.04383256286382675, 0.3848796784877777, 0.7455052137374878, 0.004159692209213972, 0.3975377380847931, 0.7982087135314941, -0.024200666695833206, 0.4106256663799286, 0.7417258620262146, -0.03510117903351784, 0.4069225490093231, 0.6888430714607239, -0.0338234007358551, 0.4101312458515167, 0.7444838285446167, 0.005933562759310007, 0.42510083317756653, 0.779475212097168, -0.02374090999364853, 0.4310564398765564, 0.7218744158744812, -0.02551504224538803, 0.4235619604587555, 0.6735050678253174, -0.01677260734140873, 0.43584930896759033, 0.7389305830001831, 0.00572217209264636, 0.444248765707016, 0.7705666422843933, -0.014589400961995125, 0.4477463662624359, 0.7291954755783081, -0.013825283385813236, 0.44138452410697937, 0.6897802352905273, -0.0061942050233483315]",[]
"[0.43763837218284607, 0.5857243537902832, -6.240468053420045e-08, 0.4174931049346924, 0.6327068209648132, -0.035617049783468246, 0.38667061924934387, 0.6907747387886047, -0.04006068781018257, 0.3645875155925751, 0.7534528970718384, -0.037723079323768616, 0.3542129099369049, 0.812215268611908, -0.03216144070029259, 0.35583990812301636, 0.7181827425956726, 0.0011400202056393027, 0.3608555793762207, 0.7907485365867615, -0.004435639828443527, 0.3824438154697418, 0.7822837829589844, -0.008678444661200047, 0.39306721091270447, 0.7552183270454407, -0.007273426745086908, 0.37234529852867126, 0.7168645262718201, 0.022339802235364914, 0.38297122716903687, 0.7916605472564697, 0.014634656719863415, 0.4026385545730591, 0.7682372331619263, 0.007783607114106417, 0.412085622549057, 0.7393465638160706, 0.0091873062774539, 0.3904260993003845, 0.7147791981697083, 0.038908667862415314, 0.4041658341884613, 0.7758128643035889, 0.027983607724308968, 0.41874831914901733, 0.7466523051261902, 0.02182767726480961, 0.422927588224411, 0.7155877947807312, 0.024353453889489174, 0.4079377055168152, 0.7155593037605286, 0.053302936255931854, 0.41615137457847595, 0.7647704482078552, 0.04460958391427994, 0.4240272045135498, 0.7457766532897949, 0.04137016832828522, 0.4248598515987396, 0.7201675772666931, 0.044675081968307495]",[]
"[0.43308985233306885, 0.588066816329956, -1.0231048719333558e-07, 0.41983601450920105, 0.632225513458252, -0.04214616119861603, 0.3937247395515442, 0.6917890906333923, -0.05076907202601433, 0.3710341453552246, 0.7559536695480347, -0.05179716646671295, 0.3578245937824249, 0.8139046430587769, -0.04925023391842842, 0.3531757593154907, 0.7253119945526123, -0.007865160703659058, 0.3603730797767639, 0.7995572686195374, -0.02062063105404377, 0.38416963815689087, 0.7834171056747437, -0.028929682448506355, 0.39507216215133667, 0.750558078289032, -0.029608534649014473, 0.3690105378627777, 0.7309381365776062, 0.014926023781299591, 0.38353419303894043, 0.8028620481491089, -0.00019391198293305933, 0.4060908555984497, 0.7733462452888489, -0.008601738139986992, 0.4136454463005066, 0.7377439141273499, -0.007086843252182007, 0.38603195548057556, 0.7336610555648804, 0.03215016797184944, 0.40222567319869995, 0.7885903120040894, 0.01504058949649334, 0.4191993474960327, 0.7581031918525696, 0.009266513399779797, 0.42270851135253906, 0.7247744798660278, 0.01322118565440178, 0.4008384346961975, 0.7360566258430481, 0.0464768260717392, 0.41385364532470703, 0.7780715823173523, 0.033525530248880386, 0.4245516061782837, 0.7531381249427795, 0.02983061596751213, 0.42484211921691895, 0.7230600118637085, 0.03370383009314537]",[]
"[0.43388602137565613, 0.5750893354415894, -1.0989651855197735e-07, 0.42547351121902466, 0.6287879943847656, -0.04482300207018852, 0.40155184268951416, 0.6917325258255005, -0.05322152376174927, 0.37783101201057434, 0.7577182054519653, -0.05339225009083748, 0.3616030216217041, 0.8155243396759033, -0.04900253936648369, 0.359099805355072, 0.7228330373764038, -0.007673786953091621, 0.36540839076042175, 0.8010134696960449, -0.017770033329725266, 0.39065757393836975, 0.7857180833816528, -0.024104680866003036, 0.40177541971206665, 0.7547369003295898, -0.024222252890467644, 0.3696736991405487, 0.7259142398834229, 0.017078112810850143, 0.38297906517982483, 0.8017752766609192, 0.0032621712889522314, 0.4064442217350006, 0.7765505909919739, -0.005460050888359547, 0.41356000304222107, 0.7426046133041382, -0.004857112653553486, 0.3829611539840698, 0.7280049920082092, 0.03613593056797981, 0.39891189336776733, 0.7863491773605347, 0.01918645203113556, 0.4168556332588196, 0.7583850622177124, 0.011343845166265965, 0.41911381483078003, 0.727574348449707, 0.013626325875520706, 0.3954367935657501, 0.7329443097114563, 0.05225570127367973, 0.40876099467277527, 0.777302622795105, 0.03914913907647133, 0.4189952611923218, 0.7525657415390015, 0.03401123732328415, 0.4166286587715149, 0.723114013671875, 0.03647834435105324]",[]
"[0.47356218099594116, 0.3941853642463684, 4.939325322084187e-07, 0.4554775059223175, 0.4526320695877075, -0.010209453292191029, 0.4281262457370758, 0.5183404088020325, -0.017653625458478928, 0.3910897374153137, 0.5561378002166748, -0.024372244253754616, 0.36367419362068176, 0.5905051231384277, -0.031248455867171288, 0.4277818202972412, 0.5924655795097351, -0.01639898680150509, 0.3965664207935333, 0.6742168664932251, -0.0297361109405756, 0.38003671169281006, 0.7348754405975342, -0.03904438763856888, 0.3676759600639343, 0.7764282822608948, -0.04629591479897499, 0.43316957354545593, 0.5801028609275818, -0.02116539515554905, 0.41263702511787415, 0.674984872341156, -0.03648817911744118, 0.39745718240737915, 0.738301157951355, -0.05148766562342644, 0.38439586758613586, 0.7793736457824707, -0.06216886639595032, 0.43761110305786133, 0.5461157560348511, -0.02650158293545246, 0.42581629753112793, 0.6218200922012329, -0.04824044927954674, 0.41540881991386414, 0.6747850179672241, -0.06934420019388199, 0.40734222531318665, 0.7095696926116943, -0.08355164527893066, 0.4397248327732086, 0.49783530831336975, -0.031192675232887268, 0.41601988673210144, 0.5071548819541931, -0.055092379450798035, 0.39831680059432983, 0.508396565914154, -0.07076007127761841, 0.3834582269191742, 0.5073673129081726, -0.08094032108783722]",[]
"[0.44810205698013306, 0.5987145900726318, -2.3241130975293345e-07, 0.4544477164745331, 0.648689329624176, -0.048449110239744186, 0.4402230978012085, 0.7040853500366211, -0.06539149582386017, 0.42431479692459106, 0.7623836398124695, -0.07359863072633743, 0.4094691574573517, 0.8102949857711792, -0.07711087912321091, 0.37216925621032715, 0.7218732237815857, -0.0320853590965271, 0.3894558548927307, 0.8194230794906616, -0.04689648002386093, 0.4125199019908905, 0.7974216938018799, -0.05558783933520317, 0.4154125154018402, 0.7630001306533813, -0.059082332998514175, 0.3751993775367737, 0.7289184331893921, -0.008319849148392677, 0.39531299471855164, 0.8124980926513672, -0.028302019461989403, 0.41738206148147583, 0.783010721206665, -0.03892195597290993, 0.4188252091407776, 0.7482129335403442, -0.041411854326725006, 0.38412997126579285, 0.73430997133255, 0.01134425587952137, 0.40440425276756287, 0.8012908697128296, -0.009157216176390648, 0.42276155948638916, 0.7779655456542969, -0.01643793284893036, 0.42411577701568604, 0.74562668800354, -0.01564456894993782, 0.3935871422290802, 0.7441853880882263, 0.027775879949331284, 0.41152358055114746, 0.7925533652305603, 0.010349435731768608, 0.4250633716583252, 0.7723597288131714, 0.003401917638257146, 0.42495274543762207, 0.740955114364624, 0.003607404651120305]",[]
"[0.4437362551689148, 0.6074105501174927, -3.1379175879919785e-07, 0.4599466323852539, 0.6567934155464172, -0.0444478765130043, 0.4483141303062439, 0.7120968699455261, -0.06135959550738335, 0.4308420419692993, 0.7713196873664856, -0.06957101821899414, 0.41907021403312683, 0.8243690729141235, -0.07313288748264313, 0.37754467129707336, 0.7257251143455505, -0.04143695905804634, 0.398922860622406, 0.8225226402282715, -0.05827512964606285, 0.42092904448509216, 0.7947512269020081, -0.06621046364307404, 0.42243772745132446, 0.7579121589660645, -0.06927818804979324, 0.37019842863082886, 0.7365142703056335, -0.02061578631401062, 0.39673951268196106, 0.8218173384666443, -0.04022716358304024, 0.4185622036457062, 0.7947499752044678, -0.04651352018117905, 0.41817283630371094, 0.7614253163337708, -0.04774634540081024, 0.3731176555156708, 0.7434002757072449, -0.0029800201300531626, 0.3978331387042999, 0.8188042640686035, -0.022141579538583755, 0.41760408878326416, 0.7971778512001038, -0.02387610450387001, 0.41757693886756897, 0.7657853364944458, -0.021196909248828888, 0.3803894519805908, 0.753666877746582, 0.011547986418008804, 0.3982405960559845, 0.8092490434646606, -0.005567742977291346, 0.41389748454093933, 0.7920368909835815, -0.010279005393385887, 0.4139900505542755, 0.7630043625831604, -0.009345512837171555]",[]
"[0.44140633940696716, 0.6053301095962524, -3.4928558534375043e-07, 0.4636862874031067, 0.6604771018028259, -0.035625163465738297, 0.45589080452919006, 0.7208032608032227, -0.05047372356057167, 0.44091084599494934, 0.7830420136451721, -0.057720184326171875, 0.4305136501789093, 0.8377460241317749, -0.06091821566224098, 0.38528895378112793, 0.7318507432937622, -0.0425410270690918, 0.408856600522995, 0.8318859934806824, -0.055982884019613266, 0.4292592704296112, 0.8002848029136658, -0.060287754982709885, 0.42864134907722473, 0.7643813490867615, -0.061528030782938004, 0.3736533224582672, 0.7361019253730774, -0.025996113196015358, 0.4025411307811737, 0.825157880783081, -0.04118308052420616, 0.42307624220848083, 0.7976396083831787, -0.043652553111314774, 0.42119765281677246, 0.7665491700172424, -0.04384792223572731, 0.3730056583881378, 0.7382431626319885, -0.011096794158220291, 0.39937636256217957, 0.8179914355278015, -0.025587324053049088, 0.41813308000564575, 0.7957818508148193, -0.023652976378798485, 0.4163523018360138, 0.7656528949737549, -0.02033664472401142, 0.3780639171600342, 0.7455235123634338, 0.0014521516859531403, 0.3968757688999176, 0.804047167301178, -0.012194005772471428, 0.41290992498397827, 0.786005437374115, -0.013920171186327934, 0.41239485144615173, 0.7573985457420349, -0.012095938436686993]",[]
"[0.4411796033382416, 0.608117401599884, -3.1056649163474503e-07, 0.4652283787727356, 0.6536574363708496, -0.03833054378628731, 0.459411084651947, 0.7158297896385193, -0.05501671880483627, 0.4482520818710327, 0.7825245261192322, -0.06348803639411926, 0.43927398324012756, 0.8375505208969116, -0.06834472715854645, 0.393008291721344, 0.7323347330093384, -0.04878618195652962, 0.4135400354862213, 0.8263788223266602, -0.06098209694027901, 0.43169966340065, 0.7969998121261597, -0.06373584270477295, 0.4298495650291443, 0.7641397714614868, -0.06437037885189056, 0.3799036145210266, 0.7353930473327637, -0.030996574088931084, 0.4073408544063568, 0.8211669921875, -0.04509156197309494, 0.4274407923221588, 0.7937141060829163, -0.047177329659461975, 0.425687700510025, 0.7642201781272888, -0.04759925231337547, 0.37900134921073914, 0.735986053943634, -0.014542070217430592, 0.40544047951698303, 0.8140960931777954, -0.02863392047584057, 0.4249349534511566, 0.7908427119255066, -0.02668403647840023, 0.42316684126853943, 0.7613321542739868, -0.023594511672854424, 0.3854862451553345, 0.7442309260368347, -0.00020349830447230488, 0.40547996759414673, 0.8053000569343567, -0.012879738584160805, 0.42082491517066956, 0.7872311472892761, -0.013597480021417141, 0.41889333724975586, 0.7593088150024414, -0.011953012086451054]",[]
"[0.4173790514469147, 0.5500711798667908, -1.395087281252927e-07, 0.37765270471572876, 0.6115842461585999, -0.008387820795178413, 0.35629773139953613, 0.6964791417121887, -0.007252620533108711, 0.3571469485759735, 0.7668500542640686, -0.00884266011416912, 0.3635200262069702, 0.815963089466095, -0.010527831502258778, 0.38121655583381653, 0.7515117526054382, 0.011999638751149178, 0.3823201358318329, 0.813034176826477, -0.0046960278414189816, 0.38821765780448914, 0.8210896253585815, -0.01793372817337513, 0.38976800441741943, 0.8021502494812012, -0.023475106805562973, 0.40953847765922546, 0.7466228008270264, 0.00958764087408781, 0.4177844524383545, 0.8059475421905518, -0.013118579983711243, 0.41567468643188477, 0.7577680945396423, -0.024294856935739517, 0.4069720506668091, 0.7005897164344788, -0.024553176015615463, 0.4367449879646301, 0.7315032482147217, 0.003835336770862341, 0.44346266984939575, 0.7756978869438171, -0.019517192617058754, 0.4361492395401001, 0.7228471040725708, -0.021080203354358673, 0.42606252431869507, 0.6699158549308777, -0.013926839455962181, 0.4651549160480499, 0.7084529399871826, -0.0027260100468993187, 0.4670756757259369, 0.7552598118782043, -0.0176829993724823, 0.45755815505981445, 0.7224071621894836, -0.01483988668769598, 0.44822317361831665, 0.6816695332527161, -0.007365572731941938]","[0.4257054924964905, 0.3053564131259918, 7.806264790133355e-08, 0.43833935260772705, 0.33551225066185, -0.031548500061035156, 0.43954962491989136, 0.36249393224716187, -0.052922140806913376, 0.4320269227027893, 0.36003419756889343, -0.07155225425958633, 0.41633090376853943, 0.3453250527381897, -0.08882695436477661, 0.3825168013572693, 0.3994429409503937, -0.03600702062249184, 0.35503703355789185, 0.4252420961856842, -0.05818258598446846, 0.35379403829574585, 0.3960064947605133, -0.07356613874435425, 0.3642390966415405, 0.3613259792327881, -0.08156218379735947, 0.3683100640773773, 0.36472249031066895, -0.030733704566955566, 0.3442055284976959, 0.36515966057777405, -0.05745261162519455, 0.3508705496788025, 0.33066943287849426, -0.0740058645606041, 0.3659512400627136, 0.3039954602718353, -0.08126775920391083, 0.36078116297721863, 0.32945454120635986, -0.028231091797351837, 0.3408578336238861, 0.32679155468940735, -0.051400844007730484, 0.34442582726478577, 0.29914140701293945, -0.06183561682701111, 0.3564472496509552, 0.27570173144340515, -0.06453769654035568, 0.35779470205307007, 0.296042799949646, -0.0279539804905653, 0.3398665487766266, 0.2829470932483673, -0.045691922307014465, 0.33882999420166016, 0.26365238428115845, -0.05220410227775574, 0.3458836078643799, 0.2462957501411438, -0.053499992936849594]"
"[0.44781967997550964, 0.6080219149589539, -2.9899956643930636e-07, 0.4673553705215454, 0.654234766960144, -0.037535157054662704, 0.4605616629123688, 0.7159156799316406, -0.05326543375849724, 0.45155414938926697, 0.782345175743103, -0.06087997183203697, 0.44254815578460693, 0.8367129564285278, -0.06452199071645737, 0.39314818382263184, 0.7315230369567871, -0.045594245195388794, 0.41686248779296875, 0.825371503829956, -0.05831609666347504, 0.43475860357284546, 0.7909796833992004, -0.061606455594301224, 0.4323880970478058, 0.7570760250091553, -0.06270169466733932, 0.3821808993816376, 0.734233021736145, -0.028149861842393875, 0.409966379404068, 0.8202694058418274, -0.04316912218928337, 0.4302842617034912, 0.7922707200050354, -0.04529622197151184, 0.4284217953681946, 0.7632007002830505, -0.0456884540617466, 0.3821406960487366, 0.7350371479988098, -0.012325502000749111, 0.4062472879886627, 0.8132045865058899, -0.026637760922312737, 0.4254944622516632, 0.7920206189155579, -0.024389341473579407, 0.42336827516555786, 0.7627078890800476, -0.021129129454493523, 0.3875599205493927, 0.7408881187438965, 0.0011577385012060404, 0.40567559003829956, 0.7997400760650635, -0.012569291517138481, 0.4215776324272156, 0.7832468748092651, -0.014500823803246021, 0.4197973608970642, 0.7551549673080444, -0.01319200824946165]",[]
"[0.4517754018306732, 0.6097208857536316, -2.7469508268040954e-07, 0.4588504433631897, 0.645627498626709, -0.04261959344148636, 0.45091938972473145, 0.7059546709060669, -0.05783414468169212, 0.44518133997917175, 0.7734770178794861, -0.06494590640068054, 0.43991991877555847, 0.8302546739578247, -0.06730302423238754, 0.3890167474746704, 0.7273517847061157, -0.03568287193775177, 0.4195730984210968, 0.815671443939209, -0.052842557430267334, 0.43286406993865967, 0.7831395268440247, -0.06030742824077606, 0.429389625787735, 0.7501956820487976, -0.06223449110984802, 0.3918758034706116, 0.7415695190429688, -0.015930475667119026, 0.4199928939342499, 0.8171772360801697, -0.03494814783334732, 0.4359975755214691, 0.7829491496086121, -0.041352495551109314, 0.43334439396858215, 0.7526320815086365, -0.041945260018110275, 0.3995678722858429, 0.7496704459190369, 0.00018784681742545217, 0.4233614206314087, 0.8124366998672485, -0.01868206076323986, 0.4380395710468292, 0.7826371788978577, -0.02074509672820568, 0.4346085488796234, 0.7547332644462585, -0.017591863870620728, 0.40811699628829956, 0.759697675704956, 0.013417409732937813, 0.4250311255455017, 0.8076041340827942, -0.0021602236665785313, 0.43617871403694153, 0.7845964431762695, -0.005754477344453335, 0.4321240484714508, 0.7581672668457031, -0.00402273703366518]",[]
"[0.45435914397239685, 0.60554039478302, -2.2165691859754588e-07, 0.4563104808330536, 0.6324148178100586, -0.04494045302271843, 0.4447110593318939, 0.6860042214393616, -0.05981867387890816, 0.4398597180843353, 0.7521998882293701, -0.06681671738624573, 0.43786826729774475, 0.8094629645347595, -0.06858384609222412, 0.3901292085647583, 0.725063681602478, -0.03066231869161129, 0.42264825105667114, 0.8020420670509338, -0.05092773213982582, 0.439584344625473, 0.7766188383102417, -0.058605387806892395, 0.44069957733154297, 0.7455294132232666, -0.059241194278001785, 0.39807385206222534, 0.742538571357727, -0.011036946438252926, 0.4296124577522278, 0.8040401339530945, -0.03549901768565178, 0.4456004202365875, 0.7620855569839478, -0.04288062825798988, 0.44391822814941406, 0.7299214601516724, -0.0412159189581871, 0.4092200696468353, 0.7547081112861633, 0.003709152340888977, 0.43677371740341187, 0.8049617409706116, -0.021288728341460228, 0.44978630542755127, 0.7652757167816162, -0.023464089259505272, 0.44796428084373474, 0.7350412607192993, -0.017437806352972984, 0.42163535952568054, 0.7658669948577881, 0.01529723685234785, 0.4397740066051483, 0.8029443025588989, -0.004406394436955452, 0.44850191473960876, 0.7732945084571838, -0.008532254956662655, 0.4451128840446472, 0.7462456226348877, -0.0050764428451657295]",[]
"[0.45534688234329224, 0.5856496095657349, -2.4966035994111735e-07, 0.45592087507247925, 0.606208324432373, -0.04787396267056465, 0.44604188203811646, 0.6579667925834656, -0.06606465578079224, 0.4426514506340027, 0.7184575796127319, -0.07603876292705536, 0.44309112429618835, 0.7720931172370911, -0.08166281878948212, 0.39439332485198975, 0.7265302538871765, -0.039150044322013855, 0.43196791410446167, 0.7874093055725098, -0.060894764959812164, 0.4504573941230774, 0.7552708387374878, -0.07153084874153137, 0.4527797996997833, 0.7203652858734131, -0.07493677735328674, 0.4057086110115051, 0.7413729429244995, -0.01880263164639473, 0.43801042437553406, 0.7947607040405273, -0.044233210384845734, 0.4549092948436737, 0.7507199048995972, -0.05615084990859032, 0.45589491724967957, 0.7178899049758911, -0.05894660949707031, 0.4184211194515228, 0.7510960698127747, -0.0026260691229254007, 0.44506093859672546, 0.7973006963729858, -0.027286792173981667, 0.4597965180873871, 0.7565271854400635, -0.03357027843594551, 0.4599989056587219, 0.7207199335098267, -0.03150191158056259, 0.4315457344055176, 0.757732629776001, 0.010335791856050491, 0.45022544264793396, 0.7915270924568176, -0.008845952339470387, 0.4599780738353729, 0.7614806890487671, -0.015090499073266983, 0.4577311873435974, 0.73210209608078, -0.014253434725105762]",[]
[],"[0.4943346679210663, 0.3030172288417816, 2.182050877763686e-07, 0.47422292828559875, 0.3359757661819458, -0.015374871902167797, 0.4497776925563812, 0.3736594021320343, -0.024495013058185577, 0.41564035415649414, 0.3936770558357239, -0.03238767012953758, 0.38704434037208557, 0.40209242701530457, -0.03883185237646103, 0.47090256214141846, 0.460079550743103, 0.0012354754144325852, 0.4252249002456665, 0.4715569019317627, -0.0061344304122030735, 0.40596339106559753, 0.4525980055332184, -0.016172677278518677, 0.3981477618217468, 0.42999130487442017, -0.022957688197493553, 0.47009196877479553, 0.44806575775146484, 0.00447545712813735, 0.4264100193977356, 0.4606613218784332, -0.001753476681187749, 0.4061572253704071, 0.44417232275009155, -0.011080521158874035, 0.39057642221450806, 0.4223514795303345, -0.01683841273188591, 0.4646070897579193, 0.42411312460899353, 0.005328625440597534, 0.4252912700176239, 0.44361457228660583, 0.0021784498821944, 0.4050750136375427, 0.43567168712615967, -0.00045562381274066865, 0.38999462127685547, 0.42705729603767395, -0.0021822911221534014, 0.45719850063323975, 0.38445019721984863, 0.0045249019749462605, 0.422818660736084, 0.4092805087566376, 0.004459456540644169, 0.40554389357566833, 0.4122045636177063, 0.006823908071964979, 0.3940468728542328, 0.41351214051246643, 0.008789461106061935]"
"[0.48679518699645996, 0.5187208652496338, -2.7420227866059577e-07, 0.4633113443851471, 0.5624251961708069, -0.02838451787829399, 0.44730669260025024, 0.6430686712265015, -0.03656376525759697, 0.45523127913475037, 0.715822696685791, -0.042585428804159164, 0.4699622094631195, 0.7741847038269043, -0.04443319886922836, 0.4614183306694031, 0.715263843536377, -0.0017695758724585176, 0.48209452629089355, 0.7656844258308411, -0.03046802058815956, 0.48926427960395813, 0.7089179754257202, -0.04627509415149689, 0.48356953263282776, 0.6613195538520813, -0.049971144646406174, 0.4859480559825897, 0.7068996429443359, 0.006041723303496838, 0.5079942345619202, 0.7477564215660095, -0.025746332481503487, 0.5067071914672852, 0.6802971363067627, -0.035823553800582886, 0.4955708682537079, 0.6407670378684998, -0.032236263155937195, 0.5077027678489685, 0.6927176713943481, 0.007627352140843868, 0.5285103917121887, 0.7190852761268616, -0.023146508261561394, 0.52171790599823, 0.6576681733131409, -0.02218225598335266, 0.5075693130493164, 0.6244530081748962, -0.010674607940018177, 0.5283696055412292, 0.6728156208992004, 0.006827722303569317, 0.5425086617469788, 0.6964771151542664, -0.013092546723783016, 0.5357335805892944, 0.6539859175682068, -0.012062160298228264, 0.5228022933006287, 0.6273182034492493, -0.003336859866976738]","[0.47422900795936584, 0.3577498197555542, 3.1822747814658214e-07, 0.4897612929344177, 0.4100295305252075, -0.03318607434630394, 0.4911544620990753, 0.48557811975479126, -0.04701301082968712, 0.4713263511657715, 0.5406450033187866, -0.056474119424819946, 0.44801706075668335, 0.5593692660331726, -0.06544969975948334, 0.47290730476379395, 0.5448265075683594, -0.02220245450735092, 0.48033246397972107, 0.6202252507209778, -0.03430608659982681, 0.48430100083351135, 0.6462987661361694, -0.04199598357081413, 0.4820632338523865, 0.6602434515953064, -0.04675768315792084, 0.45602259039878845, 0.5177170038223267, -0.01339887548238039, 0.457436203956604, 0.5790195465087891, -0.02530861087143421, 0.4537090063095093, 0.5901361107826233, -0.03497856482863426, 0.448635458946228, 0.5904879570007324, -0.04045681655406952, 0.4448615610599518, 0.4791449010372162, -0.008397696539759636, 0.4394271969795227, 0.5130791068077087, -0.029087094590067863, 0.4318113923072815, 0.4899255335330963, -0.042792923748493195, 0.42408037185668945, 0.4643043875694275, -0.048093654215335846, 0.4351244866847992, 0.43678367137908936, -0.005087578669190407, 0.428047776222229, 0.4569095969200134, -0.027910565957427025, 0.42102330923080444, 0.430789053440094, -0.039318349212408066, 0.41472408175468445, 0.39841508865356445, -0.043451856821775436]"
"[0.465715229511261, 0.4302452802658081, 4.839054312810731e-08, 0.49359312653541565, 0.4304594397544861, -0.02264862321317196, 0.5120725035667419, 0.42474693059921265, -0.0424516536295414, 0.5058639645576477, 0.40298908948898315, -0.06043613329529762, 0.48340460658073425, 0.3774135112762451, -0.0789099708199501, 0.48166629672050476, 0.4803116023540497, -0.03691693767905235, 0.4698270857334137, 0.4893001616001129, -0.05433591827750206, 0.4635798931121826, 0.47584080696105957, -0.06755748391151428, 0.45978766679763794, 0.45859551429748535, -0.07616332918405533, 0.45368465781211853, 0.4570367932319641, -0.03645086660981178, 0.4351154863834381, 0.4479415714740753, -0.054665457457304, 0.43194350600242615, 0.41839057207107544, -0.0648147463798523, 0.43170806765556335, 0.3912535309791565, -0.07072456181049347, 0.43202725052833557, 0.4299813508987427, -0.03715544193983078, 0.41485416889190674, 0.41144832968711853, -0.05837368220090866, 0.4123259484767914, 0.3796308636665344, -0.06415165215730667, 0.41533321142196655, 0.3516714870929718, -0.06476547569036484, 0.41696470975875854, 0.4010736644268036, -0.0389295369386673, 0.39943546056747437, 0.3764667510986328, -0.05665971711277962, 0.39885756373405457, 0.3485727310180664, -0.05832643434405327, 0.4040593206882477, 0.32435011863708496, -0.056930989027023315]","[0.4841322898864746, 0.5019837021827698, -2.752412626705336e-07, 0.46023136377334595, 0.5591762661933899, -0.01613960787653923, 0.44929271936416626, 0.6473175883293152, -0.020567048341035843, 0.4546872675418854, 0.7183665633201599, -0.025048691779375076, 0.471498042345047, 0.770761251449585, -0.02663514018058777, 0.48233431577682495, 0.7134965062141418, -0.0009940118761733174, 0.4953738749027252, 0.7627345323562622, -0.02448480948805809, 0.4916173815727234, 0.7069895267486572, -0.03701063618063927, 0.4826800227165222, 0.6609112620353699, -0.04012986272573471, 0.5082570910453796, 0.6934469938278198, -0.00032184019801206887, 0.5218460559844971, 0.7362216114997864, -0.02598903700709343, 0.5105251669883728, 0.66485595703125, -0.031143106520175934, 0.4974174201488495, 0.6234308481216431, -0.02644779533147812, 0.5319933295249939, 0.6647428870201111, -0.004091921728104353, 0.5450655221939087, 0.6986196637153625, -0.029568733647465706, 0.5283529162406921, 0.6351850628852844, -0.02350739575922489, 0.5140547752380371, 0.6022732257843018, -0.010970800183713436, 0.5543285012245178, 0.6276768445968628, -0.00921402033418417, 0.5620257258415222, 0.660270631313324, -0.025090057402849197, 0.5468761324882507, 0.6170743703842163, -0.018525226041674614, 0.5349247455596924, 0.5924974083900452, -0.007764323614537716]"
"[0.48989084362983704, 0.49491292238235474, -1.9149938168538938e-07, 0.4647431969642639, 0.5488296747207642, -0.015161531046032906, 0.457720011472702, 0.6406955122947693, -0.018432920798659325, 0.4659731686115265, 0.7098320126533508, -0.021530626341700554, 0.48146331310272217, 0.7633370757102966, -0.022328060120344162, 0.49759089946746826, 0.695501446723938, -0.0006745329010300338, 0.5084225535392761, 0.7491708993911743, -0.021595248952507973, 0.4978507161140442, 0.7079641819000244, -0.033224161714315414, 0.4872284233570099, 0.664951741695404, -0.03615080565214157, 0.5215074419975281, 0.6737388372421265, 4.576264109346084e-05, 0.5309163331985474, 0.7217311859130859, -0.023510124534368515, 0.513454020023346, 0.6579959988594055, -0.029488930478692055, 0.5008202195167542, 0.6135655045509338, -0.025799838826060295, 0.5436509847640991, 0.6430456042289734, -0.003187494119629264, 0.550550103187561, 0.6794319152832031, -0.028735967352986336, 0.5286988019943237, 0.6191057562828064, -0.024478930979967117, 0.515608549118042, 0.582673192024231, -0.01292445883154869, 0.5646395683288574, 0.6034512519836426, -0.00737726641818881, 0.5669057965278625, 0.6397905349731445, -0.02503751590847969, 0.5478725433349609, 0.598950982093811, -0.019723160192370415, 0.5373263955116272, 0.5719424486160278, -0.009633186273276806]",[]
"[0.4158550202846527, 0.5509750247001648, -9.77634542209671e-08, 0.38179636001586914, 0.6107071042060852, -0.006503451149910688, 0.3722696602344513, 0.692232608795166, -0.006591064389795065, 0.37825992703437805, 0.7570127248764038, -0.00973465759307146, 0.383542001247406, 0.8082841038703918, -0.012734130956232548, 0.407465398311615, 0.7482618689537048, 0.011959771625697613, 0.41728973388671875, 0.8069071173667908, -0.002907556015998125, 0.4129354655742645, 0.8225221633911133, -0.013734593987464905, 0.4046195149421692, 0.8092235922813416, -0.01776871643960476, 0.43058428168296814, 0.7388825416564941, 0.008044341579079628, 0.43925389647483826, 0.8058705925941467, -0.013373632915318012, 0.4246668517589569, 0.759504497051239, -0.022344613447785378, 0.4139467775821686, 0.7050546407699585, -0.020844651386141777, 0.45318663120269775, 0.7207498550415039, 0.0011152134975418448, 0.45696550607681274, 0.7767515778541565, -0.022487087175250053, 0.43977436423301697, 0.7252468466758728, -0.02302258461713791, 0.4307072162628174, 0.6732708215713501, -0.014866799116134644, 0.47719815373420715, 0.6939438581466675, -0.006230215076357126, 0.4759176969528198, 0.7510089874267578, -0.02307221107184887, 0.45926016569137573, 0.7226146459579468, -0.020642485469579697, 0.4504455327987671, 0.6821946501731873, -0.013130733743309975]","[0.3958440124988556, 0.2896459400653839, -1.4334116826830723e-07, 0.41664525866508484, 0.32705408334732056, -0.01743389666080475, 0.41113266348838806, 0.3606431484222412, -0.030674712732434273, 0.3989294171333313, 0.38268041610717773, -0.04220857098698616, 0.39513444900512695, 0.39405718445777893, -0.05267893522977829, 0.3751189708709717, 0.3898741602897644, -0.03429242596030235, 0.3553098738193512, 0.4212999939918518, -0.05468598008155823, 0.36124521493911743, 0.39431557059288025, -0.06459508836269379, 0.3766324818134308, 0.3619110584259033, -0.06798038631677628, 0.3615722358226776, 0.3582409620285034, -0.03455459326505661, 0.3481450378894806, 0.36077868938446045, -0.05952446907758713, 0.36286863684654236, 0.3272126317024231, -0.06696882098913193, 0.3823241889476776, 0.3004242777824402, -0.06775753945112228, 0.35426610708236694, 0.32400837540626526, -0.035963475704193115, 0.34425944089889526, 0.3163503110408783, -0.06018256023526192, 0.35609251260757446, 0.28622931241989136, -0.0621131993830204, 0.37173038721084595, 0.2632770538330078, -0.05809769406914711, 0.3518840968608856, 0.29277217388153076, -0.038033295422792435, 0.33984375, 0.2835386395454407, -0.055635225027799606, 0.3440749943256378, 0.26224520802497864, -0.05542682856321335, 0.353049635887146, 0.24429404735565186, -0.051332615315914154]"
"[0.4937029778957367, 0.4928264319896698, -1.197230972138641e-07, 0.4679023325443268, 0.5380437970161438, -0.015085190534591675, 0.45861583948135376, 0.631869912147522, -0.01698353886604309, 0.4664309620857239, 0.6977359652519226, -0.018419336527585983, 0.4818573594093323, 0.747728168964386, -0.017405223101377487, 0.500245988368988, 0.6808940172195435, -0.002002193359658122, 0.50798499584198, 0.7360678911209106, -0.021654924377799034, 0.4969668388366699, 0.6964155435562134, -0.030085550621151924, 0.4898994565010071, 0.6526029706001282, -0.030226241797208786, 0.5234179496765137, 0.661511242389679, -0.0004979747463949025, 0.5313101410865784, 0.7103302478790283, -0.02334500662982464, 0.5120084881782532, 0.6448688507080078, -0.027439378201961517, 0.5007542371749878, 0.6006223559379578, -0.022158388048410416, 0.5456992387771606, 0.6326030492782593, -0.002778644673526287, 0.5504588484764099, 0.6712949275970459, -0.02764703333377838, 0.5276858806610107, 0.6086429357528687, -0.022037381306290627, 0.5159120559692383, 0.5715856552124023, -0.009519735351204872, 0.5674460530281067, 0.5939064621925354, -0.005919358227401972, 0.5666895508766174, 0.6314809918403625, -0.022949883714318275, 0.5480480194091797, 0.5915070176124573, -0.01730264350771904, 0.5393461585044861, 0.564541220664978, -0.00706456508487463]","[0.48166918754577637, 0.34108349680900574, -4.141404730262366e-08, 0.5052406787872314, 0.37412744760513306, -0.02115556225180626, 0.5142845511436462, 0.4071231782436371, -0.03924800455570221, 0.5189563632011414, 0.4236319959163666, -0.05711063742637634, 0.5230926275253296, 0.42511942982673645, -0.07402263581752777, 0.4668777287006378, 0.4592326879501343, -0.02881024032831192, 0.4438360631465912, 0.5081619024276733, -0.05384157598018646, 0.4423846900463104, 0.48599186539649963, -0.06963944435119629, 0.4508180022239685, 0.4507918953895569, -0.07638777047395706, 0.4496866464614868, 0.4273892939090729, -0.029824214056134224, 0.4307848811149597, 0.444484144449234, -0.057567864656448364, 0.4403029978275299, 0.4067354202270508, -0.06716205924749374, 0.4550968408584595, 0.3751685321331024, -0.06799578666687012, 0.4384920001029968, 0.3916448652744293, -0.03359024599194527, 0.4241354167461395, 0.3968718647956848, -0.058726195245981216, 0.43467986583709717, 0.36347097158432007, -0.059999264776706696, 0.449859619140625, 0.3375445306301117, -0.05451658368110657, 0.43189099431037903, 0.3559473752975464, -0.03878823667764664, 0.41617918014526367, 0.3620694875717163, -0.05440870299935341, 0.42076578736305237, 0.34108901023864746, -0.05136161670088768, 0.43064942955970764, 0.3206162452697754, -0.04480801522731781]"
"[0.4960809350013733, 0.48502424359321594, -1.7689551157218375e-07, 0.469941645860672, 0.5394966006278992, -0.014047473669052124, 0.4609314203262329, 0.62733393907547, -0.016521966084837914, 0.4679839015007019, 0.6913377642631531, -0.0191047303378582, 0.48260262608528137, 0.7415551543235779, -0.019633762538433075, 0.5020232796669006, 0.6776770949363708, -0.0005872899200767279, 0.5096063017845154, 0.7311735153198242, -0.019016532227396965, 0.4989628791809082, 0.6955414414405823, -0.02818523719906807, 0.489515095949173, 0.6503306031227112, -0.02960362285375595, 0.524994432926178, 0.6581600308418274, 0.00016632076585665345, 0.5334334373474121, 0.707594633102417, -0.021731186658143997, 0.515605628490448, 0.6448878049850464, -0.026936380192637444, 0.5029198527336121, 0.5968993306159973, -0.02306830696761608, 0.5470440983772278, 0.629413366317749, -0.002614458790048957, 0.552522599697113, 0.6716418266296387, -0.026517681777477264, 0.5312824845314026, 0.6101110577583313, -0.022209057584404945, 0.5187624096870422, 0.567355751991272, -0.010995154269039631, 0.5687004327774048, 0.5905418992042542, -0.006315101403743029, 0.5689398050308228, 0.632339596748352, -0.023886235430836678, 0.5508079528808594, 0.5928034782409668, -0.019439581781625748, 0.5411980748176575, 0.5617102980613708, -0.010128711350262165]","[0.4850911498069763, 0.32617127895355225, -8.700236975300868e-08, 0.5083360075950623, 0.37265458703041077, -0.017740115523338318, 0.5113652944564819, 0.41535186767578125, -0.030449235811829567, 0.5079723596572876, 0.44101086258888245, -0.04314906522631645, 0.5073800086975098, 0.45174601674079895, -0.054392244666814804, 0.4678359925746918, 0.46704012155532837, -0.015319361351430416, 0.4439496397972107, 0.5131433010101318, -0.03697282820940018, 0.44239819049835205, 0.49242013692855835, -0.051607705652713776, 0.45089423656463623, 0.45868438482284546, -0.05757138133049011, 0.4504816234111786, 0.43868693709373474, -0.014922751113772392, 0.43201225996017456, 0.45603933930397034, -0.04049946740269661, 0.4415895342826843, 0.41450273990631104, -0.051228102296590805, 0.45586827397346497, 0.3791761100292206, -0.05209658667445183, 0.4392373859882355, 0.4064529240131378, -0.017306145280599594, 0.4252455532550812, 0.40950605273246765, -0.04172863811254501, 0.4365556538105011, 0.3742038607597351, -0.044774074107408524, 0.4521145224571228, 0.34522581100463867, -0.03934446722269058, 0.4334683418273926, 0.3741830587387085, -0.020730091258883476, 0.41921088099479675, 0.3743617534637451, -0.036107901483774185, 0.4252496063709259, 0.35233980417251587, -0.03443668782711029, 0.43524014949798584, 0.3311212956905365, -0.0279577374458313]"
"[0.4936915636062622, 0.49227067828178406, -1.594576843899631e-07, 0.4671386480331421, 0.5395416617393494, -0.015513867139816284, 0.458335816860199, 0.6308359503746033, -0.01877152919769287, 0.4663206934928894, 0.6987571716308594, -0.021573903039097786, 0.4803082048892975, 0.7511638402938843, -0.022026879712939262, 0.496905118227005, 0.6832329630851746, -0.004472226370126009, 0.5052981376647949, 0.7377814650535583, -0.024804826825857162, 0.4953123927116394, 0.693844735622406, -0.03441200405359268, 0.48771151900291443, 0.6472545266151428, -0.03562363609671593, 0.5214048624038696, 0.6628120541572571, -0.0030618542805314064, 0.5316922664642334, 0.7132810950279236, -0.026006709784269333, 0.5134042501449585, 0.6476927995681763, -0.030693335458636284, 0.5006160736083984, 0.6013882756233215, -0.02626858465373516, 0.5444716215133667, 0.633469820022583, -0.005253681913018227, 0.5511000156402588, 0.675072431564331, -0.029442498460412025, 0.5285370349884033, 0.6139347553253174, -0.024054426699876785, 0.5156593918800354, 0.5747367143630981, -0.012141836807131767, 0.5666707754135132, 0.5946126580238342, -0.008408996276557446, 0.5673631429672241, 0.6363271474838257, -0.025366511195898056, 0.5488090515136719, 0.5967783331871033, -0.020001647993922234, 0.5387477874755859, 0.5674906373023987, -0.010132663883268833]","[0.47601383924484253, 0.29764071106910706, -1.6801321578441275e-07, 0.5055737495422363, 0.3527947962284088, -0.015566716901957989, 0.5150295495986938, 0.41008317470550537, -0.025135919451713562, 0.5156489610671997, 0.4503953456878662, -0.035056568682193756, 0.5117900967597961, 0.46720463037490845, -0.042908165603876114, 0.46770691871643066, 0.46313801407814026, -0.009763626381754875, 0.4414440095424652, 0.5148472785949707, -0.03192231431603432, 0.4403521418571472, 0.49514690041542053, -0.046486131846904755, 0.45016464591026306, 0.4589553475379944, -0.05235284939408302, 0.4494294226169586, 0.434913694858551, -0.010372436605393887, 0.4308222234249115, 0.45687898993492126, -0.037687186151742935, 0.44437047839164734, 0.4129646420478821, -0.04832082986831665, 0.4618365168571472, 0.3736504316329956, -0.04867284372448921, 0.43709513545036316, 0.4016188383102417, -0.014120383188128471, 0.4242376685142517, 0.4089186191558838, -0.04024917259812355, 0.4410352110862732, 0.37068647146224976, -0.04343158006668091, 0.45997732877731323, 0.3384816646575928, -0.037578970193862915, 0.43100523948669434, 0.36711668968200684, -0.01871379092335701, 0.418697714805603, 0.3744727075099945, -0.03573738411068916, 0.4294344186782837, 0.349159300327301, -0.034720879048109055, 0.442696213722229, 0.3261665999889374, -0.028328465297818184]"
"[0.49002760648727417, 0.501518964767456, -1.3658151942763652e-07, 0.4624839723110199, 0.5445886850357056, -0.0165617186576128, 0.45116493105888367, 0.6347024440765381, -0.01989332213997841, 0.45783624053001404, 0.7024328708648682, -0.022462060675024986, 0.47202250361442566, 0.7549415230751038, -0.022956615313887596, 0.4887522757053375, 0.6938077807426453, -0.003843020647764206, 0.4958198368549347, 0.7436256408691406, -0.023881303146481514, 0.48760491609573364, 0.703667163848877, -0.03333880379796028, 0.48178350925445557, 0.6591664552688599, -0.034263234585523605, 0.5144213438034058, 0.677796483039856, -0.0016821125755086541, 0.5225933790206909, 0.7217811346054077, -0.024042174220085144, 0.5071343183517456, 0.6546815037727356, -0.0286195520311594, 0.4963168799877167, 0.6087738275527954, -0.023855606094002724, 0.5385293364524841, 0.6508951783180237, -0.003296216484159231, 0.5437000393867493, 0.6849790811538696, -0.02734418958425522, 0.524088978767395, 0.6206967830657959, -0.02202030085027218, 0.5122399926185608, 0.5825521945953369, -0.009944941848516464, 0.5612751245498657, 0.6129136085510254, -0.005919406656175852, 0.5628901720046997, 0.6495890021324158, -0.02230851911008358, 0.545906126499176, 0.6076864004135132, -0.01639663614332676, 0.536292314529419, 0.5796263217926025, -0.0060181706212460995]","[0.4851725101470947, 0.32773980498313904, -9.243319709639763e-08, 0.5096905827522278, 0.3667900860309601, -0.025560006499290466, 0.5211523771286011, 0.40642768144607544, -0.04459857940673828, 0.5249423980712891, 0.42738282680511475, -0.06275016069412231, 0.5197681188583374, 0.43379107117652893, -0.0791189968585968, 0.4649181067943573, 0.4736795425415039, -0.026791712269186974, 0.43775564432144165, 0.5223859548568726, -0.05384022742509842, 0.4380916953086853, 0.4979375898838043, -0.07120905816555023, 0.4496362507343292, 0.4627920091152191, -0.07896905392408371, 0.4473627209663391, 0.4433065354824066, -0.02552003040909767, 0.42708608508110046, 0.45847418904304504, -0.05703090503811836, 0.44490912556648254, 0.41705814003944397, -0.0688847079873085, 0.46621328592300415, 0.3856843113899231, -0.07023598253726959, 0.4363129436969757, 0.4086233377456665, -0.02786826156079769, 0.4209859371185303, 0.41185805201530457, -0.056591153144836426, 0.4408961832523346, 0.37573814392089844, -0.0591985285282135, 0.46261754631996155, 0.35071519017219543, -0.053319696336984634, 0.43104270100593567, 0.3745366632938385, -0.031991276890039444, 0.4180468022823334, 0.3770303428173065, -0.05081154406070709, 0.4304061233997345, 0.35177552700042725, -0.04941844195127487, 0.44534939527511597, 0.3323367238044739, -0.042941369116306305]"
"[0.48744767904281616, 0.3992452621459961, -2.1726829402268777e-07, 0.4847569763660431, 0.48165732622146606, -0.014147255569696426, 0.4794113039970398, 0.5510486960411072, -0.022203149273991585, 0.47103285789489746, 0.6109800338745117, -0.03139496594667435, 0.45982733368873596, 0.6421033143997192, -0.038832128047943115, 0.4678440988063812, 0.5650052428245544, -0.011197809129953384, 0.45398005843162537, 0.586816668510437, -0.03554537892341614, 0.45125293731689453, 0.5412262082099915, -0.04970577731728554, 0.45381277799606323, 0.5002887845039368, -0.05532876029610634, 0.46005240082740784, 0.5193135142326355, -0.014831623993813992, 0.43849271535873413, 0.5109840035438538, -0.04667315259575844, 0.44877561926841736, 0.4530012905597687, -0.05738389864563942, 0.46150773763656616, 0.41041260957717896, -0.057194579392671585, 0.45466306805610657, 0.4739744961261749, -0.02147996798157692, 0.4395321011543274, 0.45963066816329956, -0.05321277678012848, 0.4543192386627197, 0.40824806690216064, -0.05287144333124161, 0.46919459104537964, 0.37163078784942627, -0.0435042604804039, 0.4550379812717438, 0.429639995098114, -0.02896246500313282, 0.4416745603084564, 0.4264969229698181, -0.05055151879787445, 0.45147207379341125, 0.39185282588005066, -0.04737701267004013, 0.4609825909137726, 0.36635488271713257, -0.03851984441280365]","[0.4921250343322754, 0.5050158500671387, -2.086074744056532e-07, 0.4611017107963562, 0.5478381514549255, -0.014639056287705898, 0.44549381732940674, 0.6335641145706177, -0.018287701532244682, 0.4486650228500366, 0.7062333226203918, -0.021821388974785805, 0.461416095495224, 0.7613456845283508, -0.023673953488469124, 0.473775714635849, 0.7010148763656616, -0.004357538186013699, 0.48399779200553894, 0.7556799054145813, -0.024989113211631775, 0.4834480285644531, 0.7130791544914246, -0.03617074340581894, 0.47784459590911865, 0.667838454246521, -0.039232369512319565, 0.5013219714164734, 0.6864001154899597, -0.0037390487268567085, 0.5109848380088806, 0.7354862689971924, -0.02742636203765869, 0.5037369132041931, 0.6672070622444153, -0.03287427872419357, 0.4934798777103424, 0.6189889907836914, -0.029221031814813614, 0.5265087485313416, 0.6624657511711121, -0.006623088847845793, 0.5362281203269958, 0.703345000743866, -0.030876703560352325, 0.5223404765129089, 0.6399925947189331, -0.026300521567463875, 0.5099788904190063, 0.5999731421470642, -0.015406041406095028, 0.5504322052001953, 0.6299868822097778, -0.010474874638020992, 0.5561949014663696, 0.6678877472877502, -0.02725493162870407, 0.5424220561981201, 0.6261065006256104, -0.022574344649910927, 0.5311539769172668, 0.5977621078491211, -0.013543972745537758]"
"[0.49716296792030334, 0.3456262946128845, -1.0227042679389342e-07, 0.5182684659957886, 0.3843952417373657, -0.024333735927939415, 0.5261461734771729, 0.4340095520019531, -0.04133286327123642, 0.5083853602409363, 0.4577123820781708, -0.057069387286901474, 0.4785379469394684, 0.4499160647392273, -0.0703127384185791, 0.4699038565158844, 0.4987556040287018, -0.022593006491661072, 0.4379558861255646, 0.5411108136177063, -0.04702836647629738, 0.438017338514328, 0.5090577602386475, -0.06270799040794373, 0.447121262550354, 0.4725056290626526, -0.0698017030954361, 0.44891154766082764, 0.4651494026184082, -0.021419459953904152, 0.41924360394477844, 0.4823606014251709, -0.05127088353037834, 0.43473559617996216, 0.436903715133667, -0.06292762607336044, 0.45465973019599915, 0.4014187753200531, -0.06354314088821411, 0.4360426366329193, 0.42843323945999146, -0.023776860907673836, 0.41269683837890625, 0.4320831000804901, -0.05123915523290634, 0.4296281039714813, 0.3943014144897461, -0.05437834933400154, 0.4501405954360962, 0.3678370714187622, -0.04840453714132309, 0.4285668134689331, 0.39049315452575684, -0.02786816656589508, 0.40832531452178955, 0.39304670691490173, -0.04657340794801712, 0.417061448097229, 0.366527795791626, -0.04616349935531616, 0.43172526359558105, 0.345628023147583, -0.04012409225106239]","[0.4897714853286743, 0.524031937122345, -2.0351708940324897e-07, 0.45803916454315186, 0.5567811727523804, -0.01923334039747715, 0.43810006976127625, 0.6434159278869629, -0.023215172812342644, 0.44109493494033813, 0.7187436819076538, -0.025794116780161858, 0.451930433511734, 0.7776413559913635, -0.026692643761634827, 0.46025925874710083, 0.7055022120475769, -0.0032720628660172224, 0.4695996940135956, 0.752746045589447, -0.024783721193671227, 0.47443678975105286, 0.7134816646575928, -0.03631867095828056, 0.47176945209503174, 0.6729215383529663, -0.03889377415180206, 0.48727700114250183, 0.6977757215499878, 0.0007904747617430985, 0.49768340587615967, 0.7440163493156433, -0.023350361734628677, 0.49775615334510803, 0.6775937676429749, -0.029202422127127647, 0.4886974096298218, 0.6303920149803162, -0.024838168174028397, 0.5117596387863159, 0.6817677617073059, 0.00048541705473326147, 0.5231842994689941, 0.7191815972328186, -0.024670377373695374, 0.5177138447761536, 0.6548224687576294, -0.020853718742728233, 0.5058693885803223, 0.6155040264129639, -0.00945634301751852, 0.5346517562866211, 0.6576095819473267, -0.001094388891942799, 0.5417759418487549, 0.6913334727287292, -0.018249714747071266, 0.5350753664970398, 0.6455093622207642, -0.014389478601515293, 0.5247830748558044, 0.6156195402145386, -0.005233380477875471]"
"[0.48495981097221375, 0.521460771560669, -2.8600786095012154e-07, 0.45224231481552124, 0.5637624859809875, -0.016183923929929733, 0.4290520250797272, 0.6456215977668762, -0.019220031797885895, 0.42683786153793335, 0.720316469669342, -0.02228662744164467, 0.43814101815223694, 0.7799410820007324, -0.023659255355596542, 0.44825074076652527, 0.7141930460929871, 0.003352966159582138, 0.45740655064582825, 0.767797589302063, -0.016436457633972168, 0.46576690673828125, 0.7303595542907715, -0.028213225305080414, 0.4644244611263275, 0.6873980760574341, -0.031487349420785904, 0.47431889176368713, 0.7068800926208496, 0.005435999948531389, 0.48542991280555725, 0.7605090141296387, -0.017089545726776123, 0.48849502205848694, 0.6952211260795593, -0.02394024282693863, 0.4805109202861786, 0.6474424600601196, -0.0204518660902977, 0.4979873597621918, 0.6906360387802124, 0.003289364278316498, 0.5099413394927979, 0.7316136360168457, -0.020552439615130424, 0.5070565342903137, 0.6681758761405945, -0.018129752948880196, 0.49646297097206116, 0.6283786296844482, -0.007654164452105761, 0.5207007527351379, 0.6668616533279419, -4.1272905946243554e-05, 0.5292705297470093, 0.7054339051246643, -0.015432805754244328, 0.5240033864974976, 0.6618638038635254, -0.011130093596875668, 0.5141283869743347, 0.6320840120315552, -0.0018476694822311401]","[0.4937208592891693, 0.3688594102859497, -7.616659303266715e-08, 0.5130815505981445, 0.4078926146030426, -0.025841569527983665, 0.515087902545929, 0.4474059045314789, -0.04503042623400688, 0.4899265766143799, 0.4583180546760559, -0.0622454471886158, 0.4588574171066284, 0.4514244496822357, -0.07743168622255325, 0.466133177280426, 0.5116227865219116, -0.031930480152368546, 0.43798351287841797, 0.5436866283416748, -0.05594579130411148, 0.43393033742904663, 0.5124629139900208, -0.07059530168771744, 0.4370710253715515, 0.47841691970825195, -0.07788828015327454, 0.44413164258003235, 0.4805498719215393, -0.03092562034726143, 0.417043536901474, 0.48887792229652405, -0.05984265357255936, 0.42810022830963135, 0.44762325286865234, -0.0711342841386795, 0.44343575835227966, 0.4137803316116333, -0.07311064749956131, 0.43021395802497864, 0.44254469871520996, -0.03278587386012077, 0.4087089002132416, 0.44127416610717773, -0.060600414872169495, 0.42089077830314636, 0.40430569648742676, -0.0642363652586937, 0.437138170003891, 0.3763734698295593, -0.05982186645269394, 0.4215385913848877, 0.4022590219974518, -0.03625088930130005, 0.40232524275779724, 0.40020811557769775, -0.05695975944399834, 0.40923166275024414, 0.3741892874240875, -0.05744335055351257, 0.42180314660072327, 0.351865291595459, -0.05251004919409752]"
"[0.4824223518371582, 0.5320463180541992, -2.5407993575754517e-07, 0.44890469312667847, 0.5667487382888794, -0.021066132932901382, 0.42356109619140625, 0.6460475921630859, -0.025582775473594666, 0.42051100730895996, 0.723459005355835, -0.028753086924552917, 0.42951706051826477, 0.7839913368225098, -0.02978488802909851, 0.439617395401001, 0.7128901481628418, -0.0024650366976857185, 0.44942507147789, 0.7688437700271606, -0.023406781256198883, 0.460988312959671, 0.7286259531974792, -0.034649111330509186, 0.461446076631546, 0.6872084736824036, -0.03713034465909004, 0.46399781107902527, 0.7075186371803284, 0.0030329921282827854, 0.4788771867752075, 0.7594456672668457, -0.02229318581521511, 0.4841524660587311, 0.6955869197845459, -0.029600808396935463, 0.4746188819408417, 0.6480178833007812, -0.02561444416642189, 0.48637905716896057, 0.6956417560577393, 0.004004469141364098, 0.5010040402412415, 0.7310097813606262, -0.021227698773145676, 0.5002797245979309, 0.6702293157577515, -0.01983652450144291, 0.4876379072666168, 0.6303272247314453, -0.009450715035200119, 0.5075207352638245, 0.678352952003479, 0.0034435251727700233, 0.5181434154510498, 0.7072545886039734, -0.013139612041413784, 0.5151417255401611, 0.6646755337715149, -0.011402271687984467, 0.5029796957969666, 0.6346627473831177, -0.0034639581572264433]","[0.47290152311325073, 0.37681904435157776, -8.176834853657056e-08, 0.49329712986946106, 0.4118348956108093, -0.021615013480186462, 0.4964196979999542, 0.44567933678627014, -0.03819507360458374, 0.47623610496520996, 0.4568979740142822, -0.053087808191776276, 0.45023977756500244, 0.4534117877483368, -0.0664900615811348, 0.45413854718208313, 0.49852198362350464, -0.027385402470827103, 0.4363066554069519, 0.5147193670272827, -0.05051291361451149, 0.43500930070877075, 0.4888514280319214, -0.06709858030080795, 0.4376879632472992, 0.4622546136379242, -0.07612521946430206, 0.43462270498275757, 0.4707563519477844, -0.027199404314160347, 0.417583167552948, 0.47208449244499207, -0.04958629980683327, 0.42310044169425964, 0.4437851011753082, -0.05960574746131897, 0.4317457675933838, 0.4208245873451233, -0.0636482685804367, 0.42207813262939453, 0.4350738823413849, -0.029696151614189148, 0.40819406509399414, 0.43100205063819885, -0.051841363310813904, 0.41513675451278687, 0.40605562925338745, -0.05486299470067024, 0.4263138771057129, 0.38645604252815247, -0.052702657878398895, 0.4153382182121277, 0.39676085114479065, -0.033770568668842316, 0.4020017087459564, 0.3920305371284485, -0.05033422261476517, 0.4056898057460785, 0.3747512698173523, -0.050609562546014786, 0.41480082273483276, 0.3595224916934967, -0.04743408039212227]"
"[0.46852463483810425, 0.37760695815086365, 5.018364834796785e-09, 0.4792949855327606, 0.4132820665836334, -0.01646481268107891, 0.4763559103012085, 0.44314873218536377, -0.029596691951155663, 0.4613804519176483, 0.45516544580459595, -0.042015694081783295, 0.443749338388443, 0.4552020728588104, -0.053842294961214066, 0.4444282352924347, 0.4804677665233612, -0.019570637494325638, 0.424795001745224, 0.4994216561317444, -0.03748263418674469, 0.4210687577724457, 0.49037832021713257, -0.051602575927972794, 0.4238758087158203, 0.4733014702796936, -0.05958627164363861, 0.4301117956638336, 0.4534311592578888, -0.020154060795903206, 0.4133787453174591, 0.46278706192970276, -0.03835763782262802, 0.4138227701187134, 0.445648193359375, -0.04829875007271767, 0.41959646344184875, 0.4258944094181061, -0.05279841646552086, 0.42070332169532776, 0.4217034876346588, -0.022708341479301453, 0.4071679711341858, 0.42503759264945984, -0.04044690728187561, 0.40767836570739746, 0.4067602753639221, -0.044263098388910294, 0.41437384486198425, 0.38929131627082825, -0.04360496997833252, 0.4159991145133972, 0.38843703269958496, -0.026457294821739197, 0.4026433527469635, 0.38581323623657227, -0.04028714820742607, 0.40167027711868286, 0.3729320764541626, -0.041380275040864944, 0.4060207009315491, 0.3597283363342285, -0.03949803486466408]","[0.47841182351112366, 0.5204916000366211, -1.1532327981456092e-08, 0.45212477445602417, 0.5607818365097046, -0.027194440364837646, 0.42633724212646484, 0.629317045211792, -0.032185688614845276, 0.4194789528846741, 0.7093686461448669, -0.033845387399196625, 0.42418763041496277, 0.7719755172729492, -0.03423861041665077, 0.4204545021057129, 0.6733870506286621, 0.0027899437118321657, 0.4249166250228882, 0.735288143157959, -0.00797204952687025, 0.4391477406024933, 0.7561832666397095, -0.01622306928038597, 0.44592052698135376, 0.7608945369720459, -0.020306456834077835, 0.44503870606422424, 0.6810331344604492, 0.012986309826374054, 0.4618159830570221, 0.741910457611084, -0.004987597465515137, 0.47262001037597656, 0.6972615122795105, -0.012919618748128414, 0.46782225370407104, 0.6567414999008179, -0.01141936145722866, 0.4683636426925659, 0.6816954016685486, 0.018564743921160698, 0.4856349229812622, 0.7274193167686462, -0.0035712223034352064, 0.48983412981033325, 0.6750975847244263, -0.0047015356831252575, 0.4810199737548828, 0.6347466111183167, 0.002828354714438319, 0.4903493821620941, 0.6759138107299805, 0.0220488328486681, 0.5022976398468018, 0.7116192579269409, 0.004586250986903906, 0.5041338801383972, 0.6737499833106995, 0.0038305309135466814, 0.4949236810207367, 0.6424726843833923, 0.009416073560714722]"
"[0.4152841866016388, 0.5483120679855347, -5.987238438365239e-08, 0.3832230269908905, 0.6100510954856873, -0.004972212482243776, 0.3761608600616455, 0.6898776888847351, -0.005363034084439278, 0.38307440280914307, 0.7533141374588013, -0.009424853138625622, 0.38603201508522034, 0.8059912323951721, -0.013208571821451187, 0.4158233404159546, 0.7471769452095032, 0.015353275462985039, 0.4273620545864105, 0.805657684803009, 0.0012333670165389776, 0.41823166608810425, 0.8265838623046875, -0.008780645206570625, 0.40654054284095764, 0.8197454214096069, -0.012445866130292416, 0.4366811215877533, 0.7372352480888367, 0.010098423808813095, 0.4433264136314392, 0.8078155517578125, -0.011756530962884426, 0.42507725954055786, 0.7602753043174744, -0.020381653681397438, 0.4149027168750763, 0.7065216302871704, -0.018147462978959084, 0.45749932527542114, 0.7195742130279541, 0.0017807353287935257, 0.45858535170555115, 0.7786545157432556, -0.02314607799053192, 0.4386691153049469, 0.7249979376792908, -0.023136528208851814, 0.4317074716091156, 0.6730254888534546, -0.01389424316585064, 0.4804089069366455, 0.6920637488365173, -0.006734267808496952, 0.4770759642124176, 0.7532563209533691, -0.02454301528632641, 0.4575077295303345, 0.7224971055984497, -0.021437225863337517, 0.4492335915565491, 0.6801639795303345, -0.012981695123016834]","[0.3908610939979553, 0.2951239347457886, -1.761169698966114e-07, 0.4139077663421631, 0.3307963013648987, -0.019754653796553612, 0.41342923045158386, 0.37195050716400146, -0.03325912356376648, 0.40610271692276, 0.4010559320449829, -0.04522664099931717, 0.40492960810661316, 0.42151203751564026, -0.056336984038352966, 0.3728671371936798, 0.4026007652282715, -0.033357661217451096, 0.35829663276672363, 0.43217232823371887, -0.056500110775232315, 0.36402827501296997, 0.40652698278427124, -0.06974311172962189, 0.37836894392967224, 0.37607964873313904, -0.07528553903102875, 0.36003509163856506, 0.37411683797836304, -0.03333800658583641, 0.35214370489120483, 0.37135955691337585, -0.06200532987713814, 0.3679206371307373, 0.3333485722541809, -0.07248032093048096, 0.38676294684410095, 0.30403319001197815, -0.07438186556100845, 0.35223743319511414, 0.34009185433387756, -0.03488989919424057, 0.34751012921333313, 0.3279818594455719, -0.06288201361894608, 0.3624817430973053, 0.29379916191101074, -0.06613883376121521, 0.3794550895690918, 0.26771408319473267, -0.06179297715425491, 0.34995248913764954, 0.30834507942199707, -0.03728237375617027, 0.3436996340751648, 0.29687726497650146, -0.05881683528423309, 0.35112079977989197, 0.27163079380989075, -0.05945684388279915, 0.3609709143638611, 0.2504104971885681, -0.054693739861249924]"
[],"[0.47608548402786255, 0.44881242513656616, 4.320945663494058e-07, 0.46270033717155457, 0.4786386787891388, -0.043332356959581375, 0.44024786353111267, 0.5234300494194031, -0.059841256588697433, 0.4151443839073181, 0.5733362436294556, -0.070302315056324, 0.39020445942878723, 0.6236029863357544, -0.08027645945549011, 0.4382505714893341, 0.5932375192642212, -0.004610294941812754, 0.42283210158348083, 0.6492094397544861, -0.0019536875188350677, 0.4244236350059509, 0.6729243993759155, -0.004346711561083794, 0.42693257331848145, 0.6817388534545898, -0.006810009013861418, 0.44238439202308655, 0.5805188417434692, 0.015952641144394875, 0.4332004487514496, 0.6390459537506104, 0.019471831619739532, 0.43727704882621765, 0.6532074213027954, 0.01131486613303423, 0.43981242179870605, 0.6482418179512024, 0.005824551451951265, 0.4471213221549988, 0.5664669275283813, 0.03182033449411392, 0.44194480776786804, 0.6114335060119629, 0.031094351783394814, 0.44321173429489136, 0.6046395897865295, 0.020332541316747665, 0.4404069185256958, 0.5910859107971191, 0.01358962431550026, 0.4521341025829315, 0.5532881617546082, 0.04432572051882744, 0.4524442255496979, 0.587893545627594, 0.04063145071268082, 0.4536895155906677, 0.5771098136901855, 0.034698568284511566, 0.45230069756507874, 0.5592434406280518, 0.03141083940863609]"
"[0.4746105670928955, 0.5668466687202454, -1.2546084349196462e-07, 0.46100878715515137, 0.5879898071289062, -0.044158920645713806, 0.4423717260360718, 0.6480587720870972, -0.0574069619178772, 0.4349290132522583, 0.7211517095565796, -0.06351328641176224, 0.4309506416320801, 0.7822514772415161, -0.06533612310886383, 0.41014403104782104, 0.6975147128105164, -0.01740206591784954, 0.42355722188949585, 0.7577031254768372, -0.03834547474980354, 0.44573816657066345, 0.7426758408546448, -0.04700195789337158, 0.4576759934425354, 0.7150090336799622, -0.04757597669959068, 0.4304259419441223, 0.7080378532409668, 0.0010828882222995162, 0.45281827449798584, 0.7648471593856812, -0.023441072553396225, 0.4703424274921417, 0.7126728296279907, -0.028834838420152664, 0.4682087004184723, 0.6787810325622559, -0.02340434491634369, 0.45000159740448, 0.7099452614784241, 0.013163872063159943, 0.4739941656589508, 0.7482145428657532, -0.014675023034214973, 0.4836723208427429, 0.6974480748176575, -0.01494225300848484, 0.4762793779373169, 0.665357232093811, -0.005231596063822508, 0.46615681052207947, 0.7064719796180725, 0.022050293162465096, 0.4840121865272522, 0.7322490215301514, 0.0005983661394566298, 0.48940789699554443, 0.6950213313102722, -0.0013865743530914187, 0.48147690296173096, 0.6668442487716675, 0.004781696945428848]",[]
"[0.5038915872573853, 0.29106855392456055, 9.014973301191276e-08, 0.5029525756835938, 0.3548620939254761, 0.00306781567633152, 0.4824265241622925, 0.4139176905155182, -0.0029002283699810505, 0.45124363899230957, 0.44135943055152893, -0.011392975226044655, 0.42265310883522034, 0.45051202178001404, -0.020316150039434433, 0.49967435002326965, 0.44979754090309143, -0.00787525624036789, 0.4627632200717926, 0.4752843677997589, -0.02163083665072918, 0.4374508857727051, 0.47188600897789, -0.031023109331727028, 0.42082709074020386, 0.4620628356933594, -0.03616950288414955, 0.49491214752197266, 0.43292734026908875, -0.016930172219872475, 0.449846476316452, 0.453951358795166, -0.03157063201069832, 0.42199528217315674, 0.4341912567615509, -0.03881653770804405, 0.40576016902923584, 0.41017258167266846, -0.042172871530056, 0.4855872392654419, 0.4065340757369995, -0.0259182658046484, 0.4418509900569916, 0.4270092248916626, -0.03977563977241516, 0.41572973132133484, 0.4102664887905121, -0.04168248549103737, 0.40161898732185364, 0.3898354470729828, -0.040338046848773956, 0.47318053245544434, 0.3730050325393677, -0.034381967037916183, 0.44090431928634644, 0.4030863046646118, -0.041101448237895966, 0.42240291833877563, 0.4115087687969208, -0.03967846557497978, 0.4097100496292114, 0.4138573110103607, -0.03764232620596886]","[0.4756144881248474, 0.5826415419578552, 1.0293036645236953e-08, 0.4560495615005493, 0.5846011638641357, -0.041989684104919434, 0.4389353096485138, 0.6414566040039062, -0.05782084912061691, 0.4368281364440918, 0.7146666049957275, -0.06258158385753632, 0.43772071599960327, 0.7759738564491272, -0.06581360846757889, 0.4211161732673645, 0.6414204239845276, -0.05987992882728577, 0.42418256402015686, 0.7012020349502563, -0.08364853262901306, 0.4326897859573364, 0.7512680888175964, -0.09695137292146683, 0.4412228465080261, 0.7886297702789307, -0.10526127368211746, 0.43791985511779785, 0.6710343360900879, -0.0434393435716629, 0.4617580473423004, 0.7407635450363159, -0.06820768862962723, 0.47295618057250977, 0.7228965163230896, -0.0728650912642479, 0.47249433398246765, 0.6966618895530701, -0.07223772257566452, 0.45337724685668945, 0.6926783919334412, -0.029121186584234238, 0.475085586309433, 0.7422269582748413, -0.052109867334365845, 0.47758224606513977, 0.7057420611381531, -0.04740931838750839, 0.4696447253227234, 0.6778866052627563, -0.03938217833638191, 0.4664304554462433, 0.706795334815979, -0.01770545169711113, 0.48216134309768677, 0.7362168431282043, -0.037476737052202225, 0.48188430070877075, 0.7070218920707703, -0.03746618703007698, 0.47322720289230347, 0.686261773109436, -0.0333675816655159]"
"[0.464367538690567, 0.6113808751106262, -1.6577651251736825e-07, 0.47077375650405884, 0.6190605163574219, -0.05082021281123161, 0.4652724862098694, 0.6680404543876648, -0.07107878476381302, 0.45826441049575806, 0.726081907749176, -0.0797245129942894, 0.45114848017692566, 0.7756555676460266, -0.08513954281806946, 0.4183770418167114, 0.7050227522850037, -0.057291168719530106, 0.43668729066848755, 0.7495508193969727, -0.08959975838661194, 0.4546296000480652, 0.7664899230003357, -0.10791881382465363, 0.46872302889823914, 0.7787724733352661, -0.11677204817533493, 0.4203417897224426, 0.7251624464988708, -0.03623492270708084, 0.4560971260070801, 0.7472851276397705, -0.06541057676076889, 0.4724002480506897, 0.7088403701782227, -0.06844906508922577, 0.47130316495895386, 0.6904704570770264, -0.06521391868591309, 0.4279497265815735, 0.736499547958374, -0.0205914955586195, 0.4625735580921173, 0.7459317445755005, -0.05027059093117714, 0.47370725870132446, 0.7074291110038757, -0.04650183767080307, 0.46858349442481995, 0.6928216218948364, -0.037295661866664886, 0.4361336827278137, 0.7426642179489136, -0.008632117882370949, 0.46264663338661194, 0.7471640706062317, -0.031182091683149338, 0.47298386693000793, 0.7180884480476379, -0.03193334490060806, 0.47114816308021545, 0.7035439610481262, -0.027136459946632385]",[]
"[0.4674307703971863, 0.6063539981842041, -2.0573226322539995e-07, 0.48245447874069214, 0.6332988142967224, -0.040639933198690414, 0.4784695506095886, 0.6885659098625183, -0.05648188292980194, 0.4705071747303009, 0.7480798363685608, -0.06317999213933945, 0.4638623297214508, 0.8033496141433716, -0.06661415100097656, 0.4193599224090576, 0.7099010348320007, -0.041837070137262344, 0.4434311091899872, 0.7667088508605957, -0.06188812479376793, 0.45729145407676697, 0.7749770879745483, -0.07102096080780029, 0.4630047380924225, 0.7759404182434082, -0.07485075294971466, 0.4141871929168701, 0.7211666107177734, -0.024982519447803497, 0.44862234592437744, 0.7681388854980469, -0.043968938291072845, 0.4660126566886902, 0.737956702709198, -0.04576030746102333, 0.46568763256073, 0.7185649871826172, -0.043741144239902496, 0.41696229577064514, 0.7277934551239014, -0.012030295096337795, 0.45052364468574524, 0.7646000981330872, -0.031747158616781235, 0.46571534872055054, 0.7326982617378235, -0.028039563447237015, 0.4641183316707611, 0.718967854976654, -0.02145952545106411, 0.4234471619129181, 0.7338778972625732, -0.002066951245069504, 0.44820547103881836, 0.7608395218849182, -0.017369017004966736, 0.4608229100704193, 0.7369794249534607, -0.01707911305129528, 0.46076729893684387, 0.7248929142951965, -0.013292082585394382]",[]
"[0.46713751554489136, 0.6267398595809937, -1.6941046965257556e-07, 0.48261386156082153, 0.6620921492576599, -0.02979906089603901, 0.479893296957016, 0.7145630121231079, -0.043037474155426025, 0.4737679064273834, 0.7649782299995422, -0.04978916794061661, 0.46589744091033936, 0.8096435070037842, -0.05394219607114792, 0.43223774433135986, 0.7305581569671631, -0.03604454547166824, 0.451151579618454, 0.7786177396774292, -0.053547993302345276, 0.4640810489654541, 0.77085280418396, -0.06100840121507645, 0.46750345826148987, 0.7582643628120422, -0.06350217014551163, 0.41792088747024536, 0.7270607352256775, -0.02430138736963272, 0.4409032464027405, 0.7744285464286804, -0.0399310477077961, 0.4558788537979126, 0.7572694420814514, -0.041768595576286316, 0.45721426606178284, 0.7417030930519104, -0.040936585515737534, 0.4120304584503174, 0.7234898209571838, -0.014992552809417248, 0.43783724308013916, 0.764054536819458, -0.029186157509684563, 0.45064038038253784, 0.7430946230888367, -0.024731332436203957, 0.44942283630371094, 0.7282987833023071, -0.019374171271920204, 0.4125329554080963, 0.721373438835144, -0.007869327440857887, 0.43360450863838196, 0.7541840076446533, -0.019085654988884926, 0.4445502758026123, 0.7393171191215515, -0.017567502334713936, 0.44457536935806274, 0.725655734539032, -0.013855447061359882]",[]
"[0.47062423825263977, 0.60685795545578, -2.3437513618773664e-07, 0.4839250147342682, 0.627444326877594, -0.0409635528922081, 0.4814123809337616, 0.6759450435638428, -0.0590817891061306, 0.4771868884563446, 0.7374326586723328, -0.06880626827478409, 0.47044163942337036, 0.7924821376800537, -0.07476593554019928, 0.4210532605648041, 0.7047204971313477, -0.04435129091143608, 0.4496861398220062, 0.7792250514030457, -0.0660426989197731, 0.462914377450943, 0.7710338830947876, -0.0746225044131279, 0.4642753601074219, 0.7545522451400757, -0.07715758681297302, 0.4158441424369812, 0.7180753946304321, -0.028108300641179085, 0.45291271805763245, 0.7769054770469666, -0.04971519112586975, 0.4702500104904175, 0.7432950139045715, -0.05285637080669403, 0.46923723816871643, 0.7170840501785278, -0.05096269026398659, 0.4186211824417114, 0.7293244004249573, -0.01570829562842846, 0.45474252104759216, 0.7749110460281372, -0.03667385131120682, 0.46898210048675537, 0.7424704432487488, -0.03402894362807274, 0.46619096398353577, 0.7217071652412415, -0.02774624712765217, 0.42529529333114624, 0.7420269846916199, -0.006261732429265976, 0.45347288250923157, 0.7761410474777222, -0.02334624156355858, 0.4654369056224823, 0.7513620853424072, -0.024278683587908745, 0.46464985609054565, 0.7326621413230896, -0.020608268678188324]",[]
"[0.4811945855617523, 0.5851565599441528, -2.0355615504286106e-07, 0.48646122217178345, 0.6083335280418396, -0.05722678452730179, 0.4761868715286255, 0.6589003205299377, -0.07957211881875992, 0.466661661863327, 0.7182631492614746, -0.091276615858078, 0.4606744647026062, 0.7745760083198547, -0.09860594570636749, 0.41797950863838196, 0.706849217414856, -0.04873989522457123, 0.4523105025291443, 0.7676327228546143, -0.07465417683124542, 0.4738263189792633, 0.7550469636917114, -0.08623729646205902, 0.4822276532649994, 0.7315811514854431, -0.08938036859035492, 0.42739614844322205, 0.7267575263977051, -0.02453884482383728, 0.46334245800971985, 0.7807028293609619, -0.05447288975119591, 0.4822019636631012, 0.7363926768302917, -0.06379455327987671, 0.48226726055145264, 0.7026517987251282, -0.06290996074676514, 0.4387613534927368, 0.7408660054206848, -0.0058180480264127254, 0.4697519540786743, 0.7845697402954102, -0.0354958213865757, 0.48524194955825806, 0.7419455051422119, -0.03896511718630791, 0.4839177429676056, 0.7091015577316284, -0.03309943154454231, 0.45128369331359863, 0.7534822225570679, 0.008809933438897133, 0.4729190468788147, 0.7829768657684326, -0.0142354192212224, 0.48317113518714905, 0.7532795071601868, -0.02007872983813286, 0.48030906915664673, 0.7265442609786987, -0.017766432836651802]",[]
"[0.412116140127182, 0.5425984859466553, -1.2909436009067576e-07, 0.3806166648864746, 0.6062549948692322, -0.0040542129427194595, 0.37545740604400635, 0.6872773170471191, -0.004273612052202225, 0.38116252422332764, 0.7504331469535828, -0.008418228477239609, 0.38523009419441223, 0.8024800419807434, -0.012359675951302052, 0.41334980726242065, 0.7426168322563171, 0.01481239590793848, 0.42502057552337646, 0.8047595620155334, -0.00023422995582222939, 0.41421154141426086, 0.8266531825065613, -0.011124356649816036, 0.40181276202201843, 0.8206681609153748, -0.015367047861218452, 0.4335000514984131, 0.7327258586883545, 0.008797701448202133, 0.43836572766304016, 0.8031992316246033, -0.014185764826834202, 0.4184989929199219, 0.7534922361373901, -0.022622570395469666, 0.40894317626953125, 0.6988343000411987, -0.020166216418147087, 0.45363256335258484, 0.715506374835968, -0.0002368903369642794, 0.45309728384017944, 0.7752668261528015, -0.02541501447558403, 0.43254026770591736, 0.7208349108695984, -0.024137787520885468, 0.4260512590408325, 0.6691634058952332, -0.014080082066357136, 0.47576192021369934, 0.6896857023239136, -0.009455306455492973, 0.47290220856666565, 0.7508555054664612, -0.026439806446433067, 0.4545755982398987, 0.7209802269935608, -0.021755903959274292, 0.44807782769203186, 0.680099368095398, -0.012432573363184929]","[0.4126914441585541, 0.3095328211784363, -1.10282122989247e-07, 0.4325862228870392, 0.3481674790382385, -0.020664149895310402, 0.4392354488372803, 0.3844638764858246, -0.037789490073919296, 0.44306933879852295, 0.4009702205657959, -0.05395357683300972, 0.4475962519645691, 0.4008902311325073, -0.06931709498167038, 0.387029767036438, 0.41896194219589233, -0.032569512724876404, 0.3605034649372101, 0.4546571373939514, -0.05530247092247009, 0.3648587465286255, 0.423366516828537, -0.06787698715925217, 0.37980952858924866, 0.3911053240299225, -0.07269366830587387, 0.37151992321014404, 0.38513830304145813, -0.0324973538517952, 0.35277658700942993, 0.3889339566230774, -0.06072159484028816, 0.3685261309146881, 0.3457595109939575, -0.0696367472410202, 0.38809075951576233, 0.31455686688423157, -0.06953597813844681, 0.36250898241996765, 0.3494776487350464, -0.034215498715639114, 0.3482583165168762, 0.34439486265182495, -0.06113319844007492, 0.3641194999217987, 0.3034466505050659, -0.061592139303684235, 0.38251519203186035, 0.2754194736480713, -0.054689355194568634, 0.35918229818344116, 0.3172844350337982, -0.03687199950218201, 0.345873087644577, 0.31146830320358276, -0.05606856569647789, 0.3545139729976654, 0.2828826606273651, -0.05335889011621475, 0.3660319149494171, 0.25914573669433594, -0.045869048684835434]"
"[0.4857187569141388, 0.6049593687057495, -2.3714244434813736e-07, 0.4763457179069519, 0.6136766672134399, -0.034642331302165985, 0.46066680550575256, 0.6569328904151917, -0.045789387077093124, 0.4559326767921448, 0.7129309773445129, -0.051451634615659714, 0.45331233739852905, 0.7604050636291504, -0.05398465320467949, 0.4219024181365967, 0.7119103670120239, -0.022334856912493706, 0.438688725233078, 0.7711935043334961, -0.0454479455947876, 0.46262088418006897, 0.7732542753219604, -0.05885155126452446, 0.4782419502735138, 0.7574992775917053, -0.06396181136369705, 0.4354848265647888, 0.7330964803695679, -0.0103309890255332, 0.4615761935710907, 0.7807282209396362, -0.036494623869657516, 0.482606440782547, 0.7409095168113708, -0.04587751626968384, 0.48402804136276245, 0.7019082307815552, -0.04463154450058937, 0.4495409429073334, 0.7452368140220642, -0.0028971568681299686, 0.47626423835754395, 0.7792851328849792, -0.02981388382613659, 0.4910229742527008, 0.7368856072425842, -0.032286301255226135, 0.4871816337108612, 0.7004884481430054, -0.02508309856057167, 0.462177038192749, 0.7490633726119995, 0.00192202755715698, 0.48088839650154114, 0.7690627574920654, -0.018757572397589684, 0.4901207685470581, 0.7388262152671814, -0.021309256553649902, 0.48523473739624023, 0.709637463092804, -0.01605226658284664]",[]
"[0.4836656153202057, 0.5706915259361267, -2.3522186154423252e-07, 0.46326977014541626, 0.6046403646469116, -0.04004251956939697, 0.4361879229545593, 0.670082688331604, -0.051053378731012344, 0.42872849106788635, 0.7414546012878418, -0.05644110217690468, 0.43100664019584656, 0.8019416332244873, -0.057219624519348145, 0.4271770119667053, 0.7451793551445007, -0.0119843240827322, 0.45071616768836975, 0.8020702004432678, -0.037899162620306015, 0.4658488929271698, 0.7520633339881897, -0.05158437415957451, 0.46334365010261536, 0.7111727595329285, -0.05440907925367355, 0.4488743841648102, 0.7408315539360046, 0.004473406821489334, 0.47630223631858826, 0.7889378070831299, -0.026137420907616615, 0.4844200611114502, 0.7258182764053345, -0.03618590161204338, 0.47481194138526917, 0.6925850510597229, -0.03323948755860329, 0.4687221944332123, 0.7319633960723877, 0.01454667653888464, 0.49463725090026855, 0.7656985521316528, -0.0175009872764349, 0.4999522566795349, 0.7103204131126404, -0.019182875752449036, 0.4882304072380066, 0.6810877323150635, -0.009308245964348316, 0.4866155982017517, 0.7223004102706909, 0.021937523037195206, 0.5050215721130371, 0.7526952028274536, 0.0010613338090479374, 0.5076367259025574, 0.7095634341239929, 0.0004092765739187598, 0.4970564544200897, 0.6793349385261536, 0.007995416410267353]",[]
"[0.47688689827919006, 0.5600420236587524, -2.4254444497273653e-07, 0.44451355934143066, 0.6083307266235352, -0.02138933166861534, 0.4161720275878906, 0.6740402579307556, -0.025993309915065765, 0.4115220904350281, 0.7489563822746277, -0.02991720288991928, 0.4175155758857727, 0.8099662065505981, -0.03129822015762329, 0.43082180619239807, 0.7330254912376404, 0.007849357090890408, 0.4372211992740631, 0.7970874309539795, -0.011325123719871044, 0.45066240429878235, 0.7622774243354797, -0.02484832890331745, 0.452578604221344, 0.7172542214393616, -0.029279055073857307, 0.4542582631111145, 0.7275514006614685, 0.01356016006320715, 0.46549105644226074, 0.7867339849472046, -0.009093381464481354, 0.4730166792869568, 0.7315630912780762, -0.020234672352671623, 0.46721339225769043, 0.6840959787368774, -0.020123962312936783, 0.47417545318603516, 0.7173075079917908, 0.014315311796963215, 0.4878047704696655, 0.7603889107704163, -0.009135210886597633, 0.48972973227500916, 0.7073155641555786, -0.011240432970225811, 0.4805682897567749, 0.6648603081703186, -0.0039828987792134285, 0.4932911992073059, 0.7028883099555969, 0.013309533707797527, 0.5032429099082947, 0.7383149862289429, -0.0022290456108748913, 0.5028508305549622, 0.6985228061676025, -0.0012799783144146204, 0.49403151869773865, 0.6629288196563721, 0.0055802008137106895]",[]
"[0.4758874475955963, 0.5463177561759949, -2.668167269348487e-07, 0.4432655870914459, 0.5905044078826904, -0.016424592584371567, 0.41991472244262695, 0.6675456166267395, -0.01957406848669052, 0.4164178967475891, 0.7387682199478149, -0.0227435864508152, 0.42395272850990295, 0.7961342334747314, -0.024205155670642853, 0.4325485825538635, 0.726518452167511, 0.0008289687684737146, 0.438510000705719, 0.7841722965240479, -0.020112082362174988, 0.45042282342910767, 0.7482255697250366, -0.0333854965865612, 0.45339012145996094, 0.7032570838928223, -0.03780859708786011, 0.45736420154571533, 0.7212509512901306, 0.0030351197347044945, 0.4679093658924103, 0.7698747515678406, -0.022087199613451958, 0.4751175343990326, 0.7100087404251099, -0.03097495809197426, 0.46999672055244446, 0.6585485935211182, -0.02904130518436432, 0.48060348629951477, 0.7093609571456909, 0.0010574462357908487, 0.49225807189941406, 0.7434227466583252, -0.02271316386759281, 0.4943435490131378, 0.6876953840255737, -0.021569959819316864, 0.4870823621749878, 0.6461364030838013, -0.012601708993315697, 0.5031690001487732, 0.6906487345695496, -0.002394654555246234, 0.5103471279144287, 0.7210456728935242, -0.01770152896642685, 0.5095304250717163, 0.6804907917976379, -0.014871286228299141, 0.502346932888031, 0.6487695574760437, -0.007085150573402643]",[]
"[0.4776879847049713, 0.5111936926841736, -1.9230358816457738e-07, 0.4507639408111572, 0.5752187967300415, -0.007069000042974949, 0.4351727068424225, 0.6582244038581848, -0.007424945943057537, 0.43354758620262146, 0.7236524224281311, -0.010045750997960567, 0.44075483083724976, 0.7733995318412781, -0.011615260504186153, 0.4583001732826233, 0.7111449241638184, 0.008655481040477753, 0.4659848213195801, 0.7644239068031311, -0.008676933124661446, 0.46930283308029175, 0.7296230792999268, -0.020327137783169746, 0.4675537943840027, 0.6857356429100037, -0.023717213422060013, 0.4822656810283661, 0.6983315944671631, 0.006557644810527563, 0.49131521582603455, 0.7413468360900879, -0.012309595011174679, 0.48909249901771545, 0.6835201978683472, -0.01878659799695015, 0.4819570481777191, 0.6385690569877625, -0.01658279076218605, 0.5051143765449524, 0.6774189472198486, 0.001122708315961063, 0.5141210556030273, 0.7097012400627136, -0.01740524172782898, 0.5059629082679749, 0.6548834443092346, -0.01411389745771885, 0.49605613946914673, 0.6178744435310364, -0.005131627433001995, 0.5277189612388611, 0.6497436165809631, -0.005084045697003603, 0.5333884358406067, 0.6853234767913818, -0.015973122790455818, 0.5243117213249207, 0.6474012136459351, -0.009752289392054081, 0.5154582262039185, 0.6202855110168457, -0.00039293302688747644]",[]
"[0.4849453568458557, 0.5159013867378235, -1.206448274615468e-07, 0.4571632444858551, 0.5630680322647095, -0.010584020055830479, 0.4457952380180359, 0.6461051106452942, -0.011383387260138988, 0.4501495063304901, 0.7088041305541992, -0.012818551622331142, 0.4631071388721466, 0.7564898729324341, -0.013373631052672863, 0.47584375739097595, 0.6902076601982117, 0.0031871201936155558, 0.4814930856227875, 0.7363142967224121, -0.014351005665957928, 0.48002585768699646, 0.7087699174880981, -0.025126226246356964, 0.47640541195869446, 0.6694366335868835, -0.028156235814094543, 0.5005151033401489, 0.6774024963378906, 0.0029421562794595957, 0.5076887607574463, 0.7246147990226746, -0.01699458435177803, 0.49929067492485046, 0.666975736618042, -0.023292135447263718, 0.4899481236934662, 0.6199547648429871, -0.020809229463338852, 0.5237094759941101, 0.6547419428825378, -0.0004662659193854779, 0.529133141040802, 0.6942403316497803, -0.021980084478855133, 0.516533613204956, 0.6365596055984497, -0.01858421601355076, 0.5071839690208435, 0.5968210101127625, -0.008810237981379032, 0.5464335680007935, 0.6228064298629761, -0.0044572423212230206, 0.5472472310066223, 0.6621721982955933, -0.018969669938087463, 0.5358289480209351, 0.6240951418876648, -0.013866458088159561, 0.5283118486404419, 0.5955532789230347, -0.005021489690989256]",[]
"[0.4870263338088989, 0.5163720846176147, -9.662825561917998e-08, 0.4593956172466278, 0.5642924904823303, -0.011419218964874744, 0.44924396276474, 0.6473954916000366, -0.012618719600141048, 0.45496270060539246, 0.7121355533599854, -0.014273751527071, 0.4690065383911133, 0.7602411508560181, -0.014969744719564915, 0.48031380772590637, 0.6896035671234131, 0.0016015145229175687, 0.4883236885070801, 0.7427339553833008, -0.015477227047085762, 0.4854045510292053, 0.7142980098724365, -0.025182144716382027, 0.4787646532058716, 0.6748764514923096, -0.027444949373602867, 0.5050505995750427, 0.6759871244430542, 0.0017538360552862287, 0.5128486752510071, 0.7253056764602661, -0.019168958067893982, 0.5038028359413147, 0.6674321889877319, -0.025794053450226784, 0.49244293570518494, 0.6190098524093628, -0.023216968402266502, 0.5281385779380798, 0.6534385681152344, -0.0011770871933549643, 0.5346837043762207, 0.696038007736206, -0.023519296199083328, 0.5205910205841064, 0.637208104133606, -0.02078711986541748, 0.5078157186508179, 0.5947259664535522, -0.011215787380933762, 0.5501853227615356, 0.6218312382698059, -0.0047398945316672325, 0.5526795983314514, 0.6620990037918091, -0.02106252685189247, 0.5400377511978149, 0.6239111423492432, -0.01760980114340782, 0.5293487906455994, 0.5932033658027649, -0.009568242356181145]","[0.4780486524105072, 0.41230717301368713, 4.312886048296605e-09, 0.5051899552345276, 0.43969279527664185, -0.020404942333698273, 0.5174617171287537, 0.4650987386703491, -0.036282844841480255, 0.5166013240814209, 0.4680063724517822, -0.05143291875720024, 0.5028315186500549, 0.46086254715919495, -0.0663338452577591, 0.4656439423561096, 0.5066900849342346, -0.023392757400870323, 0.44303879141807556, 0.5364391207695007, -0.042358074337244034, 0.4410358965396881, 0.5190631747245789, -0.056491196155548096, 0.44517961144447327, 0.4908623695373535, -0.06374451518058777, 0.4459940493106842, 0.47858038544654846, -0.022437550127506256, 0.4255726933479309, 0.5007722973823547, -0.04591112211346626, 0.4325694441795349, 0.4673800468444824, -0.05908073112368584, 0.44261854887008667, 0.42728784680366516, -0.06303783506155014, 0.4323779344558716, 0.4480174481868744, -0.02340223640203476, 0.41788434982299805, 0.4548049867153168, -0.04621297866106033, 0.4268307685852051, 0.41987472772598267, -0.05313916876912117, 0.43840911984443665, 0.3851012885570526, -0.0516534224152565, 0.4248194694519043, 0.41491684317588806, -0.025281010195612907, 0.41120973229408264, 0.40853151679039, -0.04208719730377197, 0.4126359820365906, 0.38390982151031494, -0.04405862092971802, 0.4172299802303314, 0.356331467628479, -0.04095235839486122]"
"[0.4888439476490021, 0.40753743052482605, -1.2362556844891515e-07, 0.5077462196350098, 0.46184003353118896, -0.018738795071840286, 0.5138615369796753, 0.5072627663612366, -0.03334644436836243, 0.501234233379364, 0.5431591272354126, -0.04672049731016159, 0.4794275760650635, 0.5572850108146667, -0.05832712724804878, 0.4671049416065216, 0.526799738407135, -0.026203885674476624, 0.44138291478157043, 0.5442368984222412, -0.048625342547893524, 0.4415179491043091, 0.5150184035301208, -0.061523545533418655, 0.44820427894592285, 0.48320960998535156, -0.06713048368692398, 0.4484247863292694, 0.49144428968429565, -0.02643747255206108, 0.42389941215515137, 0.488580584526062, -0.05427737534046173, 0.4369111955165863, 0.44853639602661133, -0.06363280862569809, 0.4516095817089081, 0.4109422564506531, -0.06412261724472046, 0.4352867603302002, 0.45433181524276733, -0.02864006534218788, 0.4153151214122772, 0.4422726035118103, -0.05529429018497467, 0.4303516149520874, 0.4049608111381531, -0.05594731494784355, 0.4467596411705017, 0.3735993802547455, -0.04915928468108177, 0.4280141294002533, 0.41794613003730774, -0.03172902762889862, 0.4107683598995209, 0.40205973386764526, -0.05093730241060257, 0.41868358850479126, 0.37421631813049316, -0.04946031793951988, 0.4283503293991089, 0.3504507839679718, -0.042828693985939026]","[0.4896072745323181, 0.5195111036300659, -1.3435885648505064e-07, 0.45943325757980347, 0.5615947842597961, -0.013800614513456821, 0.4433407783508301, 0.6440216898918152, -0.015361899510025978, 0.44744381308555603, 0.7120152115821838, -0.016878584399819374, 0.46037593483924866, 0.7645057439804077, -0.01723349839448929, 0.4716736376285553, 0.6916673183441162, 0.0014019476948305964, 0.47848957777023315, 0.7451277375221252, -0.017054712399840355, 0.47936469316482544, 0.716091513633728, -0.0274446252733469, 0.47596269845962524, 0.6765947937965393, -0.02978523261845112, 0.4964252710342407, 0.6803275942802429, 0.002644392428919673, 0.5055508613586426, 0.7347179651260376, -0.0195576474070549, 0.5004799962043762, 0.6749580502510071, -0.026186175644397736, 0.48995599150657654, 0.6262034177780151, -0.022727670148015022, 0.5199123620986938, 0.660270631313324, 0.0002994790847878903, 0.5268146395683289, 0.7028478980064392, -0.02371320128440857, 0.5164751410484314, 0.6414614915847778, -0.021140851080417633, 0.5045176148414612, 0.600422739982605, -0.010709377937018871, 0.543239951133728, 0.631337583065033, -0.0028210158925503492, 0.5465425848960876, 0.6706165671348572, -0.019690198823809624, 0.5360732674598694, 0.6299891471862793, -0.016093559563159943, 0.5254127383232117, 0.5999959111213684, -0.007447588723152876]"
"[0.4850620925426483, 0.420110285282135, -1.726836273974186e-07, 0.4812873601913452, 0.4994424283504486, -0.005773364566266537, 0.4722387492656708, 0.5611037015914917, -0.009262665174901485, 0.45838844776153564, 0.6114180088043213, -0.01410865131765604, 0.45013776421546936, 0.6366825699806213, -0.017895309254527092, 0.46220695972442627, 0.5681256651878357, -0.003471862990409136, 0.4469095468521118, 0.5827810764312744, -0.01656881347298622, 0.4444437325000763, 0.5454482436180115, -0.024266669526696205, 0.44621407985687256, 0.51334148645401, -0.026880230754613876, 0.4569633901119232, 0.5310581922531128, -0.007194177247583866, 0.4339960217475891, 0.5175833106040955, -0.02638421021401882, 0.4406554102897644, 0.4720916748046875, -0.03393339738249779, 0.44942858815193176, 0.4335479140281677, -0.03361307829618454, 0.45241570472717285, 0.4940459132194519, -0.012040818110108376, 0.43337565660476685, 0.4742914140224457, -0.03266815096139908, 0.4417630732059479, 0.43008989095687866, -0.03228705748915672, 0.4514506161212921, 0.39431166648864746, -0.025256598368287086, 0.4506717324256897, 0.4559689164161682, -0.01690714992582798, 0.43305543065071106, 0.4453831613063812, -0.03097786381840706, 0.43814635276794434, 0.41328561305999756, -0.027108093723654747, 0.44308462738990784, 0.38574790954589844, -0.018965041264891624]","[0.486722856760025, 0.5212751626968384, -2.3756759048865206e-07, 0.4541206359863281, 0.560327410697937, -0.014455649070441723, 0.43502500653266907, 0.6418551206588745, -0.016554314643144608, 0.436544805765152, 0.7129911780357361, -0.01874166540801525, 0.449917733669281, 0.7658641934394836, -0.019905051216483116, 0.46006035804748535, 0.7001403570175171, 0.0004859021573793143, 0.4667741656303406, 0.7531133890151978, -0.018910154700279236, 0.4722222089767456, 0.7208441495895386, -0.030348049476742744, 0.47067949175834656, 0.6780117750167847, -0.03357924520969391, 0.4856325387954712, 0.6891915202140808, 0.0017971800407394767, 0.4953305721282959, 0.7393799424171448, -0.020702719688415527, 0.49388325214385986, 0.6774336695671082, -0.02731701359152794, 0.48435357213020325, 0.6282351016998291, -0.02424517646431923, 0.5091894865036011, 0.6693747639656067, -0.0005759545019827783, 0.5191262364387512, 0.7092181444168091, -0.02425297163426876, 0.512045681476593, 0.6475682258605957, -0.02117745205760002, 0.5008644461631775, 0.6061298251152039, -0.010935012251138687, 0.5319491028785706, 0.6421188712120056, -0.003914573695510626, 0.5381407141685486, 0.6793321967124939, -0.01995711214840412, 0.5302823781967163, 0.6375271081924438, -0.01568945311009884, 0.5208385586738586, 0.6079767346382141, -0.006933134980499744]"
"[0.4806494116783142, 0.5185866951942444, -2.649042016855674e-07, 0.44879403710365295, 0.5665029287338257, -0.012919691391289234, 0.42894941568374634, 0.6465945243835449, -0.014687173999845982, 0.4269314706325531, 0.7179586291313171, -0.017123490571975708, 0.4363543391227722, 0.7730096578598022, -0.01840970851480961, 0.44891127943992615, 0.7067919969558716, 0.004619474522769451, 0.45591551065444946, 0.759526252746582, -0.013333681970834732, 0.46472033858299255, 0.7273600101470947, -0.024950653314590454, 0.4646909236907959, 0.6847882270812988, -0.02864227071404457, 0.4735164940357208, 0.696230947971344, 0.005337102338671684, 0.4830896854400635, 0.7473076581954956, -0.015295055694878101, 0.4859046936035156, 0.6891853213310242, -0.022513676434755325, 0.47789663076400757, 0.6410146951675415, -0.02022271230816841, 0.4959763288497925, 0.6775672435760498, 0.002399240620434284, 0.5055087804794312, 0.7153029441833496, -0.018885759636759758, 0.5025503635406494, 0.6590193510055542, -0.016996275633573532, 0.4927330017089844, 0.6197754740715027, -0.007975920103490353, 0.5175985097885132, 0.6523741483688354, -0.0015587271191179752, 0.5248867869377136, 0.6890461444854736, -0.015130301006138325, 0.5192049145698547, 0.6495612263679504, -0.01064498070627451, 0.5097302198410034, 0.6201387047767639, -0.002040345221757889]",[]
"[0.43768826127052307, 0.39808690547943115, 2.3114581892969e-07, 0.40376588702201843, 0.4523783028125763, -0.01744917593896389, 0.3981504738330841, 0.5472772121429443, -0.019380483776330948, 0.407986581325531, 0.6245359182357788, -0.022168651223182678, 0.41440972685813904, 0.6881039142608643, -0.024932703003287315, 0.43653279542922974, 0.6049520373344421, 0.011214747093617916, 0.44873353838920593, 0.6625176668167114, 0.0016339123249053955, 0.4525979161262512, 0.7023338675498962, -0.008529223501682281, 0.4522174596786499, 0.7221779823303223, -0.015125582925975323, 0.46185681223869324, 0.588932991027832, 0.011640172451734543, 0.4827324450016022, 0.67713862657547, -0.005015791859477758, 0.47412794828414917, 0.6680088043212891, -0.018276914954185486, 0.4607451558113098, 0.6295582056045532, -0.02212788537144661, 0.48229652643203735, 0.5596868991851807, 0.008357977494597435, 0.5004734992980957, 0.6402310132980347, -0.013476181775331497, 0.48507368564605713, 0.6195052862167358, -0.021347343921661377, 0.4686817228794098, 0.5778123736381531, -0.019599471241235733, 0.501043975353241, 0.5190473794937134, 0.0036672449205070734, 0.5092740058898926, 0.5844380855560303, -0.016251035034656525, 0.49494579434394836, 0.5801064372062683, -0.02222016267478466, 0.47894227504730225, 0.5510353446006775, -0.0215369313955307]",[]
"[0.4106549620628357, 0.5393751859664917, -3.6478869702705197e-08, 0.3791169226169586, 0.5895935893058777, -0.01025986298918724, 0.3710571527481079, 0.6755225658416748, -0.012910841032862663, 0.3769707679748535, 0.7431673407554626, -0.01767364703118801, 0.38009703159332275, 0.7979596853256226, -0.021701179444789886, 0.40892618894577026, 0.7400672435760498, 0.009675814770162106, 0.41934067010879517, 0.7940879464149475, -0.004794360138475895, 0.41203588247299194, 0.8196333646774292, -0.014042393304407597, 0.4023074507713318, 0.8161605000495911, -0.017072388902306557, 0.4306499660015106, 0.7311826944351196, 0.0071178157813847065, 0.43502891063690186, 0.7998479604721069, -0.014870359562337399, 0.41665536165237427, 0.7487775087356567, -0.02127804420888424, 0.40787526965141296, 0.6945642828941345, -0.01691232994198799, 0.45162659883499146, 0.7138504981994629, 0.0012767314910888672, 0.4527443051338196, 0.7739554643630981, -0.02472645230591297, 0.4316442310810089, 0.7178311347961426, -0.022385912016034126, 0.4242503046989441, 0.6653834581375122, -0.011015476658940315, 0.4743659496307373, 0.68582683801651, -0.00509923929348588, 0.4695463180541992, 0.7445825934410095, -0.025263480842113495, 0.4504256248474121, 0.7084183692932129, -0.021738119423389435, 0.4434627592563629, 0.6649006605148315, -0.012254809960722923]","[0.4132143259048462, 0.3130124807357788, -1.9526667927038943e-07, 0.43618327379226685, 0.36679893732070923, -0.013978068716824055, 0.44607043266296387, 0.4076775312423706, -0.0307296309620142, 0.45509395003318787, 0.42704102396965027, -0.04803747683763504, 0.46109864115715027, 0.4286693334579468, -0.06470397114753723, 0.3822610378265381, 0.45346927642822266, -0.02667292021214962, 0.36000651121139526, 0.48598021268844604, -0.05062935873866081, 0.37084275484085083, 0.4655489921569824, -0.06743248552083969, 0.3863603472709656, 0.4393787682056427, -0.07602875679731369, 0.3664812743663788, 0.41962331533432007, -0.030197858810424805, 0.3655064105987549, 0.4215831756591797, -0.0521945059299469, 0.3813360631465912, 0.39736929535865784, -0.06089796498417854, 0.39416372776031494, 0.37938883900642395, -0.0644335150718689, 0.3589215576648712, 0.37944233417510986, -0.03548833727836609, 0.3656902015209198, 0.36868226528167725, -0.05320597440004349, 0.38042569160461426, 0.3489474654197693, -0.05334537848830223, 0.3956941068172455, 0.3350028693675995, -0.050849951803684235, 0.3580942153930664, 0.3395538330078125, -0.04202201962471008, 0.3630051612854004, 0.3260999917984009, -0.0529230535030365, 0.37375444173812866, 0.31367331743240356, -0.049940746277570724, 0.38535451889038086, 0.3051058053970337, -0.0453106090426445]"
"[0.4767400026321411, 0.5252310633659363, -2.3297209850170475e-07, 0.44673582911491394, 0.5658981800079346, -0.020613251253962517, 0.42209485173225403, 0.6437742710113525, -0.024508381262421608, 0.41807064414024353, 0.7184498310089111, -0.02740338258445263, 0.4268571138381958, 0.7780920267105103, -0.02783927135169506, 0.43556684255599976, 0.7077103853225708, 0.0021955789998173714, 0.4433676600456238, 0.7648229002952576, -0.017783042043447495, 0.45661866664886475, 0.7268893718719482, -0.029747381806373596, 0.4592578709125519, 0.6837431788444519, -0.0328160859644413, 0.4580885171890259, 0.7007378339767456, 0.0076227146200835705, 0.47226575016975403, 0.7511575222015381, -0.01653665490448475, 0.4799502491950989, 0.6909770965576172, -0.024867692962288857, 0.4726574122905731, 0.642289936542511, -0.02175714820623398, 0.478674978017807, 0.6874760985374451, 0.008294636383652687, 0.49435919523239136, 0.7199751138687134, -0.015216721221804619, 0.4960143268108368, 0.665239691734314, -0.0148597601801157, 0.4852389395236969, 0.625903308391571, -0.005545150022953749, 0.498383104801178, 0.6694883704185486, 0.007232240401208401, 0.5100148320198059, 0.6967717409133911, -0.007590457797050476, 0.5091735124588013, 0.659444272518158, -0.0057918778620660305, 0.49889764189720154, 0.6302850842475891, 0.0018918794812634587]",[]
"[0.47343266010284424, 0.5358894467353821, -1.8030877413366397e-07, 0.4431019127368927, 0.5669455528259277, -0.024429598823189735, 0.4175184965133667, 0.6406575441360474, -0.029244201257824898, 0.41356706619262695, 0.7190294861793518, -0.031750187277793884, 0.4190603494644165, 0.7799873352050781, -0.031973209232091904, 0.425370454788208, 0.6999532580375671, 0.0019541503861546516, 0.4339051842689514, 0.7550048232078552, -0.01612255536019802, 0.45099496841430664, 0.7269232869148254, -0.027145719155669212, 0.45609986782073975, 0.6915877461433411, -0.030176378786563873, 0.44778358936309814, 0.6979191899299622, 0.010074733756482601, 0.4615073800086975, 0.7518790364265442, -0.011743439361453056, 0.4720708727836609, 0.6983092427253723, -0.019930142909288406, 0.46694961190223694, 0.6529781222343445, -0.017353210598230362, 0.4683469831943512, 0.6894404292106628, 0.013177278451621532, 0.4831581711769104, 0.7235386967658997, -0.010483413934707642, 0.4871530532836914, 0.6712954640388489, -0.011622820049524307, 0.4783783555030823, 0.6324866414070129, -0.0032881491351872683, 0.4879886507987976, 0.6765949130058289, 0.014497870579361916, 0.49893850088119507, 0.7066025137901306, -0.0020405477844178677, 0.5011200904846191, 0.6683024168014526, -0.0018074259860441089, 0.49319103360176086, 0.6366976499557495, 0.0048874178901314735]",[]
"[0.47562360763549805, 0.41820138692855835, -7.194504103580357e-09, 0.477729856967926, 0.4512191414833069, -0.018421856686472893, 0.4644314646720886, 0.4774097800254822, -0.03011155128479004, 0.4465329647064209, 0.4822860360145569, -0.04018368571996689, 0.4306790232658386, 0.4776700735092163, -0.04905933141708374, 0.4335419535636902, 0.4954807758331299, -0.019978724420070648, 0.416069358587265, 0.5157766938209534, -0.0363658182322979, 0.41099390387535095, 0.5087246894836426, -0.047848235815763474, 0.41626375913619995, 0.4899581968784332, -0.053638920187950134, 0.42330896854400635, 0.4709630608558655, -0.017848500981926918, 0.4056079387664795, 0.47136154770851135, -0.03790449723601341, 0.40351253747940063, 0.4531179666519165, -0.049704164266586304, 0.41172170639038086, 0.4306690990924835, -0.054583195596933365, 0.4188229441642761, 0.44285643100738525, -0.01767672412097454, 0.40305095911026, 0.43196606636047363, -0.03775784745812416, 0.40102750062942505, 0.4125392735004425, -0.04667343944311142, 0.4083043932914734, 0.3939969539642334, -0.048536911606788635, 0.41990628838539124, 0.4156993627548218, -0.0184435173869133, 0.4031246602535248, 0.3977871239185333, -0.03533932939171791, 0.398152232170105, 0.3831064701080322, -0.04199887439608574, 0.40101224184036255, 0.3678262233734131, -0.04342253506183624]","[0.47044235467910767, 0.5416783094406128, 3.506837842337518e-08, 0.448358952999115, 0.5781512260437012, -0.023029744625091553, 0.4256591498851776, 0.6414120197296143, -0.026575036346912384, 0.4163511395454407, 0.7080944776535034, -0.027242349460721016, 0.41726234555244446, 0.7633988857269287, -0.027028044685721397, 0.41249242424964905, 0.6680359840393066, 0.002827696967869997, 0.4111548662185669, 0.721779465675354, -0.004830395802855492, 0.42251986265182495, 0.744873583316803, -0.011988403275609016, 0.43068429827690125, 0.7533283829689026, -0.016366299241781235, 0.4346047341823578, 0.6735864281654358, 0.011759920045733452, 0.4490974545478821, 0.723589301109314, -0.002040550811216235, 0.45956361293792725, 0.6927562355995178, -0.010404648259282112, 0.4591612219810486, 0.6603310704231262, -0.011213812977075577, 0.4564141631126404, 0.6718279123306274, 0.01717878133058548, 0.47360891103744507, 0.7150333523750305, 8.743064245209098e-05, 0.47672489285469055, 0.6747391819953918, -0.0020895113702863455, 0.47030365467071533, 0.6406753063201904, 0.0024070984218269587, 0.4760977029800415, 0.6619892716407776, 0.020910969004034996, 0.48851466178894043, 0.6950394511222839, 0.00648107985034585, 0.4901399612426758, 0.6675052642822266, 0.005314729642122984, 0.4820256233215332, 0.6410617828369141, 0.009269703179597855]"
"[0.4653778672218323, 0.5548206567764282, -1.7044649780473264e-07, 0.4553069472312927, 0.5797067880630493, -0.04315708950161934, 0.43303409218788147, 0.6424413919448853, -0.05534819886088371, 0.4215622544288635, 0.7114274501800537, -0.060681380331516266, 0.41558435559272766, 0.7742401957511902, -0.06208103150129318, 0.3985590934753418, 0.696283757686615, -0.0153496777638793, 0.41918593645095825, 0.7572687864303589, -0.03993050009012222, 0.44242510199546814, 0.7280758023262024, -0.05313621461391449, 0.45131075382232666, 0.6925779581069946, -0.05591508373618126, 0.4161588251590729, 0.7054849863052368, 0.0030870132613927126, 0.4421655535697937, 0.7606826424598694, -0.024905046448111534, 0.4607543349266052, 0.7103691101074219, -0.035151444375514984, 0.4606989920139313, 0.6741819381713867, -0.03289738669991493, 0.4340607523918152, 0.7070677876472473, 0.015135354362428188, 0.4596439599990845, 0.7474582195281982, -0.014637482352554798, 0.47223228216171265, 0.6983141899108887, -0.0174846313893795, 0.4674426019191742, 0.6637786030769348, -0.009055033326148987, 0.44862237572669983, 0.7046359181404114, 0.024174492806196213, 0.46751686930656433, 0.7337298393249512, 0.0023485382553189993, 0.4755699336528778, 0.6961715817451477, -0.0003525299543980509, 0.4699784219264984, 0.6664635539054871, 0.005784697365015745]",[]
[],"[0.48854967951774597, 0.36729881167411804, 1.5006898479441588e-07, 0.48237425088882446, 0.3990131616592407, -0.024278124794363976, 0.46193230152130127, 0.43464750051498413, -0.03221708536148071, 0.4316951036453247, 0.4616320729255676, -0.037044983357191086, 0.4083665609359741, 0.4811910390853882, -0.04063854739069939, 0.4799676537513733, 0.49376651644706726, -0.0038739803712815046, 0.4629693627357483, 0.530663251876831, -0.009415238164365292, 0.4505218267440796, 0.5407560467720032, -0.015956485643982887, 0.44079694151878357, 0.5462999939918518, -0.020330937579274178, 0.47016000747680664, 0.47840753197669983, 0.0054761809296905994, 0.4420830309391022, 0.4937446415424347, -0.007421411573886871, 0.42589929699897766, 0.4735450744628906, -0.019645582884550095, 0.4155730605125427, 0.45097771286964417, -0.024858267977833748, 0.4594525098800659, 0.45694223046302795, 0.01201639138162136, 0.43213358521461487, 0.4645479917526245, -0.0047627720050513744, 0.417011559009552, 0.4441269636154175, -0.01712076924741268, 0.4081104099750519, 0.42018526792526245, -0.02075917087495327, 0.4508611857891083, 0.43258586525917053, 0.017400460317730904, 0.43025320768356323, 0.4342930316925049, 0.0036029769107699394, 0.42228052020072937, 0.42339271306991577, -0.004410215187817812, 0.4174536466598511, 0.408247709274292, -0.006819614674896002]"
[],"[0.4901629686355591, 0.35241609811782837, 2.0593967064996832e-07, 0.4871397912502289, 0.38300344347953796, -0.022946158424019814, 0.4690181016921997, 0.42214858531951904, -0.03069647029042244, 0.43868735432624817, 0.4525250494480133, -0.035816799849271774, 0.4143694341182709, 0.4746987819671631, -0.039825137704610825, 0.483795702457428, 0.4801841080188751, -0.0042069051414728165, 0.46925604343414307, 0.5234251618385315, -0.00910953339189291, 0.4575665593147278, 0.5388386845588684, -0.01460906770080328, 0.44742757081985474, 0.5492778420448303, -0.018344519659876823, 0.4745558500289917, 0.4718009829521179, 0.004447966814041138, 0.45043471455574036, 0.4987616240978241, -0.0044869473204016685, 0.43581217527389526, 0.49537205696105957, -0.014265735633671284, 0.4260087013244629, 0.48936909437179565, -0.019464319571852684, 0.4645768702030182, 0.45581045746803284, 0.010118653997778893, 0.4370858073234558, 0.4683370590209961, -0.005750506184995174, 0.4226873517036438, 0.4447571337223053, -0.01697337068617344, 0.413649320602417, 0.41897350549697876, -0.020357217639684677, 0.4561276137828827, 0.43696415424346924, 0.014694145880639553, 0.4351024329662323, 0.44278672337532043, 0.0010415306314826012, 0.4270018935203552, 0.4283057153224945, -0.006400540936738253, 0.42166754603385925, 0.4094585180282593, -0.008779698051512241]"
[],"[0.4988915026187897, 0.30984053015708923, 1.824690230023407e-07, 0.4894200265407562, 0.34103700518608093, -0.028765656054019928, 0.4702449142932892, 0.3940681517124176, -0.03649621456861496, 0.44456198811531067, 0.43802833557128906, -0.039602071046829224, 0.42342036962509155, 0.4685468375682831, -0.04079630225896835, 0.4900139272212982, 0.460102379322052, -0.00657280720770359, 0.46665099263191223, 0.5012526512145996, -0.011978289112448692, 0.4480963945388794, 0.5051305890083313, -0.017871905118227005, 0.435240775346756, 0.5007545948028564, -0.02091621421277523, 0.47901836037635803, 0.4487808644771576, 0.006501898635178804, 0.44937390089035034, 0.4798412322998047, 0.0003529721579980105, 0.4301842451095581, 0.4709090292453766, -0.0078080263920128345, 0.4171554446220398, 0.4555434286594391, -0.011957305483520031, 0.4667769968509674, 0.4292464554309845, 0.016083279624581337, 0.43840718269348145, 0.4487059712409973, 0.003633549204096198, 0.42238378524780273, 0.4305950999259949, -0.007374889217317104, 0.41234996914863586, 0.4077413082122803, -0.011149190366268158, 0.45577651262283325, 0.4061891436576843, 0.024112412706017494, 0.4320842921733856, 0.42269977927207947, 0.012719730846583843, 0.42048436403274536, 0.4109378457069397, 0.005872196983546019, 0.41336414217948914, 0.39151531457901, 0.004084310028702021]"
"[0.42149120569229126, 0.35948511958122253, -1.596505398993031e-07, 0.44376683235168457, 0.40615350008010864, -0.017017854377627373, 0.45619094371795654, 0.4479057490825653, -0.032826978713274, 0.46650341153144836, 0.4765700101852417, -0.04894912615418434, 0.4702342748641968, 0.49554577469825745, -0.06357049196958542, 0.40090933442115784, 0.5109046101570129, -0.018535220995545387, 0.3703306019306183, 0.5457602739334106, -0.04337131604552269, 0.37385520339012146, 0.5138117074966431, -0.060166455805301666, 0.386966347694397, 0.4774225652217865, -0.06739531457424164, 0.38350510597229004, 0.47363486886024475, -0.020776886492967606, 0.35867515206336975, 0.490261971950531, -0.05017993599176407, 0.3789684772491455, 0.44237977266311646, -0.06104961037635803, 0.4015331268310547, 0.40399169921875, -0.06079992279410362, 0.37320441007614136, 0.4339284598827362, -0.025843361392617226, 0.3582444489002228, 0.43383899331092834, -0.05366482585668564, 0.38099122047424316, 0.3946459889411926, -0.05458351597189903, 0.4037483036518097, 0.36718055605888367, -0.04675928130745888, 0.3681265115737915, 0.3936655521392822, -0.031637873500585556, 0.3540675640106201, 0.3957459330558777, -0.04856141284108162, 0.3689040541648865, 0.36832261085510254, -0.04415354132652283, 0.38523557782173157, 0.3481086492538452, -0.035342611372470856]","[0.41589993238449097, 0.5410346984863281, -3.6827575655706823e-08, 0.38578498363494873, 0.5868737697601318, -0.011018137447535992, 0.376057893037796, 0.6733385920524597, -0.012187534943223, 0.3809847831726074, 0.7388978004455566, -0.014929731376469135, 0.3835318088531494, 0.7923930883407593, -0.017295969650149345, 0.4110550582408905, 0.7294400334358215, 0.011488180607557297, 0.4203070402145386, 0.777375340461731, -0.0024245604872703552, 0.41676002740859985, 0.8069343566894531, -0.011461126618087292, 0.40944287180900574, 0.8094552755355835, -0.014278612099587917, 0.4352341890335083, 0.7209869623184204, 0.010192299261689186, 0.44015201926231384, 0.7864274978637695, -0.012458764016628265, 0.4235805869102478, 0.7327114939689636, -0.01955643855035305, 0.41350439190864563, 0.6782240867614746, -0.014523257501423359, 0.4581754803657532, 0.7036778330802917, 0.005536354146897793, 0.4584783911705017, 0.7574304938316345, -0.021278448402881622, 0.4398336112499237, 0.6972691416740417, -0.019491050392389297, 0.43209803104400635, 0.6473135352134705, -0.007445598021149635, 0.48225849866867065, 0.6747846007347107, 0.00048535200767219067, 0.4789692461490631, 0.7300190329551697, -0.018776433542370796, 0.461859792470932, 0.6921482086181641, -0.014728918671607971, 0.45489245653152466, 0.6517542004585266, -0.004531150683760643]"
"[0.4281786382198334, 0.5429470539093018, -2.1164547092666908e-07, 0.4162455201148987, 0.5742849111557007, -0.048759013414382935, 0.3898482024669647, 0.6320822834968567, -0.061249636113643646, 0.3715214133262634, 0.6951315999031067, -0.06566086411476135, 0.35850438475608826, 0.7508493661880493, -0.06557827442884445, 0.3463083803653717, 0.6826575994491577, -0.023441364988684654, 0.3464721441268921, 0.771087110042572, -0.0465804785490036, 0.3764219582080841, 0.781402051448822, -0.05853189900517464, 0.39704424142837524, 0.7659371495246887, -0.06120854988694191, 0.3626258075237274, 0.6862879991531372, -0.002119984244927764, 0.39126789569854736, 0.7557206153869629, -0.030266614630818367, 0.41445502638816833, 0.7155314683914185, -0.0392550453543663, 0.41487303376197815, 0.6749160289764404, -0.03600912541151047, 0.3807107210159302, 0.6869706511497498, 0.012440226972103119, 0.41310763359069824, 0.7354319095611572, -0.01695920154452324, 0.4286102056503296, 0.6954606771469116, -0.02122793346643448, 0.42405256628990173, 0.6618884801864624, -0.014000048860907555, 0.3959534764289856, 0.6837769746780396, 0.02326200343668461, 0.42002514004707336, 0.7177344560623169, 0.0011401925003156066, 0.43123558163642883, 0.6854448318481445, -0.002812735503539443, 0.4282658100128174, 0.6514332890510559, 0.0023819308262318373]",[]
"[0.4279044270515442, 0.5031825304031372, -1.7134026109033584e-07, 0.39616280794143677, 0.5387089252471924, -0.03174836188554764, 0.3682352602481842, 0.6160764694213867, -0.03866882994771004, 0.35752326250076294, 0.6956585049629211, -0.042404305189847946, 0.3427351117134094, 0.7525258660316467, -0.04323303699493408, 0.3573612570762634, 0.6769770979881287, -0.0016570440493524075, 0.36223864555358887, 0.7429147958755493, -0.02460760995745659, 0.38419151306152344, 0.740871787071228, -0.03841925784945488, 0.3940311670303345, 0.7198816537857056, -0.04323810338973999, 0.3831220269203186, 0.677956223487854, 0.008634498342871666, 0.3980478048324585, 0.7267842888832092, -0.020906411111354828, 0.41465914249420166, 0.6743195652961731, -0.03183327987790108, 0.41208788752555847, 0.6313930153846741, -0.0298321396112442, 0.4081357717514038, 0.6704214215278625, 0.012788825668394566, 0.4255225658416748, 0.7061634659767151, -0.018165763467550278, 0.4350951015949249, 0.6543117165565491, -0.019856052473187447, 0.427692711353302, 0.6155492663383484, -0.010362545028328896, 0.4328303039073944, 0.6560930013656616, 0.014468777924776077, 0.44391578435897827, 0.687368631362915, -0.007698641158640385, 0.44926902651786804, 0.6504412889480591, -0.008772782050073147, 0.44306814670562744, 0.618675947189331, -0.0016397847793996334]",[]
"[0.4217693507671356, 0.42844292521476746, 7.408826974142357e-08, 0.3919728994369507, 0.5049221515655518, -0.007389144040644169, 0.37871024012565613, 0.5925686359405518, -0.006104330066591501, 0.38250380754470825, 0.6647385954856873, -0.006790054962038994, 0.38231387734413147, 0.7225889563560486, -0.007069938350468874, 0.4037189185619354, 0.6381654739379883, 0.018486401066184044, 0.4084559381008148, 0.6907203793525696, 0.009789868257939816, 0.40838003158569336, 0.6946698427200317, 0.0019684224389493465, 0.40438321232795715, 0.6901621222496033, -0.002230075653642416, 0.4286479651927948, 0.6308628916740417, 0.016823073849081993, 0.42743849754333496, 0.6872782111167908, 0.0026300617028027773, 0.42408546805381775, 0.6366883516311646, -0.005110531114041805, 0.421867311000824, 0.5992943048477173, -0.0046681291423738, 0.45169487595558167, 0.6125513315200806, 0.012311101891100407, 0.4499104619026184, 0.6534794569015503, -0.005411863327026367, 0.44219285249710083, 0.6004835963249207, -0.003352563828229904, 0.4385334849357605, 0.5672050714492798, 0.00471549341455102, 0.4756772518157959, 0.5833146572113037, 0.007206264417618513, 0.47194379568099976, 0.6263956427574158, -0.005019731819629669, 0.4630793631076813, 0.5900291204452515, 0.00025336677208542824, 0.45863157510757446, 0.5633351802825928, 0.00884704664349556]",[]
"[0.4039733111858368, 0.31505778431892395, -1.4855740460006928e-07, 0.4241134524345398, 0.35282954573631287, -0.01352029200643301, 0.43075862526893616, 0.3790951669216156, -0.025640694424510002, 0.43425729870796204, 0.38171327114105225, -0.03815498948097229, 0.44266194105148315, 0.375064492225647, -0.049424659460783005, 0.3956069052219391, 0.4304673969745636, -0.019826745614409447, 0.3729315400123596, 0.4749118387699127, -0.0391082763671875, 0.37396878004074097, 0.43816521763801575, -0.04833474010229111, 0.3836144804954529, 0.3976667523384094, -0.050247613340616226, 0.3797808885574341, 0.40427204966545105, -0.020622801035642624, 0.3622620403766632, 0.41612160205841064, -0.043460018932819366, 0.373900830745697, 0.3652939796447754, -0.0492764450609684, 0.38945627212524414, 0.32815980911254883, -0.047234728932380676, 0.37046846747398376, 0.37392863631248474, -0.023285238072276115, 0.35951662063598633, 0.3566979765892029, -0.04431286081671715, 0.37198954820632935, 0.3160074055194855, -0.0451265312731266, 0.38716965913772583, 0.2884129285812378, -0.03903067111968994, 0.3671393096446991, 0.34608936309814453, -0.026404215022921562, 0.3558710217475891, 0.3324316740036011, -0.03662582114338875, 0.36309292912483215, 0.3041902482509613, -0.03240755945444107, 0.37253105640411377, 0.2835111618041992, -0.025518575683236122]","[0.43309342861175537, 0.44049304723739624, -9.1667743618018e-08, 0.4018522799015045, 0.4882669746875763, -0.009326744824647903, 0.3935650885105133, 0.5871685147285461, -0.008374214172363281, 0.4007589817047119, 0.6570418477058411, -0.008292846381664276, 0.4010542333126068, 0.7105282545089722, -0.007940251380205154, 0.4182605743408203, 0.6346508860588074, 0.008003542199730873, 0.4237689971923828, 0.684343695640564, -0.005537779536098242, 0.4247536361217499, 0.7100210189819336, -0.013583921827375889, 0.4229690432548523, 0.7172045111656189, -0.016976507380604744, 0.44291290640830994, 0.6230749487876892, 0.005812640767544508, 0.4473564028739929, 0.6856142282485962, -0.016466215252876282, 0.43558427691459656, 0.6300767660140991, -0.022507626563310623, 0.4279108941555023, 0.583541750907898, -0.01808810979127884, 0.4660094976425171, 0.6002714037895203, 0.0008448688895441592, 0.46911537647247314, 0.6484881639480591, -0.026804568246006966, 0.45194464921951294, 0.5827720761299133, -0.02329259365797043, 0.4438227713108063, 0.5426574945449829, -0.011187771335244179, 0.48949819803237915, 0.5664085149765015, -0.004199649672955275, 0.4881022572517395, 0.6096155643463135, -0.024160834029316902, 0.47347986698150635, 0.5645216107368469, -0.019289400428533554, 0.46771490573883057, 0.534712553024292, -0.009506127797067165]"
"[0.41898325085639954, 0.27487462759017944, -1.746281981240827e-07, 0.43967485427856445, 0.3218975067138672, -0.01230892725288868, 0.4375901222229004, 0.36886873841285706, -0.01994166523218155, 0.42893847823143005, 0.3940501809120178, -0.028393130749464035, 0.42371508479118347, 0.40049850940704346, -0.035360973328351974, 0.3987187445163727, 0.41592299938201904, -0.008931438438594341, 0.37149932980537415, 0.46311071515083313, -0.027552055194973946, 0.37142041325569153, 0.43182945251464844, -0.03851493448019028, 0.3835407793521881, 0.39526593685150146, -0.041787661612033844, 0.3829389214515686, 0.38792234659194946, -0.009943906217813492, 0.3638143837451935, 0.4024031162261963, -0.03439702093601227, 0.3786695897579193, 0.3555542528629303, -0.04395470768213272, 0.39952704310417175, 0.32023873925209045, -0.04363645985722542, 0.3736492395401001, 0.35563036799430847, -0.01316582877188921, 0.3605964779853821, 0.35464540123939514, -0.03767280653119087, 0.37699955701828003, 0.3133699297904968, -0.04060439020395279, 0.3966592252254486, 0.28412115573883057, -0.03452391177415848, 0.36952000856399536, 0.32506242394447327, -0.01674065925180912, 0.35609421133995056, 0.32282787561416626, -0.03242107108235359, 0.3648453950881958, 0.2944421172142029, -0.030620893463492393, 0.37705734372138977, 0.27191266417503357, -0.023703929036855698]","[0.434623658657074, 0.44124120473861694, -6.347550396412771e-08, 0.4035565257072449, 0.4801676869392395, -0.013667523860931396, 0.3930814862251282, 0.5789040923118591, -0.015880262479186058, 0.4009607434272766, 0.653802216053009, -0.018186714500188828, 0.3995661437511444, 0.7086212038993835, -0.019975559785962105, 0.4154749810695648, 0.6306583285331726, 0.0032724246848374605, 0.42160066962242126, 0.6820156574249268, -0.013014838099479675, 0.42502033710479736, 0.7149304151535034, -0.021094536408782005, 0.4248508810997009, 0.7209346890449524, -0.023838214576244354, 0.4422118663787842, 0.6205582022666931, 0.0024856196250766516, 0.4464712142944336, 0.6848419904708862, -0.02294944040477276, 0.4355992376804352, 0.6214981079101562, -0.027011074125766754, 0.4278600811958313, 0.5738925337791443, -0.01978188566863537, 0.4661514461040497, 0.6003456711769104, -0.0017243040492758155, 0.4710026681423187, 0.6499871611595154, -0.03283226117491722, 0.4542497992515564, 0.579852283000946, -0.027310609817504883, 0.44545942544937134, 0.5382707715034485, -0.012594395317137241, 0.4910084009170532, 0.5671960711479187, -0.006377233192324638, 0.49006158113479614, 0.6074281334877014, -0.029877591878175735, 0.47478821873664856, 0.558732807636261, -0.02529190480709076, 0.4674002230167389, 0.5293737053871155, -0.014648604206740856]"
"[0.4159606397151947, 0.30475595593452454, -2.1801227489959274e-08, 0.43580177426338196, 0.33601289987564087, -0.02039513923227787, 0.4450317621231079, 0.3631698787212372, -0.038963742554187775, 0.4507278501987457, 0.36149099469184875, -0.05779630318284035, 0.4552384614944458, 0.3480539321899414, -0.07605661451816559, 0.3946802318096161, 0.42490336298942566, -0.026926100254058838, 0.36860305070877075, 0.4700023829936981, -0.052110861986875534, 0.36866188049316406, 0.4373946189880371, -0.06785128265619278, 0.3810688555240631, 0.40144217014312744, -0.07426472008228302, 0.37775588035583496, 0.3927987217903137, -0.027798790484666824, 0.35655859112739563, 0.40299224853515625, -0.05700892210006714, 0.37437981367111206, 0.3548813462257385, -0.0674942210316658, 0.39769381284713745, 0.3248196244239807, -0.06770908832550049, 0.36811792850494385, 0.35835132002830505, -0.03136516362428665, 0.3554452061653137, 0.35265660285949707, -0.05823809653520584, 0.3758043348789215, 0.3107064366340637, -0.05970306694507599, 0.39789682626724243, 0.28649410605430603, -0.0529707707464695, 0.3636264204978943, 0.32455646991729736, -0.036262985318899155, 0.3505078852176666, 0.3185349404811859, -0.05326967313885689, 0.3606169521808624, 0.29082420468330383, -0.050611041486263275, 0.374660462141037, 0.2717371881008148, -0.04336407780647278]","[0.4286510646343231, 0.45574039220809937, -5.870783859052153e-09, 0.397089421749115, 0.4892551898956299, -0.013980845920741558, 0.38712844252586365, 0.5901649594306946, -0.015437671914696693, 0.39703667163848877, 0.6640768051147461, -0.016679028049111366, 0.3986698389053345, 0.719312846660614, -0.01748713105916977, 0.41400274634361267, 0.6358661651611328, 0.0024952811654657125, 0.4209507703781128, 0.6870803833007812, -0.012864415533840656, 0.4221831262111664, 0.7203185558319092, -0.020327091217041016, 0.4197673201560974, 0.7270757555961609, -0.022891923785209656, 0.4404180347919464, 0.6241928935050964, 0.00211764476262033, 0.44395551085472107, 0.6879123449325562, -0.02315734699368477, 0.43047454953193665, 0.6268998980522156, -0.027791202068328857, 0.4216311275959015, 0.579764187335968, -0.020976459607481956, 0.4638040065765381, 0.6028820872306824, -0.0015381008852273226, 0.46577805280685425, 0.6485776901245117, -0.03277647867798805, 0.44700318574905396, 0.5806124210357666, -0.027989443391561508, 0.4388717710971832, 0.5404699444770813, -0.013799755834043026, 0.4875452220439911, 0.5703006982803345, -0.005512635689228773, 0.4846988022327423, 0.609368085861206, -0.029039787128567696, 0.46891093254089355, 0.5616223216056824, -0.024957122281193733, 0.46319785714149475, 0.5331012606620789, -0.014866266399621964]"
"[0.4142976999282837, 0.3122484087944031, -6.84043754972663e-08, 0.43341514468193054, 0.3471356928348541, -0.018094846978783607, 0.4392692446708679, 0.37589579820632935, -0.035646867007017136, 0.4407094419002533, 0.37501367926597595, -0.05367976427078247, 0.44009995460510254, 0.3604932427406311, -0.07131797075271606, 0.3853970170021057, 0.43615496158599854, -0.025608481839299202, 0.35874122381210327, 0.4746699333190918, -0.049916062504053116, 0.361794114112854, 0.44153136014938354, -0.06526332348585129, 0.37541428208351135, 0.4096269905567169, -0.07193644344806671, 0.3688619136810303, 0.4044170379638672, -0.027821023017168045, 0.3502029478549957, 0.40488940477371216, -0.056859102100133896, 0.3700983226299286, 0.35829249024391174, -0.06760153919458389, 0.39387255907058716, 0.3322085738182068, -0.06848427653312683, 0.3601827025413513, 0.3676239252090454, -0.03227783739566803, 0.34964752197265625, 0.35393428802490234, -0.05942503362894058, 0.3715457320213318, 0.3135976195335388, -0.061241138726472855, 0.3956547975540161, 0.29334166646003723, -0.05501837655901909, 0.35799187421798706, 0.33293774724006653, -0.03771372139453888, 0.34552568197250366, 0.3189326524734497, -0.05480510741472244, 0.35973605513572693, 0.2895866632461548, -0.05151696503162384, 0.3780820667743683, 0.2727952301502228, -0.044011104851961136]","[0.41922950744628906, 0.47053220868110657, 4.1432503650185026e-08, 0.39048078656196594, 0.49893370270729065, -0.015379182994365692, 0.37755024433135986, 0.595963716506958, -0.018064629286527634, 0.3856833279132843, 0.6687368750572205, -0.02019881084561348, 0.38900473713874817, 0.7221003770828247, -0.022345473989844322, 0.40335512161254883, 0.64229816198349, 0.00019316948601044714, 0.40770822763442993, 0.6869997978210449, -0.012919967994093895, 0.41091012954711914, 0.7226728200912476, -0.018661461770534515, 0.4102840721607208, 0.7394371032714844, -0.020804133266210556, 0.4299766719341278, 0.6317558288574219, 0.00032795252627693117, 0.4349866211414337, 0.6967265605926514, -0.023136748000979424, 0.4238845407962799, 0.6367426514625549, -0.02654230035841465, 0.4145835340023041, 0.590464174747467, -0.01926674135029316, 0.45412665605545044, 0.6112947463989258, -0.00259969150647521, 0.45776280760765076, 0.6595189571380615, -0.03243434801697731, 0.44026175141334534, 0.5945873260498047, -0.026767421513795853, 0.43125811219215393, 0.5554284453392029, -0.012219780124723911, 0.4790906012058258, 0.5787773728370667, -0.005935002118349075, 0.4770932197570801, 0.619732677936554, -0.02798001654446125, 0.46189218759536743, 0.5751123428344727, -0.022841935977339745, 0.4557580053806305, 0.5468624830245972, -0.012266161851584911]"
"[0.41784846782684326, 0.542784571647644, -5.379863310395194e-08, 0.38865816593170166, 0.5928898453712463, -0.011684291996061802, 0.38200196623802185, 0.6863356828689575, -0.012128692120313644, 0.390651673078537, 0.753657877445221, -0.013470388017594814, 0.39678215980529785, 0.805400013923645, -0.01466551423072815, 0.41834503412246704, 0.7333275079727173, 0.007330803666263819, 0.42776864767074585, 0.7844350337982178, -0.005436006002128124, 0.42526084184646606, 0.8104893565177917, -0.01332170981913805, 0.4184098243713379, 0.8124334812164307, -0.015773260965943336, 0.4430670142173767, 0.7211759090423584, 0.0066270953975617886, 0.4509150981903076, 0.787718653678894, -0.01426722388714552, 0.43373844027519226, 0.7369441986083984, -0.020296135917305946, 0.42183688282966614, 0.6846867799758911, -0.015502551570534706, 0.465996652841568, 0.700186014175415, 0.002819911576807499, 0.46898937225341797, 0.7562833428382874, -0.022575970739126205, 0.44807565212249756, 0.6985282301902771, -0.020830532535910606, 0.4375742971897125, 0.6497031450271606, -0.00973457470536232, 0.48930585384368896, 0.6683523058891296, -0.0014518342213705182, 0.4871411919593811, 0.7248306274414062, -0.0207594595849514, 0.468373566865921, 0.6884665489196777, -0.01745731383562088, 0.4592929184436798, 0.6484764814376831, -0.008261446841061115]","[0.43371301889419556, 0.387426495552063, -6.994488899181306e-08, 0.4547773599624634, 0.4263971447944641, -0.02736292965710163, 0.4644542336463928, 0.4606848955154419, -0.04876875504851341, 0.471219003200531, 0.48159754276275635, -0.06923714280128479, 0.4745386242866516, 0.502111554145813, -0.08785858750343323, 0.39630642533302307, 0.529291033744812, -0.027270296588540077, 0.36327871680259705, 0.5633890628814697, -0.055783677846193314, 0.36696064472198486, 0.529247522354126, -0.07518710941076279, 0.38370877504348755, 0.49196720123291016, -0.08368437737226486, 0.38113561272621155, 0.490753173828125, -0.025455135852098465, 0.3561491370201111, 0.4910655617713928, -0.05987285077571869, 0.37912866473197937, 0.4429478645324707, -0.07388731092214584, 0.40579891204833984, 0.4139162302017212, -0.07521612197160721, 0.3733552098274231, 0.45239537954330444, -0.027387015521526337, 0.3565342128276825, 0.4408878982067108, -0.059023790061473846, 0.38064301013946533, 0.4017787575721741, -0.0616954006254673, 0.4060829281806946, 0.38068854808807373, -0.054508522152900696, 0.3704189360141754, 0.4160527288913727, -0.03110598213970661, 0.35461464524269104, 0.4064512252807617, -0.051406826823949814, 0.3692881762981415, 0.3801316022872925, -0.0491495318710804, 0.38718560338020325, 0.36527019739151, -0.041154906153678894]"
"[0.41488274931907654, 0.4790087640285492, 9.44459301877032e-08, 0.38484299182891846, 0.5050716400146484, -0.01808810792863369, 0.36927035450935364, 0.6063706874847412, -0.02062365412712097, 0.3775169551372528, 0.6795536875724792, -0.02208605781197548, 0.3781094253063202, 0.7334202527999878, -0.0233681108802557, 0.39626583456993103, 0.6501981019973755, 0.00013493813457898796, 0.3966115117073059, 0.69456946849823, -0.012999352067708969, 0.3965813219547272, 0.7307727932929993, -0.01971934735774994, 0.3935929834842682, 0.7525240182876587, -0.02296387404203415, 0.42245417833328247, 0.6416083574295044, 0.00182034308090806, 0.4257064759731293, 0.7039598822593689, -0.022267097607254982, 0.4153617322444916, 0.6494529247283936, -0.027289487421512604, 0.40603169798851013, 0.6040493845939636, -0.021455636247992516, 0.4472111463546753, 0.622541606426239, 0.00016251113265752792, 0.44977036118507385, 0.6709722876548767, -0.029948724433779716, 0.43332377076148987, 0.6048979163169861, -0.025129690766334534, 0.4238841235637665, 0.563549280166626, -0.011323034763336182, 0.472973495721817, 0.5932708382606506, -0.0022360195871442556, 0.4697622060775757, 0.6328840851783752, -0.025098562240600586, 0.455706387758255, 0.5869240164756775, -0.020837102085351944, 0.4490911662578583, 0.5579701066017151, -0.010830511339008808]","[0.4153275489807129, 0.3132689297199249, -3.681763161011986e-08, 0.43284302949905396, 0.3508065342903137, -0.022700386121869087, 0.4374741315841675, 0.38355451822280884, -0.04213659092783928, 0.4340064525604248, 0.3875620365142822, -0.061091940850019455, 0.42660000920295715, 0.3742888271808624, -0.07880441844463348, 0.38092857599258423, 0.44646966457366943, -0.028639009222388268, 0.3513542115688324, 0.4862675070762634, -0.05509166792035103, 0.3550732433795929, 0.45413506031036377, -0.07077731192111969, 0.3702615797519684, 0.42079341411590576, -0.07725576311349869, 0.3636074364185333, 0.41050198674201965, -0.02908044122159481, 0.3431301712989807, 0.4141572117805481, -0.061074141412973404, 0.3641049563884735, 0.36599430441856384, -0.07159151881933212, 0.3886086642742157, 0.339795857667923, -0.0713237076997757, 0.3553273379802704, 0.37118080258369446, -0.03253021836280823, 0.3435122072696686, 0.3593202531337738, -0.0617498978972435, 0.36531224846839905, 0.3211446702480316, -0.06373971700668335, 0.3898067772388458, 0.3024241328239441, -0.05708391219377518, 0.35370030999183655, 0.3341154456138611, -0.037449873983860016, 0.3421347141265869, 0.31804874539375305, -0.056708186864852905, 0.35672909021377563, 0.2910820543766022, -0.05505187436938286, 0.37608611583709717, 0.27731823921203613, -0.048206184059381485]"
"[0.4117172956466675, 0.49296343326568604, 2.2435092006389823e-08, 0.3817015290260315, 0.5215747952461243, -0.01762458123266697, 0.3643110990524292, 0.6154682636260986, -0.02004702016711235, 0.36860644817352295, 0.6902281045913696, -0.021537361666560173, 0.36637863516807556, 0.7457587122917175, -0.022976726293563843, 0.3863648772239685, 0.6633001565933228, 0.0019269646145403385, 0.3887462317943573, 0.7137778401374817, -0.010692931711673737, 0.39083853363990784, 0.7382053136825562, -0.01735343225300312, 0.3884660601615906, 0.7478296160697937, -0.02008446864783764, 0.4123264253139496, 0.6544417142868042, 0.004620543215423822, 0.41793084144592285, 0.7125750184059143, -0.016440046951174736, 0.41247403621673584, 0.6607040166854858, -0.021610578522086143, 0.404016375541687, 0.6205047965049744, -0.016980797052383423, 0.43691134452819824, 0.6347964406013489, 0.0038689470384269953, 0.44279158115386963, 0.6810534000396729, -0.023395124822854996, 0.431052565574646, 0.6187913417816162, -0.01984548568725586, 0.4208984673023224, 0.5800477266311646, -0.007752482313662767, 0.4614248275756836, 0.606234073638916, 0.002358390251174569, 0.4635275900363922, 0.6483829617500305, -0.0183628611266613, 0.4521579444408417, 0.6030121445655823, -0.014364384114742279, 0.4436483383178711, 0.5723997950553894, -0.004931273870170116]","[0.3933570981025696, 0.3269388973712921, -6.710641997642597e-08, 0.40830180048942566, 0.36090952157974243, -0.02051147073507309, 0.4129355251789093, 0.3898409605026245, -0.038516368716955185, 0.4087882339954376, 0.3996528685092926, -0.055766668170690536, 0.4025452136993408, 0.40000230073928833, -0.0715709924697876, 0.3682079017162323, 0.4459095299243927, -0.0317484475672245, 0.34705349802970886, 0.4887981414794922, -0.058451127260923386, 0.34963124990463257, 0.4580788016319275, -0.07400575280189514, 0.36289548873901367, 0.42548152804374695, -0.08013743907213211, 0.35334816575050354, 0.4151661992073059, -0.03249095007777214, 0.33762073516845703, 0.4170292615890503, -0.06335944682359695, 0.3560279905796051, 0.37356290221214294, -0.07337513566017151, 0.3784933090209961, 0.34935814142227173, -0.07352092862129211, 0.3460335433483124, 0.3786718547344208, -0.03560870513319969, 0.33814817667007446, 0.3628792464733124, -0.06416324526071548, 0.35865747928619385, 0.3281201124191284, -0.06546254456043243, 0.38087767362594604, 0.31108614802360535, -0.05883374065160751, 0.34414079785346985, 0.3436010181903839, -0.03980782628059387, 0.3353571593761444, 0.32715940475463867, -0.05871196091175079, 0.34895646572113037, 0.30225807428359985, -0.056214217096567154, 0.3663199543952942, 0.28954893350601196, -0.048923082649707794]"
"[0.4158233106136322, 0.4969595670700073, -1.0207707568099522e-08, 0.3828544020652771, 0.5346805453300476, -0.016152873635292053, 0.3610324263572693, 0.6187765002250671, -0.01653110980987549, 0.3583988547325134, 0.6913715600967407, -0.015788644552230835, 0.35798707604408264, 0.7395498752593994, -0.015116279013454914, 0.37550973892211914, 0.6572180390357971, 0.0008410742739215493, 0.3740480840206146, 0.7141922116279602, -0.008198762312531471, 0.372308611869812, 0.7335366010665894, -0.014458013698458672, 0.36710795760154724, 0.7482768297195435, -0.018719352781772614, 0.4006541669368744, 0.6578426361083984, 0.00444542383775115, 0.40809166431427, 0.7073594331741333, -0.012774191796779633, 0.41018059849739075, 0.6571747064590454, -0.01799706742167473, 0.40404653549194336, 0.6198293566703796, -0.015768717974424362, 0.42415139079093933, 0.6491620540618896, 0.005097218789160252, 0.43305641412734985, 0.695087194442749, -0.01591164618730545, 0.4296379089355469, 0.63843834400177, -0.012480688281357288, 0.4207988977432251, 0.5991341471672058, -0.0033185393549501896, 0.44669315218925476, 0.6301107406616211, 0.00460708886384964, 0.45091792941093445, 0.6670047044754028, -0.013215537182986736, 0.44733676314353943, 0.6247850656509399, -0.010893050581216812, 0.4399526119232178, 0.5932143926620483, -0.003974674269556999]","[0.38908931612968445, 0.3453189432621002, -4.6472088399696077e-08, 0.4041393995285034, 0.3704178035259247, -0.027628429234027863, 0.40865400433540344, 0.40092793107032776, -0.04740581288933754, 0.4043295383453369, 0.410588800907135, -0.06532454490661621, 0.39303311705589294, 0.4175507724285126, -0.08141770958900452, 0.36844602227211, 0.44537386298179626, -0.035861432552337646, 0.3525860905647278, 0.498641699552536, -0.06297729909420013, 0.3522266149520874, 0.46931207180023193, -0.07928687334060669, 0.36027267575263977, 0.43602454662323, -0.08625857532024384, 0.35299286246299744, 0.4159491956233978, -0.033126503229141235, 0.3354237377643585, 0.4266456067562103, -0.0637955591082573, 0.35000309348106384, 0.3810589909553528, -0.07573647797107697, 0.36842671036720276, 0.3568357229232788, -0.07749415189027786, 0.34466204047203064, 0.38349518179893494, -0.03340965509414673, 0.3337486982345581, 0.3760982155799866, -0.0639631524682045, 0.34974929690361023, 0.33586037158966064, -0.06824801862239838, 0.36858856678009033, 0.31504616141319275, -0.06338518857955933, 0.3412768542766571, 0.35204505920410156, -0.03525900840759277, 0.3290681540966034, 0.3419760465621948, -0.057648852467536926, 0.3353448808193207, 0.31503796577453613, -0.05912270024418831, 0.34711283445358276, 0.2972356081008911, -0.05452727898955345]"
"[0.4127194583415985, 0.5048485994338989, -7.321708750396283e-08, 0.3825017809867859, 0.540213942527771, -0.02801329828798771, 0.35779792070388794, 0.6241810917854309, -0.03415833041071892, 0.3479466140270233, 0.7098883390426636, -0.03820688650012016, 0.3323868215084076, 0.7719820141792297, -0.03998103365302086, 0.3539828062057495, 0.6890446543693542, 0.007920598611235619, 0.34808823466300964, 0.7527366280555725, -0.00985776912420988, 0.36343762278556824, 0.7702518105506897, -0.020631413906812668, 0.37316691875457764, 0.764326274394989, -0.02404963970184326, 0.3785390853881836, 0.6874474287033081, 0.016830364242196083, 0.3920024633407593, 0.73964524269104, -0.00865410827100277, 0.4047289788722992, 0.682783305644989, -0.016836335882544518, 0.3991986811161041, 0.6404466032981873, -0.01249006763100624, 0.4034046530723572, 0.6769354343414307, 0.019637776538729668, 0.4202699363231659, 0.7137125730514526, -0.00968749076128006, 0.4259563088417053, 0.6549332737922668, -0.01006348617374897, 0.41578978300094604, 0.6161916851997375, 0.0008995822863653302, 0.42731279134750366, 0.6607585549354553, 0.020287875086069107, 0.4396324157714844, 0.6949169039726257, -0.0006274486077018082, 0.4419151246547699, 0.6511167287826538, -5.924630386289209e-05, 0.43198123574256897, 0.6178697347640991, 0.008285021409392357]",[]
"[0.40817034244537354, 0.5327176451683044, 1.552811710325841e-07, 0.3913928270339966, 0.5767948031425476, -0.03662197291851044, 0.36499103903770447, 0.6521773934364319, -0.042834728956222534, 0.3457867205142975, 0.7278473377227783, -0.04235922172665596, 0.3294348120689392, 0.7872889041900635, -0.04021712765097618, 0.3318887948989868, 0.664542019367218, -0.0013657644158229232, 0.3254452347755432, 0.7227451801300049, -0.00562494620680809, 0.32696717977523804, 0.7605037689208984, -0.009781246073544025, 0.32395273447036743, 0.788303792476654, -0.012134552001953125, 0.35050225257873535, 0.6719969511032104, 0.01705988310277462, 0.35875818133354187, 0.7383872270584106, 0.0074472371488809586, 0.3792773187160492, 0.7207058668136597, 0.0027015055529773235, 0.3837645947933197, 0.694955587387085, 0.005541581194847822, 0.37227731943130493, 0.67549729347229, 0.030660754069685936, 0.3857119083404541, 0.7341502904891968, 0.016496416181325912, 0.4009411931037903, 0.7027237415313721, 0.013428921811282635, 0.3982902765274048, 0.6726986169815063, 0.01801270991563797, 0.39148959517478943, 0.6761537790298462, 0.041564397513866425, 0.4047836661338806, 0.7173563241958618, 0.0284124743193388, 0.41273659467697144, 0.691594660282135, 0.025419797748327255, 0.4069233238697052, 0.6629021167755127, 0.028835928067564964]",[]
[],"[0.42871570587158203, 0.4219253659248352, 6.201256610438577e-07, 0.4100054204463959, 0.41225647926330566, -0.04763798043131828, 0.38894540071487427, 0.415071040391922, -0.07324574142694473, 0.3601614534854889, 0.4397840201854706, -0.09083545953035355, 0.3351548910140991, 0.4714168608188629, -0.10672827064990997, 0.3774232864379883, 0.5578230619430542, -0.049569252878427505, 0.34280627965927124, 0.6392762064933777, -0.06624230742454529, 0.32837411761283875, 0.7062095403671265, -0.07922334969043732, 0.3199310600757599, 0.7603809237480164, -0.0886206403374672, 0.3861343264579773, 0.5847278833389282, -0.03321265056729317, 0.3580620586872101, 0.6621917486190796, -0.04955112934112549, 0.3444872498512268, 0.7289077639579773, -0.06268075853586197, 0.3357542157173157, 0.7856800556182861, -0.0717955082654953, 0.39273664355278015, 0.5997239947319031, -0.019733309745788574, 0.3755464553833008, 0.6667792201042175, -0.03342283144593239, 0.36730146408081055, 0.7165015935897827, -0.04370295628905296, 0.36067983508110046, 0.755896806716919, -0.05027812346816063, 0.39952757954597473, 0.6052913665771484, -0.010060212574899197, 0.3867340087890625, 0.6565170884132385, -0.020626310259103775, 0.3807232677936554, 0.6862022280693054, -0.02665777876973152, 0.3746681809425354, 0.7085436582565308, -0.030131572857499123]"
"[0.4076998829841614, 0.5800257325172424, -1.73170363382269e-07, 0.4177972674369812, 0.6202651262283325, -0.04894733056426048, 0.40558409690856934, 0.6795251965522766, -0.06412625312805176, 0.3903615176677704, 0.7373600006103516, -0.06910073012113571, 0.3774459958076477, 0.7814702391624451, -0.06944893300533295, 0.3416188061237335, 0.7122544050216675, -0.03987392038106918, 0.3314357399940491, 0.8026354312896729, -0.05451374873518944, 0.359195739030838, 0.821434497833252, -0.0638963133096695, 0.3851996660232544, 0.8161525130271912, -0.06771913170814514, 0.34225553274154663, 0.7198113203048706, -0.016194215044379234, 0.33654019236564636, 0.8048030138015747, -0.02863006480038166, 0.3649497628211975, 0.821432888507843, -0.03791650012135506, 0.3885858356952667, 0.8137226104736328, -0.04256689175963402, 0.3491813838481903, 0.7252905368804932, 0.003241768106818199, 0.351762056350708, 0.794732391834259, -0.007953466847538948, 0.3749191164970398, 0.8039733171463013, -0.017719095572829247, 0.3939513564109802, 0.7967431545257568, -0.022658873349428177, 0.3583117723464966, 0.7289653420448303, 0.018987128511071205, 0.3616054356098175, 0.7775413990020752, 0.00977787934243679, 0.3785911798477173, 0.7858356833457947, 0.0022595482878386974, 0.3937986493110657, 0.7817301154136658, -0.0016718086553737521]",[]
"[0.39747387170791626, 0.6074795722961426, -2.284252609285886e-08, 0.4182533025741577, 0.6245207786560059, -0.05191894620656967, 0.41829609870910645, 0.6700851321220398, -0.07246421277523041, 0.4085589647293091, 0.7220332026481628, -0.08099378645420074, 0.4022463858127594, 0.7651221752166748, -0.08547614514827728, 0.3547977805137634, 0.7099602222442627, -0.06493434309959412, 0.3526293933391571, 0.796735942363739, -0.08257808536291122, 0.3744317591190338, 0.827680766582489, -0.08810274302959442, 0.39852577447891235, 0.8314374089241028, -0.08865737915039062, 0.3444550037384033, 0.7223169207572937, -0.04149806126952171, 0.35167545080184937, 0.804259717464447, -0.05879487097263336, 0.37889671325683594, 0.8260565400123596, -0.06321192532777786, 0.4023291766643524, 0.8184961080551147, -0.06325656920671463, 0.3438323736190796, 0.734112560749054, -0.021163173019886017, 0.3630509376525879, 0.7978014349937439, -0.03844567388296127, 0.38543713092803955, 0.8031056523323059, -0.04449479281902313, 0.4018358588218689, 0.7888690829277039, -0.044925857335329056, 0.34861424565315247, 0.7450066208839417, -0.00416974164545536, 0.36540237069129944, 0.7874864935874939, -0.02039649896323681, 0.37993481755256653, 0.7929016947746277, -0.02787598967552185, 0.39127132296562195, 0.7849631905555725, -0.029752885922789574]",[]
"[0.4360421895980835, 0.39367401599884033, -4.00700770342155e-08, 0.45654743909835815, 0.4339388608932495, -0.026331879198551178, 0.4666972756385803, 0.4720515310764313, -0.047790851444005966, 0.4706328809261322, 0.4925864636898041, -0.06830956041812897, 0.4639131724834442, 0.5056762099266052, -0.08706759661436081, 0.3979501724243164, 0.5329146981239319, -0.02966637909412384, 0.3629956841468811, 0.5652367472648621, -0.06003015115857124, 0.3644251227378845, 0.5329329967498779, -0.08039659261703491, 0.3812406361103058, 0.4961508810520172, -0.08927536010742188, 0.3826689124107361, 0.4930734932422638, -0.02902856096625328, 0.3520042896270752, 0.4958016574382782, -0.06473506987094879, 0.37292566895484924, 0.4522230625152588, -0.07899192720651627, 0.40025246143341064, 0.42646488547325134, -0.08028062433004379, 0.37505897879600525, 0.453424334526062, -0.031919214874506, 0.3570530116558075, 0.4388172924518585, -0.06352598965167999, 0.3811945617198944, 0.4034017324447632, -0.06555154174566269, 0.40691256523132324, 0.38658422231674194, -0.058010850101709366, 0.37383735179901123, 0.4153714179992676, -0.03661007806658745, 0.3576529026031494, 0.40488824248313904, -0.056949347257614136, 0.37248480319976807, 0.37871575355529785, -0.053908806294202805, 0.3910275399684906, 0.3645530641078949, -0.04527314379811287]","[0.41611483693122864, 0.5576065182685852, 2.1136328243187563e-09, 0.3839741051197052, 0.603997528553009, -0.010371057316660881, 0.37498730421066284, 0.6984803676605225, -0.009156557731330395, 0.38075435161590576, 0.7655025720596313, -0.009201549924910069, 0.3906859755516052, 0.8133522868156433, -0.009275858290493488, 0.4045661389827728, 0.7398005127906799, 0.00880841352045536, 0.4121381938457489, 0.7888509035110474, -0.005391990765929222, 0.41597482562065125, 0.8173648715019226, -0.016371507197618484, 0.4155438542366028, 0.8169525861740112, -0.020928187295794487, 0.4309917986392975, 0.729850709438324, 0.008160208351910114, 0.44395360350608826, 0.7905799746513367, -0.013053089380264282, 0.43007686734199524, 0.7506943345069885, -0.022566845640540123, 0.41690492630004883, 0.69896399974823, -0.021046653389930725, 0.4555094242095947, 0.7098187804222107, 0.0045933849178254604, 0.46341872215270996, 0.7632843255996704, -0.020308492705225945, 0.4457273483276367, 0.7107272744178772, -0.020520687103271484, 0.4339160621166229, 0.6597030758857727, -0.011420791037380695, 0.4787873923778534, 0.6790429949760437, 0.0005808881833218038, 0.4810735583305359, 0.7325148582458496, -0.019027812406420708, 0.46606576442718506, 0.6979331970214844, -0.017230909317731857, 0.4563707709312439, 0.6554660797119141, -0.009321781806647778]"
"[0.43002036213874817, 0.5690052509307861, -1.5559550092802965e-07, 0.44691064953804016, 0.5954379439353943, -0.06178313493728638, 0.44259753823280334, 0.6498057842254639, -0.08664491772651672, 0.43319693207740784, 0.7032181024551392, -0.09739232808351517, 0.4271736145019531, 0.7531743049621582, -0.10373307764530182, 0.38027387857437134, 0.7012527585029602, -0.0738738402724266, 0.3928315341472626, 0.7949773073196411, -0.08732710778713226, 0.42194125056266785, 0.8079401850700378, -0.09048687666654587, 0.44537919759750366, 0.7964539527893066, -0.09079430252313614, 0.37644162774086, 0.7105574011802673, -0.04325951635837555, 0.3936479687690735, 0.8014082312583923, -0.057042889297008514, 0.42364585399627686, 0.8133662343025208, -0.06306471675634384, 0.44691339135169983, 0.8010909557342529, -0.06694266200065613, 0.38107478618621826, 0.7177124619483948, -0.015351461246609688, 0.4003187119960785, 0.7928231358528137, -0.02741636522114277, 0.42692893743515015, 0.8012189865112305, -0.035683564841747284, 0.44675981998443604, 0.7919878959655762, -0.04141819849610329, 0.3894932270050049, 0.7268998026847839, 0.00850527174770832, 0.4056706130504608, 0.78019779920578, -0.0031894969288259745, 0.42646220326423645, 0.7892375588417053, -0.012436841614544392, 0.44168296456336975, 0.786415696144104, -0.01880236342549324]",[]
"[0.41813698410987854, 0.5628381967544556, -1.2106245605991717e-07, 0.38363972306251526, 0.58939528465271, -0.015089783817529678, 0.36007818579673767, 0.6724957823753357, -0.015332918614149094, 0.3651098310947418, 0.7402883172035217, -0.014755524694919586, 0.3804045021533966, 0.7822155952453613, -0.013176853768527508, 0.3733510971069336, 0.7436115145683289, -0.0005117445252835751, 0.3694673478603363, 0.8011766076087952, -0.016246074810624123, 0.38348349928855896, 0.825890064239502, -0.025917962193489075, 0.39456668496131897, 0.8201838135719299, -0.02928953617811203, 0.40374621748924255, 0.741297721862793, 0.0010695484234020114, 0.4185665547847748, 0.7943445444107056, -0.01926383003592491, 0.41954052448272705, 0.7423901557922363, -0.02518356963992119, 0.408755362033844, 0.6934710741043091, -0.021820668131113052, 0.4323590397834778, 0.7271265983581543, -0.000607468537054956, 0.4429364502429962, 0.7672739028930664, -0.024604348465800285, 0.43836385011672974, 0.7108849883079529, -0.02290264517068863, 0.42786020040512085, 0.6664672493934631, -0.01322045549750328, 0.46009543538093567, 0.7021094560623169, -0.003238627454265952, 0.46558812260627747, 0.7455294728279114, -0.020239332690835, 0.4591202139854431, 0.7105526328086853, -0.016314804553985596, 0.4501931667327881, 0.6731323599815369, -0.007404544856399298]","[0.43222540616989136, 0.3981460928916931, -8.053842748267925e-08, 0.4508131444454193, 0.4408146142959595, -0.023800838738679886, 0.45555049180984497, 0.48434367775917053, -0.041628964245319366, 0.452690988779068, 0.5049279928207397, -0.058811720460653305, 0.4383830428123474, 0.5050626993179321, -0.07429910451173782, 0.3896198570728302, 0.5227980017662048, -0.0230268407613039, 0.35548317432403564, 0.5586737394332886, -0.04832594096660614, 0.3582223355770111, 0.530509352684021, -0.06478492170572281, 0.37359023094177246, 0.49963682889938354, -0.0716913491487503, 0.37604719400405884, 0.4844091832637787, -0.02174348011612892, 0.348855197429657, 0.48760226368904114, -0.051747262477874756, 0.3696759045124054, 0.4501265585422516, -0.06340312212705612, 0.394053190946579, 0.428598552942276, -0.06400494277477264, 0.36934614181518555, 0.4471033811569214, -0.023921187967061996, 0.3517124056816101, 0.43671005964279175, -0.051985885947942734, 0.3746764659881592, 0.40553584694862366, -0.05389731004834175, 0.3982856571674347, 0.3899153172969818, -0.04698590189218521, 0.36759573221206665, 0.4118243157863617, -0.027733584865927696, 0.3505294919013977, 0.4046764671802521, -0.0462951622903347, 0.3649277985095978, 0.38042181730270386, -0.044002894312143326, 0.3823772668838501, 0.3660515546798706, -0.0364593043923378]"
"[0.43076884746551514, 0.5681788921356201, -1.6946783887306083e-07, 0.4266628623008728, 0.592597246170044, -0.047677669674158096, 0.4151645302772522, 0.6483288407325745, -0.06113786995410919, 0.4129104018211365, 0.7049559950828552, -0.06661150604486465, 0.4099518954753876, 0.7526285648345947, -0.06833504140377045, 0.3637455105781555, 0.7117189168930054, -0.028565773740410805, 0.35992786288261414, 0.7982377409934998, -0.04773548245429993, 0.38689354062080383, 0.8112768530845642, -0.061143115162849426, 0.4089859127998352, 0.8011543154716492, -0.06656462699174881, 0.3795653283596039, 0.7195804119110107, -0.008392078801989555, 0.3830266296863556, 0.7929643392562866, -0.030095957219600677, 0.4107234477996826, 0.7894564270973206, -0.046501655131578445, 0.42570236325263977, 0.7695916295051575, -0.051717936992645264, 0.3954291343688965, 0.7228748202323914, 0.006604644004255533, 0.41077905893325806, 0.765824556350708, -0.017377974465489388, 0.43004995584487915, 0.7381752729415894, -0.033316195011138916, 0.4352439045906067, 0.7033986449241638, -0.03627874702215195, 0.40827134251594543, 0.7214716672897339, 0.018316037952899933, 0.4214252233505249, 0.749955952167511, -3.1985593523131683e-05, 0.43296968936920166, 0.7299812436103821, -0.010065016336739063, 0.4347100853919983, 0.6999373435974121, -0.011795428581535816]",[]
"[0.42551249265670776, 0.5588198900222778, -1.347346056945753e-07, 0.4066182076931, 0.5866166353225708, -0.05189216136932373, 0.3777061700820923, 0.651430606842041, -0.06486138701438904, 0.3625754714012146, 0.7230021357536316, -0.06906183063983917, 0.34903576970100403, 0.7834327816963196, -0.06843739748001099, 0.3477684557437897, 0.7072908282279968, -0.023164520040154457, 0.3515697419643402, 0.789059579372406, -0.0472075529396534, 0.38181912899017334, 0.7816901803016663, -0.05852963775396347, 0.3986864686012268, 0.7553081512451172, -0.060250043869018555, 0.3693424165248871, 0.7090808153152466, -0.0002523104485590011, 0.39414742588996887, 0.7686941027641296, -0.029500840231776237, 0.4166914224624634, 0.7200546860694885, -0.03878706321120262, 0.41530081629753113, 0.6799622178077698, -0.03507903590798378, 0.3920186758041382, 0.7074662446975708, 0.015438780188560486, 0.4198770523071289, 0.742907702922821, -0.016341688111424446, 0.43345949053764343, 0.6954680681228638, -0.020426882430911064, 0.4259032607078552, 0.6630575656890869, -0.012105287052690983, 0.411375492811203, 0.7039031982421875, 0.02754863165318966, 0.4320288300514221, 0.7294064164161682, 0.003885796759277582, 0.4402236342430115, 0.691122829914093, 0.0005617900751531124, 0.43387076258659363, 0.6589362025260925, 0.006907804403454065]","[0.4763411581516266, 0.24364572763442993, 1.6202757535666024e-07, 0.47099167108535767, 0.30724549293518066, -0.02378896437585354, 0.4494178891181946, 0.3603609502315521, -0.03540019318461418, 0.4127199351787567, 0.37672317028045654, -0.0453653559088707, 0.37871962785720825, 0.3802824020385742, -0.05418815091252327, 0.42144474387168884, 0.40857023000717163, -0.005397944711148739, 0.38886213302612305, 0.42327407002449036, -0.023297522217035294, 0.36989539861679077, 0.4049455523490906, -0.041106294840574265, 0.3570466637611389, 0.37281355261802673, -0.0515817366540432, 0.40673837065696716, 0.37562230229377747, -0.000714939262252301, 0.3710247576236725, 0.3895998001098633, -0.017375370487570763, 0.35239389538764954, 0.36966976523399353, -0.035095248371362686, 0.33882153034210205, 0.34366288781166077, -0.04498923569917679, 0.3972332179546356, 0.33628296852111816, 0.00014909516903571784, 0.3629712760448456, 0.35102415084838867, -0.017342394217848778, 0.3477109670639038, 0.33751603960990906, -0.029663044959306717, 0.33916398882865906, 0.31590330600738525, -0.03421587869524956, 0.39205989241600037, 0.2918274700641632, -0.0008151912479661405, 0.36424148082733154, 0.30528491735458374, -0.013419944792985916, 0.35110223293304443, 0.30037274956703186, -0.018482938408851624, 0.3430309593677521, 0.2910515367984772, -0.019437715411186218]"
"[0.4347517490386963, 0.43350428342819214, 1.5455466950697883e-07, 0.40335431694984436, 0.5192740559577942, -0.017759069800376892, 0.38837775588035583, 0.5949895977973938, -0.018641136586666107, 0.3819246292114258, 0.673245370388031, -0.019620124250650406, 0.3728630840778351, 0.7305627465248108, -0.019130127504467964, 0.3861149549484253, 0.6321908831596375, 0.022116482257843018, 0.3858703076839447, 0.6942033171653748, 0.01773977465927601, 0.3938427269458771, 0.7154737114906311, 0.00961608998477459, 0.3964914381504059, 0.7197470664978027, 0.004907445516437292, 0.41160809993743896, 0.6292651295661926, 0.028844470158219337, 0.41255566477775574, 0.69644695520401, 0.019321903586387634, 0.4205513000488281, 0.6808996200561523, 0.0083604222163558, 0.4223259389400482, 0.6573224663734436, 0.005637945141643286, 0.4329899847507477, 0.6210808157920837, 0.0314154326915741, 0.43789753317832947, 0.6784600019454956, 0.018762556836009026, 0.4404902160167694, 0.6543243527412415, 0.013832313939929008, 0.4377841055393219, 0.6229250431060791, 0.01633448153734207, 0.4529415965080261, 0.6059607863426208, 0.03212020918726921, 0.4560771882534027, 0.653035581111908, 0.02185913175344467, 0.45554205775260925, 0.635883629322052, 0.020213795825839043, 0.4507378041744232, 0.610842227935791, 0.023643210530281067]",[]
"[0.4319060742855072, 0.49016380310058594, 4.805828623943853e-08, 0.4003216624259949, 0.5260645151138306, -0.013170681893825531, 0.384763240814209, 0.6224497556686401, -0.013343015685677528, 0.38909196853637695, 0.6949005722999573, -0.013707284815609455, 0.3866857886314392, 0.7475502490997314, -0.014188064262270927, 0.41027507185935974, 0.6669323444366455, 0.004871442448347807, 0.4142228662967682, 0.7188466191291809, -0.00671451585367322, 0.4107665419578552, 0.7438175678253174, -0.013063035905361176, 0.4030114412307739, 0.7521598935127258, -0.015314633958041668, 0.4339832663536072, 0.6576787829399109, 0.005500401370227337, 0.43518856167793274, 0.7193377614021301, -0.014425619505345821, 0.43028563261032104, 0.6701430082321167, -0.01961691491305828, 0.42407986521720886, 0.6238949298858643, -0.015065085142850876, 0.45671603083610535, 0.638736367225647, 0.0030507161282002926, 0.45694848895072937, 0.6855288147926331, -0.02167840301990509, 0.44779908657073975, 0.6252237558364868, -0.018666336312890053, 0.44023218750953674, 0.5824321508407593, -0.007415072526782751, 0.48036399483680725, 0.6123995184898376, 1.791134855011478e-05, 0.47876185178756714, 0.6548416614532471, -0.01799818128347397, 0.468803733587265, 0.6132632493972778, -0.013966734521090984, 0.46156203746795654, 0.5814017057418823, -0.0049818772822618484]",[]
"[0.40387871861457825, 0.3606366515159607, -2.2451517978083757e-08, 0.4218401610851288, 0.39955905079841614, -0.014917412772774696, 0.4305788278579712, 0.4269862174987793, -0.029848022386431694, 0.4397122263908386, 0.43936264514923096, -0.04445147514343262, 0.4506320357322693, 0.4456331133842468, -0.05903469771146774, 0.39391928911209106, 0.45573845505714417, -0.02918596938252449, 0.37910881638526917, 0.47945424914360046, -0.052394699305295944, 0.3781110346317291, 0.46501919627189636, -0.0680505707859993, 0.38487952947616577, 0.4498549997806549, -0.07611523568630219, 0.3774200677871704, 0.4300183057785034, -0.03182174637913704, 0.36172059178352356, 0.43948665261268616, -0.059564415365457535, 0.37308427691459656, 0.4038764238357544, -0.06948898732662201, 0.38850608468055725, 0.3725218176841736, -0.071349136531353, 0.3662732243537903, 0.39969244599342346, -0.035601310431957245, 0.3581357002258301, 0.3890109062194824, -0.060710739344358444, 0.37093719840049744, 0.35646724700927734, -0.06156415492296219, 0.3864326477050781, 0.3304341435432434, -0.05609535798430443, 0.3618873059749603, 0.37078332901000977, -0.04014703258872032, 0.35184580087661743, 0.35850954055786133, -0.05616825446486473, 0.35899049043655396, 0.33639541268348694, -0.05360353738069534, 0.3697221279144287, 0.3178095519542694, -0.047953177243471146]","[0.43293318152427673, 0.4896355867385864, -4.371592154939208e-08, 0.3989222049713135, 0.5171414017677307, -0.015743307769298553, 0.3835314214229584, 0.6160802841186523, -0.01681235246360302, 0.39012056589126587, 0.6948783993721008, -0.0170292928814888, 0.3845476806163788, 0.7496191263198853, -0.016963843256235123, 0.4024360775947571, 0.6602646112442017, 0.003186493879184127, 0.402871698141098, 0.7147945761680603, -0.008188124746084213, 0.4089180529117584, 0.74675053358078, -0.012804419733583927, 0.4102965295314789, 0.7596877813339233, -0.01448660809546709, 0.42904192209243774, 0.6543490290641785, 0.004672750364989042, 0.4334775507450104, 0.7238080501556396, -0.01776837930083275, 0.43108880519866943, 0.6649548411369324, -0.021643279120326042, 0.4235818088054657, 0.6163052320480347, -0.01501038484275341, 0.4536537230014801, 0.6382948756217957, 0.002912081079557538, 0.4585682153701782, 0.6909258961677551, -0.025717860087752342, 0.4487892985343933, 0.6236327886581421, -0.021706394851207733, 0.4391791820526123, 0.5807154178619385, -0.008596476167440414, 0.4793514311313629, 0.6132689714431763, 0.0006116086733527482, 0.47961390018463135, 0.6541046500205994, -0.02085295133292675, 0.4696437120437622, 0.6073293685913086, -0.017791861668229103, 0.4617512822151184, 0.576959490776062, -0.009034236893057823]"
"[0.4282383918762207, 0.4886900782585144, -3.7632386096220216e-08, 0.39366596937179565, 0.5178710222244263, -0.015344777144491673, 0.3788136839866638, 0.6170867085456848, -0.016758473590016365, 0.3839147686958313, 0.6949697732925415, -0.017472144216299057, 0.38048163056373596, 0.7489731311798096, -0.018127888441085815, 0.3960089683532715, 0.6606054902076721, 0.002882900182157755, 0.3971363306045532, 0.7116119861602783, -0.009359903633594513, 0.40015140175819397, 0.7457466125488281, -0.014821290969848633, 0.3991606831550598, 0.7627673149108887, -0.017265086993575096, 0.42276501655578613, 0.6562119126319885, 0.0037751849740743637, 0.4285423755645752, 0.7237039804458618, -0.019694093614816666, 0.42503026127815247, 0.663100004196167, -0.023721009492874146, 0.416989803314209, 0.6163239479064941, -0.016992390155792236, 0.44809508323669434, 0.6418806910514832, 0.0014455869095399976, 0.45493578910827637, 0.6938247084617615, -0.028116244822740555, 0.44417157769203186, 0.624406099319458, -0.023322733119130135, 0.4343240261077881, 0.5816509127616882, -0.009569546207785606, 0.4739599823951721, 0.6166702508926392, -0.0014389626448974013, 0.4751918613910675, 0.6550037264823914, -0.024563340470194817, 0.4643775224685669, 0.605130672454834, -0.021496783941984177, 0.4559234082698822, 0.574475884437561, -0.012446203269064426]","[0.3964070975780487, 0.32742372155189514, -3.8675459279602364e-08, 0.41534411907196045, 0.36945804953575134, -0.015036559663712978, 0.42387449741363525, 0.4075026214122772, -0.02856634370982647, 0.43156009912490845, 0.4317920506000519, -0.04172242805361748, 0.4426330327987671, 0.4456053376197815, -0.054660990834236145, 0.3867543041706085, 0.4396679699420929, -0.027638200670480728, 0.36916691064834595, 0.48394253849983215, -0.05016842484474182, 0.3687156140804291, 0.4818233251571655, -0.06382986158132553, 0.3768397569656372, 0.47570738196372986, -0.07047484070062637, 0.37071657180786133, 0.4161636531352997, -0.02993057109415531, 0.3567676246166229, 0.43626877665519714, -0.05797157436609268, 0.37194928526878357, 0.4019351899623871, -0.06635372340679169, 0.3891865909099579, 0.37393245100975037, -0.0665016621351242, 0.36035069823265076, 0.38634705543518066, -0.033795736730098724, 0.35445377230644226, 0.38513749837875366, -0.0601968988776207, 0.37124139070510864, 0.353715717792511, -0.06088283658027649, 0.3880522847175598, 0.33074134588241577, -0.05473499000072479, 0.35578852891921997, 0.3563949465751648, -0.038338061422109604, 0.3491775393486023, 0.35158634185791016, -0.056106600910425186, 0.3592396676540375, 0.32976481318473816, -0.05436065047979355, 0.37082406878471375, 0.31280118227005005, -0.04867906495928764]"
"[0.381611168384552, 0.3304440677165985, -2.0017488111534476e-07, 0.4002029299736023, 0.37477022409439087, -0.010883754119277, 0.4071193039417267, 0.4103684723377228, -0.021465633064508438, 0.41165539622306824, 0.43338561058044434, -0.03249097242951393, 0.4175660312175751, 0.4468165636062622, -0.04271329939365387, 0.3661816716194153, 0.4413485527038574, -0.019488032907247543, 0.34979626536369324, 0.4690459370613098, -0.04034455493092537, 0.3546808063983917, 0.4451763927936554, -0.05334749445319176, 0.36797407269477844, 0.4222643971443176, -0.058718662708997726, 0.353208065032959, 0.416093647480011, -0.022061357274651527, 0.3503742516040802, 0.4243369698524475, -0.044098056852817535, 0.3674386739730835, 0.3931455910205841, -0.05190938711166382, 0.385976642370224, 0.36919260025024414, -0.052997518330812454, 0.34649574756622314, 0.3871458172798157, -0.02618507295846939, 0.3509804308414459, 0.37725672125816345, -0.047151099890470505, 0.3691173493862152, 0.3511105179786682, -0.04839380085468292, 0.3869382441043854, 0.3323608338832855, -0.043788425624370575, 0.3460577130317688, 0.35901838541030884, -0.030757488682866096, 0.3457689881324768, 0.3497541546821594, -0.043802134692668915, 0.35655930638313293, 0.33079633116722107, -0.04130447655916214, 0.3688971698284149, 0.3164205551147461, -0.03566848114132881]","[0.41845640540122986, 0.5023965835571289, 6.103448413341539e-09, 0.3875236511230469, 0.5328922271728516, -0.014853062108159065, 0.37316951155662537, 0.6261033415794373, -0.01671263389289379, 0.3796560764312744, 0.6996824145317078, -0.0182849932461977, 0.3782997131347656, 0.7537988424301147, -0.02011462114751339, 0.39069679379463196, 0.6692250967025757, 0.004370605107396841, 0.39055782556533813, 0.7176202535629272, -0.00758273946121335, 0.39558976888656616, 0.7521325349807739, -0.013205868192017078, 0.3971332311630249, 0.76860111951828, -0.015567207708954811, 0.4183812141418457, 0.6632960438728333, 0.004991597030311823, 0.4259076416492462, 0.7278390526771545, -0.017194846644997597, 0.42165249586105347, 0.6727794408798218, -0.021297847852110863, 0.412745863199234, 0.6274634003639221, -0.015037848614156246, 0.44369789958000183, 0.6464551687240601, 0.0024097911082208157, 0.44982007145881653, 0.6980468034744263, -0.02655886672437191, 0.4388618469238281, 0.6339571475982666, -0.02240152843296528, 0.42877933382987976, 0.5928888320922852, -0.009133783169090748, 0.4685405492782593, 0.6186891794204712, -0.000592843338381499, 0.47072088718414307, 0.662276566028595, -0.022784939035773277, 0.45979660749435425, 0.6164728403091431, -0.019245300441980362, 0.4511715769767761, 0.5844541788101196, -0.009848911315202713]"
"[0.41884952783584595, 0.5067239999771118, 5.877277331478581e-08, 0.3874538838863373, 0.5385314226150513, -0.017222929745912552, 0.36734992265701294, 0.6277945637702942, -0.018203578889369965, 0.369249165058136, 0.69841068983078, -0.01744702085852623, 0.3755786418914795, 0.7396535277366638, -0.017072733491659164, 0.38523000478744507, 0.6623467206954956, -0.0034416033886373043, 0.3817678391933441, 0.7166482210159302, -0.012577921152114868, 0.3794803023338318, 0.7412563562393188, -0.01780330389738083, 0.3750094175338745, 0.7624574899673462, -0.0213105957955122, 0.4119982421398163, 0.6615172624588013, -0.000277267157798633, 0.4164901673793793, 0.7191513180732727, -0.01861390843987465, 0.4156145453453064, 0.6689584255218506, -0.023212622851133347, 0.408623069524765, 0.6305715441703796, -0.019791152328252792, 0.43673083186149597, 0.6503491401672363, 0.00035249118809588253, 0.44163623452186584, 0.7001975774765015, -0.023958349600434303, 0.4346398115158081, 0.6389358639717102, -0.02044050581753254, 0.4254024028778076, 0.5979830026626587, -0.0099317766726017, 0.46052923798561096, 0.6299365758895874, 0.00021006986207794398, 0.4618176519870758, 0.6697148084640503, -0.020337939262390137, 0.4550830125808716, 0.6252409219741821, -0.017628975212574005, 0.44734349846839905, 0.5922990441322327, -0.009796973317861557]","[0.3762190639972687, 0.352062463760376, -1.5750336501696438e-07, 0.3922286927700043, 0.39062970876693726, -0.018086150288581848, 0.4006666839122772, 0.4236953556537628, -0.033186815679073334, 0.40711724758148193, 0.44255632162094116, -0.04745333641767502, 0.4110240340232849, 0.450773686170578, -0.06058230251073837, 0.36049243807792664, 0.4432923495769501, -0.02853737212717533, 0.3444065749645233, 0.4627416729927063, -0.051739152520895004, 0.35362690687179565, 0.4368426203727722, -0.06603694707155228, 0.3686605393886566, 0.4119505286216736, -0.0722598135471344, 0.3487905263900757, 0.41542112827301025, -0.02836621180176735, 0.3447897434234619, 0.4199787974357605, -0.05203870311379433, 0.3610226809978485, 0.3925186097621918, -0.06108907237648964, 0.3786947727203369, 0.3723706901073456, -0.06349314004182816, 0.3425178825855255, 0.38566258549690247, -0.03014080971479416, 0.34352344274520874, 0.3775103688240051, -0.05327140539884567, 0.3595142066478729, 0.3530566096305847, -0.05578999221324921, 0.3767518103122711, 0.33558952808380127, -0.052244339138269424, 0.341398149728775, 0.3592005670070648, -0.03282073885202408, 0.3384305536746979, 0.34686988592147827, -0.0486600287258625, 0.3473910391330719, 0.3276813328266144, -0.04795881360769272, 0.3593268394470215, 0.313903272151947, -0.04369660094380379]"
"[0.41895005106925964, 0.5189132690429688, -1.8248046274038643e-07, 0.38520506024360657, 0.5501203536987305, -0.025049857795238495, 0.3626871407032013, 0.6384900808334351, -0.029895519837737083, 0.3606131672859192, 0.718288242816925, -0.032370418310165405, 0.35512274503707886, 0.7748421430587769, -0.03249316290020943, 0.3788653016090393, 0.6903830170631409, -0.0007621370605193079, 0.38848626613616943, 0.7389505505561829, -0.02097838930785656, 0.39947015047073364, 0.6995859742164612, -0.0322076715528965, 0.40153199434280396, 0.6661664843559265, -0.03521769493818283, 0.40432703495025635, 0.6848698854446411, 0.006845896132290363, 0.41429203748703003, 0.7307816743850708, -0.01736123487353325, 0.4166409969329834, 0.6712112426757812, -0.024273674935102463, 0.40939727425575256, 0.6313242316246033, -0.02068972960114479, 0.42797496914863586, 0.6706101894378662, 0.00916281808167696, 0.43801218271255493, 0.7132282853126526, -0.0188125129789114, 0.4346986711025238, 0.6484649777412415, -0.017078625038266182, 0.4241405129432678, 0.6072537899017334, -0.006052580662071705, 0.44935479760169983, 0.6496507525444031, 0.009865999221801758, 0.45429858565330505, 0.6876472234725952, -0.010524144396185875, 0.4510873258113861, 0.6401516795158386, -0.008878233842551708, 0.44231751561164856, 0.6062867045402527, -0.0005709248362109065]","[0.37800464034080505, 0.37903499603271484, -2.1784576631489472e-07, 0.39117246866226196, 0.40937304496765137, -0.019088519737124443, 0.3961479663848877, 0.4407308101654053, -0.033416617661714554, 0.3978697955608368, 0.46073806285858154, -0.046448685228824615, 0.39368265867233276, 0.47169196605682373, -0.058162957429885864, 0.35627302527427673, 0.44627705216407776, -0.027081431820988655, 0.3454320728778839, 0.4585721790790558, -0.046276602894067764, 0.35769352316856384, 0.430305540561676, -0.05892118066549301, 0.3704617917537689, 0.40557295083999634, -0.06498365104198456, 0.3471090793609619, 0.4172689616680145, -0.025308750569820404, 0.34278935194015503, 0.4193553924560547, -0.04524030163884163, 0.35723423957824707, 0.3916642367839813, -0.055242862552404404, 0.3713488280773163, 0.37328508496284485, -0.05955519527196884, 0.3420518934726715, 0.3909023404121399, -0.025125721469521523, 0.3400992453098297, 0.3851190209388733, -0.04560139775276184, 0.35285714268684387, 0.35815855860710144, -0.05020401254296303, 0.3665493130683899, 0.3392566442489624, -0.04913393035531044, 0.34061548113822937, 0.3687586188316345, -0.025865430012345314, 0.3347961902618408, 0.36029237508773804, -0.04094132035970688, 0.3398985266685486, 0.33902639150619507, -0.04247232526540756, 0.3481700122356415, 0.32181352376937866, -0.04053940996527672]"
"[0.41593191027641296, 0.5188371539115906, -1.3477600191436068e-07, 0.38697847723960876, 0.5477834939956665, -0.028759974986314774, 0.361481636762619, 0.6306326389312744, -0.03425302729010582, 0.35569924116134644, 0.7183676362037659, -0.03668118640780449, 0.34527140855789185, 0.7809245586395264, -0.035950563848018646, 0.36344897747039795, 0.690356433391571, 0.002414771355688572, 0.3736169636249542, 0.7547370195388794, -0.01849730871617794, 0.392456978559494, 0.7378904223442078, -0.030308948829770088, 0.39941906929016113, 0.7087308764457703, -0.033391375094652176, 0.3881012201309204, 0.6872944831848145, 0.012443606741726398, 0.4054301083087921, 0.7387092709541321, -0.013616187497973442, 0.4138745963573456, 0.6823991537094116, -0.021934345364570618, 0.40831121802330017, 0.6420254707336426, -0.018611043691635132, 0.41154277324676514, 0.6764134168624878, 0.01646541990339756, 0.4295305013656616, 0.7108139395713806, -0.012775104492902756, 0.4307262599468231, 0.6530815362930298, -0.013210181146860123, 0.42040571570396423, 0.6160731315612793, -0.0031656089704483747, 0.4341470003128052, 0.6602121591567993, 0.018447700887918472, 0.4450870454311371, 0.6886144876480103, -0.002810353646054864, 0.4453660547733307, 0.6440985202789307, -0.0033005555160343647, 0.4359242618083954, 0.6135371327400208, 0.003931570332497358]",[]
"[0.42680639028549194, 0.38832271099090576, -5.642629830049373e-08, 0.44501882791519165, 0.4357045590877533, -0.023186642676591873, 0.4477366805076599, 0.4786667227745056, -0.039720747619867325, 0.4372676908969879, 0.5020599961280823, -0.05539360269904137, 0.41913992166519165, 0.5051354765892029, -0.06906287372112274, 0.38811609148979187, 0.5224865674972534, -0.018701016902923584, 0.3571651577949524, 0.5527719259262085, -0.041008658707141876, 0.35815271735191345, 0.528236448764801, -0.05609075725078583, 0.36971592903137207, 0.49829259514808655, -0.06300073862075806, 0.3732267916202545, 0.4837183654308319, -0.017483137547969818, 0.3463459610939026, 0.49085044860839844, -0.045121774077415466, 0.3636195659637451, 0.4514678716659546, -0.05627499148249626, 0.384709894657135, 0.42176735401153564, -0.05691180378198624, 0.36508679389953613, 0.4445594847202301, -0.019739190116524696, 0.3450074791908264, 0.43888524174690247, -0.04650777205824852, 0.3634042739868164, 0.4077951908111572, -0.04958074167370796, 0.3850523829460144, 0.3854285776615143, -0.043927229940891266, 0.36141088604927063, 0.4057403802871704, -0.023580240085721016, 0.3442727029323578, 0.3993547558784485, -0.04248999059200287, 0.3562552034854889, 0.37651118636131287, -0.04211624711751938, 0.37303659319877625, 0.35896164178848267, -0.03626634553074837]","[0.418464332818985, 0.5757284164428711, -7.961504167042222e-08, 0.3842688202857971, 0.5825868248939514, -0.020591555163264275, 0.3526079058647156, 0.6606833338737488, -0.023704105988144875, 0.3451901376247406, 0.7352650761604309, -0.024289442226290703, 0.3536936342716217, 0.7869799733161926, -0.024322446435689926, 0.3558952212333679, 0.7303810119628906, -0.00856079813092947, 0.3447940945625305, 0.7871084809303284, -0.025873182341456413, 0.3564397990703583, 0.8145732879638672, -0.03614533692598343, 0.3692009747028351, 0.8161002993583679, -0.04018137976527214, 0.3832949101924896, 0.7379016876220703, -0.004222577903419733, 0.3954298496246338, 0.7913925647735596, -0.02797812595963478, 0.4018970727920532, 0.7376183271408081, -0.03438866138458252, 0.3959842622280121, 0.6852628588676453, -0.03074369765818119, 0.41138166189193726, 0.733866274356842, -0.003320650663226843, 0.4227104187011719, 0.7708112597465515, -0.031010480597615242, 0.42423343658447266, 0.7090922594070435, -0.029055975377559662, 0.4171826243400574, 0.6611157655715942, -0.018230892717838287, 0.43919795751571655, 0.7201086282730103, -0.0035327032674103975, 0.44453445076942444, 0.7537825107574463, -0.024437393993139267, 0.4435725212097168, 0.7086700201034546, -0.02138061448931694, 0.4374198317527771, 0.6687890291213989, -0.012280749157071114]"
"[0.4155297577381134, 0.5363149642944336, 7.31110105789412e-08, 0.3933142125606537, 0.5575008988380432, -0.03490522876381874, 0.36595574021339417, 0.6295571327209473, -0.041571032255887985, 0.35380667448043823, 0.7078644633293152, -0.041828352957963943, 0.34115493297576904, 0.7661944627761841, -0.041040435433387756, 0.3449629247188568, 0.6462670564651489, -0.01065362524241209, 0.33796748518943787, 0.7079986333847046, -0.0180169939994812, 0.34150078892707825, 0.740911066532135, -0.022982463240623474, 0.34103816747665405, 0.7647507190704346, -0.02620229497551918, 0.36827707290649414, 0.6593345403671265, 0.0056577688083052635, 0.38411739468574524, 0.7150872349739075, -0.009947746992111206, 0.3987623453140259, 0.6871387958526611, -0.016894157975912094, 0.3994758129119873, 0.6567631959915161, -0.015638763085007668, 0.39199790358543396, 0.6655641794204712, 0.01797322928905487, 0.41002774238586426, 0.7088756561279297, -0.0015578550519421697, 0.41881176829338074, 0.6681453585624695, -0.005238271784037352, 0.41401928663253784, 0.6349681615829468, -0.0006168494001030922, 0.41159406304359436, 0.6659345626831055, 0.02814471535384655, 0.4256795048713684, 0.6954730153083801, 0.011052252724766731, 0.43131887912750244, 0.6630637645721436, 0.007585568353533745, 0.42505666613578796, 0.6342757344245911, 0.010763962753117085]",[]
"[0.41568848490715027, 0.523729145526886, 1.0891658064338117e-07, 0.4004046320915222, 0.5607177019119263, -0.03644182160496712, 0.3719366192817688, 0.6284634470939636, -0.04286155849695206, 0.35153672099113464, 0.6994214057922363, -0.04268046095967293, 0.33217233419418335, 0.7529394030570984, -0.040307749062776566, 0.33577120304107666, 0.6258716583251953, -0.0017755742883309722, 0.3244256377220154, 0.6944487690925598, -0.006413244176656008, 0.3295811116695404, 0.7357105612754822, -0.010584008879959583, 0.333962619304657, 0.7586755752563477, -0.012257656082510948, 0.35430726408958435, 0.6372334361076355, 0.0168541818857193, 0.3591271638870239, 0.7135668992996216, 0.007267520762979984, 0.37888428568840027, 0.7079818248748779, 0.0006047387723810971, 0.3868156671524048, 0.6846922636032104, 0.0017789157573133707, 0.37541013956069946, 0.6453785300254822, 0.030830685049295425, 0.38514193892478943, 0.7079793214797974, 0.01740974560379982, 0.40028640627861023, 0.6861768960952759, 0.011693130247294903, 0.4015134274959564, 0.6585947275161743, 0.014082551002502441, 0.3937119245529175, 0.6522037982940674, 0.04220741614699364, 0.40344759821891785, 0.6958456039428711, 0.030093470588326454, 0.4128116965293884, 0.6756858229637146, 0.026076847687363625, 0.41112467646598816, 0.6476198434829712, 0.028233924880623817]",[]
"[0.4128780961036682, 0.5413031578063965, -3.924893832163434e-08, 0.4057121276855469, 0.574291467666626, -0.04950325936079025, 0.37934666872024536, 0.6345216035842896, -0.06129518151283264, 0.35493820905685425, 0.6951145529747009, -0.06336445361375809, 0.3340723216533661, 0.7446060180664062, -0.06254075467586517, 0.3353418707847595, 0.6519699096679688, -0.02754781022667885, 0.3232673406600952, 0.7326080799102783, -0.043159522116184235, 0.34214040637016296, 0.7607675790786743, -0.051250338554382324, 0.3606981337070465, 0.760406494140625, -0.05256931856274605, 0.3456057906150818, 0.6623022556304932, -0.0030544097535312176, 0.35531702637672424, 0.7391790151596069, -0.022997025400400162, 0.38472431898117065, 0.7248861193656921, -0.0308470968157053, 0.39802226424217224, 0.6883639097213745, -0.028304846957325935, 0.3583766222000122, 0.669796884059906, 0.01591017283499241, 0.3762873709201813, 0.7266244292259216, -0.007144673261791468, 0.3998715877532959, 0.6998147964477539, -0.013904928229749203, 0.4050745666027069, 0.6626408100128174, -0.009527009911835194, 0.3685666024684906, 0.6760217547416687, 0.03161829710006714, 0.3835954964160919, 0.7139797210693359, 0.012424575164914131, 0.3997716009616852, 0.6916327476501465, 0.006697054486721754, 0.4027092456817627, 0.6600980758666992, 0.009665028192102909]",[]
[],"[0.43607911467552185, 0.3593446612358093, 7.294477768482466e-07, 0.43385329842567444, 0.3655722737312317, -0.05349491909146309, 0.41908445954322815, 0.39113444089889526, -0.07886486500501633, 0.3846842646598816, 0.4290616512298584, -0.0954432487487793, 0.35418739914894104, 0.4654311239719391, -0.11046334356069565, 0.40031465888023376, 0.5281662940979004, -0.050085339695215225, 0.36053669452667236, 0.6149535179138184, -0.07034028321504593, 0.33867257833480835, 0.684704601764679, -0.08511564135551453, 0.32530510425567627, 0.7351869344711304, -0.09355602413415909, 0.39565518498420715, 0.5459897518157959, -0.030510060489177704, 0.3566691279411316, 0.6340461373329163, -0.049709152430295944, 0.34310388565063477, 0.703331708908081, -0.06194651871919632, 0.3373482823371887, 0.7521347403526306, -0.06729946285486221, 0.3919559717178345, 0.5507553815841675, -0.015104931779205799, 0.3619176149368286, 0.6056750416755676, -0.03648888319730759, 0.3629791736602783, 0.6277835965156555, -0.04698927700519562, 0.3669899106025696, 0.6444032192230225, -0.04817509651184082, 0.39085668325424194, 0.544547975063324, -0.0035326355136930943, 0.36859244108200073, 0.5919348001480103, -0.0204340647906065, 0.36861589550971985, 0.6070536375045776, -0.025612877681851387, 0.3718058168888092, 0.6167559027671814, -0.0247275959700346]"
"[0.41015592217445374, 0.5763589143753052, 9.712976201114998e-09, 0.4191797077655792, 0.5783243775367737, -0.038149144500494, 0.4177464544773102, 0.624325692653656, -0.0556778684258461, 0.41288262605667114, 0.6859872937202454, -0.06405189633369446, 0.4100266993045807, 0.734530508518219, -0.07048012316226959, 0.3764764070510864, 0.6458944082260132, -0.060932815074920654, 0.3781687319278717, 0.7053092122077942, -0.08291831612586975, 0.39454522728919983, 0.7377840876579285, -0.0934663712978363, 0.41266414523124695, 0.7544286251068115, -0.09868577867746353, 0.3766148090362549, 0.6738240122795105, -0.04585394263267517, 0.3881125748157501, 0.7288564443588257, -0.06391481310129166, 0.40885424613952637, 0.748713493347168, -0.06669178605079651, 0.42177897691726685, 0.7518346309661865, -0.06731574237346649, 0.3822336196899414, 0.6925435662269592, -0.03287443146109581, 0.39965131878852844, 0.7359947562217712, -0.05103890970349312, 0.4166966676712036, 0.7415340542793274, -0.05144411697983742, 0.424661785364151, 0.7351990938186646, -0.049121562391519547, 0.39135438203811646, 0.7026941776275635, -0.022164780646562576, 0.4044094979763031, 0.7347164750099182, -0.0376979224383831, 0.4161330461502075, 0.7395739555358887, -0.03991564363241196, 0.42198485136032104, 0.7343162298202515, -0.038812652230262756]",[]
"[0.4002559781074524, 0.5748127698898315, 2.7668439983585813e-08, 0.4298871159553528, 0.591251015663147, -0.02885541506111622, 0.44075554609298706, 0.6382871270179749, -0.0454365611076355, 0.4317567050457001, 0.6931595206260681, -0.055196065455675125, 0.42186516523361206, 0.7347249388694763, -0.06352641433477402, 0.3947952687740326, 0.6549836993217468, -0.05526374280452728, 0.38864850997924805, 0.7217304110527039, -0.074485644698143, 0.40208762884140015, 0.7595244646072388, -0.08290211856365204, 0.4183115065097809, 0.7745192050933838, -0.08630214631557465, 0.3762737512588501, 0.6674768328666687, -0.04493752866983414, 0.3767397999763489, 0.7334049940109253, -0.0616309717297554, 0.39444974064826965, 0.7697620987892151, -0.06420764327049255, 0.4114847779273987, 0.7788231372833252, -0.0647016167640686, 0.3665251135826111, 0.6775646209716797, -0.035456519573926926, 0.37305888533592224, 0.7383708357810974, -0.05085122212767601, 0.391603946685791, 0.7684480547904968, -0.05230052024126053, 0.40772905945777893, 0.7763159871101379, -0.05095541849732399, 0.36356598138809204, 0.6849252581596375, -0.027376987040042877, 0.37270984053611755, 0.737396776676178, -0.04082326218485832, 0.38715043663978577, 0.7631154656410217, -0.04390089213848114, 0.400629460811615, 0.768961489200592, -0.04376586899161339]",[]
"[0.4180852472782135, 0.3895052671432495, -4.971122535835093e-08, 0.4344160556793213, 0.43432652950286865, -0.021248765289783478, 0.43470412492752075, 0.47455283999443054, -0.034817565232515335, 0.4232626259326935, 0.49689725041389465, -0.047404225915670395, 0.41090449690818787, 0.509823739528656, -0.05822845175862312, 0.3818674385547638, 0.5012767910957336, -0.014634567312896252, 0.35621675848960876, 0.5342564582824707, -0.03366204723715782, 0.35536816716194153, 0.5182371139526367, -0.04659032076597214, 0.3642593026161194, 0.4931533932685852, -0.05220945551991463, 0.36762017011642456, 0.46883514523506165, -0.012815313413739204, 0.3452390432357788, 0.48415160179138184, -0.03665102273225784, 0.3591200113296509, 0.44852274656295776, -0.04677911102771759, 0.37625351548194885, 0.4182336926460266, -0.047118641436100006, 0.3597885072231293, 0.43582698702812195, -0.014188784174621105, 0.34198829531669617, 0.4382149577140808, -0.03908703848719597, 0.35724151134490967, 0.4060807526111603, -0.04221579432487488, 0.37491196393966675, 0.3802214562892914, -0.03661824390292168, 0.35589295625686646, 0.40179988741874695, -0.01687757298350334, 0.3409329950809479, 0.39931729435920715, -0.035337723791599274, 0.3490336239337921, 0.3767606019973755, -0.035719215869903564, 0.3610609173774719, 0.3575226664543152, -0.03034101240336895]","[0.4208528399467468, 0.5542555451393127, -1.0698402519437877e-07, 0.3853164315223694, 0.5844874978065491, -0.01029213983565569, 0.36284542083740234, 0.6467272639274597, -0.010637340135872364, 0.3512730896472931, 0.7014039754867554, -0.011624661274254322, 0.3440384566783905, 0.7361961603164673, -0.011771268211305141, 0.36920174956321716, 0.6966239213943481, 0.009379970841109753, 0.37270277738571167, 0.7416443824768066, -0.0014332395512610674, 0.38007718324661255, 0.72280353307724, -0.010042071342468262, 0.3827754557132721, 0.6967108845710754, -0.01343935914337635, 0.39169907569885254, 0.7072837352752686, 0.011450801976025105, 0.3979678750038147, 0.7496863603591919, -0.001448128023184836, 0.402496874332428, 0.7094076871871948, -0.00814113486558199, 0.400800883769989, 0.6725819706916809, -0.007643625605851412, 0.41335806250572205, 0.7103546857833862, 0.01049007847905159, 0.41973578929901123, 0.7482051253318787, -0.0038363393396139145, 0.42052412033081055, 0.7039604783058167, -0.003565977793186903, 0.4169011414051056, 0.666268527507782, 0.0022563317324966192, 0.43388861417770386, 0.7039996981620789, 0.008609489537775517, 0.4362438917160034, 0.7394829988479614, -0.002543272217735648, 0.4356766641139984, 0.7059323191642761, -0.0008706580847501755, 0.4310985803604126, 0.6757127046585083, 0.004994186107069254]"
"[0.42703863978385925, 0.46737515926361084, -1.2372241542379925e-07, 0.45704197883605957, 0.4805516004562378, -0.04121233522891998, 0.4694667160511017, 0.5228112936019897, -0.06421838700771332, 0.4665786027908325, 0.5797690749168396, -0.07892069965600967, 0.46506983041763306, 0.6332345008850098, -0.09084977954626083, 0.41634416580200195, 0.5794247388839722, -0.06056549400091171, 0.43472954630851746, 0.648637056350708, -0.08630386739969254, 0.461134135723114, 0.6711415648460388, -0.09936778247356415, 0.4823223948478699, 0.6663257479667664, -0.10423414409160614, 0.40060919523239136, 0.5983389616012573, -0.04603378474712372, 0.42733699083328247, 0.665935218334198, -0.06782916933298111, 0.45459479093551636, 0.6740328073501587, -0.07294661551713943, 0.47286736965179443, 0.6561118364334106, -0.07359491288661957, 0.3945823907852173, 0.6099833846092224, -0.034305013716220856, 0.4259512722492218, 0.6645197868347168, -0.05283058434724808, 0.45256471633911133, 0.6650518178939819, -0.05372444912791252, 0.4694218337535858, 0.6498138308525085, -0.051228951662778854, 0.3974113464355469, 0.6155190467834473, -0.0255921371281147, 0.42474165558815, 0.6584087014198303, -0.040925994515419006, 0.4474089741706848, 0.6645422577857971, -0.044850241392850876, 0.4641587436199188, 0.6571899056434631, -0.04477919265627861]",[]
[],"[0.44964638352394104, 0.44221264123916626, -1.8166326753998874e-07, 0.47568005323410034, 0.469312846660614, -0.01692403480410576, 0.48582613468170166, 0.5169766545295715, -0.028137529268860817, 0.4802984297275543, 0.5608870387077332, -0.0381086990237236, 0.47606930136680603, 0.6005926728248596, -0.04666759818792343, 0.46201181411743164, 0.6111506223678589, -0.01126611977815628, 0.472444087266922, 0.6489915251731873, -0.030473677441477776, 0.4876348376274109, 0.6510023474693298, -0.045765262097120285, 0.4985131323337555, 0.6350225210189819, -0.053770970553159714, 0.44117432832717896, 0.6166195273399353, -0.010967141017317772, 0.45674678683280945, 0.653052568435669, -0.026387689635157585, 0.4737510085105896, 0.6457298398017883, -0.03539041429758072, 0.48621127009391785, 0.6247608065605164, -0.03907429799437523, 0.4243014454841614, 0.6085151433944702, -0.013851276598870754, 0.4427683651447296, 0.6330287456512451, -0.027532953768968582, 0.45940765738487244, 0.6214568018913269, -0.02999047562479973, 0.4710598587989807, 0.6002193689346313, -0.029311303049325943, 0.4107446074485779, 0.5872969627380371, -0.018773125484585762, 0.4313920736312866, 0.5899282097816467, -0.030047621577978134, 0.4476914405822754, 0.5771271586418152, -0.03189606964588165, 0.45998620986938477, 0.5599461197853088, -0.030569806694984436]"
"[0.45166897773742676, 0.4170331358909607, -3.208512566743593e-07, 0.48690637946128845, 0.4441399574279785, -0.028833551332354546, 0.49485450983047485, 0.4937213063240051, -0.04476916790008545, 0.4956342279911041, 0.5478260517120361, -0.056062452495098114, 0.49719563126564026, 0.5910965204238892, -0.06537904590368271, 0.4358086585998535, 0.5881859660148621, -0.03349557891488075, 0.47678402066230774, 0.6265046000480652, -0.05448835343122482, 0.5030907392501831, 0.615413248538971, -0.06906741857528687, 0.5174610614776611, 0.5960022211074829, -0.07662340253591537, 0.42963939905166626, 0.5993409752845764, -0.024762002751231194, 0.477835088968277, 0.6339548826217651, -0.04544219747185707, 0.5001047849655151, 0.6081663370132446, -0.055714551359415054, 0.509292483329773, 0.5802631974220276, -0.06025625765323639, 0.4308141767978668, 0.6013278365135193, -0.018450409173965454, 0.4774041771888733, 0.6317431926727295, -0.036031387746334076, 0.49889081716537476, 0.6064717769622803, -0.03886747732758522, 0.5080537796020508, 0.5810492038726807, -0.03780360519886017, 0.4385083019733429, 0.5958335399627686, -0.014479677192866802, 0.4735771417617798, 0.6180239915847778, -0.027720967307686806, 0.4942135512828827, 0.6037338376045227, -0.03043198585510254, 0.5063897371292114, 0.5880966782569885, -0.029519297182559967]",[]
"[0.41807156801223755, 0.5753933191299438, -1.0066811029219025e-07, 0.3904922604560852, 0.5740580558776855, -0.03566979244351387, 0.35304123163223267, 0.6392394304275513, -0.04372439533472061, 0.33275505900382996, 0.7181555032730103, -0.04547344520688057, 0.32240283489227295, 0.7831423878669739, -0.0456756092607975, 0.34139737486839294, 0.681342363357544, -0.021409472450613976, 0.33491766452789307, 0.7427209615707397, -0.04133657366037369, 0.34681642055511475, 0.7583975195884705, -0.05281343683600426, 0.35298529267311096, 0.7582706809043884, -0.05774279311299324, 0.36324256658554077, 0.7050204873085022, -0.007363887503743172, 0.3807126581668854, 0.7566326856613159, -0.033284883946180344, 0.3980451822280884, 0.7137939929962158, -0.04108821228146553, 0.396728515625, 0.6727432608604431, -0.03908642381429672, 0.3861786723136902, 0.7172755599021912, 0.0019819498993456364, 0.4055440127849579, 0.756156325340271, -0.02595551684498787, 0.41625526547431946, 0.7045955061912537, -0.025853682309389114, 0.40969064831733704, 0.6627185940742493, -0.017272328957915306, 0.40712326765060425, 0.719157338142395, 0.008916596882045269, 0.421440988779068, 0.7468445897102356, -0.013295784592628479, 0.4284517765045166, 0.7072625756263733, -0.014858825132250786, 0.4211347699165344, 0.6738321185112, -0.009265313856303692]",[]
"[0.47597041726112366, 0.41988933086395264, -3.2590855880698655e-07, 0.49816974997520447, 0.4289138615131378, -0.030665064230561256, 0.5088723301887512, 0.474297434091568, -0.04742783308029175, 0.5128828287124634, 0.5236719846725464, -0.05846705660223961, 0.5197945237159729, 0.5640080571174622, -0.06690583378076553, 0.4705033302307129, 0.5770852565765381, -0.03588980436325073, 0.49779120087623596, 0.5870288610458374, -0.06218460202217102, 0.5119598507881165, 0.5527541637420654, -0.07911211997270584, 0.5190818309783936, 0.5277735590934753, -0.08783095329999924, 0.4674685299396515, 0.5902747511863708, -0.02837863378226757, 0.49964648485183716, 0.5981173515319824, -0.0524650476872921, 0.5131444334983826, 0.5546241402626038, -0.06027425080537796, 0.5169041156768799, 0.5286941528320312, -0.06205715984106064, 0.46942323446273804, 0.5911716818809509, -0.024195464327931404, 0.5046262741088867, 0.5795560479164124, -0.044771648943424225, 0.5098865032196045, 0.5317142009735107, -0.04139511287212372, 0.5076310038566589, 0.5097039341926575, -0.03549706190824509, 0.47365012764930725, 0.580751359462738, -0.022721264511346817, 0.5033061504364014, 0.5597633123397827, -0.03705412149429321, 0.5074370503425598, 0.5195419192314148, -0.03445729613304138, 0.5046411752700806, 0.5028611421585083, -0.029185257852077484]",[]
"[0.48737120628356934, 0.40443140268325806, -2.756177934770676e-07, 0.5099726319313049, 0.39460307359695435, -0.040031399577856064, 0.5247282981872559, 0.43446117639541626, -0.06122897192835808, 0.5313020348548889, 0.49056562781333923, -0.07399635016918182, 0.54564368724823, 0.5296151638031006, -0.08384638279676437, 0.4984707534313202, 0.538314938545227, -0.05416309833526611, 0.5266910791397095, 0.5632650852203369, -0.08262044936418533, 0.5454114079475403, 0.5357195734977722, -0.09762509167194366, 0.5571998357772827, 0.5093154907226562, -0.1047777608036995, 0.49216216802597046, 0.5580611824989319, -0.041265733540058136, 0.5223341584205627, 0.565409243106842, -0.06712743639945984, 0.5267343521118164, 0.5153737664222717, -0.07032644003629684, 0.5234123468399048, 0.49184346199035645, -0.06863238662481308, 0.4908312261104584, 0.5646413564682007, -0.032054122537374496, 0.5214453935623169, 0.5507543683052063, -0.054588302969932556, 0.5217919945716858, 0.5005353093147278, -0.04754728451371193, 0.5173115730285645, 0.4824410676956177, -0.03914039582014084, 0.49093538522720337, 0.5623041391372681, -0.026053979992866516, 0.5160576105117798, 0.5448839664459229, -0.04252850264310837, 0.5173680782318115, 0.5038711428642273, -0.03939158096909523, 0.513789176940918, 0.49000972509384155, -0.03369375690817833]",[]
"[0.4886782765388489, 0.392822265625, -2.1238395220279926e-07, 0.5168846249580383, 0.3613337576389313, -0.052820835262537, 0.5412245988845825, 0.3845272958278656, -0.0804007351398468, 0.554699182510376, 0.4376752972602844, -0.09569745510816574, 0.5714902877807617, 0.4852305054664612, -0.10781146585941315, 0.5123359560966492, 0.4944324791431427, -0.07960094511508942, 0.5538083910942078, 0.5305655598640442, -0.10729873180389404, 0.5808394551277161, 0.5152151584625244, -0.1195768266916275, 0.5960408449172974, 0.4867236614227295, -0.12471040338277817, 0.5070334076881409, 0.5306946039199829, -0.058905456215143204, 0.550561249256134, 0.5520835518836975, -0.08432119339704514, 0.5682225227355957, 0.5136253833770752, -0.0879925787448883, 0.5725065469741821, 0.48008179664611816, -0.08746230602264404, 0.5078465342521667, 0.549315869808197, -0.04102098196744919, 0.5500550866127014, 0.5461637377738953, -0.061747509986162186, 0.5612713098526001, 0.5038372278213501, -0.0593089796602726, 0.5631990432739258, 0.479294091463089, -0.055272527039051056, 0.511900782585144, 0.556220531463623, -0.026847941800951958, 0.5453451871871948, 0.5428695678710938, -0.04457346349954605, 0.5566376447677612, 0.5089189410209656, -0.046908993273973465, 0.5605051517486572, 0.49141985177993774, -0.04570663720369339]",[]
"[0.5123767256736755, 0.3677721619606018, -1.509646239128415e-07, 0.5387902855873108, 0.32298076152801514, -0.052649009972810745, 0.5716804265975952, 0.3356705605983734, -0.08154360949993134, 0.5987083315849304, 0.3902885913848877, -0.09578442573547363, 0.6274213790893555, 0.43088093400001526, -0.10699111968278885, 0.5474629402160645, 0.4424922466278076, -0.10134962201118469, 0.6034772396087646, 0.47933876514434814, -0.1231803223490715, 0.6335787773132324, 0.4624062180519104, -0.12486904114484787, 0.6460926532745361, 0.43354561924934387, -0.12224113941192627, 0.5425898432731628, 0.4877621829509735, -0.07761288434267044, 0.6044213771820068, 0.4969882071018219, -0.09292993694543839, 0.6222636699676514, 0.4538806974887848, -0.0836782455444336, 0.6245675683021545, 0.4237821400165558, -0.07675786316394806, 0.5458784699440002, 0.5100752711296082, -0.05465765297412872, 0.6027594208717346, 0.49963170289993286, -0.06747953593730927, 0.6151415109634399, 0.4568179249763489, -0.0577964261174202, 0.6166350245475769, 0.43200552463531494, -0.0514255166053772, 0.5540755391120911, 0.5174680352210999, -0.034759193658828735, 0.5971517562866211, 0.49994876980781555, -0.0473729632794857, 0.60885089635849, 0.4666339159011841, -0.04566194862127304, 0.6113654375076294, 0.447419136762619, -0.043333958834409714]",[]
"[0.5213003754615784, 0.3531973659992218, -7.734998064279353e-08, 0.5508235692977905, 0.30661576986312866, -0.042004358023405075, 0.5869369506835938, 0.31850457191467285, -0.06310417503118515, 0.6202539205551147, 0.3654039800167084, -0.07230633497238159, 0.6523226499557495, 0.39467281103134155, -0.07886570692062378, 0.5696752071380615, 0.40861767530441284, -0.08076763898134232, 0.6231445670127869, 0.4511926770210266, -0.09806124866008759, 0.6510415077209473, 0.43715623021125793, -0.1003461629152298, 0.6650102734565735, 0.4137933552265167, -0.0990576446056366, 0.5639369487762451, 0.4568302631378174, -0.06105758994817734, 0.6226937770843506, 0.4769638776779175, -0.07424359768629074, 0.6437342166900635, 0.4470515847206116, -0.0697227269411087, 0.6491722464561462, 0.42192935943603516, -0.06651193648576736, 0.5635815262794495, 0.48312491178512573, -0.04138583317399025, 0.6184564232826233, 0.48821815848350525, -0.05021730065345764, 0.633338987827301, 0.45547208189964294, -0.04236869513988495, 0.634733259677887, 0.43256375193595886, -0.03747092932462692, 0.5672948360443115, 0.4929604232311249, -0.02437303215265274, 0.6095806956291199, 0.490276575088501, -0.033161062747240067, 0.6215631365776062, 0.4622173309326172, -0.03160960227251053, 0.6223127841949463, 0.44223952293395996, -0.029716378077864647]",[]
"[0.5344127416610718, 0.34819158911705017, -1.510439915364259e-07, 0.5661075711250305, 0.30280524492263794, -0.03663875162601471, 0.6030717492103577, 0.3070014417171478, -0.05661265179514885, 0.6394549608230591, 0.3469008505344391, -0.0669197365641594, 0.6730874180793762, 0.373416006565094, -0.0743229016661644, 0.5887331962585449, 0.40783101320266724, -0.07010232657194138, 0.6489048600196838, 0.4293380677700043, -0.08492083847522736, 0.6755160689353943, 0.4112228453159332, -0.08503749221563339, 0.6867862343788147, 0.38695505261421204, -0.08243045955896378, 0.5854306817054749, 0.45559102296829224, -0.053911834955215454, 0.6481194496154785, 0.45917627215385437, -0.06690981239080429, 0.6711480021476746, 0.4285341501235962, -0.06349006295204163, 0.6799436807632446, 0.39993926882743835, -0.06099431961774826, 0.5864894390106201, 0.48161643743515015, -0.037714675068855286, 0.6465663909912109, 0.4783589541912079, -0.04817905277013779, 0.6648927330970764, 0.44588249921798706, -0.04248201474547386, 0.6707876324653625, 0.41871020197868347, -0.03853750601410866, 0.5908053517341614, 0.48979538679122925, -0.02365955151617527, 0.6373431086540222, 0.48219120502471924, -0.03448221832513809, 0.6531622409820557, 0.45397692918777466, -0.034760404378175735, 0.6590321063995361, 0.430435448884964, -0.03380719944834709]",[]
[],"[0.7501848936080933, 0.20683684945106506, 4.108906637156906e-07, 0.7521204948425293, 0.3316563665866852, -0.035417165607213974, 0.7068403363227844, 0.43182530999183655, -0.04758554324507713, 0.6495321393013, 0.480781227350235, -0.05639920011162758, 0.5969420671463013, 0.5110084414482117, -0.06524328887462616, 0.6318701505661011, 0.39296653866767883, -0.015680113807320595, 0.581514835357666, 0.41635674238204956, -0.03893251717090607, 0.5424288511276245, 0.4264223575592041, -0.0614430233836174, 0.5078034996986389, 0.43306660652160645, -0.07822631299495697, 0.614168643951416, 0.3249877691268921, -0.012957599014043808, 0.5580114126205444, 0.3434864282608032, -0.031374432146549225, 0.5206577181816101, 0.3577161431312561, -0.04929054528474808, 0.4863271415233612, 0.36584100127220154, -0.06305558979511261, 0.6066710948944092, 0.2597240209579468, -0.015942027792334557, 0.5562575459480286, 0.27464213967323303, -0.035899434238672256, 0.5193098187446594, 0.2935640811920166, -0.043511804193258286, 0.48396947979927063, 0.30825597047805786, -0.04859562963247299, 0.6065845489501953, 0.18857672810554504, -0.02290266938507557, 0.5617250800132751, 0.2021082490682602, -0.039127688854932785, 0.5327710509300232, 0.21760645508766174, -0.0408904105424881, 0.5063196420669556, 0.232613667845726, -0.04175211116671562]"
[],"[0.7431902885437012, 0.19520865380764008, 3.6620502896766993e-07, 0.7449400424957275, 0.32318350672721863, -0.03257463127374649, 0.700173556804657, 0.4226263165473938, -0.04306342825293541, 0.6387734413146973, 0.4657028317451477, -0.05109130218625069, 0.5841479897499084, 0.48765915632247925, -0.05921845883131027, 0.6291807293891907, 0.38874027132987976, -0.008784874342381954, 0.578818142414093, 0.4137057363986969, -0.02986469864845276, 0.541524350643158, 0.42277324199676514, -0.0510827898979187, 0.5078544020652771, 0.427309513092041, -0.06663361191749573, 0.6099736094474792, 0.32051634788513184, -0.006589342374354601, 0.5522429347038269, 0.340035617351532, -0.022481178864836693, 0.5167133808135986, 0.35384896397590637, -0.03910084441304207, 0.48449569940567017, 0.360397070646286, -0.05169777572154999, 0.6005668044090271, 0.2551434338092804, -0.010187694802880287, 0.5481070280075073, 0.2693699598312378, -0.027755754068493843, 0.5120972990989685, 0.2898053526878357, -0.03422776609659195, 0.4786490797996521, 0.303012877702713, -0.03840512037277222, 0.5980933904647827, 0.18217885494232178, -0.01766790635883808, 0.5539847612380981, 0.19483846426010132, -0.03078477457165718, 0.5250656604766846, 0.2108880579471588, -0.030734263360500336, 0.4997137188911438, 0.22446344792842865, -0.030346469953656197]"
[],"[0.7269909977912903, 0.1684264987707138, 4.064104359713383e-07, 0.7327718734741211, 0.281679630279541, -0.02754129469394684, 0.6933126449584961, 0.38088685274124146, -0.03559733182191849, 0.644854724407196, 0.42332923412323, -0.04053110256791115, 0.6037959456443787, 0.4451538324356079, -0.045896485447883606, 0.6399874687194824, 0.3310289978981018, -0.021324191242456436, 0.5892220139503479, 0.3562048077583313, -0.04241657629609108, 0.548266589641571, 0.3729252815246582, -0.06155671551823616, 0.510624349117279, 0.38722631335258484, -0.07567904144525528, 0.6191929578781128, 0.2659292221069336, -0.01988471858203411, 0.5594914555549622, 0.287428081035614, -0.035927433520555496, 0.5176272392272949, 0.31073713302612305, -0.04947277158498764, 0.4787512421607971, 0.32876092195510864, -0.060349710285663605, 0.6062341332435608, 0.2050265669822693, -0.02236824668943882, 0.5520042181015015, 0.22606083750724792, -0.03973766043782234, 0.5116146802902222, 0.24880695343017578, -0.04572106897830963, 0.4766518771648407, 0.2632656991481781, -0.049431223422288895, 0.5996996164321899, 0.14062221348285675, -0.02791699208319187, 0.5523834228515625, 0.15609729290008545, -0.041923243552446365, 0.5196026563644409, 0.1729954034090042, -0.04302848502993584, 0.4927493631839752, 0.18533076345920563, -0.043619103729724884]"
"[0.4134209156036377, 0.5751134753227234, 2.6640774919428623e-08, 0.3950059115886688, 0.5937950015068054, -0.039235301315784454, 0.3631812036037445, 0.6452534794807434, -0.048841044306755066, 0.33935126662254333, 0.7107945084571838, -0.050071824342012405, 0.324566125869751, 0.7635288238525391, -0.049677420407533646, 0.33428382873535156, 0.6347290873527527, -0.02534131519496441, 0.31588053703308105, 0.6977578997612, -0.037134986370801926, 0.31736499071121216, 0.7454256415367126, -0.0445246584713459, 0.3203030526638031, 0.7790622711181641, -0.04867654666304588, 0.3482351303100586, 0.6600574254989624, -0.007306844927370548, 0.35687077045440674, 0.7397589087486267, -0.025121482089161873, 0.376792848110199, 0.7314595580101013, -0.03180720657110214, 0.38638532161712646, 0.7068995833396912, -0.030826861038804054, 0.36514562368392944, 0.6806958317756653, 0.007113905623555183, 0.38208019733428955, 0.7429065108299255, -0.013140760362148285, 0.3970653712749481, 0.711627185344696, -0.015498222783207893, 0.39946597814559937, 0.6771191954612732, -0.010452482849359512, 0.3804595470428467, 0.6951836347579956, 0.018908830359578133, 0.3960009813308716, 0.7378858327865601, 0.001259157550521195, 0.40747854113578796, 0.7147220373153687, -0.001835945644415915, 0.40682390332221985, 0.6871983408927917, 0.0012362939305603504]",[]
"[0.5724710822105408, 0.350774347782135, -5.494475772138685e-07, 0.6219858527183533, 0.4192907214164734, -0.033507879823446274, 0.6383285522460938, 0.5066955089569092, -0.04648754745721817, 0.6486433148384094, 0.5700341463088989, -0.05349188297986984, 0.6493196487426758, 0.5989503860473633, -0.05801583081483841, 0.5155587792396545, 0.5724169611930847, -0.025999944657087326, 0.5721628069877625, 0.6436665058135986, -0.03497191146016121, 0.6127879023551941, 0.6204226613044739, -0.04352559894323349, 0.6251591444015503, 0.5801067352294922, -0.04814032465219498, 0.49678224325180054, 0.5420111417770386, -0.010737030766904354, 0.5626214742660522, 0.6032341122627258, -0.020814698189496994, 0.6016223430633545, 0.5787826180458069, -0.028562232851982117, 0.6124324202537537, 0.5439471006393433, -0.03279464319348335, 0.49429380893707275, 0.5068357586860657, 0.0027168532833456993, 0.5560547113418579, 0.5594460964202881, -0.010166093707084656, 0.5926541686058044, 0.5440078377723694, -0.015218324027955532, 0.605506181716919, 0.5083129405975342, -0.01544251199811697, 0.5022730827331543, 0.4749006927013397, 0.014277518726885319, 0.549278736114502, 0.5283011198043823, 0.0024134949781000614, 0.578252375125885, 0.5211713314056396, 0.0010884524090215564, 0.5894055962562561, 0.4917634427547455, 0.004811275750398636]","[0.5502856969833374, 0.19424472749233246, 2.4061401404651406e-07, 0.5285691618919373, 0.21461084485054016, -0.01060656737536192, 0.5066843032836914, 0.23828408122062683, -0.022483790293335915, 0.4815768301486969, 0.2441694587469101, -0.035724010318517685, 0.4614480137825012, 0.2455165535211563, -0.049475282430648804, 0.5160103440284729, 0.2873441278934479, -0.00881675910204649, 0.4926847219467163, 0.28545743227005005, -0.02774236351251602, 0.47804656624794006, 0.27145078778266907, -0.047254446893930435, 0.46700406074523926, 0.2540038824081421, -0.059182941913604736, 0.5363790392875671, 0.3038105070590973, -0.011213053949177265, 0.5149979591369629, 0.32433491945266724, -0.0231191236525774, 0.4979068338871002, 0.33101704716682434, -0.03487468510866165, 0.48032331466674805, 0.32909733057022095, -0.04499320313334465, 0.5621436834335327, 0.31261271238327026, -0.016265220940113068, 0.5451835989952087, 0.34322798252105713, -0.02737845480442047, 0.5265578031539917, 0.3494473993778229, -0.033101603388786316, 0.508994996547699, 0.34339603781700134, -0.03738950192928314, 0.5912429690361023, 0.31079378724098206, -0.022548846900463104, 0.5785611271858215, 0.33753523230552673, -0.027376405894756317, 0.5635070204734802, 0.34693005681037903, -0.027201153337955475, 0.5498781204223633, 0.3473336398601532, -0.028139229863882065]"
"[0.5628455281257629, 0.3760557174682617, -3.3285655831605254e-07, 0.5430540442466736, 0.45914626121520996, -0.02275111712515354, 0.5374763607978821, 0.5690110921859741, -0.028463587164878845, 0.5608214735984802, 0.635193407535553, -0.031063010916113853, 0.5832716226577759, 0.6635781526565552, -0.030904335901141167, 0.47430577874183655, 0.5849250555038452, -0.007113188039511442, 0.5219305157661438, 0.6693413257598877, -0.024507498368620872, 0.5493914484977722, 0.6565788984298706, -0.03900561109185219, 0.5541703104972839, 0.6304017305374146, -0.04755705967545509, 0.5058175921440125, 0.5725021362304688, -0.0029318176675587893, 0.5557489395141602, 0.6458070874214172, -0.021184470504522324, 0.5700448751449585, 0.6204379200935364, -0.03370785713195801, 0.5645104050636292, 0.5934594869613647, -0.03932403773069382, 0.5385907888412476, 0.5514800548553467, -0.002160654403269291, 0.5858884453773499, 0.6010371446609497, -0.019790247082710266, 0.5908659100532532, 0.5736546516418457, -0.025189336389303207, 0.5787659883499146, 0.5577325224876404, -0.02554386667907238, 0.5688996315002441, 0.5236338973045349, -0.0031832875683903694, 0.6054078936576843, 0.5602211952209473, -0.015201441012322903, 0.6091228127479553, 0.5349034667015076, -0.014354094862937927, 0.6000516414642334, 0.5189644694328308, -0.010927105322480202]",[]
"[0.5690334439277649, 0.13736271858215332, 2.84320236687563e-07, 0.5256702303886414, 0.1841500699520111, -0.010324876755475998, 0.47702035307884216, 0.19842982292175293, -0.01806236058473587, 0.4395018219947815, 0.175265833735466, -0.026539288461208344, 0.41845956444740295, 0.15066897869110107, -0.03566862642765045, 0.47443723678588867, 0.19944041967391968, -0.008638753555715084, 0.44268491864204407, 0.1940237581729889, -0.020032232627272606, 0.4260566830635071, 0.17954809963703156, -0.03133769705891609, 0.41510218381881714, 0.15823806822299957, -0.03948979079723358, 0.48174670338630676, 0.1690393090248108, -0.010603395290672779, 0.4412436783313751, 0.14753593504428864, -0.020275423303246498, 0.42246386408805847, 0.1280364841222763, -0.031000912189483643, 0.41176295280456543, 0.10700298845767975, -0.04038332402706146, 0.49501171708106995, 0.1406080722808838, -0.01411366369575262, 0.4503915309906006, 0.10859522223472595, -0.026860985904932022, 0.4309748113155365, 0.08470992743968964, -0.035742733627557755, 0.42289337515830994, 0.06004689633846283, -0.04153711721301079, 0.5135284066200256, 0.11294124275445938, -0.018104957416653633, 0.474075049161911, 0.07673419266939163, -0.02673734724521637, 0.45284897089004517, 0.056462690234184265, -0.03023979626595974, 0.4406510591506958, 0.0407848134636879, -0.033016908913850784]",[]
"[0.5772438049316406, 0.15048757195472717, 2.677263921668782e-07, 0.524246871471405, 0.1709115356206894, -0.005636502988636494, 0.4729827046394348, 0.17907264828681946, -0.012231037952005863, 0.4382473826408386, 0.17048700153827667, -0.020338064059615135, 0.41658562421798706, 0.16436834633350372, -0.030196646228432655, 0.47568655014038086, 0.19899612665176392, -0.010160762816667557, 0.44836747646331787, 0.19339697062969208, -0.024741902947425842, 0.4320674538612366, 0.18668076395988464, -0.038907747715711594, 0.41853487491607666, 0.17805659770965576, -0.04968647286295891, 0.49661895632743835, 0.19668839871883392, -0.017158513888716698, 0.4634169042110443, 0.1814129501581192, -0.029705628752708435, 0.44278064370155334, 0.17402251064777374, -0.042779095470905304, 0.4260510206222534, 0.1646168977022171, -0.05525025352835655, 0.5213155746459961, 0.19193169474601746, -0.025269316509366035, 0.4877033233642578, 0.17319181561470032, -0.04065841808915138, 0.46432623267173767, 0.16022594273090363, -0.04951636865735054, 0.44667431712150574, 0.14673545956611633, -0.05679631605744362, 0.5505173206329346, 0.18461117148399353, -0.033559780567884445, 0.5236753225326538, 0.16734462976455688, -0.04560508951544762, 0.5018486380577087, 0.1553078293800354, -0.04939113184809685, 0.48298436403274536, 0.14620263874530792, -0.05347340553998947]",[]
"[0.6746647953987122, 0.04200519621372223, 3.4515068136897753e-07, 0.6368911862373352, 0.09300924092531204, -0.007143411785364151, 0.5916668176651001, 0.15800978243350983, -0.00841826107352972, 0.546684205532074, 0.1879979372024536, -0.010743912309408188, 0.5086861848831177, 0.19923937320709229, -0.011538982391357422, 0.5862954258918762, 0.1944580376148224, 0.01036221906542778, 0.5309410691261292, 0.20936420559883118, -0.0043150437995791435, 0.4915371835231781, 0.19907088577747345, -0.01824099011719227, 0.4604651629924774, 0.18565502762794495, -0.026627952232956886, 0.5874171257019043, 0.1923501044511795, 0.007770705036818981, 0.5262414216995239, 0.20034709572792053, -0.0022470939438790083, 0.48812276124954224, 0.19124284386634827, -0.010951265692710876, 0.45351535081863403, 0.17833442986011505, -0.016758771613240242, 0.5890379548072815, 0.18358692526817322, 0.0014785588718950748, 0.5314372777938843, 0.19382347166538239, -0.00762813538312912, 0.4944220781326294, 0.18576031923294067, -0.01058290060609579, 0.4629676938056946, 0.1714739203453064, -0.011678320355713367, 0.591859757900238, 0.16790838539600372, -0.006607844959944487, 0.546527087688446, 0.18221406638622284, -0.011195015162229538, 0.5154462456703186, 0.18178141117095947, -0.010461648926138878, 0.48885178565979004, 0.17579352855682373, -0.009526253677904606]",[]
"[0.6785351037979126, 0.041515007615089417, 3.3768554885682533e-07, 0.6353527903556824, 0.08438447117805481, -0.00282019074074924, 0.5907755494117737, 0.14657607674598694, -0.0031342206057161093, 0.5498569011688232, 0.17802603542804718, -0.005442439112812281, 0.5153161287307739, 0.19415470957756042, -0.006546505261212587, 0.5888881087303162, 0.1939871460199356, 0.0114331915974617, 0.5339770913124084, 0.20620617270469666, -0.0039865607395768166, 0.4940336346626282, 0.1970251202583313, -0.01834999956190586, 0.46247240900993347, 0.18576158583164215, -0.02718888223171234, 0.5910031795501709, 0.19513536989688873, 0.0057772560976445675, 0.5282900929450989, 0.20026394724845886, -0.005398033186793327, 0.48894524574279785, 0.190739244222641, -0.014125363901257515, 0.45403677225112915, 0.17837749421596527, -0.01987796649336815, 0.5934776067733765, 0.18893562257289886, -0.0031889695674180984, 0.5349846482276917, 0.19703125953674316, -0.013560278341174126, 0.49600347876548767, 0.18852485716342926, -0.016498591750860214, 0.4631122946739197, 0.17490001022815704, -0.017462778836488724, 0.597011148929596, 0.1748625636100769, -0.013590659946203232, 0.5507311224937439, 0.1879844218492508, -0.01982204057276249, 0.5183885097503662, 0.18710634112358093, -0.019543180242180824, 0.4904346466064453, 0.18077686429023743, -0.01881527714431286]",[]
"[0.5370323657989502, 0.3510274291038513, -4.726581153136067e-07, 0.5742244720458984, 0.42039403319358826, -0.020816393196582794, 0.5910377502441406, 0.5086956024169922, -0.022274771705269814, 0.5996940732002258, 0.5687375664710999, -0.020505033433437347, 0.6090489029884338, 0.6032425165176392, -0.015163853764533997, 0.49319201707839966, 0.5676457285881042, -0.0031366317998617887, 0.5257060527801514, 0.6426239013671875, -0.009289789944887161, 0.5597097277641296, 0.6108514070510864, -0.017083797603845596, 0.5684138536453247, 0.5701293349266052, -0.021152546629309654, 0.49299415946006775, 0.5626623034477234, 0.00717283645644784, 0.5327609777450562, 0.6219427585601807, 0.0037603946402668953, 0.5656772255897522, 0.5898114442825317, -0.004047950729727745, 0.5730687379837036, 0.5536932945251465, -0.009057554416358471, 0.49892669916152954, 0.5542709231376648, 0.014860731549561024, 0.543522298336029, 0.6039813160896301, 0.011156587861478329, 0.5712565183639526, 0.5710740685462952, 0.006013079546391964, 0.5753892064094543, 0.5376408100128174, 0.0032833400182425976, 0.5049936771392822, 0.5436325669288635, 0.021192112937569618, 0.5423169136047363, 0.5889052748680115, 0.018100375309586525, 0.5667349696159363, 0.5660892724990845, 0.018628865480422974, 0.5720810890197754, 0.5356784462928772, 0.020940005779266357]",[]
[],"[0.5630813241004944, 0.1781805008649826, -4.0468606243848626e-07, 0.6296802163124084, 0.25277870893478394, -0.04744553565979004, 0.649595320224762, 0.351343035697937, -0.06909617781639099, 0.6131232380867004, 0.40895581245422363, -0.08382067829370499, 0.5805369019508362, 0.4374144971370697, -0.0920289009809494, 0.5663554072380066, 0.5133456587791443, -0.035406965762376785, 0.6042312979698181, 0.6006340384483337, -0.06628888845443726, 0.6258520483970642, 0.5466315746307373, -0.08539171516895294, 0.6254236698150635, 0.47868868708610535, -0.09265253692865372, 0.5238363146781921, 0.49171143770217896, -0.022185612469911575, 0.5605795383453369, 0.5209976434707642, -0.04393613710999489, 0.582090437412262, 0.4624176621437073, -0.05066629871726036, 0.5822098255157471, 0.4166783094406128, -0.05086734518408775, 0.5018033981323242, 0.4428499937057495, -0.015243799425661564, 0.5282124876976013, 0.4581232964992523, -0.03627520799636841, 0.5497208833694458, 0.41201332211494446, -0.03439654782414436, 0.5507405996322632, 0.37950244545936584, -0.028424834832549095, 0.4898846745491028, 0.3818781077861786, -0.012729030102491379, 0.5149407982826233, 0.3918020725250244, -0.026559917256236076, 0.5298400521278381, 0.3612809479236603, -0.02369505912065506, 0.5294399857521057, 0.33662888407707214, -0.01572725921869278]"
[],"[0.5644755363464355, 0.17341762781143188, -4.079747100149689e-07, 0.6328665614128113, 0.24681469798088074, -0.047020696103572845, 0.6487913131713867, 0.34941327571868896, -0.06717097014188766, 0.6033636331558228, 0.4034852087497711, -0.08105386793613434, 0.561238706111908, 0.42026978731155396, -0.08842899650335312, 0.5677142143249512, 0.5040109157562256, -0.02976175770163536, 0.6046180129051208, 0.5955458283424377, -0.05948864668607712, 0.6265654563903809, 0.5428475141525269, -0.07717309892177582, 0.6261038780212402, 0.4764891266822815, -0.08337099850177765, 0.5256427526473999, 0.48724067211151123, -0.01635562814772129, 0.5632911920547485, 0.5329344272613525, -0.03562994673848152, 0.5889012813568115, 0.4789090156555176, -0.03948099538683891, 0.5907675623893738, 0.43605515360832214, -0.03764370083808899, 0.5026349425315857, 0.444697767496109, -0.009931962937116623, 0.530718207359314, 0.4751990735530853, -0.029407048597931862, 0.5571731925010681, 0.43328869342803955, -0.02518545277416706, 0.5593791604042053, 0.40362438559532166, -0.01766214519739151, 0.4887160658836365, 0.38907623291015625, -0.008079484105110168, 0.5168898105621338, 0.4115995168685913, -0.01951139234006405, 0.5361666679382324, 0.3847406208515167, -0.014196004718542099, 0.5364109873771667, 0.36157020926475525, -0.004851909354329109]"
[],"[0.5447939038276672, 0.18841435015201569, -4.479031758819474e-07, 0.6188008785247803, 0.2579096555709839, -0.04665833339095116, 0.6350402235984802, 0.3480824828147888, -0.07116752117872238, 0.5905268788337708, 0.3896867334842682, -0.08735980093479156, 0.5507671236991882, 0.4093172550201416, -0.09745477139949799, 0.5432990789413452, 0.5214245319366455, -0.044694673269987106, 0.6010942459106445, 0.5864230394363403, -0.07596863806247711, 0.6240831613540649, 0.5184502601623535, -0.09690851718187332, 0.6166018843650818, 0.45309174060821533, -0.10680577903985977, 0.5023488998413086, 0.5061606168746948, -0.030619272962212563, 0.5702981948852539, 0.5363936424255371, -0.052218951284885406, 0.5955281257629395, 0.4689589738845825, -0.057137198746204376, 0.5913825035095215, 0.4204578399658203, -0.057512085884809494, 0.48404660820961, 0.46756863594055176, -0.021673202514648438, 0.5437994599342346, 0.4904608130455017, -0.03968460485339165, 0.5708543658256531, 0.43778613209724426, -0.03300151601433754, 0.569263219833374, 0.4021989703178406, -0.025618216022849083, 0.4761693477630615, 0.4198322892189026, -0.017349500209093094, 0.5279412865638733, 0.44304633140563965, -0.029490141198039055, 0.550410807132721, 0.40750449895858765, -0.023838911205530167, 0.5501782894134521, 0.37712717056274414, -0.014740451239049435]"
[],"[0.526149332523346, 0.1712452620267868, -4.858785018768685e-07, 0.5853621959686279, 0.2512891888618469, -0.04165307804942131, 0.6110158562660217, 0.3395088016986847, -0.06405461579561234, 0.611003041267395, 0.4138701558113098, -0.07915447652339935, 0.599833607673645, 0.4804680347442627, -0.08972442895174026, 0.4968462884426117, 0.48494046926498413, -0.03534023463726044, 0.5670022964477539, 0.5731027126312256, -0.06474597752094269, 0.5998453497886658, 0.5193079710006714, -0.08577203005552292, 0.5947868824005127, 0.4581023156642914, -0.09480773657560349, 0.46905556321144104, 0.4682818353176117, -0.021789852529764175, 0.5390152335166931, 0.5444103479385376, -0.04508275166153908, 0.5769525766372681, 0.4925675690174103, -0.05452447757124901, 0.5795211791992188, 0.43516185879707336, -0.05571352317929268, 0.46030598878860474, 0.4387109875679016, -0.012101337313652039, 0.5236809253692627, 0.5039247274398804, -0.03330355882644653, 0.5620214939117432, 0.46423104405403137, -0.03255505487322807, 0.5605935454368591, 0.4145876169204712, -0.026330189779400826, 0.4567753076553345, 0.4016576111316681, -0.005706430412828922, 0.5137561559677124, 0.46698659658432007, -0.021207500249147415, 0.546534538269043, 0.4446122348308563, -0.018590223044157028, 0.5491921305656433, 0.4016302525997162, -0.009432774037122726]"
"[0.4427632689476013, 0.40100419521331787, 2.055149792568045e-07, 0.41244450211524963, 0.4531220495700836, -0.01987507939338684, 0.40530484914779663, 0.549924373626709, -0.02516895905137062, 0.41442540287971497, 0.626014232635498, -0.030623162165284157, 0.417366623878479, 0.6900261044502258, -0.03575780987739563, 0.44264036417007446, 0.6110256910324097, 0.001457073027268052, 0.45591142773628235, 0.6709128022193909, -0.011942924000322819, 0.4592132568359375, 0.709075391292572, -0.023430131375789642, 0.4586987793445587, 0.7302039861679077, -0.030753187835216522, 0.467369943857193, 0.5937519073486328, 0.0018126023933291435, 0.49008795619010925, 0.6801097989082336, -0.019776593893766403, 0.4764537215232849, 0.6685916185379028, -0.03400208801031113, 0.45999056100845337, 0.6356707811355591, -0.038088198751211166, 0.48774242401123047, 0.5641611218452454, -0.0012183107901364565, 0.5055291056632996, 0.6399280428886414, -0.026126474142074585, 0.48251983523368835, 0.6195908784866333, -0.03361582010984421, 0.4623749256134033, 0.5818921327590942, -0.03142580762505531, 0.5066773295402527, 0.52281653881073, -0.005836829077452421, 0.5141184329986572, 0.5872089862823486, -0.02758302539587021, 0.4945633113384247, 0.5817751884460449, -0.03362642228603363, 0.4760236442089081, 0.556056559085846, -0.03288529813289642]",[]
[],"[0.4170799255371094, 0.4632922112941742, -6.859847445639389e-08, 0.422051340341568, 0.49197855591773987, -0.026647374033927917, 0.4109296500682831, 0.5147573351860046, -0.04334859177470207, 0.3926146328449249, 0.519064724445343, -0.05689023435115814, 0.372523695230484, 0.5207889080047607, -0.06948450952768326, 0.37066182494163513, 0.5338068008422852, -0.029769446700811386, 0.3566507399082184, 0.5172817707061768, -0.04998784884810448, 0.3572072684764862, 0.4885174632072449, -0.06655814498662949, 0.36426085233688354, 0.4578477442264557, -0.07600381225347519, 0.36191490292549133, 0.503559947013855, -0.024400893598794937, 0.34918874502182007, 0.48686569929122925, -0.04549391195178032, 0.35244545340538025, 0.45398440957069397, -0.06115229055285454, 0.36188212037086487, 0.42335039377212524, -0.0698917806148529, 0.3595375120639801, 0.47471603751182556, -0.021119236946105957, 0.3474178910255432, 0.4593474566936493, -0.04217138513922691, 0.34929898381233215, 0.43298622965812683, -0.05294705554842949, 0.3585171103477478, 0.4080762267112732, -0.05699954926967621, 0.3619236946105957, 0.4497905969619751, -0.019289113581180573, 0.3488473892211914, 0.43299174308776855, -0.03580256924033165, 0.34645897150039673, 0.4130736291408539, -0.042170267552137375, 0.3517114222049713, 0.39357292652130127, -0.044353336095809937]"
"[0.528167724609375, 0.318551242351532, -5.558690645557363e-07, 0.5743898153305054, 0.3935776352882385, -0.026002513244748116, 0.5897835493087769, 0.4909992516040802, -0.02690819278359413, 0.600507378578186, 0.5564435720443726, -0.022448768839240074, 0.6065526604652405, 0.5956215858459473, -0.013017496094107628, 0.4715540111064911, 0.5484485626220703, -0.000658700882922858, 0.5250508785247803, 0.628225564956665, -0.005589998792856932, 0.5631126165390015, 0.6022204160690308, -0.012575183063745499, 0.5725060105323792, 0.5634617209434509, -0.015212338417768478, 0.4632973074913025, 0.5373750329017639, 0.014230658300220966, 0.5213510990142822, 0.6182069182395935, 0.005897019058465958, 0.561569333076477, 0.5867965221405029, -0.0016424261266365647, 0.5690273642539978, 0.5462008714675903, -0.0027935791295021772, 0.4645691215991974, 0.5244511961936951, 0.025977179408073425, 0.5178220868110657, 0.5996894836425781, 0.014489156194031239, 0.555853009223938, 0.5752757787704468, 0.007315960247069597, 0.5621904134750366, 0.5358068943023682, 0.007900048978626728, 0.47043576836586, 0.5080673098564148, 0.03609422221779823, 0.510632336139679, 0.575288712978363, 0.024995069950819016, 0.5426527261734009, 0.5652484893798828, 0.021791933104395866, 0.5531233549118042, 0.5336540341377258, 0.025614503771066666]",[]
[],"[0.3816550374031067, 0.29425203800201416, -7.823688292774023e-07, 0.44213443994522095, 0.3497740626335144, -0.0010506878606975079, 0.47034329175949097, 0.42578667402267456, -0.0010702391155064106, 0.4657551050186157, 0.49372830986976624, -0.00873972475528717, 0.45104509592056274, 0.5339528918266296, -0.015128150582313538, 0.44105255603790283, 0.49977558851242065, 0.031085966154932976, 0.4642554819583893, 0.5593041181564331, 0.014217306859791279, 0.46866878867149353, 0.5172994136810303, -0.0023278112057596445, 0.4581485092639923, 0.4752221703529358, -0.011588457971811295, 0.42011916637420654, 0.5191321969032288, 0.0213664248585701, 0.453277587890625, 0.5760229229927063, -0.0031669933814555407, 0.45753368735313416, 0.5210497975349426, -0.021923020482063293, 0.4440559148788452, 0.4697464108467102, -0.028285186737775803, 0.3907908797264099, 0.5338771343231201, 0.007562984246760607, 0.43580883741378784, 0.594214916229248, -0.018196724355220795, 0.4430605173110962, 0.536307156085968, -0.026364890858530998, 0.4288676381111145, 0.48083579540252686, -0.02411220222711563, 0.356862872838974, 0.5415432453155518, -0.006691360380500555, 0.3978833258152008, 0.5984534621238708, -0.020391425117850304, 0.4206734001636505, 0.575018584728241, -0.0185780581086874, 0.42276889085769653, 0.5384026765823364, -0.012667127884924412]"
[],"[0.36790409684181213, 0.3330969512462616, -7.833956487957039e-07, 0.4300984740257263, 0.3996526300907135, 0.0042144013568758965, 0.4543159008026123, 0.4766019880771637, 0.005682434421032667, 0.455780029296875, 0.5493854284286499, -0.0012926914496347308, 0.4557650685310364, 0.5959658622741699, -0.005409411154687405, 0.44547054171562195, 0.5265592336654663, 0.028145818039774895, 0.4666275084018707, 0.587376058101654, 0.00581939285621047, 0.4493570029735565, 0.5416198372840881, -0.008751383982598782, 0.43244630098342896, 0.4922059178352356, -0.012878102250397205, 0.4131001830101013, 0.5438775420188904, 0.015882831066846848, 0.44049155712127686, 0.6060914993286133, -0.012648925185203552, 0.4237818121910095, 0.5459966063499451, -0.027143072336912155, 0.40701961517333984, 0.4928147792816162, -0.027761589735746384, 0.37373924255371094, 0.556363046169281, 9.40847021411173e-05, 0.4050682783126831, 0.6203473806381226, -0.02746356651186943, 0.3964543342590332, 0.5575428009033203, -0.029193459078669548, 0.3854537606239319, 0.5035545825958252, -0.02001706324517727, 0.3276282250881195, 0.5601556301116943, -0.015883930027484894, 0.34156256914138794, 0.6323439478874207, -0.027247175574302673, 0.36418765783309937, 0.6293420791625977, -0.023304469883441925, 0.3857598304748535, 0.614348292350769, -0.015517804771661758]"
[],"[0.4327748417854309, 0.4067821502685547, 3.785143576351402e-07, 0.4369300603866577, 0.4225180149078369, -0.059147123247385025, 0.4228835105895996, 0.46114885807037354, -0.08373678475618362, 0.386635959148407, 0.4954495131969452, -0.09698592126369476, 0.3517966866493225, 0.5249417424201965, -0.10719551891088486, 0.4069884717464447, 0.578931987285614, -0.053068798035383224, 0.38163867592811584, 0.6511673331260681, -0.06971992552280426, 0.3718443512916565, 0.707321047782898, -0.08259761333465576, 0.3664029836654663, 0.7419831156730652, -0.09104729443788528, 0.389907568693161, 0.5900429487228394, -0.02818860113620758, 0.36118775606155396, 0.6700201034545898, -0.04250437393784523, 0.36270809173583984, 0.7277085781097412, -0.05323709920048714, 0.3692033886909485, 0.7620334625244141, -0.060000211000442505, 0.3758396506309509, 0.5888796448707581, -0.00792919471859932, 0.35208815336227417, 0.6592320203781128, -0.02161632478237152, 0.35905319452285767, 0.7063127756118774, -0.0323059968650341, 0.36527734994888306, 0.7412028312683105, -0.038692228496074677, 0.36745893955230713, 0.5799688696861267, 0.00779621209949255, 0.3507362902164459, 0.6377142071723938, -0.0037547112442553043, 0.35854220390319824, 0.6677837371826172, -0.011050335131585598, 0.3670869767665863, 0.6865784525871277, -0.015194157138466835]"
[],"[0.3686727285385132, 0.3341178894042969, -7.749125643385923e-07, 0.43672609329223633, 0.39119237661361694, 0.00573457358404994, 0.4663602411746979, 0.46271589398384094, 0.006241002585738897, 0.47172799706459045, 0.5293658971786499, -0.002289102878421545, 0.4716421067714691, 0.5753780603408813, -0.009117580018937588, 0.4439330995082855, 0.5236098170280457, 0.027496017515659332, 0.46527794003486633, 0.5822442770004272, 0.004227863159030676, 0.4522869884967804, 0.5402476787567139, -0.012761767022311687, 0.4377521276473999, 0.49005326628685, -0.018819956108927727, 0.4108223021030426, 0.5414068698883057, 0.014006138779222965, 0.43930697441101074, 0.6037521958351135, -0.013542767614126205, 0.42623573541641235, 0.5465371012687683, -0.029015034437179565, 0.411827951669693, 0.492795467376709, -0.030954936519265175, 0.37186291813850403, 0.555489182472229, -0.002662142738699913, 0.40450072288513184, 0.6200442910194397, -0.028866097331047058, 0.3985599875450134, 0.5599414706230164, -0.030802542343735695, 0.38974398374557495, 0.5060407519340515, -0.0223456509411335, 0.32616132497787476, 0.5615811944007874, -0.019464436918497086, 0.3407915532588959, 0.6340764164924622, -0.031214844435453415, 0.3631693124771118, 0.6331205368041992, -0.027767281979322433, 0.3849276006221771, 0.6191901564598083, -0.020432597026228905]"
"[0.3626340925693512, 0.36713728308677673, -4.3392924453655723e-07, 0.3231889307498932, 0.47867703437805176, -0.008801551535725594, 0.30259841680526733, 0.5771588087081909, -0.007614154368638992, 0.32461827993392944, 0.6468098759651184, -0.01225904282182455, 0.36250606179237366, 0.6680132150650024, -0.014829310588538647, 0.3715943992137909, 0.5947461724281311, 0.03221210837364197, 0.3928069472312927, 0.6574945449829102, 0.010836376808583736, 0.3774629533290863, 0.6117796897888184, -0.008769943378865719, 0.36583077907562256, 0.5572479963302612, -0.016978494822978973, 0.3980850875377655, 0.574151873588562, 0.027864202857017517, 0.41733813285827637, 0.6361817121505737, 0.00012643130321521312, 0.393283486366272, 0.5798917412757874, -0.02003536745905876, 0.3744197487831116, 0.5227600336074829, -0.024891572073101997, 0.41486266255378723, 0.550687849521637, 0.01840520277619362, 0.43158891797065735, 0.615567684173584, -0.011092942208051682, 0.404248982667923, 0.5596660375595093, -0.016267601400613785, 0.3828072249889374, 0.5026155710220337, -0.008637486957013607, 0.4241258502006531, 0.5231980681419373, 0.007785081397742033, 0.4243699014186859, 0.5945956110954285, -0.006322542205452919, 0.4190181493759155, 0.5911531448364258, -0.003377754706889391, 0.4200457036495209, 0.5710937976837158, 0.004173023626208305]",[]
"[0.3489086627960205, 0.3791229724884033, -4.072506101238105e-07, 0.2938360273838043, 0.47877854108810425, -0.017106549814343452, 0.2747177183628082, 0.589520275592804, -0.01868569105863571, 0.31436973810195923, 0.6734347939491272, -0.023473596200346947, 0.36566394567489624, 0.6783891320228577, -0.026787083595991135, 0.3402228355407715, 0.6195722222328186, 0.021726829931139946, 0.35218071937561035, 0.6966202259063721, -0.0022153265308588743, 0.3370940387248993, 0.6512792706489563, -0.022867919877171516, 0.3309684693813324, 0.6003891229629517, -0.03335639089345932, 0.37989938259124756, 0.5973738431930542, 0.02025473676621914, 0.3919532299041748, 0.6664758324623108, -0.010195765644311905, 0.3658851981163025, 0.6054156422615051, -0.02993037924170494, 0.35319599509239197, 0.5480709075927734, -0.03484296798706055, 0.4112693965435028, 0.5678648948669434, 0.01335257850587368, 0.4233897626399994, 0.6405823826789856, -0.02149297669529915, 0.39238229393959045, 0.5785021781921387, -0.02530829794704914, 0.37511807680130005, 0.5193892121315002, -0.016760872676968575, 0.43932706117630005, 0.5292269587516785, 0.005266526713967323, 0.43832990527153015, 0.5918084979057312, -0.018784629181027412, 0.41883140802383423, 0.5550057888031006, -0.016534242779016495, 0.40849244594573975, 0.5123034715652466, -0.007726830430328846]",[]
"[0.3525489866733551, 0.348772794008255, -4.5269624138200015e-07, 0.3079567551612854, 0.4730905294418335, -0.019445516169071198, 0.2958141267299652, 0.5953494310379028, -0.02344902604818344, 0.33639195561408997, 0.6731572151184082, -0.029737288132309914, 0.3850584030151367, 0.6666234731674194, -0.033557403832674026, 0.3663051128387451, 0.6215675473213196, 0.016036609187722206, 0.39192527532577515, 0.6919848918914795, -0.01100616529583931, 0.37236255407333374, 0.6438827514648438, -0.034602247178554535, 0.35333195328712463, 0.5903746485710144, -0.0468258336186409, 0.39893537759780884, 0.5859365463256836, 0.015673186630010605, 0.42404070496559143, 0.6507156491279602, -0.014136331155896187, 0.3955917954444885, 0.5954179167747498, -0.03383279964327812, 0.37347203493118286, 0.5459514260292053, -0.04024386778473854, 0.4247984290122986, 0.5447550415992737, 0.009593170136213303, 0.444774866104126, 0.6043242812156677, -0.02206377498805523, 0.4126013517379761, 0.5550425052642822, -0.02585587091743946, 0.3896501064300537, 0.5108456611633301, -0.019564006477594376, 0.44779855012893677, 0.49628475308418274, 0.0017454648623242974, 0.4557436406612396, 0.5452967286109924, -0.01824813522398472, 0.4294784367084503, 0.515192449092865, -0.014937940053641796, 0.4099627435207367, 0.4837685823440552, -0.00678609125316143]",[]
"[0.3590218126773834, 0.31954413652420044, -6.312026243904256e-07, 0.416654109954834, 0.39235061407089233, -0.02530014142394066, 0.44364529848098755, 0.48804131150245667, -0.028124747797846794, 0.45445138216018677, 0.5509513020515442, -0.025532370433211327, 0.4600299298763275, 0.5894802212715149, -0.0201022457331419, 0.33073028922080994, 0.5737470388412476, -0.014443431049585342, 0.39228400588035583, 0.6372998952865601, -0.0173792764544487, 0.4275791347026825, 0.590514063835144, -0.023524686694145203, 0.4330063462257385, 0.5437209010124207, -0.026728322729468346, 0.3137727975845337, 0.5634499788284302, 0.0015030239010229707, 0.3801717162132263, 0.6154971718788147, -0.002525421790778637, 0.4172309935092926, 0.5713275074958801, -0.009687332436442375, 0.42542850971221924, 0.5279446244239807, -0.013399572111666203, 0.3091373145580292, 0.5424704551696777, 0.016474373638629913, 0.3751717507839203, 0.5883562564849854, 0.010762442834675312, 0.4077189266681671, 0.549911379814148, 0.005006320774555206, 0.4134505093097687, 0.5062776207923889, 0.003150162287056446, 0.3106108605861664, 0.5179624557495117, 0.030475618317723274, 0.3638249933719635, 0.5547366738319397, 0.0237411055713892, 0.3916501998901367, 0.5280118584632874, 0.02338518016040325, 0.3977959156036377, 0.49232834577560425, 0.02707836590707302]",[]
[],"[0.448914110660553, 0.05611248314380646, -2.2148897471652162e-07, 0.49851807951927185, 0.13757732510566711, -0.031784918159246445, 0.49683478474617004, 0.24475297331809998, -0.0492880754172802, 0.4393113851547241, 0.30156052112579346, -0.06367398798465729, 0.38756537437438965, 0.3337081968784332, -0.07264592498540878, 0.41969436407089233, 0.4169502258300781, -0.010871208272874355, 0.4128633141517639, 0.45132479071617126, -0.034564293920993805, 0.4083797335624695, 0.397005558013916, -0.05561159923672676, 0.40217649936676025, 0.3428688943386078, -0.06803276389837265, 0.3742305338382721, 0.40440067648887634, -0.0071569825522601604, 0.36140376329421997, 0.4156763553619385, -0.02189469151198864, 0.3642379939556122, 0.3628092408180237, -0.03217501938343048, 0.36428526043891907, 0.3165090084075928, -0.03705837205052376, 0.34176528453826904, 0.36767059564590454, -0.009139477275311947, 0.3232680559158325, 0.36969637870788574, -0.023563304916024208, 0.3293033540248871, 0.3281192183494568, -0.02414078265428543, 0.33382752537727356, 0.2898845970630646, -0.022408122196793556, 0.31682172417640686, 0.316512793302536, -0.015015151351690292, 0.29934215545654297, 0.33194735646247864, -0.024331897497177124, 0.304237961769104, 0.30291908979415894, -0.020739596337080002, 0.3078806400299072, 0.27456268668174744, -0.01444677822291851]"
"[0.3919675648212433, 0.1238209456205368, -4.528632189249038e-07, 0.464130163192749, 0.17663806676864624, -0.026083210483193398, 0.4843676686286926, 0.26641249656677246, -0.039176784455776215, 0.4373939335346222, 0.32757291197776794, -0.049429260194301605, 0.3900291621685028, 0.3412054181098938, -0.055611975491046906, 0.4249972105026245, 0.4485626816749573, -0.01452614925801754, 0.4701216220855713, 0.5115814805030823, -0.031540948897600174, 0.481933057308197, 0.4466968774795532, -0.04605681076645851, 0.4630916118621826, 0.3839714229106903, -0.05403042584657669, 0.3806256651878357, 0.45754474401474, -0.008139760233461857, 0.42653191089630127, 0.5085369944572449, -0.017143089324235916, 0.442393958568573, 0.45056989789009094, -0.021494118496775627, 0.4340275824069977, 0.3946635127067566, -0.022953364998102188, 0.3501046299934387, 0.439541220664978, -0.0052650379948318005, 0.39218205213546753, 0.48329854011535645, -0.01122234482318163, 0.4078559875488281, 0.43505603075027466, -0.006595492362976074, 0.40299928188323975, 0.38933873176574707, -0.0026913853362202644, 0.3262929916381836, 0.40362635254859924, -0.0057140858843922615, 0.3654727637767792, 0.44004690647125244, -0.010507605038583279, 0.37895211577415466, 0.4109579920768738, -0.005602169316262007, 0.375642329454422, 0.3775811195373535, 0.0009817230748012662]",[]
"[0.3425680100917816, 0.1126708835363388, -3.961846175570827e-07, 0.4201698303222656, 0.18897745013237, -0.010610299184918404, 0.4500623643398285, 0.28621160984039307, -0.01587843894958496, 0.4435555040836334, 0.37132811546325684, -0.02031957544386387, 0.4308890402317047, 0.42729347944259644, -0.02198861911892891, 0.3978077173233032, 0.42313849925994873, 0.0055123427882790565, 0.4515220522880554, 0.4940577745437622, -0.010654091835021973, 0.46107304096221924, 0.44449663162231445, -0.02599978819489479, 0.44615840911865234, 0.38864845037460327, -0.032660890370607376, 0.3617860674858093, 0.42681771516799927, 0.005696576554328203, 0.41605064272880554, 0.48820024728775024, -0.003547104774042964, 0.4317273795604706, 0.4387613534927368, -0.007735013030469418, 0.42339396476745605, 0.3833388686180115, -0.006883300840854645, 0.335479199886322, 0.4116176664829254, 0.0027924415189772844, 0.38831835985183716, 0.46146854758262634, -0.0055165463127195835, 0.4076802730560303, 0.41739779710769653, 0.0004927487461827695, 0.39906537532806396, 0.3711424469947815, 0.007680875714868307, 0.31046047806739807, 0.38185590505599976, -0.0018859778065234423, 0.36210528016090393, 0.4274102449417114, -0.007524570450186729, 0.3812926113605499, 0.391256719827652, 0.00015420631098095328, 0.375623881816864, 0.3518695831298828, 0.010182988829910755]",[]
[],"[0.34430044889450073, 0.11184671521186829, -4.124286760998075e-07, 0.41383635997772217, 0.18934254348278046, -0.010087206028401852, 0.4404022693634033, 0.28658023476600647, -0.014646671712398529, 0.43763914704322815, 0.37167736887931824, -0.01882517896592617, 0.42982786893844604, 0.4288790822029114, -0.020165346562862396, 0.3892863988876343, 0.41880282759666443, 0.00829390250146389, 0.44510480761528015, 0.49278688430786133, -0.009303411468863487, 0.4570426940917969, 0.4453258514404297, -0.025283480063080788, 0.44437727332115173, 0.3903551995754242, -0.03179731220006943, 0.3579188585281372, 0.42182326316833496, 0.007902324199676514, 0.41493770480155945, 0.4859277009963989, -0.003385269083082676, 0.43286722898483276, 0.4372265636920929, -0.008313997648656368, 0.42619043588638306, 0.3817926049232483, -0.007148276083171368, 0.3359590768814087, 0.4074251055717468, 0.0040718442760407925, 0.3915870487689972, 0.45968109369277954, -0.00633315509185195, 0.41367611289024353, 0.41630762815475464, -0.0008096841629594564, 0.40589669346809387, 0.37115663290023804, 0.006836575921624899, 0.3155704736709595, 0.37814971804618835, -0.001440401072613895, 0.3696269094944, 0.42539888620376587, -0.008290205150842667, 0.391432523727417, 0.390252947807312, -0.000992586137726903, 0.38645434379577637, 0.3516778349876404, 0.009198897518217564]"
"[0.3770238161087036, 0.19218853116035461, -8.529734145668044e-07, 0.4390048384666443, 0.2749788463115692, -0.029053092002868652, 0.47699588537216187, 0.37961816787719727, -0.03503596410155296, 0.49682003259658813, 0.45338109135627747, -0.03616013005375862, 0.48576071858406067, 0.4770595133304596, -0.03256095573306084, 0.3559304475784302, 0.47701671719551086, -0.013633731752634048, 0.420470267534256, 0.5551691651344299, -0.020536761730909348, 0.45410317182540894, 0.5024385452270508, -0.028526410460472107, 0.45820415019989014, 0.44527295231819153, -0.032074812799692154, 0.333102822303772, 0.47281593084335327, 0.002719139214605093, 0.40641552209854126, 0.5201969146728516, -0.004488876089453697, 0.4352312386035919, 0.46620413661003113, -0.012044467963278294, 0.43451663851737976, 0.4190935790538788, -0.01596178486943245, 0.32400649785995483, 0.4582630395889282, 0.016992026939988136, 0.39640963077545166, 0.49965929985046387, 0.009965639561414719, 0.4240405857563019, 0.4552530348300934, 0.005575917195528746, 0.4254375696182251, 0.409424751996994, 0.004686637781560421, 0.32580143213272095, 0.43924960494041443, 0.02959955297410488, 0.3792881369590759, 0.4833323359489441, 0.02698863297700882, 0.40481239557266235, 0.4557783901691437, 0.02918233536183834, 0.4101085662841797, 0.41857150197029114, 0.033938873559236526]",[]
"[0.37387314438819885, 0.2041374146938324, -3.877452456890751e-07, 0.4580870568752289, 0.28419774770736694, -0.016683418303728104, 0.49550914764404297, 0.3875710964202881, -0.02413838542997837, 0.4950858950614929, 0.46766743063926697, -0.0265667624771595, 0.474306583404541, 0.5001305341720581, -0.02643461711704731, 0.39909088611602783, 0.5113508701324463, -0.01957896165549755, 0.4566424489021301, 0.5562480092048645, -0.012702642008662224, 0.47005245089530945, 0.5014652013778687, -0.008097630925476551, 0.4585021436214447, 0.4537961781024933, -0.0060289716348052025, 0.3536115884780884, 0.4930831789970398, -0.010128982365131378, 0.4174569845199585, 0.5284478664398193, -0.0016976865008473396, 0.43454334139823914, 0.48488837480545044, 0.0009467580821365118, 0.42804232239723206, 0.4408019185066223, -0.0003163785149808973, 0.32561931014060974, 0.45665597915649414, 0.0008578850538469851, 0.38304921984672546, 0.49315035343170166, 0.005969321355223656, 0.4005846679210663, 0.4589696526527405, 0.010047992691397667, 0.39595991373062134, 0.4188547730445862, 0.01018921285867691, 0.30836033821105957, 0.41798555850982666, 0.011202390305697918, 0.36031681299209595, 0.4555056393146515, 0.013024956919252872, 0.376255065202713, 0.42494624853134155, 0.01990419253706932, 0.37126168608665466, 0.3919751048088074, 0.025594402104616165]",[]
"[0.38947591185569763, 0.6049697399139404, -3.2139288919097453e-07, 0.42166706919670105, 0.6238893270492554, -0.05802473798394203, 0.42971161007881165, 0.6762049794197083, -0.08877086639404297, 0.41764724254608154, 0.7380145788192749, -0.10594114661216736, 0.4038984775543213, 0.789657711982727, -0.11912186443805695, 0.35309287905693054, 0.6981019377708435, -0.09844069927930832, 0.3654056191444397, 0.8140507936477661, -0.1239827424287796, 0.39563339948654175, 0.8181644082069397, -0.13036850094795227, 0.41321462392807007, 0.7942790389060974, -0.1316269338130951, 0.33337852358818054, 0.7186837792396545, -0.0741225928068161, 0.35824650526046753, 0.8234857320785522, -0.09733670204877853, 0.3915591835975647, 0.8130086064338684, -0.09719458222389221, 0.40580064058303833, 0.7803491353988647, -0.09584495425224304, 0.3277110159397125, 0.7376018166542053, -0.051271092146635056, 0.3575390577316284, 0.8287330865859985, -0.07107418775558472, 0.38599520921707153, 0.8090953230857849, -0.06714696437120438, 0.39577212929725647, 0.7750771641731262, -0.06319395452737808, 0.3314470946788788, 0.7569767236709595, -0.03199810907244682, 0.35326531529426575, 0.8236161470413208, -0.05019378289580345, 0.3760807514190674, 0.8120457530021667, -0.051927074790000916, 0.3847571909427643, 0.7849851250648499, -0.050907351076602936]",[]
"[0.39223024249076843, 0.6184219121932983, -3.1344933404398034e-07, 0.4254351854324341, 0.6520518064498901, -0.05612662062048912, 0.4233713150024414, 0.7025755047798157, -0.08266369253396988, 0.40185868740081787, 0.7523893117904663, -0.09608007222414017, 0.38734880089759827, 0.7994720339775085, -0.10522198677062988, 0.34371477365493774, 0.7379570007324219, -0.08118964731693268, 0.3634369969367981, 0.8457822799682617, -0.09830928593873978, 0.39465031027793884, 0.8271909356117249, -0.10038691014051437, 0.40230727195739746, 0.7911295890808105, -0.10026431828737259, 0.32961124181747437, 0.7500796318054199, -0.05564946308732033, 0.35786768794059753, 0.8546069264411926, -0.07711949944496155, 0.39152446389198303, 0.8293649554252625, -0.07765013724565506, 0.3957836329936981, 0.7934221625328064, -0.07561840862035751, 0.3278517723083496, 0.7594836950302124, -0.031583573669195175, 0.3564545214176178, 0.8472802042961121, -0.05029462277889252, 0.3868795335292816, 0.8263147473335266, -0.047387443482875824, 0.3903690576553345, 0.7943945527076721, -0.04348641633987427, 0.33221450448036194, 0.7711367607116699, -0.010973351076245308, 0.3568829298019409, 0.8335023522377014, -0.02892829291522503, 0.3798167109489441, 0.8157727122306824, -0.0316033698618412, 0.3813877999782562, 0.7857331037521362, -0.03036993183195591]",[]
[],"[0.4052278995513916, 0.13169169425964355, -2.323897660971852e-07, 0.46652230620384216, 0.18382222950458527, -0.03516910597681999, 0.48312461376190186, 0.2897990942001343, -0.04951711371541023, 0.43260717391967773, 0.35949066281318665, -0.06020300090312958, 0.38631826639175415, 0.3952215015888214, -0.06470020115375519, 0.44067302346229553, 0.4660712778568268, -0.010423372499644756, 0.45977967977523804, 0.5258267521858215, -0.04261186718940735, 0.44650498032569885, 0.47522056102752686, -0.0648266151547432, 0.4251030385494232, 0.42276158928871155, -0.07490768283605576, 0.39569091796875, 0.474029004573822, -0.005197362974286079, 0.41394346952438354, 0.5109620690345764, -0.029689349234104156, 0.40824323892593384, 0.4514773488044739, -0.037313006818294525, 0.3948337137699127, 0.40862834453582764, -0.036281101405620575, 0.36065781116485596, 0.455332487821579, -0.007595367729663849, 0.37570786476135254, 0.48538148403167725, -0.029737934470176697, 0.3788292109966278, 0.4353691637516022, -0.023838693276047707, 0.37405863404273987, 0.3975091278553009, -0.013761651702225208, 0.3304253816604614, 0.41609999537467957, -0.014956203289330006, 0.34438416361808777, 0.4440232813358307, -0.03161728009581566, 0.3515097498893738, 0.41183143854141235, -0.027747152373194695, 0.3511810898780823, 0.3845861852169037, -0.01826600730419159]"
[],"[0.3870810866355896, 0.143707737326622, -4.18352243514164e-07, 0.45244699716567993, 0.2077966332435608, -0.030033349990844727, 0.4684978723526001, 0.31069615483283997, -0.0437953881919384, 0.4224741458892822, 0.3726072907447815, -0.05496940389275551, 0.3784167468547821, 0.38721728324890137, -0.060831304639577866, 0.4170536994934082, 0.4674409329891205, -0.011445021256804466, 0.45630720257759094, 0.5143381953239441, -0.04663151130080223, 0.45623430609703064, 0.45026782155036926, -0.07055309414863586, 0.43579256534576416, 0.39183762669563293, -0.07991141825914383, 0.3737908601760864, 0.46356576681137085, -0.007632491644471884, 0.4084242582321167, 0.5001614093780518, -0.03457033634185791, 0.4153672456741333, 0.4356045722961426, -0.04308709129691124, 0.4065450131893158, 0.386112242937088, -0.04119733348488808, 0.34330710768699646, 0.4355252981185913, -0.010443896055221558, 0.3761906325817108, 0.4655727744102478, -0.03333403170108795, 0.3878782391548157, 0.4128296673297882, -0.027633970603346825, 0.3841956853866577, 0.3737103044986725, -0.016299361363053322, 0.3204212188720703, 0.39106255769729614, -0.01705358922481537, 0.3521915674209595, 0.41789934039115906, -0.02992238476872444, 0.36489856243133545, 0.3874637484550476, -0.02321508526802063, 0.36390221118927, 0.3597020208835602, -0.01170138455927372]"
"[0.39106956124305725, 0.1737694889307022, -6.0350402009135e-07, 0.4580508768558502, 0.27981600165367126, -0.021848492324352264, 0.4752746820449829, 0.38714003562927246, -0.03449045866727829, 0.45935720205307007, 0.4756276607513428, -0.04118847846984863, 0.4321862459182739, 0.5235174894332886, -0.044990938156843185, 0.3726619482040405, 0.4942336082458496, -0.03486761823296547, 0.4327685236930847, 0.5618278384208679, -0.04159153625369072, 0.4528050124645233, 0.504926323890686, -0.04524872824549675, 0.4448854625225067, 0.4427330195903778, -0.04725566878914833, 0.3280709385871887, 0.4739866852760315, -0.027131494134664536, 0.3932216465473175, 0.5222206711769104, -0.030052969232201576, 0.4180929660797119, 0.4751237630844116, -0.0306644719094038, 0.41501715779304504, 0.41775378584861755, -0.03264462947845459, 0.3017619252204895, 0.4351736307144165, -0.018220674246549606, 0.35643118619918823, 0.48138123750686646, -0.021546050906181335, 0.38175004720687866, 0.443416953086853, -0.01606847532093525, 0.3810001313686371, 0.39299073815345764, -0.013944810256361961, 0.2832701802253723, 0.3884478211402893, -0.010920068249106407, 0.32750654220581055, 0.4351808428764343, -0.015734758228063583, 0.353156715631485, 0.4058593511581421, -0.008962665684521198, 0.35584717988967896, 0.3655123710632324, -0.0015936961863189936]",[]
"[0.38513296842575073, 0.17810599505901337, -5.373901217353705e-07, 0.4432085454463959, 0.26989462971687317, -0.033508479595184326, 0.4758431613445282, 0.3616827428340912, -0.05814706161618233, 0.48375576734542847, 0.4433882236480713, -0.07655300945043564, 0.47193026542663574, 0.5093782544136047, -0.09187545627355576, 0.35336580872535706, 0.5035990476608276, -0.04436658322811127, 0.4154009521007538, 0.564635157585144, -0.06018522009253502, 0.4376603364944458, 0.5169697403907776, -0.07073960453271866, 0.43461763858795166, 0.465709388256073, -0.07671479880809784, 0.31027281284332275, 0.4824603796005249, -0.0357791930437088, 0.37977683544158936, 0.5258623361587524, -0.044913046061992645, 0.40725916624069214, 0.4788053631782532, -0.05106229707598686, 0.41313695907592773, 0.4288192093372345, -0.056709662079811096, 0.2861180007457733, 0.4441576898097992, -0.02768549881875515, 0.35156163573265076, 0.4819820523262024, -0.03400604426860809, 0.3778895139694214, 0.43962809443473816, -0.03228092938661575, 0.3873538374900818, 0.39250731468200684, -0.032885849475860596, 0.27092742919921875, 0.394766241312027, -0.022862214595079422, 0.3245293200016022, 0.4258492588996887, -0.029555823653936386, 0.3484082520008087, 0.3940197825431824, -0.026340624317526817, 0.3565059304237366, 0.35817790031433105, -0.021273329854011536]",[]
"[0.3631311357021332, 0.2604244649410248, -8.169130296664662e-07, 0.4369553327560425, 0.3340127468109131, -0.017556020990014076, 0.48017483949661255, 0.44289690256118774, -0.02161361835896969, 0.49519217014312744, 0.522722065448761, -0.02459748089313507, 0.47884035110473633, 0.5453684329986572, -0.023176100105047226, 0.3657849133014679, 0.5470963716506958, -0.001272096298635006, 0.4224046468734741, 0.627108633518219, -0.01034423429518938, 0.45424968004226685, 0.5730777978897095, -0.0206682700663805, 0.45605552196502686, 0.5117631554603577, -0.02609153650701046, 0.3375960886478424, 0.5482805967330933, 0.005583545193076134, 0.40249329805374146, 0.6078989505767822, -0.0034854451660066843, 0.42996352910995483, 0.558185875415802, -0.009870653972029686, 0.42738574743270874, 0.5103806853294373, -0.012467960827052593, 0.3231479525566101, 0.5376537442207336, 0.010025170631706715, 0.38801896572113037, 0.5949398279190063, 0.002193549880757928, 0.41563040018081665, 0.5548792481422424, 0.00116917141713202, 0.41507330536842346, 0.5124695301055908, 0.002454876434057951, 0.32239970564842224, 0.5211995840072632, 0.012981593608856201, 0.37292981147766113, 0.5767093896865845, 0.009767615236341953, 0.39784517884254456, 0.5517402291297913, 0.013833676464855671, 0.4016452729701996, 0.5156747102737427, 0.01945613883435726]",[]
[],"[0.3351712226867676, 0.42279523611068726, -5.398023859015666e-07, 0.4095827043056488, 0.4821171760559082, 0.0009934017434716225, 0.4380289912223816, 0.5525162220001221, -0.002592680277302861, 0.420254111289978, 0.622939944267273, -0.01408514752984047, 0.38865727186203003, 0.6685327291488647, -0.02656400203704834, 0.40089017152786255, 0.6100516319274902, 0.024854859337210655, 0.4242595136165619, 0.6677853465080261, 0.006370717193931341, 0.43284738063812256, 0.6611566543579102, -0.012099058367311954, 0.4304942786693573, 0.643647313117981, -0.022731145843863487, 0.3614135980606079, 0.631227433681488, 0.012788878753781319, 0.39031267166137695, 0.6902729868888855, -0.01127641461789608, 0.39739203453063965, 0.6581478714942932, -0.03246656805276871, 0.3919883370399475, 0.6191019415855408, -0.04101704806089401, 0.3197239339351654, 0.6456699967384338, -0.00200571003369987, 0.3489074409008026, 0.7150060534477234, -0.024708719924092293, 0.36263275146484375, 0.6828396916389465, -0.03348745033144951, 0.3628884553909302, 0.6421424150466919, -0.03197184205055237, 0.27379655838012695, 0.6519027352333069, -0.017279809340834618, 0.2952433228492737, 0.7238909602165222, -0.03027777560055256, 0.32866665720939636, 0.722400426864624, -0.030795438215136528, 0.35446199774742126, 0.700542688369751, -0.026850134134292603]"
[],"[0.3071768283843994, 0.44984424114227295, -6.808295438531786e-07, 0.3461647927761078, 0.5388275384902954, 0.002616712125018239, 0.35420504212379456, 0.6223708391189575, 0.004235357511788607, 0.3533402383327484, 0.692080020904541, -0.0022281513083726168, 0.35901927947998047, 0.7216519713401794, -0.005909198895096779, 0.35443371534347534, 0.6545190811157227, 0.029271239414811134, 0.3697267770767212, 0.7124651074409485, 0.006502324715256691, 0.36009514331817627, 0.6625732183456421, -0.008927445858716965, 0.35225585103034973, 0.6178006529808044, -0.013601826503872871, 0.33137762546539307, 0.6572824716567993, 0.01763704977929592, 0.35299745202064514, 0.7184126973152161, -0.012414217926561832, 0.3436269462108612, 0.6556781530380249, -0.02757108025252819, 0.3335641026496887, 0.6044821739196777, -0.02805224433541298, 0.30247053503990173, 0.653751015663147, 0.0021323019172996283, 0.3272775411605835, 0.7158727645874023, -0.028092125430703163, 0.324430376291275, 0.6496734619140625, -0.03025524504482746, 0.31795668601989746, 0.5934804677963257, -0.020210085436701775, 0.2677895724773407, 0.6429926156997681, -0.01369295921176672, 0.26913902163505554, 0.7203984260559082, -0.02592833712697029, 0.2916083335876465, 0.7251048684120178, -0.02269897609949112, 0.315504252910614, 0.7159614562988281, -0.015405078418552876]"
"[0.4283546209335327, 0.16335099935531616, -8.992365252424861e-08, 0.4300423264503479, 0.23505368828773499, -0.0044151004403829575, 0.4249093234539032, 0.3083118200302124, -0.008653387427330017, 0.4239445924758911, 0.36605605483055115, -0.013568876311182976, 0.4336729049682617, 0.408454567193985, -0.0182937178760767, 0.4112270474433899, 0.3018512725830078, 0.0015802980633452535, 0.40993744134902954, 0.34697142243385315, -0.007471917197108269, 0.41301673650741577, 0.3714718520641327, -0.01597646251320839, 0.41672372817993164, 0.39411330223083496, -0.021258803084492683, 0.3945399522781372, 0.2753418982028961, -0.0015841712011024356, 0.3872053921222687, 0.30857858061790466, -0.008885316550731659, 0.3829026520252228, 0.32903802394866943, -0.016387488692998886, 0.3787546157836914, 0.350431889295578, -0.021979236975312233, 0.3781842887401581, 0.24454554915428162, -0.006050807423889637, 0.35916727781295776, 0.27338850498199463, -0.016220340505242348, 0.3442087471485138, 0.29375723004341125, -0.020526999607682228, 0.3342466950416565, 0.311672568321228, -0.02181226760149002, 0.36339911818504333, 0.21302080154418945, -0.010359317995607853, 0.34075236320495605, 0.24497878551483154, -0.01652914099395275, 0.3279286324977875, 0.2702453136444092, -0.01559760794043541, 0.3180994987487793, 0.296093225479126, -0.013955245725810528]","[0.3991689682006836, 0.6345389485359192, -1.9967336584159057e-07, 0.4128744900226593, 0.6640387177467346, -0.06788001954555511, 0.4029974937438965, 0.7104083299636841, -0.09576025605201721, 0.3860264718532562, 0.757821261882782, -0.11029472202062607, 0.3696253001689911, 0.7999275326728821, -0.11941348016262054, 0.3247894048690796, 0.7518621683120728, -0.06593592464923859, 0.3309057056903839, 0.8480013608932495, -0.08799124509096146, 0.3615550398826599, 0.8635109663009644, -0.09730803221464157, 0.3837379515171051, 0.848635733127594, -0.1003313735127449, 0.3234815001487732, 0.7665076851844788, -0.035813283175230026, 0.34121882915496826, 0.8511633276939392, -0.058561913669109344, 0.3695899248123169, 0.8428841829299927, -0.06456904113292694, 0.382883220911026, 0.8170379996299744, -0.06414227932691574, 0.328633189201355, 0.7817093729972839, -0.011336691677570343, 0.3517929017543793, 0.8479966521263123, -0.03376322239637375, 0.375578910112381, 0.8361194133758545, -0.03864222764968872, 0.38593462109565735, 0.814911425113678, -0.037410762161016464, 0.3360541760921478, 0.7995041608810425, 0.008040294051170349, 0.3547583222389221, 0.846276044845581, -0.012442623265087605, 0.37385085225105286, 0.8398545980453491, -0.020404353737831116, 0.3832237422466278, 0.8260666131973267, -0.021560918539762497]"
[],"[0.3063405454158783, 0.4509595036506653, -6.799397738177504e-07, 0.3388619124889374, 0.5438860058784485, 0.0028293065261095762, 0.3441421091556549, 0.6291496157646179, 0.00496105570346117, 0.3467317521572113, 0.6973897814750671, -0.0009142842027358711, 0.3592284917831421, 0.7328392267227173, -0.0038388052489608526, 0.35094889998435974, 0.6599985957145691, 0.029130661860108376, 0.3641253113746643, 0.718335747718811, 0.00662726117298007, 0.3543380796909332, 0.6685742139816284, -0.008625335060060024, 0.3467569351196289, 0.6214489936828613, -0.013243230991065502, 0.3336487114429474, 0.6597589254379272, 0.01742684468626976, 0.35275545716285706, 0.7231483459472656, -0.01253247819840908, 0.34230491518974304, 0.6585140228271484, -0.027410585433244705, 0.3314325511455536, 0.6052960753440857, -0.027658989652991295, 0.3104071617126465, 0.6531335115432739, 0.00188643264118582, 0.3322170674800873, 0.714960515499115, -0.028670186176896095, 0.3260897994041443, 0.648586094379425, -0.03067072294652462, 0.31802645325660706, 0.5936973690986633, -0.02039244771003723, 0.2810758948326111, 0.638749361038208, -0.01384904608130455, 0.2817500829696655, 0.7172454595565796, -0.026735376566648483, 0.3006357252597809, 0.7210183143615723, -0.02344195544719696, 0.3223165273666382, 0.7118959426879883, -0.01602642796933651]"
[],"[0.3021843135356903, 0.4418298602104187, -7.538459954048449e-07, 0.3646124005317688, 0.5009554624557495, 0.002853822661563754, 0.3865870237350464, 0.5709220170974731, 0.0015285053523257375, 0.37193500995635986, 0.6321699619293213, -0.0077925510704517365, 0.34821656346321106, 0.6649301648139954, -0.015903273597359657, 0.34940168261528015, 0.6344566941261292, 0.02173769846558571, 0.3633922040462494, 0.6912581324577332, 0.0010737677803263068, 0.3618851900100708, 0.6453762650489807, -0.014273609966039658, 0.35538873076438904, 0.5931147336959839, -0.020307328552007675, 0.31358402967453003, 0.6446759104728699, 0.010515302419662476, 0.33805903792381287, 0.7031934857368469, -0.01377036888152361, 0.336957722902298, 0.6439194679260254, -0.02713656798005104, 0.32970744371414185, 0.5868158340454102, -0.02942175604403019, 0.27523598074913025, 0.6494139432907104, -0.0037134855519980192, 0.3036442697048187, 0.7115016579627991, -0.027386486530303955, 0.30931711196899414, 0.6504478454589844, -0.029605315998196602, 0.30630800127983093, 0.5912409424781799, -0.022959807887673378, 0.23212693631649017, 0.6472156643867493, -0.018258949741721153, 0.24499626457691193, 0.7181136012077332, -0.03058631159365177, 0.27716195583343506, 0.7225847244262695, -0.029537592083215714, 0.3069216310977936, 0.7109019756317139, -0.024761034175753593]"
[],"[0.4687839150428772, 0.05946355313062668, 9.795139277457565e-08, 0.4500844478607178, 0.1681784838438034, -0.03415217995643616, 0.3951571583747864, 0.27109214663505554, -0.047515254467725754, 0.33212873339653015, 0.3224213719367981, -0.057812850922346115, 0.2768053412437439, 0.3238345980644226, -0.06473630666732788, 0.30048254132270813, 0.22341123223304749, 0.0028214778285473585, 0.24766771495342255, 0.23996776342391968, -0.0007919963682070374, 0.22972163558006287, 0.22846302390098572, -0.01219974271953106, 0.2190210223197937, 0.2008500099182129, -0.02259828895330429, 0.2855401933193207, 0.13559335470199585, 0.013575193472206593, 0.22538043558597565, 0.14818279445171356, 0.017299911007285118, 0.20746800303459167, 0.143437922000885, 0.007458410691469908, 0.20245665311813354, 0.12499034404754639, -0.0035420602653175592, 0.2839749753475189, 0.0581793412566185, 0.018842017278075218, 0.22819867730140686, 0.06737970560789108, 0.018938271328806877, 0.21060650050640106, 0.06653596460819244, 0.01440445240586996, 0.20854370296001434, 0.057159602642059326, 0.009008078835904598, 0.2925802171230316, -0.017949402332305908, 0.020311960950493813, 0.24518130719661713, -0.01724158227443695, 0.022227415814995766, 0.2258436530828476, -0.0192868709564209, 0.024714220315217972, 0.22046563029289246, -0.025723472237586975, 0.025299616158008575]"
[],"[0.37061336636543274, 0.11133779585361481, -1.8835133630545897e-07, 0.35362324118614197, 0.1417417824268341, -0.034018561244010925, 0.31188228726387024, 0.21453355252742767, -0.047719813883304596, 0.2791827321052551, 0.2846207618713379, -0.05854733660817146, 0.26901182532310486, 0.352092444896698, -0.06342988461256027, 0.2948281466960907, 0.398306280374527, -0.004420633427798748, 0.3276313543319702, 0.5110148191452026, -0.0274196844547987, 0.34335416555404663, 0.4958937168121338, -0.04597901925444603, 0.34019437432289124, 0.4471372365951538, -0.05261415243148804, 0.31418031454086304, 0.4294883608818054, 0.004916530568152666, 0.3391517698764801, 0.5444886088371277, -0.012498827651143074, 0.35839325189590454, 0.5183320045471191, -0.021936578676104546, 0.3572041988372803, 0.46575257182121277, -0.02138364687561989, 0.3368966281414032, 0.44705432653427124, 0.007945545949041843, 0.35717660188674927, 0.5561746954917908, -0.008824228309094906, 0.37464576959609985, 0.5339138507843018, -0.011478165164589882, 0.3719349801540375, 0.49106061458587646, -0.006052504759281874, 0.35775062441825867, 0.4509345591068268, 0.007338392548263073, 0.37217843532562256, 0.5408762693405151, -0.004274907521903515, 0.38471561670303345, 0.536213219165802, -0.004035827238112688, 0.3805486559867859, 0.505520224571228, 0.003323781071230769]"
[],"[0.3403293192386627, 0.3395382761955261, -2.986309937114129e-07, 0.38350918889045715, 0.3977583944797516, -0.011685576289892197, 0.394469678401947, 0.4733240604400635, -0.02049589343369007, 0.38003864884376526, 0.5226386785507202, -0.02883574739098549, 0.3601704239845276, 0.5358294248580933, -0.03543059155344963, 0.358879953622818, 0.5507979989051819, -0.007605173159390688, 0.3861028850078583, 0.5888883471488953, -0.023933807387948036, 0.3858894407749176, 0.5516950488090515, -0.03843040391802788, 0.3756154775619507, 0.5169394016265869, -0.046764593571424484, 0.32158952951431274, 0.5469438433647156, -0.008982634171843529, 0.3428874611854553, 0.5750618577003479, -0.019870012998580933, 0.3480715751647949, 0.538780689239502, -0.027108753100037575, 0.3437747359275818, 0.5040768384933472, -0.03071834146976471, 0.28891152143478394, 0.5270967483520508, -0.012005211785435677, 0.3108317255973816, 0.5492128133773804, -0.021616889163851738, 0.31648769974708557, 0.51694256067276, -0.020518697798252106, 0.31214338541030884, 0.48559167981147766, -0.01836276985704899, 0.26131492853164673, 0.49754127860069275, -0.01646261475980282, 0.27868929505348206, 0.5198184251785278, -0.022716732695698738, 0.28697770833969116, 0.4942171573638916, -0.017714079469442368, 0.2855604290962219, 0.4673737585544586, -0.011272944509983063]"
"[0.30630770325660706, 0.27589577436447144, -3.9810103658055596e-07, 0.37931451201438904, 0.3363329768180847, -0.004887355025857687, 0.42336028814315796, 0.39858418703079224, -0.018104560673236847, 0.4348375201225281, 0.4448738396167755, -0.03211893141269684, 0.43292754888534546, 0.46501001715660095, -0.04541942849755287, 0.34585583209991455, 0.5668296217918396, -0.01782618835568428, 0.3744291067123413, 0.6215360164642334, -0.019460011273622513, 0.3856242001056671, 0.5762250423431396, -0.023674944415688515, 0.38011831045150757, 0.530798077583313, -0.027919827029109, 0.2948760986328125, 0.5598253607749939, -0.021287022158503532, 0.32827091217041016, 0.6031814217567444, -0.016117505729198456, 0.34301209449768066, 0.5661442279815674, -0.017137132585048676, 0.33985602855682373, 0.5215662717819214, -0.022295745089650154, 0.25621578097343445, 0.5268694758415222, -0.022835440933704376, 0.2892313301563263, 0.5659039616584778, -0.015815595164895058, 0.3027413785457611, 0.5347689390182495, -0.012052199803292751, 0.3019051253795624, 0.4920347034931183, -0.014288663864135742, 0.2260149121284485, 0.48689696192741394, -0.025232719257473946, 0.2539277970790863, 0.521718442440033, -0.017067864537239075, 0.26833927631378174, 0.49575725197792053, -0.007685462944209576, 0.2701302766799927, 0.46053507924079895, -0.002315410180017352]",[]
"[0.3949042558670044, 0.6323859691619873, -2.2025051293894649e-07, 0.4099479913711548, 0.6626749038696289, -0.06662823259830475, 0.3980315923690796, 0.7115697264671326, -0.09461622685194016, 0.3781917989253998, 0.7684311270713806, -0.10937821120023727, 0.3583526611328125, 0.8219758868217468, -0.11906716227531433, 0.32155388593673706, 0.7407334446907043, -0.07139696925878525, 0.3194892406463623, 0.841373085975647, -0.09095478057861328, 0.3468452990055084, 0.8583477139472961, -0.09782132506370544, 0.3712940514087677, 0.8442476391792297, -0.1000053733587265, 0.31584930419921875, 0.7535518407821655, -0.042253512889146805, 0.3230609595775604, 0.8472341895103455, -0.06290590018033981, 0.3565817177295685, 0.8523285984992981, -0.07053006440401077, 0.38093259930610657, 0.8319719433784485, -0.07342362403869629, 0.3193928897380829, 0.7666385769844055, -0.017659761011600494, 0.3312055170536041, 0.8474962711334229, -0.0376419760286808, 0.36145710945129395, 0.8461847305297852, -0.0455428846180439, 0.38286614418029785, 0.8263007402420044, -0.048580653965473175, 0.3269845247268677, 0.7820719480514526, 0.0021720733493566513, 0.33583176136016846, 0.8356433510780334, -0.01701996847987175, 0.3577789068222046, 0.8428688645362854, -0.027981480583548546, 0.3758641481399536, 0.8361893892288208, -0.03347693756222725]","[0.4264718294143677, 0.1760006546974182, 2.160748522328504e-07, 0.4229416847229004, 0.24672573804855347, -0.009332663379609585, 0.41852259635925293, 0.3304588794708252, -0.01136719062924385, 0.4232138395309448, 0.38957059383392334, -0.011915878392755985, 0.43507522344589233, 0.43106168508529663, -0.011454283259809017, 0.38229086995124817, 0.29523611068725586, 0.007635762915015221, 0.35375604033470154, 0.3172096312046051, 0.012783946469426155, 0.3382493257522583, 0.3273024559020996, 0.013004086911678314, 0.327925443649292, 0.33996620774269104, 0.012293951585888863, 0.3839935064315796, 0.2690132260322571, 0.013209272176027298, 0.359629362821579, 0.29030340909957886, 0.020878123119473457, 0.34499141573905945, 0.30998754501342773, 0.020127812400460243, 0.3346444368362427, 0.3256494402885437, 0.01731868088245392, 0.39085862040519714, 0.24541544914245605, 0.01740419864654541, 0.37904784083366394, 0.27783483266830444, 0.02373737469315529, 0.3692000210285187, 0.2949800491333008, 0.02319463901221752, 0.36374178528785706, 0.3027115762233734, 0.021992836147546768, 0.3986169099807739, 0.22539272904396057, 0.020973358303308487, 0.3879821300506592, 0.25881126523017883, 0.027748601511120796, 0.3807077407836914, 0.27788040041923523, 0.03140859678387642, 0.3743562400341034, 0.2869616150856018, 0.033184345811605453]"
"[0.300610214471817, 0.23410525918006897, -4.0290657921104867e-07, 0.3730775713920593, 0.3102115988731384, -0.002909131580963731, 0.41852614283561707, 0.38743260502815247, -0.015246176160871983, 0.42878007888793945, 0.44726186990737915, -0.028030063956975937, 0.42149269580841064, 0.46943750977516174, -0.03996579721570015, 0.34340140223503113, 0.5640915036201477, -0.016036422923207283, 0.37135347723960876, 0.631862461566925, -0.01724633015692234, 0.38044196367263794, 0.586654543876648, -0.02020834945142269, 0.37622472643852234, 0.5326568484306335, -0.022234207019209862, 0.2876124382019043, 0.5574483871459961, -0.018687793985009193, 0.3240647315979004, 0.6115646958351135, -0.009766977280378342, 0.3390093147754669, 0.573020339012146, -0.009043954312801361, 0.3372492790222168, 0.5222253799438477, -0.013065720908343792, 0.245313361287117, 0.5267320871353149, -0.019086962565779686, 0.2835957407951355, 0.5742006301879883, -0.008145811036229134, 0.2973804473876953, 0.540985107421875, -0.004225320182740688, 0.296630859375, 0.4934343099594116, -0.006510363891720772, 0.21110787987709045, 0.48790982365608215, -0.020138822495937347, 0.24595987796783447, 0.5354602336883545, -0.009623999707400799, 0.26142221689224243, 0.5089480876922607, 0.00047087535494938493, 0.2634890675544739, 0.470054030418396, 0.006768418941646814]",[]
"[0.28968414664268494, 0.24182212352752686, -7.143923994590295e-07, 0.3835393786430359, 0.32983583211898804, -0.008720260113477707, 0.42451155185699463, 0.45086389780044556, -0.01511091273277998, 0.4022480845451355, 0.5345242619514465, -0.020995143800973892, 0.3532967269420624, 0.5472676157951355, -0.024983741343021393, 0.329276442527771, 0.5771626830101013, -0.011120176874101162, 0.37451761960983276, 0.634674072265625, -0.01489997934550047, 0.38765016198158264, 0.5772265195846558, -0.022339774295687675, 0.37385863065719604, 0.5282228589057922, -0.029490800574421883, 0.27397602796554565, 0.5619339942932129, -0.011979100294411182, 0.32569295167922974, 0.6085311770439148, -0.01160293910652399, 0.343051940202713, 0.5601944327354431, -0.01114465668797493, 0.33289217948913574, 0.5118163824081421, -0.01298627071082592, 0.23581565916538239, 0.525191068649292, -0.012776749208569527, 0.28467562794685364, 0.5705093741416931, -0.01785420998930931, 0.3042493164539337, 0.5327735543251038, -0.013559868559241295, 0.29725781083106995, 0.48543649911880493, -0.011156285181641579, 0.21128901839256287, 0.48282021284103394, -0.01422207336872816, 0.2546006441116333, 0.527521014213562, -0.01959882117807865, 0.27398183941841125, 0.4943021237850189, -0.011890994384884834, 0.27033185958862305, 0.4494175910949707, -0.004234083462506533]",[]
"[0.31717225909233093, 0.3535902202129364, -6.100262908148579e-07, 0.28241610527038574, 0.4779846668243408, -0.028996845707297325, 0.27367058396339417, 0.6058942079544067, -0.03754632920026779, 0.32265204191207886, 0.6705479025840759, -0.04669956490397453, 0.3719356060028076, 0.6377190351486206, -0.05333175137639046, 0.33914420008659363, 0.6265620589256287, 0.009763953275978565, 0.36958596110343933, 0.6881862282752991, -0.02328033559024334, 0.36589398980140686, 0.6247928738594055, -0.0508260615170002, 0.35436877608299255, 0.5618019700050354, -0.06462947279214859, 0.3766879439353943, 0.5926706194877625, 0.01361304521560669, 0.40808987617492676, 0.647545576095581, -0.02333449199795723, 0.39017102122306824, 0.5770494341850281, -0.04752049595117569, 0.3640008568763733, 0.5187550187110901, -0.05401037633419037, 0.4026723802089691, 0.5565425157546997, 0.010962609201669693, 0.43064314126968384, 0.6043440103530884, -0.0245214831084013, 0.4077008068561554, 0.545584499835968, -0.03146035224199295, 0.3784736394882202, 0.495491623878479, -0.02447301149368286, 0.42032232880592346, 0.5133290886878967, 0.005777239799499512, 0.43841636180877686, 0.5575675964355469, -0.01479386631399393, 0.42017126083374023, 0.5224406719207764, -0.01330495160073042, 0.3953535556793213, 0.4890918433666229, -0.0049062431789934635]",[]
"[0.31227558851242065, 0.3577299118041992, -6.443437996495049e-07, 0.2779201865196228, 0.48160868883132935, -0.031058134511113167, 0.27203354239463806, 0.6117356419563293, -0.04169854149222374, 0.32291123270988464, 0.6729442477226257, -0.05220860615372658, 0.37231573462486267, 0.635956346988678, -0.060221146792173386, 0.34578078985214233, 0.6337417364120483, 0.001602666568942368, 0.37305355072021484, 0.6954618692398071, -0.03346593677997589, 0.3625956177711487, 0.6331086158752441, -0.060639671981334686, 0.3502276837825775, 0.573070764541626, -0.07412820309400558, 0.38276049494743347, 0.5974273681640625, 0.0057311770506203175, 0.41043588519096375, 0.650604248046875, -0.03223042190074921, 0.38550519943237305, 0.5813919901847839, -0.05452200397849083, 0.359676718711853, 0.5261507034301758, -0.060090284794569016, 0.40831470489501953, 0.5585909485816956, 0.0034474902786314487, 0.43237531185150146, 0.603256106376648, -0.032937366515398026, 0.4032873809337616, 0.5447891354560852, -0.0381607711315155, 0.375079482793808, 0.4968132972717285, -0.030502846464514732, 0.4256257116794586, 0.5106934309005737, -0.0013979024952277541, 0.4408580958843231, 0.5501824617385864, -0.022968348115682602, 0.4163975119590759, 0.5138233304023743, -0.021123258396983147, 0.3915170729160309, 0.48281562328338623, -0.012535265646874905]",[]
[],"[0.3226776421070099, 0.3845900297164917, -7.260715619850089e-07, 0.394732266664505, 0.44180554151535034, 0.004494140390306711, 0.41678351163864136, 0.5185166597366333, 0.005077247507870197, 0.4035009443759918, 0.5903199315071106, -0.0025409157387912273, 0.3854391574859619, 0.6354597210884094, -0.008753704838454723, 0.3892158269882202, 0.5711236000061035, 0.031284403055906296, 0.4161176085472107, 0.6245908141136169, 0.010082471184432507, 0.4059295058250427, 0.5830525755882263, -0.006665726192295551, 0.3881448209285736, 0.5342404246330261, -0.012828846462070942, 0.35416287183761597, 0.5946942567825317, 0.01993856392800808, 0.3904373049736023, 0.6532765626907349, -0.004774600733071566, 0.37955185770988464, 0.5933062434196472, -0.020626939833164215, 0.3607138395309448, 0.5364640355110168, -0.02280968800187111, 0.313369482755661, 0.6114239692687988, 0.00533679872751236, 0.35070616006851196, 0.6711298227310181, -0.018246792256832123, 0.3506399393081665, 0.6039154529571533, -0.020705001428723335, 0.33908015489578247, 0.5416036248207092, -0.01288539543747902, 0.26436951756477356, 0.6190057992935181, -0.00950597133487463, 0.2876061201095581, 0.6862502098083496, -0.020032847300171852, 0.31867021322250366, 0.6725718975067139, -0.016904262825846672, 0.3431033492088318, 0.6437459588050842, -0.0098673515021801]"
"[0.4111122190952301, 0.6219992637634277, -2.3462835940790683e-07, 0.41958126425743103, 0.6522176265716553, -0.05865003541111946, 0.40568679571151733, 0.7002401947975159, -0.08044779300689697, 0.38798758387565613, 0.7534230351448059, -0.09115249663591385, 0.3710924983024597, 0.8014786839485168, -0.09714420884847641, 0.3373728096485138, 0.7403855323791504, -0.04874961078166962, 0.3340781629085541, 0.8328360319137573, -0.06600682437419891, 0.3631022274494171, 0.8470901250839233, -0.07706545293331146, 0.38511529564857483, 0.8326074481010437, -0.08257122337818146, 0.3393138349056244, 0.7543129920959473, -0.022230904549360275, 0.3402896821498871, 0.8438517451286316, -0.03944398835301399, 0.36973264813423157, 0.8516607284545898, -0.05228607356548309, 0.39012837409973145, 0.834479033946991, -0.058952681720256805, 0.3473080098628998, 0.7669962644577026, -0.00046050758101046085, 0.352192759513855, 0.8399821519851685, -0.01713060773909092, 0.37848100066185, 0.8458563685417175, -0.030019327998161316, 0.39625516533851624, 0.8321747779846191, -0.036430831998586655, 0.35665127635002136, 0.7791476845741272, 0.017112886533141136, 0.3621828556060791, 0.8309998512268066, 0.0025705599691718817, 0.38067275285720825, 0.8399432301521301, -0.008558768779039383, 0.3947347402572632, 0.8330267071723938, -0.014644796960055828]",[]
[],"[0.4720214903354645, 0.06923976540565491, 2.8469736434999504e-07, 0.47276732325553894, 0.18398040533065796, -0.026930339634418488, 0.4390529692173004, 0.2970273494720459, -0.03359834849834442, 0.3892243504524231, 0.35360902547836304, -0.03884326294064522, 0.34209898114204407, 0.3797488808631897, -0.041698481887578964, 0.3745799958705902, 0.3280101716518402, 0.004357917699962854, 0.32258865237236023, 0.367291659116745, -0.009320474229753017, 0.2902184724807739, 0.3612745404243469, -0.024749992415308952, 0.26981988549232483, 0.34439927339553833, -0.03430590033531189, 0.3474392592906952, 0.2755906581878662, 0.011086900718510151, 0.28608423471450806, 0.3049844801425934, 0.002593760145828128, 0.2587209939956665, 0.2954128682613373, -0.011802944354712963, 0.24235200881958008, 0.2772943079471588, -0.02160748839378357, 0.330799400806427, 0.21650922298431396, 0.012510405853390694, 0.2725118398666382, 0.2349534034729004, -0.00012224649253766984, 0.2528894543647766, 0.2210056185722351, -0.011307906359434128, 0.2417401820421219, 0.20331674814224243, -0.016573255881667137, 0.3207172155380249, 0.1541583389043808, 0.011553922668099403, 0.27152907848358154, 0.16150027513504028, 0.002881311345845461, 0.25674834847450256, 0.15438587963581085, -0.0006938716978766024, 0.2507391571998596, 0.14350618422031403, -0.001219891826622188]"
"[0.3819465935230255, 0.16269122064113617, -4.370856743207696e-07, 0.44694483280181885, 0.22400563955307007, -0.00416709715500474, 0.4599740505218506, 0.3117373287677765, -0.010859685018658638, 0.4241865277290344, 0.3871070444583893, -0.017616836354136467, 0.38636356592178345, 0.42275553941726685, -0.022003650665283203, 0.42220863699913025, 0.4853386878967285, -0.0028369035571813583, 0.4678689241409302, 0.5557364225387573, -0.009891211986541748, 0.4669936001300812, 0.5064403414726257, -0.018127044662833214, 0.44609692692756653, 0.45303666591644287, -0.0233443696051836, 0.37343481183052063, 0.5017306804656982, -0.0042351107113063335, 0.4173339903354645, 0.5715140104293823, -0.0019167453283444047, 0.4271063506603241, 0.5300722122192383, 0.00028983797528780997, 0.4156138300895691, 0.48378366231918335, -0.0003881504526361823, 0.33538779616355896, 0.48773193359375, -0.006078195292502642, 0.37588781118392944, 0.5473282933235168, -0.000981812714599073, 0.3905889689922333, 0.5118787288665771, 0.007976428605616093, 0.38161295652389526, 0.4758986234664917, 0.010542484000325203, 0.3053012192249298, 0.457777738571167, -0.009247860871255398, 0.34022051095962524, 0.5080046653747559, -0.0018249757122248411, 0.35756850242614746, 0.47928518056869507, 0.009331128560006618, 0.35392308235168457, 0.44794267416000366, 0.01675635762512684]",[]
"[0.35996678471565247, 0.2261764407157898, -3.735479765509808e-07, 0.4352531135082245, 0.2760164141654968, -0.013219641521573067, 0.4783053696155548, 0.3517765700817108, -0.025228334590792656, 0.49075567722320557, 0.43579068779945374, -0.034281034022569656, 0.48908740282058716, 0.4919205605983734, -0.040495578199625015, 0.41447433829307556, 0.48215940594673157, -0.02989712357521057, 0.45394566655158997, 0.5581285953521729, -0.033898308873176575, 0.458069384098053, 0.5140936374664307, -0.031436920166015625, 0.4465818405151367, 0.4685001075267792, -0.029456833377480507, 0.36475875973701477, 0.49066853523254395, -0.025537004694342613, 0.40455129742622375, 0.5601440668106079, -0.024395978078246117, 0.41621243953704834, 0.5219863653182983, -0.017672955989837646, 0.40756312012672424, 0.4815649092197418, -0.015466324985027313, 0.32585203647613525, 0.4771469831466675, -0.020043496042490005, 0.36357125639915466, 0.5375300645828247, -0.01825476810336113, 0.3776904344558716, 0.5072305798530579, -0.009692316874861717, 0.3747209906578064, 0.46887677907943726, -0.0067482516169548035, 0.2932286858558655, 0.45114272832870483, -0.015706367790699005, 0.32078295946121216, 0.49598002433776855, -0.014810264110565186, 0.33639732003211975, 0.47112756967544556, -0.008195492438971996, 0.3380046486854553, 0.43711453676223755, -0.0029830471612513065]",[]
"[0.35786619782447815, 0.2101641148328781, -4.7168197170321946e-07, 0.43541115522384644, 0.2664485275745392, -0.015359743498265743, 0.47534477710723877, 0.3551155626773834, -0.02572779729962349, 0.47719427943229675, 0.4506829082965851, -0.032670117914676666, 0.4665517210960388, 0.508855402469635, -0.03626788780093193, 0.4117865264415741, 0.47672343254089355, -0.0277476254850626, 0.4561868906021118, 0.5629403591156006, -0.03344453126192093, 0.4616779685020447, 0.5171882510185242, -0.032798849046230316, 0.4498240053653717, 0.4687049090862274, -0.0321471244096756, 0.3613293468952179, 0.4861326515674591, -0.022814594209194183, 0.40824177861213684, 0.5653145909309387, -0.0224830973893404, 0.4226061701774597, 0.5251767039299011, -0.01652064546942711, 0.41433778405189514, 0.4830196797847748, -0.014917731285095215, 0.3225972056388855, 0.47385361790657043, -0.017632512375712395, 0.3662891387939453, 0.5405437350273132, -0.017438126727938652, 0.38235095143318176, 0.5090115666389465, -0.010276352986693382, 0.37897101044654846, 0.4708062708377838, -0.00850834883749485, 0.29063189029693604, 0.4477905333042145, -0.013955189846456051, 0.32513681054115295, 0.4959818124771118, -0.015251709148287773, 0.3421960473060608, 0.46999165415763855, -0.010455981828272343, 0.3439731299877167, 0.43598729372024536, -0.006722770631313324]",[]
[],"[0.3473394215106964, 0.16699528694152832, -3.04820787278004e-07, 0.39129820466041565, 0.2256438434123993, -0.007728594355285168, 0.402128666639328, 0.29990220069885254, -0.013220182619988918, 0.38915178179740906, 0.37028810381889343, -0.017887074500322342, 0.3749198019504547, 0.41748809814453125, -0.020627353340387344, 0.3777080476284027, 0.4471699595451355, -0.0039033072534948587, 0.43178611993789673, 0.5224970579147339, -0.013580693863332272, 0.43815624713897705, 0.49005621671676636, -0.021809186786413193, 0.4281657636165619, 0.44447723031044006, -0.024841345846652985, 0.34562328457832336, 0.4699617624282837, -0.0028078618925064802, 0.3942575454711914, 0.5386243462562561, -0.006474497728049755, 0.4082229733467102, 0.5033817291259766, -0.006122496910393238, 0.4063567817211151, 0.4546132981777191, -0.004597913008183241, 0.32333511114120483, 0.4691501259803772, -0.002559555694460869, 0.3679311275482178, 0.5222731232643127, -0.004258256405591965, 0.38631463050842285, 0.49343401193618774, 0.0019313053926452994, 0.3847125470638275, 0.4529688060283661, 0.006467675790190697, 0.3039015233516693, 0.45217812061309814, -0.003738499479368329, 0.33976510167121887, 0.49312594532966614, -0.0036350239533931017, 0.3606303930282593, 0.46882641315460205, 0.00414183409884572, 0.36320242285728455, 0.4357888698577881, 0.01225261576473713]"
"[0.4172440469264984, 0.622329592704773, -2.018586826579849e-07, 0.42968764901161194, 0.6434706449508667, -0.06126110255718231, 0.4211463928222656, 0.687617838382721, -0.08585455268621445, 0.40767231583595276, 0.7413012981414795, -0.09846293181180954, 0.39346495270729065, 0.7902933955192566, -0.10615496337413788, 0.3489786684513092, 0.7322871685028076, -0.060909125953912735, 0.3524441421031952, 0.8280264735221863, -0.08175002783536911, 0.3808838427066803, 0.8389849662780762, -0.08952995389699936, 0.40131014585494995, 0.8191672563552856, -0.09110745042562485, 0.3485478460788727, 0.7501658797264099, -0.03416560962796211, 0.3579619824886322, 0.8396455645561218, -0.05496568977832794, 0.39026567339897156, 0.8373100161552429, -0.06053400784730911, 0.4079192280769348, 0.8132986426353455, -0.05952226370573044, 0.35476523637771606, 0.7655271291732788, -0.012386892922222614, 0.37604233622550964, 0.8248412609100342, -0.033300865441560745, 0.401745468378067, 0.8074290156364441, -0.0383361391723156, 0.41146305203437805, 0.7820696830749512, -0.036861542612314224, 0.3639129400253296, 0.7817988395690918, 0.004867192357778549, 0.38197964429855347, 0.8212193846702576, -0.01355450414121151, 0.401073157787323, 0.8107439279556274, -0.020426321774721146, 0.40938347578048706, 0.792640745639801, -0.020955152809619904]",[]
"[0.43724316358566284, 0.4047865867614746, 2.2129303545170842e-07, 0.4113546311855316, 0.4622436463832855, -0.016810864210128784, 0.40735048055648804, 0.5591037273406982, -0.022492332383990288, 0.4180275797843933, 0.6339667439460754, -0.029344595968723297, 0.42205652594566345, 0.6975967288017273, -0.03612455725669861, 0.4473595917224884, 0.6152324080467224, 0.0034992771688848734, 0.46153444051742554, 0.6736047267913818, -0.010022544302046299, 0.46169349551200867, 0.7145727872848511, -0.021048882976174355, 0.45636776089668274, 0.7390267252922058, -0.028077121824026108, 0.47071415185928345, 0.5975519418716431, 0.0015278287464752793, 0.4925025403499603, 0.6870040893554688, -0.020152868703007698, 0.473657488822937, 0.6743290424346924, -0.03329360857605934, 0.45327427983283997, 0.6389156579971313, -0.03608214110136032, 0.4892599284648895, 0.5686826109886169, -0.0035786530934274197, 0.5046197175979614, 0.6487625241279602, -0.028259290382266045, 0.4773210287094116, 0.6268473863601685, -0.03409963846206665, 0.4557521939277649, 0.5870398879051208, -0.030516162514686584, 0.505953311920166, 0.526960551738739, -0.010057380422949791, 0.5097948312759399, 0.5953577756881714, -0.03082837350666523, 0.48688605427742004, 0.5875709652900696, -0.035029828548431396, 0.4680517613887787, 0.5576035976409912, -0.03288200870156288]",[]
"[0.41869404911994934, 0.6251627206802368, -2.090805963916864e-07, 0.43140462040901184, 0.6474943161010742, -0.06721165776252747, 0.42191600799560547, 0.6948211789131165, -0.09366750717163086, 0.4077199399471283, 0.7558869123458862, -0.1058957576751709, 0.3936519920825958, 0.816508412361145, -0.11273955553770065, 0.3520646393299103, 0.7370157837867737, -0.07002574950456619, 0.36371394991874695, 0.843563973903656, -0.08795666694641113, 0.39288321137428284, 0.8477301597595215, -0.09144110977649689, 0.41141900420188904, 0.8202782273292542, -0.09049992263317108, 0.35151609778404236, 0.7538119554519653, -0.03873260319232941, 0.3686923682689667, 0.8483836054801941, -0.059077028185129166, 0.400532066822052, 0.8292732238769531, -0.06255021691322327, 0.41437211632728577, 0.7924340963363647, -0.06002465635538101, 0.3585045039653778, 0.7693985104560852, -0.011990334838628769, 0.3833298683166504, 0.833696186542511, -0.0330195389688015, 0.4076620042324066, 0.8055029511451721, -0.037208106368780136, 0.4144795536994934, 0.7730041146278381, -0.035296645015478134, 0.36747512221336365, 0.7892446517944336, 0.010073123499751091, 0.3887099027633667, 0.8290004730224609, -0.011039871722459793, 0.40679672360420227, 0.8066131472587585, -0.01944783329963684, 0.41148555278778076, 0.7801374793052673, -0.020706607028841972]",[]
"[0.5498896837234497, 0.33992815017700195, -2.7494991172716254e-07, 0.5408592224121094, 0.4710162281990051, -0.00589803047478199, 0.5635638236999512, 0.5656374096870422, 0.0005152902449481189, 0.6187977194786072, 0.5899946689605713, 0.00230446457862854, 0.6512870192527771, 0.5462374091148376, 0.004228479694575071, 0.6125627756118774, 0.5508056282997131, 0.03927282243967056, 0.6368700861930847, 0.5961253046989441, 0.030921489000320435, 0.6178308725357056, 0.5733197331428528, 0.017907513305544853, 0.6009445190429688, 0.5454640984535217, 0.009730629622936249, 0.6349088549613953, 0.5013461709022522, 0.03672236204147339, 0.661221981048584, 0.5391864776611328, 0.021980538964271545, 0.6276797652244568, 0.5087589621543884, 0.0053545511327683926, 0.6011946797370911, 0.4735013544559479, -0.0011043058475479484, 0.6501210331916809, 0.4494008421897888, 0.030248364433646202, 0.6771719455718994, 0.49101707339286804, 0.007408823352307081, 0.636374831199646, 0.4649340808391571, 0.001654166728258133, 0.6062599420547485, 0.4300808906555176, 0.005754056386649609, 0.6595949530601501, 0.3901171088218689, 0.023658160120248795, 0.676881730556488, 0.4407086670398712, 0.007739640306681395, 0.6484914422035217, 0.4274293780326843, 0.010804801248013973, 0.6257963180541992, 0.4011014699935913, 0.01806671917438507]",[]
"[0.41925379633903503, 0.6292635202407837, -1.68311942161381e-07, 0.4242115616798401, 0.6464460492134094, -0.059795528650283813, 0.41458526253700256, 0.6953102350234985, -0.08185815811157227, 0.40462830662727356, 0.7536848187446594, -0.09240322560071945, 0.3944249749183655, 0.8092612624168396, -0.0981328934431076, 0.3502558767795563, 0.7447701096534729, -0.05367622524499893, 0.35445770621299744, 0.8383716940879822, -0.07158941775560379, 0.3836655020713806, 0.8446540832519531, -0.07965847849845886, 0.40519824624061584, 0.8211395144462585, -0.0821542963385582, 0.35886549949645996, 0.7615211009979248, -0.02742452546954155, 0.36168262362480164, 0.8465040922164917, -0.0452641099691391, 0.3910920023918152, 0.8458057045936584, -0.05498023331165314, 0.4090498089790344, 0.8232002854347229, -0.05843083932995796, 0.3708920478820801, 0.774750828742981, -0.006178968120366335, 0.38054385781288147, 0.8371715545654297, -0.024038707837462425, 0.404765784740448, 0.8278849720954895, -0.03484802693128586, 0.41709762811660767, 0.8069607019424438, -0.03899608552455902, 0.381928950548172, 0.7866074442863464, 0.010754161514341831, 0.39109036326408386, 0.8301516175270081, -0.005052591674029827, 0.40722301602363586, 0.8260122537612915, -0.014895781874656677, 0.4152645468711853, 0.8122109770774841, -0.019320553168654442]",[]
"[0.5499773621559143, 0.34041762351989746, -2.8368881999085716e-07, 0.5411162972450256, 0.4718541204929352, -0.004863590933382511, 0.5630819201469421, 0.5661084651947021, 0.0015839686384424567, 0.6171960830688477, 0.5908935070037842, 0.0032980339601635933, 0.6486192941665649, 0.5473911762237549, 0.005251516122370958, 0.610664963722229, 0.5489353537559509, 0.03884254768490791, 0.6361496448516846, 0.595079779624939, 0.03042873553931713, 0.6154875755310059, 0.5704838037490845, 0.017817651852965355, 0.5981544852256775, 0.5413971543312073, 0.010035872459411621, 0.6333829164505005, 0.5002657175064087, 0.03566911071538925, 0.6600241661071777, 0.5389581918716431, 0.022073009982705116, 0.6261897087097168, 0.5084164142608643, 0.006506172474473715, 0.6013432145118713, 0.47504231333732605, 0.0004104349063709378, 0.6488754153251648, 0.448758065700531, 0.028671016916632652, 0.6753785610198975, 0.49156618118286133, 0.007064743433147669, 0.6347540020942688, 0.4645976424217224, 0.0022265876177698374, 0.60682612657547, 0.4309905469417572, 0.006528973113745451, 0.6585838198661804, 0.38935184478759766, 0.02165042981505394, 0.6757760643959045, 0.440506249666214, 0.007429010234773159, 0.6472975611686707, 0.42661985754966736, 0.011769996955990791, 0.6261588335037231, 0.4003370404243469, 0.019591249525547028]",[]
"[0.5483562350273132, 0.3391154408454895, -2.689200471195363e-07, 0.5328850746154785, 0.46728068590164185, -0.005583968013525009, 0.5504351258277893, 0.5647314190864563, 0.0009281392558477819, 0.6061062812805176, 0.5933724045753479, 0.0031059791799634695, 0.6394366025924683, 0.5478692054748535, 0.0063683339394629, 0.5995312929153442, 0.5515767335891724, 0.038514118641614914, 0.6217780113220215, 0.6007727980613708, 0.030466685071587563, 0.5962149500846863, 0.573268473148346, 0.01872316002845764, 0.5793298482894897, 0.545842170715332, 0.01145836804062128, 0.6243070363998413, 0.5068410038948059, 0.03566955775022507, 0.6483349800109863, 0.5491765737533569, 0.022409729659557343, 0.6118495464324951, 0.5170331001281738, 0.007872703485190868, 0.5901171565055847, 0.48519840836524963, 0.0025809193029999733, 0.643304169178009, 0.45864081382751465, 0.028853533789515495, 0.667870283126831, 0.5064477324485779, 0.006936471443623304, 0.6244851350784302, 0.4758058786392212, 0.0026088771410286427, 0.5991305708885193, 0.44084373116493225, 0.007609427906572819, 0.6575723886489868, 0.4019537568092346, 0.02197873592376709, 0.670170247554779, 0.4600556492805481, 0.00776577927172184, 0.6411965489387512, 0.4428221881389618, 0.012436144053936005, 0.6229709982872009, 0.4121154844760895, 0.020723896101117134]",[]
[],"[0.5442265272140503, 0.3329797089099884, 6.257644002971574e-08, 0.5133031010627747, 0.43245354294776917, -0.015211780555546284, 0.5235458016395569, 0.5278679728507996, -0.019576869904994965, 0.5619925856590271, 0.553288459777832, -0.020886585116386414, 0.5911059975624084, 0.5351438522338867, -0.02083880826830864, 0.5902677774429321, 0.5075236558914185, -0.023237282410264015, 0.6117162704467773, 0.5697269439697266, -0.03614271059632301, 0.5894523859024048, 0.5506249070167542, -0.044152695685625076, 0.5704455375671387, 0.5261633992195129, -0.04770439863204956, 0.6221071481704712, 0.4574532210826874, -0.01907132752239704, 0.6413621306419373, 0.5210098624229431, -0.02547464333474636, 0.6210143566131592, 0.5110234022140503, -0.028436806052923203, 0.6051942706108093, 0.4871271848678589, -0.030967339873313904, 0.635324239730835, 0.4134106934070587, -0.015495894476771355, 0.6547503471374512, 0.4715721011161804, -0.021860940381884575, 0.636088490486145, 0.4675935208797455, -0.019456036388874054, 0.6206488013267517, 0.45067542791366577, -0.01763750985264778, 0.6370592713356018, 0.3760317265987396, -0.012524132616817951, 0.6522538065910339, 0.42199501395225525, -0.014840355142951012, 0.6364949345588684, 0.4183841347694397, -0.00754125090315938, 0.6240678429603577, 0.40315133333206177, -0.00200166879221797]"
[],"[0.5468901991844177, 0.33651870489120483, 6.572292932105483e-08, 0.5142396688461304, 0.43519532680511475, -0.012020299211144447, 0.5243798494338989, 0.5319352746009827, -0.015547771006822586, 0.5629377365112305, 0.5570679903030396, -0.016803985461592674, 0.5919394493103027, 0.537760317325592, -0.016796637326478958, 0.591892421245575, 0.5062716603279114, -0.0213065966963768, 0.6130262613296509, 0.5713125467300415, -0.03401382640004158, 0.5884729027748108, 0.5547203421592712, -0.041710738092660904, 0.5690212249755859, 0.5298385620117188, -0.044766101986169815, 0.6243276000022888, 0.45666635036468506, -0.01882903091609478, 0.6430550217628479, 0.526089608669281, -0.025397054851055145, 0.6213801503181458, 0.518883466720581, -0.02813446708023548, 0.6065207719802856, 0.49332544207572937, -0.030292002484202385, 0.6387733817100525, 0.4147167503833771, -0.016646256670355797, 0.6565005779266357, 0.480351984500885, -0.021840354427695274, 0.6377330422401428, 0.4787951111793518, -0.01855538599193096, 0.6238795518875122, 0.4605616629123688, -0.01619117707014084, 0.6414699554443359, 0.38101208209991455, -0.014928164891898632, 0.6561533808708191, 0.43763643503189087, -0.015025080181658268, 0.6409041881561279, 0.4374523460865021, -0.006552806589752436, 0.6298185586929321, 0.4207576811313629, -0.0005367646226659417]"
"[0.5338327288627625, 0.24836499989032745, -6.332228394967387e-07, 0.5968143343925476, 0.2778517007827759, -0.022644950076937675, 0.6569463610649109, 0.34435757994651794, -0.02331068366765976, 0.6855423450469971, 0.3987312316894531, -0.020025918260216713, 0.6703437566757202, 0.4237781763076782, -0.012408815324306488, 0.5614447593688965, 0.5045092105865479, -0.003083048155531287, 0.6296694874763489, 0.5279532670974731, -0.008162123151123524, 0.6483221650123596, 0.46321535110473633, -0.013958504423499107, 0.64049232006073, 0.4166935384273529, -0.01619650050997734, 0.5451802015304565, 0.5010200142860413, 0.00994399655610323, 0.6163045167922974, 0.5080658197402954, 0.002928204368799925, 0.6350486874580383, 0.44111400842666626, -0.00309889018535614, 0.6266021132469177, 0.4013012647628784, -0.00436116149649024, 0.5377786159515381, 0.4853905737400055, 0.020448220893740654, 0.6080821752548218, 0.4815135896205902, 0.011306234635412693, 0.6285526156425476, 0.41921743750572205, 0.005833890754729509, 0.6196733713150024, 0.3746938705444336, 0.0063466173596680164, 0.5329509973526001, 0.4617643356323242, 0.029686449095606804, 0.5876683592796326, 0.4695430099964142, 0.021837808191776276, 0.6109185814857483, 0.42414647340774536, 0.019999755546450615, 0.6082944273948669, 0.38235777616500854, 0.023400835692882538]",[]
"[0.4193897545337677, 0.6313266158103943, -2.2840141866709018e-07, 0.41528359055519104, 0.6500903367996216, -0.05186614394187927, 0.39722293615341187, 0.703412652015686, -0.06836412847042084, 0.37869924306869507, 0.7650926113128662, -0.07621337473392487, 0.3651522696018219, 0.820145308971405, -0.07960245013237, 0.34457001090049744, 0.74756920337677, -0.03578907251358032, 0.340433269739151, 0.8436146378517151, -0.05909053236246109, 0.36875835061073303, 0.8522573113441467, -0.07059238106012344, 0.3907178044319153, 0.8294957280158997, -0.07358478009700775, 0.35760846734046936, 0.7616398930549622, -0.014011982828378677, 0.3748730719089508, 0.8350045680999756, -0.04202360287308693, 0.40246888995170593, 0.8043900728225708, -0.052738066762685776, 0.4088209271430969, 0.762556254863739, -0.05153711140155792, 0.3731243908405304, 0.7724773287773132, 0.00179092469625175, 0.3973155915737152, 0.817426323890686, -0.02552342414855957, 0.4148784279823303, 0.7820651531219482, -0.03236297145485878, 0.41221028566360474, 0.7461503744125366, -0.028004571795463562, 0.38644859194755554, 0.7808598279953003, 0.013640118762850761, 0.40449589490890503, 0.8098267316818237, -0.007022853475064039, 0.4166533350944519, 0.7846344709396362, -0.01278320699930191, 0.414066344499588, 0.7536606788635254, -0.0101254191249609]",[]
"[0.57322096824646, 0.2314424216747284, -6.450184741879639e-07, 0.6447541117668152, 0.2552012801170349, -0.021283138543367386, 0.7033758163452148, 0.322213739156723, -0.022163257002830505, 0.7341005206108093, 0.37630122900009155, -0.019062135368585587, 0.7249336242675781, 0.40682148933410645, -0.011754526756703854, 0.6055870652198792, 0.4836259186267853, -0.003901677904650569, 0.6802365779876709, 0.5004120469093323, -0.007381879258900881, 0.6968644261360168, 0.4336607754230499, -0.01416055578738451, 0.6861967444419861, 0.3906053304672241, -0.01787111535668373, 0.5919919013977051, 0.4832640290260315, 0.009866905398666859, 0.6682015061378479, 0.4880743622779846, 0.003533473238348961, 0.6827726364135742, 0.4212658107280731, -0.004355909768491983, 0.6680452823638916, 0.38447117805480957, -0.007308390457183123, 0.5850622057914734, 0.4728164076805115, 0.022159483283758163, 0.6573840379714966, 0.47707849740982056, 0.013866616412997246, 0.6753880977630615, 0.4180119037628174, 0.007081020623445511, 0.6604047417640686, 0.3768451511859894, 0.006168710067868233, 0.5826982259750366, 0.45561012625694275, 0.03366336226463318, 0.6419205069541931, 0.45873838663101196, 0.025147678330540657, 0.6598358750343323, 0.4088187515735626, 0.022964123636484146, 0.6478595733642578, 0.3675650954246521, 0.02626747265458107]",[]
[],"[0.5744425654411316, 0.335207462310791, -4.531746924385516e-07, 0.5911449193954468, 0.42550715804100037, 0.0011186155024915934, 0.6088863015174866, 0.5082791447639465, 0.007498809602111578, 0.6406038403511047, 0.5533092617988586, 0.006921960972249508, 0.6640570759773254, 0.5415405035018921, 0.007662393618375063, 0.6421636939048767, 0.5038415193557739, 0.04326517507433891, 0.6664102077484131, 0.5412920713424683, 0.034621454775333405, 0.6535512804985046, 0.5086942911148071, 0.023089244961738586, 0.6362186670303345, 0.48007073998451233, 0.016735007986426353, 0.650195837020874, 0.49960312247276306, 0.03649815171957016, 0.6792537569999695, 0.5303683280944824, 0.02036900259554386, 0.6566445827484131, 0.4905051589012146, 0.005445453803986311, 0.6305445432662964, 0.46335071325302124, 0.0010561239905655384, 0.6470164656639099, 0.49949491024017334, 0.025899840518832207, 0.6800017356872559, 0.5278490781784058, 0.0034068534150719643, 0.655634343624115, 0.48664677143096924, -0.004403034690767527, 0.6266807913780212, 0.45616433024406433, -0.0012631508288905025, 0.6365836262702942, 0.501872718334198, 0.015375702641904354, 0.6615102291107178, 0.5478453040122986, 0.00469744298607111, 0.6571884751319885, 0.5248088240623474, 0.007956252433359623, 0.6447879076004028, 0.4958934783935547, 0.01420166902244091]"
"[0.5600935816764832, 0.3723219633102417, -3.798288048528775e-07, 0.5318988561630249, 0.49077361822128296, -0.011133742518723011, 0.5539385080337524, 0.6011268496513367, -0.004528443329036236, 0.6117551922798157, 0.6351162195205688, 0.0003121830231975764, 0.6461070775985718, 0.5869451761245728, 0.007737316656857729, 0.5993157029151917, 0.5966041088104248, 0.02746179699897766, 0.6202986240386963, 0.644233226776123, 0.013380001299083233, 0.5938547253608704, 0.6082421541213989, 0.0005757067701779306, 0.5784305334091187, 0.580093502998352, -0.007036328315734863, 0.6269121170043945, 0.5544595718383789, 0.02565736323595047, 0.6512905359268188, 0.5961329340934753, 0.006227558478713036, 0.613754391670227, 0.5546873807907104, -0.006100613623857498, 0.5963286757469177, 0.5274911522865295, -0.008358758874237537, 0.6481993794441223, 0.5072258710861206, 0.019295625388622284, 0.6746695637702942, 0.5518580675125122, -0.009468283504247665, 0.6304369568824768, 0.510813295841217, -0.010739265941083431, 0.61076819896698, 0.4835098385810852, -0.0024088446516543627, 0.6646064519882202, 0.4505179226398468, 0.01254830602556467, 0.6776031851768494, 0.4969896674156189, -0.007320157717913389, 0.6463167667388916, 0.468816876411438, -0.002197466790676117, 0.6317991614341736, 0.4435718357563019, 0.007121674250811338]",[]
"[0.42201846837997437, 0.6201890707015991, -2.5987210960920493e-07, 0.4044298827648163, 0.6379484534263611, -0.05892093852162361, 0.3728064298629761, 0.6940329670906067, -0.07563327252864838, 0.3521440029144287, 0.7663520574569702, -0.08279360830783844, 0.33847764134407043, 0.8331828713417053, -0.08468479663133621, 0.3336937129497528, 0.7540157437324524, -0.031803593039512634, 0.338899701833725, 0.845307469367981, -0.06173371151089668, 0.37305188179016113, 0.8350003957748413, -0.07574839890003204, 0.390285462141037, 0.8039680123329163, -0.07844310253858566, 0.352809339761734, 0.764173686504364, -0.00700370455160737, 0.3790133595466614, 0.8328184485435486, -0.04284390062093735, 0.4065961241722107, 0.7797700762748718, -0.052981339395046234, 0.40754908323287964, 0.7341606616973877, -0.04838358610868454, 0.37301039695739746, 0.7707822322845459, 0.0095492172986269, 0.4035293757915497, 0.8124592304229736, -0.028372542932629585, 0.4212861955165863, 0.7601345181465149, -0.03294192999601364, 0.414864182472229, 0.7220295071601868, -0.023357082158327103, 0.3902152180671692, 0.7740136981010437, 0.021949227899312973, 0.41202327609062195, 0.8061615228652954, -0.005784363020211458, 0.42363959550857544, 0.7654250264167786, -0.010608215816318989, 0.41903331875801086, 0.7293663620948792, -0.004443403799086809]",[]
[],"[0.558177649974823, 0.31677746772766113, 2.7926430945512948e-08, 0.5330221652984619, 0.4279775619506836, -0.018189243972301483, 0.5473976135253906, 0.5322758555412292, -0.01729670725762844, 0.5824331641197205, 0.5607653260231018, -0.012629094533622265, 0.6061185598373413, 0.5493055582046509, -0.004296002443879843, 0.6104022264480591, 0.5080376267433167, -0.009330319240689278, 0.6351531147956848, 0.5786370635032654, -0.018033578991889954, 0.6148579120635986, 0.5670577883720398, -0.024008385837078094, 0.5924668908119202, 0.5394190549850464, -0.025039536878466606, 0.6412650346755981, 0.4576595723628998, 0.00041689391946420074, 0.667488694190979, 0.5288389325141907, -0.003631346393376589, 0.6467069387435913, 0.5258330702781677, -0.007896997965872288, 0.6266484260559082, 0.5012284517288208, -0.009635712020099163, 0.6530725359916687, 0.4164406657218933, 0.008616805076599121, 0.6766409873962402, 0.48495277762413025, 0.0029568432364612818, 0.6559760570526123, 0.48758503794670105, 0.0008926244336180389, 0.6376307010650635, 0.46872302889823914, 0.0014084558933973312, 0.6523016095161438, 0.3850216269493103, 0.015922730788588524, 0.6704086661338806, 0.44619137048721313, 0.012624979019165039, 0.6517103314399719, 0.44755789637565613, 0.016450829803943634, 0.6346664428710938, 0.4289558231830597, 0.020904522389173508]"
[],"[0.5594820976257324, 0.32059571146965027, 1.7863532875139754e-08, 0.5330396890640259, 0.43183115124702454, -0.01997670717537403, 0.5485058426856995, 0.5334622263908386, -0.019687851890921593, 0.5869212746620178, 0.5595283508300781, -0.015123562887310982, 0.6109108328819275, 0.549241304397583, -0.006741469260305166, 0.6097017526626587, 0.5072889924049377, -0.01351072546094656, 0.6356138586997986, 0.5807337760925293, -0.02351267822086811, 0.6145263910293579, 0.5687685012817383, -0.029266860336065292, 0.5920183658599854, 0.5396474599838257, -0.02965809404850006, 0.6408330798149109, 0.45735135674476624, -0.002720532938838005, 0.6673705577850342, 0.529967725276947, -0.007860641926527023, 0.6460707783699036, 0.5269622802734375, -0.01177471224218607, 0.6258240342140198, 0.5017966032028198, -0.012930241413414478, 0.6530305743217468, 0.41746488213539124, 0.0064960867166519165, 0.6765400171279907, 0.48622581362724304, 9.953163680620492e-05, 0.6558615565299988, 0.4889359474182129, -0.00182118930388242, 0.6374568343162537, 0.4694327414035797, -0.000882613705471158, 0.6529357433319092, 0.3872379660606384, 0.014714809134602547, 0.6722779273986816, 0.4482065737247467, 0.010786931961774826, 0.6532997488975525, 0.450967013835907, 0.0142850112169981, 0.6354069113731384, 0.4320523738861084, 0.018775049597024918]"
[],"[0.5591881275177002, 0.26141566038131714, -6.733811801495904e-07, 0.6262613534927368, 0.3116109371185303, -0.009705616161227226, 0.673721432685852, 0.3865939974784851, -0.006479425821453333, 0.6948010325431824, 0.4315793216228485, -0.002942351158708334, 0.686091423034668, 0.443177193403244, 0.0038896214682608843, 0.5692383050918579, 0.5012678503990173, 0.011443319730460644, 0.6366739869117737, 0.5382618308067322, 0.006283121649175882, 0.6548687219619751, 0.484938383102417, -0.0029323422349989414, 0.6445891857147217, 0.4440915584564209, -0.007748819421976805, 0.5547881722450256, 0.4963143467903137, 0.01760765351355076, 0.6267647743225098, 0.5235345959663391, 0.012073112651705742, 0.6452926993370056, 0.4648784101009369, 0.0029250551015138626, 0.6334865689277649, 0.4282638728618622, -0.0012021777220070362, 0.5466577410697937, 0.4862072169780731, 0.021867096424102783, 0.6175098419189453, 0.5086648464202881, 0.016532467678189278, 0.6376941204071045, 0.4571020305156708, 0.010771463625133038, 0.624133288860321, 0.4204772114753723, 0.009759575128555298, 0.5436057448387146, 0.4709363281726837, 0.025612222030758858, 0.5999268889427185, 0.492494136095047, 0.02269485965371132, 0.6209705471992493, 0.4528347849845886, 0.023571576923131943, 0.612726092338562, 0.41351813077926636, 0.027659565210342407]"
"[0.45879149436950684, 0.06019371747970581, -2.91461191181952e-07, 0.4569457471370697, 0.13969027996063232, 0.01014474593102932, 0.4745553731918335, 0.20991849899291992, 0.012329488061368465, 0.49858909845352173, 0.2536971867084503, 0.009204492904245853, 0.5228484869003296, 0.2726070284843445, 0.005393531173467636, 0.5132709741592407, 0.2717083990573883, 0.02726973593235016, 0.5679815411567688, 0.2900422215461731, 0.01806185208261013, 0.5841122269630432, 0.25726744532585144, 0.005529805086553097, 0.5828607082366943, 0.2328585684299469, -0.0013616879004985094, 0.540646493434906, 0.2540135383605957, 0.017948092892766, 0.595893383026123, 0.26781052350997925, 0.01342042163014412, 0.6086979508399963, 0.23659810423851013, 0.0029867757111787796, 0.6041341423988342, 0.2147607058286667, -0.003913550172001123, 0.565636157989502, 0.22745159268379211, 0.007597732357680798, 0.6158178448677063, 0.24745452404022217, 0.002891228534281254, 0.6288937330245972, 0.22268401086330414, -0.002022902015596628, 0.6233716607093811, 0.20661084353923798, -0.004916064441204071, 0.5863615274429321, 0.1985299438238144, -0.0019190482562407851, 0.6299893260002136, 0.21636563539505005, -0.003713610116392374, 0.6427443623542786, 0.20023566484451294, -0.0001775634882505983, 0.6402488946914673, 0.18700924515724182, 0.0041870782151818275]","[0.5557708144187927, 0.2442304641008377, -4.854474013882282e-07, 0.6175676584243774, 0.2803199887275696, -0.037623390555381775, 0.660624086856842, 0.3385791778564453, -0.058928586542606354, 0.678957462310791, 0.38129597902297974, -0.07489676773548126, 0.679456353187561, 0.40233561396598816, -0.08748093247413635, 0.5801784992218018, 0.4888492226600647, -0.03489331528544426, 0.6491235494613647, 0.5195046663284302, -0.056046776473522186, 0.6642210483551025, 0.45650649070739746, -0.07103581726551056, 0.6508820652961731, 0.41084322333335876, -0.07867609709501266, 0.5469766855239868, 0.4683840274810791, -0.024378404021263123, 0.6215357184410095, 0.4754563868045807, -0.04392325505614281, 0.6367949843406677, 0.417324036359787, -0.05208953842520714, 0.6299669146537781, 0.38197603821754456, -0.055158425122499466, 0.529534101486206, 0.4312027096748352, -0.01688111200928688, 0.5989885330200195, 0.4239388704299927, -0.037309110164642334, 0.6159544587135315, 0.3726895749568939, -0.03645780310034752, 0.6130605936050415, 0.33681976795196533, -0.03162512928247452, 0.5218305587768555, 0.3898419141769409, -0.012306520715355873, 0.5796988606452942, 0.3987589478492737, -0.026290161535143852, 0.6009540557861328, 0.3590603172779083, -0.022424183785915375, 0.601471483707428, 0.3261495530605316, -0.014725618995726109]"
"[0.45691511034965515, 0.05826771259307861, -3.0238288672990166e-07, 0.4563235640525818, 0.13816146552562714, 0.009531205520033836, 0.4752451777458191, 0.2094031274318695, 0.01147499866783619, 0.5007713437080383, 0.2542140781879425, 0.00817116629332304, 0.5257245898246765, 0.2732091546058655, 0.004274738021194935, 0.5132066011428833, 0.26967325806617737, 0.02690144255757332, 0.5682345628738403, 0.28787681460380554, 0.017046110704541206, 0.5845472812652588, 0.2543931007385254, 0.004014783073216677, 0.5834143161773682, 0.22982381284236908, -0.003149318043142557, 0.5399457216262817, 0.25192323327064514, 0.01762491464614868, 0.5950031876564026, 0.2656708061695099, 0.012260469608008862, 0.6078792810440063, 0.23433519899845123, 0.0015499199507758021, 0.6032198071479797, 0.21297578513622284, -0.005336838308721781, 0.5644158720970154, 0.22555795311927795, 0.007207156158983707, 0.6142527461051941, 0.24606968462467194, 0.0017372291767969728, 0.6272715330123901, 0.22181369364261627, -0.0030414103530347347, 0.6214643716812134, 0.20639102160930634, -0.005600177217274904, 0.5848805904388428, 0.1971655786037445, -0.002478033071383834, 0.6282776594161987, 0.21612222492694855, -0.004575008526444435, 0.6409714221954346, 0.20050689578056335, -0.0009217565529979765, 0.6383835077285767, 0.18796813488006592, 0.0036271419376134872]","[0.5515397191047668, 0.24910423159599304, -4.593775884131901e-07, 0.6112706661224365, 0.2888391613960266, -0.03466375544667244, 0.6528170704841614, 0.34619420766830444, -0.0550040565431118, 0.6749641299247742, 0.38394027948379517, -0.07068721204996109, 0.6849364042282104, 0.3989292085170746, -0.08383961021900177, 0.5752949714660645, 0.4887159764766693, -0.031061243265867233, 0.6458691954612732, 0.5156416893005371, -0.05214732885360718, 0.664051353931427, 0.453898161649704, -0.06857981532812119, 0.6514526605606079, 0.4092073142528534, -0.07744654268026352, 0.5480024218559265, 0.466839462518692, -0.022141780704259872, 0.6236869692802429, 0.47615304589271545, -0.04175374656915665, 0.6417078971862793, 0.4199197590351105, -0.05101175606250763, 0.6349359154701233, 0.3857290744781494, -0.054997313767671585, 0.5358951091766357, 0.43102455139160156, -0.01610935479402542, 0.6070296168327332, 0.4312764108181, -0.03577747195959091, 0.6267256736755371, 0.3819650411605835, -0.03501206636428833, 0.622829020023346, 0.3476608991622925, -0.030694959685206413, 0.5329251885414124, 0.3916444778442383, -0.012743267230689526, 0.5945344567298889, 0.40799015760421753, -0.025189058855175972, 0.6167848110198975, 0.36944299936294556, -0.020207839086651802, 0.6149172782897949, 0.3377872705459595, -0.012367812916636467]"
[],"[0.5595906972885132, 0.23739050328731537, -3.97139899632748e-07, 0.6218169927597046, 0.28072431683540344, -0.03292018547654152, 0.6625170111656189, 0.34616589546203613, -0.05131881311535835, 0.6774826645851135, 0.3899851143360138, -0.06528313457965851, 0.6756404638290405, 0.4015359580516815, -0.07660344243049622, 0.5791016817092896, 0.4869934022426605, -0.02608691342175007, 0.6471350193023682, 0.5183368921279907, -0.04393211752176285, 0.6621260643005371, 0.46389564871788025, -0.06093749776482582, 0.6506232023239136, 0.42007097601890564, -0.07149643450975418, 0.5474218130111694, 0.4646579623222351, -0.01774214208126068, 0.6132297515869141, 0.4828829765319824, -0.03325802460312843, 0.6269466280937195, 0.43701356649398804, -0.04280789941549301, 0.6203760504722595, 0.4045783281326294, -0.04854871705174446, 0.5303353667259216, 0.42444103956222534, -0.012346369214355946, 0.5876230597496033, 0.43360635638237, -0.02843296527862549, 0.6010621786117554, 0.3983209729194641, -0.028400888666510582, 0.5955021381378174, 0.3684438169002533, -0.026189779862761497, 0.5236878395080566, 0.37861406803131104, -0.009756690822541714, 0.5727486610412598, 0.39693599939346313, -0.020988086238503456, 0.5897734761238098, 0.36515289545059204, -0.017093729227781296, 0.5864025354385376, 0.3364710211753845, -0.011109760031104088]"
"[0.5115175247192383, 0.14011414349079132, -2.422076192942768e-07, 0.6075975894927979, 0.1711372584104538, -0.022699156776070595, 0.660692572593689, 0.24120642244815826, -0.030106890946626663, 0.6746760606765747, 0.31407231092453003, -0.032791558653116226, 0.6687196493148804, 0.35761451721191406, -0.03286587819457054, 0.5966169238090515, 0.4049377143383026, -0.01637028530240059, 0.660015881061554, 0.4280652403831482, -0.016424572095274925, 0.6677587628364563, 0.38080427050590515, -0.01990457810461521, 0.6510009765625, 0.34536343812942505, -0.021856965497136116, 0.5650345683097839, 0.4182591438293457, -0.003111339872702956, 0.6271947026252747, 0.4389522075653076, 8.67545313667506e-05, 0.6401361227035522, 0.40151169896125793, -0.004922670777887106, 0.6290431022644043, 0.36520326137542725, -0.010289330035448074, 0.5420415997505188, 0.41196614503860474, 0.010080001316964626, 0.5998725891113281, 0.43917644023895264, 0.01090424694120884, 0.6133289933204651, 0.4058798551559448, 0.009653053246438503, 0.6031927466392517, 0.3705427944660187, 0.007721779402345419, 0.5269588828086853, 0.39371758699417114, 0.022322049364447594, 0.5779746770858765, 0.4298931956291199, 0.02074112929403782, 0.5905930399894714, 0.40079960227012634, 0.0252950731664896, 0.5825952887535095, 0.3701004385948181, 0.03069935366511345]",[]
"[0.4159284234046936, 0.5886998176574707, -1.5347160342571442e-07, 0.37999987602233887, 0.6253387331962585, -0.02115274779498577, 0.348672091960907, 0.6963855028152466, -0.025356588885188103, 0.33462053537368774, 0.771489143371582, -0.029109342023730278, 0.33137279748916626, 0.8321535587310791, -0.03127945959568024, 0.35431474447250366, 0.7663854360580444, 0.0022312025539577007, 0.342417448759079, 0.8357444405555725, -0.017613550648093224, 0.3581100106239319, 0.8418559432029724, -0.03140223026275635, 0.37180185317993164, 0.8183135986328125, -0.036452122032642365, 0.3806605339050293, 0.7670865654945374, 0.007011001463979483, 0.3900817632675171, 0.8211511969566345, -0.01856815256178379, 0.40111470222473145, 0.7704241871833801, -0.029280805960297585, 0.3992384076118469, 0.7159760594367981, -0.028777599334716797, 0.4055660665035248, 0.7584288716316223, 0.007112792227417231, 0.41765549778938293, 0.7939794063568115, -0.019204119220376015, 0.4213857650756836, 0.7435008883476257, -0.021573105826973915, 0.4154611825942993, 0.6950919032096863, -0.01433594897389412, 0.42940282821655273, 0.7448830008506775, 0.00545754237100482, 0.43578866124153137, 0.7756683826446533, -0.012482055462896824, 0.4362470805644989, 0.7396582961082458, -0.012194388546049595, 0.4299636781215668, 0.7016604542732239, -0.0056990585289895535]",[]
"[0.5352780222892761, 0.1681971251964569, -8.527005093128537e-07, 0.6430084109306335, 0.20007622241973877, -0.01977534033358097, 0.7075850963592529, 0.2869334816932678, -0.03195115923881531, 0.7108799815177917, 0.3832988142967224, -0.04041207209229469, 0.6752212047576904, 0.4240206778049469, -0.045812733471393585, 0.6373119950294495, 0.44330355525016785, -0.026083989068865776, 0.7062811851501465, 0.5033774375915527, -0.0324050635099411, 0.7086254954338074, 0.43109622597694397, -0.03678213804960251, 0.685350775718689, 0.37728697061538696, -0.04132809117436409, 0.5899642109870911, 0.46420031785964966, -0.0203530415892601, 0.6668971180915833, 0.5045421123504639, -0.019309528172016144, 0.6743927001953125, 0.44124090671539307, -0.016068274155259132, 0.651470959186554, 0.39288580417633057, -0.01742609217762947, 0.5535866022109985, 0.4589778184890747, -0.01501453761011362, 0.6249313950538635, 0.49148911237716675, -0.015880396589636803, 0.6346660256385803, 0.43771883845329285, -0.008029281161725521, 0.6152753233909607, 0.3925105333328247, -0.005958102643489838, 0.5219318866729736, 0.4400140345096588, -0.011863688006997108, 0.581951916217804, 0.47330039739608765, -0.013608908280730247, 0.5933868288993835, 0.4275135397911072, -0.0056012654677033424, 0.5813616514205933, 0.3853510022163391, 0.0006214195163920522]",[]
"[0.5323047637939453, 0.16932827234268188, -8.415778438575217e-07, 0.6430544853210449, 0.19669842720031738, -0.0196678526699543, 0.7083227634429932, 0.28299298882484436, -0.031168390065431595, 0.7111731171607971, 0.37900787591934204, -0.0388658232986927, 0.6743488907814026, 0.41902655363082886, -0.04344489797949791, 0.6374260783195496, 0.4445921778678894, -0.02413974329829216, 0.7048437595367432, 0.5007810592651367, -0.02850125916302204, 0.7071165442466736, 0.42791420221328735, -0.032329853624105453, 0.682905912399292, 0.37459245324134827, -0.036883432418107986, 0.5898759365081787, 0.46525484323501587, -0.017909783869981766, 0.6660204529762268, 0.5002102851867676, -0.014785880222916603, 0.6726099252700806, 0.4376423954963684, -0.011245554313063622, 0.648586094379425, 0.3895511031150818, -0.012792553752660751, 0.553676187992096, 0.459611713886261, -0.012017919681966305, 0.624415397644043, 0.48853492736816406, -0.010958460159599781, 0.6329167485237122, 0.4346309006214142, -0.003061496652662754, 0.6127859950065613, 0.38906359672546387, -0.0012591758277267218, 0.5220924019813538, 0.4402623474597931, -0.008401808328926563, 0.5819261074066162, 0.4715009331703186, -0.0088120736181736, 0.592074453830719, 0.4254406690597534, -0.000685261795297265, 0.5793006420135498, 0.38316869735717773, 0.00544326938688755]",[]
"[0.5946982502937317, 0.4230464696884155, -1.795310788921256e-09, 0.5541617274284363, 0.5295146703720093, -0.009828418493270874, 0.5491179823875427, 0.6304146647453308, -0.00917272362858057, 0.595746636390686, 0.6812524795532227, -0.011669371277093887, 0.6449370980262756, 0.6605377793312073, -0.013729260303080082, 0.6167789101600647, 0.6552950739860535, 0.02248203754425049, 0.6331067681312561, 0.6982448697090149, 0.009153159335255623, 0.6159431338310242, 0.6762499809265137, -0.005594829097390175, 0.6024360060691833, 0.6419200897216797, -0.014723719097673893, 0.6521854400634766, 0.6233530640602112, 0.017366962507367134, 0.679172933101654, 0.6776447892189026, -0.0022943683434277773, 0.6472678780555725, 0.6431212425231934, -0.018634747713804245, 0.6234016418457031, 0.5948037505149841, -0.024620821699500084, 0.6810140609741211, 0.5807614326477051, 0.008534901775419712, 0.703988790512085, 0.6424302458763123, -0.017158268019557, 0.6638913154602051, 0.6047117710113525, -0.023772161453962326, 0.6373029351234436, 0.5569939613342285, -0.020580412819981575, 0.7035651803016663, 0.5232923626899719, -0.0009845946915447712, 0.7076386213302612, 0.5769944190979004, -0.02094784937798977, 0.6813050508499146, 0.5563697218894958, -0.021094100549817085, 0.663731575012207, 0.5221439003944397, -0.016431134194135666]",[]
"[0.5957106351852417, 0.4240681529045105, -1.0672652983600983e-08, 0.5548446178436279, 0.5297681093215942, -0.009950143285095692, 0.5503202676773071, 0.6308047771453857, -0.008683300577104092, 0.5960298776626587, 0.681945264339447, -0.010253144428133965, 0.6441593766212463, 0.6608916521072388, -0.011047745123505592, 0.6159959435462952, 0.6544390916824341, 0.021467110142111778, 0.6306489109992981, 0.6969597935676575, 0.009250332601368427, 0.6135011911392212, 0.6738955974578857, -0.0036872359924018383, 0.601334810256958, 0.6390707492828369, -0.01174162607640028, 0.6518145203590393, 0.6226480007171631, 0.01666967384517193, 0.6793191432952881, 0.6769769191741943, -0.002585076028481126, 0.6479806303977966, 0.6406646966934204, -0.01763264648616314, 0.6246356964111328, 0.5925950407981873, -0.0226158294826746, 0.6811161637306213, 0.5802494287490845, 0.008183550089597702, 0.7044067978858948, 0.6410865187644958, -0.017186878249049187, 0.6652482151985168, 0.6029235124588013, -0.02365909144282341, 0.6392624974250793, 0.5567619800567627, -0.02037329412996769, 0.703443169593811, 0.5233519673347473, -0.000957512587774545, 0.7071787714958191, 0.5736755132675171, -0.020532570779323578, 0.682019829750061, 0.5541039705276489, -0.02104884199798107, 0.6653388738632202, 0.521999716758728, -0.016814205795526505]",[]
"[0.5948755145072937, 0.42424821853637695, -1.8492359643573764e-08, 0.5542874336242676, 0.5329450368881226, -0.008521760813891888, 0.5494498610496521, 0.6334091424942017, -0.005152521189302206, 0.5960196256637573, 0.6836642026901245, -0.005076596047729254, 0.6432570219039917, 0.6600791215896606, -0.004720425233244896, 0.6172041296958923, 0.6551564335823059, 0.029026975855231285, 0.6328440308570862, 0.6984344720840454, 0.01808612234890461, 0.6175131797790527, 0.679036021232605, 0.003986101597547531, 0.6039175391197205, 0.6447703838348389, -0.0047203353606164455, 0.652395486831665, 0.6223173141479492, 0.02480098232626915, 0.6790280342102051, 0.6756500601768494, 0.007663593161851168, 0.6493356227874756, 0.643522322177887, -0.008692079223692417, 0.6247400641441345, 0.5958156585693359, -0.014812294393777847, 0.6806594133377075, 0.5793373584747314, 0.01670832931995392, 0.7041493058204651, 0.6398823261260986, -0.006933628115803003, 0.6660165190696716, 0.6049771308898926, -0.014522746205329895, 0.6385642886161804, 0.5580503344535828, -0.01218332163989544, 0.7021452784538269, 0.5216168165206909, 0.008029027841985226, 0.7086371779441833, 0.5756581425666809, -0.010634648613631725, 0.6840491890907288, 0.5566728115081787, -0.011362243443727493, 0.6654672622680664, 0.522372841835022, -0.007205911912024021]",[]
"[0.5885912775993347, 0.3878355920314789, 1.5147407772531096e-09, 0.5532830357551575, 0.5162891745567322, -0.013709464110434055, 0.5509716868400574, 0.6313503980636597, -0.01569955050945282, 0.6002574563026428, 0.6951925158500671, -0.020181264728307724, 0.6490002870559692, 0.6712383031845093, -0.0241044070571661, 0.6326711177825928, 0.6443962454795837, 0.01683793030679226, 0.6651697754859924, 0.6957869529724121, 0.0017383663216605783, 0.6487387418746948, 0.6912657022476196, -0.014600089751183987, 0.6313629746437073, 0.6748473644256592, -0.025833943858742714, 0.6604864597320557, 0.6038805842399597, 0.012686402536928654, 0.6949096322059631, 0.6604857444763184, -0.010066024959087372, 0.6556017994880676, 0.6282578110694885, -0.02670794166624546, 0.6273144483566284, 0.5876046419143677, -0.033269815146923065, 0.6813706159591675, 0.5543822050094604, 0.004862355999648571, 0.711380660533905, 0.6133407950401306, -0.023962222039699554, 0.6676830053329468, 0.5848263502120972, -0.02878960780799389, 0.6387724280357361, 0.5446005463600159, -0.024574818089604378, 0.7001851201057434, 0.49070191383361816, -0.0041075595654547215, 0.7109084129333496, 0.5481886267662048, -0.02711142972111702, 0.6772827506065369, 0.5366151928901672, -0.027295103296637535, 0.6542657017707825, 0.5081697702407837, -0.02245461754500866]",[]
"[0.4147169291973114, 0.5473633408546448, -1.3227204931354208e-07, 0.38049396872520447, 0.5967108607292175, -0.007879200391471386, 0.35772979259490967, 0.6841914653778076, -0.007422643713653088, 0.35633981227874756, 0.7526236772537231, -0.008655363693833351, 0.35871490836143494, 0.7985954284667969, -0.00963831227272749, 0.37439143657684326, 0.7465594410896301, 0.006714584305882454, 0.3715082108974457, 0.8032557368278503, -0.008946668356657028, 0.37773650884628296, 0.8097609877586365, -0.02115579880774021, 0.38392898440361023, 0.7901530861854553, -0.026768816635012627, 0.4030795395374298, 0.7422870993614197, 0.00453190878033638, 0.41042712330818176, 0.795475423336029, -0.014592088758945465, 0.4103090167045593, 0.7449148893356323, -0.022990478202700615, 0.4068443775177002, 0.6938141584396362, -0.023290514945983887, 0.4301772713661194, 0.7255309820175171, -0.0003788835892919451, 0.4365176260471344, 0.7719555497169495, -0.019895385950803757, 0.431331604719162, 0.7212820053100586, -0.017852645367383957, 0.4268757104873657, 0.6765437722206116, -0.01073000393807888, 0.458596795797348, 0.6996250152587891, -0.006081090308725834, 0.4586854875087738, 0.7437992095947266, -0.019062871113419533, 0.4518575072288513, 0.7101582884788513, -0.014446747489273548, 0.4469623565673828, 0.6772933602333069, -0.007033008616417646]","[0.4702501595020294, 0.3138331174850464, 1.2447452490960131e-07, 0.4763396978378296, 0.3665775656700134, -0.030770672485232353, 0.4628693163394928, 0.4105832576751709, -0.04951082915067673, 0.42673400044441223, 0.41147470474243164, -0.06583911925554276, 0.39315876364707947, 0.4055570363998413, -0.08175993710756302, 0.43028882145881653, 0.49902239441871643, -0.029361290857195854, 0.431260347366333, 0.5794107913970947, -0.05025581642985344, 0.4264500141143799, 0.6277478933334351, -0.06745386123657227, 0.4204977750778198, 0.6564980745315552, -0.07901749759912491, 0.40450185537338257, 0.46791303157806396, -0.025772877037525177, 0.38301223516464233, 0.5082128047943115, -0.05450453981757164, 0.3732353150844574, 0.4925943911075592, -0.0762694925069809, 0.3744986653327942, 0.4653095304965973, -0.08654511719942093, 0.38962677121162415, 0.42658424377441406, -0.02460215426981449, 0.36702683568000793, 0.4428425431251526, -0.05637886002659798, 0.3577801585197449, 0.4070807099342346, -0.07444322854280472, 0.3569282591342926, 0.368182897567749, -0.07950086146593094, 0.383140504360199, 0.3813905715942383, -0.024739287793636322, 0.36387214064598083, 0.3873705565929413, -0.05048080533742905, 0.355515718460083, 0.3652980327606201, -0.06124935671687126, 0.35494592785835266, 0.33545786142349243, -0.06375875324010849]"
"[0.5886144042015076, 0.3859468102455139, 7.68947749918425e-09, 0.5533572435379028, 0.5168394446372986, -0.013233211822807789, 0.5505871176719666, 0.6311759352684021, -0.014624371193349361, 0.6002863049507141, 0.6940147280693054, -0.01861223205924034, 0.6484241485595703, 0.6666123270988464, -0.021714892238378525, 0.6355357766151428, 0.6408912539482117, 0.01825917884707451, 0.6778932213783264, 0.694649338722229, 0.0023631665389984846, 0.659886360168457, 0.6900553107261658, -0.014128532260656357, 0.6383042335510254, 0.670985221862793, -0.02463892288506031, 0.6624502539634705, 0.5991700887680054, 0.014523494988679886, 0.7007479667663574, 0.6539939045906067, -0.00816412828862667, 0.6607702970504761, 0.6212517023086548, -0.02451379969716072, 0.6321831345558167, 0.5818542838096619, -0.03047594055533409, 0.6818981170654297, 0.5509604215621948, 0.006984081584960222, 0.7123225927352905, 0.6044064164161682, -0.020730968564748764, 0.6699903011322021, 0.5752633810043335, -0.025508206337690353, 0.6427309513092041, 0.5369240045547485, -0.02095787227153778, 0.6999505162239075, 0.49018603563308716, -0.0017854690086096525, 0.712581992149353, 0.5461156368255615, -0.022515930235385895, 0.679902970790863, 0.533486545085907, -0.021814391016960144, 0.6580623984336853, 0.5054041743278503, -0.016187550500035286]",[]
"[0.5900119543075562, 0.34999966621398926, -2.7945293368247803e-07, 0.5641565322875977, 0.47681725025177, -0.012089263647794724, 0.5672650337219238, 0.6035111546516418, -0.015348933637142181, 0.6123747229576111, 0.6682013273239136, -0.021130861714482307, 0.6628027558326721, 0.6626919507980347, -0.02467500790953636, 0.6422056555747986, 0.6290057301521301, 0.008907933719456196, 0.6737125515937805, 0.673777163028717, -0.012505189515650272, 0.642483115196228, 0.632902204990387, -0.03013450838625431, 0.6216519474983215, 0.6056873798370361, -0.041371192783117294, 0.6694167256355286, 0.584309995174408, 0.0031178793869912624, 0.7002021670341492, 0.6191048622131348, -0.017907023429870605, 0.6572414636611938, 0.573411226272583, -0.02809559367597103, 0.6385248899459839, 0.5516906380653381, -0.03264063224196434, 0.6890910863876343, 0.5300037264823914, -0.006817142944782972, 0.720246434211731, 0.5696204304695129, -0.03307890146970749, 0.6734649538993835, 0.5286468267440796, -0.02909604087471962, 0.6516988277435303, 0.5067737698554993, -0.02142668515443802, 0.704845666885376, 0.4644106328487396, -0.01797609217464924, 0.7218726277351379, 0.5058609247207642, -0.03546331822872162, 0.6885166168212891, 0.48138976097106934, -0.027585024014115334, 0.6719828248023987, 0.4603693187236786, -0.018314389511942863]",[]
"[0.616987407207489, 0.3543756902217865, -1.8577040350464813e-07, 0.5825259685516357, 0.45570653676986694, -0.0241177286952734, 0.592313289642334, 0.5648502707481384, -0.034633535891771317, 0.6435465812683105, 0.6166090965270996, -0.04377257451415062, 0.6908891201019287, 0.6235503554344177, -0.05087210610508919, 0.6039917469024658, 0.6101927161216736, -0.011160176247358322, 0.6635191440582275, 0.641377866268158, -0.038648344576358795, 0.6500717997550964, 0.5899015069007874, -0.056758470833301544, 0.6266869306564331, 0.5651342868804932, -0.06678972393274307, 0.6405988931655884, 0.5700112581253052, -0.011435889638960361, 0.6967955827713013, 0.6002081036567688, -0.043397076427936554, 0.6736816763877869, 0.544201672077179, -0.0571877583861351, 0.6521350741386414, 0.5136849284172058, -0.060190338641405106, 0.6702430248260498, 0.5197691917419434, -0.015768004581332207, 0.721609354019165, 0.5471072196960449, -0.049233511090278625, 0.6929507255554199, 0.49594175815582275, -0.047057487070560455, 0.6690353155136108, 0.4725596308708191, -0.037657804787158966, 0.6939935684204102, 0.4625294804573059, -0.021540848538279533, 0.7267569899559021, 0.4794963002204895, -0.04489037021994591, 0.7040309309959412, 0.4413173198699951, -0.03925587236881256, 0.6844853758811951, 0.4230883717536926, -0.029333461076021194]",[]
"[0.6193079948425293, 0.3630853295326233, -4.137813505167287e-07, 0.6414929628372192, 0.4105417728424072, -0.04410834610462189, 0.6725603342056274, 0.4907729923725128, -0.05291176587343216, 0.7078719735145569, 0.5585677623748779, -0.05186861753463745, 0.727557361125946, 0.6023831367492676, -0.043974868953228, 0.5969451069831848, 0.56231290102005, -0.021783482283353806, 0.6746726632118225, 0.6126224398612976, -0.03329747915267944, 0.6859392523765564, 0.5694963335990906, -0.0396830290555954, 0.6708670258522034, 0.534713864326477, -0.04001009091734886, 0.6128479242324829, 0.5621912479400635, 0.003478787373751402, 0.678704023361206, 0.6080082654953003, -0.009377961978316307, 0.6908375024795532, 0.5668935775756836, -0.01981188729405403, 0.6783033013343811, 0.533474862575531, -0.02271258272230625, 0.6291342377662659, 0.5606685280799866, 0.025036102160811424, 0.684237539768219, 0.6009765267372131, 0.012018343433737755, 0.6951514482498169, 0.5660290122032166, 0.003341506002470851, 0.681755781173706, 0.539210855960846, 0.0022526197135448456, 0.6411430239677429, 0.5615031719207764, 0.04417603090405464, 0.685204029083252, 0.5958312153816223, 0.033428993076086044, 0.6939721703529358, 0.5653874278068542, 0.028738830238580704, 0.6816346049308777, 0.5394078493118286, 0.030377335846424103]",[]
[],"[0.6170348525047302, 0.2677079141139984, -7.014519951553666e-07, 0.6878582835197449, 0.2926875352859497, -0.0413629412651062, 0.7472149133682251, 0.3659157156944275, -0.07120510935783386, 0.77483731508255, 0.45007145404815674, -0.09403132647275925, 0.7652363777160645, 0.5096976161003113, -0.11367342621088028, 0.6637420654296875, 0.48585045337677, -0.06697703897953033, 0.7190302610397339, 0.5626336932182312, -0.09456676989793777, 0.7370525002479553, 0.5198701024055481, -0.10846364498138428, 0.7266879081726074, 0.474291056394577, -0.11678475141525269, 0.6165109872817993, 0.5092346668243408, -0.05694219097495079, 0.6870832443237305, 0.5736132860183716, -0.07965143024921417, 0.7093969583511353, 0.5229944586753845, -0.08406221866607666, 0.6999632120132446, 0.4696280360221863, -0.08696690201759338, 0.5801042914390564, 0.5151621699333191, -0.04844820499420166, 0.6523453593254089, 0.5669925808906555, -0.06908150017261505, 0.6733986735343933, 0.5140894055366516, -0.06384235620498657, 0.6679297089576721, 0.46297043561935425, -0.05963250249624252, 0.550805389881134, 0.5080333948135376, -0.04314705729484558, 0.6103896498680115, 0.547853946685791, -0.06122826039791107, 0.6315149068832397, 0.506351113319397, -0.05798768624663353, 0.6284457445144653, 0.4651385247707367, -0.051690347492694855]"
"[0.6041262149810791, 0.2219967246055603, -7.365250667135115e-07, 0.7072446942329407, 0.2534942924976349, -0.02808411978185177, 0.7754498720169067, 0.3398180603981018, -0.04409823939204216, 0.7969995737075806, 0.444380521774292, -0.05376707389950752, 0.7803212404251099, 0.5073532462120056, -0.05893174558877945, 0.6977640986442566, 0.47041231393814087, -0.048048749566078186, 0.7662659287452698, 0.5569816827774048, -0.055865757167339325, 0.7713691592216492, 0.488807737827301, -0.05243220180273056, 0.7526874542236328, 0.4312902092933655, -0.050150066614151, 0.6478438377380371, 0.5034180879592896, -0.037503939121961594, 0.7234101295471191, 0.5800607204437256, -0.04359973222017288, 0.7347988486289978, 0.5175793170928955, -0.036359913647174835, 0.7184275984764099, 0.4646919071674347, -0.03266483545303345, 0.6103509068489075, 0.5130695700645447, -0.02660350129008293, 0.6822261214256287, 0.5721830129623413, -0.03321022540330887, 0.6938331723213196, 0.5193859338760376, -0.02304985374212265, 0.679729700088501, 0.46931278705596924, -0.017867745831608772, 0.578659176826477, 0.5076560974121094, -0.01796499639749527, 0.6378735899925232, 0.5510008931159973, -0.026215875521302223, 0.6508026719093323, 0.506382942199707, -0.02145332098007202, 0.6397742629051208, 0.4632817804813385, -0.01633865386247635]",[]
"[0.606767475605011, 0.2198910117149353, -7.193966666818596e-07, 0.7079119682312012, 0.2532399594783783, -0.02936031110584736, 0.7751469612121582, 0.3399084806442261, -0.046397577971220016, 0.7972608804702759, 0.4431047737598419, -0.057041753083467484, 0.7809619903564453, 0.5063490867614746, -0.06316345185041428, 0.6950937509536743, 0.4728812277317047, -0.04908622056245804, 0.7641513347625732, 0.5601676106452942, -0.05906687304377556, 0.7689753770828247, 0.4910372495651245, -0.05787557736039162, 0.7496814727783203, 0.43272069096565247, -0.05686681345105171, 0.6469454169273376, 0.5047972798347473, -0.038799699395895004, 0.7214571237564087, 0.5795996785163879, -0.04648209735751152, 0.7323071956634521, 0.5154382586479187, -0.04080214723944664, 0.7155023813247681, 0.46121662855148315, -0.03782951086759567, 0.6104310154914856, 0.5138508081436157, -0.02848695032298565, 0.6809189915657043, 0.5716893672943115, -0.036327850073575974, 0.6921037435531616, 0.5172795653343201, -0.027494169771671295, 0.6773266792297363, 0.4663209021091461, -0.022928211838006973, 0.5792057514190674, 0.507891833782196, -0.020603319630026817, 0.6376010179519653, 0.5503312945365906, -0.030363934114575386, 0.6494904160499573, 0.5043759346008301, -0.026786018162965775, 0.637148916721344, 0.4604235887527466, -0.022137243300676346]","[0.5690643787384033, 0.11562149226665497, 1.8640822929683054e-07, 0.5370668768882751, 0.1363154947757721, -0.01799941435456276, 0.5156885385513306, 0.1570184826850891, -0.03602280467748642, 0.5045772790908813, 0.17331178486347198, -0.053078725934028625, 0.5002930760383606, 0.18252311646938324, -0.07041696459054947, 0.5443052053451538, 0.22858043015003204, -0.030825579538941383, 0.5489487648010254, 0.26063868403434753, -0.05283896252512932, 0.5473171472549438, 0.2636982798576355, -0.06987734884023666, 0.5423890352249146, 0.2522461414337158, -0.0793236792087555, 0.5763148069381714, 0.22263211011886597, -0.029903734102845192, 0.5851107835769653, 0.2553027272224426, -0.04558715224266052, 0.5829357504844666, 0.25861385464668274, -0.056289419531822205, 0.5760533213615417, 0.25110918283462524, -0.06397674232721329, 0.6063500046730042, 0.20589634776115417, -0.030422024428844452, 0.6137900352478027, 0.23471185564994812, -0.041789937764406204, 0.6108962893486023, 0.2388174831867218, -0.04579216241836548, 0.6037580370903015, 0.23342463374137878, -0.04863474518060684, 0.6333152055740356, 0.18104082345962524, -0.03218913823366165, 0.6404600739479065, 0.2025439739227295, -0.03828013688325882, 0.6406877636909485, 0.20817029476165771, -0.03793131187558174, 0.637993574142456, 0.20957806706428528, -0.03742816671729088]"
"[0.5927218794822693, 0.21046960353851318, -8.842828833621752e-07, 0.7061144113540649, 0.2485615313053131, -0.013565640896558762, 0.7803686857223511, 0.34855371713638306, -0.01960737444460392, 0.8020596504211426, 0.4673430621623993, -0.021609686315059662, 0.783848226070404, 0.5231883525848389, -0.019292937591671944, 0.7155522108078003, 0.48647773265838623, -0.024436186999082565, 0.7738075256347656, 0.5683572888374329, -0.02180338092148304, 0.7779598236083984, 0.5000737309455872, -0.013125617057085037, 0.7582589387893677, 0.44398778676986694, -0.008488645777106285, 0.6645755767822266, 0.5181810855865479, -0.017418067902326584, 0.7347623109817505, 0.5892300605773926, -0.014979932457208633, 0.7467175126075745, 0.5263168215751648, -0.004976535681635141, 0.7290845513343811, 0.4723430871963501, 0.0003805957967415452, 0.6235764026641846, 0.5250434279441833, -0.00895626936107874, 0.6952429413795471, 0.577879011631012, -0.008806063793599606, 0.7058787941932678, 0.5222941637039185, 0.0021583593916147947, 0.6908503770828247, 0.47258108854293823, 0.007527509238570929, 0.589823305606842, 0.5169457793235779, -0.0014255696441978216, 0.6511266827583313, 0.55064857006073, -0.0031436339486390352, 0.6634184122085571, 0.5051800608634949, 0.0038788509555161, 0.6516940593719482, 0.46499568223953247, 0.00999374222010374]",[]
"[0.6467504501342773, 0.3664887547492981, -6.10160611813626e-07, 0.7107250690460205, 0.42541569471359253, -0.03687185421586037, 0.7415097951889038, 0.5207618474960327, -0.04160124436020851, 0.7523137331008911, 0.5895659923553467, -0.038182176649570465, 0.756035327911377, 0.624308168888092, -0.029909390956163406, 0.6379170417785645, 0.6131904721260071, -0.01995178684592247, 0.7143917679786682, 0.6601107716560364, -0.029385056346654892, 0.7401323914527893, 0.6034723520278931, -0.03870893642306328, 0.7311860918998718, 0.5623707175254822, -0.04282373562455177, 0.6278613209724426, 0.6025832891464233, 0.0011363327503204346, 0.7085989117622375, 0.6456148028373718, -0.01249417569488287, 0.7326422929763794, 0.5893509387969971, -0.02281811274588108, 0.7219949960708618, 0.547285258769989, -0.02545993961393833, 0.6267926096916199, 0.5870572328567505, 0.019686847925186157, 0.7051147222518921, 0.6238924860954285, 0.0033705278765410185, 0.7285042405128479, 0.5782026648521423, -0.0047447411343455315, 0.7166997194290161, 0.538003146648407, -0.004215054679661989, 0.628383457660675, 0.5723094940185547, 0.0366651713848114, 0.6908161640167236, 0.6086299419403076, 0.02216423489153385, 0.7122352719306946, 0.5695985555648804, 0.019988998770713806, 0.7029812335968018, 0.5280206799507141, 0.025007588788866997]",[]
"[0.42290589213371277, 0.5106912851333618, 2.019044664791636e-08, 0.39058464765548706, 0.579208254814148, -0.00384942046366632, 0.3791796565055847, 0.6762685775756836, -0.002497817622497678, 0.3822533190250397, 0.7449766993522644, -0.0041563306003808975, 0.3900664448738098, 0.7954915165901184, -0.0061599803157150745, 0.41144686937332153, 0.7248421907424927, 0.01190952118486166, 0.42476385831832886, 0.7771061062812805, -0.0010266551980748773, 0.4169640839099884, 0.7864674925804138, -0.012322400696575642, 0.4081462323665619, 0.7740387320518494, -0.0180034302175045, 0.4346301555633545, 0.7092891931533813, 0.007444461807608604, 0.4459802508354187, 0.7620100975036621, -0.011976349167525768, 0.43050938844680786, 0.7176492214202881, -0.02218710444867611, 0.42099180817604065, 0.6650093793869019, -0.023744041100144386, 0.45752525329589844, 0.6846742033958435, 0.0006217229529283941, 0.46471500396728516, 0.7345820665359497, -0.02002238668501377, 0.4464585781097412, 0.688200831413269, -0.020656483247876167, 0.4380934238433838, 0.64029461145401, -0.01481425017118454, 0.4815555214881897, 0.6507488489151001, -0.006534587126225233, 0.48148995637893677, 0.7016017436981201, -0.022129682824015617, 0.4657818078994751, 0.6702628135681152, -0.020487967878580093, 0.4581763446331024, 0.6320722699165344, -0.014818252995610237]",[]
"[0.656962513923645, 0.425020307302475, 7.808093727135201e-08, 0.610974907875061, 0.5242379307746887, -0.010511167347431183, 0.6065137982368469, 0.6255221366882324, -0.01638004742562771, 0.642921507358551, 0.6579317450523376, -0.020770933479070663, 0.6774744391441345, 0.6446800827980042, -0.025353986769914627, 0.6550261378288269, 0.6475290060043335, -0.023558640852570534, 0.7021753191947937, 0.6922318935394287, -0.04097159206867218, 0.6898641586303711, 0.6639198660850525, -0.053788136690855026, 0.6664275527000427, 0.6351985335350037, -0.06173934042453766, 0.6931921243667603, 0.6021268963813782, -0.027025559917092323, 0.7312391996383667, 0.6559267044067383, -0.03900963068008423, 0.7157297730445862, 0.6346343755722046, -0.04380911961197853, 0.6938602924346924, 0.6041757464408875, -0.047541920095682144, 0.7199530601501465, 0.5460836887359619, -0.030961839482188225, 0.7541969418525696, 0.5936574935913086, -0.04530217871069908, 0.7370885610580444, 0.5756891965866089, -0.04343162477016449, 0.7126427888870239, 0.5548915863037109, -0.04136129468679428, 0.7367905378341675, 0.48892492055892944, -0.035039957612752914, 0.7645406723022461, 0.5209162831306458, -0.04735567793250084, 0.7466819882392883, 0.506182849407196, -0.0420767106115818, 0.7249414920806885, 0.4889816641807556, -0.036852121353149414]",[]
[],"[0.6532471776008606, 0.4316619634628296, 1.1557617085600214e-07, 0.6079629063606262, 0.5265122056007385, -0.00864145066589117, 0.603803277015686, 0.6208099722862244, -0.014395879581570625, 0.6340006589889526, 0.6495055556297302, -0.019182296469807625, 0.664604127407074, 0.6359251737594604, -0.0243998933583498, 0.6675631403923035, 0.6499948501586914, -0.02145949751138687, 0.7175554633140564, 0.6954801082611084, -0.03512829914689064, 0.7028944492340088, 0.6690165400505066, -0.045331232249736786, 0.6777345538139343, 0.6415969729423523, -0.051478877663612366, 0.702560544013977, 0.6027228832244873, -0.02386593632400036, 0.7415837645530701, 0.6524274349212646, -0.031612787395715714, 0.724115788936615, 0.6325684785842896, -0.034010209143161774, 0.7015213370323181, 0.6040028929710388, -0.03689030185341835, 0.7256406545639038, 0.5451549291610718, -0.026328174397349358, 0.7588233947753906, 0.5901837944984436, -0.03674766421318054, 0.7411789894104004, 0.5742077827453613, -0.03356275334954262, 0.7169308066368103, 0.5509711503982544, -0.031099533662199974, 0.7383846044540405, 0.487068772315979, -0.028807342052459717, 0.767424464225769, 0.524298369884491, -0.03761494532227516, 0.7502655386924744, 0.5107423067092896, -0.03045647405087948, 0.7293369174003601, 0.48864951729774475, -0.02400200441479683]"
"[0.6565202474594116, 0.4563969075679779, -2.952716897652863e-07, 0.6253780722618103, 0.5708028674125671, -0.011610757559537888, 0.6360041499137878, 0.6864348649978638, -0.010724558494985104, 0.6877288222312927, 0.755217432975769, -0.011777784675359726, 0.7371870875358582, 0.7487305402755737, -0.009911367669701576, 0.6993366479873657, 0.6838676929473877, 0.014378869906067848, 0.7236754894256592, 0.7372034192085266, -0.005991951562464237, 0.6885679960250854, 0.697787880897522, -0.018063515424728394, 0.6763139963150024, 0.664160430431366, -0.02356741391122341, 0.7271949648857117, 0.6457439661026001, 0.009850998409092426, 0.7590258717536926, 0.7062982320785522, -0.017859414219856262, 0.7107491493225098, 0.6575886011123657, -0.02942204475402832, 0.6964914202690125, 0.6212401986122131, -0.029733315110206604, 0.750970184803009, 0.600520670413971, 0.0015078798169270158, 0.7803992629051208, 0.6657576560974121, -0.03194589540362358, 0.7269984483718872, 0.6168766617774963, -0.026801571249961853, 0.7110394835472107, 0.5786307454109192, -0.01352175883948803, 0.7749142050743103, 0.5404878854751587, -0.007254238706082106, 0.7860272526741028, 0.6007261872291565, -0.03121098130941391, 0.7477065324783325, 0.5729473233222961, -0.02363978885114193, 0.7353904247283936, 0.5428526401519775, -0.01157066784799099]",[]
"[0.6503286361694336, 0.4255475401878357, -3.507005885694525e-07, 0.6205945611000061, 0.5475000143051147, -0.012844370678067207, 0.629377543926239, 0.6687345504760742, -0.012968195602297783, 0.6797219514846802, 0.738754391670227, -0.015620633959770203, 0.7298393249511719, 0.7316303253173828, -0.01564062386751175, 0.6982577443122864, 0.6655133962631226, 0.020939689129590988, 0.7210400104522705, 0.7201268672943115, -0.0008515279041603208, 0.687123715877533, 0.6811263561248779, -0.01762036606669426, 0.6737762093544006, 0.6509464383125305, -0.02658483199775219, 0.7257463335990906, 0.6278245449066162, 0.01707707718014717, 0.7517445683479309, 0.6899473667144775, -0.010312851518392563, 0.7050904631614685, 0.6389304399490356, -0.024520710110664368, 0.6930966377258301, 0.6030139923095703, -0.026871034875512123, 0.7489185929298401, 0.5832571387290955, 0.008582508191466331, 0.7736276984214783, 0.6490143537521362, -0.0245711337774992, 0.7225444316864014, 0.6003846526145935, -0.0214469525963068, 0.707773745059967, 0.5625041127204895, -0.009610260836780071, 0.771303117275238, 0.52420574426651, -0.0005543734296225011, 0.7796935439109802, 0.5857255458831787, -0.023620251566171646, 0.7423920631408691, 0.5565437078475952, -0.016451574862003326, 0.7301599979400635, 0.5232620239257812, -0.004749629646539688]",[]
"[0.6396031975746155, 0.3748859167098999, -3.58692631152735e-07, 0.6139466762542725, 0.5071884393692017, -0.012857276014983654, 0.627066969871521, 0.6365752816200256, -0.0119837187230587, 0.6750108003616333, 0.7156659960746765, -0.014142200350761414, 0.7257848381996155, 0.7040790319442749, -0.013697809539735317, 0.6970208883285522, 0.6438555121421814, 0.023110605776309967, 0.7295500040054321, 0.6943303942680359, 0.001233750837855041, 0.6979995369911194, 0.6543421745300293, -0.017093488946557045, 0.6778230667114258, 0.623998761177063, -0.027251167222857475, 0.7240918874740601, 0.6017824411392212, 0.020165828987956047, 0.7561903595924377, 0.6520986557006836, -0.005083260126411915, 0.7126873135566711, 0.6044065952301025, -0.018331537023186684, 0.6939597129821777, 0.5739120841026306, -0.021463241428136826, 0.7456600069999695, 0.5537605285644531, 0.012052491307258606, 0.7764317393302917, 0.6079939007759094, -0.01741780713200569, 0.7293210625648499, 0.5659624338150024, -0.013979917392134666, 0.7074682116508484, 0.5334266424179077, -0.003647774225100875, 0.7657268643379211, 0.49397316575050354, 0.0025031440891325474, 0.7789508700370789, 0.5451856851577759, -0.018279636278748512, 0.7430004477500916, 0.5217284560203552, -0.012451265007257462, 0.7246050238609314, 0.4965307414531708, -0.0024498424027115107]",[]
"[0.6377711296081543, 0.3715682625770569, -3.6269955216994276e-07, 0.6146262288093567, 0.5068878531455994, -0.01166507601737976, 0.6272398829460144, 0.6362671256065369, -0.010608617216348648, 0.675112247467041, 0.7147419452667236, -0.01326098944991827, 0.7259320020675659, 0.7036265730857849, -0.013590437360107899, 0.6969932317733765, 0.6427958011627197, 0.02668532356619835, 0.728908121585846, 0.6963661313056946, 0.004222828894853592, 0.698153555393219, 0.6566789746284485, -0.01567152887582779, 0.6778457164764404, 0.6208024621009827, -0.026341712102293968, 0.724057137966156, 0.600070059299469, 0.023000704124569893, 0.7563211917877197, 0.6534627079963684, -0.003362003481015563, 0.713433563709259, 0.6062445640563965, -0.019280895590782166, 0.6930874586105347, 0.5707237720489502, -0.023441700264811516, 0.7454041838645935, 0.5517280101776123, 0.014125962741672993, 0.7765811681747437, 0.6094817519187927, -0.01570429652929306, 0.7300191521644592, 0.5682202577590942, -0.013995715416967869, 0.7067817449569702, 0.5327713489532471, -0.004182020667940378, 0.7643998861312866, 0.49113985896110535, 0.0039394814521074295, 0.7779965996742249, 0.5463736057281494, -0.016843367367982864, 0.74266117811203, 0.5225681066513062, -0.011202135123312473, 0.7231600880622864, 0.4950217306613922, -0.0009111955878324807]",[]
"[0.6481557488441467, 0.35452526807785034, -2.2202519289749034e-07, 0.6210768818855286, 0.47152939438819885, -0.020022554323077202, 0.6338865756988525, 0.5954262018203735, -0.021846847608685493, 0.6855574250221252, 0.6551469564437866, -0.02397422306239605, 0.7328061461448669, 0.6568078398704529, -0.023913869634270668, 0.669066309928894, 0.6085870862007141, 0.004069420043379068, 0.7120830416679382, 0.6593203544616699, -0.0213118065148592, 0.7089056372642517, 0.6215295791625977, -0.03942030295729637, 0.6931197047233582, 0.5897094011306763, -0.04887626692652702, 0.7050883173942566, 0.5625460743904114, 0.0038984783459454775, 0.7511956691741943, 0.6011658906936646, -0.025881754234433174, 0.727188766002655, 0.5504523515701294, -0.04010894149541855, 0.6993403434753418, 0.5227349996566772, -0.04284518584609032, 0.7310509085655212, 0.5118208527565002, -0.0010223060380667448, 0.7749835252761841, 0.5471810102462769, -0.036868683993816376, 0.7424778342247009, 0.5029418468475342, -0.03734194114804268, 0.7109461426734924, 0.4805053472518921, -0.027980871498584747, 0.7502132654190063, 0.455460786819458, -0.0071409656666219234, 0.7751159071922302, 0.4842609763145447, -0.03424244374036789, 0.7508240342140198, 0.453125536441803, -0.031420204788446426, 0.7266557216644287, 0.43333232402801514, -0.022324776276946068]",[]
"[0.6529726386070251, 0.3492411971092224, -3.5154343436261115e-07, 0.6955735087394714, 0.39731651544570923, -0.03895532339811325, 0.7199045419692993, 0.4779151678085327, -0.04746051877737045, 0.7407903075218201, 0.5329349040985107, -0.0472581684589386, 0.7583252787590027, 0.5622726082801819, -0.04196665436029434, 0.624900758266449, 0.5611843466758728, -0.019046489149332047, 0.6959995031356812, 0.598630964756012, -0.02700940892100334, 0.7025531530380249, 0.5550333857536316, -0.033501025289297104, 0.6847184300422668, 0.5280972719192505, -0.03552652522921562, 0.6220334768295288, 0.5532777905464172, 0.0032223814632743597, 0.6925927996635437, 0.5831096172332764, -0.008285298943519592, 0.7022895216941833, 0.5428504347801208, -0.018292950466275215, 0.6863536834716797, 0.5217208862304688, -0.02213088795542717, 0.6281223893165588, 0.5376365780830383, 0.022666892036795616, 0.6927096247673035, 0.5644205212593079, 0.010187815874814987, 0.7034072279930115, 0.5317590832710266, 0.0032187101896852255, 0.6875852942466736, 0.5137183666229248, 0.002664263127371669, 0.6361904144287109, 0.5217168927192688, 0.04005860164761543, 0.6870405077934265, 0.5516286492347717, 0.02966073714196682, 0.6959200501441956, 0.5213947296142578, 0.027655746787786484, 0.6811439990997314, 0.49870264530181885, 0.03099776804447174]",[]
"[0.43669000267982483, 0.4900069236755371, -1.0532238547966699e-07, 0.4077354967594147, 0.5493997931480408, -0.009808872826397419, 0.39757344126701355, 0.6404786705970764, -0.009957883507013321, 0.40381383895874023, 0.7082183957099915, -0.011824170127511024, 0.41371580958366394, 0.7576318383216858, -0.013917753472924232, 0.4307343065738678, 0.6877483129501343, 0.009543984197080135, 0.43961697816848755, 0.7398391962051392, -0.004543018061667681, 0.43682244420051575, 0.7645032405853271, -0.013906115666031837, 0.43060776591300964, 0.7675782442092896, -0.017395231872797012, 0.4553617537021637, 0.6752169132232666, 0.007756800390779972, 0.46268314123153687, 0.7371955513954163, -0.014256115071475506, 0.44832301139831543, 0.6819010972976685, -0.021545184776186943, 0.43827974796295166, 0.6314913630485535, -0.01777384802699089, 0.47863274812698364, 0.6541128158569336, 0.0028728030156344175, 0.4822538197040558, 0.7051259875297546, -0.02250288985669613, 0.4644768536090851, 0.6463301777839661, -0.020024020224809647, 0.45458561182022095, 0.6005876660346985, -0.008678261190652847, 0.5025866031646729, 0.6216931343078613, -0.002469799481332302, 0.5031244158744812, 0.6774014234542847, -0.020355824381113052, 0.48642823100090027, 0.6414445042610168, -0.015406171791255474, 0.477895051240921, 0.6047566533088684, -0.005283735692501068]","[0.43911290168762207, 0.31841474771499634, -1.0117831550360279e-07, 0.4590163826942444, 0.35962527990341187, -0.019126927480101585, 0.4657665193080902, 0.3946046233177185, -0.035681113600730896, 0.4710664749145508, 0.40678972005844116, -0.05235694721341133, 0.4797019362449646, 0.40291285514831543, -0.06805326044559479, 0.41602998971939087, 0.45406726002693176, -0.022631563246250153, 0.38404223322868347, 0.49153104424476624, -0.04699540510773659, 0.3852314352989197, 0.46127375960350037, -0.06278793513774872, 0.3981606364250183, 0.42778581380844116, -0.06940032541751862, 0.4005200266838074, 0.4217986762523651, -0.023276619613170624, 0.3753519654273987, 0.42868736386299133, -0.05141596123576164, 0.3918343484401703, 0.3836332857608795, -0.061585720628499985, 0.4134838283061981, 0.3515084981918335, -0.06194154545664787, 0.3914162516593933, 0.3867681324481964, -0.02665567770600319, 0.37436842918395996, 0.37860119342803955, -0.05174599215388298, 0.39232951402664185, 0.3427693843841553, -0.053603529930114746, 0.413605660200119, 0.3190053701400757, -0.04767512157559395, 0.3871600031852722, 0.3531482219696045, -0.031169243156909943, 0.37214624881744385, 0.34738290309906006, -0.04528972506523132, 0.3841158151626587, 0.3224879503250122, -0.04193311929702759, 0.4001432955265045, 0.3036896586418152, -0.03489118069410324]"
"[0.6272150278091431, 0.23686878383159637, -6.286441589509195e-07, 0.7171764373779297, 0.2590675354003906, -0.013752570375800133, 0.7743523716926575, 0.3397009074687958, -0.02023646980524063, 0.7932536602020264, 0.4262893497943878, -0.023300405591726303, 0.7781423330307007, 0.47566211223602295, -0.024051273241639137, 0.7103365659713745, 0.48735225200653076, -0.021599851548671722, 0.7595500946044922, 0.5316379070281982, -0.021151354536414146, 0.7680310010910034, 0.4623776972293854, -0.020915450528264046, 0.7524622678756714, 0.417604923248291, -0.021657535806298256, 0.6623188257217407, 0.4995346665382385, -0.016825666651129723, 0.7201912999153137, 0.5301527380943298, -0.012126745656132698, 0.7337050437927246, 0.47725656628608704, -0.010509293526411057, 0.7188042402267456, 0.438684344291687, -0.013150650076568127, 0.6247071027755737, 0.4872163236141205, -0.010749990120530128, 0.6821580529212952, 0.520524263381958, -0.007535397540777922, 0.6963587403297424, 0.4790620803833008, -0.0019432930275797844, 0.6832484006881714, 0.4407891631126404, -0.001240633544512093, 0.5968990325927734, 0.46334606409072876, -0.004932858515530825, 0.6442552804946899, 0.4963024854660034, -0.002128012478351593, 0.6560438871383667, 0.4677402377128601, 0.007742885034531355, 0.6453943252563477, 0.4393726587295532, 0.014305424876511097]","[0.5868470668792725, -0.00014282763004302979, 4.242941429311031e-07, 0.5519571900367737, 0.02727031707763672, -0.021077575162053108, 0.5287647247314453, 0.0705515593290329, -0.036161068826913834, 0.5252611041069031, 0.11246541142463684, -0.04793626815080643, 0.5326123833656311, 0.14749085903167725, -0.059201326221227646, 0.5713246464729309, 0.09832550585269928, -0.04062695801258087, 0.5785520076751709, 0.16816610097885132, -0.06314745545387268, 0.5748229026794434, 0.22036054730415344, -0.07633574306964874, 0.567645788192749, 0.2546311020851135, -0.08246603608131409, 0.6054096817970276, 0.105807825922966, -0.03626817837357521, 0.610924243927002, 0.17964571714401245, -0.05668429285287857, 0.60196852684021, 0.22670088708400726, -0.06586875766515732, 0.5886648297309875, 0.25457438826560974, -0.07038373500108719, 0.6330642700195312, 0.11002560704946518, -0.03259456157684326, 0.6371216773986816, 0.18013356626033783, -0.049004290252923965, 0.6247096061706543, 0.22202248871326447, -0.05450843274593353, 0.6080470085144043, 0.24440601468086243, -0.055981967598199844, 0.6551187038421631, 0.11096026003360748, -0.03005283698439598, 0.660150408744812, 0.16890598833560944, -0.04197388514876366, 0.6519107222557068, 0.2037891447544098, -0.045000478625297546, 0.6386602520942688, 0.2226191759109497, -0.04512567073106766]"
"[0.6227476596832275, 0.1924920678138733, -8.200967158700223e-07, 0.7283551692962646, 0.2150743305683136, -0.0073899636045098305, 0.8025607466697693, 0.3084293603897095, -0.008927768096327782, 0.8330908417701721, 0.4011728763580322, -0.008468052372336388, 0.8196150660514832, 0.4479750394821167, -0.004972453694790602, 0.7490611672401428, 0.4746054708957672, -0.008532514795660973, 0.8097595572471619, 0.4992727041244507, -0.0009125578799284995, 0.8032800555229187, 0.4348872900009155, 0.003653204068541527, 0.777838945388794, 0.399424284696579, 0.0038866959512233734, 0.6990127563476562, 0.49716541171073914, -0.004882228560745716, 0.7702717781066895, 0.5101613402366638, 0.0014787398977205157, 0.7721928358078003, 0.45600947737693787, 0.005866030231118202, 0.7513141632080078, 0.41858768463134766, 0.005635016597807407, 0.6588410139083862, 0.4909646809101105, 0.0005160078289918602, 0.7286005020141602, 0.5061860084533691, 0.0021171490661799908, 0.7348238229751587, 0.4606614410877228, 0.008170896209776402, 0.7173618078231812, 0.42265745997428894, 0.00958035234361887, 0.6303222179412842, 0.47039932012557983, 0.005958349443972111, 0.6889382600784302, 0.48461368680000305, 0.006676852237433195, 0.6981901526451111, 0.44360029697418213, 0.014902839437127113, 0.6846845149993896, 0.4091605544090271, 0.020952198654413223]",[]
"[0.6249246597290039, 0.20796579122543335, -8.096305919025326e-07, 0.7285768389701843, 0.23492315411567688, -0.0053269946947693825, 0.8003582954406738, 0.3370668888092041, -0.004630228504538536, 0.8233563303947449, 0.43991973996162415, -0.0028931277338415384, 0.8037110567092896, 0.4881060719490051, 0.0016758253332227468, 0.7476164698600769, 0.49648329615592957, -0.000749400642234832, 0.7981351017951965, 0.530701756477356, 0.00462948065251112, 0.7944769859313965, 0.4701952636241913, 0.00524517148733139, 0.771721363067627, 0.42985978722572327, 0.0030477799009531736, 0.6957723498344421, 0.51581871509552, 0.0013826519716531038, 0.7562081217765808, 0.5402141809463501, 0.00916279200464487, 0.7610037326812744, 0.4889826476573944, 0.013123908080160618, 0.7433863878250122, 0.44701075553894043, 0.012608609162271023, 0.6539180278778076, 0.5079538226127625, 0.00419636070728302, 0.7145848870277405, 0.5304754376411438, 0.006299277767539024, 0.7222627401351929, 0.4874995946884155, 0.011251477524638176, 0.7078616619110107, 0.44666755199432373, 0.012129458598792553, 0.6224001049995422, 0.4866566061973572, 0.006844364106655121, 0.6772618889808655, 0.5038187503814697, 0.008075208403170109, 0.6863634586334229, 0.46577292680740356, 0.015585589222609997, 0.6736837029457092, 0.4304769039154053, 0.021125631406903267]",[]
"[0.680554211139679, 0.3965606093406677, -2.6120036977772543e-07, 0.6415287852287292, 0.5171316862106323, -0.010658021084964275, 0.6414676308631897, 0.6195794939994812, -0.011117098852992058, 0.6871233582496643, 0.6738111972808838, -0.01517264824360609, 0.7292726039886475, 0.665924072265625, -0.018703609704971313, 0.6642204523086548, 0.6262146830558777, 0.018998561426997185, 0.6932862997055054, 0.6716175079345703, 0.0010087582049891353, 0.6943871974945068, 0.6380063891410828, -0.017046373337507248, 0.6851496696472168, 0.5961057543754578, -0.02825777791440487, 0.7004157304763794, 0.5966295599937439, 0.014932702295482159, 0.7414755821228027, 0.6354773044586182, -0.009547295980155468, 0.7294691205024719, 0.5856645703315735, -0.026516342535614967, 0.7094001173973083, 0.5390216112136841, -0.03266439959406853, 0.7286446690559387, 0.5639864206314087, 0.006885970011353493, 0.7706583738327026, 0.5995232462882996, -0.021527225151658058, 0.7489839196205139, 0.5535054802894592, -0.027309942990541458, 0.7235499024391174, 0.5118728280067444, -0.02331359311938286, 0.7511215209960938, 0.5245179533958435, -0.0020693293772637844, 0.7788094878196716, 0.5553148984909058, -0.021144287660717964, 0.7650923132896423, 0.5223705768585205, -0.01886049471795559, 0.7465994954109192, 0.48729026317596436, -0.01210832316428423]",[]
"[0.6540529131889343, 0.4144532084465027, -3.2835026786415256e-07, 0.6253810524940491, 0.5406222939491272, -0.0066297040320932865, 0.6336482763290405, 0.6524087190628052, -0.004030419979244471, 0.6759233474731445, 0.7175531983375549, -0.00564860925078392, 0.7232149839401245, 0.7062711715698242, -0.006465035490691662, 0.6862465739250183, 0.6531431674957275, 0.024754300713539124, 0.7059072852134705, 0.7068250775337219, 0.008408892899751663, 0.683298647403717, 0.6711300015449524, -0.00805354118347168, 0.671775221824646, 0.6409075260162354, -0.018549880012869835, 0.7141517996788025, 0.6175624132156372, 0.019196035340428352, 0.7376196384429932, 0.6686863899230957, -0.0018116846913471818, 0.704105019569397, 0.6241088509559631, -0.016627050936222076, 0.6891428828239441, 0.5918727517127991, -0.02224734053015709, 0.7384150624275208, 0.5729765295982361, 0.009955592453479767, 0.7622336745262146, 0.630057156085968, -0.017271727323532104, 0.7224649786949158, 0.5848912000656128, -0.01740347221493721, 0.7045746445655823, 0.549048900604248, -0.010207250714302063, 0.7616586685180664, 0.5163650512695312, 0.0003057943540625274, 0.7698914408683777, 0.5698027610778809, -0.019262483343482018, 0.740007758140564, 0.5443874001502991, -0.014081562869250774, 0.7257079482078552, 0.516201376914978, -0.005439268425107002]",[]
"[0.44037923216819763, 0.47395485639572144, 4.27175983475081e-08, 0.4100704491138458, 0.5303759574890137, -0.010680482722818851, 0.4018838107585907, 0.624015212059021, -0.010905842296779156, 0.4101676940917969, 0.6933282613754272, -0.012616293504834175, 0.41933903098106384, 0.7459549903869629, -0.014277410693466663, 0.4417268633842468, 0.6693440675735474, 0.011266863904893398, 0.4481065273284912, 0.7143369317054749, -0.0025587172713130713, 0.44465383887290955, 0.7477802038192749, -0.011779367923736572, 0.43948203325271606, 0.7609876990318298, -0.01571926847100258, 0.4648323357105255, 0.6586753129959106, 0.008931308053433895, 0.4680754542350769, 0.7279849052429199, -0.014764341525733471, 0.45118555426597595, 0.6744406819343567, -0.022429468110203743, 0.44149506092071533, 0.6212826371192932, -0.018169092014431953, 0.48660144209861755, 0.6380409598350525, 0.0034279203973710537, 0.4863920509815216, 0.6966904997825623, -0.025788957253098488, 0.4663214087486267, 0.6330325603485107, -0.02369842864573002, 0.4589608311653137, 0.5807653069496155, -0.01118554174900055, 0.509010910987854, 0.6048046946525574, -0.0024452130310237408, 0.5050426721572876, 0.6617615818977356, -0.024818094447255135, 0.486500084400177, 0.6221557855606079, -0.021440967917442322, 0.4793396294116974, 0.5793590545654297, -0.01143766101449728]","[0.44715458154678345, 0.30668434500694275, -1.140183414349849e-07, 0.46619293093681335, 0.35985612869262695, -0.021153947338461876, 0.4712873697280884, 0.4035778045654297, -0.03753826022148132, 0.4744316041469574, 0.4252367615699768, -0.05387077108025551, 0.4789169728755951, 0.42560261487960815, -0.06857859343290329, 0.4156656861305237, 0.4449593126773834, -0.022262822836637497, 0.3842765688896179, 0.4819374680519104, -0.04695339873433113, 0.38742807507514954, 0.44599437713623047, -0.06213085725903511, 0.40151843428611755, 0.41004592180252075, -0.0677320808172226, 0.40108534693717957, 0.4096488058567047, -0.021243834868073463, 0.381636381149292, 0.40300241112709045, -0.05142727494239807, 0.40157216787338257, 0.35721829533576965, -0.06223734840750694, 0.4248482286930084, 0.32773590087890625, -0.062150709331035614, 0.39332956075668335, 0.3731730580329895, -0.023222213611006737, 0.3809359073638916, 0.3569638133049011, -0.051131680607795715, 0.40207839012145996, 0.3185754716396332, -0.05303727090358734, 0.4252150356769562, 0.29455721378326416, -0.04572505131363869, 0.39028942584991455, 0.3400815725326538, -0.026494858786463737, 0.3769575357437134, 0.3268969655036926, -0.04336050897836685, 0.39033040404319763, 0.3006852865219116, -0.0405421108007431, 0.40703585743904114, 0.28221437335014343, -0.03250497952103615]"
"[0.6490215063095093, 0.4138118028640747, -3.040964031697513e-07, 0.6178555488586426, 0.5352023839950562, -0.007476539351046085, 0.6194744110107422, 0.6457189917564392, -0.004522760398685932, 0.6595786809921265, 0.7156121134757996, -0.005407246761023998, 0.7057761549949646, 0.7099354863166809, -0.005978586617857218, 0.6708295345306396, 0.6468175053596497, 0.028990037739276886, 0.6865582466125488, 0.7026880979537964, 0.013520283624529839, 0.6724453568458557, 0.6768360733985901, -0.004188922233879566, 0.6662415266036987, 0.6474036574363708, -0.015309711918234825, 0.7009283304214478, 0.6166993975639343, 0.024668509140610695, 0.7229632139205933, 0.6765387058258057, 0.0035983596462756395, 0.6951612830162048, 0.6349586844444275, -0.013866661116480827, 0.6816114187240601, 0.5944346189498901, -0.02040378376841545, 0.7266057729721069, 0.5784977674484253, 0.016552533954381943, 0.7510370016098022, 0.6421083807945251, -0.009890220127999783, 0.7157803177833557, 0.6003677845001221, -0.012750552967190742, 0.698155403137207, 0.55884850025177, -0.007053800392895937, 0.7504695653915405, 0.5264254212379456, 0.007972201332449913, 0.7603635787963867, 0.5804761648178101, -0.012095192447304726, 0.7319519519805908, 0.5550956726074219, -0.009231370873749256, 0.7158728241920471, 0.5233146548271179, -0.0019375758711248636]",[]
"[0.649314284324646, 0.4152117371559143, -3.070449849928991e-07, 0.6158372163772583, 0.5354924201965332, -0.007963864132761955, 0.6196315288543701, 0.6481502652168274, -0.004355258774012327, 0.6615507006645203, 0.7187253832817078, -0.004369574598968029, 0.7073444128036499, 0.7076267600059509, -0.0039314753375947475, 0.6710426807403564, 0.6493557095527649, 0.028774423524737358, 0.6878407597541809, 0.7027912139892578, 0.013872792944312096, 0.6705141663551331, 0.6728336811065674, -0.0030122229363769293, 0.661217212677002, 0.6442368030548096, -0.013726339675486088, 0.7014674544334412, 0.6185504794120789, 0.024939492344856262, 0.7240420579910278, 0.676087498664856, 0.004141436889767647, 0.6950215697288513, 0.6319456100463867, -0.01222245767712593, 0.6809999346733093, 0.5938869714736938, -0.017880626022815704, 0.7272850871086121, 0.5794878005981445, 0.017300039529800415, 0.7523694634437561, 0.6414552330970764, -0.00912847463041544, 0.716121256351471, 0.5973548293113708, -0.010985112749040127, 0.698016881942749, 0.5573121309280396, -0.004482692573219538, 0.7511986494064331, 0.5270375609397888, 0.009144347161054611, 0.7615616321563721, 0.579805850982666, -0.010780581273138523, 0.7328835129737854, 0.552233099937439, -0.007311993278563023, 0.7169339060783386, 0.5204052329063416, 0.0004696891992352903]",[]
"[0.6403045654296875, 0.3897075653076172, -3.076297048210108e-07, 0.6149166226387024, 0.5214038491249084, -0.004671888891607523, 0.620069146156311, 0.6324288249015808, -0.0004608341841958463, 0.6561138033866882, 0.7057379484176636, -0.0013982587261125445, 0.7007254362106323, 0.7067166566848755, -0.0014329117257148027, 0.6721107363700867, 0.6441112756729126, 0.0359780378639698, 0.6949335932731628, 0.704087495803833, 0.02102774754166603, 0.6754054427146912, 0.6700747013092041, 0.005478352308273315, 0.6660569906234741, 0.638908326625824, -0.003311887849122286, 0.7020705938339233, 0.6125711798667908, 0.030307846143841743, 0.7264364361763, 0.6710398197174072, 0.010109317488968372, 0.6960264444351196, 0.6225333213806152, -0.005273963324725628, 0.6817772388458252, 0.5856050848960876, -0.009349985979497433, 0.7266811728477478, 0.5711809396743774, 0.02038590796291828, 0.7489666938781738, 0.6298579573631287, -0.004506159573793411, 0.7139135003089905, 0.5836237072944641, -0.004732789937406778, 0.6973202228546143, 0.5476833581924438, 0.003268892178311944, 0.7484920024871826, 0.5178607106208801, 0.010094241239130497, 0.759136974811554, 0.5723226070404053, -0.0061395904049277306, 0.7314024567604065, 0.5416232943534851, 0.0006261864327825606, 0.7163763642311096, 0.5106521844863892, 0.01114586740732193]",[]
[],"[0.647879958152771, 0.3668419122695923, -3.0838654652143305e-07, 0.6293297410011292, 0.4427887201309204, -0.007851294241845608, 0.639828622341156, 0.5395411252975464, -0.010987009853124619, 0.672104001045227, 0.5943328738212585, -0.013431376777589321, 0.7036139369010925, 0.6154710054397583, -0.015544749796390533, 0.5992236137390137, 0.5804327130317688, -0.008354531601071358, 0.6585505604743958, 0.6434351801872253, -0.023160142824053764, 0.6840311884880066, 0.6203223466873169, -0.03466479852795601, 0.6826104521751404, 0.5850664973258972, -0.04063568264245987, 0.6251765489578247, 0.572625458240509, -0.009817039594054222, 0.6798855066299438, 0.6362393498420715, -0.020703449845314026, 0.700104832649231, 0.610295295715332, -0.026608813554048538, 0.6963962316513062, 0.5718489289283752, -0.029551587998867035, 0.6571753621101379, 0.5540110468864441, -0.012382238171994686, 0.7076632380485535, 0.614620566368103, -0.023191485553979874, 0.7196120023727417, 0.5841222405433655, -0.023059090599417686, 0.7114176750183105, 0.5490692257881165, -0.02162783034145832, 0.6899194121360779, 0.5263240337371826, -0.015238319523632526, 0.7316413521766663, 0.5653724670410156, -0.026831891387701035, 0.7359615564346313, 0.5385245084762573, -0.024737099185585976, 0.726189911365509, 0.5092429518699646, -0.020315954461693764]"
"[0.6536347270011902, 0.3702678680419922, -4.0294497694048914e-07, 0.6872317790985107, 0.4299856126308441, -0.03045646660029888, 0.7058947682380676, 0.5122657418251038, -0.03728039562702179, 0.7213963270187378, 0.5734747052192688, -0.038082074373960495, 0.7353718876838684, 0.6022233366966248, -0.03515953570604324, 0.617553174495697, 0.5585539937019348, -0.013352110050618649, 0.6765725612640381, 0.6162282824516296, -0.0224769227206707, 0.6911567449569702, 0.57993483543396, -0.03055952675640583, 0.6798276901245117, 0.5457401275634766, -0.03361033275723457, 0.6111444234848022, 0.5523281693458557, 0.0029272616375237703, 0.6697431206703186, 0.6026759743690491, -0.007488466799259186, 0.6873610019683838, 0.5696477293968201, -0.01771286129951477, 0.6776189208030701, 0.5384145379066467, -0.02225368283689022, 0.6129145622253418, 0.5421773195266724, 0.016609327867627144, 0.6668605804443359, 0.5879266262054443, 0.004315695725381374, 0.6851024627685547, 0.5616869330406189, -0.0034753887448459864, 0.6749143600463867, 0.5350368022918701, -0.004834778606891632, 0.6156340837478638, 0.5332268476486206, 0.02899283543229103, 0.660395085811615, 0.5798780918121338, 0.019105521962046623, 0.6769924163818359, 0.5543327927589417, 0.017080657184123993, 0.6679763793945312, 0.5257008075714111, 0.01972789317369461]",[]
"[0.6552698612213135, 0.34603580832481384, -4.371103443645552e-07, 0.6996700763702393, 0.4017888009548187, -0.035694774240255356, 0.7155722975730896, 0.485066682100296, -0.04550547897815704, 0.7252421379089355, 0.5497035384178162, -0.047781623899936676, 0.7286768555641174, 0.5883323550224304, -0.045938167721033096, 0.6125341653823853, 0.5404992699623108, -0.023878924548625946, 0.6775636672973633, 0.6034025549888611, -0.03497276082634926, 0.6926873326301575, 0.5585227012634277, -0.042410749942064285, 0.6787659525871277, 0.5219016075134277, -0.04451403021812439, 0.6064882874488831, 0.5392539501190186, -0.003782140091061592, 0.6723047494888306, 0.5916365385055542, -0.0174877867102623, 0.6910708546638489, 0.5480173826217651, -0.02736077643930912, 0.6777310967445374, 0.5183042287826538, -0.031118465587496758, 0.610378623008728, 0.5322515368461609, 0.014101705513894558, 0.6729169487953186, 0.5788858532905579, 0.0018035819521173835, 0.6918251514434814, 0.5435947179794312, -0.0036712014116346836, 0.678655207157135, 0.5174986720085144, -0.00390567141585052, 0.6185969114303589, 0.5268925428390503, 0.03028467670083046, 0.6677096486091614, 0.5702077746391296, 0.020943492650985718, 0.682181715965271, 0.5405304431915283, 0.01993567682802677, 0.6693686842918396, 0.5131268501281738, 0.023273425176739693]",[]
"[0.658163845539093, 0.3481671214103699, -4.4442541025091487e-07, 0.7007865905761719, 0.405863881111145, -0.03357861563563347, 0.7156358957290649, 0.4902624189853668, -0.0423884242773056, 0.7250999212265015, 0.5531826615333557, -0.04474492371082306, 0.7297922372817993, 0.5886822938919067, -0.04279813542962074, 0.6165449619293213, 0.5423620343208313, -0.01861344464123249, 0.6798233985900879, 0.6056724190711975, -0.03176596015691757, 0.691889226436615, 0.5589678883552551, -0.040507640689611435, 0.6760907769203186, 0.5241718292236328, -0.042968034744262695, 0.6111121773719788, 0.5407992601394653, -0.0002508812758605927, 0.6749749183654785, 0.5939986109733582, -0.016256768256425858, 0.6915004849433899, 0.5479969382286072, -0.026553673669695854, 0.6767751574516296, 0.5197659730911255, -0.029510078951716423, 0.6139285564422607, 0.5344588756561279, 0.015456268563866615, 0.6749382019042969, 0.5811213254928589, 0.0019894831348210573, 0.6926817297935486, 0.5424351692199707, -0.0025357247795909643, 0.6783270239830017, 0.5180001258850098, -0.0014453375479206443, 0.6204808950424194, 0.5296511054039001, 0.029397079721093178, 0.6685785055160522, 0.5713701844215393, 0.020756127312779427, 0.6833175420761108, 0.5378231406211853, 0.02092062681913376, 0.6696426868438721, 0.5094653964042664, 0.025276504456996918]",[]
"[0.6566171050071716, 0.29858750104904175, -6.088496320444392e-07, 0.7074159383773804, 0.37723737955093384, -0.004503835458308458, 0.7260967493057251, 0.4749196171760559, -0.002403117949143052, 0.7287392020225525, 0.5353413224220276, -0.003989053424447775, 0.7178720831871033, 0.549232006072998, -0.003540725214406848, 0.6339704394340515, 0.5230655670166016, 0.01937531679868698, 0.678871214389801, 0.5919014811515808, 0.009206918999552727, 0.6970756649971008, 0.5464748740196228, 0.0004974127514287829, 0.6878928542137146, 0.5092138051986694, -0.002983265556395054, 0.623214066028595, 0.5206378102302551, 0.01692105643451214, 0.670724630355835, 0.5905240774154663, 0.0019000309985131025, 0.6919063925743103, 0.5369939208030701, -0.010641118511557579, 0.6833558082580566, 0.49810197949409485, -0.01355440728366375, 0.6167545318603516, 0.5184706449508667, 0.012195350602269173, 0.6699942350387573, 0.5825512409210205, -0.0025033752899616957, 0.6918273568153381, 0.5297513008117676, -0.008263252675533295, 0.6807472705841064, 0.49546369910240173, -0.00550148356705904, 0.6148986220359802, 0.514695942401886, 0.0074566132389009, 0.6601150035858154, 0.5784827470779419, 0.002358129480853677, 0.6806886196136475, 0.5419358611106873, 0.005945500452071428, 0.6695607900619507, 0.5049043893814087, 0.012437579222023487]","[0.6038291454315186, 0.11025761067867279, -2.8558929443534e-07, 0.6053577661514282, 0.169834166765213, 0.016345513984560966, 0.6184664964675903, 0.2257046103477478, 0.021994290873408318, 0.6316258311271667, 0.2548757791519165, 0.02113942615687847, 0.6466772556304932, 0.27505990862846375, 0.019561564549803734, 0.6172158718109131, 0.2840816080570221, 0.034745629876852036, 0.6587191224098206, 0.287600576877594, 0.026687463745474815, 0.6704785823822021, 0.2525177597999573, 0.014805274084210396, 0.6623344421386719, 0.21743977069854736, 0.009359492920339108, 0.6380776762962341, 0.28576430678367615, 0.023934314027428627, 0.6810652613639832, 0.28342217206954956, 0.02184116281569004, 0.6903591752052307, 0.24357104301452637, 0.014189373701810837, 0.6778433322906494, 0.21005821228027344, 0.010514889843761921, 0.6599469184875488, 0.2768668532371521, 0.012247186154127121, 0.7001713514328003, 0.274244099855423, 0.010722761042416096, 0.7079129219055176, 0.2355848252773285, 0.008172273635864258, 0.6946720480918884, 0.20373594760894775, 0.0075962720438838005, 0.6803244948387146, 0.26189035177230835, 0.001271262764930725, 0.7140384912490845, 0.2526545226573944, 0.000738662900403142, 0.7191272377967834, 0.2203243523836136, 0.0037721218541264534, 0.7087604999542236, 0.19176827371120453, 0.008727123029530048]"
"[0.634493887424469, 0.18560954928398132, -7.080442969709111e-07, 0.7165875434875488, 0.27354174852371216, -0.031263601034879684, 0.7560500502586365, 0.39882612228393555, -0.041076961904764175, 0.7634258270263672, 0.4978189468383789, -0.04377146437764168, 0.741057276725769, 0.5173854231834412, -0.0408497229218483, 0.6374576687812805, 0.49085578322410583, -0.027660982683300972, 0.7056692838668823, 0.5690428614616394, -0.0269386675208807, 0.7254824042320251, 0.5073457360267639, -0.025353986769914627, 0.7146285772323608, 0.45716482400894165, -0.025411730632185936, 0.600062906742096, 0.4796277582645416, -0.011522965505719185, 0.6745069622993469, 0.5520964860916138, -0.016535654664039612, 0.6980544328689575, 0.501251220703125, -0.01534491777420044, 0.6887096762657166, 0.4548487067222595, -0.014616074971854687, 0.5840272903442383, 0.45871299505233765, 0.004212138708680868, 0.6475266814231873, 0.5313506722450256, -0.005179958418011665, 0.6709612607955933, 0.49476465582847595, -0.003585749538615346, 0.6656889915466309, 0.45080140233039856, -0.001039886730723083, 0.5827730894088745, 0.43557217717170715, 0.0182137843221426, 0.631463348865509, 0.501014769077301, 0.009053314104676247, 0.6520546078681946, 0.4744333326816559, 0.010759069584310055, 0.6493479013442993, 0.4359012544155121, 0.014958725310862064]",[]
"[0.6359414458274841, 0.19397464394569397, -7.23937318980461e-07, 0.7242337465286255, 0.26213717460632324, -0.02515038289129734, 0.770060658454895, 0.3851845860481262, -0.028689255937933922, 0.7857416868209839, 0.47614365816116333, -0.026171743869781494, 0.7718549370765686, 0.5077099204063416, -0.019353626295924187, 0.6652287840843201, 0.500573456287384, -0.01867406629025936, 0.7372604012489319, 0.5603306293487549, -0.01357482559978962, 0.7509790658950806, 0.494169682264328, -0.011154061183333397, 0.7335625290870667, 0.45178258419036865, -0.011223680339753628, 0.6264883279800415, 0.49708321690559387, -0.0034539932385087013, 0.7041383981704712, 0.5495697259902954, -0.0030133123509585857, 0.7212762832641602, 0.4913863241672516, -0.0025322292931377888, 0.7057609558105469, 0.4525960087776184, -0.00309722195379436, 0.6067507266998291, 0.4751071333885193, 0.011894271709024906, 0.6762323975563049, 0.5319397449493408, 0.006883509457111359, 0.6955583691596985, 0.48899561166763306, 0.007281618658453226, 0.6836304664611816, 0.4514235854148865, 0.008028516545891762, 0.6023212671279907, 0.44778361916542053, 0.02652824856340885, 0.6576123833656311, 0.5035133361816406, 0.021437518298625946, 0.6734603643417358, 0.47204655408859253, 0.024580905213952065, 0.6639574766159058, 0.4361969530582428, 0.02883964218199253]",[]
"[0.43449151515960693, 0.47372883558273315, 6.335867386297878e-10, 0.4070982336997986, 0.5227280259132385, -0.012651567347347736, 0.3983761668205261, 0.6198106408119202, -0.014230957254767418, 0.40401071310043335, 0.6911646723747253, -0.016511743888258934, 0.41611096262931824, 0.7411078214645386, -0.018637673929333687, 0.43543899059295654, 0.6691495776176453, 0.005749135743826628, 0.44590598344802856, 0.7166321277618408, -0.008986498229205608, 0.44335517287254333, 0.7482594847679138, -0.01823122799396515, 0.43666473031044006, 0.7529102563858032, -0.021281570196151733, 0.4596827030181885, 0.6559357643127441, 0.0051306006498634815, 0.46542924642562866, 0.720032274723053, -0.017786309123039246, 0.44969284534454346, 0.6637149453163147, -0.024028049781918526, 0.4393314719200134, 0.6100938320159912, -0.01866650953888893, 0.48218417167663574, 0.6345734596252441, 0.0013724087039008737, 0.48406165838241577, 0.6852182745933533, -0.02589510940015316, 0.4646984934806824, 0.6249041557312012, -0.023224085569381714, 0.4555543065071106, 0.5760794878005981, -0.010832730680704117, 0.5049554705619812, 0.6012588739395142, -0.00292242132127285, 0.5017940402030945, 0.6543192267417908, -0.023192260414361954, 0.48392438888549805, 0.6157810688018799, -0.01905130222439766, 0.47575902938842773, 0.5756898522377014, -0.008779067546129227]","[0.44703409075737, 0.31081733107566833, -6.082660775064141e-08, 0.4672076106071472, 0.3503403067588806, -0.026504481211304665, 0.4754313826560974, 0.38269034028053284, -0.049436941742897034, 0.48251909017562866, 0.3910457193851471, -0.07200990617275238, 0.4913167357444763, 0.39059725403785706, -0.09377419948577881, 0.4134843945503235, 0.4402449131011963, -0.0339067243039608, 0.3798365890979767, 0.4773455262184143, -0.06271222233772278, 0.3816773295402527, 0.44604459404945374, -0.08096267282962799, 0.39886385202407837, 0.4080764055252075, -0.0882883369922638, 0.3990696668624878, 0.4046437740325928, -0.03236183896660805, 0.3799728453159332, 0.39871490001678467, -0.06519133597612381, 0.40266624093055725, 0.3534424304962158, -0.07689297199249268, 0.42855820059776306, 0.3290609121322632, -0.07754760980606079, 0.39166226983070374, 0.36833110451698303, -0.03402120992541313, 0.3793807029724121, 0.35161682963371277, -0.06273257732391357, 0.403517484664917, 0.3149910569190979, -0.06373511254787445, 0.4285494089126587, 0.2958025634288788, -0.05658585578203201, 0.38866522908210754, 0.3341537415981293, -0.037632860243320465, 0.37526485323905945, 0.3255399465560913, -0.054947733879089355, 0.3896249532699585, 0.3004598617553711, -0.051126644015312195, 0.40758800506591797, 0.28474777936935425, -0.0427277646958828]"
"[0.6402096748352051, 0.21940171718597412, -6.648984935964108e-07, 0.7336370944976807, 0.288597047328949, -0.02355991117656231, 0.7831663489341736, 0.4082147181034088, -0.028320757672190666, 0.8027585744857788, 0.49245375394821167, -0.026845794171094894, 0.7886936664581299, 0.5170769095420837, -0.021582331508398056, 0.6871424317359924, 0.5364218354225159, -0.01928592659533024, 0.7544330358505249, 0.5757277607917786, -0.00841290969401598, 0.7597989439964294, 0.5086977481842041, -0.002238171873614192, 0.7407156825065613, 0.4712088704109192, -0.0011497453087940812, 0.6434633135795593, 0.5247098207473755, -0.004619040060788393, 0.7176991105079651, 0.5623608827590942, 0.0015229310374706984, 0.7300930023193359, 0.5078944563865662, 0.004003577399998903, 0.7158185243606567, 0.46932169795036316, 0.0027671633288264275, 0.6188440918922424, 0.492264986038208, 0.011164221912622452, 0.6842063665390015, 0.5379684567451477, 0.012223552912473679, 0.7005723714828491, 0.4982844591140747, 0.014088807627558708, 0.6905490159988403, 0.45984792709350586, 0.013582895509898663, 0.6096046566963196, 0.45622116327285767, 0.02628745138645172, 0.6614307761192322, 0.5001928806304932, 0.02702067233622074, 0.675296425819397, 0.4701542556285858, 0.03242850303649902, 0.6667593121528625, 0.43797993659973145, 0.03649254888296127]",[]
"[0.6385065317153931, 0.22433710098266602, -6.76497279528121e-07, 0.733771562576294, 0.28751328587532043, -0.025464370846748352, 0.7837434411048889, 0.4082242250442505, -0.03035545162856579, 0.8003714084625244, 0.49407055974006653, -0.028438415378332138, 0.7899941205978394, 0.5178480744361877, -0.023051630705595016, 0.690227746963501, 0.5381473898887634, -0.022671643644571304, 0.7566510438919067, 0.5760955810546875, -0.012406979687511921, 0.7635045051574707, 0.5097927451133728, -0.0060454802587628365, 0.745488703250885, 0.4711179733276367, -0.004742085468024015, 0.645897626876831, 0.5260283350944519, -0.007237176410853863, 0.7189698815345764, 0.5643360018730164, -0.0018672357546165586, 0.7333258986473083, 0.50974041223526, 0.0008665408822707832, 0.7206017971038818, 0.4679597318172455, -2.9624141461681575e-05, 0.6210719347000122, 0.4930398464202881, 0.009209365583956242, 0.6847317814826965, 0.5410926342010498, 0.008647422306239605, 0.702888011932373, 0.5002752542495728, 0.009868319146335125, 0.694341778755188, 0.4578642249107361, 0.009258299134671688, 0.6111171245574951, 0.45698270201683044, 0.02487892657518387, 0.6620921492576599, 0.5014893412590027, 0.02281765453517437, 0.6774739027023315, 0.4712637662887573, 0.026595965027809143, 0.6701139211654663, 0.4367281198501587, 0.030032571405172348]",[]
[],"[0.6901955604553223, 0.34873324632644653, -3.424167118737387e-07, 0.6824668645858765, 0.4522073268890381, -0.013837073929607868, 0.6874329447746277, 0.5539015531539917, -0.019495803862810135, 0.7326363325119019, 0.6040498614311218, -0.026735948398709297, 0.7762753367424011, 0.6069811582565308, -0.03140738606452942, 0.6472337245941162, 0.5957884192466736, 0.0039346665143966675, 0.6984733939170837, 0.6528459787368774, -0.01870029978454113, 0.7163673639297485, 0.6129150390625, -0.03579995781183243, 0.7124701142311096, 0.5822361707687378, -0.046753495931625366, 0.6813063025474548, 0.5742137432098389, -0.0014442187966778874, 0.7481118440628052, 0.6236385107040405, -0.030034732073545456, 0.7470279335975647, 0.5623049736022949, -0.04270603507757187, 0.7260698676109314, 0.5306609869003296, -0.04616913944482803, 0.7122986316680908, 0.5433158874511719, -0.010876894928514957, 0.7777292132377625, 0.5862908959388733, -0.041369013488292694, 0.7684658765792847, 0.527144730091095, -0.04103422909975052, 0.7439439296722412, 0.5025832653045654, -0.03439001366496086, 0.7407152652740479, 0.5055132508277893, -0.021556489169597626, 0.7877568006515503, 0.5285012125968933, -0.04221808537840843, 0.7810907959938049, 0.4856944978237152, -0.03767634555697441, 0.7617157697677612, 0.46282315254211426, -0.02970416657626629]"
"[0.6657167077064514, 0.40816551446914673, -1.7171514343772287e-07, 0.6331159472465515, 0.5320342779159546, -0.007985563017427921, 0.6345545649528503, 0.63470858335495, -0.009141389280557632, 0.6664872169494629, 0.7010931372642517, -0.015100965276360512, 0.7092620134353638, 0.713248610496521, -0.021306868642568588, 0.6993056535720825, 0.6543185710906982, 0.01819453202188015, 0.7253496646881104, 0.7086588740348816, -0.0020557537209242582, 0.7023121118545532, 0.6774682998657227, -0.022942904382944107, 0.6823647618293762, 0.6375435590744019, -0.034932464361190796, 0.7282266020774841, 0.6134381294250488, 0.012049405835568905, 0.7545212507247925, 0.6611324548721313, -0.01158811990171671, 0.7236210703849792, 0.6242754459381104, -0.029571248218417168, 0.6989458799362183, 0.5808355212211609, -0.03802761435508728, 0.7516999840736389, 0.5650622248649597, 0.001896080793812871, 0.7761331796646118, 0.6167304515838623, -0.02114553190767765, 0.7435519099235535, 0.5896746516227722, -0.025598257780075073, 0.7162526249885559, 0.5516282916069031, -0.023328619077801704, 0.7721725702285767, 0.5105017423629761, -0.009567154571413994, 0.7846078872680664, 0.5585451722145081, -0.023898083716630936, 0.7608931064605713, 0.5489768385887146, -0.02144639380276203, 0.7392792701721191, 0.5252987146377563, -0.016298944130539894]",[]
"[0.6565666794776917, 0.44380080699920654, -2.9747039320682234e-07, 0.6150289177894592, 0.5449385046958923, -0.013748890720307827, 0.6142737865447998, 0.6500613689422607, -0.012994078919291496, 0.6458608508110046, 0.7235409021377563, -0.01501742284744978, 0.6886096000671387, 0.7425969839096069, -0.014648652635514736, 0.685842752456665, 0.6658729910850525, 0.017479348927736282, 0.7035073637962341, 0.724076509475708, -0.001143395435065031, 0.6766789555549622, 0.6803515553474426, -0.013834149576723576, 0.6674805283546448, 0.6355741024017334, -0.01933242753148079, 0.7131657600402832, 0.6385676860809326, 0.015238353051245213, 0.7331803441047668, 0.7009440660476685, -0.010854838415980339, 0.6955768465995789, 0.6496753096580505, -0.024919915944337845, 0.6826035380363464, 0.6044371128082275, -0.02726067043840885, 0.7364793419837952, 0.6027616262435913, 0.00840279646217823, 0.7548238039016724, 0.6756607890129089, -0.02275780774652958, 0.7128378748893738, 0.6262017488479614, -0.02313314564526081, 0.6965264678001404, 0.5823681354522705, -0.013818501494824886, 0.7577022910118103, 0.5563538074493408, 0.0006585967494174838, 0.7602359056472778, 0.6204463243484497, -0.022345615550875664, 0.7320556044578552, 0.5944798588752747, -0.01950470730662346, 0.72275710105896, 0.5636754035949707, -0.011167217046022415]",[]
"[0.6571127772331238, 0.44421613216400146, -2.957393121505447e-07, 0.6141335368156433, 0.5420857667922974, -0.014107514172792435, 0.6128688454627991, 0.6488602161407471, -0.013580163940787315, 0.6445217132568359, 0.722004234790802, -0.01549979392439127, 0.6870859861373901, 0.7411503791809082, -0.015293126925826073, 0.6843096613883972, 0.6681174635887146, 0.014209525659680367, 0.7021135091781616, 0.7270870208740234, -0.004539872985333204, 0.677115797996521, 0.6845148801803589, -0.01716189831495285, 0.6675918698310852, 0.6389498114585876, -0.022596847265958786, 0.7120692729949951, 0.6404426693916321, 0.012385095469653606, 0.7317966222763062, 0.7028079628944397, -0.012593884952366352, 0.6960676312446594, 0.6520708799362183, -0.02577129192650318, 0.6827965378761292, 0.6062037944793701, -0.028095286339521408, 0.7356975078582764, 0.6043016910552979, 0.006082822103053331, 0.753829300403595, 0.6777622699737549, -0.024061666801571846, 0.7137553095817566, 0.6277374625205994, -0.023996951058506966, 0.6975271701812744, 0.5826734900474548, -0.014973458833992481, 0.7575288414955139, 0.5573532581329346, -0.001163339358754456, 0.7599154114723206, 0.6224895119667053, -0.023877106606960297, 0.732347846031189, 0.595163106918335, -0.020995009690523148, 0.7225587964057922, 0.5628585815429688, -0.012918480671942234]",[]
"[0.6580483913421631, 0.4490857720375061, -3.2765578339422063e-07, 0.6113154888153076, 0.5399733781814575, -0.012956631369888783, 0.6037476062774658, 0.6536782383918762, -0.012310557998716831, 0.6409940123558044, 0.7344648838043213, -0.013673828914761543, 0.6883319616317749, 0.7513343095779419, -0.012983818538486958, 0.662274181842804, 0.6820212602615356, 0.0167258121073246, 0.6751196384429932, 0.7431247234344482, -0.004172558430582285, 0.6516321301460266, 0.6980380415916443, -0.018533755093812943, 0.6432510018348694, 0.6595658659934998, -0.02541011944413185, 0.6946500539779663, 0.6566596627235413, 0.01354694738984108, 0.7129384875297546, 0.7234905362129211, -0.01334436610341072, 0.6781615614891052, 0.6639810800552368, -0.026510953903198242, 0.6686564087867737, 0.6222700476646423, -0.027927100658416748, 0.7233003973960876, 0.6220589280128479, 0.005989158526062965, 0.7388604283332825, 0.6925984621047974, -0.027361802756786346, 0.6984953880310059, 0.6307066082954407, -0.02512376755475998, 0.6883158087730408, 0.5892789363861084, -0.013633630238473415, 0.752478301525116, 0.5735369920730591, -0.0020698849111795425, 0.7521753907203674, 0.6351345181465149, -0.026934124529361725, 0.7213009595870972, 0.59520024061203, -0.02174222283065319, 0.7139809727668762, 0.5618129968643188, -0.011166563257575035]",[]
"[0.6584088206291199, 0.4093303680419922, -2.166192984986992e-07, 0.617839515209198, 0.5166933536529541, -0.009625709615647793, 0.6144033670425415, 0.6344715356826782, -0.008060052059590816, 0.6493471264839172, 0.7142688035964966, -0.009466782212257385, 0.6956182718276978, 0.722337543964386, -0.009683739393949509, 0.6749369502067566, 0.6629883050918579, 0.017783725634217262, 0.6971628069877625, 0.7211260795593262, -0.0005300025222823024, 0.6751183271408081, 0.6795337796211243, -0.017750050872564316, 0.6586123704910278, 0.6397993564605713, -0.027717256918549538, 0.7059037685394287, 0.6303200721740723, 0.013648816384375095, 0.7316429018974304, 0.6886751055717468, -0.007482276763767004, 0.701081395149231, 0.638441801071167, -0.021140294149518013, 0.6829723715782166, 0.5960156321525574, -0.02596501260995865, 0.7330261468887329, 0.5880430936813354, 0.005701002199202776, 0.7563867568969727, 0.649770975112915, -0.020251525565981865, 0.7205086946487427, 0.6015079021453857, -0.020395824685692787, 0.7000212073326111, 0.5583512783050537, -0.013842085376381874, 0.7591513395309448, 0.5337758660316467, -0.0031296564266085625, 0.7667961120605469, 0.585652768611908, -0.023484187200665474, 0.7389498353004456, 0.554417610168457, -0.019907968118786812, 0.7227169275283813, 0.5190553069114685, -0.012307118624448776]",[]
"[0.43813344836235046, 0.427456259727478, 1.2147597772127483e-07, 0.4085797965526581, 0.47494250535964966, -0.016338659450411797, 0.404376745223999, 0.5755540132522583, -0.020964371040463448, 0.4135149419307709, 0.6524426341056824, -0.026324262842535973, 0.41951870918273926, 0.7151110768318176, -0.03153557330369949, 0.4452388882637024, 0.6334822177886963, 0.0016561654629185796, 0.45871633291244507, 0.6897132396697998, -0.010927065275609493, 0.45688915252685547, 0.7299631237983704, -0.020339831709861755, 0.4494403302669525, 0.7494901418685913, -0.025759859010577202, 0.46690794825553894, 0.617418110370636, 0.000989421154372394, 0.48432838916778564, 0.701163649559021, -0.018965141847729683, 0.46500131487846375, 0.6846694946289062, -0.029767053201794624, 0.4455077350139618, 0.647068440914154, -0.0308755524456501, 0.48497214913368225, 0.5908511877059937, -0.0026420163922011852, 0.4967631995677948, 0.668594241142273, -0.025372663512825966, 0.47133558988571167, 0.6456034779548645, -0.029585978016257286, 0.451852947473526, 0.6054105162620544, -0.02537878043949604, 0.5016000270843506, 0.5522809028625488, -0.007516911253333092, 0.5043447613716125, 0.6177253723144531, -0.026689989492297173, 0.48236221075057983, 0.6082525849342346, -0.029773026704788208, 0.46455350518226624, 0.5764632225036621, -0.027095142751932144]",[]
"[0.4474756419658661, 0.31250229477882385, -4.6821082122505686e-08, 0.465870201587677, 0.35306137800216675, -0.027969414368271828, 0.4700070917606354, 0.38822564482688904, -0.05051957443356514, 0.46803373098373413, 0.4007420241832733, -0.07197777926921844, 0.4692813754081726, 0.4021795094013214, -0.09175702929496765, 0.40864166617393494, 0.44870251417160034, -0.03187493234872818, 0.3739391565322876, 0.48337990045547485, -0.06068236008286476, 0.376994788646698, 0.4492385983467102, -0.07849408686161041, 0.3940083682537079, 0.4128546118736267, -0.0856037363409996, 0.3939181864261627, 0.41206660866737366, -0.02944723702967167, 0.37084221839904785, 0.4064124524593353, -0.06294997036457062, 0.3957415819168091, 0.3603017330169678, -0.07406160980463028, 0.42330488562583923, 0.3371366560459137, -0.07383827120065689, 0.3859735131263733, 0.3748159110546112, -0.030707940459251404, 0.37050196528434753, 0.36053115129470825, -0.06079885736107826, 0.3972727656364441, 0.3245019316673279, -0.06145293638110161, 0.42407000064849854, 0.30740684270858765, -0.05358478054404259, 0.38241708278656006, 0.3392455279827118, -0.034012626856565475, 0.3669295907020569, 0.3299923241138458, -0.05287840589880943, 0.38345348834991455, 0.3049481213092804, -0.049823030829429626, 0.40268218517303467, 0.29173722863197327, -0.04168304428458214]","[0.4257897734642029, 0.4828800559043884, -6.45603321913768e-08, 0.39674872159957886, 0.535481333732605, -0.009662256576120853, 0.38774216175079346, 0.6308882832527161, -0.009734558872878551, 0.3933578431606293, 0.6978259682655334, -0.011092534288764, 0.40136808156967163, 0.7440414428710938, -0.01248427014797926, 0.4181061387062073, 0.6789507269859314, 0.006206998135894537, 0.42485693097114563, 0.7264997959136963, -0.008048532530665398, 0.4242846369743347, 0.7560072541236877, -0.017026962712407112, 0.42040640115737915, 0.7616958618164062, -0.02044074982404709, 0.44326096773147583, 0.6659433841705322, 0.004260967019945383, 0.4493030309677124, 0.7273126840591431, -0.018262887373566628, 0.4357466995716095, 0.671920120716095, -0.024588478729128838, 0.4265017509460449, 0.6198000311851501, -0.020201586186885834, 0.46753838658332825, 0.6434273719787598, -0.000499894202221185, 0.4713742136955261, 0.6948751211166382, -0.027018075808882713, 0.4531070291996002, 0.6345070600509644, -0.024017103016376495, 0.44396811723709106, 0.5865713357925415, -0.012313242070376873, 0.49292105436325073, 0.6087709665298462, -0.005537298042327166, 0.4908304512500763, 0.6618356704711914, -0.025140488520264626, 0.47425949573516846, 0.6238701343536377, -0.02069799415767193, 0.467203825712204, 0.585963785648346, -0.01094142161309719]"
"[0.6770046949386597, 0.34901243448257446, -2.6500239869164943e-07, 0.6743701100349426, 0.42900198698043823, -0.027002254500985146, 0.6864484548568726, 0.5379897356033325, -0.03158258646726608, 0.7158767580986023, 0.6041029095649719, -0.03208518773317337, 0.7371141910552979, 0.6273639798164368, -0.02939840406179428, 0.6288271546363831, 0.5834951400756836, -0.0005991044454276562, 0.6867154836654663, 0.652474045753479, -0.013659981079399586, 0.7012748718261719, 0.6249873042106628, -0.025861717760562897, 0.6933361291885376, 0.590695321559906, -0.03166620433330536, 0.6528941988945007, 0.5656156539916992, 0.009969715029001236, 0.7088634967803955, 0.6235818266868591, -0.0026528944727033377, 0.7191344499588013, 0.5986390113830566, -0.01476314663887024, 0.7120726704597473, 0.5660099983215332, -0.019927125424146652, 0.6766334772109985, 0.540120005607605, 0.0165413748472929, 0.7254897356033325, 0.5921574234962463, 0.002750314539298415, 0.7327690720558167, 0.5698744058609009, -0.005662177689373493, 0.7243695259094238, 0.5426663160324097, -0.0072717308066785336, 0.6957147121429443, 0.5098235607147217, 0.02121988870203495, 0.7381521463394165, 0.5556201338768005, 0.009302468970417976, 0.7424589395523071, 0.5306051969528198, 0.0069027552381157875, 0.7330501675605774, 0.5027621388435364, 0.009684336371719837]",[]
"[0.6787723898887634, 0.34721267223358154, -1.862214134007445e-07, 0.6667121648788452, 0.4310300350189209, -0.02524239383637905, 0.6757073402404785, 0.5413190126419067, -0.02967444807291031, 0.7087063789367676, 0.6078839302062988, -0.030742324888706207, 0.7344770431518555, 0.6285051107406616, -0.028723174706101418, 0.6346441507339478, 0.5816421508789062, 0.0028479050379246473, 0.6856213212013245, 0.6508015394210815, -0.010288999415934086, 0.6949133276939392, 0.6237104535102844, -0.022771796211600304, 0.6845648884773254, 0.5926066040992737, -0.028888793662190437, 0.6619147658348083, 0.5643562078475952, 0.012033488601446152, 0.7103277444839478, 0.6244414448738098, -0.00034967935062013566, 0.7156195044517517, 0.6005993485450745, -0.012262280099093914, 0.7064764499664307, 0.5706596970558167, -0.017405197024345398, 0.6871932744979858, 0.5391714572906494, 0.017036816105246544, 0.7293066382408142, 0.5945133566856384, 0.0036800133530050516, 0.7315471768379211, 0.5716912746429443, -0.0035031738225370646, 0.7211908102035522, 0.5461921095848083, -0.004341618623584509, 0.7078302502632141, 0.5093259215354919, 0.02017066814005375, 0.742823600769043, 0.5591891407966614, 0.010026455856859684, 0.7434055209159851, 0.5343589782714844, 0.00932050310075283, 0.7331966161727905, 0.507524847984314, 0.01279001496732235]",[]
"[0.6565539240837097, 0.3027515709400177, -5.160615046406747e-07, 0.7169257402420044, 0.3678715229034424, -0.03883069008588791, 0.7560892105102539, 0.4557274281978607, -0.06735187768936157, 0.7646381258964539, 0.5221458077430725, -0.08874813467264175, 0.7451139688491821, 0.5339308381080627, -0.10527939349412918, 0.6464937925338745, 0.5445854663848877, -0.06200069561600685, 0.7106337547302246, 0.6217396259307861, -0.07976721972227097, 0.7267569303512573, 0.551449179649353, -0.08713524788618088, 0.7156500220298767, 0.5040048956871033, -0.09392533451318741, 0.5996832251548767, 0.5161241888999939, -0.05316885560750961, 0.6661940813064575, 0.5853269100189209, -0.06912460923194885, 0.6858959197998047, 0.528022289276123, -0.07131142914295197, 0.682125449180603, 0.48634791374206543, -0.07451964914798737, 0.5750929117202759, 0.47121453285217285, -0.04459439963102341, 0.6268935799598694, 0.5316206812858582, -0.057966768741607666, 0.6484246850013733, 0.48766738176345825, -0.0503961555659771, 0.6479020118713379, 0.452423095703125, -0.04683542251586914, 0.5643695592880249, 0.4195196032524109, -0.03910158947110176, 0.6019268035888672, 0.46492260694503784, -0.05404461547732353, 0.6171461939811707, 0.4320331811904907, -0.050634585320949554, 0.6134757399559021, 0.4016660451889038, -0.045777954161167145]",[]
"[0.6278175115585327, 0.2727745771408081, -6.857964081063983e-07, 0.7162075042724609, 0.3238559365272522, -0.031057074666023254, 0.7618371248245239, 0.4233925938606262, -0.046320267021656036, 0.7667782306671143, 0.5204132199287415, -0.05283777415752411, 0.7371841669082642, 0.5475505590438843, -0.05387162044644356, 0.6524341106414795, 0.5311973690986633, -0.04849084094166756, 0.7172484397888184, 0.6090242862701416, -0.047411996871232986, 0.7302080392837524, 0.5387151837348938, -0.03962480649352074, 0.7106264233589172, 0.49220481514930725, -0.0363127626478672, 0.6047324538230896, 0.5246161222457886, -0.032713405787944794, 0.6784806251525879, 0.5976465940475464, -0.035802509635686874, 0.6973491311073303, 0.5423141121864319, -0.028997579589486122, 0.6814828515052795, 0.5029923319816589, -0.026347976177930832, 0.5774298906326294, 0.5004127025604248, -0.015392469242215157, 0.6448374390602112, 0.5678478479385376, -0.020690517500042915, 0.6643234491348267, 0.5257536172866821, -0.012393979355692863, 0.6524614095687866, 0.4871586561203003, -0.007974223233759403, 0.5625467300415039, 0.46953243017196655, 0.0006655750330537558, 0.6162287592887878, 0.5299761295318604, -0.005312334280461073, 0.632426917552948, 0.49866408109664917, -8.661862375447527e-05, 0.6225709319114685, 0.46428948640823364, 0.004630920477211475]",[]
"[0.6240895986557007, 0.2576844096183777, -7.455061563632626e-07, 0.7174586653709412, 0.3062908351421356, -0.012606239877641201, 0.7666934132575989, 0.4146629571914673, -0.016237154603004456, 0.7716183066368103, 0.5214936137199402, -0.01664784364402294, 0.7410979866981506, 0.5585086345672607, -0.013683097437024117, 0.6814336180686951, 0.5371572375297546, -0.017480967566370964, 0.7304064035415649, 0.6102450489997864, -0.013294395990669727, 0.7409957051277161, 0.5435968637466431, -0.00658009946346283, 0.7229480147361755, 0.4999203383922577, -0.0039021628908813, 0.6266492605209351, 0.5423722863197327, -0.01160060428082943, 0.6885915994644165, 0.6140957474708557, -0.009791738353669643, 0.7066941261291504, 0.5608533024787903, -0.0025306674651801586, 0.6920300126075745, 0.5188024044036865, 0.001124710077419877, 0.5886951088905334, 0.5249794125556946, -0.004486699588596821, 0.6522008180618286, 0.5916056632995605, -0.007412367966026068, 0.6706815958023071, 0.5496394038200378, 0.0018341708928346634, 0.6589630246162415, 0.5112618207931519, 0.0072514768689870834, 0.5640679597854614, 0.49897199869155884, 0.0025972751900553703, 0.6186960935592651, 0.5481078028678894, 0.0002661155886016786, 0.6343088150024414, 0.5139821171760559, 0.009311852976679802, 0.6224857568740845, 0.4822792410850525, 0.016337968409061432]",[]
"[0.6240198612213135, 0.2589406669139862, -7.519054179283557e-07, 0.7169817090034485, 0.3064374625682831, -0.011847041547298431, 0.7664715051651001, 0.41392162442207336, -0.015208449214696884, 0.7722269296646118, 0.5206564664840698, -0.015792207792401314, 0.7417638897895813, 0.560015082359314, -0.013001414015889168, 0.6819819808006287, 0.5372710824012756, -0.014890972524881363, 0.7313834428787231, 0.6097328662872314, -0.011530491523444653, 0.741728663444519, 0.5437137484550476, -0.005850781220942736, 0.7232200503349304, 0.5001286864280701, -0.0035941987298429012, 0.6278753280639648, 0.5429407358169556, -0.009612075984477997, 0.6899049282073975, 0.6143506169319153, -0.00831848755478859, 0.7077764868736267, 0.5616532564163208, -0.0016714120283722878, 0.6926473379135132, 0.5201325416564941, 0.0018502895254641771, 0.5901244282722473, 0.5264734029769897, -0.0033413534983992577, 0.6535794734954834, 0.5939457416534424, -0.006911181379109621, 0.6720043420791626, 0.5522852540016174, 0.0020951833575963974, 0.6598892211914062, 0.5143721699714661, 0.007736900821328163, 0.5655063390731812, 0.5013306140899658, 0.0029135996010154486, 0.6201430559158325, 0.5526340007781982, 0.0004331056261435151, 0.6361390948295593, 0.518582820892334, 0.009623987600207329, 0.6244314908981323, 0.4863199293613434, 0.016982095316052437]",[]
"[0.45497071743011475, 0.3543504476547241, -3.85787899404022e-08, 0.4726375937461853, 0.395527720451355, -0.028468238189816475, 0.4758940637111664, 0.4342963993549347, -0.05126827582716942, 0.47077476978302, 0.4315534234046936, -0.07279959321022034, 0.45870456099510193, 0.40681713819503784, -0.09270225465297699, 0.40565362572669983, 0.4726450443267822, -0.03442991524934769, 0.3661835789680481, 0.4979451298713684, -0.06281489133834839, 0.3726685047149658, 0.4634212553501129, -0.07975709438323975, 0.39109423756599426, 0.4314062297344208, -0.08671567589044571, 0.3912064731121063, 0.431171178817749, -0.032462090253829956, 0.3591309189796448, 0.42671680450439453, -0.06631986051797867, 0.38562533259391785, 0.3831024765968323, -0.07721181213855743, 0.4132097363471985, 0.36217960715293884, -0.07652460783720016, 0.38417622447013855, 0.3924906551837921, -0.0340726301074028, 0.3622627556324005, 0.3785690665245056, -0.0647142082452774, 0.3905993103981018, 0.34393611550331116, -0.06546089798212051, 0.41757655143737793, 0.32868069410324097, -0.05712953954935074, 0.382070392370224, 0.35650208592414856, -0.037724368274211884, 0.36220571398735046, 0.34508442878723145, -0.0579121857881546, 0.3778747618198395, 0.3194495439529419, -0.055708277970552444, 0.3964228928089142, 0.3067326843738556, -0.04786014184355736]","[0.42338722944259644, 0.4958310127258301, -5.9110458749955797e-08, 0.3889140784740448, 0.5413325428962708, -0.00951723475009203, 0.3731429874897003, 0.6354995965957642, -0.008906908333301544, 0.37731802463531494, 0.7055535316467285, -0.0092559102922678, 0.3855704069137573, 0.7516847252845764, -0.010021519847214222, 0.40141987800598145, 0.6878907680511475, 0.004952391609549522, 0.4075797498226166, 0.7343749403953552, -0.009253577329218388, 0.4085487723350525, 0.7606740593910217, -0.01967490091919899, 0.4073318541049957, 0.7649622559547424, -0.024701857939362526, 0.42821505665779114, 0.6788970232009888, 0.0035547649022191763, 0.4344983696937561, 0.7364374399185181, -0.01857893355190754, 0.424193799495697, 0.6805493831634521, -0.026217883452773094, 0.4164848327636719, 0.6260513663291931, -0.023632876574993134, 0.4539414048194885, 0.6597435474395752, -0.0003690588928293437, 0.45837458968162537, 0.7136574387550354, -0.026433855295181274, 0.44355931878089905, 0.6507825255393982, -0.024017274379730225, 0.43530598282814026, 0.5979419946670532, -0.013376599177718163, 0.4806135892868042, 0.6280130743980408, -0.004587545059621334, 0.47822409868240356, 0.6798051595687866, -0.025618266314268112, 0.4652215540409088, 0.6386107802391052, -0.02267688885331154, 0.45894601941108704, 0.596507728099823, -0.01398560032248497]"
"[0.44390976428985596, 0.36894017457962036, -1.9773350956597824e-08, 0.4629634618759155, 0.40831702947616577, -0.032455891370773315, 0.46571505069732666, 0.450423002243042, -0.055838584899902344, 0.45556941628456116, 0.4525914192199707, -0.0765044242143631, 0.43678778409957886, 0.42883744835853577, -0.09490609169006348, 0.40255311131477356, 0.491836816072464, -0.03943943604826927, 0.3674851953983307, 0.5183473825454712, -0.06825985759496689, 0.3720601499080658, 0.48318037390708923, -0.08536794036626816, 0.3881353735923767, 0.44939175248146057, -0.0930633395910263, 0.38484904170036316, 0.45148029923439026, -0.03574923425912857, 0.35485386848449707, 0.4457768201828003, -0.07098469883203506, 0.37971192598342896, 0.3985655903816223, -0.08376763761043549, 0.40687453746795654, 0.37344634532928467, -0.084817074239254, 0.375900536775589, 0.41107943654060364, -0.03552521392703056, 0.355446457862854, 0.39820268750190735, -0.0685531422495842, 0.38241928815841675, 0.3596481680870056, -0.07048580050468445, 0.40933001041412354, 0.3404344618320465, -0.06306637078523636, 0.37330299615859985, 0.3721245527267456, -0.03747078403830528, 0.35413309931755066, 0.35975027084350586, -0.061101362109184265, 0.3691730499267578, 0.3321714997291565, -0.060651738196611404, 0.3876833915710449, 0.3173094689846039, -0.05396900326013565]","[0.4230024516582489, 0.5100620985031128, -1.0165929609229352e-07, 0.38865748047828674, 0.5475274324417114, -0.016195818781852722, 0.36359673738479614, 0.6364062428474426, -0.018735412508249283, 0.36233964562416077, 0.7085010409355164, -0.021014997735619545, 0.3628123998641968, 0.7625761032104492, -0.02299627661705017, 0.38532310724258423, 0.6963197588920593, 0.0022603252436965704, 0.3835613429546356, 0.7497806549072266, -0.014183545485138893, 0.38875070214271545, 0.7784831523895264, -0.024794861674308777, 0.39121299982070923, 0.7813096046447754, -0.029044438153505325, 0.4136204123497009, 0.6929885149002075, 0.003480088897049427, 0.4202616810798645, 0.7540738582611084, -0.020694246515631676, 0.41794833540916443, 0.6943392753601074, -0.02814950980246067, 0.41066884994506836, 0.641217052936554, -0.02430177666246891, 0.44061508774757385, 0.6788876056671143, 0.0012182202190160751, 0.4460746943950653, 0.7290225625038147, -0.02644454315304756, 0.43880873918533325, 0.6639472842216492, -0.023962369188666344, 0.43015629053115845, 0.6145426034927368, -0.0122450590133667, 0.468715637922287, 0.6534052491188049, -0.0019911336712539196, 0.4695863425731659, 0.7005598545074463, -0.022293847054243088, 0.46017351746559143, 0.6599560379981995, -0.01869806833565235, 0.4526839852333069, 0.6223614811897278, -0.00915170181542635]"
"[0.42142269015312195, 0.5243502855300903, -9.014853219468932e-08, 0.3842056393623352, 0.5539020299911499, -0.01758475787937641, 0.35846978425979614, 0.6387408375740051, -0.020798590034246445, 0.35066860914230347, 0.7129384875297546, -0.023617221042513847, 0.34775227308273315, 0.7693056464195251, -0.02614140696823597, 0.3706100881099701, 0.7036328315734863, 0.002494737273082137, 0.3667129874229431, 0.7583082914352417, -0.013660719618201256, 0.37389233708381653, 0.7892817258834839, -0.022905496880412102, 0.3770928680896759, 0.7923428416252136, -0.02604656107723713, 0.3993062973022461, 0.70611971616745, 0.004038001410663128, 0.4060627818107605, 0.7691764235496521, -0.02103998139500618, 0.41092178225517273, 0.7063921689987183, -0.026955338194966316, 0.4056856036186218, 0.6513652801513672, -0.02089746482670307, 0.42740118503570557, 0.6967470049858093, 0.0016442171763628721, 0.4338962137699127, 0.7473665475845337, -0.02748522162437439, 0.4326329827308655, 0.680442750453949, -0.02478051744401455, 0.4252457618713379, 0.6315611600875854, -0.011970674619078636, 0.4561970829963684, 0.6765599250793457, -0.0017627559136599302, 0.456977516412735, 0.721288800239563, -0.022844068706035614, 0.4513554275035858, 0.6754677891731262, -0.01917041465640068, 0.4443519711494446, 0.636678159236908, -0.009137655608355999]",[]
"[0.4186705946922302, 0.5333765149116516, -6.544675024144908e-09, 0.38465166091918945, 0.5578835010528564, -0.0226746778935194, 0.35674262046813965, 0.6381189227104187, -0.027225637808442116, 0.3454434275627136, 0.7103859186172485, -0.030061526224017143, 0.337057888507843, 0.7642892003059387, -0.03244377672672272, 0.3644977807998657, 0.7053401470184326, -7.961472147144377e-05, 0.3601621389389038, 0.7595749497413635, -0.015769585967063904, 0.3663221001625061, 0.789799153804779, -0.02560003288090229, 0.3699745535850525, 0.798880934715271, -0.029715176671743393, 0.3923632502555847, 0.7110046744346619, 0.00414238590747118, 0.39937615394592285, 0.7703830003738403, -0.019812200218439102, 0.40783724188804626, 0.7118273973464966, -0.026146842166781425, 0.40368229150772095, 0.658785343170166, -0.021093225106596947, 0.42117103934288025, 0.7035424113273621, 0.003861222183331847, 0.42686688899993896, 0.754833996295929, -0.02595541998744011, 0.4291548728942871, 0.6859878301620483, -0.02405424602329731, 0.42196518182754517, 0.6364390254020691, -0.011773970909416676, 0.4493159055709839, 0.6844161152839661, 0.0022255652584135532, 0.45222270488739014, 0.7284508347511292, -0.021121786907315254, 0.44973084330558777, 0.6794427633285522, -0.018458394333720207, 0.4425427317619324, 0.6398957967758179, -0.008683822117745876]","[0.44700008630752563, 0.39326006174087524, -3.4541955074018915e-08, 0.4604509472846985, 0.4228367507457733, -0.034250933676958084, 0.45586958527565, 0.4542646110057831, -0.056377049535512924, 0.43368658423423767, 0.4562031030654907, -0.07514894008636475, 0.40786081552505493, 0.4484212100505829, -0.09137961268424988, 0.4019920229911804, 0.5011461973190308, -0.03818535432219505, 0.3669643998146057, 0.5269857048988342, -0.06428568810224533, 0.3659767508506775, 0.49516135454177856, -0.0797291174530983, 0.37675926089286804, 0.462507426738739, -0.08693010360002518, 0.3841383457183838, 0.4660969078540802, -0.03285488858819008, 0.35414355993270874, 0.4596806466579437, -0.06507224589586258, 0.368547260761261, 0.4149962365627289, -0.07963229715824127, 0.3890228867530823, 0.38808268308639526, -0.08337341248989105, 0.3751138746738434, 0.4288184344768524, -0.030972585082054138, 0.3521852195262909, 0.41186684370040894, -0.06367818266153336, 0.3692885935306549, 0.3728550672531128, -0.07094480097293854, 0.3907880187034607, 0.35048508644104004, -0.06789913773536682, 0.3718251585960388, 0.3928513526916504, -0.031059594824910164, 0.34982144832611084, 0.3796071410179138, -0.056396178901195526, 0.3556865155696869, 0.3505178987979889, -0.06068729609251022, 0.36911967396736145, 0.3292638063430786, -0.057800911366939545]"
"[0.4218710958957672, 0.5425506830215454, -5.9335388158388014e-08, 0.38570159673690796, 0.5626679062843323, -0.02158321999013424, 0.3577340841293335, 0.6387988328933716, -0.02580305002629757, 0.3460359275341034, 0.7147678136825562, -0.02853376604616642, 0.3381885290145874, 0.7699159979820251, -0.030539290979504585, 0.36200711131095886, 0.7111228704452515, -0.001327189733274281, 0.3526836633682251, 0.7678061723709106, -0.018231282010674477, 0.362930029630661, 0.7957521677017212, -0.026935048401355743, 0.3722599744796753, 0.795941948890686, -0.029408028349280357, 0.38894936442375183, 0.7163509130477905, 0.0028100667987018824, 0.4008447527885437, 0.7747987508773804, -0.02387014590203762, 0.41012880206108093, 0.7125614881515503, -0.030034398660063744, 0.40339693427085876, 0.6572271585464478, -0.023796210065484047, 0.4156857430934906, 0.7084251046180725, 0.0026831352151930332, 0.4276477098464966, 0.7517673373222351, -0.028640206903219223, 0.4304888844490051, 0.6838265657424927, -0.02655157633125782, 0.4205760657787323, 0.6353541612625122, -0.013410829938948154, 0.44221189618110657, 0.6894217729568481, 0.0014044640120118856, 0.4494869112968445, 0.7296812534332275, -0.022303475067019463, 0.4490489363670349, 0.6816102862358093, -0.019968323409557343, 0.4392995536327362, 0.6416944861412048, -0.009957387112081051]","[0.4450823664665222, 0.398205041885376, -4.829771782510761e-08, 0.45261234045028687, 0.4276463985443115, -0.031831853091716766, 0.4438606798648834, 0.45539307594299316, -0.051881343126297, 0.42367467284202576, 0.4553283154964447, -0.06896612048149109, 0.3998790681362152, 0.44954782724380493, -0.08383285254240036, 0.3948354721069336, 0.49467337131500244, -0.03190530464053154, 0.36646562814712524, 0.522881031036377, -0.05525253713130951, 0.36455899477005005, 0.49526429176330566, -0.06966611742973328, 0.3731380105018616, 0.46295759081840515, -0.07628330588340759, 0.3788600265979767, 0.45902219414711, -0.026281239464879036, 0.35304924845695496, 0.45789963006973267, -0.05504973232746124, 0.3654913902282715, 0.41296452283859253, -0.06920317560434341, 0.38326185941696167, 0.38573116064071655, -0.07285206019878387, 0.3711017668247223, 0.42348799109458923, -0.023946190252900124, 0.35164231061935425, 0.41096198558807373, -0.05405523627996445, 0.3647118806838989, 0.3715510666370392, -0.06197662279009819, 0.38294893503189087, 0.3477547764778137, -0.059477802366018295, 0.36916086077690125, 0.3919542729854584, -0.023391302675008774, 0.34947115182876587, 0.3787589967250824, -0.046187181025743484, 0.3534680902957916, 0.3527211546897888, -0.0507022999227047, 0.36583438515663147, 0.33475983142852783, -0.0483887754380703]"
"[0.4140612483024597, 0.3939971923828125, -5.1978403803332185e-08, 0.42407146096229553, 0.4214598834514618, -0.025233594700694084, 0.423595130443573, 0.4482801854610443, -0.04273997247219086, 0.4154019355773926, 0.4523571729660034, -0.05857762694358826, 0.4007493555545807, 0.44905251264572144, -0.07326306402683258, 0.38230839371681213, 0.4766732454299927, -0.02813948690891266, 0.36766043305397034, 0.506305456161499, -0.05029556527733803, 0.36593225598335266, 0.4877117872238159, -0.06676356494426727, 0.37159857153892517, 0.45765864849090576, -0.07537591457366943, 0.36883682012557983, 0.44622671604156494, -0.025067031383514404, 0.3572773337364197, 0.4448246657848358, -0.04952831566333771, 0.36524254083633423, 0.4179125130176544, -0.06441309303045273, 0.378618061542511, 0.396051824092865, -0.07082179188728333, 0.36191466450691223, 0.4125997722148895, -0.02461780235171318, 0.3540017902851105, 0.4000071883201599, -0.04901843145489693, 0.3615832030773163, 0.3748919367790222, -0.05847533792257309, 0.37523865699768066, 0.3555859625339508, -0.05958151817321777, 0.36003729701042175, 0.3814038932323456, -0.025726307183504105, 0.3499957025051117, 0.36846256256103516, -0.04455852136015892, 0.35204029083251953, 0.3499758243560791, -0.04994805157184601, 0.3605113625526428, 0.332390695810318, -0.04983199015259743]","[0.42433613538742065, 0.5410016775131226, -1.586708577860918e-07, 0.3909788429737091, 0.5608413219451904, -0.023170916363596916, 0.35820329189300537, 0.626738965511322, -0.027473079040646553, 0.34101149439811707, 0.6943660378456116, -0.02936590649187565, 0.33918946981430054, 0.7429770827293396, -0.029224764555692673, 0.3663911819458008, 0.6904863119125366, -0.002939594443887472, 0.3761575520038605, 0.7411351203918457, -0.01983211748301983, 0.3925010859966278, 0.710159182548523, -0.028664344921708107, 0.3976365625858307, 0.6744410395622253, -0.03043946996331215, 0.3896750211715698, 0.7011103630065918, 0.005029935855418444, 0.4057307839393616, 0.7452905774116516, -0.016435492783784866, 0.41531863808631897, 0.6909200549125671, -0.022418571636080742, 0.41218066215515137, 0.6470369100570679, -0.018626460805535316, 0.41149047017097473, 0.7020872831344604, 0.00846286304295063, 0.42755237221717834, 0.7415274381637573, -0.015104406513273716, 0.43163836002349854, 0.6827958226203918, -0.01435672678053379, 0.4256346821784973, 0.637708306312561, -0.005273152142763138, 0.4315831959247589, 0.6931368708610535, 0.010271540842950344, 0.4410385489463806, 0.7264867424964905, -0.007853370159864426, 0.4437735676765442, 0.6849783658981323, -0.008104589767754078, 0.43778613209724426, 0.649153470993042, -0.0015633389120921493]"
"[0.42138436436653137, 0.5580014586448669, -1.4541515724886267e-07, 0.3922906816005707, 0.5798250436782837, -0.036107659339904785, 0.356351763010025, 0.6491762399673462, -0.044155023992061615, 0.3360599875450134, 0.7285552620887756, -0.04562433436512947, 0.32728102803230286, 0.7950934171676636, -0.04421377554535866, 0.34714561700820923, 0.6890577673912048, -0.016927804797887802, 0.36161714792251587, 0.7571366429328918, -0.03637471795082092, 0.3875052332878113, 0.7328484654426575, -0.047233037650585175, 0.3980664312839508, 0.6948789358139038, -0.050070203840732574, 0.3724137842655182, 0.6979802846908569, -0.0008213089313358068, 0.39381465315818787, 0.756058394908905, -0.022732479497790337, 0.4092976152896881, 0.7099098563194275, -0.02993137575685978, 0.40836337208747864, 0.6675068736076355, -0.028551487252116203, 0.3964889645576477, 0.6990363001823425, 0.01024850644171238, 0.41596224904060364, 0.7438135147094727, -0.012439264915883541, 0.4240460693836212, 0.6992098093032837, -0.013426946476101875, 0.4184682369232178, 0.659366250038147, -0.006928114220499992, 0.4168422818183899, 0.6934813261032104, 0.018901394680142403, 0.42969343066215515, 0.7277145385742188, 0.0019814162515103817, 0.43523940443992615, 0.697467565536499, 0.0006199990748427808, 0.4300042390823364, 0.6671893000602722, 0.005490846000611782]",[]
"[0.42453473806381226, 0.48099440336227417, 2.2732793070190382e-07, 0.40444380044937134, 0.5586400628089905, -0.032154299318790436, 0.3765500783920288, 0.6221476793289185, -0.03606996685266495, 0.35078227519989014, 0.6873761415481567, -0.03453199565410614, 0.3354182541370392, 0.7461894154548645, -0.03125496208667755, 0.3528362512588501, 0.636695921421051, 0.006552720442414284, 0.3410310745239258, 0.6973932981491089, 0.006356865167617798, 0.34241849184036255, 0.7239879369735718, 0.0024573395494371653, 0.34088388085365295, 0.7386124134063721, 0.0006889923824928701, 0.36115479469299316, 0.6255426406860352, 0.025163641199469566, 0.3550297021865845, 0.6935468912124634, 0.02067575603723526, 0.36523687839508057, 0.6904637217521667, 0.011962778866291046, 0.36926668882369995, 0.6771379709243774, 0.009921971708536148, 0.36964523792266846, 0.6125074625015259, 0.039591189473867416, 0.36846020817756653, 0.6662294268608093, 0.03148132562637329, 0.374195396900177, 0.6459580659866333, 0.023422453552484512, 0.37115252017974854, 0.6179963946342468, 0.02271305024623871, 0.3786170780658722, 0.5994472503662109, 0.05170052871108055, 0.37819764018058777, 0.6356826424598694, 0.045041169971227646, 0.38182124495506287, 0.6234741806983948, 0.03986036777496338, 0.3770591914653778, 0.599675178527832, 0.04002828523516655]","[0.4158785343170166, 0.5714557766914368, -1.2905813662200671e-07, 0.39376357197761536, 0.5921582579612732, -0.05124187842011452, 0.3602254390716553, 0.6491882801055908, -0.0635121688246727, 0.33904120326042175, 0.7208988070487976, -0.06717320531606674, 0.32236573100090027, 0.784008800983429, -0.06757470965385437, 0.32822006940841675, 0.699466347694397, -0.020351534709334373, 0.3241459131240845, 0.7789062261581421, -0.040206409990787506, 0.3508348762989044, 0.7904219031333923, -0.052182886749506, 0.3692324161529541, 0.7718327641487122, -0.055397070944309235, 0.3494833707809448, 0.711681067943573, 0.002979511162266135, 0.3637208342552185, 0.7792549133300781, -0.023651445284485817, 0.3890860080718994, 0.7469353079795837, -0.03631969913840294, 0.39894622564315796, 0.7025779485702515, -0.035439152270555496, 0.3709881603717804, 0.71772301197052, 0.01967534050345421, 0.39170655608177185, 0.7650385499000549, -0.008822280913591385, 0.40789681673049927, 0.7244096398353577, -0.01749619096517563, 0.4092563986778259, 0.6791660785675049, -0.012768841348588467, 0.39006203413009644, 0.7202532887458801, 0.03274500370025635, 0.4031556248664856, 0.7525175213813782, 0.010588468983769417, 0.41298708319664, 0.7233779430389404, 0.003705371171236038, 0.412693053483963, 0.6867278218269348, 0.006750705186277628]"
"[0.40825948119163513, 0.6042991876602173, -1.6001085612060706e-07, 0.39866963028907776, 0.620735764503479, -0.0602218359708786, 0.37461990118026733, 0.6648005843162537, -0.07897800207138062, 0.3543822765350342, 0.7182530760765076, -0.0873907282948494, 0.33637601137161255, 0.7695753574371338, -0.09081130474805832, 0.32684895396232605, 0.7086309194564819, -0.038020338863134384, 0.31786325573921204, 0.79761803150177, -0.0610567107796669, 0.3461119532585144, 0.8108357787132263, -0.07184071093797684, 0.36819082498550415, 0.79281085729599, -0.07369809597730637, 0.3394725024700165, 0.719713568687439, -0.010674215853214264, 0.349148690700531, 0.7926100492477417, -0.0388508103787899, 0.3774140179157257, 0.7673107981681824, -0.049821726977825165, 0.38418519496917725, 0.7282620072364807, -0.04808708280324936, 0.3535673916339874, 0.7303073406219482, 0.009737510234117508, 0.3713192939758301, 0.7752204537391663, -0.019912179559469223, 0.3910297751426697, 0.7472943663597107, -0.029293619096279144, 0.3907695710659027, 0.7128650546073914, -0.02554570697247982, 0.3657745122909546, 0.740944504737854, 0.025832530111074448, 0.3771623969078064, 0.7751114964485168, 0.003444528440013528, 0.39172443747520447, 0.7545507550239563, -0.004508249927312136, 0.39391714334487915, 0.7232620716094971, -0.0028493774589151144]",[]
"[0.43176597356796265, 0.45409899950027466, 1.9812362950233364e-07, 0.401962012052536, 0.5013508796691895, -0.015143030323088169, 0.3986869156360626, 0.5977964401245117, -0.017452573403716087, 0.4064362943172455, 0.6714410781860352, -0.020982054993510246, 0.4133627116680145, 0.7303250432014465, -0.02447681501507759, 0.4369409680366516, 0.6523451805114746, 0.006384757347404957, 0.4489911198616028, 0.7056970000267029, -0.006286052521318197, 0.4451371729373932, 0.7448511123657227, -0.016984105110168457, 0.4361388385295868, 0.7619112730026245, -0.02299012430012226, 0.4589129090309143, 0.6397514343261719, 0.005972156301140785, 0.473993718624115, 0.7210739850997925, -0.013957847841084003, 0.45452994108200073, 0.7111049294471741, -0.026666751131415367, 0.43421754240989685, 0.6760274767875671, -0.029048947617411613, 0.4776741564273834, 0.6155165433883667, 0.002362994011491537, 0.48528343439102173, 0.6896682381629944, -0.021455757319927216, 0.46063998341560364, 0.6673096418380737, -0.028971320018172264, 0.4413124620914459, 0.6253346800804138, -0.026332419365644455, 0.4953661262989044, 0.5788013935089111, -0.0023116967640817165, 0.4953083395957947, 0.6416128277778625, -0.023601019755005836, 0.47336211800575256, 0.6297562718391418, -0.029513567686080933, 0.4547841548919678, 0.5942604541778564, -0.028114911168813705]","[0.4268432557582855, 0.44028231501579285, 2.394482692125166e-07, 0.3970460891723633, 0.4959403872489929, -0.010490874759852886, 0.39003363251686096, 0.586494505405426, -0.01195401232689619, 0.39989566802978516, 0.6564808487892151, -0.013585511595010757, 0.41547560691833496, 0.7060137391090393, -0.015160737559199333, 0.40263471007347107, 0.6035711765289307, 0.00856159906834364, 0.408218115568161, 0.670268177986145, 0.0030516909901052713, 0.4121268391609192, 0.7064493298530579, -0.004217031877487898, 0.415548712015152, 0.7327128648757935, -0.009577590972185135, 0.42399466037750244, 0.595174252986908, 0.009456314146518707, 0.42999109625816345, 0.6532753109931946, 0.006515045650303364, 0.42938435077667236, 0.676676869392395, 0.00037563900696113706, 0.42822596430778503, 0.6925541162490845, -0.0048353588208556175, 0.44463759660720825, 0.5804044008255005, 0.0077010211534798145, 0.4498853087425232, 0.6361913681030273, 0.0037321699783205986, 0.4461064040660858, 0.6400653719902039, 0.0031222780235111713, 0.44168251752853394, 0.6384202837944031, 0.0027351160533726215, 0.465598464012146, 0.5636276006698608, 0.004477227572351694, 0.46791499853134155, 0.6106767654418945, 0.0017143635777756572, 0.46276727318763733, 0.615452766418457, 0.003566527273505926, 0.4558868110179901, 0.6117567420005798, 0.004869658965617418]"
"[0.4107056260108948, 0.6032347679138184, -2.4960061750789464e-07, 0.41361239552497864, 0.6260822415351868, -0.05590786784887314, 0.401907742023468, 0.6685333251953125, -0.07796017080545425, 0.39200282096862793, 0.7190217971801758, -0.08963819593191147, 0.38598281145095825, 0.765857458114624, -0.09692807495594025, 0.33900201320648193, 0.7189765572547913, -0.05216330289840698, 0.3366285562515259, 0.8065477609634399, -0.07285329699516296, 0.3653336763381958, 0.8193461298942566, -0.0858541950583458, 0.38946855068206787, 0.8073726296424866, -0.09173255413770676, 0.3438436985015869, 0.7343647480010986, -0.02798028476536274, 0.3427489995956421, 0.812099814414978, -0.04672570899128914, 0.3728519678115845, 0.8120236992835999, -0.058706045150756836, 0.3928511142730713, 0.7959487438201904, -0.06448466330766678, 0.3532724380493164, 0.7473556399345398, -0.00829810556024313, 0.35594984889030457, 0.8105682730674744, -0.024886323139071465, 0.38124188780784607, 0.8051910400390625, -0.03515329957008362, 0.3975513279438019, 0.7887217998504639, -0.03971017524600029, 0.36323070526123047, 0.7578100562095642, 0.007173140533268452, 0.3636767268180847, 0.8052876591682434, -0.003927231300622225, 0.38095176219940186, 0.8107027411460876, -0.01108761690557003, 0.3949417471885681, 0.8048115372657776, -0.014876301400363445]",[]
"[0.40587976574897766, 0.6148968935012817, -2.493745228093758e-07, 0.42369669675827026, 0.643768310546875, -0.06234866753220558, 0.4171677231788635, 0.6942311525344849, -0.08676329255104065, 0.4020147919654846, 0.7485696077346802, -0.09683782607316971, 0.3894495368003845, 0.7978457808494568, -0.1018432155251503, 0.3462112247943878, 0.7343274354934692, -0.07378759235143661, 0.35867372155189514, 0.8328292965888977, -0.09132630378007889, 0.38805389404296875, 0.84653639793396, -0.09719109535217285, 0.4102487564086914, 0.8350335359573364, -0.09853120893239975, 0.3414953351020813, 0.7467778325080872, -0.043897777795791626, 0.35812675952911377, 0.8325845003128052, -0.0600704587996006, 0.3883504867553711, 0.8324383497238159, -0.06406976282596588, 0.40845775604248047, 0.809467613697052, -0.06529182940721512, 0.34594303369522095, 0.7589132785797119, -0.01748843304812908, 0.3635634183883667, 0.8305713534355164, -0.033446017652750015, 0.39050084352493286, 0.8231950402259827, -0.03868439048528671, 0.40718942880630493, 0.8042169809341431, -0.040628980845212936, 0.353701114654541, 0.7712810039520264, 0.004630998242646456, 0.3669809401035309, 0.8164962530136108, -0.010510075837373734, 0.3868780732154846, 0.8172323703765869, -0.018608661368489265, 0.4011070728302002, 0.809580385684967, -0.022475136443972588]",[]
"[0.40035006403923035, 0.6281769275665283, -2.2583043346457998e-07, 0.42562755942344666, 0.6589941382408142, -0.06173744797706604, 0.42395034432411194, 0.7164185047149658, -0.0901588425040245, 0.4105561375617981, 0.7822209000587463, -0.1036439910531044, 0.3983863294124603, 0.8402212858200073, -0.11212342977523804, 0.35698169469833374, 0.7428786754608154, -0.09421109408140182, 0.36485666036605835, 0.8542247414588928, -0.11266551911830902, 0.3923591077327728, 0.8677341938018799, -0.11173861473798752, 0.4137095808982849, 0.8516491055488586, -0.10761848092079163, 0.33957943320274353, 0.7526360750198364, -0.06434288620948792, 0.361799031496048, 0.8508210778236389, -0.08173619955778122, 0.3931492269039154, 0.8429096341133118, -0.07697471231222153, 0.40935736894607544, 0.8143712878227234, -0.07215242832899094, 0.33532389998435974, 0.7645565867424011, -0.036424778401851654, 0.3611110746860504, 0.8450777530670166, -0.051711246371269226, 0.387960821390152, 0.8322650194168091, -0.047889333218336105, 0.4016413390636444, 0.8035051822662354, -0.04426560178399086, 0.33909058570861816, 0.7795964479446411, -0.012639525346457958, 0.35534146428108215, 0.8328279852867126, -0.028792550787329674, 0.37757328152656555, 0.8273659348487854, -0.03337066248059273, 0.39229142665863037, 0.808908224105835, -0.03449409455060959]",[]
"[0.39887478947639465, 0.6484018564224243, -1.609788711220972e-07, 0.4268959164619446, 0.6718018054962158, -0.05607028305530548, 0.42514005303382874, 0.7294411063194275, -0.0811695083975792, 0.4093018174171448, 0.7949492335319519, -0.09165633469820023, 0.39537250995635986, 0.84869784116745, -0.09777253121137619, 0.3593854606151581, 0.7482693791389465, -0.08957108110189438, 0.3630847632884979, 0.8531894683837891, -0.10774437338113785, 0.38999664783477783, 0.8737573027610779, -0.10772409290075302, 0.4144498109817505, 0.8644852638244629, -0.10413162410259247, 0.34102123975753784, 0.7573738694190979, -0.062296297401189804, 0.3584813177585602, 0.8572691082954407, -0.08014701306819916, 0.3908085227012634, 0.8605949878692627, -0.0772116482257843, 0.4106159806251526, 0.8402730822563171, -0.07296255230903625, 0.3367781639099121, 0.7698199152946472, -0.03633307293057442, 0.36043307185173035, 0.8537881374359131, -0.05216093733906746, 0.38906434178352356, 0.8515204787254333, -0.05041464418172836, 0.40404877066612244, 0.8324047327041626, -0.04720835015177727, 0.34057241678237915, 0.7849810123443604, -0.013641765341162682, 0.35963040590286255, 0.8444131016731262, -0.029214024543762207, 0.38161996006965637, 0.8482800722122192, -0.03339593857526779, 0.39522936940193176, 0.8366574645042419, -0.033780187368392944]",[]
"[0.4027298390865326, 0.6393718123435974, -1.6151922466178803e-07, 0.43235236406326294, 0.6618474125862122, -0.05670452490448952, 0.4329787492752075, 0.7156409025192261, -0.08334215730428696, 0.4142553508281708, 0.7777303457260132, -0.09551285207271576, 0.3991662859916687, 0.8288249969482422, -0.10357797890901566, 0.36371660232543945, 0.7389766573905945, -0.0917225107550621, 0.36823388934135437, 0.8437788486480713, -0.11062784492969513, 0.3915182948112488, 0.8672073483467102, -0.11140727251768112, 0.41377392411231995, 0.8577100038528442, -0.10822619497776031, 0.3467406630516052, 0.7534857392311096, -0.06507427990436554, 0.3650747239589691, 0.8506837487220764, -0.08160784095525742, 0.3939953148365021, 0.8588603734970093, -0.07854639738798141, 0.4156080186367035, 0.8395063281059265, -0.07464484870433807, 0.34306544065475464, 0.7700753808021545, -0.03991249203681946, 0.3690556585788727, 0.8476522564888, -0.05397287756204605, 0.3952210247516632, 0.8477779626846313, -0.052568741142749786, 0.4128592014312744, 0.8315256834030151, -0.05051803216338158, 0.34828808903694153, 0.7871164083480835, -0.01830291375517845, 0.3688827157020569, 0.8375977873802185, -0.032961875200271606, 0.3891661465167999, 0.8417842984199524, -0.03761710226535797, 0.4043629467487335, 0.8354238271713257, -0.038842808455228806]",[]
"[0.4106713831424713, 0.6276578903198242, -3.2327588428415766e-07, 0.4395013451576233, 0.6543920040130615, -0.053219594061374664, 0.44118762016296387, 0.707566499710083, -0.07927432656288147, 0.4278029501438141, 0.7695485949516296, -0.09339569509029388, 0.41635969281196594, 0.8196561336517334, -0.10353626310825348, 0.3697991669178009, 0.7428771257400513, -0.07872264832258224, 0.38231903314590454, 0.8437474370002747, -0.10061811655759811, 0.410759836435318, 0.8554006218910217, -0.1074780523777008, 0.4303356111049652, 0.8398926854133606, -0.10933999717235565, 0.3539433181285858, 0.7585157155990601, -0.05589417368173599, 0.37964656949043274, 0.8437973856925964, -0.07485537976026535, 0.40911054611206055, 0.833818793296814, -0.07571179419755936, 0.4231298565864563, 0.8074105978012085, -0.07529423385858536, 0.350983589887619, 0.7725532054901123, -0.035390693694353104, 0.3796934187412262, 0.848565399646759, -0.05180130898952484, 0.405866414308548, 0.8333374261856079, -0.04997063800692558, 0.41867148876190186, 0.8076861500740051, -0.047810401767492294, 0.35719069838523865, 0.7866200804710388, -0.018577760085463524, 0.37738803029060364, 0.8427701592445374, -0.0335860550403595, 0.39846619963645935, 0.8359013795852661, -0.03630144149065018, 0.4108758866786957, 0.817196786403656, -0.03639925271272659]",[]
"[0.43129682540893555, 0.6180810332298279, -1.7179783640131063e-07, 0.454030305147171, 0.6488538980484009, -0.062186773866415024, 0.45411574840545654, 0.7025394439697266, -0.08999159932136536, 0.44143903255462646, 0.7654335498809814, -0.10441858321428299, 0.4257672429084778, 0.8164700269699097, -0.1140666976571083, 0.3840877115726471, 0.7479088306427002, -0.07436671853065491, 0.3977624773979187, 0.8439705967903137, -0.09201426804065704, 0.42510485649108887, 0.8591031432151794, -0.09530872851610184, 0.44490936398506165, 0.8416553735733032, -0.0943538174033165, 0.37215209007263184, 0.7577947378158569, -0.04543057829141617, 0.39589762687683105, 0.8382054567337036, -0.06185071915388107, 0.4252576529979706, 0.8283483982086182, -0.06197316199541092, 0.4408268332481384, 0.7999202609062195, -0.05978143960237503, 0.37194380164146423, 0.7680133581161499, -0.020195482298731804, 0.39825090765953064, 0.836052656173706, -0.03739938512444496, 0.4241141378879547, 0.8222187161445618, -0.0389881357550621, 0.4388338625431061, 0.7932158708572388, -0.0376005619764328, 0.378400057554245, 0.7808112502098083, 0.0007679625414311886, 0.39819660782814026, 0.8284050226211548, -0.016921598464250565, 0.4171558916568756, 0.8237490653991699, -0.02407185360789299, 0.4298369884490967, 0.8077227473258972, -0.026233388110995293]",[]
"[0.4338512122631073, 0.6249918341636658, -2.405449777143076e-07, 0.4424738585948944, 0.6467801332473755, -0.06425870954990387, 0.43288031220436096, 0.6955952644348145, -0.08607206493616104, 0.4223117232322693, 0.7474961876869202, -0.09463679790496826, 0.4162954092025757, 0.7997555732727051, -0.09819129854440689, 0.3693770170211792, 0.7623912692070007, -0.056687626987695694, 0.3709765076637268, 0.8616142868995667, -0.071629598736763, 0.4018462896347046, 0.8654732704162598, -0.0794268399477005, 0.4227638244628906, 0.8405628204345703, -0.08217700570821762, 0.37679412961006165, 0.7718596458435059, -0.025851434096693993, 0.3826388716697693, 0.8584758043289185, -0.041561249643564224, 0.4131815433502197, 0.8519764542579651, -0.05260841175913811, 0.429421067237854, 0.8234227299690247, -0.057362690567970276, 0.3878766596317291, 0.7786401510238647, 0.00021943288447801024, 0.39770811796188354, 0.8453235626220703, -0.01637922041118145, 0.42209601402282715, 0.8334694504737854, -0.030903952196240425, 0.43401509523391724, 0.8071037530899048, -0.037680063396692276, 0.39752012491226196, 0.784328818321228, 0.02195099927484989, 0.4067700505256653, 0.8329896926879883, 0.006458441261202097, 0.4243457317352295, 0.8297929167747498, -0.006091285031288862, 0.43464332818984985, 0.8135792016983032, -0.012504082173109055]",[]
"[0.4310075044631958, 0.6554556488990784, -2.677809618489846e-07, 0.4170877933502197, 0.678681492805481, -0.04758700355887413, 0.39106279611587524, 0.7268641591072083, -0.0620221272110939, 0.3744449019432068, 0.7870789766311646, -0.0688532367348671, 0.3666177988052368, 0.8410391211509705, -0.07176520675420761, 0.3466833829879761, 0.7796873450279236, -0.02707034908235073, 0.3464924693107605, 0.8692271709442139, -0.05082200840115547, 0.3796212673187256, 0.8753978610038757, -0.06433675438165665, 0.399140328168869, 0.8534195423126221, -0.06871695816516876, 0.3605119585990906, 0.7887065410614014, -0.00695664482191205, 0.3754093647003174, 0.8617427349090576, -0.035478752106428146, 0.4069282114505768, 0.8304953575134277, -0.04734126478433609, 0.4147270917892456, 0.7886537909507751, -0.046462807804346085, 0.377697229385376, 0.7941483855247498, 0.00729212025180459, 0.4006533622741699, 0.840334415435791, -0.022119473665952682, 0.42344924807548523, 0.8070745468139648, -0.029047030955553055, 0.424256831407547, 0.7706633806228638, -0.023804303258657455, 0.39465752243995667, 0.7960489988327026, 0.01823200099170208, 0.41104936599731445, 0.8279538750648499, -0.003366839373484254, 0.426168292760849, 0.801487922668457, -0.008029130287468433, 0.42747482657432556, 0.7658429145812988, -0.00377136399038136]",[]
"[0.42830759286880493, 0.4652916491031647, 6.833614918377862e-08, 0.39777934551239014, 0.5100416541099548, -0.018353313207626343, 0.39290934801101685, 0.6061030030250549, -0.023551806807518005, 0.39972126483917236, 0.6858453750610352, -0.029402120038866997, 0.4043857455253601, 0.7465869188308716, -0.03502688556909561, 0.4217488765716553, 0.6652754545211792, 0.004257435444742441, 0.43047234416007996, 0.719168484210968, -0.0081593357026577, 0.4318356513977051, 0.7575429081916809, -0.017054803669452667, 0.4296410083770752, 0.7690640091896057, -0.02132236585021019, 0.44553443789482117, 0.6551687121391296, 0.004978105891495943, 0.45980897545814514, 0.7370565533638, -0.015597851946949959, 0.44644895195961, 0.7144125699996948, -0.025241242721676826, 0.43293440341949463, 0.671333909034729, -0.024016134440898895, 0.4669097363948822, 0.6348277926445007, 0.0021278022322803736, 0.4795817732810974, 0.7090939879417419, -0.02252935990691185, 0.45967504382133484, 0.6769087314605713, -0.026435142382979393, 0.443411648273468, 0.6291200518608093, -0.02030961401760578, 0.48778828978538513, 0.6036373376846313, -0.0020221201702952385, 0.49369966983795166, 0.6659154891967773, -0.023433534428477287, 0.4750468134880066, 0.6493902206420898, -0.02646266482770443, 0.4582907259464264, 0.6105708479881287, -0.022340035066008568]",[]
"[0.4285789430141449, 0.6329466700553894, -1.8280240965395933e-07, 0.3918171226978302, 0.6608452796936035, -0.032023172825574875, 0.3540897071361542, 0.7193956971168518, -0.03901464864611626, 0.33739060163497925, 0.7963429093360901, -0.043278735131025314, 0.3301777243614197, 0.8602377772331238, -0.044355910271406174, 0.3542311489582062, 0.7891718149185181, -0.0022039879113435745, 0.3418879508972168, 0.8691372871398926, -0.02413644827902317, 0.3651023805141449, 0.8722235560417175, -0.03806769475340843, 0.38219642639160156, 0.8457916975021362, -0.04250258579850197, 0.38049137592315674, 0.7894680500030518, 0.00894964300096035, 0.3950415551662445, 0.8478251099586487, -0.017841944471001625, 0.40996891260147095, 0.7993150353431702, -0.02893703058362007, 0.40553152561187744, 0.7516466975212097, -0.028372323140501976, 0.4040566682815552, 0.783713161945343, 0.013956026174128056, 0.4221365749835968, 0.8226135969161987, -0.01399779412895441, 0.4285527765750885, 0.7762951254844666, -0.01711336337029934, 0.4197825491428375, 0.732624351978302, -0.009919475764036179, 0.42583444714546204, 0.7741183638572693, 0.016315581277012825, 0.4362224340438843, 0.8064056634902954, -0.00282751745544374, 0.4401214122772217, 0.7742971777915955, -0.0038139615207910538, 0.43265193700790405, 0.7370650768280029, 0.002305942587554455]",[]
"[0.4202055335044861, 0.5953306555747986, -1.1540488031869245e-07, 0.3854263424873352, 0.6391100883483887, -0.01079616229981184, 0.359404981136322, 0.7235801219940186, -0.010842224583029747, 0.3519276976585388, 0.7915163040161133, -0.012476285919547081, 0.3544832468032837, 0.8425812125205994, -0.0137296998873353, 0.3725793957710266, 0.7819668054580688, 0.004709640983492136, 0.36454030871391296, 0.8427395820617676, -0.012294439598917961, 0.3712264895439148, 0.854067862033844, -0.025084732100367546, 0.37771716713905334, 0.8362636566162109, -0.03085353597998619, 0.4007856249809265, 0.7810745239257812, 0.0035587316378951073, 0.4026273488998413, 0.8331863284111023, -0.016958480700850487, 0.40732550621032715, 0.7896578907966614, -0.025893356651067734, 0.4065711498260498, 0.7395007014274597, -0.02645031362771988, 0.42834216356277466, 0.7663417458534241, -0.0008907130686566234, 0.43009668588638306, 0.811380922794342, -0.022240543738007545, 0.42968082427978516, 0.7649561762809753, -0.021228646859526634, 0.4273090064525604, 0.7185721397399902, -0.014263510704040527, 0.45775043964385986, 0.7436674237251282, -0.006485545076429844, 0.45385921001434326, 0.7850549221038818, -0.02146177366375923, 0.449980229139328, 0.7542815804481506, -0.01828654482960701, 0.447390079498291, 0.7189246416091919, -0.01148711796849966]",[]
"[0.42151862382888794, 0.5570876598358154, -7.666795198701948e-08, 0.3921418786048889, 0.6195493340492249, -0.0082014799118042, 0.3827046751976013, 0.7136951088905334, -0.00791858322918415, 0.3882036805152893, 0.7816566228866577, -0.009774361737072468, 0.4016687572002411, 0.8241046667098999, -0.011131605133414268, 0.41975104808807373, 0.7552778124809265, 0.006794721819460392, 0.43483424186706543, 0.8094500303268433, -0.009425302967429161, 0.4250311851501465, 0.7923460602760315, -0.022182511165738106, 0.4145532548427582, 0.754120945930481, -0.027550188824534416, 0.44083279371261597, 0.7386724948883057, 0.005013364367187023, 0.4544650912284851, 0.788092851638794, -0.012429664842784405, 0.4372355341911316, 0.7526728510856628, -0.021881962195038795, 0.42438092827796936, 0.7114723324775696, -0.024114346131682396, 0.4617765247821808, 0.7137359380722046, 2.6057978175231256e-05, 0.4723489582538605, 0.7629769444465637, -0.017718633636832237, 0.45300668478012085, 0.7283465266227722, -0.018238194286823273, 0.44015011191368103, 0.6903177499771118, -0.013703135773539543, 0.4843663275241852, 0.680878758430481, -0.005940385162830353, 0.4870787262916565, 0.7332311868667603, -0.019221561029553413, 0.47144436836242676, 0.7100366353988647, -0.01754705235362053, 0.4611744284629822, 0.6784706711769104, -0.012585240416228771]",[]
"[0.4520340859889984, 0.35384371876716614, -8.940013884739528e-08, 0.46448618173599243, 0.39526382088661194, -0.015460269525647163, 0.4682474136352539, 0.42460134625434875, -0.03258572518825531, 0.47029078006744385, 0.4264402687549591, -0.05019468814134598, 0.4752003252506256, 0.4173714220523834, -0.06676054745912552, 0.4196433126926422, 0.48138314485549927, -0.027701783925294876, 0.389973908662796, 0.5226636528968811, -0.05186586454510689, 0.3947398066520691, 0.4950064718723297, -0.06718878448009491, 0.40758010745048523, 0.4649030268192291, -0.0740978941321373, 0.4050758481025696, 0.44202423095703125, -0.031242573633790016, 0.3838428854942322, 0.4519193172454834, -0.05423126369714737, 0.40013545751571655, 0.42510825395584106, -0.06224757060408592, 0.41715237498283386, 0.40759122371673584, -0.06419998407363892, 0.39782410860061646, 0.39977672696113586, -0.03694891929626465, 0.38289734721183777, 0.3991013765335083, -0.055522624403238297, 0.40172579884529114, 0.3795686364173889, -0.055176448076963425, 0.4203212559223175, 0.3691951036453247, -0.05154311656951904, 0.3949596583843231, 0.3570103049278259, -0.04406673461198807, 0.3826010525226593, 0.35020801424980164, -0.05481661111116409, 0.39592263102531433, 0.3442060947418213, -0.0515870600938797, 0.41148194670677185, 0.34277069568634033, -0.046736326068639755]","[0.44580304622650146, 0.5198304653167725, -1.0873196032434862e-07, 0.4142238199710846, 0.5863804817199707, -0.006090544629842043, 0.4045129418373108, 0.6807697415351868, -0.004497637506574392, 0.41301679611206055, 0.7479936480522156, -0.005931605119258165, 0.42992883920669556, 0.7901602387428284, -0.007390536833554506, 0.436506062746048, 0.7210394740104675, 0.01451446209102869, 0.4437946677207947, 0.7772166132926941, -0.0009168763062916696, 0.43997815251350403, 0.7821465134620667, -0.012380531057715416, 0.43387967348098755, 0.7572579383850098, -0.016320062801241875, 0.4619925916194916, 0.7078354954719543, 0.011403159238398075, 0.46852391958236694, 0.7629283666610718, -0.008229739964008331, 0.4549463987350464, 0.7120310664176941, -0.01650923304259777, 0.44546133279800415, 0.6629635691642761, -0.014843203127384186, 0.48630067706108093, 0.6854748129844666, 0.0049776360392570496, 0.4886150062084198, 0.735150158405304, -0.016715699806809425, 0.47279036045074463, 0.6795860528945923, -0.014460213482379913, 0.46382346749305725, 0.6331658363342285, -0.004873419180512428, 0.5110947489738464, 0.6510198712348938, -0.0019255989463999867, 0.5099597573280334, 0.7079094052314758, -0.01658385992050171, 0.494417279958725, 0.6736340522766113, -0.010930623859167099, 0.48523831367492676, 0.6364284753799438, -0.0012284296099096537]"
"[0.4447893798351288, 0.3290572762489319, -1.8481999575215013e-07, 0.46737396717071533, 0.3824380934238434, -0.016715962439775467, 0.4731362462043762, 0.424627423286438, -0.031023481860756874, 0.4742268919944763, 0.4482688307762146, -0.045852258801460266, 0.47592753171920776, 0.4568590521812439, -0.05888376012444496, 0.4234107434749603, 0.47592830657958984, -0.01931680180132389, 0.39649873971939087, 0.5173540711402893, -0.04365440458059311, 0.4015362560749054, 0.48411256074905396, -0.05886213108897209, 0.4153080880641937, 0.44394105672836304, -0.0647512674331665, 0.40745919942855835, 0.4400100111961365, -0.020468048751354218, 0.39056700468063354, 0.4481406509876251, -0.04772862792015076, 0.40843772888183594, 0.39868295192718506, -0.05600262060761452, 0.4276559054851532, 0.3629712462425232, -0.05543157830834389, 0.3981277644634247, 0.4029988646507263, -0.02454547956585884, 0.38640233874320984, 0.39867734909057617, -0.048607077449560165, 0.40634602308273315, 0.3624892234802246, -0.048362988978624344, 0.4270875155925751, 0.33673039078712463, -0.041478995233774185, 0.3941957950592041, 0.3687092065811157, -0.02972744219005108, 0.3818104565143585, 0.3671671152114868, -0.042728081345558167, 0.39541181921958923, 0.3442053198814392, -0.03833683207631111, 0.4106869101524353, 0.3256331980228424, -0.030760109424591064]","[0.4534178078174591, 0.503481388092041, -4.4535148902014043e-08, 0.4230945110321045, 0.5576794147491455, -0.010986119508743286, 0.4152851104736328, 0.6518384218215942, -0.010563877411186695, 0.42319270968437195, 0.7180661559104919, -0.01124950498342514, 0.42914921045303345, 0.7695664167404175, -0.012112339958548546, 0.44644099473953247, 0.694645345211029, 0.009685864672064781, 0.4515734612941742, 0.7390422224998474, -0.0026956747751682997, 0.4521152675151825, 0.7696727514266968, -0.010868771933019161, 0.44935113191604614, 0.782179594039917, -0.014188283123075962, 0.4713541865348816, 0.6846777200698853, 0.00819523073732853, 0.4776444435119629, 0.7498984932899475, -0.01442504208534956, 0.4651828110218048, 0.6969329118728638, -0.021244404837489128, 0.45627591013908386, 0.6430429816246033, -0.016461163759231567, 0.49554547667503357, 0.6645116806030273, 0.0036833728663623333, 0.4986911118030548, 0.7186249494552612, -0.02385805919766426, 0.480817586183548, 0.657571017742157, -0.02195686660706997, 0.47127658128738403, 0.6080025434494019, -0.009924806654453278, 0.5202613472938538, 0.6316949725151062, -0.00115402031224221, 0.5192969441413879, 0.6872550249099731, -0.021058371290564537, 0.5025510787963867, 0.6499327421188354, -0.01690126396715641, 0.49459055066108704, 0.610697865486145, -0.006905775982886553]"
"[0.45225071907043457, 0.3137102723121643, -4.547122145481808e-08, 0.47604119777679443, 0.3616194725036621, -0.025024719536304474, 0.48404252529144287, 0.40545740723609924, -0.04405047744512558, 0.4913616180419922, 0.42719244956970215, -0.06278429925441742, 0.4989739656448364, 0.43127337098121643, -0.07964283227920532, 0.42511269450187683, 0.4606250524520874, -0.024456650018692017, 0.39358386397361755, 0.5077789425849915, -0.05159871652722359, 0.39425748586654663, 0.4792141914367676, -0.0680684745311737, 0.4100073575973511, 0.4376043975353241, -0.07384012639522552, 0.40989017486572266, 0.42659440636634827, -0.022477781400084496, 0.3921630382537842, 0.42920318245887756, -0.054744426161050797, 0.4113866686820984, 0.3827251195907593, -0.06667614728212357, 0.4353979825973511, 0.3533927798271179, -0.0668376088142395, 0.4005182385444641, 0.3909890949726105, -0.02416115812957287, 0.3900735378265381, 0.3820435702800751, -0.05322738364338875, 0.410513311624527, 0.34377679228782654, -0.055743880569934845, 0.4341793656349182, 0.32030558586120605, -0.048873912543058395, 0.39547494053840637, 0.3584257662296295, -0.027584634721279144, 0.3829493820667267, 0.3518606722354889, -0.045091863721609116, 0.3938053548336029, 0.3274604082107544, -0.042478568851947784, 0.40939751267433167, 0.31033408641815186, -0.03458486124873161]","[0.45118269324302673, 0.5011301040649414, -4.581087509336612e-08, 0.4216432273387909, 0.5518584251403809, -0.012257840484380722, 0.41296133399009705, 0.6456316709518433, -0.012585502117872238, 0.42137610912323, 0.7135021686553955, -0.013398947194218636, 0.4298083782196045, 0.7640898823738098, -0.014441488310694695, 0.4440329968929291, 0.6911358833312988, 0.006933324038982391, 0.4499572515487671, 0.7346377372741699, -0.006403713952749968, 0.4520625174045563, 0.7670009136199951, -0.014969666488468647, 0.4511089026927948, 0.7801380157470703, -0.018545713275671005, 0.4694596529006958, 0.6811233758926392, 0.0061235143803060055, 0.4758380949497223, 0.7424837350845337, -0.017178544774651527, 0.4638291597366333, 0.6854179501533508, -0.023543747141957283, 0.4554271996021271, 0.6313174366950989, -0.01837700605392456, 0.49384841322898865, 0.6607803702354431, 0.0022878365125507116, 0.49718964099884033, 0.7115070223808289, -0.02587999776005745, 0.47994130849838257, 0.6489449143409729, -0.023077698424458504, 0.4709818363189697, 0.6008737087249756, -0.010436022654175758, 0.5185492634773254, 0.6272891759872437, -0.0019261138513684273, 0.5176762342453003, 0.6804342269897461, -0.022542636841535568, 0.5015098452568054, 0.6402260065078735, -0.018011165782809258, 0.4940788745880127, 0.6018396615982056, -0.007601688615977764]"
"[0.450103223323822, 0.32891765236854553, 1.9262115458218432e-08, 0.4697175920009613, 0.36402568221092224, -0.029023371636867523, 0.4788321852684021, 0.3991185128688812, -0.05246598646044731, 0.4841567575931549, 0.41967135667800903, -0.07519380003213882, 0.48751068115234375, 0.4302530884742737, -0.09585371613502502, 0.41797009110450745, 0.469561368227005, -0.02891443483531475, 0.38591259717941284, 0.5117488503456116, -0.05921652168035507, 0.38712987303733826, 0.4881211519241333, -0.07744806259870529, 0.4028500020503998, 0.4535241425037384, -0.08406182378530502, 0.40409350395202637, 0.43625128269195557, -0.02615496888756752, 0.3831343948841095, 0.43719857931137085, -0.06139015778899193, 0.4044809341430664, 0.3935176134109497, -0.07313565909862518, 0.42804500460624695, 0.3706619441509247, -0.0721789076924324, 0.39493292570114136, 0.4021521806716919, -0.02771841734647751, 0.3820827603340149, 0.39063525199890137, -0.05978962779045105, 0.40612661838531494, 0.35277676582336426, -0.06135828420519829, 0.43113383650779724, 0.33389273285865784, -0.05288272723555565, 0.390391081571579, 0.3701721131801605, -0.03142412006855011, 0.3772828280925751, 0.3587864637374878, -0.05217301845550537, 0.3913361132144928, 0.3328436315059662, -0.050728484988212585, 0.4087839424610138, 0.31875646114349365, -0.042811695486307144]","[0.4472431242465973, 0.5204594731330872, -1.780602332246417e-08, 0.4156838059425354, 0.5584518313407898, -0.010824806988239288, 0.4015949070453644, 0.6511824131011963, -0.011408451944589615, 0.4086166024208069, 0.7178556323051453, -0.012948245741426945, 0.4158104658126831, 0.7626726031303406, -0.014839147217571735, 0.43109068274497986, 0.6994530558586121, 0.0052311415784060955, 0.43428725004196167, 0.7468786835670471, -0.007924538105726242, 0.4350580871105194, 0.7776644825935364, -0.01587871089577675, 0.4327848553657532, 0.7814010977745056, -0.018481986597180367, 0.458169162273407, 0.6889894008636475, 0.004263023845851421, 0.46294575929641724, 0.747688889503479, -0.016820745542645454, 0.4520741105079651, 0.6914889216423035, -0.021925901994109154, 0.44366687536239624, 0.6384076476097107, -0.016627460718154907, 0.48302367329597473, 0.6689358353614807, 0.0005355108296498656, 0.48363521695137024, 0.7180748581886292, -0.024702437222003937, 0.46886906027793884, 0.6558818817138672, -0.02046198584139347, 0.4611583948135376, 0.6059261560440063, -0.007928718812763691, 0.5082257390022278, 0.6358680725097656, -0.003540271194651723, 0.5061132311820984, 0.6871108412742615, -0.021773770451545715, 0.4918053150177002, 0.6484485268592834, -0.01612425036728382, 0.48437395691871643, 0.6106270551681519, -0.005494591314345598]"
"[0.44949302077293396, 0.3816657066345215, -1.2258451143054572e-08, 0.4645567834377289, 0.4183412790298462, -0.024378644302487373, 0.4684749245643616, 0.45583730936050415, -0.044725436717271805, 0.47253718972206116, 0.45179641246795654, -0.06445341557264328, 0.47541454434394836, 0.4294850826263428, -0.08297565579414368, 0.41112861037254333, 0.4961891770362854, -0.031182460486888885, 0.37674111127853394, 0.5288289785385132, -0.057977382093667984, 0.3845711648464203, 0.4900616705417633, -0.07476995140314102, 0.4023323953151703, 0.45601558685302734, -0.08176787197589874, 0.3964044749736786, 0.4552725553512573, -0.030431214720010757, 0.3717682659626007, 0.45472097396850586, -0.06152382120490074, 0.3956974744796753, 0.4114921987056732, -0.07278552651405334, 0.422195166349411, 0.38990262150764465, -0.07331223040819168, 0.38917672634124756, 0.4164572060108185, -0.03267449885606766, 0.37236276268959045, 0.4047449827194214, -0.061118774116039276, 0.40088364481925964, 0.36757326126098633, -0.06225094944238663, 0.4279269278049469, 0.3517352044582367, -0.05485532805323601, 0.38665878772735596, 0.3809680938720703, -0.03660154342651367, 0.37146061658859253, 0.36839842796325684, -0.05526217073202133, 0.38750478625297546, 0.34237056970596313, -0.05267413333058357, 0.4055335819721222, 0.32945680618286133, -0.04498659446835518]","[0.437679648399353, 0.5267124176025391, -5.659132540358769e-08, 0.4039596617221832, 0.5642290115356445, -0.012291811406612396, 0.3883776068687439, 0.6573623418807983, -0.013069434091448784, 0.39103105664253235, 0.7321760654449463, -0.014139781706035137, 0.40058961510658264, 0.7833707332611084, -0.015188355930149555, 0.40850529074668884, 0.7082546353340149, 0.0025529363192617893, 0.40905526280403137, 0.7602207064628601, -0.01244902703911066, 0.415067195892334, 0.7893624305725098, -0.02187979593873024, 0.4218079745769501, 0.7887392640113831, -0.0254803653806448, 0.43671396374702454, 0.7009671926498413, 0.0025836117565631866, 0.44836661219596863, 0.7576273083686829, -0.01908895932137966, 0.43871527910232544, 0.7012630105018616, -0.024862661957740784, 0.42964687943458557, 0.6503556370735168, -0.02105049230158329, 0.4636240303516388, 0.6829284429550171, -0.0003389420744497329, 0.4718317985534668, 0.7346015572547913, -0.026186779141426086, 0.4577370882034302, 0.673588216304779, -0.02226773276925087, 0.44888684153556824, 0.626239538192749, -0.010784119367599487, 0.490663081407547, 0.6534197926521301, -0.0037724722642451525, 0.4922201633453369, 0.7036281228065491, -0.02350282482802868, 0.48039355874061584, 0.6634376645088196, -0.01933891884982586, 0.4734317660331726, 0.6251539587974548, -0.010179899632930756]"
"[0.4324627220630646, 0.5390044450759888, -8.502499326823454e-08, 0.39777833223342896, 0.5704345107078552, -0.012075250968337059, 0.37566864490509033, 0.6597813367843628, -0.012752750888466835, 0.3754735589027405, 0.7331786751747131, -0.01388806477189064, 0.37778332829475403, 0.7869488000869751, -0.01484272163361311, 0.39162635803222656, 0.7216182351112366, 0.004975109826773405, 0.3895620107650757, 0.7754328846931458, -0.010294978506863117, 0.3963305950164795, 0.8023650050163269, -0.019433511421084404, 0.40209972858428955, 0.8033649325370789, -0.02263379655778408, 0.41989320516586304, 0.7187017202377319, 0.004885083995759487, 0.4298604428768158, 0.7752707004547119, -0.01857004314661026, 0.42857566475868225, 0.7144423723220825, -0.024520346894860268, 0.42148739099502563, 0.6641463041305542, -0.01965845562517643, 0.446711003780365, 0.7050395011901855, 0.0017027845606207848, 0.4559972882270813, 0.7509673833847046, -0.02582133188843727, 0.44917547702789307, 0.6849769353866577, -0.021968968212604523, 0.4407237768173218, 0.6391749978065491, -0.00947470124810934, 0.4742792844772339, 0.6812166571617126, -0.0019341781735420227, 0.4776829183101654, 0.724307656288147, -0.022075310349464417, 0.46994298696517944, 0.6766942739486694, -0.017543839290738106, 0.4622923731803894, 0.6397801637649536, -0.00742073729634285]","[0.45949220657348633, 0.3848686218261719, -7.359893317016031e-08, 0.4779279828071594, 0.4238089621067047, -0.030446652323007584, 0.4820347726345062, 0.4645019769668579, -0.05319029465317726, 0.47060954570770264, 0.4692344069480896, -0.07380738854408264, 0.4492899179458618, 0.4478454291820526, -0.09246402978897095, 0.41537827253341675, 0.5133000612258911, -0.03591947630047798, 0.37826189398765564, 0.5395901799201965, -0.06339903175830841, 0.38098961114883423, 0.5045913457870483, -0.08017338067293167, 0.39534956216812134, 0.47288671135902405, -0.08788900822401047, 0.39730072021484375, 0.4734123945236206, -0.03308050334453583, 0.3670383393764496, 0.46896180510520935, -0.06610788404941559, 0.3903641402721405, 0.42290064692497253, -0.07763586938381195, 0.41622039675712585, 0.3985081911087036, -0.07825521379709244, 0.38815081119537354, 0.43209120631217957, -0.0337473563849926, 0.3663981854915619, 0.4184739291667938, -0.06477431207895279, 0.39145487546920776, 0.38180336356163025, -0.06641524285078049, 0.4168579578399658, 0.36258965730667114, -0.059164077043533325, 0.38435226678848267, 0.39154350757598877, -0.03644373640418053, 0.363713800907135, 0.3826805353164673, -0.05814968794584274, 0.3775314688682556, 0.35465526580810547, -0.05669649690389633, 0.395585298538208, 0.33769577741622925, -0.049523066729307175]"
"[0.43109366297721863, 0.5466015934944153, -1.0496037106122458e-07, 0.3947155773639679, 0.576727569103241, -0.016850825399160385, 0.36863192915916443, 0.6592706441879272, -0.020005973055958748, 0.36182644963264465, 0.7349872589111328, -0.02306530624628067, 0.36266228556632996, 0.7928273677825928, -0.025707542896270752, 0.3795354664325714, 0.7256313562393188, 0.0023994739167392254, 0.3745564818382263, 0.7847631573677063, -0.014665232039988041, 0.38202399015426636, 0.8137272596359253, -0.023801077157258987, 0.38711151480674744, 0.8127503395080566, -0.02647700160741806, 0.40745073556900024, 0.7275562286376953, 0.00400051474571228, 0.41414210200309753, 0.7888173460960388, -0.021126357838511467, 0.4201120138168335, 0.7258786559104919, -0.02663295529782772, 0.41532158851623535, 0.6735137104988098, -0.020586160942912102, 0.43469730019569397, 0.7182161211967468, 0.001692629768513143, 0.4420536756515503, 0.7648006677627563, -0.02779260277748108, 0.4420669376850128, 0.6964550614356995, -0.024397626519203186, 0.4348146319389343, 0.6482737064361572, -0.0113059738650918, 0.46260523796081543, 0.6989959478378296, -0.001614140230230987, 0.465679794549942, 0.740526556968689, -0.023579677566885948, 0.4622749984264374, 0.693189799785614, -0.02024618536233902, 0.45483148097991943, 0.6551568508148193, -0.01034849788993597]","[0.4560897648334503, 0.390643835067749, -8.174105659009001e-08, 0.47320082783699036, 0.42859339714050293, -0.03134367614984512, 0.474083811044693, 0.47158128023147583, -0.05259750783443451, 0.45546087622642517, 0.481670081615448, -0.071523018181324, 0.42956364154815674, 0.4678612947463989, -0.0879456028342247, 0.40881627798080444, 0.5137307047843933, -0.032503094524145126, 0.37334704399108887, 0.5451314449310303, -0.0590939074754715, 0.3753077983856201, 0.5116485953330994, -0.0751543939113617, 0.3884710371494293, 0.4777221977710724, -0.0822523981332779, 0.3912833631038666, 0.47708138823509216, -0.028590891510248184, 0.361493319272995, 0.47804492712020874, -0.0609939843416214, 0.3816111087799072, 0.43181663751602173, -0.07329507172107697, 0.40487977862358093, 0.40530338883399963, -0.07444655150175095, 0.3827337622642517, 0.43932613730430603, -0.02851720154285431, 0.36004042625427246, 0.4299851655960083, -0.05924832820892334, 0.3806481957435608, 0.39402443170547485, -0.06284637749195099, 0.40348976850509644, 0.37376317381858826, -0.05700169503688812, 0.379072368144989, 0.40161922574043274, -0.030619636178016663, 0.35709455609321594, 0.39446794986724854, -0.05220489203929901, 0.3674120604991913, 0.3689038157463074, -0.05287065729498863, 0.3840913474559784, 0.35229480266571045, -0.047472719103097916]"
"[0.43156325817108154, 0.47412949800491333, -1.2736213861330725e-08, 0.3985480070114136, 0.5203632116317749, -0.020049365237355232, 0.3872053921222687, 0.6155016422271729, -0.023332029581069946, 0.39165306091308594, 0.6945879459381104, -0.0264931358397007, 0.39780953526496887, 0.7537429928779602, -0.029348118230700493, 0.41110581159591675, 0.6754778623580933, 0.0015632666181772947, 0.41811078786849976, 0.7333000302314758, -0.012482519261538982, 0.4232587218284607, 0.7604401111602783, -0.023956507444381714, 0.42315611243247986, 0.7683591246604919, -0.030106784775853157, 0.43735256791114807, 0.6686731576919556, 0.003636317327618599, 0.4491932690143585, 0.7498161196708679, -0.018937591463327408, 0.4462820887565613, 0.7210689783096313, -0.03177198767662048, 0.4372749626636505, 0.6718276143074036, -0.0330641083419323, 0.4616728127002716, 0.6494678854942322, 0.002219100948423147, 0.47491222620010376, 0.7232686281204224, -0.022926928475499153, 0.4652220606803894, 0.6850228309631348, -0.02843065932393074, 0.45164674520492554, 0.633047878742218, -0.023541394621133804, 0.4859093725681305, 0.6196562051773071, -0.0006492533721029758, 0.4934397041797638, 0.681300938129425, -0.02203594148159027, 0.48077476024627686, 0.6606587171554565, -0.025214072316884995, 0.46600812673568726, 0.618476390838623, -0.021216552704572678]",[]
"[0.42859768867492676, 0.5589690208435059, -1.5676453912760735e-08, 0.3934943974018097, 0.5840039253234863, -0.02058188058435917, 0.3662187159061432, 0.6637476086616516, -0.0239716824144125, 0.35763779282569885, 0.7409274578094482, -0.026258530095219612, 0.3537493348121643, 0.7981041073799133, -0.02825387381017208, 0.3716195225715637, 0.7237045168876648, 0.003814215073361993, 0.36337342858314514, 0.778369665145874, -0.011679297313094139, 0.37193572521209717, 0.8110029697418213, -0.02056436613202095, 0.3788354992866516, 0.8207941055297852, -0.023787416517734528, 0.3990747034549713, 0.7305025458335876, 0.00783745851367712, 0.4090003967285156, 0.791818380355835, -0.018108082935214043, 0.4187976121902466, 0.7305911779403687, -0.024712197482585907, 0.4132966697216034, 0.6755419373512268, -0.01872340217232704, 0.42637646198272705, 0.7237023115158081, 0.00753468694165349, 0.43535324931144714, 0.7705015540122986, -0.0241151824593544, 0.43860721588134766, 0.7014138698577881, -0.02254713512957096, 0.4300166964530945, 0.6524603366851807, -0.009527689777314663, 0.4534488916397095, 0.706584095954895, 0.006261092144995928, 0.4581003785133362, 0.7466244697570801, -0.01792268082499504, 0.4575968384742737, 0.6969208717346191, -0.016200227662920952, 0.4484163820743561, 0.6572074890136719, -0.006653941702097654]",[]
"[0.44037654995918274, 0.4876674711704254, 2.1342729894513468e-07, 0.4088464081287384, 0.5418972373008728, -0.02314075641334057, 0.38730698823928833, 0.5997839570045471, -0.03126450255513191, 0.36859869956970215, 0.653719961643219, -0.03878243640065193, 0.34997472167015076, 0.6891874074935913, -0.04561477154493332, 0.3911702036857605, 0.6595874428749084, 0.014371689409017563, 0.3913936913013458, 0.7125953435897827, 0.005168288946151733, 0.3949461579322815, 0.709276556968689, -0.005553937051445246, 0.3918744921684265, 0.6927940249443054, -0.011007081717252731, 0.4100334644317627, 0.6569499969482422, 0.021923337131738663, 0.4143206477165222, 0.7072763442993164, 0.008597916923463345, 0.4158107042312622, 0.6779542565345764, -0.0041719162836670876, 0.41411536931991577, 0.6421970129013062, -0.007348670158535242, 0.4281555414199829, 0.647861659526825, 0.024871516972780228, 0.4347786009311676, 0.6934264898300171, 0.006919603329151869, 0.4335373640060425, 0.6499757766723633, -0.0010749236680567265, 0.42970508337020874, 0.6064427495002747, 0.0007191731128841639, 0.44569292664527893, 0.6325646638870239, 0.026078710332512856, 0.4487028419971466, 0.6759160757064819, 0.009974398650228977, 0.44838976860046387, 0.643029510974884, 0.005934074986726046, 0.4462008774280548, 0.6040339469909668, 0.008961492218077183]",[]
"[0.43568113446235657, 0.5167421102523804, 7.205920837805024e-08, 0.4025416374206543, 0.5662371516227722, -0.01445054542273283, 0.3740933835506439, 0.6230612397193909, -0.015517635270953178, 0.35841450095176697, 0.6776424050331116, -0.01600317843258381, 0.352421373128891, 0.7227014303207397, -0.015046225860714912, 0.3871183395385742, 0.6739491820335388, 0.01561790518462658, 0.39334455132484436, 0.7204357385635376, 0.009694940410554409, 0.39849087595939636, 0.7026714086532593, 0.0024353517219424248, 0.3975908160209656, 0.6756168007850647, -0.0003989630495198071, 0.40848520398139954, 0.6744922399520874, 0.022195229306817055, 0.4191383719444275, 0.7239680290222168, 0.013950060121715069, 0.4209902286529541, 0.6934141516685486, 0.00523665826767683, 0.41766899824142456, 0.6599941253662109, 0.0034050699323415756, 0.42717844247817993, 0.6686069965362549, 0.025496166199445724, 0.4394223690032959, 0.7157712578773499, 0.015976229682564735, 0.43716830015182495, 0.6827804446220398, 0.013538934290409088, 0.42986831068992615, 0.6489775776863098, 0.016433438286185265, 0.44348764419555664, 0.6547694802284241, 0.027472330257296562, 0.45077016949653625, 0.6975929737091064, 0.02098659612238407, 0.44895023107528687, 0.6782288551330566, 0.021423012018203735, 0.44110140204429626, 0.6550751328468323, 0.025487907230854034]",[]
"[0.4312765896320343, 0.5376454591751099, 3.250355007367034e-07, 0.40755516290664673, 0.5917174816131592, -0.02871389500796795, 0.3784164786338806, 0.649069607257843, -0.029661159962415695, 0.35861995816230774, 0.7024107575416565, -0.026009507477283478, 0.34828081727027893, 0.7583711743354797, -0.021247807890176773, 0.3523503243923187, 0.6443453431129456, 0.014443311840295792, 0.3385905623435974, 0.6958105564117432, 0.024370737373828888, 0.33413422107696533, 0.7323077321052551, 0.025624176487326622, 0.3341236114501953, 0.7586241960525513, 0.02557891234755516, 0.37107816338539124, 0.6510467529296875, 0.03148265182971954, 0.36372265219688416, 0.7145569324493408, 0.041679345071315765, 0.36642107367515564, 0.732244074344635, 0.03753766417503357, 0.3697938621044159, 0.7350778579711914, 0.0355498306453228, 0.38938772678375244, 0.6592580676078796, 0.04476483166217804, 0.390676885843277, 0.7125917077064514, 0.05023615062236786, 0.3948027491569519, 0.7086672782897949, 0.045101817697286606, 0.39610153436660767, 0.6994859576225281, 0.04292474687099457, 0.4066469669342041, 0.6668456792831421, 0.0552111491560936, 0.4096987247467041, 0.7150532007217407, 0.05669962987303734, 0.4121115803718567, 0.7109454274177551, 0.05552561953663826, 0.41037794947624207, 0.6982881426811218, 0.05653607100248337]",[]
"[0.4295460879802704, 0.5193476676940918, 2.6004806841228856e-07, 0.4135209023952484, 0.5913563370704651, -0.03383105248212814, 0.3883829712867737, 0.656240701675415, -0.03912153095006943, 0.3639433681964874, 0.7234431505203247, -0.04013683646917343, 0.34418755769729614, 0.7828180193901062, -0.03957519307732582, 0.35285454988479614, 0.6591418385505676, 0.015741143375635147, 0.3356671929359436, 0.7190033793449402, 0.017437316477298737, 0.33750391006469727, 0.7660050988197327, 0.014662433415651321, 0.3419645428657532, 0.7932308912277222, 0.01340644434094429, 0.3659830391407013, 0.664571225643158, 0.03333558514714241, 0.3661220967769623, 0.7452959418296814, 0.03014224022626877, 0.3844952881336212, 0.7548263669013977, 0.02251167967915535, 0.39446744322776794, 0.7444341778755188, 0.022095974534749985, 0.38084501028060913, 0.6716333031654358, 0.04553603753447533, 0.3881797790527344, 0.7440989017486572, 0.03685065358877182, 0.40219372510910034, 0.7251262664794922, 0.029558924958109856, 0.40430644154548645, 0.6997278928756714, 0.030526600778102875, 0.39387717843055725, 0.6809688806533813, 0.054880209267139435, 0.40113791823387146, 0.7384853363037109, 0.04707859084010124, 0.40874814987182617, 0.720504105091095, 0.04340052232146263, 0.4060557782649994, 0.6927002668380737, 0.04526898264884949]",[]
"[0.44242361187934875, 0.41716650128364563, 3.309346823243686e-07, 0.43706604838371277, 0.5034838318824768, -0.018305368721485138, 0.4125780165195465, 0.5910516977310181, -0.021578960120677948, 0.3861360251903534, 0.6558475494384766, -0.022414062172174454, 0.3664737939834595, 0.7056102752685547, -0.021746667101979256, 0.38163134455680847, 0.6200355291366577, 0.0005999555578455329, 0.3577546775341034, 0.6973921060562134, -0.004460503347218037, 0.36393892765045166, 0.7542365193367004, -0.010195109061896801, 0.37150073051452637, 0.7869867086410522, -0.015358301810920238, 0.39229893684387207, 0.5962019562721252, 0.003888502949848771, 0.3772018253803253, 0.6929850578308105, -0.004847999662160873, 0.3847430348396301, 0.7382948994636536, -0.01680772937834263, 0.3912636339664459, 0.7571961283683777, -0.02356323041021824, 0.4042654037475586, 0.5582414269447327, 0.004424446728080511, 0.3969780206680298, 0.6451519131660461, -0.012796326540410519, 0.39808961749076843, 0.6747351288795471, -0.028872527182102203, 0.39721250534057617, 0.6865366697311401, -0.036960043013095856, 0.4108295440673828, 0.5100812911987305, 0.004708063788712025, 0.3921931982040405, 0.541272759437561, -0.015382926911115646, 0.38184934854507446, 0.5418945550918579, -0.02741309441626072, 0.3725070357322693, 0.5334721803665161, -0.03309314325451851]",[]
"[0.4230841398239136, 0.5774272680282593, -1.749407090301247e-07, 0.43016794323921204, 0.6136850714683533, -0.04767153039574623, 0.421879380941391, 0.662992537021637, -0.06408007442951202, 0.4120577573776245, 0.7148284912109375, -0.0714929848909378, 0.4053809642791748, 0.7611281275749207, -0.07409827411174774, 0.3591550886631012, 0.7072293162345886, -0.036736924201250076, 0.35404208302497864, 0.8020599484443665, -0.05370981618762016, 0.38181403279304504, 0.8169132471084595, -0.06445848196744919, 0.40373778343200684, 0.8050886988639832, -0.06876024603843689, 0.3654770255088806, 0.7158321738243103, -0.015056253410875797, 0.369056761264801, 0.7928740978240967, -0.03139250725507736, 0.3949577510356903, 0.7878154516220093, -0.04251344874501228, 0.4084602892398834, 0.7657294869422913, -0.04725063964724541, 0.37666213512420654, 0.7238308191299438, 0.0021304823458194733, 0.3850516080856323, 0.7851555943489075, -0.013238638639450073, 0.40465646982192993, 0.7725301384925842, -0.023257281631231308, 0.41496527194976807, 0.7494760751724243, -0.026698008179664612, 0.38742801547050476, 0.7302578687667847, 0.015608750283718109, 0.3920806646347046, 0.772857666015625, 0.0036229121033102274, 0.40461885929107666, 0.7701849341392517, -0.004195845685899258, 0.41290226578712463, 0.7569703459739685, -0.007160750683397055]",[]
"[0.41987425088882446, 0.5907707810401917, -2.2347252581766952e-07, 0.4375137984752655, 0.6289057731628418, -0.05378863960504532, 0.43005260825157166, 0.68705815076828, -0.07373564690351486, 0.4159937798976898, 0.7463593482971191, -0.08257642388343811, 0.4003414809703827, 0.7894477844238281, -0.08684205263853073, 0.36429789662361145, 0.7242127060890198, -0.04971031844615936, 0.3669171929359436, 0.8194524049758911, -0.0654277428984642, 0.39425352215766907, 0.8334424495697021, -0.07353942841291428, 0.4150794446468353, 0.8218684196472168, -0.07660165429115295, 0.35946133732795715, 0.7288783192634583, -0.024126175791025162, 0.3713796138763428, 0.8113725185394287, -0.039395902305841446, 0.39957985281944275, 0.8088974356651306, -0.046259164810180664, 0.4167175590991974, 0.7874040603637695, -0.04862622544169426, 0.3642314374446869, 0.7338398098945618, -0.0026163922157138586, 0.38247302174568176, 0.8021517395973206, -0.018580224364995956, 0.4062633216381073, 0.7927603721618652, -0.02526135928928852, 0.4205595552921295, 0.7715722322463989, -0.02683105506002903, 0.37270432710647583, 0.7431607246398926, 0.015131604857742786, 0.38621994853019714, 0.7919827699661255, 0.0008300783229060471, 0.4045487642288208, 0.7919133901596069, -0.006483746692538261, 0.41736385226249695, 0.7822840213775635, -0.009026855230331421]",[]
"[0.41568681597709656, 0.6252696514129639, -1.9425367270287097e-07, 0.4343860149383545, 0.656401515007019, -0.05565095320343971, 0.42742788791656494, 0.7149179577827454, -0.0776669904589653, 0.41299477219581604, 0.77646404504776, -0.08708622306585312, 0.398697167634964, 0.8277772068977356, -0.0919184759259224, 0.3666338622570038, 0.7428172826766968, -0.06623739749193192, 0.3687885105609894, 0.8441912531852722, -0.07994894683361053, 0.3953346908092499, 0.8598253726959229, -0.08179536461830139, 0.4170393645763397, 0.8470442295074463, -0.08030705899000168, 0.357255756855011, 0.7451314926147461, -0.03867841884493828, 0.3679063022136688, 0.8356558084487915, -0.052443746477365494, 0.3980567753314972, 0.8396499156951904, -0.05400095880031586, 0.41699185967445374, 0.8201737999916077, -0.05301928520202637, 0.35840362310409546, 0.7498504519462585, -0.01392938569188118, 0.3763890862464905, 0.8266152739524841, -0.02767498791217804, 0.4022287428379059, 0.825213611125946, -0.030779898166656494, 0.4167990982532501, 0.8063099384307861, -0.030770473182201385, 0.3639020621776581, 0.761803925037384, 0.007280114106833935, 0.3792704641819, 0.8189690113067627, -0.0063810343854129314, 0.399142861366272, 0.8272212743759155, -0.012563510797917843, 0.41084328293800354, 0.8204987645149231, -0.014637865126132965]",[]
